cores 1491334 solutions 643 unresolved cores 0
shapes with two big-big edges solved: 73
solutions with |T| = 47: 23
solutions with |T| = 48: 620
47 6 10 14 15 21 22 26 33 34 35 38 39 46 51 55 57 58 62 65 69 74 77 82 85 87 91 93 95 111 115 119 123 133 143 145 155 203 219 221 287 299 391 481 1299 2117 16021 31609
47 6 10 14 15 21 22 26 33 34 35 38 39 46 51 55 57 58 62 65 69 74 77 82 85 87 91 93 95 111 115 119 123 133 143 155 185 203 221 287 299 319 391 407 481 933 1555 11507
47 6 10 14 15 21 22 26 33 34 35 38 39 46 51 55 57 58 62 65 69 74 77 82 85 87 91 93 95 111 115 119 123 133 145 155 161 187 221 253 259 287 407 629 667 1509 6539 14587
47 6 10 14 15 21 22 26 33 34 35 38 39 46 51 55 57 58 62 65 69 74 77 82 85 87 91 93 95 115 119 123 129 133 143 145 155 187 213 221 287 301 559 629 781 1247 1591 1633
47 6 10 14 15 21 22 26 33 34 35 38 39 46 51 55 57 58 62 65 69 74 77 82 86 87 91 93 95 106 111 115 123 133 155 159 161 185 203 215 253 265 583 667 731 109591 139823 154939
47 6 10 14 15 21 22 26 33 34 35 38 39 46 51 55 57 58 62 65 69 74 77 82 86 91 93 95 111 119 122 123 133 143 145 155 161 183 187 259 287 299 319 473 481 559 671 1591
47 6 10 14 15 21 22 26 33 34 35 38 39 46 51 55 57 58 62 65 69 74 77 85 86 87 91 93 94 95 111 115 119 133 141 142 145 155 187 213 517 629 799 1247 1591 1633 2021 2627
47 6 10 14 15 21 22 26 33 34 35 38 39 46 51 55 57 58 62 65 69 74 77 86 87 91 93 94 95 111 115 118 119 129 133 145 155 161 185 187 329 517 667 851 1073 1357 1363 2537
47 6 10 14 15 21 22 26 33 34 35 38 39 46 51 55 57 58 62 65 69 74 82 85 86 87 91 93 95 106 111 123 133 145 155 159 185 203 215 253 265 287 319 493 583 731 851 1073
47 6 10 14 15 21 22 26 33 34 35 38 39 46 51 55 57 58 62 65 69 77 82 85 86 87 91 93 94 95 111 115 119 133 141 142 155 187 205 213 235 493 517 1363 1633 1763 1927 2627
47 6 10 14 15 21 22 26 33 34 35 38 39 46 51 55 57 58 62 65 69 77 82 85 86 87 91 93 94 95 115 118 119 123 129 133 141 155 203 287 319 391 799 1345 1357 2537 2959 12643
47 6 10 14 15 21 22 26 33 34 35 38 39 46 51 55 57 58 62 65 69 77 82 85 86 87 91 93 94 95 115 118 119 123 133 143 145 155 203 221 287 391 559 1357 2537 12209 18103 19787
47 6 10 14 15 21 22 26 33 34 35 38 39 46 51 55 57 58 62 65 69 77 82 85 86 87 91 93 94 95 115 119 123 129 133 141 142 145 155 187 517 799 1207 1247 1633 1763 2021 2911
47 6 10 14 15 21 22 26 33 34 35 38 39 46 51 55 57 58 62 65 69 77 82 85 86 87 91 93 94 95 118 119 123 129 133 155 161 187 213 287 329 355 493 497 517 1357 1363 2537
47 6 10 14 15 21 22 26 33 34 35 38 39 46 51 55 57 58 62 65 69 77 82 85 86 87 91 93 94 95 118 119 123 133 145 155 161 187 203 215 287 329 493 517 1247 1357 1363 2537
47 6 10 14 15 21 22 26 33 34 35 38 39 46 51 55 57 58 62 65 69 77 82 85 86 87 93 94 95 115 118 119 123 129 133 141 143 145 155 287 377 391 551 799 893 1357 1363 2537
47 6 10 14 15 21 22 26 33 34 35 38 39 46 51 55 57 58 62 65 69 77 82 85 86 87 93 94 95 115 118 119 123 129 133 143 145 155 177 287 299 391 551 611 799 893 1711 2537
47 6 10 14 15 21 22 26 33 34 35 38 39 46 51 55 57 58 62 65 69 77 82 85 86 91 93 94 95 115 119 123 133 141 142 143 155 203 221 235 287 299 355 377 391 559 2021 2059
47 6 10 14 15 21 22 26 33 34 35 38 39 46 51 55 57 58 62 65 69 77 82 85 87 91 93 94 95 111 115 118 119 123 133 142 155 187 213 287 295 329 413 493 517 1363 1633 2627
47 6 10 14 15 21 22 26 33 34 35 38 39 46 51 55 57 58 62 65 69 77 82 86 87 91 93 94 95 118 119 123 129 133 145 155 161 177 187 203 287 299 329 377 517 1363 1711 2537
47 6 10 14 15 21 22 26 33 34 35 38 39 46 51 55 57 58 62 65 69 77 82 86 91 93 94 95 111 115 119 123 133 141 142 143 145 155 203 213 221 235 287 493 559 1633 2021 2627
47 6 10 14 15 21 22 26 33 34 35 38 39 46 51 55 57 58 62 65 69 77 82 87 91 93 95 106 111 115 119 122 123 133 142 155 159 183 187 203 213 265 287 319 583 671 1633 2627
47 6 10 14 15 21 22 26 33 34 35 38 39 46 51 55 57 58 62 65 74 77 82 85 87 91 93 95 111 115 119 123 129 133 143 145 155 161 221 253 259 287 299 391 473 481 1247 1591
48 6 10 14 15 21 22 26 33 34 35 38 39 46 51 55 57 58 62 65 69 74 77 82 85 86 87 91 93 94 95 111 119 123 133 141 155 203 215 287 319 731 799 1345 2959 12643 31807 43033 69227
48 6 10 14 15 21 22 26 33 34 35 38 39 46 51 55 57 58 62 65 69 74 77 82 85 86 87 91 93 94 95 111 123 133 141 155 203 215 217 287 319 629 713 731 799 1147 1345 2959 12643
48 6 10 14 15 21 22 26 33 34 35 38 39 46 51 55 57 58 62 65 69 74 77 82 85 86 87 91 93 94 95 115 119 123 133 155 187 205 235 253 407 493 851 943 1363 1763 2701 2993 3431
48 6 10 14 15 21 22 26 33 34 35 38 39 46 51 55 57 58 62 65 69 74 77 82 85 86 87 91 93 94 95 115 119 123 133 155 205 221 235 299 391 451 533 611 1199 1763 3161 4033 5123
48 6 10 14 15 21 22 26 33 34 35 38 39 46 51 55 57 58 62 65 69 74 77 82 85 86 87 91 93 94 95 115 119 133 141 155 187 205 218 235 326 493 517 1363 1763 1927 3749 4033 17767
48 6 10 14 15 21 22 26 33 34 35 38 39 46 51 55 57 58 62 65 69 74 77 82 85 86 87 91 93 94 95 115 141 143 155 203 205 235 247 299 319 323 391 407 611 703 1739 1763 1927
48 6 10 14 15 21 22 26 33 34 35 38 39 46 51 55 57 58 62 65 69 74 77 82 85 86 87 91 93 94 95 118 119 122 133 155 177 187 205 253 493 649 851 1363 1739 1763 1927 2773 3599
48 6 10 14 15 21 22 26 33 34 35 38 39 46 51 55 57 58 62 65 69 74 77 82 85 86 87 91 93 94 95 119 123 133 141 183 215 217 253 287 329 341 493 731 851 1037 1363 1739 1891
48 6 10 14 15 21 22 26 33 34 35 38 39 46 51 55 57 58 62 65 69 74 77 82 85 86 87 91 93 94 95 119 123 133 143 145 155 187 253 319 415 493 533 851 1739 1763 1927 2407 3901
48 6 10 14 15 21 22 26 33 34 35 38 39 46 51 55 57 58 62 65 69 74 77 82 85 86 87 91 93 94 95 119 123 133 143 155 205 215 235 299 377 533 667 697 731 851 1081 1739 1927
48 6 10 14 15 21 22 26 33 34 35 38 39 46 51 55 57 58 62 65 69 74 77 82 85 86 87 91 93 94 95 119 123 133 155 185 187 221 235 253 377 407 533 629 667 1081 1739 1763 1927
48 6 10 14 15 21 22 26 33 34 35 38 39 46 51 55 57 58 62 65 69 74 77 82 85 86 87 91 93 94 95 119 123 133 155 187 205 253 259 329 407 451 481 493 517 533 851 1363 1763
48 6 10 14 15 21 22 26 33 34 35 38 39 46 51 55 57 58 62 65 69 74 77 82 85 86 87 91 93 94 95 119 129 141 155 177 187 205 209 253 329 451 493 779 851 1121 1363 1739 2537
48 6 10 14 15 21 22 26 33 34 35 38 39 46 51 55 57 58 62 65 69 74 77 82 85 86 87 91 93 94 95 133 141 155 185 187 203 209 235 259 319 323 437 451 517 629 893 943 1763
48 6 10 14 15 21 22 26 33 34 35 38 39 46 51 55 57 58 62 65 69 74 77 82 85 86 87 91 93 94 95 141 145 155 161 185 187 205 235 259 299 323 377 517 551 629 1363 1763 1927
48 6 10 14 15 21 22 26 33 34 35 38 39 46 51 55 57 58 62 65 69 74 77 82 85 86 87 91 93 94 111 119 123 141 143 155 161 221 235 287 299 377 391 559 667 2021 4915 18677 36371
48 6 10 14 15 21 22 26 33 34 35 38 39 46 51 55 57 58 62 65 69 74 77 82 85 86 87 91 93 94 115 119 123 141 143 155 221 235 259 287 299 377 391 417 559 703 2021 2641 4031
48 6 10 14 15 21 22 26 33 34 35 38 39 46 51 55 57 58 62 65 69 74 77 82 85 86 87 91 93 94 118 119 123 129 155 161 187 202 259 287 303 329 493 517 703 1357 1363 1919 2537
48 6 10 14 15 21 22 26 33 34 35 38 39 46 51 55 57 58 62 65 69 74 77 82 85 86 87 91 93 94 119 123 129 133 141 155 187 253 259 287 301 329 407 493 817 851 1363 1591 1739
48 6 10 14 15 21 22 26 33 34 35 38 39 46 51 55 57 58 62 65 69 74 77 82 85 86 87 91 93 94 119 123 133 143 155 161 209 221 259 287 299 377 391 517 559 667 703 893 2021
48 6 10 14 15 21 22 26 33 34 35 38 39 46 51 55 57 58 62 65 69 74 77 82 85 86 87 91 93 94 119 123 133 143 155 187 203 209 221 253 287 319 517 559 629 703 851 893 2021
48 6 10 14 15 21 22 26 33 34 35 38 39 46 51 55 57 58 62 65 69 74 77 82 85 86 87 91 93 94 123 129 141 155 161 209 215 235 259 287 299 301 323 377 391 473 667 703 2021
48 6 10 14 15 21 22 26 33 34 35 38 39 46 51 55 57 58 62 65 69 74 77 82 85 86 87 91 93 94 123 129 141 155 187 203 209 215 235 253 287 301 319 323 473 629 703 851 2021
48 6 10 14 15 21 22 26 33 34 35 38 39 46 51 55 57 58 62 65 69 74 77 82 85 86 87 91 93 95 111 115 118 123 133 155 185 213 215 295 319 413 493 731 781 1633 109591 139823 154939
48 6 10 14 15 21 22 26 33 34 35 38 39 46 51 55 57 58 62 65 69 74 77 82 85 86 87 91 93 95 111 115 118 129 133 155 161 185 203 319 355 629 781 943 1207 1357 1517 2537 2911
48 6 10 14 15 21 22 26 33 34 35 38 39 46 51 55 57 58 62 65 69 74 77 82 85 86 87 91 93 95 111 115 118 129 155 185 203 205 209 323 391 407 451 551 703 779 1073 1357 2537
48 6 10 14 15 21 22 26 33 34 35 38 39 46 51 55 57 58 62 65 69 74 77 82 85 86 87 91 93 95 111 115 123 133 142 155 185 203 213 259 319 355 629 781 1207 1633 1763 2627 2911
48 6 10 14 15 21 22 26 33 34 35 38 39 46 51 55 57 58 62 65 69 74 77 82 85 86 87 91 93 95 111 115 129 133 142 143 155 203 259 295 319 407 533 629 1207 1633 2419 2537 2911
48 6 10 14 15 21 22 26 33 34 35 38 39 46 51 55 57 58 62 65 69 74 77 82 85 86 87 91 93 95 111 118 119 123 133 145 177 185 187 253 493 649 851 899 1517 1763 1829 2183 2419
48 6 10 14 15 21 22 26 33 34 35 38 39 46 51 55 57 58 62 65 69 74 77 82 85 86 87 91 93 95 111 118 129 133 155 161 185 187 203 235 319 451 629 697 799 1357 1517 1927 2537
48 6 10 14 15 21 22 26 33 34 35 38 39 46 51 55 57 58 62 65 69 74 77 82 85 86 87 91 93 95 111 118 129 133 155 161 187 203 205 209 319 493 697 703 779 1189 1357 1517 2537
48 6 10 14 15 21 22 26 33 34 35 38 39 46 51 55 57 58 62 65 69 74 77 82 85 86 87 91 93 95 111 119 129 133 134 143 145 155 215 221 377 391 1027 1817 2291 2881 22681 25133 41071
48 6 10 14 15 21 22 26 33 34 35 38 39 46 51 55 57 58 62 65 69 74 77 82 85 86 87 91 93 95 111 123 129 133 145 183 185 206 217 253 287 301 341 851 1037 1247 1891 3811 4429
48 6 10 14 15 21 22 26 33 34 35 38 39 46 51 55 57 58 62 65 69 74 77 82 85 86 87 91 93 95 111 123 129 133 145 183 185 214 217 253 287 301 341 851 1037 1073 1891 3103 4601
48 6 10 14 15 21 22 26 33 34 35 38 39 46 51 55 57 58 62 65 69 74 77 82 85 86 87 91 93 95 111 129 133 143 145 155 158 161 185 301 395 493 533 731 943 1189 1247 1817 2923
48 6 10 14 15 21 22 26 33 34 35 38 39 46 51 55 57 58 62 65 69 74 77 82 85 86 87 91 93 95 115 118 119 123 133 143 145 155 221 287 391 559 1247 1357 1591 1673 2537 8843 10277
48 6 10 14 15 21 22 26 33 34 35 38 39 46 51 55 57 58 62 65 69 74 77 82 85 86 87 91 93 95 115 118 119 123 143 145 155 221 259 287 391 559 589 703 817 1247 1333 1357 2537
48 6 10 14 15 21 22 26 33 34 35 38 39 46 51 55 57 58 62 65 69 74 77 82 85 86 87 91 93 95 115 118 123 129 143 145 155 177 287 299 323 391 481 551 1711 1939 2537 3601 10249
48 6 10 14 15 21 22 26 33 34 35 38 39 46 51 55 57 58 62 65 69 74 77 82 85 86 87 91 93 95 115 118 123 129 143 145 155 177 287 299 323 391 551 763 793 1711 2537 4033 6649
48 6 10 14 15 21 22 26 33 34 35 38 39 46 51 55 57 58 62 65 69 74 77 82 85 86 87 91 93 95 115 118 123 129 143 145 155 247 259 287 323 377 391 703 933 1357 2177 2537 9019
48 6 10 14 15 21 22 26 33 34 35 38 39 46 51 55 57 58 62 65 69 74 77 82 85 86 87 91 93 95 115 118 123 133 143 145 155 185 215 259 287 391 629 1247 1357 2537 3017 5603 7327
48 6 10 14 15 21 22 26 33 34 35 38 39 46 51 55 57 58 62 65 69 74 77 82 85 86 87 91 93 95 115 118 123 133 143 155 221 287 295 299 301 377 413 559 629 667 731 989 1591
48 6 10 14 15 21 22 26 33 34 35 38 39 46 51 55 57 58 62 65 69 74 77 82 85 86 87 91 93 95 115 118 123 143 145 215 247 259 287 295 299 323 391 403 413 559 703 1247 1333
48 6 10 14 15 21 22 26 33 34 35 38 39 46 51 55 57 58 62 65 69 74 77 82 85 86 87 91 93 95 115 118 123 143 155 161 221 253 287 295 323 413 473 493 551 559 629 667 1591
48 6 10 14 15 21 22 26 33 34 35 38 39 46 51 55 57 58 62 65 69 74 77 82 85 86 87 91 93 95 115 118 133 143 155 177 185 203 205 259 319 391 533 629 649 697 1003 1357 1763
48 6 10 14 15 21 22 26 33 34 35 38 39 46 51 55 57 58 62 65 69 74 77 82 85 86 87 91 93 95 115 119 123 129 133 142 145 155 213 259 287 407 1247 1633 2627 20741 32593 50371 127409
48 6 10 14 15 21 22 26 33 34 35 38 39 46 51 55 57 58 62 65 69 74 77 82 85 86 87 91 93 95 115 119 123 129 133 142 145 155 213 287 301 629 731 1247 1633 2627 13453 20791 45251
48 6 10 14 15 21 22 26 33 34 35 38 39 46 51 55 57 58 62 65 69 74 77 82 85 86 87 91 93 95 115 119 123 129 133 142 145 155 213 287 301 731 1147 1247 1633 2321 2627 3587 6541
48 6 10 14 15 21 22 26 33 34 35 38 39 46 51 55 57 58 62 65 69 74 77 82 85 86 87 91 93 95 115 119 123 129 142 145 155 209 213 259 287 407 817 1177 1247 1633 1819 2627 4601
48 6 10 14 15 21 22 26 33 34 35 38 39 46 51 55 57 58 62 65 69 74 77 82 85 86 87 91 93 95 115 119 123 129 142 145 155 213 259 287 323 407 551 649 1003 1633 1711 2537 2627
48 6 10 14 15 21 22 26 33 34 35 38 39 46 51 55 57 58 62 65 69 74 77 82 85 86 87 91 93 95 115 119 123 133 142 145 155 187 221 287 497 517 611 629 923 1247 1591 1633 2021
48 6 10 14 15 21 22 26 33 34 35 38 39 46 51 55 57 58 62 65 69 74 77 82 85 86 87 91 93 95 115 119 123 133 142 155 161 185 253 259 287 355 583 629 667 2059 66487 168173 207283
48 6 10 14 15 21 22 26 33 34 35 38 39 46 51 55 57 58 62 65 69 74 77 82 85 86 87 91 93 95 115 119 123 133 143 145 155 203 221 287 299 377 391 559 2021 2734 39643 50579 64249
48 6 10 14 15 21 22 26 33 34 35 38 39 46 51 55 57 58 62 65 69 74 77 82 85 86 87 91 93 95 115 119 123 133 143 145 155 221 287 299 301 334 391 629 1247 1591 2171 2839 7181
48 6 10 14 15 21 22 26 33 34 35 38 39 46 51 55 57 58 62 65 69 74 77 82 85 86 87 91 93 95 115 119 123 133 145 155 161 185 215 253 259 287 629 731 2174 11957 18479 25001 31523
48 6 10 14 15 21 22 26 33 34 35 38 39 46 51 55 57 58 62 65 69 74 77 82 85 86 87 91 93 95 115 119 123 133 145 155 161 187 214 259 287 319 493 851 1177 2461 113419 144707 168173
48 6 10 14 15 21 22 26 33 34 35 38 39 46 51 55 57 58 62 65 69 74 77 82 85 86 87 91 93 95 115 119 133 142 145 155 187 203 213 287 319 451 481 493 533 1073 1633 1763 2627
48 6 10 14 15 21 22 26 33 34 35 38 39 46 51 55 57 58 62 65 69 74 77 82 85 86 87 91 93 95 115 119 133 142 155 185 187 203 205 213 287 319 451 493 1189 1517 1633 1763 2627
48 6 10 14 15 21 22 26 33 34 35 38 39 46 51 55 57 58 62 65 69 74 77 82 85 86 87 91 93 95 115 123 129 133 142 145 155 187 213 259 301 407 731 979 1247 1513 1633 2627 3649
48 6 10 14 15 21 22 26 33 34 35 38 39 46 51 55 57 58 62 65 69 74 77 82 85 86 87 91 93 95 118 119 123 129 133 155 177 187 203 253 287 407 493 667 1711 2537 5755 26473 42587
48 6 10 14 15 21 22 26 33 34 35 38 39 46 51 55 57 58 62 65 69 74 77 82 85 86 87 91 93 95 118 119 123 133 145 161 185 187 259 287 341 473 493 527 629 899 1333 1357 2537
48 6 10 14 15 21 22 26 33 34 35 38 39 46 51 55 57 58 62 65 69 74 77 82 85 86 87 91 93 95 118 119 123 143 155 203 209 215 259 295 319 413 437 451 533 697 703 731 943
48 6 10 14 15 21 22 26 33 34 35 38 39 46 51 55 57 58 62 65 69 74 77 82 85 86 87 91 93 95 118 119 123 145 155 187 209 215 259 287 299 319 377 437 493 703 1247 1357 2537
48 6 10 14 15 21 22 26 33 34 35 38 39 46 51 55 57 58 62 65 69 74 77 82 85 86 87 91 93 95 118 123 129 133 155 161 187 203 209 213 287 319 355 497 1357 2537 5627 6289 12247
48 6 10 14 15 21 22 26 33 34 35 38 39 46 51 55 57 58 62 65 69 74 77 82 85 86 87 91 93 95 118 123 129 143 155 161 213 247 259 287 323 355 377 391 497 667 703 1357 2537
48 6 10 14 15 21 22 26 33 34 35 38 39 46 51 55 57 58 62 65 69 74 77 82 85 86 87 91 93 95 118 123 129 155 161 185 187 203 209 259 287 319 323 501 629 835 1357 2537 3173
48 6 10 14 15 21 22 26 33 34 35 38 39 46 51 55 57 58 62 65 69 74 77 82 85 86 87 91 93 95 118 123 129 155 161 187 203 209 213 259 287 319 323 355 703 1207 1349 1357 2537
48 6 10 14 15 21 22 26 33 34 35 38 39 46 51 55 57 58 62 65 69 74 77 82 85 86 87 91 93 95 118 123 133 143 155 161 215 247 259 287 295 299 413 493 611 703 731 893 1363
48 6 10 14 15 21 22 26 33 34 35 38 39 46 51 55 57 58 62 65 69 74 77 82 85 86 87 91 93 95 118 123 133 155 161 209 215 259 287 295 299 323 377 391 413 473 667 703 817
48 6 10 14 15 21 22 26 33 34 35 38 39 46 51 55 57 58 62 65 69 74 77 82 85 86 87 91 93 95 118 123 133 155 187 203 209 215 253 287 295 319 323 413 473 629 703 817 851
48 6 10 14 15 21 22 26 33 34 35 38 39 46 51 55 57 58 62 65 69 74 77 82 85 86 87 91 93 95 118 123 143 145 155 161 203 215 247 259 287 323 377 391 667 703 1247 1357 2537
48 6 10 14 15 21 22 26 33 34 35 38 39 46 51 55 57 58 62 65 69 74 77 82 85 86 87 91 93 95 123 133 142 155 161 187 203 209 247 287 299 301 319 323 355 629 923 1591 3053
48 6 10 14 15 21 22 26 33 34 35 38 39 46 51 55 57 58 62 65 69 74 77 82 85 86 87 91 93 95 123 133 143 145 155 161 166 215 217 259 287 299 403 493 731 899 1079 1147 3071
48 6 10 14 15 21 22 26 33 34 35 38 39 46 51 55 57 58 62 65 69 74 77 82 85 86 87 91 93 115 118 119 123 133 143 155 185 203 221 287 299 319 391 407 481 817 233507 271373 372349
48 6 10 14 15 21 22 26 33 34 35 38 39 46 51 55 57 58 62 65 69 74 77 82 85 86 87 91 93 118 123 129 133 155 161 177 187 203 209 247 287 301 319 323 629 767 817 1357 1591
48 6 10 14 15 21 22 26 33 34 35 38 39 46 51 55 57 58 62 65 69 74 77 82 85 86 87 91 93 118 123 129 142 146 155 161 187 203 209 213 259 287 319 323 703 1207 1357 2537 5183
48 6 10 14 15 21 22 26 33 34 35 38 39 46 51 55 57 58 62 65 69 74 77 82 85 86 87 91 93 123 129 133 142 155 161 187 203 209 213 247 287 299 301 319 323 629 817 923 1591
48 6 10 14 15 21 22 26 33 34 35 38 39 46 51 55 57 58 62 65 69 74 77 82 85 86 87 91 94 95 111 119 123 133 143 145 217 221 235 287 329 493 559 629 713 799 899 1147 2021
48 6 10 14 15 21 22 26 33 34 35 38 39 46 51 55 57 58 62 65 69 74 77 82 85 86 87 91 94 95 119 123 133 141 143 145 161 235 259 287 299 339 481 493 559 899 1921 2021 4181
48 6 10 14 15 21 22 26 33 34 35 38 39 46 51 55 57 58 62 65 69 74 77 82 85 86 87 91 95 111 115 118 123 129 161 177 187 203 253 259 287 323 407 551 629 667 899 1711 2537
48 6 10 14 15 21 22 26 33 34 35 38 39 46 51 55 57 58 62 65 69 74 77 82 85 86 87 91 95 111 115 119 123 133 142 143 145 185 205 215 493 533 629 731 899 1207 1517 1633 2911
48 6 10 14 15 21 22 26 33 34 35 38 39 46 51 55 57 58 62 65 69 74 77 82 85 86 87 91 95 111 115 119 123 133 142 143 145 203 221 287 299 355 391 481 899 2059 113419 144707 168173
48 6 10 14 15 21 22 26 33 34 35 38 39 46 51 55 57 58 62 65 69 74 77 82 85 86 87 91 95 111 115 119 123 133 161 185 187 206 215 253 259 287 407 493 667 899 1073 3811 4429
48 6 10 14 15 21 22 26 33 34 35 38 39 46 51 55 57 58 62 65 69 74 77 82 85 86 87 91 95 115 118 123 129 133 143 187 203 217 221 253 287 299 319 481 527 851 1147 1357 2537
48 6 10 14 15 21 22 26 33 34 35 38 39 46 51 55 57 58 62 65 69 74 77 82 85 86 87 91 95 115 119 123 129 133 134 145 185 187 205 215 253 407 493 851 899 943 2479 2747 2881
48 6 10 14 15 21 22 26 33 34 35 38 39 46 51 55 57 58 62 65 69 74 77 82 85 86 87 91 95 115 119 123 129 133 142 145 161 187 253 259 287 355 407 493 899 989 1633 2627 3053
48 6 10 14 15 21 22 26 33 34 35 38 39 46 51 55 57 58 62 65 69 74 77 82 85 86 87 93 94 95 111 119 123 133 141 143 145 155 215 287 377 551 731 799 893 1363 31807 43033 69227
48 6 10 14 15 21 22 26 33 34 35 38 39 46 51 55 57 58 62 65 69 74 77 82 85 86 87 93 94 95 111 123 133 141 143 145 155 215 217 287 377 551 629 713 731 799 893 1147 1363
48 6 10 14 15 21 22 26 33 34 35 38 39 46 51 55 57 58 62 65 69 74 77 82 85 86 87 93 94 95 115 119 123 129 133 141 143 259 287 299 329 391 403 559 799 1333 4843 6179 7849
48 6 10 14 15 21 22 26 33 34 35 38 39 46 51 55 57 58 62 65 69 74 77 82 85 86 87 93 94 95 115 123 129 141 143 145 155 247 259 299 323 329 391 533 703 1247 1763 1927 2021
48 6 10 14 15 21 22 26 33 34 35 38 39 46 51 55 57 58 62 65 69 74 77 82 85 86 87 93 94 95 115 123 133 143 145 155 161 203 215 235 287 377 493 731 851 1403 1739 1769 2867
48 6 10 14 15 21 22 26 33 34 35 38 39 46 51 55 57 58 62 65 69 74 77 82 85 86 87 93 94 95 119 123 129 133 141 145 187 221 235 287 341 403 473 559 629 713 1247 1591 2021
48 6 10 14 15 21 22 26 33 34 35 38 39 46 51 55 57 58 62 65 69 74 77 82 85 86 87 93 94 95 123 129 133 141 143 145 161 221 235 287 299 301 403 629 731 1247 1333 1591 2021
48 6 10 14 15 21 22 26 33 34 35 38 39 46 51 55 57 58 62 65 69 74 77 82 85 86 87 93 94 95 123 129 141 143 145 155 161 215 287 301 323 329 377 391 551 851 989 1363 1739
48 6 10 14 15 21 22 26 33 34 35 38 39 46 51 55 57 58 62 65 69 74 77 82 85 86 87 93 94 95 123 129 141 145 155 161 187 215 247 259 287 299 323 517 703 731 799 1247 2021
48 6 10 14 15 21 22 26 33 34 35 38 39 46 51 55 57 58 62 65 69 74 77 82 85 86 87 93 94 95 123 133 143 145 155 161 203 215 259 287 299 319 329 407 493 611 731 1073 1739
48 6 10 14 15 21 22 26 33 34 35 38 39 46 51 55 57 58 62 65 69 74 77 82 85 86 87 93 94 123 129 133 141 155 161 187 203 209 215 235 247 287 299 319 323 629 817 1591 2021
48 6 10 14 15 21 22 26 33 34 35 38 39 46 51 55 57 58 62 65 69 74 77 82 85 86 87 93 95 111 115 118 119 123 129 133 143 145 155 287 377 391 1357 2537 8499 104821 2223787 3793519 370587563
48 6 10 14 15 21 22 26 33 34 35 38 39 46 51 55 57 58 62 65 69 74 77 82 85 86 87 93 95 111 115 118 119 123 129 133 143 145 155 287 377 391 1357 2537 12937 28157 73317 708731 18598079
48 6 10 14 15 21 22 26 33 34 35 38 39 46 51 55 57 58 62 65 69 74 77 82 85 86 87 93 95 111 115 119 123 133 142 145 155 187 213 221 287 517 611 629 1247 1591 1633 2021 2627
48 6 10 14 15 21 22 26 33 34 35 38 39 46 51 55 57 58 62 65 69 74 77 82 85 86 87 93 95 111 119 123 129 133 143 145 155 158 185 221 287 391 395 1247 1817 2181 2923 9451 31261
48 6 10 14 15 21 22 26 33 34 35 38 39 46 51 55 57 58 62 65 69 74 77 82 85 86 87 93 95 111 119 123 133 142 155 187 203 205 213 217 221 319 451 533 629 713 923 1147 1763
48 6 10 14 15 21 22 26 33 34 35 38 39 46 51 55 57 58 62 65 69 74 77 82 85 86 87 93 95 115 118 119 123 129 133 141 143 155 287 295 299 391 611 799 1073 1363 1711 2183 2537
48 6 10 14 15 21 22 26 33 34 35 38 39 46 51 55 57 58 62 65 69 74 77 82 85 86 87 93 95 115 118 119 123 129 133 143 145 155 177 221 287 391 1073 1357 2183 2537 7423 16559 33689
48 6 10 14 15 21 22 26 33 34 35 38 39 46 51 55 57 58 62 65 69 74 77 82 85 86 87 93 95 115 118 119 123 129 133 143 155 187 213 287 295 377 493 781 1073 1633 1711 2183 2537
48 6 10 14 15 21 22 26 33 34 35 38 39 46 51 55 57 58 62 65 69 74 77 82 85 86 87 93 95 115 118 119 123 133 143 155 203 217 221 295 299 319 391 403 407 1517 1763 1829 2419
48 6 10 14 15 21 22 26 33 34 35 38 39 46 51 55 57 58 62 65 69 74 77 82 85 86 87 93 95 115 118 123 129 133 145 155 161 177 187 203 253 287 667 767 1003 2537 2827 7453 9509
48 6 10 14 15 21 22 26 33 34 35 38 39 46 51 55 57 58 62 65 69 74 77 82 85 86 87 93 95 115 118 123 129 133 145 155 177 209 259 287 301 323 391 473 703 767 817 1247 1357
48 6 10 14 15 21 22 26 33 34 35 38 39 46 51 55 57 58 62 65 69 74 77 82 85 86 87 93 95 115 119 123 129 133 143 145 185 214 221 287 299 321 391 403 535 1247 1333 1591 3959
48 6 10 14 15 21 22 26 33 34 35 38 39 46 51 55 57 58 62 65 69 74 77 82 85 86 87 93 95 115 119 123 133 142 155 185 187 203 205 221 259 319 451 497 533 629 923 1633 1763
48 6 10 14 15 21 22 26 33 34 35 38 39 46 51 55 57 58 62 65 69 74 77 82 85 86 87 93 95 115 123 129 133 142 143 145 155 213 259 287 301 319 377 407 493 731 1247 1633 2627
48 6 10 14 15 21 22 26 33 34 35 38 39 46 51 55 57 58 62 65 69 74 77 82 85 86 87 93 95 115 123 129 133 142 145 155 209 213 259 287 299 301 323 391 473 703 817 923 1247
48 6 10 14 15 21 22 26 33 34 35 38 39 46 51 55 57 58 62 65 69 74 77 82 85 86 87 93 95 118 123 129 133 143 145 155 161 177 215 221 287 301 559 629 731 767 1247 1357 1591
48 6 10 14 15 21 22 26 33 34 35 38 39 46 51 55 57 58 62 65 69 74 77 82 85 86 87 93 95 123 129 133 142 143 145 155 161 213 215 221 287 299 301 559 629 731 923 1247 1591
48 6 10 14 15 21 22 26 33 34 35 38 39 46 51 55 57 58 62 65 69 74 77 82 85 86 87 95 111 118 119 123 129 133 143 145 177 185 187 253 287 319 377 493 851 899 1073 1711 2537
48 6 10 14 15 21 22 26 33 34 35 38 39 46 51 55 57 58 62 65 69 74 77 82 85 86 87 95 111 118 119 123 133 143 145 155 161 185 217 221 287 295 299 403 413 1247 3859 8399 9761
48 6 10 14 15 21 22 26 33 34 35 38 39 46 51 55 57 58 62 65 69 74 77 82 85 86 87 95 111 118 123 133 143 155 161 203 215 217 221 259 287 295 299 319 403 407 413 629 731
48 6 10 14 15 21 22 26 33 34 35 38 39 46 51 55 57 58 62 65 69 74 77 82 85 86 87 95 118 123 129 133 143 145 155 161 185 217 221 259 287 295 299 301 403 413 629 731 1247
48 6 10 14 15 21 22 26 33 34 35 38 39 46 51 55 57 58 62 65 69 74 77 82 85 86 91 93 94 95 111 119 123 129 133 145 155 187 203 215 287 493 517 1139 2881 3149 31807 43033 69227
48 6 10 14 15 21 22 26 33 34 35 38 39 46 51 55 57 58 62 65 69 74 77 82 85 86 91 93 94 95 111 123 129 133 145 155 187 203 215 217 287 493 517 629 713 1139 1147 2881 3149
48 6 10 14 15 21 22 26 33 34 35 38 39 46 51 55 57 58 62 65 69 74 77 82 85 86 91 93 94 95 115 119 123 133 141 143 145 155 221 299 391 481 551 893 1073 1763 2627 2911 3337
48 6 10 14 15 21 22 26 33 34 35 38 39 46 51 55 57 58 62 65 69 74 77 82 85 86 91 93 94 95 119 123 133 141 143 155 161 185 221 235 259 287 391 559 1073 2021 59593 75139 95867
48 6 10 14 15 21 22 26 33 34 35 38 39 46 51 55 57 58 62 65 69 74 77 82 85 86 91 93 94 95 119 123 133 141 145 155 187 203 215 235 253 287 493 515 851 1133 1739 4429 4841
48 6 10 14 15 21 22 26 33 34 35 38 39 46 51 55 57 58 62 65 69 74 77 82 85 86 91 93 94 95 119 123 133 141 155 161 185 187 221 235 259 287 299 559 629 2021 9229 10907 24331
48 6 10 14 15 21 22 26 33 34 35 38 39 46 51 55 57 58 62 65 69 74 77 82 85 86 91 93 94 95 119 123 141 145 155 187 203 209 215 253 287 319 329 473 493 817 851 1363 1739
48 6 10 14 15 21 22 26 33 34 35 38 39 46 51 55 57 58 62 65 69 74 77 82 85 86 91 93 94 95 123 141 143 155 161 185 203 221 235 259 287 299 323 377 493 551 559 629 2021
48 6 10 14 15 21 22 26 33 34 35 38 39 46 51 55 57 58 62 65 69 74 77 82 85 86 91 93 94 119 123 141 143 145 155 185 187 209 221 235 259 287 319 341 559 589 629 713 2021
48 6 10 14 15 21 22 26 33 34 35 38 39 46 51 55 57 58 62 65 69 74 77 82 85 86 91 93 95 106 111 115 118 123 129 145 155 158 287 323 371 391 551 869 1073 1357 1961 2537 4187
48 6 10 14 15 21 22 26 33 34 35 38 39 46 51 55 57 58 62 65 69 74 77 82 85 86 91 93 95 111 115 118 119 123 129 133 143 155 221 295 299 391 481 1711 2183 2537 109591 139823 154939
48 6 10 14 15 21 22 26 33 34 35 38 39 46 51 55 57 58 62 65 69 74 77 82 85 86 91 93 95 111 115 118 119 123 129 133 145 155 187 203 287 391 1357 2537 205853 13319713 35115607 44802671 14662582247
48 6 10 14 15 21 22 26 33 34 35 38 39 46 51 55 57 58 62 65 69 74 77 82 85 86 91 93 95 111 115 118 119 123 129 133 145 155 187 203 287 391 1357 2537 206431 12021383 31692737 40435561 13270513979
48 6 10 14 15 21 22 26 33 34 35 38 39 46 51 55 57 58 62 65 69 74 77 82 85 86 91 93 95 111 115 118 119 123 129 133 145 155 187 203 287 391 1357 2537 215101 5010401 13209239 16853167 5763327623
48 6 10 14 15 21 22 26 33 34 35 38 39 46 51 55 57 58 62 65 69 74 77 82 85 86 91 93 95 111 115 118 119 123 129 133 145 155 187 203 287 391 1357 2537 215413 5992211 10222007 13041871 6902674589
48 6 10 14 15 21 22 26 33 34 35 38 39 46 51 55 57 58 62 65 69 74 77 82 85 86 91 93 95 111 115 118 119 123 129 133 145 155 187 203 287 391 1357 2537 217991 4231403 11155517 14232901 4932661879
48 6 10 14 15 21 22 26 33 34 35 38 39 46 51 55 57 58 62 65 69 74 77 82 85 86 91 93 95 111 115 118 119 123 129 133 145 155 187 203 287 391 1357 2537 470723 712181 1214897 1583341 1792727149
48 6 10 14 15 21 22 26 33 34 35 38 39 46 51 55 57 58 62 65 69 74 77 82 85 86 91 93 95 111 115 118 119 123 129 133 145 155 187 319 391 451 629 697 1357 2537 48331 105191 116563
48 6 10 14 15 21 22 26 33 34 35 38 39 46 51 55 57 58 62 65 69 74 77 82 85 86 91 93 95 111 115 118 119 123 129 133 145 155 203 287 391 493 629 1147 1357 2321 2537 3587 6541
48 6 10 14 15 21 22 26 33 34 35 38 39 46 51 55 57 58 62 65 69 74 77 82 85 86 91 93 95 111 115 118 119 123 145 155 161 187 209 219 287 319 391 817 1241 1679 233507 271373 372349
48 6 10 14 15 21 22 26 33 34 35 38 39 46 51 55 57 58 62 65 69 74 77 82 85 86 91 93 95 111 115 118 119 133 143 145 155 205 221 295 299 319 391 481 649 1763 7807 8651 12449
48 6 10 14 15 21 22 26 33 34 35 38 39 46 51 55 57 58 62 65 69 74 77 82 85 86 91 93 95 111 115 118 123 129 133 143 145 155 161 203 493 533 629 943 1357 2537 48331 105191 116563
48 6 10 14 15 21 22 26 33 34 35 38 39 46 51 55 57 58 62 65 69 74 77 82 85 86 91 93 95 111 115 118 123 129 133 143 145 155 259 287 319 391 407 629 1357 2537 3017 5603 7327
48 6 10 14 15 21 22 26 33 34 35 38 39 46 51 55 57 58 62 65 69 74 77 82 85 86 91 93 95 111 115 118 123 129 133 145 155 187 203 259 391 407 493 629 979 1357 1513 2537 3649
48 6 10 14 15 21 22 26 33 34 35 38 39 46 51 55 57 58 62 65 69 74 77 82 85 86 91 93 95 111 115 119 123 133 134 143 145 155 201 221 299 391 481 1189 1943 2747 113419 144707 168173
48 6 10 14 15 21 22 26 33 34 35 38 39 46 51 55 57 58 62 65 69 74 77 82 85 86 91 93 95 111 115 119 123 133 143 145 155 203 221 287 299 302 391 453 481 4379 113419 144707 168173
48 6 10 14 15 21 22 26 33 34 35 38 39 46 51 55 57 58 62 65 69 74 77 82 85 86 91 93 95 111 115 119 123 133 145 155 185 203 206 215 237 287 493 851 869 1343 1817 3811 4429
48 6 10 14 15 21 22 26 33 34 35 38 39 46 51 55 57 58 62 65 69 74 77 82 85 86 91 93 95 111 115 119 133 142 143 145 155 185 203 215 287 493 533 629 731 1207 1517 1633 2911
48 6 10 14 15 21 22 26 33 34 35 38 39 46 51 55 57 58 62 65 69 74 77 82 85 86 91 93 95 111 115 119 133 143 145 155 185 187 206 215 253 319 493 533 851 943 1189 3811 4429
48 6 10 14 15 21 22 26 33 34 35 38 39 46 51 55 57 58 62 65 69 74 77 82 85 86 91 93 95 111 115 119 133 145 155 158 185 187 205 215 319 391 395 451 697 731 943 1817 2923
48 6 10 14 15 21 22 26 33 34 35 38 39 46 51 55 57 58 62 65 69 74 77 82 85 86 91 93 95 111 115 123 129 134 143 145 155 185 215 287 323 391 469 551 851 871 1073 1541 2881
48 6 10 14 15 21 22 26 33 34 35 38 39 46 51 55 57 58 62 65 69 74 77 82 85 86 91 93 95 111 115 123 129 145 155 161 187 214 253 259 287 301 323 407 551 629 667 3103 4601
48 6 10 14 15 21 22 26 33 34 35 38 39 46 51 55 57 58 62 65 69 74 77 82 85 86 91 93 95 111 118 119 123 129 133 145 155 161 215 259 287 319 407 629 1357 99121 153187 387473 531649
48 6 10 14 15 21 22 26 33 34 35 38 39 46 51 55 57 58 62 65 69 74 77 82 85 86 91 93 95 111 118 119 123 129 133 155 185 187 203 235 287 493 517 667 851 1073 1081 1357 2537
48 6 10 14 15 21 22 26 33 34 35 38 39 46 51 55 57 58 62 65 69 74 77 82 85 86 91 93 95 111 118 119 123 129 143 145 155 161 265 287 323 481 551 629 689 901 1073 1357 2537
48 6 10 14 15 21 22 26 33 34 35 38 39 46 51 55 57 58 62 65 69 74 77 82 85 86 91 93 95 111 118 123 129 133 145 155 185 187 203 253 287 295 413 649 851 1003 1073 1711 2537
48 6 10 14 15 21 22 26 33 34 35 38 39 46 51 55 57 58 62 65 69 74 77 82 85 86 91 93 95 111 118 123 129 133 145 177 183 185 203 217 253 287 341 851 1037 1073 1711 1891 2537
48 6 10 14 15 21 22 26 33 34 35 38 39 46 51 55 57 58 62 65 69 74 77 82 85 86 91 93 95 111 119 123 129 133 134 145 185 187 209 287 301 319 527 589 713 817 1139 1591 2479
48 6 10 14 15 21 22 26 33 34 35 38 39 46 51 55 57 58 62 65 69 74 77 82 85 86 91 93 95 111 119 123 129 133 145 155 158 185 187 287 301 319 391 395 1177 1817 1819 2923 4601
48 6 10 14 15 21 22 26 33 34 35 38 39 46 51 55 57 58 62 65 69 74 77 82 85 86 91 93 95 111 119 123 129 133 145 155 161 187 215 253 259 287 407 478 493 5497 6931 8843 10277
48 6 10 14 15 21 22 26 33 34 35 38 39 46 51 55 57 58 62 65 69 74 77 82 85 86 91 93 95 111 119 123 129 133 145 166 185 187 203 253 287 403 407 493 559 851 1079 1333 3071
48 6 10 14 15 21 22 26 33 34 35 38 39 46 51 55 57 58 62 65 69 74 77 82 85 86 91 93 95 111 119 123 133 145 155 185 187 203 206 215 253 287 309 493 515 851 1133 3811 4429
48 6 10 14 15 21 22 26 33 34 35 38 39 46 51 55 57 58 62 65 69 74 77 82 85 86 91 93 95 111 123 129 133 134 145 155 187 203 215 259 287 301 407 493 629 737 989 1139 1541
48 6 10 14 15 21 22 26 33 34 35 38 39 46 51 55 57 58 62 65 69 74 77 82 85 86 91 93 95 111 123 129 133 142 143 155 161 203 221 287 299 301 355 481 629 731 1073 1247 2059
48 6 10 14 15 21 22 26 33 34 35 38 39 46 51 55 57 58 62 65 69 74 77 82 85 86 91 93 95 111 123 133 134 143 145 155 161 201 203 215 221 299 481 629 731 1073 1189 1943 2747
48 6 10 14 15 21 22 26 33 34 35 38 39 46 51 55 57 58 62 65 69 74 77 82 85 86 91 93 95 115 118 119 123 129 133 143 145 155 201 319 391 407 533 697 1139 1357 1517 2537 2747
48 6 10 14 15 21 22 26 33 34 35 38 39 46 51 55 57 58 62 65 69 74 77 82 85 86 91 93 95 115 118 119 123 129 133 143 145 155 221 319 391 407 417 533 1357 1517 1807 2537 5699
48 6 10 14 15 21 22 26 33 34 35 38 39 46 51 55 57 58 62 65 69 74 77 82 85 86 91 93 95 115 118 119 123 129 145 155 177 213 247 259 287 319 323 703 767 781 1003 1633 2537
48 6 10 14 15 21 22 26 33 34 35 38 39 46 51 55 57 58 62 65 69 74 77 82 85 86 91 93 95 115 118 119 123 129 145 155 183 209 221 259 287 319 391 671 703 793 1159 1357 2537
48 6 10 14 15 21 22 26 33 34 35 38 39 46 51 55 57 58 62 65 69 74 77 82 85 86 91 93 95 115 118 119 123 129 145 155 187 209 219 259 287 319 391 437 703 1241 1357 1679 2537
48 6 10 14 15 21 22 26 33 34 35 38 39 46 51 55 57 58 62 65 69 74 77 82 85 86 91 93 95 115 118 119 123 133 141 145 155 161 187 253 329 407 493 667 1517 1711 1763 2419 2773
48 6 10 14 15 21 22 26 33 34 35 38 39 46 51 55 57 58 62 65 69 74 77 82 85 86 91 93 95 115 118 119 123 145 155 177 185 209 215 259 287 319 391 473 629 649 817 1003 1357
48 6 10 14 15 21 22 26 33 34 35 38 39 46 51 55 57 58 62 65 69 74 77 82 85 86 91 93 95 115 118 119 129 133 145 155 161 187 209 259 287 319 493 703 779 943 1189 1357 2537
48 6 10 14 15 21 22 26 33 34 35 38 39 46 51 55 57 58 62 65 69 74 77 82 85 86 91 93 95 115 119 129 133 134 143 145 155 185 215 221 299 319 391 407 481 2881 22681 25133 41071
48 6 10 14 15 21 22 26 33 34 35 38 39 46 51 55 57 58 62 65 69 74 77 82 85 86 91 93 95 115 119 129 133 134 145 155 185 187 203 215 253 287 407 493 851 943 2479 2747 2881
48 6 10 14 15 21 22 26 33 34 35 38 39 46 51 55 57 58 62 65 69 74 77 82 85 86 91 93 95 118 119 123 133 145 155 161 177 209 215 259 287 319 323 473 649 703 817 1003 1357
48 6 10 14 15 21 22 26 33 34 35 38 39 46 51 55 57 58 62 65 69 74 77 82 85 86 91 93 95 118 119 129 133 145 155 161 185 187 205 235 259 287 319 451 629 799 1357 1927 2537
48 6 10 14 15 21 22 26 33 34 35 38 39 46 51 55 57 58 62 65 69 74 77 82 85 86 91 93 95 118 123 133 143 145 155 161 177 215 221 259 287 299 319 413 481 629 649 731 2183
48 6 10 14 15 21 22 26 33 34 35 38 39 46 51 55 57 58 62 65 69 74 77 82 85 86 91 93 95 119 123 129 133 134 145 185 187 201 203 215 253 287 335 407 493 851 2077 2479 2881
48 6 10 14 15 21 22 26 33 34 35 38 39 46 51 55 57 58 62 65 69 74 77 82 85 86 91 93 111 115 118 119 123 129 133 155 185 187 203 253 287 407 437 493 667 703 1073 1357 2537
48 6 10 14 15 21 22 26 33 34 35 38 39 46 51 55 57 58 62 65 69 74 77 82 85 86 91 94 95 111 115 119 123 133 141 143 145 185 221 235 299 377 391 559 899 2021 109591 139823 154939
48 6 10 14 15 21 22 26 33 34 35 38 39 46 51 55 57 58 62 65 69 74 77 82 85 86 91 94 95 111 119 123 133 141 143 145 161 221 235 259 287 299 391 481 667 899 1247 1591 2021
48 6 10 14 15 21 22 26 33 34 35 38 39 46 51 55 57 58 62 65 69 74 77 82 85 86 91 95 111 118 123 133 143 145 155 161 177 215 217 221 259 287 319 403 407 629 731 767 1357
48 6 10 14 15 21 22 26 33 34 35 38 39 46 51 55 57 58 62 65 69 74 77 82 85 86 91 95 111 123 133 142 143 145 155 161 213 215 217 221 259 287 299 319 403 407 629 731 923
48 6 10 14 15 21 22 26 33 34 35 38 39 46 51 55 57 58 62 65 69 74 77 82 85 86 93 94 95 115 119 123 133 141 143 145 155 221 247 287 299 319 391 407 559 703 893 1739 2021
48 6 10 14 15 21 22 26 33 34 35 38 39 46 51 55 57 58 62 65 69 74 77 82 85 86 93 94 95 115 123 133 141 145 155 187 203 215 235 247 259 287 299 391 493 517 703 731 893
48 6 10 14 15 21 22 26 33 34 35 38 39 46 51 55 57 58 62 65 69 74 77 82 85 86 93 95 111 115 118 119 123 129 133 143 145 155 221 247 287 391 551 689 1007 1073 1357 1961 2537
48 6 10 14 15 21 22 26 33 34 35 38 39 46 51 55 57 58 62 65 69 74 77 82 85 86 93 95 111 115 118 119 123 129 133 145 155 187 209 247 287 299 319 323 1357 2537 31807 43033 69227
48 6 10 14 15 21 22 26 33 34 35 38 39 46 51 55 57 58 62 65 69 74 77 82 85 86 93 95 111 115 118 123 129 133 145 155 187 209 217 247 287 299 319 323 629 713 1147 1357 2537
48 6 10 14 15 21 22 26 33 34 35 38 39 46 51 55 57 58 62 65 69 74 77 82 85 86 93 95 111 118 123 129 133 143 145 155 161 185 203 221 287 295 299 481 493 767 1003 2183 2537
48 6 10 14 15 21 22 26 33 34 35 38 39 46 51 55 57 58 62 65 69 74 77 82 85 87 91 93 94 95 111 115 119 123 133 142 155 187 213 287 329 493 517 1363 1633 2395 2627 3353 17723
48 6 10 14 15 21 22 26 33 34 35 38 39 46 51 55 57 58 62 65 69 74 77 82 85 87 91 93 94 95 111 119 123 133 141 155 158 185 203 287 319 391 395 799 1345 1817 2923 2959 12643
48 6 10 14 15 21 22 26 33 34 35 38 39 46 51 55 57 58 62 65 69 74 77 82 85 87 91 93 94 95 111 119 123 133 155 185 187 214 217 287 321 329 493 517 535 713 1147 1363 3959
48 6 10 14 15 21 22 26 33 34 35 38 39 46 51 55 57 58 62 65 69 74 77 82 85 87 91 93 94 95 115 118 119 123 133 141 155 237 287 295 329 413 493 851 869 1343 1363 1739 1817
48 6 10 14 15 21 22 26 33 34 35 38 39 46 51 55 57 58 62 65 69 74 77 82 85 87 91 93 94 95 115 118 119 123 133 143 155 203 287 295 391 551 611 767 799 893 1073 1357 2183
48 6 10 14 15 21 22 26 33 34 35 38 39 46 51 55 57 58 62 65 69 74 77 82 85 87 91 93 94 95 115 118 119 123 133 155 187 218 287 295 326 329 413 493 517 1363 3749 4033 17767
48 6 10 14 15 21 22 26 33 34 35 38 39 46 51 55 57 58 62 65 69 74 77 82 85 87 91 93 94 95 115 118 123 133 155 161 187 203 205 235 253 407 493 667 697 1517 1711 2419 2773
48 6 10 14 15 21 22 26 33 34 35 38 39 46 51 55 57 58 62 65 69 74 77 82 85 87 91 93 94 95 115 118 123 143 155 203 247 287 295 299 319 323 329 391 407 413 611 703 1739
48 6 10 14 15 21 22 26 33 34 35 38 39 46 51 55 57 58 62 65 69 74 77 82 85 87 91 93 94 95 115 119 123 133 142 155 185 187 205 259 329 493 517 629 697 1207 1363 1633 2911
48 6 10 14 15 21 22 26 33 34 35 38 39 46 51 55 57 58 62 65 69 74 77 82 85 87 91 93 94 95 118 119 123 133 141 155 187 253 287 295 309 329 413 493 515 851 1133 1363 1739
48 6 10 14 15 21 22 26 33 34 35 38 39 46 51 55 57 58 62 65 69 74 77 82 85 87 91 93 94 95 118 123 145 155 161 185 187 259 287 295 299 323 329 377 413 517 551 629 1363
48 6 10 14 15 21 22 26 33 34 35 38 39 46 51 55 57 58 62 65 69 74 77 82 85 87 91 93 94 95 119 123 133 142 143 155 161 247 259 287 299 355 391 611 667 703 799 893 2059
48 6 10 14 15 21 22 26 33 34 35 38 39 46 51 55 57 58 62 65 69 74 77 82 85 87 91 93 94 95 119 123 133 155 161 185 187 206 235 259 287 299 377 391 517 629 667 1751 4841
48 6 10 14 15 21 22 26 33 34 35 38 39 46 51 55 57 58 62 65 69 74 77 82 85 87 91 93 94 115 118 119 123 133 155 161 187 235 247 253 259 287 493 551 649 667 703 767 2773
48 6 10 14 15 21 22 26 33 34 35 38 39 46 51 55 57 58 62 65 69 74 77 82 85 87 91 93 94 115 119 123 129 141 142 145 155 185 187 259 287 355 517 629 799 1247 1349 1633 2021
48 6 10 14 15 21 22 26 33 34 35 38 39 46 51 55 57 58 62 65 69 74 77 82 85 87 91 93 95 106 119 122 123 133 145 155 159 183 203 253 287 365 407 671 851 1241 2117 2701 3869
48 6 10 14 15 21 22 26 33 34 35 38 39 46 51 55 57 58 62 65 69 74 77 82 85 87 91 93 95 106 119 122 123 133 145 159 183 187 205 265 341 407 493 583 671 713 899 1271 1517
48 6 10 14 15 21 22 26 33 34 35 38 39 46 51 55 57 58 62 65 69 74 77 82 85 87 91 93 95 106 119 123 133 145 146 155 159 203 219 253 265 287 407 583 803 851 1241 2117 2701
48 6 10 14 15 21 22 26 33 34 35 38 39 46 51 55 57 58 62 65 69 74 77 82 85 87 91 93 95 111 115 118 119 123 133 143 177 203 221 287 319 391 403 407 767 1357 2566 39773 47471
48 6 10 14 15 21 22 26 33 34 35 38 39 46 51 55 57 58 62 65 69 74 77 82 85 87 91 93 95 111 115 118 119 129 133 134 143 145 155 221 391 559 1247 1357 2537 2881 22681 25133 41071
48 6 10 14 15 21 22 26 33 34 35 38 39 46 51 55 57 58 62 65 69 74 77 82 85 87 91 93 95 111 115 118 123 133 142 155 187 203 209 213 287 295 319 413 1633 2627 5627 6289 12247
48 6 10 14 15 21 22 26 33 34 35 38 39 46 51 55 57 58 62 65 69 74 77 82 85 87 91 93 95 111 115 118 123 142 143 155 213 247 259 287 295 323 377 391 413 667 703 1633 2627
48 6 10 14 15 21 22 26 33 34 35 38 39 46 51 55 57 58 62 65 69 74 77 82 85 87 91 93 95 111 115 119 123 133 142 143 203 213 221 287 299 319 391 403 407 923 2566 39773 47471
48 6 10 14 15 21 22 26 33 34 35 38 39 46 51 55 57 58 62 65 69 74 77 82 85 87 91 93 95 111 115 119 123 133 142 145 155 187 203 213 287 319 493 1006 1073 1633 2627 5533 18611
48 6 10 14 15 21 22 26 33 34 35 38 39 46 51 55 57 58 62 65 69 74 77 82 85 87 91 93 95 111 118 119 123 133 142 155 161 177 259 287 355 391 407 629 649 667 1003 1357 2059
48 6 10 14 15 21 22 26 33 34 35 38 39 46 51 55 57 58 62 65 69 74 77 82 85 87 91 93 95 111 119 123 133 142 143 155 161 221 259 287 299 355 382 391 481 573 667 2059 7067
48 6 10 14 15 21 22 26 33 34 35 38 39 46 51 55 57 58 62 65 69 74 77 82 85 87 91 93 95 115 118 119 123 133 143 155 166 203 221 287 295 319 391 407 767 1079 1357 2183 3071
48 6 10 14 15 21 22 26 33 34 35 38 39 46 51 55 57 58 62 65 69 74 77 82 85 87 91 93 95 115 118 119 123 133 143 155 203 221 287 295 299 319 391 407 413 481 694 2429 12839
48 6 10 14 15 21 22 26 33 34 35 38 39 46 51 55 57 58 62 65 69 74 77 82 85 87 91 93 95 115 118 123 133 134 143 155 203 221 287 295 299 319 391 407 413 481 629 1139 2479
48 6 10 14 15 21 22 26 33 34 35 38 39 46 51 55 57 58 62 65 69 74 77 82 85 87 91 93 95 115 118 123 133 142 155 161 185 187 253 259 287 323 355 413 629 649 667 1121 2059
48 6 10 14 15 21 22 26 33 34 35 38 39 46 51 55 57 58 62 65 69 74 77 82 85 87 91 93 95 115 119 123 133 134 142 155 185 187 201 205 213 319 451 493 1517 1633 1943 2627 2747
48 6 10 14 15 21 22 26 33 34 35 38 39 46 51 55 57 58 62 65 69 74 77 82 85 87 91 93 95 115 119 123 133 142 155 161 185 187 221 253 259 287 355 382 629 667 2059 2101 2483
48 6 10 14 15 21 22 26 33 34 35 38 39 46 51 55 57 58 62 65 69 74 77 82 85 87 91 94 95 115 119 123 133 141 142 145 155 187 213 217 287 329 493 517 899 1147 1457 1633 2627
48 6 10 14 15 21 22 26 33 34 35 38 39 46 51 55 57 58 62 65 69 74 77 82 85 87 91 94 95 118 119 123 133 141 145 161 177 187 235 247 259 287 493 517 703 767 893 899 1357
48 6 10 14 15 21 22 26 33 34 35 38 39 46 51 55 57 58 62 65 69 74 77 82 85 87 91 94 95 119 123 133 141 142 145 161 187 213 235 247 259 287 299 493 517 703 893 899 923
48 6 10 14 15 21 22 26 33 34 35 38 39 46 51 55 57 58 62 65 69 74 77 82 85 87 93 94 95 111 119 123 133 141 142 155 187 221 253 259 287 329 355 407 611 629 667 1081 2059
48 6 10 14 15 21 22 26 33 34 35 38 39 46 51 55 57 58 62 65 69 74 77 82 85 87 93 94 95 111 119 123 133 141 143 145 155 158 185 287 377 391 395 551 799 893 1363 1817 2923
48 6 10 14 15 21 22 26 33 34 35 38 39 46 51 55 57 58 62 65 69 74 77 82 85 87 93 94 95 115 119 123 129 133 141 143 145 185 221 235 287 299 391 403 1247 2021 2566 39773 47471
48 6 10 14 15 21 22 26 33 34 35 38 39 46 51 55 57 58 62 65 69 74 77 82 85 87 93 94 95 115 119 123 133 142 155 161 185 187 221 253 287 329 355 407 611 629 667 1739 2059
48 6 10 14 15 21 22 26 33 34 35 38 39 46 51 55 57 58 62 65 69 74 77 82 85 87 93 95 111 115 118 119 123 133 142 143 145 155 213 221 287 299 391 559 923 1247 233507 271373 372349
48 6 10 14 15 21 22 26 33 34 35 38 39 46 51 55 57 58 62 65 69 74 77 82 85 91 93 94 95 115 119 123 133 134 141 145 155 161 187 203 287 329 493 517 851 1739 4577 9353 13333
48 6 10 14 15 21 22 26 33 34 35 38 39 46 51 55 57 58 62 65 69 74 77 82 85 91 93 94 95 115 119 123 133 141 142 143 145 155 221 287 299 391 481 497 551 893 1073 2627 3337
48 6 10 14 15 21 22 26 33 34 35 38 39 46 51 55 57 58 62 65 69 74 77 82 85 91 93 94 95 115 119 123 133 141 145 155 161 187 203 214 287 319 329 493 851 1177 1363 1739 2461
48 6 10 14 15 21 22 26 33 34 35 38 39 46 51 55 57 58 62 65 69 74 77 82 85 91 93 94 95 115 119 123 133 142 145 155 187 203 213 259 287 319 329 407 493 517 1363 1633 2627
48 6 10 14 15 21 22 26 33 34 35 38 39 46 51 55 57 58 62 65 69 74 77 82 85 91 93 94 95 118 119 123 133 145 155 161 177 185 187 259 287 295 319 517 629 649 799 1357 2773
48 6 10 14 15 21 22 26 33 34 35 38 39 46 51 55 57 58 62 65 69 74 77 82 85 91 93 95 106 111 119 123 133 145 155 159 187 202 203 253 265 287 303 407 493 583 851 1111 3737
48 6 10 14 15 21 22 26 33 34 35 38 39 46 51 55 57 58 62 65 69 74 77 82 85 91 93 95 118 123 133 142 145 155 161 185 187 209 213 247 259 287 295 299 319 323 413 629 923
48 6 10 14 15 21 22 26 33 34 35 38 39 46 51 55 57 58 62 65 69 74 77 82 85 93 94 95 118 119 123 133 141 145 155 161 187 203 235 247 259 287 295 299 413 493 517 703 893
48 6 10 14 15 21 22 26 33 34 35 38 39 46 51 55 57 58 62 65 69 74 77 82 86 87 91 93 94 95 111 119 123 133 141 155 187 203 235 253 287 305 407 851 1247 1591 1769 2021 2257
48 6 10 14 15 21 22 26 33 34 35 38 39 46 51 55 57 58 62 65 69 74 77 82 86 87 91 93 94 95 111 119 123 133 145 155 161 187 259 287 299 339 481 517 1247 1469 1591 2021 5311
48 6 10 14 15 21 22 26 33 34 35 38 39 46 51 55 57 58 62 65 69 74 77 82 86 87 91 93 94 95 115 119 123 129 133 141 145 155 187 235 253 407 1247 1517 1252787 2560043 5071987 5319401 6738196583
48 6 10 14 15 21 22 26 33 34 35 38 39 46 51 55 57 58 62 65 69 74 77 82 86 87 91 93 94 95 115 119 123 133 141 143 145 155 235 299 391 417 629 697 1247 1591 1807 2021 5699
48 6 10 14 15 21 22 26 33 34 35 38 39 46 51 55 57 58 62 65 69 74 77 82 86 87 91 93 94 95 115 119 123 143 155 203 215 247 287 299 319 323 329 391 407 611 703 731 1739
48 6 10 14 15 21 22 26 33 34 35 38 39 46 51 55 57 58 62 65 69 74 77 82 86 87 91 93 94 95 115 123 133 141 143 155 161 201 215 287 299 377 469 667 731 851 871 1739 3149
48 6 10 14 15 21 22 26 33 34 35 38 39 46 51 55 57 58 62 65 69 74 77 82 86 87 91 93 94 95 119 123 129 133 141 143 145 155 187 253 319 533 851 1247 1363 1739 1763 1927 2021
48 6 10 14 15 21 22 26 33 34 35 38 39 46 51 55 57 58 62 65 69 74 77 82 86 87 91 93 94 95 119 123 129 133 141 143 161 247 259 287 299 403 493 559 703 799 893 1333 1363
48 6 10 14 15 21 22 26 33 34 35 38 39 46 51 55 57 58 62 65 69 74 77 82 86 87 91 93 94 95 119 123 129 133 141 143 187 203 215 253 287 319 335 851 871 1739 2077 2881 3149
48 6 10 14 15 21 22 26 33 34 35 38 39 46 51 55 57 58 62 65 69 74 77 82 86 87 91 93 94 95 119 123 129 133 141 145 155 187 217 287 329 517 527 629 713 1247 1333 1457 1591
48 6 10 14 15 21 22 26 33 34 35 38 39 46 51 55 57 58 62 65 69 74 77 82 86 87 91 93 94 95 119 123 129 133 141 145 155 187 235 253 287 301 515 851 1133 1247 1739 4429 4841
48 6 10 14 15 21 22 26 33 34 35 38 39 46 51 55 57 58 62 65 69 74 77 82 86 87 91 93 94 95 119 123 129 133 141 145 155 187 253 259 329 407 481 533 851 1247 1763 1927 2021
48 6 10 14 15 21 22 26 33 34 35 38 39 46 51 55 57 58 62 65 69 74 77 82 86 87 91 93 94 95 119 123 129 133 141 187 203 209 215 235 287 319 527 589 629 713 817 1591 2021
48 6 10 14 15 21 22 26 33 34 35 38 39 46 51 55 57 58 62 65 69 74 77 82 86 87 91 93 94 95 119 123 129 141 145 155 187 209 253 287 301 319 329 473 817 851 1247 1363 1739
48 6 10 14 15 21 22 26 33 34 35 38 39 46 51 55 57 58 62 65 69 74 77 82 86 87 91 93 94 95 119 123 129 141 145 155 187 215 235 259 287 341 473 589 703 713 817 1247 2021
48 6 10 14 15 21 22 26 33 34 35 38 39 46 51 55 57 58 62 65 69 74 77 82 86 87 91 93 94 95 119 123 129 145 155 161 177 187 259 287 299 329 377 517 551 703 1121 1363 2537
48 6 10 14 15 21 22 26 33 34 35 38 39 46 51 55 57 58 62 65 69 74 77 82 86 87 91 93 94 95 119 123 145 155 161 185 187 215 259 287 299 323 329 377 517 551 629 731 1363
48 6 10 14 15 21 22 26 33 34 35 38 39 46 51 55 57 58 62 65 69 74 77 82 86 87 91 93 94 95 123 129 133 141 143 145 155 161 215 235 287 299 481 731 1247 1939 2021 3601 10249
48 6 10 14 15 21 22 26 33 34 35 38 39 46 51 55 57 58 62 65 69 74 77 82 86 87 91 93 94 95 123 129 133 141 143 145 155 161 215 235 287 299 731 763 793 1247 2021 4033 6649
48 6 10 14 15 21 22 26 33 34 35 38 39 46 51 55 57 58 62 65 69 74 77 82 86 87 91 93 94 111 115 119 123 133 141 155 185 187 203 209 235 287 319 559 2021 136669 199747 241799 388981
48 6 10 14 15 21 22 26 33 34 35 38 39 46 51 55 57 58 62 65 69 74 77 82 86 87 91 93 94 111 119 123 133 141 155 185 187 203 215 235 253 287 473 517 551 817 851 893 1073
48 6 10 14 15 21 22 26 33 34 35 38 39 46 51 55 57 58 62 65 69 74 77 82 86 87 91 93 94 119 123 129 133 141 143 155 161 185 221 287 299 301 329 481 493 817 1363 1591 1739
48 6 10 14 15 21 22 26 33 34 35 38 39 46 51 55 57 58 62 65 69 74 77 82 86 87 91 93 95 111 115 118 123 133 155 161 177 215 259 287 299 377 407 413 649 667 731 851 2183
48 6 10 14 15 21 22 26 33 34 35 38 39 46 51 55 57 58 62 65 69 74 77 82 86 87 91 93 95 111 115 118 129 133 145 155 161 185 187 203 319 451 667 697 851 1073 1189 1357 2537
48 6 10 14 15 21 22 26 33 34 35 38 39 46 51 55 57 58 62 65 69 74 77 82 86 87 91 93 95 111 115 119 123 129 133 145 155 185 206 237 287 301 851 869 1247 1343 1817 3811 4429
48 6 10 14 15 21 22 26 33 34 35 38 39 46 51 55 57 58 62 65 69 74 77 82 86 87 91 93 95 111 115 119 123 129 133 145 155 185 214 237 287 301 851 869 1073 1343 1817 3103 4601
48 6 10 14 15 21 22 26 33 34 35 38 39 46 51 55 57 58 62 65 69 74 77 82 86 87 91 93 95 111 115 119 123 133 142 145 155 185 187 213 287 301 407 1247 1633 2627 3883 13061 15179
48 6 10 14 15 21 22 26 33 34 35 38 39 46 51 55 57 58 62 65 69 74 77 82 86 87 91 93 95 111 115 119 123 133 142 155 187 203 209 213 215 287 319 731 1633 2627 5627 6289 12247
48 6 10 14 15 21 22 26 33 34 35 38 39 46 51 55 57 58 62 65 69 74 77 82 86 87 91 93 95 111 115 119 123 133 143 145 155 158 185 187 213 533 781 1247 1633 2923 9307 9761 17933
48 6 10 14 15 21 22 26 33 34 35 38 39 46 51 55 57 58 62 65 69 74 77 82 86 87 91 93 95 111 115 119 123 142 143 155 213 215 247 259 287 323 377 391 667 703 731 1633 2627
48 6 10 14 15 21 22 26 33 34 35 38 39 46 51 55 57 58 62 65 69 74 77 82 86 87 91 93 95 111 115 119 129 133 142 143 145 155 185 287 301 533 629 731 1207 1247 1517 1633 2911
48 6 10 14 15 21 22 26 33 34 35 38 39 46 51 55 57 58 62 65 69 74 77 82 86 87 91 93 95 111 115 123 133 142 143 155 203 209 213 215 259 319 451 533 703 731 779 1633 2627
48 6 10 14 15 21 22 26 33 34 35 38 39 46 51 55 57 58 62 65 69 74 77 82 86 87 91 93 95 111 115 123 142 155 161 187 203 209 213 215 259 287 319 391 437 703 731 1633 2627
48 6 10 14 15 21 22 26 33 34 35 38 39 46 51 55 57 58 62 65 69 74 77 82 86 87 91 93 95 111 118 119 123 133 145 155 161 177 187 259 287 481 517 611 767 1247 1357 1591 2021
48 6 10 14 15 21 22 26 33 34 35 38 39 46 51 55 57 58 62 65 69 74 77 82 86 87 91 93 95 111 118 119 129 133 155 161 185 187 203 205 259 319 451 511 779 1357 1387 2537 2701
48 6 10 14 15 21 22 26 33 34 35 38 39 46 51 55 57 58 62 65 69 74 77 82 86 87 91 93 95 111 118 123 129 133 155 161 185 187 201 203 205 319 451 629 1139 1357 1517 2537 2747
48 6 10 14 15 21 22 26 33 34 35 38 39 46 51 55 57 58 62 65 69 74 77 82 86 87 91 93 95 111 119 123 129 133 145 155 185 187 206 253 287 301 309 515 851 1133 1247 3811 4429
48 6 10 14 15 21 22 26 33 34 35 38 39 46 51 55 57 58 62 65 69 74 77 82 86 87 91 93 95 111 119 123 129 133 145 155 185 187 214 253 287 301 309 515 851 1073 1133 3103 4601
48 6 10 14 15 21 22 26 33 34 35 38 39 46 51 55 57 58 62 65 69 74 77 82 86 87 91 93 95 111 119 123 133 142 145 155 161 187 213 259 287 299 481 517 611 923 1247 1591 2021
48 6 10 14 15 21 22 26 33 34 35 38 39 46 51 55 57 58 62 65 69 74 77 82 86 87 91 93 95 111 119 123 133 145 155 159 185 187 203 206 215 253 287 851 1073 1133 2987 4429 5459
48 6 10 14 15 21 22 26 33 34 35 38 39 46 51 55 57 58 62 65 69 74 77 82 86 87 91 93 95 111 119 123 133 145 155 177 185 187 203 206 215 253 287 649 851 1073 2987 4429 6077
48 6 10 14 15 21 22 26 33 34 35 38 39 46 51 55 57 58 62 65 69 74 77 82 86 87 91 93 95 115 118 123 133 143 155 161 209 215 247 253 259 287 377 413 649 667 703 731 1121
48 6 10 14 15 21 22 26 33 34 35 38 39 46 51 55 57 58 62 65 69 74 77 82 86 87 91 93 95 115 119 123 129 133 142 143 145 185 205 213 221 493 559 899 1271 1333 1517 1633 2627
48 6 10 14 15 21 22 26 33 34 35 38 39 46 51 55 57 58 62 65 69 74 77 82 86 87 91 93 95 115 119 123 129 133 142 155 185 187 203 213 287 295 319 451 1517 1633 2419 2537 2627
48 6 10 14 15 21 22 26 33 34 35 38 39 46 51 55 57 58 62 65 69 74 77 82 86 87 91 93 95 115 119 123 133 134 143 155 203 215 221 287 299 319 391 407 481 629 731 1139 2479
48 6 10 14 15 21 22 26 33 34 35 38 39 46 51 55 57 58 62 65 69 74 77 82 86 87 91 93 95 115 119 123 133 142 145 155 161 187 215 253 259 287 355 407 989 1247 1633 2627 3053
48 6 10 14 15 21 22 26 33 34 35 38 39 46 51 55 57 58 62 65 69 74 77 82 86 87 91 93 95 115 119 123 133 142 155 161 187 205 209 253 259 287 355 451 667 703 779 1763 2059
48 6 10 14 15 21 22 26 33 34 35 38 39 46 51 55 57 58 62 65 69 74 77 82 86 87 91 93 95 115 119 123 133 143 155 158 161 215 247 253 259 287 377 473 667 703 817 1343 1501
48 6 10 14 15 21 22 26 33 34 35 38 39 46 51 55 57 58 62 65 69 74 77 82 86 87 91 93 95 118 119 123 129 133 143 145 155 161 177 259 287 299 551 703 1469 1711 1921 2147 2537
48 6 10 14 15 21 22 26 33 34 35 38 39 46 51 55 57 58 62 65 69 74 77 82 86 87 91 93 95 118 119 123 129 133 143 155 177 187 203 253 287 295 319 611 767 851 1739 2537 2773
48 6 10 14 15 21 22 26 33 34 35 38 39 46 51 55 57 58 62 65 69 74 77 82 86 87 91 93 115 119 123 129 133 142 145 155 161 187 213 215 253 259 287 407 817 989 1247 1633 2627
48 6 10 14 15 21 22 26 33 34 35 38 39 46 51 55 57 58 62 65 69 74 77 82 86 87 91 94 111 119 123 129 133 141 143 145 161 215 221 235 259 287 299 481 493 817 899 1591 2021
48 6 10 14 15 21 22 26 33 34 35 38 39 46 51 55 57 58 62 65 69 74 77 82 86 87 93 94 95 111 115 123 133 141 143 145 155 217 235 287 299 391 403 493 559 629 899 1147 2021
48 6 10 14 15 21 22 26 33 34 35 38 39 46 51 55 57 58 62 65 69 74 77 82 86 87 93 94 95 115 123 129 133 141 145 155 187 235 247 259 287 299 301 391 517 703 731 893 1247
48 6 10 14 15 21 22 26 33 34 35 38 39 46 51 55 57 58 62 65 69 74 77 82 86 87 93 95 111 118 119 123 133 143 145 155 177 185 187 215 253 287 319 377 851 1073 1247 1711 2537
48 6 10 14 15 21 22 26 33 34 35 38 39 46 51 55 57 58 62 65 69 74 77 82 86 87 93 95 115 118 119 123 129 155 161 177 187 203 209 215 259 287 301 319 437 703 767 989 1357
48 6 10 14 15 21 22 26 33 34 35 38 39 46 51 55 57 58 62 65 69 74 77 82 86 87 93 95 115 119 123 129 142 155 161 187 203 209 213 215 259 287 299 301 319 437 703 923 989
48 6 10 14 15 21 22 26 33 34 35 38 39 46 51 55 57 58 62 65 69 74 77 82 86 87 93 95 118 119 123 129 133 155 161 177 187 203 209 247 259 287 295 299 319 413 703 1121 2537
48 6 10 14 15 21 22 26 33 34 35 38 39 46 51 55 57 58 62 65 69 74 77 82 86 87 93 95 118 119 123 133 155 161 185 187 203 209 215 247 259 287 295 299 319 323 413 629 731
48 6 10 14 15 21 22 26 33 34 35 38 39 46 51 55 57 58 62 65 69 74 77 82 86 91 93 94 95 111 119 123 129 133 145 155 185 187 203 235 253 287 295 649 851 1073 1711 2537 2773
48 6 10 14 15 21 22 26 33 34 35 38 39 46 51 55 57 58 62 65 69 74 77 82 86 91 93 94 95 111 119 123 129 133 145 155 185 187 215 253 287 301 473 517 551 851 893 1073 2021
48 6 10 14 15 21 22 26 33 34 35 38 39 46 51 55 57 58 62 65 69 74 77 82 86 91 93 94 95 115 119 123 133 141 143 145 155 203 218 221 235 287 326 493 559 2021 3749 4033 17767
48 6 10 14 15 21 22 26 33 34 35 38 39 46 51 55 57 58 62 65 69 74 77 82 86 91 93 95 111 115 118 119 123 129 133 145 155 161 185 187 259 287 319 1357 2537 2701 6017 12581 39931
48 6 10 14 15 21 22 26 33 34 35 38 39 46 51 55 57 58 62 65 69 74 77 82 86 91 93 95 111 115 118 119 123 129 133 145 155 177 185 203 237 287 851 869 1073 1343 1711 1817 2537
48 6 10 14 15 21 22 26 33 34 35 38 39 46 51 55 57 58 62 65 69 74 77 82 86 91 93 95 111 115 118 119 123 129 133 145 155 185 187 203 253 287 649 851 943 1073 1711 2419 2537
48 6 10 14 15 21 22 26 33 34 35 38 39 46 51 55 57 58 62 65 69 74 77 82 86 91 93 95 111 115 118 119 129 133 143 145 155 177 185 187 253 319 533 851 943 1073 1189 1711 2537
48 6 10 14 15 21 22 26 33 34 35 38 39 46 51 55 57 58 62 65 69 74 77 82 86 91 93 95 111 118 119 123 129 133 145 155 177 185 187 203 253 287 309 515 851 1073 1133 1711 2537
48 6 10 14 15 21 22 26 33 34 35 38 39 46 51 55 57 58 62 65 69 74 77 82 86 91 93 95 111 119 123 129 133 143 145 155 161 166 187 259 287 299 319 473 481 559 913 1591 3569
48 6 10 14 15 21 22 26 33 34 35 38 39 46 51 55 57 58 62 65 69 74 77 82 86 91 93 95 111 119 123 129 133 143 145 155 185 203 206 215 221 253 287 473 493 559 851 3811 4429
48 6 10 14 15 21 22 26 33 34 35 38 39 46 51 55 57 58 62 65 69 74 77 82 86 91 93 95 118 119 122 123 129 133 145 155 158 161 183 209 259 287 319 671 703 1343 1357 1501 2537
48 6 10 14 15 21 22 26 33 34 35 38 39 46 51 55 57 58 62 65 69 74 77 82 86 91 93 95 118 119 123 133 145 155 161 177 185 187 209 215 247 259 287 319 323 629 731 767 1357
48 6 10 14 15 21 22 26 33 34 35 38 39 46 51 55 57 58 62 65 69 74 77 82 86 91 93 95 119 123 129 133 142 145 155 161 177 187 209 213 247 259 287 299 319 703 923 1121 2537
48 6 10 14 15 21 22 26 33 34 35 38 39 46 51 55 57 58 62 65 69 74 77 82 86 91 93 95 119 123 133 142 145 155 161 185 187 209 213 215 247 259 287 299 319 323 629 731 923
48 6 10 14 15 21 22 26 33 34 35 38 39 46 51 55 57 58 62 65 69 74 77 82 86 91 93 111 118 119 123 129 133 143 145 155 161 203 221 259 287 295 299 301 413 481 493 817 1591
48 6 10 14 15 21 22 26 33 34 35 38 39 46 51 55 57 58 62 65 69 74 77 82 87 91 93 94 95 111 115 119 123 133 141 142 155 161 187 253 259 287 355 667 2059 40555 89221 300107 381217
48 6 10 14 15 21 22 26 33 34 35 38 39 46 51 55 57 58 62 65 69 74 77 82 87 91 93 94 95 111 115 119 123 133 141 155 158 187 203 235 287 395 517 551 851 893 1073 1817 2923
48 6 10 14 15 21 22 26 33 34 35 38 39 46 51 55 57 58 62 65 69 74 77 82 87 91 93 94 95 111 118 119 123 133 141 145 155 187 253 287 295 329 407 413 505 851 2929 3737 4747
48 6 10 14 15 21 22 26 33 34 35 38 39 46 51 55 57 58 62 65 69 74 77 82 87 91 93 94 95 111 119 123 141 145 155 158 161 185 187 235 287 299 377 395 517 893 1501 2291 2923
48 6 10 14 15 21 22 26 33 34 35 38 39 46 51 55 57 58 62 65 69 74 77 82 87 91 93 94 95 115 119 123 129 141 145 155 187 209 214 235 253 259 287 437 703 1177 1247 2021 2461
48 6 10 14 15 21 22 26 33 34 35 38 39 46 51 55 57 58 62 65 69 74 77 82 87 91 93 94 95 118 119 123 129 133 141 143 155 221 253 287 295 329 413 473 493 559 851 1363 1739
48 6 10 14 15 21 22 26 33 34 35 38 39 46 51 55 57 58 62 65 69 74 77 82 87 91 93 94 95 118 119 123 129 133 145 155 161 177 187 247 259 287 517 703 767 893 1247 1357 2021
48 6 10 14 15 21 22 26 33 34 35 38 39 46 51 55 57 58 62 65 69 74 77 82 87 91 93 94 95 118 119 123 133 141 143 155 187 201 203 253 287 295 319 413 469 851 871 1739 3149
48 6 10 14 15 21 22 26 33 34 35 38 39 46 51 55 57 58 62 65 69 74 77 82 87 91 93 94 95 119 123 129 133 142 145 155 161 187 213 247 259 287 299 517 703 893 923 1247 2021
48 6 10 14 15 21 22 26 33 34 35 38 39 46 51 55 57 58 62 65 69 74 77 82 87 91 93 94 95 119 123 133 134 141 143 155 187 201 203 205 253 287 319 335 533 851 1739 2747 3149
48 6 10 14 15 21 22 26 33 34 35 38 39 46 51 55 57 58 62 65 69 74 77 82 87 91 93 95 106 115 119 122 123 133 155 159 183 187 203 218 265 287 319 326 583 671 3749 4033 17767
48 6 10 14 15 21 22 26 33 34 35 38 39 46 51 55 57 58 62 65 69 74 77 82 87 91 93 95 106 115 119 122 123 155 159 183 187 209 253 259 265 287 299 377 437 583 667 671 703
48 6 10 14 15 21 22 26 33 34 35 38 39 46 51 55 57 58 62 65 69 74 77 82 87 91 93 95 111 115 119 123 133 142 155 161 185 187 214 253 259 287 321 355 407 535 667 2059 3959
48 6 10 14 15 21 22 26 33 34 35 38 39 46 51 55 57 58 62 65 69 74 77 82 87 93 94 95 111 115 118 119 123 133 145 155 161 177 185 187 287 329 517 667 767 851 1073 1357 1363
48 6 10 14 15 21 22 26 33 34 35 38 39 46 51 55 57 58 62 65 69 74 77 82 87 93 94 95 111 115 119 123 133 142 145 155 161 185 187 213 287 299 329 517 667 851 923 1073 1363
48 6 10 14 15 21 22 26 33 34 35 38 39 46 51 55 57 58 62 65 69 74 77 85 86 87 91 93 94 95 106 129 133 141 145 155 159 203 253 265 301 329 493 583 731 851 1247 1363 1739
48 6 10 14 15 21 22 26 33 34 35 38 39 46 51 55 57 58 62 65 69 74 77 85 86 87 91 93 94 95 106 133 141 155 185 187 203 209 235 247 259 299 319 323 559 629 689 1219 2021
48 6 10 14 15 21 22 26 33 34 35 38 39 46 51 55 57 58 62 65 69 74 77 85 86 87 91 93 94 95 111 115 119 133 141 145 146 155 187 213 517 629 799 1247 1591 1633 2021 2627 5183
48 6 10 14 15 21 22 26 33 34 35 38 39 46 51 55 57 58 62 65 69 74 77 85 86 87 91 93 94 95 111 115 119 133 141 145 146 155 213 235 365 781 803 1241 1247 1591 1633 2021 2701
48 6 10 14 15 21 22 26 33 34 35 38 39 46 51 55 57 58 62 65 69 74 77 85 86 87 91 93 94 95 111 115 119 133 143 145 155 221 259 299 329 391 481 482 723 1247 1591 2021 11327
48 6 10 14 15 21 22 26 33 34 35 38 39 46 51 55 57 58 62 65 69 74 77 85 86 87 91 93 94 95 111 119 122 129 133 141 145 155 183 215 517 671 731 799 1247 2021 31807 43033 69227
48 6 10 14 15 21 22 26 33 34 35 38 39 46 51 55 57 58 62 65 69 74 77 85 86 87 91 93 94 95 111 119 123 133 141 143 155 185 218 221 235 391 559 1817 2021 2923 3161 3239 8611
48 6 10 14 15 21 22 26 33 34 35 38 39 46 51 55 57 58 62 65 69 74 77 85 86 87 91 93 94 95 111 122 129 133 141 145 155 183 215 217 517 629 671 713 731 799 1147 1247 2021
48 6 10 14 15 21 22 26 33 34 35 38 39 46 51 55 57 58 62 65 69 74 77 85 86 87 91 93 94 95 115 119 122 133 141 145 155 183 187 213 517 629 671 781 799 1247 1591 1633 2021
48 6 10 14 15 21 22 26 33 34 35 38 39 46 51 55 57 58 62 65 69 74 77 85 86 87 91 93 94 95 115 119 133 141 143 145 155 161 202 221 329 391 559 851 1081 1739 2021 2929 4747
48 6 10 14 15 21 22 26 33 34 35 38 39 46 51 55 57 58 62 65 69 74 77 85 86 87 91 93 94 95 115 119 133 141 143 145 155 185 221 226 299 391 481 565 1247 1591 1739 2021 5311
48 6 10 14 15 21 22 26 33 34 35 38 39 46 51 55 57 58 62 65 69 74 77 85 86 87 91 93 94 95 115 119 133 141 143 145 155 185 221 235 299 391 481 538 1247 1345 1591 2021 9953
48 6 10 14 15 21 22 26 33 34 35 38 39 46 51 55 57 58 62 65 69 74 77 85 86 87 91 93 95 106 111 115 118 119 129 133 143 145 155 391 481 629 689 1073 1357 2537 16609 28333 51781
48 6 10 14 15 21 22 26 33 34 35 38 39 46 51 55 57 58 62 65 69 74 77 85 86 87 91 93 95 106 111 118 129 133 155 161 185 187 203 205 265 319 451 629 901 1357 1517 2173 2537
48 6 10 14 15 21 22 26 33 34 35 38 39 46 51 55 57 58 62 65 69 74 77 85 86 87 91 93 95 111 115 118 119 122 129 133 143 145 155 221 391 559 1247 1357 2537 3599 233507 271373 372349
48 6 10 14 15 21 22 26 33 34 35 38 39 46 51 55 57 58 62 65 69 74 77 85 86 87 91 93 95 111 115 118 119 133 143 145 155 185 215 221 237 346 391 1247 1357 2249 2537 2923 13667
48 6 10 14 15 21 22 26 33 34 35 38 39 46 51 55 57 58 62 65 69 74 77 85 86 87 91 93 95 111 115 119 122 129 133 143 145 155 185 215 299 391 793 1046 1247 2623 8891 19351 22489
48 6 10 14 15 21 22 26 33 34 35 38 39 46 51 55 57 58 62 65 69 74 77 85 86 87 91 93 95 111 115 119 123 133 143 145 155 203 219 221 287 299 391 481 1299 1763 2117 16021 31609
48 6 10 14 15 21 22 26 33 34 35 38 39 46 51 55 57 58 62 65 69 74 77 85 86 87 91 93 95 111 115 119 123 133 143 155 185 203 221 287 299 319 391 407 481 933 1555 1763 11507
48 6 10 14 15 21 22 26 33 34 35 38 39 46 51 55 57 58 62 65 69 74 77 85 86 87 91 93 95 111 115 119 123 133 145 155 161 187 221 253 259 287 407 629 667 1509 1763 6539 14587
48 6 10 14 15 21 22 26 33 34 35 38 39 46 51 55 57 58 62 65 69 74 77 85 86 87 91 93 95 111 115 119 129 133 143 145 155 161 221 259 287 391 559 851 943 989 1247 1517 1591
48 6 10 14 15 21 22 26 33 34 35 38 39 46 51 55 57 58 62 65 69 74 77 85 86 87 91 93 95 111 115 119 129 133 143 145 155 221 259 299 301 371 391 481 629 731 901 1247 1961
48 6 10 14 15 21 22 26 33 34 35 38 39 46 51 55 57 58 62 65 69 74 77 85 86 87 91 93 95 111 115 119 129 133 155 161 187 221 253 259 287 295 377 407 533 629 667 2419 2537
48 6 10 14 15 21 22 26 33 34 35 38 39 46 51 55 57 58 62 65 69 74 77 85 86 87 91 93 95 111 115 119 129 145 155 161 187 203 253 259 301 323 407 493 551 629 667 731 1247
48 6 10 14 15 21 22 26 33 34 35 38 39 46 51 55 57 58 62 65 69 74 77 85 86 87 91 93 95 111 115 122 133 145 155 161 183 185 203 214 215 319 493 671 731 851 1073 1177 2461
48 6 10 14 15 21 22 26 33 34 35 38 39 46 51 55 57 58 62 65 69 74 77 85 86 87 91 93 95 111 115 123 129 133 143 145 155 161 221 299 301 309 481 629 731 943 1247 3811 4223
48 6 10 14 15 21 22 26 33 34 35 38 39 46 51 55 57 58 62 65 69 74 77 85 86 87 91 93 95 111 119 129 133 143 145 155 185 187 203 253 287 295 319 493 533 851 1073 2419 2537
48 6 10 14 15 21 22 26 33 34 35 38 39 46 51 55 57 58 62 65 69 74 77 85 86 87 91 93 95 111 119 129 133 145 155 161 187 215 217 253 259 301 407 493 527 629 713 899 989
48 6 10 14 15 21 22 26 33 34 35 38 39 46 51 55 57 58 62 65 69 74 77 85 86 87 91 93 95 115 119 122 129 133 143 145 155 183 187 214 221 559 629 671 989 1177 1247 1591 2461
48 6 10 14 15 21 22 26 33 34 35 38 39 46 51 55 57 58 62 65 69 74 77 85 86 87 91 93 95 115 119 123 129 133 143 145 155 187 213 221 287 301 559 629 781 1247 1591 1633 1763
48 6 10 14 15 21 22 26 33 34 35 38 39 46 51 55 57 58 62 65 69 74 77 85 86 91 93 94 95 111 119 122 133 141 143 155 183 185 221 235 253 319 391 559 667 671 851 1073 2021
48 6 10 14 15 21 22 26 33 34 35 38 39 46 51 55 57 58 62 65 69 74 77 85 86 91 93 95 106 111 115 118 119 129 133 143 145 155 159 221 377 391 689 1073 1189 1357 1961 2173 2537
48 6 10 14 15 21 22 26 33 34 35 38 39 46 51 55 57 58 62 65 69 74 77 85 86 91 93 95 106 111 118 119 129 133 145 155 177 187 203 253 259 265 371 407 493 851 2183 2537 3127
48 6 10 14 15 21 22 26 33 34 35 38 39 46 51 55 57 58 62 65 69 74 77 85 86 91 93 95 111 115 118 119 122 133 143 145 155 185 215 221 299 319 391 481 649 731 1003 2183 3599
48 6 10 14 15 21 22 26 33 34 35 38 39 46 51 55 57 58 62 65 69 74 77 85 86 91 93 95 111 115 119 122 133 142 143 145 155 183 187 213 221 319 473 559 629 671 1591 1633 2627
48 6 10 14 15 21 22 26 33 34 35 38 39 46 51 55 57 58 62 65 69 74 77 85 86 91 93 95 111 115 123 129 133 143 145 155 161 185 203 215 221 253 473 559 629 667 731 1189 1517
48 6 10 14 15 21 22 26 33 34 35 38 39 46 51 55 57 58 62 65 69 74 77 85 86 91 93 95 111 118 122 129 133 143 145 155 161 177 185 203 221 295 299 481 493 1003 2183 2537 3599
48 6 10 14 15 21 22 26 33 34 35 38 39 46 51 55 57 58 62 65 69 74 77 85 86 91 93 95 115 118 119 122 123 129 133 143 145 155 183 221 319 391 407 533 793 1357 1517 2501 2537
48 6 10 14 15 21 22 26 33 34 35 38 39 46 51 55 57 58 62 65 69 74 77 85 87 91 93 94 95 111 115 118 119 133 141 145 155 177 202 259 329 391 407 629 649 1003 1357 2929 4747
48 6 10 14 15 21 22 26 33 34 35 38 39 46 51 55 57 58 62 65 69 74 77 85 87 91 93 94 95 111 115 119 123 133 141 145 155 161 187 253 329 407 493 667 1073 1189 1363 1517 1739
48 6 10 14 15 21 22 26 33 34 35 38 39 46 51 55 57 58 62 65 69 74 77 85 87 91 93 94 95 111 115 119 123 133 141 155 185 187 205 253 259 329 407 493 851 943 1363 1517 1739
48 6 10 14 15 21 22 26 33 34 35 38 39 46 51 55 57 58 62 65 69 74 77 85 87 91 93 94 95 111 115 119 129 133 141 143 145 155 201 221 299 391 481 893 1247 1273 1739 2021 2479
48 6 10 14 15 21 22 26 33 34 35 38 39 46 51 55 57 58 62 65 69 74 77 85 87 91 93 94 95 111 115 119 129 133 141 143 145 155 221 235 299 327 391 481 1247 2021 2165 16021 47197
48 6 10 14 15 21 22 26 33 34 35 38 39 46 51 55 57 58 62 65 69 74 77 85 87 91 93 94 95 111 115 119 129 133 141 143 145 155 221 235 299 365 391 481 1247 1299 2021 16021 31609
48 6 10 14 15 21 22 26 33 34 35 38 39 46 51 55 57 58 62 65 69 74 77 85 87 91 93 94 95 111 115 119 129 133 143 145 155 215 235 259 299 329 391 481 559 799 1247 1591 2021
48 6 10 14 15 21 22 26 33 34 35 38 39 46 51 55 57 58 62 65 69 74 77 85 87 91 93 94 95 111 115 119 129 133 143 145 155 221 259 299 319 329 391 473 481 517 1247 1363 1591
48 6 10 14 15 21 22 26 33 34 35 38 39 46 51 55 57 58 62 65 69 74 77 85 87 91 93 94 95 111 115 119 129 133 145 155 161 187 221 253 329 473 481 517 559 629 667 1073 1363
48 6 10 14 15 21 22 26 33 34 35 38 39 46 51 55 57 58 62 65 69 74 77 85 87 91 93 94 95 111 115 119 133 141 143 145 155 202 221 259 299 329 382 391 481 573 2929 4747 7067
48 6 10 14 15 21 22 26 33 34 35 38 39 46 51 55 57 58 62 65 69 74 77 85 87 91 93 94 95 111 119 122 129 133 141 145 155 158 183 185 391 395 517 671 799 1247 1817 2021 2923
48 6 10 14 15 21 22 26 33 34 35 38 39 46 51 55 57 58 62 65 69 74 77 85 87 91 93 94 95 115 119 129 133 141 143 145 155 187 213 215 221 235 559 629 781 1247 1591 1633 2021
48 6 10 14 15 21 22 26 33 34 35 38 39 46 51 55 57 58 62 65 69 74 77 85 87 91 93 94 95 119 123 129 133 141 143 145 155 185 205 221 235 299 391 481 851 943 1247 1517 2021
48 6 10 14 15 21 22 26 33 34 35 38 39 46 51 55 57 58 62 65 69 74 77 85 87 91 93 95 111 115 118 119 123 133 143 155 177 185 203 205 287 319 391 533 629 649 1003 1357 1517
48 6 10 14 15 21 22 26 33 34 35 38 39 46 51 55 57 58 62 65 69 74 77 85 87 91 93 95 111 115 118 119 133 143 155 177 185 203 213 221 299 319 355 391 413 481 497 649 2183
48 6 10 14 15 21 22 26 33 34 35 38 39 46 51 55 57 58 62 65 69 74 77 85 87 91 93 95 111 115 118 123 133 143 155 177 185 203 205 221 287 299 319 391 413 481 649 697 2183
48 6 10 14 15 21 22 26 33 34 35 38 39 46 51 55 57 58 62 65 69 74 77 85 87 91 93 95 111 115 118 123 133 155 161 177 185 187 203 205 209 247 319 323 629 767 943 1357 1517
48 6 10 14 15 21 22 26 33 34 35 38 39 46 51 55 57 58 62 65 69 74 77 85 87 91 93 95 111 115 123 133 142 155 161 185 187 203 205 209 213 247 299 319 323 629 923 943 1517
48 6 10 14 15 21 22 26 33 34 35 38 39 46 51 55 57 58 62 65 69 74 77 85 91 93 94 95 111 115 118 119 122 133 143 145 155 185 221 235 295 299 319 391 481 649 2183 2773 3599
48 6 10 14 15 21 22 26 33 34 35 38 39 46 51 55 57 58 62 65 69 74 77 85 91 93 94 95 111 115 119 122 133 134 141 143 145 155 183 221 299 319 391 481 671 737 1739 2479 3149
48 6 10 14 15 21 22 26 33 34 35 38 39 46 51 55 57 58 62 65 69 74 77 86 87 91 93 94 95 111 115 119 122 129 133 145 155 161 185 187 329 517 667 851 1073 1357 1363 2537 3599
48 6 10 14 15 21 22 26 33 34 35 38 39 46 51 55 57 58 62 65 69 74 77 86 87 91 93 94 95 115 119 122 123 133 141 143 145 155 183 235 299 391 629 697 793 1247 1591 2021 2501
48 6 10 14 15 21 22 26 33 34 35 38 39 46 51 55 57 58 62 65 69 74 77 86 87 91 93 95 106 111 115 118 119 129 133 143 145 155 185 221 377 493 667 689 851 1073 1219 1357 2537
48 6 10 14 15 21 22 26 33 34 35 38 39 46 51 55 57 58 62 65 69 74 77 86 87 91 93 95 106 111 115 118 119 129 133 143 155 185 187 253 295 319 481 667 689 1219 1711 2183 2537
48 6 10 14 15 21 22 26 33 34 35 38 39 46 51 55 57 58 62 65 69 74 77 86 87 91 93 95 111 118 119 122 133 143 155 161 183 187 203 259 295 299 319 413 473 481 559 671 1591
48 6 10 14 15 21 22 26 33 34 35 38 39 46 51 55 57 58 62 65 69 74 77 86 91 93 95 106 111 118 119 129 133 143 145 155 161 177 185 203 221 265 299 371 481 493 2183 2537 3127
48 6 10 14 15 21 22 26 33 34 35 38 39 46 51 55 57 58 62 65 69 74 82 85 86 87 91 93 94 95 111 115 123 133 141 142 145 155 202 259 329 407 629 1207 1633 1763 2911 2929 4747
48 6 10 14 15 21 22 26 33 34 35 38 39 46 51 55 57 58 62 65 69 74 82 85 86 87 91 93 94 95 111 119 123 133 141 155 185 187 235 253 287 427 493 559 793 851 1073 1769 2021
48 6 10 14 15 21 22 26 33 34 35 38 39 46 51 55 57 58 62 65 69 74 82 85 86 87 91 93 94 95 111 123 133 141 145 155 161 215 259 287 299 377 407 551 629 731 799 893 1363
48 6 10 14 15 21 22 26 33 34 35 38 39 46 51 55 57 58 62 65 69 74 82 85 86 87 91 93 94 95 115 119 123 129 133 141 155 187 253 287 295 329 493 851 943 1363 1739 2419 2537
48 6 10 14 15 21 22 26 33 34 35 38 39 46 51 55 57 58 62 65 69 74 82 85 86 87 91 93 94 95 118 122 123 133 141 155 183 215 253 287 295 329 413 493 671 731 851 1363 1739
48 6 10 14 15 21 22 26 33 34 35 38 39 46 51 55 57 58 62 65 69 74 82 85 86 87 91 93 94 95 119 123 133 155 161 185 187 203 221 235 259 299 319 517 533 611 629 1763 1927
48 6 10 14 15 21 22 26 33 34 35 38 39 46 51 55 57 58 62 65 69 74 82 85 86 87 91 93 95 111 115 118 123 129 145 155 177 187 213 259 287 323 407 551 629 781 1633 1711 2537
48 6 10 14 15 21 22 26 33 34 35 38 39 46 51 55 57 58 62 65 69 74 82 85 86 87 91 93 95 111 115 119 133 134 145 155 161 187 201 203 253 259 493 667 1073 1517 1763 1943 2747
48 6 10 14 15 21 22 26 33 34 35 38 39 46 51 55 57 58 62 65 69 74 82 85 86 87 91 93 95 111 118 119 129 133 143 155 161 185 203 205 259 319 365 533 1241 1357 2537 2701 2993
48 6 10 14 15 21 22 26 33 34 35 38 39 46 51 55 57 58 62 65 69 74 82 85 86 87 91 93 95 111 118 123 133 142 145 146 155 161 213 215 259 287 407 629 1207 1247 1357 2537 5183
48 6 10 14 15 21 22 26 33 34 35 38 39 46 51 55 57 58 62 65 69 74 82 85 86 87 91 93 95 115 118 119 123 129 133 155 161 177 187 203 253 287 493 667 1711 2395 2537 3353 17723
48 6 10 14 15 21 22 26 33 34 35 38 39 46 51 55 57 58 62 65 69 74 82 85 86 87 91 93 95 115 118 119 123 129 155 161 177 187 253 259 287 295 413 493 551 667 703 1121 2537
48 6 10 14 15 21 22 26 33 34 35 38 39 46 51 55 57 58 62 65 69 74 82 85 86 87 91 93 95 115 118 119 123 133 143 155 161 203 221 287 295 319 391 413 559 851 1081 1739 2021
48 6 10 14 15 21 22 26 33 34 35 38 39 46 51 55 57 58 62 65 69 74 82 85 86 87 91 93 95 115 118 119 123 155 161 185 187 215 253 259 287 295 323 413 493 551 629 667 731
48 6 10 14 15 21 22 26 33 34 35 38 39 46 51 55 57 58 62 65 69 74 82 85 86 87 91 93 95 115 123 129 133 142 155 161 177 185 187 253 259 287 323 355 629 667 1121 2059 2537
48 6 10 14 15 21 22 26 33 34 35 38 39 46 51 55 57 58 62 65 69 74 82 85 86 87 91 95 111 115 118 119 123 129 133 161 177 187 203 217 253 287 493 527 629 667 1147 1711 2537
48 6 10 14 15 21 22 26 33 34 35 38 39 46 51 55 57 58 62 65 69 74 82 85 86 87 93 95 118 119 123 129 133 141 155 161 185 187 203 221 235 259 287 319 517 611 629 1357 2537
48 6 10 14 15 21 22 26 33 34 35 38 39 46 51 55 57 58 62 65 69 74 82 85 86 91 93 111 115 118 119 123 129 133 143 145 155 221 259 287 295 299 301 319 391 413 481 817 1591
48 6 10 14 15 21 22 26 33 34 35 38 39 46 51 55 57 58 62 65 69 74 82 85 87 91 93 94 95 111 115 119 123 133 134 141 143 203 221 287 299 319 391 469 481 1739 2077 2479 3149
48 6 10 14 15 21 22 26 33 34 35 38 39 46 51 55 57 58 62 65 69 74 82 85 87 91 93 94 95 115 118 119 123 133 143 155 203 247 259 287 295 299 319 391 413 611 703 799 893
48 6 10 14 15 21 22 26 33 34 35 38 39 46 51 55 57 58 62 65 69 74 82 85 87 91 93 95 111 115 118 119 123 133 143 155 203 221 259 287 295 299 319 382 391 413 481 573 7067
48 6 10 14 15 21 22 26 33 34 35 38 39 46 51 55 57 58 62 65 69 74 82 86 87 91 93 94 95 111 115 123 133 141 143 145 155 203 235 287 299 319 391 481 493 559 629 1073 2021
48 6 10 14 15 21 22 26 33 34 35 38 39 46 51 55 57 58 62 65 69 74 82 86 87 91 93 94 95 111 119 123 133 141 145 155 185 187 202 206 215 253 287 329 851 2929 3811 4429 4747
48 6 10 14 15 21 22 26 33 34 35 38 39 46 51 55 57 58 62 65 69 74 82 86 87 91 93 95 115 119 123 129 133 142 155 161 187 203 213 215 253 259 287 301 319 407 989 1633 2627
48 6 10 14 15 21 22 26 33 34 35 38 39 46 51 55 57 58 62 65 69 74 82 86 87 93 94 95 111 115 119 123 133 141 145 155 161 187 203 235 253 259 287 377 481 667 1247 1591 2021
48 6 10 14 15 21 22 26 33 34 35 38 39 46 51 55 57 58 62 65 69 74 85 86 91 93 95 106 111 115 118 119 129 133 143 145 155 177 185 221 265 299 319 371 391 481 2183 2537 3127
48 6 10 14 15 21 22 26 33 34 35 38 39 46 51 55 57 58 62 65 69 77 82 85 86 87 91 93 94 95 106 115 119 133 155 159 161 215 253 265 329 451 517 583 667 697 731 1189 1363
48 6 10 14 15 21 22 26 33 34 35 38 39 46 51 55 57 58 62 65 69 77 82 85 86 87 91 93 94 95 106 119 129 133 141 145 155 159 253 265 391 451 517 583 799 943 1247 1763 2021
48 6 10 14 15 21 22 26 33 34 35 38 39 46 51 55 57 58 62 65 69 77 82 85 86 87 91 93 94 95 111 115 119 133 141 146 155 187 205 213 235 493 517 1363 1633 1763 1927 2627 5183
48 6 10 14 15 21 22 26 33 34 35 38 39 46 51 55 57 58 62 65 69 77 82 85 86 87 91 93 94 95 115 119 122 123 129 133 141 155 203 287 319 391 799 1345 1357 2537 2959 3599 12643
48 6 10 14 15 21 22 26 33 34 35 38 39 46 51 55 57 58 62 65 69 77 82 85 86 87 91 93 94 95 115 119 122 123 133 143 145 155 203 221 287 391 559 1357 2537 3599 12209 18103 19787
48 6 10 14 15 21 22 26 33 34 35 38 39 46 51 55 57 58 62 65 69 77 82 85 86 87 91 93 94 95 115 119 122 133 141 143 145 155 161 299 329 697 731 793 943 1247 1927 2021 2623
48 6 10 14 15 21 22 26 33 34 35 38 39 46 51 55 57 58 62 65 69 77 82 85 86 87 91 93 94 95 115 119 122 133 141 155 183 187 205 213 235 493 517 671 781 1363 1633 1763 1927
48 6 10 14 15 21 22 26 33 34 35 38 39 46 51 55 57 58 62 65 69 77 82 85 86 87 91 93 94 95 115 119 123 129 133 141 145 146 155 187 517 799 1207 1247 1633 1763 2021 2911 5183
48 6 10 14 15 21 22 26 33 34 35 38 39 46 51 55 57 58 62 65 69 77 82 85 86 87 91 93 94 95 115 119 123 133 141 146 155 203 219 235 287 319 355 781 1241 1633 2021 3053 3139
48 6 10 14 15 21 22 26 33 34 35 38 39 46 51 55 57 58 62 65 69 77 82 85 86 87 91 93 94 95 115 119 133 141 145 155 161 187 202 299 319 329 377 451 493 943 1763 2929 4747
48 6 10 14 15 21 22 26 33 34 35 38 39 46 51 55 57 58 62 65 69 77 82 85 86 87 91 93 94 95 115 123 129 133 141 145 155 194 215 235 253 287 679 731 1067 1247 1649 2021 2231
48 6 10 14 15 21 22 26 33 34 35 38 39 46 51 55 57 58 62 65 69 77 82 85 86 87 91 93 94 95 119 122 123 129 133 155 161 187 213 287 329 355 493 497 517 1357 1363 2537 3599
48 6 10 14 15 21 22 26 33 34 35 38 39 46 51 55 57 58 62 65 69 77 82 85 86 87 91 93 94 95 119 122 123 133 145 155 161 187 203 215 287 329 493 517 1247 1357 1363 2537 3599
48 6 10 14 15 21 22 26 33 34 35 38 39 46 51 55 57 58 62 65 69 77 82 85 86 87 91 93 94 95 119 123 129 133 141 145 155 161 202 215 287 301 329 989 2929 3047 4709 4747 6371
48 6 10 14 15 21 22 26 33 34 35 38 39 46 51 55 57 58 62 65 69 77 82 85 86 87 91 93 94 95 119 123 133 141 143 145 155 161 202 215 299 329 417 697 731 1807 2929 4747 5699
48 6 10 14 15 21 22 26 33 34 35 38 39 46 51 55 57 58 62 65 69 77 82 85 86 87 91 93 94 95 122 123 129 133 141 143 145 155 161 215 299 301 793 1247 1927 2623 2771 6683 7661
48 6 10 14 15 21 22 26 33 34 35 38 39 46 51 55 57 58 62 65 69 77 82 85 86 87 91 93 94 115 119 123 129 133 141 146 155 203 213 219 235 287 319 781 817 1241 1633 2021 3139
48 6 10 14 15 21 22 26 33 34 35 38 39 46 51 55 57 58 62 65 69 77 82 85 86 87 91 93 95 106 115 119 123 133 143 155 158 161 221 287 377 391 395 553 667 689 989 1219 3397
48 6 10 14 15 21 22 26 33 34 35 38 39 46 51 55 57 58 62 65 69 77 82 85 86 87 91 93 95 106 115 123 133 134 155 159 161 201 203 215 253 265 493 583 667 731 1189 1943 2747
48 6 10 14 15 21 22 26 33 34 35 38 39 46 51 55 57 58 62 65 69 77 82 85 86 87 91 93 95 106 118 119 123 129 133 143 155 213 221 287 355 377 391 497 667 689 1219 1357 2537
48 6 10 14 15 21 22 26 33 34 35 38 39 46 51 55 57 58 62 65 69 77 82 85 86 87 91 93 95 106 118 119 123 129 145 155 159 161 187 265 287 319 493 583 913 1357 1577 2407 2537
48 6 10 14 15 21 22 26 33 34 35 38 39 46 51 55 57 58 62 65 69 77 82 85 86 87 91 93 95 106 118 119 123 133 143 145 155 203 215 221 287 377 391 667 689 1219 1247 1357 2537
48 6 10 14 15 21 22 26 33 34 35 38 39 46 51 55 57 58 62 65 69 77 82 85 86 87 91 93 95 106 118 119 129 133 145 155 159 177 221 253 265 377 391 533 583 943 1189 1711 2537
48 6 10 14 15 21 22 26 33 34 35 38 39 46 51 55 57 58 62 65 69 77 82 85 86 87 91 93 95 106 118 123 133 155 187 203 209 215 221 247 287 295 299 319 323 413 689 731 1219
48 6 10 14 15 21 22 26 33 34 35 38 39 46 51 55 57 58 62 65 69 77 82 85 86 87 91 93 95 106 119 123 129 133 134 145 155 159 253 265 287 301 583 629 731 851 1139 1247 2479
48 6 10 14 15 21 22 26 33 34 35 38 39 46 51 55 57 58 62 65 69 77 82 85 86 87 91 93 95 111 115 119 123 129 133 143 145 155 221 259 287 299 391 481 1247 5277 12313 65083 75637
48 6 10 14 15 21 22 26 33 34 35 38 39 46 51 55 57 58 62 65 69 77 82 85 86 87 91 93 95 111 115 119 123 129 133 143 145 155 221 287 299 301 391 481 1247 1591 5493 67747 78733
48 6 10 14 15 21 22 26 33 34 35 38 39 46 51 55 57 58 62 65 69 77 82 85 86 87 91 93 95 111 115 119 123 133 143 145 155 185 215 221 287 301 391 559 591 1247 4531 7289 8471
48 6 10 14 15 21 22 26 33 34 35 38 39 46 51 55 57 58 62 65 69 77 82 85 86 87 91 93 95 111 123 133 143 155 161 185 203 213 215 221 287 299 319 355 407 481 497 629 731
48 6 10 14 15 21 22 26 33 34 35 38 39 46 51 55 57 58 62 65 69 77 82 85 86 87 91 93 95 115 118 119 122 123 129 133 145 155 183 203 287 391 671 1263 1357 2537 4631 7157 12209
48 6 10 14 15 21 22 26 33 34 35 38 39 46 51 55 57 58 62 65 69 77 82 85 86 87 91 93 95 115 118 119 122 123 129 133 155 203 213 287 295 319 323 781 1003 1121 1633 2537 3599
48 6 10 14 15 21 22 26 33 34 35 38 39 46 51 55 57 58 62 65 69 77 82 85 86 87 91 93 95 115 118 119 122 129 133 155 183 203 205 235 287 319 391 451 671 799 1357 1927 2537
48 6 10 14 15 21 22 26 33 34 35 38 39 46 51 55 57 58 62 65 69 77 82 85 86 87 91 93 95 115 118 119 123 129 133 143 145 155 177 221 299 377 391 1189 1282 1711 2537 8333 26281
48 6 10 14 15 21 22 26 33 34 35 38 39 46 51 55 57 58 62 65 69 77 82 85 86 87 91 93 95 115 118 119 123 129 133 143 145 155 177 287 301 391 562 731 767 1247 1357 3653 4777
48 6 10 14 15 21 22 26 33 34 35 38 39 46 51 55 57 58 62 65 69 77 82 85 86 87 91 93 95 115 118 119 123 129 133 143 145 155 203 287 298 377 391 447 1357 1937 2533 2537 4321
48 6 10 14 15 21 22 26 33 34 35 38 39 46 51 55 57 58 62 65 69 77 82 85 86 87 91 93 95 115 118 119 123 129 133 143 155 178 203 221 267 287 391 445 1357 2537 10699 23867 73247
48 6 10 14 15 21 22 26 33 34 35 38 39 46 51 55 57 58 62 65 69 77 82 85 86 87 91 93 95 115 118 119 123 129 133 145 155 177 203 221 287 299 391 466 1711 2537 2563 3029 6757
48 6 10 14 15 21 22 26 33 34 35 38 39 46 51 55 57 58 62 65 69 77 82 85 86 87 91 93 95 115 118 119 123 129 133 145 155 187 203 226 287 339 391 493 1243 1357 1921 2537 3277
48 6 10 14 15 21 22 26 33 34 35 38 39 46 51 55 57 58 62 65 69 77 82 85 86 87 91 93 95 115 118 123 129 133 143 145 146 155 177 287 301 391 511 731 767 949 1241 1247 1357
48 6 10 14 15 21 22 26 33 34 35 38 39 46 51 55 57 58 62 65 69 77 82 85 86 87 91 93 95 115 119 123 129 133 141 143 145 155 203 287 299 377 391 611 767 799 1363 1711 2537
48 6 10 14 15 21 22 26 33 34 35 38 39 46 51 55 57 58 62 65 69 77 82 85 86 87 91 93 95 115 119 123 129 133 141 155 161 187 203 253 287 295 329 493 649 667 1711 2537 2773
48 6 10 14 15 21 22 26 33 34 35 38 39 46 51 55 57 58 62 65 69 77 82 85 86 87 91 93 95 115 119 123 129 133 141 155 161 187 215 265 287 301 329 493 517 989 1219 1363 2491
48 6 10 14 15 21 22 26 33 34 35 38 39 46 51 55 57 58 62 65 69 77 82 85 86 87 91 93 95 115 119 123 129 133 142 143 145 155 213 287 299 301 391 562 731 923 1247 3653 4777
48 6 10 14 15 21 22 26 33 34 35 38 39 46 51 55 57 58 62 65 69 77 82 85 86 87 91 93 95 115 119 123 129 133 143 145 155 203 221 249 287 299 377 391 559 899 1333 2407 2573
48 6 10 14 15 21 22 26 33 34 35 38 39 46 51 55 57 58 62 65 69 77 82 85 86 87 91 93 95 115 119 123 129 133 155 177 187 203 209 247 287 295 319 323 391 767 1003 1357 2537
48 6 10 14 15 21 22 26 33 34 35 38 39 46 51 55 57 58 62 65 69 77 82 85 86 87 91 93 95 115 119 123 133 143 145 155 185 203 215 221 259 287 299 391 481 721 1073 2987 4429
48 6 10 14 15 21 22 26 33 34 35 38 39 46 51 55 57 58 62 65 69 77 82 85 86 87 91 93 95 115 119 123 133 143 155 185 203 205 209 221 287 299 319 391 451 481 703 779 1763
48 6 10 14 15 21 22 26 33 34 35 38 39 46 51 55 57 58 62 65 69 77 82 85 86 87 91 93 95 115 119 123 133 155 187 203 209 215 221 247 265 287 299 319 323 391 689 731 901
48 6 10 14 15 21 22 26 33 34 35 38 39 46 51 55 57 58 62 65 69 77 82 85 86 87 91 93 95 115 123 129 133 142 143 145 146 155 213 287 299 301 391 511 731 923 949 1241 1247
48 6 10 14 15 21 22 26 33 34 35 38 39 46 51 55 57 58 62 65 69 77 82 85 86 87 91 93 95 118 119 123 129 143 145 146 155 161 177 247 287 299 365 551 949 1241 1387 1711 2537
48 6 10 14 15 21 22 26 33 34 35 38 39 46 51 55 57 58 62 65 69 77 82 85 86 87 91 93 95 118 122 123 133 143 155 161 177 183 187 203 205 319 451 533 649 671 1003 1357 1763
48 6 10 14 15 21 22 26 33 34 35 38 39 46 51 55 57 58 62 65 69 77 82 85 86 87 91 95 111 115 119 122 123 133 142 143 145 183 187 205 213 451 493 533 671 899 1633 1763 2627
48 6 10 14 15 21 22 26 33 34 35 38 39 46 51 55 57 58 62 65 69 77 82 85 86 87 93 94 95 106 119 123 129 133 141 145 155 187 215 221 287 299 517 689 731 799 1219 1247 2021
48 6 10 14 15 21 22 26 33 34 35 38 39 46 51 55 57 58 62 65 69 77 82 85 86 87 93 94 95 106 119 123 129 133 143 159 161 187 265 287 299 329 403 493 517 559 583 1333 1363
48 6 10 14 15 21 22 26 33 34 35 38 39 46 51 55 57 58 62 65 69 77 82 85 86 87 93 94 95 115 119 122 123 129 133 141 143 145 155 287 377 391 551 799 893 1357 1363 2537 3599
48 6 10 14 15 21 22 26 33 34 35 38 39 46 51 55 57 58 62 65 69 77 82 85 86 87 93 94 95 115 119 122 123 129 133 143 145 155 177 287 299 391 551 611 799 893 1711 2537 3599
48 6 10 14 15 21 22 26 33 34 35 38 39 46 51 55 57 58 62 65 69 77 82 85 86 87 93 94 95 115 119 122 123 133 141 143 145 155 221 237 287 299 391 611 793 1247 2623 3397 3713
48 6 10 14 15 21 22 26 33 34 35 38 39 46 51 55 57 58 62 65 69 77 82 85 86 87 93 94 95 115 119 123 129 133 141 143 145 155 202 221 287 299 329 391 2219 2929 4121 4747 13631
48 6 10 14 15 21 22 26 33 34 35 38 39 46 51 55 57 58 62 65 69 77 82 85 86 87 93 94 95 115 119 123 129 133 141 143 145 155 215 235 287 299 391 562 731 1247 2021 3653 4777
48 6 10 14 15 21 22 26 33 34 35 38 39 46 51 55 57 58 62 65 69 77 82 85 86 87 93 94 95 115 119 123 129 141 143 145 155 202 221 247 287 299 329 391 559 589 1333 2929 4747
48 6 10 14 15 21 22 26 33 34 35 38 39 46 51 55 57 58 62 65 69 77 82 85 86 87 93 94 95 115 122 123 133 141 143 155 161 183 235 253 287 301 305 377 473 667 1037 2021 2623
48 6 10 14 15 21 22 26 33 34 35 38 39 46 51 55 57 58 62 65 69 77 82 85 86 87 93 94 95 115 123 129 133 141 143 145 146 155 215 235 287 299 391 511 731 949 1241 1247 2021
48 6 10 14 15 21 22 26 33 34 35 38 39 46 51 55 57 58 62 65 69 77 82 85 86 87 93 95 106 115 118 119 123 129 133 143 145 155 159 221 287 377 391 689 1357 1781 2537 3973 7261
48 6 10 14 15 21 22 26 33 34 35 38 39 46 51 55 57 58 62 65 69 77 82 85 86 87 93 95 106 115 118 119 123 129 133 143 145 155 159 287 391 403 493 527 689 899 1357 1643 2537
48 6 10 14 15 21 22 26 33 34 35 38 39 46 51 55 57 58 62 65 69 77 82 85 86 87 93 95 106 115 118 119 123 129 133 143 145 155 177 221 287 299 391 403 1711 2537 118291 126449 216187
48 6 10 14 15 21 22 26 33 34 35 38 39 46 51 55 57 58 62 65 69 77 82 85 86 87 93 95 115 118 119 122 123 133 141 145 155 183 215 221 235 287 391 517 611 671 1247 1357 2537
48 6 10 14 15 21 22 26 33 34 35 38 39 46 51 55 57 58 62 65 69 77 82 85 86 87 93 95 115 119 122 123 129 133 141 142 143 145 155 221 287 299 391 611 793 1247 2623 3053 3337
48 6 10 14 15 21 22 26 33 34 35 38 39 46 51 55 57 58 62 65 69 77 82 85 86 91 93 94 95 106 115 119 123 133 145 155 159 221 235 265 299 319 391 517 533 583 611 1763 1927
48 6 10 14 15 21 22 26 33 34 35 38 39 46 51 55 57 58 62 65 69 77 82 85 86 91 93 94 95 115 119 122 123 133 141 143 145 155 287 299 301 319 391 473 517 793 799 2021 2623
48 6 10 14 15 21 22 26 33 34 35 38 39 46 51 55 57 58 62 65 69 77 82 85 86 91 93 94 95 115 119 123 133 141 143 146 155 203 221 235 287 299 355 377 391 559 2021 2059 5183
48 6 10 14 15 21 22 26 33 34 35 38 39 46 51 55 57 58 62 65 69 77 82 85 86 91 93 94 95 115 119 123 133 141 145 146 155 213 215 219 235 287 301 319 781 1241 1633 2021 3139
48 6 10 14 15 21 22 26 33 34 35 38 39 46 51 55 57 58 62 65 69 77 82 85 86 91 93 95 106 115 119 123 133 142 145 155 159 187 203 215 265 287 355 473 493 583 817 1349 1633
48 6 10 14 15 21 22 26 33 34 35 38 39 46 51 55 57 58 62 65 69 77 82 85 86 91 93 95 106 118 119 123 129 133 145 155 159 161 187 203 265 287 393 493 583 917 1357 1441 2537
48 6 10 14 15 21 22 26 33 34 35 38 39 46 51 55 57 58 62 65 69 77 82 85 86 91 93 95 106 118 119 123 129 133 145 155 159 187 203 213 253 265 287 493 583 781 1357 1633 2537
48 6 10 14 15 21 22 26 33 34 35 38 39 46 51 55 57 58 62 65 69 77 82 85 86 91 93 95 111 115 119 122 123 129 133 142 145 155 183 213 287 301 319 671 1177 1633 1819 2627 4601
48 6 10 14 15 21 22 26 33 34 35 38 39 46 51 55 57 58 62 65 69 77 82 85 86 91 93 95 111 115 119 122 123 133 142 145 155 183 187 203 213 287 381 493 671 1397 1633 2627 5461
48 6 10 14 15 21 22 26 33 34 35 38 39 46 51 55 57 58 62 65 69 77 82 85 86 91 93 95 111 115 119 122 133 142 143 145 155 183 187 203 213 287 451 493 533 671 1633 1763 2627
48 6 10 14 15 21 22 26 33 34 35 38 39 46 51 55 57 58 62 65 69 77 82 85 86 91 93 95 111 115 119 123 129 133 143 145 155 185 215 221 287 299 319 391 407 481 1673 8843 10277
48 6 10 14 15 21 22 26 33 34 35 38 39 46 51 55 57 58 62 65 69 77 82 85 86 91 93 95 111 119 123 129 133 145 155 161 187 203 215 217 253 259 287 301 407 493 713 989 1147
48 6 10 14 15 21 22 26 33 34 35 38 39 46 51 55 57 58 62 65 69 77 82 85 86 91 93 95 115 118 119 122 123 129 133 143 145 155 183 203 221 287 377 391 1357 2537 38207 85231 179279
48 6 10 14 15 21 22 26 33 34 35 38 39 46 51 55 57 58 62 65 69 77 82 85 86 91 93 95 115 118 119 122 123 129 133 145 155 161 183 187 203 287 427 493 1357 1969 2537 4117 10919
48 6 10 14 15 21 22 26 33 34 35 38 39 46 51 55 57 58 62 65 69 77 82 85 86 91 93 95 115 118 119 123 129 133 143 145 146 155 203 219 221 287 391 493 559 1241 1357 2537 3139
48 6 10 14 15 21 22 26 33 34 35 38 39 46 51 55 57 58 62 65 69 77 82 85 86 91 93 95 115 118 122 123 129 133 143 145 155 161 183 187 203 451 493 533 671 697 943 1357 2537
48 6 10 14 15 21 22 26 33 34 35 38 39 46 51 55 57 58 62 65 69 77 82 85 86 91 93 95 115 119 122 123 129 133 142 143 145 155 183 187 221 319 473 559 671 1207 1633 1763 2911
48 6 10 14 15 21 22 26 33 34 35 38 39 46 51 55 57 58 62 65 69 77 82 85 86 91 93 95 115 119 123 133 141 143 145 155 203 209 215 235 247 287 299 323 391 493 517 611 731
48 6 10 14 15 21 22 26 33 34 35 38 39 46 51 55 57 58 62 65 69 77 82 85 86 91 93 106 111 115 119 123 133 142 145 155 159 187 203 213 215 265 287 473 493 583 817 1633 2627
48 6 10 14 15 21 22 26 33 34 35 38 39 46 51 55 57 58 62 65 69 77 82 85 86 93 95 106 115 118 119 123 129 133 141 145 155 159 221 235 265 287 319 391 517 583 611 1357 2537
48 6 10 14 15 21 22 26 33 34 35 38 39 46 51 55 57 58 62 65 69 77 82 85 87 91 93 94 95 111 115 118 119 123 133 146 155 187 213 287 295 329 413 493 517 1363 1633 2627 5183
48 6 10 14 15 21 22 26 33 34 35 38 39 46 51 55 57 58 62 65 69 77 82 85 87 91 93 94 95 111 115 119 122 123 133 142 155 187 213 287 295 329 413 493 517 1363 1633 2627 3599
48 6 10 14 15 21 22 26 33 34 35 38 39 46 51 55 57 58 62 65 69 77 82 85 87 91 93 94 95 111 115 119 123 129 133 141 145 155 187 213 287 497 517 799 1207 1247 1633 2021 2627
48 6 10 14 15 21 22 26 33 34 35 38 39 46 51 55 57 58 62 65 69 77 82 85 87 91 93 94 95 111 115 119 123 133 141 143 145 155 221 287 299 329 391 481 707 851 2323 2929 4747
48 6 10 14 15 21 22 26 33 34 35 38 39 46 51 55 57 58 62 65 69 77 82 85 87 91 93 94 95 111 115 119 123 133 141 143 155 185 203 221 287 299 319 391 481 40555 89221 300107 381217
48 6 10 14 15 21 22 26 33 34 35 38 39 46 51 55 57 58 62 65 69 77 82 85 87 91 93 94 95 111 115 119 123 133 142 145 155 187 202 203 213 287 493 517 1363 1633 2627 2929 4747
48 6 10 14 15 21 22 26 33 34 35 38 39 46 51 55 57 58 62 65 69 77 82 85 87 91 93 94 95 111 123 133 141 143 155 161 185 203 221 235 287 299 301 319 407 481 629 731 2021
48 6 10 14 15 21 22 26 33 34 35 38 39 46 51 55 57 58 62 65 69 77 82 85 87 91 93 94 95 115 118 119 122 123 133 141 145 155 183 287 301 391 517 671 799 1247 1357 2021 2537
48 6 10 14 15 21 22 26 33 34 35 38 39 46 51 55 57 58 62 65 69 77 82 85 87 91 93 94 95 115 118 119 122 123 133 155 177 183 203 287 295 319 391 517 649 671 799 1357 2773
48 6 10 14 15 21 22 26 33 34 35 38 39 46 51 55 57 58 62 65 69 77 82 85 87 91 93 94 95 115 118 119 122 123 133 155 183 187 213 287 295 329 413 493 517 671 781 1363 1633
48 6 10 14 15 21 22 26 33 34 35 38 39 46 51 55 57 58 62 65 69 77 82 85 87 91 93 94 95 115 118 119 123 133 143 155 202 203 221 235 287 299 319 391 505 649 767 1313 2773
48 6 10 14 15 21 22 26 33 34 35 38 39 46 51 55 57 58 62 65 69 77 82 85 87 91 93 94 95 115 119 123 129 133 141 142 145 146 155 187 287 497 517 799 1207 1247 1633 2021 5183
48 6 10 14 15 21 22 26 33 34 35 38 39 46 51 55 57 58 62 65 69 77 82 85 87 91 93 94 95 115 119 123 129 133 141 143 145 155 221 253 287 329 391 473 559 707 2323 2929 4747
48 6 10 14 15 21 22 26 33 34 35 38 39 46 51 55 57 58 62 65 69 77 82 85 87 91 93 94 95 115 119 123 129 133 141 143 155 203 221 235 287 299 305 391 481 1247 1769 2021 2257
48 6 10 14 15 21 22 26 33 34 35 38 39 46 51 55 57 58 62 65 69 77 82 85 87 91 93 94 95 115 119 123 129 133 141 145 155 161 187 299 319 329 377 451 493 943 1247 1927 2021
48 6 10 14 15 21 22 26 33 34 35 38 39 46 51 55 57 58 62 65 69 77 82 85 87 91 93 94 95 115 119 123 129 141 143 145 185 221 235 247 259 287 299 391 403 589 1147 1247 2021
48 6 10 14 15 21 22 26 33 34 35 38 39 46 51 55 57 58 62 65 69 77 82 85 87 91 93 94 95 119 123 129 133 141 143 155 161 185 221 235 259 287 299 391 481 667 1073 1247 2021
48 6 10 14 15 21 22 26 33 34 35 38 39 46 51 55 57 58 62 65 69 77 82 85 87 91 93 94 111 115 119 123 133 141 143 155 203 209 221 235 287 299 319 391 407 481 517 703 893
48 6 10 14 15 21 22 26 33 34 35 38 39 46 51 55 57 58 62 65 69 77 82 85 87 91 93 95 111 115 118 119 123 133 142 143 145 146 155 203 213 287 767 949 1241 1633 2117 2627 4307
48 6 10 14 15 21 22 26 33 34 35 38 39 46 51 55 57 58 62 65 69 77 82 85 87 91 93 95 111 115 119 123 129 133 141 142 145 155 187 203 213 287 493 517 1247 1363 1633 2021 2627
48 6 10 14 15 21 22 26 33 34 35 38 39 46 51 55 57 58 62 65 69 77 82 85 87 91 93 95 111 115 119 123 133 142 145 155 161 187 213 253 259 287 377 407 481 493 667 923 1073
48 6 10 14 15 21 22 26 33 34 35 38 39 46 51 55 57 58 62 65 69 77 82 85 87 91 93 95 115 118 122 123 133 142 155 183 203 209 213 247 287 295 299 319 323 391 413 671 923
48 6 10 14 15 21 22 26 33 34 35 38 39 46 51 55 57 58 62 65 69 77 82 85 87 91 94 95 115 118 119 123 133 141 143 145 155 177 202 217 221 287 329 391 403 767 1357 2929 4747
48 6 10 14 15 21 22 26 33 34 35 38 39 46 51 55 57 58 62 65 69 77 82 85 87 91 94 95 115 119 123 133 141 142 143 145 155 202 213 217 221 287 299 329 391 403 923 2929 4747
48 6 10 14 15 21 22 26 33 34 35 38 39 46 51 55 57 58 62 65 69 77 82 85 87 93 94 95 106 115 119 123 129 133 141 145 155 158 221 235 265 287 299 391 689 869 1247 2021 4187
48 6 10 14 15 21 22 26 33 34 35 38 39 46 51 55 57 58 62 65 69 77 82 85 87 93 94 95 111 115 119 123 133 141 143 145 155 161 187 253 287 319 329 377 493 667 1073 1363 1739
48 6 10 14 15 21 22 26 33 34 35 38 39 46 51 55 57 58 62 65 69 77 82 85 87 93 94 95 111 115 119 123 133 141 143 145 155 166 202 221 259 287 299 329 391 1079 2929 3071 4747
48 6 10 14 15 21 22 26 33 34 35 38 39 46 51 55 57 58 62 65 69 77 82 85 87 93 94 95 115 118 119 122 123 129 133 141 145 155 177 183 287 391 517 671 767 799 1247 1357 2021
48 6 10 14 15 21 22 26 33 34 35 38 39 46 51 55 57 58 62 65 69 77 82 85 87 93 94 95 115 119 122 123 129 133 141 142 145 155 183 213 287 299 391 517 671 799 923 1247 2021
48 6 10 14 15 21 22 26 33 34 35 38 39 46 51 55 57 58 62 65 69 77 82 85 87 93 94 95 118 119 123 129 133 141 143 145 146 155 161 235 287 295 299 413 511 949 1241 1247 2021
48 6 10 14 15 21 22 26 33 34 35 38 39 46 51 55 57 58 62 65 69 77 82 85 91 93 94 95 111 115 119 123 133 141 142 145 155 187 203 213 226 235 287 493 517 565 1633 2627 5311
48 6 10 14 15 21 22 26 33 34 35 38 39 46 51 55 57 58 62 65 69 77 82 85 91 93 95 111 115 119 122 123 129 133 142 145 155 166 183 187 203 213 287 493 671 913 1633 2627 3569
48 6 10 14 15 21 22 26 33 34 35 38 39 46 51 55 57 58 62 65 69 77 82 86 87 91 93 94 95 106 115 123 133 141 155 159 203 213 215 235 265 287 319 329 371 731 781 1633 2491
48 6 10 14 15 21 22 26 33 34 35 38 39 46 51 55 57 58 62 65 69 77 82 86 87 91 93 94 95 111 119 123 133 141 143 155 187 202 203 235 253 287 319 481 505 559 851 1313 2021
48 6 10 14 15 21 22 26 33 34 35 38 39 46 51 55 57 58 62 65 69 77 82 86 87 91 93 94 95 115 119 123 129 133 141 155 187 215 226 235 287 299 301 377 517 565 667 989 5311
48 6 10 14 15 21 22 26 33 34 35 38 39 46 51 55 57 58 62 65 69 77 82 86 87 91 93 94 95 118 119 123 129 133 141 145 155 161 187 202 226 287 329 791 1243 1357 2537 2929 4747
48 6 10 14 15 21 22 26 33 34 35 38 39 46 51 55 57 58 62 65 69 77 82 86 87 91 93 94 95 119 122 123 129 133 145 155 161 177 187 203 287 299 329 377 517 1363 1711 2537 3599
48 6 10 14 15 21 22 26 33 34 35 38 39 46 51 55 57 58 62 65 69 77 82 86 87 91 93 94 95 119 123 129 133 141 145 155 161 187 202 215 235 287 301 329 517 989 1081 2929 4747
48 6 10 14 15 21 22 26 33 34 35 38 39 46 51 55 57 58 62 65 69 77 82 86 87 91 93 95 106 111 115 119 123 133 142 145 155 159 187 265 287 301 355 473 583 1247 1633 2627 3053
48 6 10 14 15 21 22 26 33 34 35 38 39 46 51 55 57 58 62 65 69 77 82 86 87 91 93 95 106 111 115 119 123 133 142 155 159 187 203 213 265 287 319 381 583 1397 1633 2627 5461
48 6 10 14 15 21 22 26 33 34 35 38 39 46 51 55 57 58 62 65 69 77 82 86 87 91 93 95 106 111 115 119 133 142 143 155 159 187 203 213 265 287 319 451 533 583 1633 1763 2627
48 6 10 14 15 21 22 26 33 34 35 38 39 46 51 55 57 58 62 65 69 77 82 86 87 91 93 95 106 115 118 119 123 129 133 155 159 161 187 203 265 319 371 451 943 1357 1927 2491 2537
48 6 10 14 15 21 22 26 33 34 35 38 39 46 51 55 57 58 62 65 69 77 82 86 87 91 93 95 106 115 118 123 129 133 143 155 159 161 187 203 265 319 451 533 583 697 943 1357 2537
48 6 10 14 15 21 22 26 33 34 35 38 39 46 51 55 57 58 62 65 69 77 82 86 87 91 93 95 106 115 119 123 129 133 142 145 155 159 187 265 287 301 355 473 583 817 1247 1349 1633
48 6 10 14 15 21 22 26 33 34 35 38 39 46 51 55 57 58 62 65 69 77 82 86 87 91 93 95 106 115 123 129 133 142 145 155 159 161 203 253 265 287 301 355 583 667 731 1247 2059
48 6 10 14 15 21 22 26 33 34 35 38 39 46 51 55 57 58 62 65 69 77 82 86 87 91 93 95 115 118 119 122 123 133 155 177 183 203 209 215 247 287 319 323 391 671 731 767 1357
48 6 10 14 15 21 22 26 33 34 35 38 39 46 51 55 57 58 62 65 69 77 82 86 87 91 93 95 115 119 122 123 133 142 155 183 203 209 213 215 247 287 299 319 323 391 671 731 923
48 6 10 14 15 21 22 26 33 34 35 38 39 46 51 55 57 58 62 65 69 77 82 86 87 91 93 95 115 119 122 123 142 143 155 161 183 187 209 213 215 253 287 377 473 667 671 817 923
48 6 10 14 15 21 22 26 33 34 35 38 39 46 51 55 57 58 62 65 69 77 82 86 87 91 93 95 115 119 123 129 133 134 143 155 187 194 201 203 215 253 287 291 319 871 2231 2881 6499
48 6 10 14 15 21 22 26 33 34 35 38 39 46 51 55 57 58 62 65 69 77 82 86 87 91 93 95 115 119 123 129 133 141 143 145 155 209 235 247 287 299 301 323 391 517 611 731 1247
48 6 10 14 15 21 22 26 33 34 35 38 39 46 51 55 57 58 62 65 69 77 82 86 87 91 93 106 111 115 119 123 129 133 142 145 155 159 187 213 265 287 301 473 583 817 1247 1633 2627
48 6 10 14 15 21 22 26 33 34 35 38 39 46 51 55 57 58 62 65 69 77 82 86 91 93 94 95 106 111 119 123 133 141 145 155 159 203 221 235 253 265 287 481 493 559 583 851 2021
48 6 10 14 15 21 22 26 33 34 35 38 39 46 51 55 57 58 62 65 69 77 82 86 91 93 94 95 106 115 119 123 133 141 143 145 155 187 203 235 253 287 319 377 559 667 689 1219 2021
48 6 10 14 15 21 22 26 33 34 35 38 39 46 51 55 57 58 62 65 69 77 82 86 91 93 94 95 111 115 119 123 133 141 143 145 146 155 203 213 221 235 287 493 559 1633 2021 2627 5183
48 6 10 14 15 21 22 26 33 34 35 38 39 46 51 55 57 58 62 65 69 77 82 86 91 93 94 95 115 119 122 123 133 141 143 145 155 183 203 213 221 235 287 493 559 671 781 1633 2021
48 6 10 14 15 21 22 26 33 34 35 38 39 46 51 55 57 58 62 65 69 77 82 86 91 93 95 106 111 115 119 123 133 142 143 145 155 159 187 205 213 265 319 451 533 583 1633 1763 2627
48 6 10 14 15 21 22 26 33 34 35 38 39 46 51 55 57 58 62 65 69 77 82 87 91 93 94 95 111 115 119 123 129 133 141 142 145 155 187 213 226 235 287 791 1243 1247 1633 2021 2627
48 6 10 14 15 21 22 26 33 34 35 38 39 46 51 55 57 58 62 65 69 77 82 87 91 93 95 106 111 115 119 122 123 133 146 155 159 183 187 203 213 265 287 319 583 671 1633 2627 5183
48 6 10 14 15 21 22 26 33 34 35 38 39 46 51 55 57 58 62 65 69 77 82 87 91 93 95 106 111 115 119 123 129 133 142 155 159 166 187 203 213 265 287 319 583 913 1633 2627 3569
48 6 10 14 15 21 22 26 33 34 35 38 39 46 51 55 57 58 62 65 69 77 85 86 87 91 93 94 95 111 115 118 119 123 133 142 155 187 213 287 295 329 413 493 517 1363 1633 1763 2627
48 6 10 14 15 21 22 26 33 34 35 38 39 46 51 55 57 58 62 65 69 77 85 86 87 91 93 94 95 115 118 119 129 133 141 142 143 145 155 213 377 391 551 799 893 923 1357 1363 2537
48 6 10 14 15 21 22 26 33 34 35 38 39 46 51 55 57 58 62 65 69 77 85 86 87 91 93 94 95 115 118 119 129 133 142 143 145 155 177 213 299 391 551 611 799 893 923 1711 2537
48 6 10 14 15 21 22 26 33 34 35 38 39 46 51 55 57 58 62 65 69 77 85 86 87 91 93 94 95 119 122 123 133 141 143 145 155 161 183 202 215 299 329 697 731 793 2501 2929 4747
48 6 10 14 15 21 22 26 33 34 35 38 39 46 51 55 57 58 62 65 69 77 85 87 91 93 94 95 106 111 115 119 129 133 141 143 145 155 221 235 265 291 299 391 481 1247 2021 3589 5141
48 6 10 14 15 21 22 26 33 34 35 38 39 46 51 55 57 58 62 65 69 77 86 87 91 93 94 95 111 115 118 119 129 133 141 142 145 155 177 187 213 235 517 551 893 1633 1711 2537 2627
48 6 10 14 15 21 22 26 33 34 35 38 39 46 51 55 57 58 62 65 69 77 86 87 91 93 95 106 111 115 119 122 123 133 142 155 159 183 187 203 213 265 287 319 583 671 1633 1763 2627
48 6 10 14 15 21 22 26 33 34 35 38 39 46 51 55 57 58 62 65 69 82 85 86 87 91 93 95 106 115 118 119 123 129 133 145 155 177 187 203 253 287 371 493 667 1219 1537 1711 2537
48 6 10 14 15 21 22 26 33 34 35 38 39 46 51 55 57 58 62 65 69 82 85 86 87 91 93 95 115 118 119 122 123 129 133 155 161 177 187 203 253 287 295 413 493 667 1711 2537 3599
48 6 10 14 15 21 22 26 33 34 35 38 39 46 51 55 57 58 62 65 74 77 82 85 86 87 91 93 94 95 115 119 123 133 141 143 155 203 221 235 287 319 391 407 559 2021 5755 26473 42587
48 6 10 14 15 21 22 26 33 34 35 38 39 46 51 55 57 58 62 65 74 77 82 85 86 87 91 93 94 95 115 119 123 133 141 145 155 187 203 287 299 377 517 629 667 799 1247 1591 2021
48 6 10 14 15 21 22 26 33 34 35 38 39 46 51 55 57 58 62 65 74 77 82 85 86 87 91 93 94 95 119 123 133 141 143 155 161 185 221 235 259 287 493 559 629 799 1081 1363 2021
48 6 10 14 15 21 22 26 33 34 35 38 39 46 51 55 57 58 62 65 74 77 82 85 86 87 91 93 94 115 119 123 133 141 143 155 161 221 235 259 287 299 377 391 437 559 667 703 2021
48 6 10 14 15 21 22 26 33 34 35 38 39 46 51 55 57 58 62 65 74 77 82 85 86 87 91 93 94 115 119 123 133 141 143 155 187 203 221 235 253 287 319 437 559 629 703 851 2021
48 6 10 14 15 21 22 26 33 34 35 38 39 46 51 55 57 58 62 65 74 77 82 85 86 87 91 93 95 111 115 118 123 129 133 143 155 221 287 295 299 301 413 481 629 667 731 1073 1247
48 6 10 14 15 21 22 26 33 34 35 38 39 46 51 55 57 58 62 65 74 77 82 85 86 87 91 93 95 111 115 119 123 129 133 143 187 203 214 221 287 319 341 559 629 1147 1177 1333 2461
48 6 10 14 15 21 22 26 33 34 35 38 39 46 51 55 57 58 62 65 74 77 82 85 86 87 91 93 95 111 118 119 123 129 133 143 145 155 215 221 287 301 391 559 989 1247 233507 271373 372349
48 6 10 14 15 21 22 26 33 34 35 38 39 46 51 55 57 58 62 65 74 77 82 85 86 91 93 95 111 115 119 123 133 143 145 155 161 166 221 253 259 287 299 319 391 481 913 1591 3569
48 6 10 14 15 21 22 26 33 34 35 38 39 46 51 55 57 58 62 65 74 77 82 85 86 91 93 95 115 118 119 123 129 133 143 145 155 161 221 259 287 299 319 391 407 481 851 1357 2537
48 6 10 14 15 21 22 26 33 34 35 38 39 46 51 55 57 58 62 65 74 77 82 85 87 91 93 95 106 111 115 119 123 133 143 145 146 155 161 219 259 287 481 689 1219 1241 1247 1591 3139
48 6 10 14 15 21 22 26 33 34 35 38 39 46 51 55 57 58 62 65 74 77 82 85 87 91 93 95 106 115 119 122 123 133 145 155 159 185 187 203 265 287 319 493 583 671 1073 1403 2257
48 6 10 14 15 21 22 26 33 34 35 38 39 46 51 55 57 58 62 65 74 77 82 86 87 91 93 94 95 111 119 123 129 133 145 155 161 185 187 215 287 301 329 517 667 851 989 1073 1363
48 6 10 14 15 21 22 26 33 34 35 38 39 46 51 55 57 58 62 65 74 77 82 86 87 91 93 95 111 115 118 119 123 129 133 143 155 185 203 221 287 295 299 481 493 667 1711 2183 2537
48 6 10 14 15 21 22 26 33 34 35 38 39 46 51 55 57 58 62 65 74 77 82 86 91 93 94 95 111 115 119 123 129 133 141 145 155 185 187 215 235 287 301 517 551 851 893 989 1073
48 6 10 14 15 21 22 26 33 34 35 38 39 46 51 55 57 58 62 65 74 77 82 87 91 93 94 95 115 119 123 129 133 141 142 145 155 161 187 213 235 253 259 287 407 1247 1633 2021 2627
48 6 10 14 15 21 22 26 33 34 35 38 39 46 51 55 57 58 62 65 74 77 85 86 87 91 93 95 111 115 119 123 129 133 143 145 155 161 221 253 259 287 299 391 473 481 1247 1591 1763
48 6 10 14 15 21 22 26 33 34 35 38 39 46 51 55 57 58 62 65 77 82 86 87 91 93 94 95 106 115 119 123 129 133 141 155 159 187 215 235 265 287 299 301 377 473 583 667 2021
48 6 10 14 15 21 22 26 33 34 35 38 39 46 51 55 57 58 62 69 74 77 82 85 86 87 91 93 94 95 111 119 123 133 141 155 187 203 209 235 247 287 319 323 559 2021 31807 43033 69227
48 6 10 14 15 21 22 26 33 34 35 38 39 46 51 55 57 58 62 69 74 77 82 85 86 87 91 93 94 95 111 123 133 141 155 187 203 209 217 235 247 287 319 323 559 629 713 1147 2021
48 6 10 14 15 21 22 26 33 34 35 38 39 46 51 55 57 58 62 69 74 77 82 85 86 87 91 93 95 118 119 123 129 133 141 143 155 161 185 221 259 287 493 611 629 799 1357 1363 2537
48 6 10 14 15 21 22 26 33 34 35 38 39 46 51 55 57 58 62 69 74 77 82 85 86 87 91 93 95 118 119 123 129 133 143 155 161 177 185 259 287 299 377 391 629 667 767 1003 2537
48 6 10 14 15 21 22 26 33 34 35 38 39 46 51 55 57 58 62 69 74 77 82 85 86 87 91 93 95 118 119 123 133 155 161 185 187 203 205 221 259 295 299 319 413 451 533 629 1763
48 6 10 14 15 21 22 26 33 34 35 38 39 46 51 55 57 58 62 69 74 77 82 85 87 91 93 94 95 111 119 123 133 141 143 155 158 161 185 221 287 299 377 391 553 611 667 2923 3713
48 6 10 14 15 21 22 26 33 34 35 38 39 46 51 55 57 58 62 69 74 77 82 85 87 91 93 94 95 115 118 119 123 133 155 161 185 187 221 235 253 259 287 377 629 649 667 767 2773
48 6 10 14 15 21 22 26 33 34 35 38 39 46 51 55 57 58 62 69 74 77 82 85 87 91 93 94 95 115 118 123 129 141 143 145 155 235 247 259 287 295 299 323 391 413 703 1247 2021
48 6 10 14 15 21 22 26 33 34 35 38 39 46 51 55 57 58 62 69 74 77 82 85 87 91 93 95 106 111 119 123 133 143 146 155 159 161 185 221 259 287 299 377 391 667 949 2701 3869
48 6 10 14 15 21 22 26 33 34 35 38 39 46 51 55 57 58 62 69 74 77 82 85 87 91 93 95 106 111 119 123 133 143 146 155 159 185 187 203 221 253 287 319 629 851 949 2701 3869
48 6 10 14 15 21 22 26 33 34 35 38 39 46 51 55 57 58 62 69 74 77 82 86 87 91 93 94 95 115 119 123 129 141 143 145 155 215 235 247 259 287 299 323 391 703 731 1247 2021
48 6 10 14 15 21 22 26 33 34 35 38 39 46 51 55 57 58 62 69 74 77 85 86 87 91 93 95 106 111 115 119 129 133 143 145 155 158 185 215 221 265 299 391 689 1247 2923 3397 4187
48 6 10 14 15 21 22 26 33 34 35 38 39 46 51 55 57 58 62 69 77 82 85 86 87 91 93 94 95 115 119 123 129 133 141 143 145 155 202 215 221 287 301 391 611 989 1081 2929 4747
48 6 10 14 15 21 22 26 33 34 35 38 39 46 51 55 57 58 62 69 77 82 85 86 87 91 93 95 106 115 118 119 123 129 133 143 145 155 159 203 221 287 365 391 949 1357 2117 2537 3869
48 6 10 14 15 21 22 26 33 34 35 38 39 46 51 55 57 58 62 69 77 82 85 86 87 91 93 95 115 118 119 122 123 129 133 143 145 155 177 215 221 287 301 391 767 793 1247 1357 2623
48 6 10 14 15 21 22 26 33 34 35 38 39 46 51 55 57 58 62 69 77 82 85 86 87 91 93 95 115 119 122 123 129 133 142 143 145 155 213 215 221 287 299 301 391 793 923 1247 2623
48 6 10 14 15 21 22 26 33 34 35 38 39 46 51 55 57 58 65 69 74 77 82 85 87 91 93 95 106 111 115 119 123 133 143 159 161 187 221 253 259 287 341 377 407 629 667 689 1643
48 6 10 14 15 21 22 26 33 34 35 38 39 46 51 55 57 62 65 69 74 77 82 85 86 87 91 93 95 106 111 118 123 133 155 159 185 203 215 253 265 287 295 413 493 583 731 851 1073
48 6 10 14 15 21 22 26 33 34 35 38 39 46 51 55 57 62 65 69 74 77 82 85 87 91 93 94 95 111 115 119 123 133 141 145 155 161 187 253 259 287 407 551 629 667 799 893 1363
48 6 10 14 15 21 22 26 33 34 35 38 39 46 51 55 57 62 65 69 74 77 82 85 87 91 93 94 95 111 118 119 122 123 133 155 177 185 187 203 235 253 287 493 649 851 1073 2773 3599
48 6 10 14 15 21 22 26 33 34 35 38 39 46 51 55 58 62 65 69 74 77 82 85 86 87 91 93 94 95 111 115 119 123 143 145 155 209 221 259 287 299 391 481 517 893 1247 1591 2021
48 6 10 14 15 21 22 26 33 34 35 38 39 46 51 55 58 62 65 69 74 77 82 85 86 87 91 93 94 95 111 115 119 133 141 143 145 155 221 259 299 329 391 481 779 1247 1591 1927 2021
48 6 10 14 15 21 22 26 33 34 35 38 39 46 51 57 58 62 65 69 74 77 82 85 86 87 91 93 95 111 115 119 123 133 142 143 155 187 203 213 221 287 319 473 559 629 1591 1633 2627
48 6 10 14 15 21 22 26 33 34 35 38 39 46 51 57 58 62 65 69 74 77 82 85 87 91 93 94 95 111 115 119 123 133 134 141 143 155 203 221 287 299 319 391 481 737 1739 2479 3149
48 6 10 14 15 21 22 26 33 34 35 38 39 46 51 57 58 62 65 69 74 77 82 86 87 91 93 94 95 111 119 123 133 141 143 145 155 185 203 221 235 253 287 319 493 559 851 1073 2021
48 6 10 14 15 21 22 26 33 34 35 38 39 46 55 57 58 62 65 69 74 77 82 85 86 87 91 93 94 95 119 123 133 141 143 155 161 185 221 235 259 287 299 377 391 559 629 667 2021
48 6 10 14 15 21 22 26 33 34 35 38 39 46 55 57 58 62 65 69 74 77 82 85 86 87 91 93 95 111 115 119 123 129 133 143 145 155 206 221 287 299 301 391 481 629 1247 3811 4429
48 6 10 14 15 21 22 26 33 34 35 38 39 46 55 57 58 62 65 69 74 77 82 85 86 87 91 93 95 111 115 119 123 129 133 143 145 155 214 221 287 299 301 391 481 629 1073 3103 4601
48 6 10 14 15 21 22 26 33 34 35 38 39 46 55 57 58 62 65 69 74 77 82 85 86 87 91 93 95 111 118 119 123 129 143 145 155 161 185 221 287 295 299 323 481 551 1711 2183 2537
48 6 10 14 15 21 22 26 33 34 35 38 39 46 55 57 58 62 65 69 74 77 82 85 86 91 93 95 111 115 118 119 123 129 133 143 145 155 177 203 221 287 299 391 481 629 1073 1711 2537
48 6 10 14 15 21 22 26 33 34 35 38 39 46 55 57 58 62 65 69 74 77 82 85 86 91 93 95 111 115 118 119 123 129 133 145 155 161 177 187 253 259 287 407 493 629 667 1711 2537
48 6 10 14 15 21 22 26 33 34 38 39 46 51 55 57 58 62 65 69 74 77 82 85 86 87 91 93 94 95 111 115 119 123 133 141 143 145 155 221 235 259 287 299 391 481 1247 1591 2021

real	21m15.890s
user	80m13.186s
sys	0m8.516s
