All 620 subsets T of P = {pq : p<q primes} with |T| = 48 and sum_{n in T} 1/n = 1.
Each line: index, the 48 elements; then the primes > 73 used (with their neighbours).
Verified exactly (C++ BigNat check in semiprime48.cpp and Python fractions in verify48.py):
48 distinct squarefree semiprimes, sum = 1.
397 of them use only primes <= 73, 223 use at least one prime > 73.

#  1: 6 10 14 15 21 22 26 33 34 35 38 39 46 51 55 57 58 62 65 69 74 77 82 85 86 87 91 93 94 95 111 119 123 133 141 155 203 215 287 319 731 799 1345 2959 12643 31807 43033 69227
      largest prime 1871; primes > 73: 269 ~ {5, 11, 47}; 1871 ~ {17, 23, 37}
#  2: 6 10 14 15 21 22 26 33 34 35 38 39 46 51 55 57 58 62 65 69 74 77 82 85 86 87 91 93 94 95 111 123 133 141 155 203 215 217 287 319 629 713 731 799 1147 1345 2959 12643
      largest prime 269; primes > 73: 269 ~ {5, 11, 47}
#  3: 6 10 14 15 21 22 26 33 34 35 38 39 46 51 55 57 58 62 65 69 74 77 82 85 86 87 91 93 94 95 115 119 123 133 155 187 205 235 253 407 493 851 943 1363 1763 2701 2993 3431
      largest prime 73; primes > 73: none (all primes <= 73)
#  4: 6 10 14 15 21 22 26 33 34 35 38 39 46 51 55 57 58 62 65 69 74 77 82 85 86 87 91 93 94 95 115 119 123 133 155 205 221 235 299 391 451 533 611 1199 1763 3161 4033 5123
      largest prime 109; primes > 73: 109 ~ {11, 29, 37, 47}
#  5: 6 10 14 15 21 22 26 33 34 35 38 39 46 51 55 57 58 62 65 69 74 77 82 85 86 87 91 93 94 95 115 119 133 141 155 187 205 218 235 326 493 517 1363 1763 1927 3749 4033 17767
      largest prime 163; primes > 73: 109 ~ {2, 37, 163}; 163 ~ {2, 23, 109}
#  6: 6 10 14 15 21 22 26 33 34 35 38 39 46 51 55 57 58 62 65 69 74 77 82 85 86 87 91 93 94 95 115 141 143 155 203 205 235 247 299 319 323 391 407 611 703 1739 1763 1927
      largest prime 47; primes > 73: none (all primes <= 73)
#  7: 6 10 14 15 21 22 26 33 34 35 38 39 46 51 55 57 58 62 65 69 74 77 82 85 86 87 91 93 94 95 118 119 122 133 155 177 187 205 253 493 649 851 1363 1739 1763 1927 2773 3599
      largest prime 61; primes > 73: none (all primes <= 73)
#  8: 6 10 14 15 21 22 26 33 34 35 38 39 46 51 55 57 58 62 65 69 74 77 82 85 86 87 91 93 94 95 119 123 133 141 183 215 217 253 287 329 341 493 731 851 1037 1363 1739 1891
      largest prime 61; primes > 73: none (all primes <= 73)
#  9: 6 10 14 15 21 22 26 33 34 35 38 39 46 51 55 57 58 62 65 69 74 77 82 85 86 87 91 93 94 95 119 123 133 143 145 155 187 253 319 415 493 533 851 1739 1763 1927 2407 3901
      largest prime 83; primes > 73: 83 ~ {5, 29, 47}
# 10: 6 10 14 15 21 22 26 33 34 35 38 39 46 51 55 57 58 62 65 69 74 77 82 85 86 87 91 93 94 95 119 123 133 143 155 205 215 235 299 377 533 667 697 731 851 1081 1739 1927
      largest prime 47; primes > 73: none (all primes <= 73)
# 11: 6 10 14 15 21 22 26 33 34 35 38 39 46 51 55 57 58 62 65 69 74 77 82 85 86 87 91 93 94 95 119 123 133 155 185 187 221 235 253 377 407 533 629 667 1081 1739 1763 1927
      largest prime 47; primes > 73: none (all primes <= 73)
# 12: 6 10 14 15 21 22 26 33 34 35 38 39 46 51 55 57 58 62 65 69 74 77 82 85 86 87 91 93 94 95 119 123 133 155 187 205 253 259 329 407 451 481 493 517 533 851 1363 1763
      largest prime 47; primes > 73: none (all primes <= 73)
# 13: 6 10 14 15 21 22 26 33 34 35 38 39 46 51 55 57 58 62 65 69 74 77 82 85 86 87 91 93 94 95 119 129 141 155 177 187 205 209 253 329 451 493 779 851 1121 1363 1739 2537
      largest prime 59; primes > 73: none (all primes <= 73)
# 14: 6 10 14 15 21 22 26 33 34 35 38 39 46 51 55 57 58 62 65 69 74 77 82 85 86 87 91 93 94 95 133 141 155 185 187 203 209 235 259 319 323 437 451 517 629 893 943 1763
      largest prime 47; primes > 73: none (all primes <= 73)
# 15: 6 10 14 15 21 22 26 33 34 35 38 39 46 51 55 57 58 62 65 69 74 77 82 85 86 87 91 93 94 95 141 145 155 161 185 187 205 235 259 299 323 377 517 551 629 1363 1763 1927
      largest prime 47; primes > 73: none (all primes <= 73)
# 16: 6 10 14 15 21 22 26 33 34 35 38 39 46 51 55 57 58 62 65 69 74 77 82 85 86 87 91 93 94 111 119 123 141 143 155 161 221 235 287 299 377 391 559 667 2021 4915 18677 36371
      largest prime 983; primes > 73: 983 ~ {5, 19, 37}
# 17: 6 10 14 15 21 22 26 33 34 35 38 39 46 51 55 57 58 62 65 69 74 77 82 85 86 87 91 93 94 115 119 123 141 143 155 221 235 259 287 299 377 391 417 559 703 2021 2641 4031
      largest prime 139; primes > 73: 139 ~ {3, 19, 29}
# 18: 6 10 14 15 21 22 26 33 34 35 38 39 46 51 55 57 58 62 65 69 74 77 82 85 86 87 91 93 94 118 119 123 129 155 161 187 202 259 287 303 329 493 517 703 1357 1363 1919 2537
      largest prime 101; primes > 73: 101 ~ {2, 3, 19}
# 19: 6 10 14 15 21 22 26 33 34 35 38 39 46 51 55 57 58 62 65 69 74 77 82 85 86 87 91 93 94 119 123 129 133 141 155 187 253 259 287 301 329 407 493 817 851 1363 1591 1739
      largest prime 47; primes > 73: none (all primes <= 73)
# 20: 6 10 14 15 21 22 26 33 34 35 38 39 46 51 55 57 58 62 65 69 74 77 82 85 86 87 91 93 94 119 123 133 143 155 161 209 221 259 287 299 377 391 517 559 667 703 893 2021
      largest prime 47; primes > 73: none (all primes <= 73)
# 21: 6 10 14 15 21 22 26 33 34 35 38 39 46 51 55 57 58 62 65 69 74 77 82 85 86 87 91 93 94 119 123 133 143 155 187 203 209 221 253 287 319 517 559 629 703 851 893 2021
      largest prime 47; primes > 73: none (all primes <= 73)
# 22: 6 10 14 15 21 22 26 33 34 35 38 39 46 51 55 57 58 62 65 69 74 77 82 85 86 87 91 93 94 123 129 141 155 161 209 215 235 259 287 299 301 323 377 391 473 667 703 2021
      largest prime 47; primes > 73: none (all primes <= 73)
# 23: 6 10 14 15 21 22 26 33 34 35 38 39 46 51 55 57 58 62 65 69 74 77 82 85 86 87 91 93 94 123 129 141 155 187 203 209 215 235 253 287 301 319 323 473 629 703 851 2021
      largest prime 47; primes > 73: none (all primes <= 73)
# 24: 6 10 14 15 21 22 26 33 34 35 38 39 46 51 55 57 58 62 65 69 74 77 82 85 86 87 91 93 95 111 115 118 123 133 155 185 213 215 295 319 413 493 731 781 1633 109591 139823 154939
      largest prime 3779; primes > 73: 3779 ~ {29, 37, 41}
# 25: 6 10 14 15 21 22 26 33 34 35 38 39 46 51 55 57 58 62 65 69 74 77 82 85 86 87 91 93 95 111 115 118 129 133 155 161 185 203 319 355 629 781 943 1207 1357 1517 2537 2911
      largest prime 71; primes > 73: none (all primes <= 73)
# 26: 6 10 14 15 21 22 26 33 34 35 38 39 46 51 55 57 58 62 65 69 74 77 82 85 86 87 91 93 95 111 115 118 129 155 185 203 205 209 323 391 407 451 551 703 779 1073 1357 2537
      largest prime 59; primes > 73: none (all primes <= 73)
# 27: 6 10 14 15 21 22 26 33 34 35 38 39 46 51 55 57 58 62 65 69 74 77 82 85 86 87 91 93 95 111 115 123 133 142 155 185 203 213 259 319 355 629 781 1207 1633 1763 2627 2911
      largest prime 71; primes > 73: none (all primes <= 73)
# 28: 6 10 14 15 21 22 26 33 34 35 38 39 46 51 55 57 58 62 65 69 74 77 82 85 86 87 91 93 95 111 115 129 133 142 143 155 203 259 295 319 407 533 629 1207 1633 2419 2537 2911
      largest prime 71; primes > 73: none (all primes <= 73)
# 29: 6 10 14 15 21 22 26 33 34 35 38 39 46 51 55 57 58 62 65 69 74 77 82 85 86 87 91 93 95 111 118 119 123 133 145 177 185 187 253 493 649 851 899 1517 1763 1829 2183 2419
      largest prime 59; primes > 73: none (all primes <= 73)
# 30: 6 10 14 15 21 22 26 33 34 35 38 39 46 51 55 57 58 62 65 69 74 77 82 85 86 87 91 93 95 111 118 129 133 155 161 185 187 203 235 319 451 629 697 799 1357 1517 1927 2537
      largest prime 59; primes > 73: none (all primes <= 73)
# 31: 6 10 14 15 21 22 26 33 34 35 38 39 46 51 55 57 58 62 65 69 74 77 82 85 86 87 91 93 95 111 118 129 133 155 161 187 203 205 209 319 493 697 703 779 1189 1357 1517 2537
      largest prime 59; primes > 73: none (all primes <= 73)
# 32: 6 10 14 15 21 22 26 33 34 35 38 39 46 51 55 57 58 62 65 69 74 77 82 85 86 87 91 93 95 111 119 129 133 134 143 145 155 215 221 377 391 1027 1817 2291 2881 22681 25133 41071
      largest prime 613; primes > 73: 79 ~ {13, 23, 29}; 613 ~ {37, 41, 67}
# 33: 6 10 14 15 21 22 26 33 34 35 38 39 46 51 55 57 58 62 65 69 74 77 82 85 86 87 91 93 95 111 123 129 133 145 183 185 206 217 253 287 301 341 851 1037 1247 1891 3811 4429
      largest prime 103; primes > 73: 103 ~ {2, 37, 43}
# 34: 6 10 14 15 21 22 26 33 34 35 38 39 46 51 55 57 58 62 65 69 74 77 82 85 86 87 91 93 95 111 123 129 133 145 183 185 214 217 253 287 301 341 851 1037 1073 1891 3103 4601
      largest prime 107; primes > 73: 107 ~ {2, 29, 43}
# 35: 6 10 14 15 21 22 26 33 34 35 38 39 46 51 55 57 58 62 65 69 74 77 82 85 86 87 91 93 95 111 129 133 143 145 155 158 161 185 301 395 493 533 731 943 1189 1247 1817 2923
      largest prime 79; primes > 73: 79 ~ {2, 5, 23, 37}
# 36: 6 10 14 15 21 22 26 33 34 35 38 39 46 51 55 57 58 62 65 69 74 77 82 85 86 87 91 93 95 115 118 119 123 133 143 145 155 221 287 391 559 1247 1357 1591 1673 2537 8843 10277
      largest prime 239; primes > 73: 239 ~ {7, 37, 43}
# 37: 6 10 14 15 21 22 26 33 34 35 38 39 46 51 55 57 58 62 65 69 74 77 82 85 86 87 91 93 95 115 118 119 123 143 145 155 221 259 287 391 559 589 703 817 1247 1333 1357 2537
      largest prime 59; primes > 73: none (all primes <= 73)
# 38: 6 10 14 15 21 22 26 33 34 35 38 39 46 51 55 57 58 62 65 69 74 77 82 85 86 87 91 93 95 115 118 123 129 143 145 155 177 287 299 323 391 481 551 1711 1939 2537 3601 10249
      largest prime 277; primes > 73: 277 ~ {7, 13, 37}
# 39: 6 10 14 15 21 22 26 33 34 35 38 39 46 51 55 57 58 62 65 69 74 77 82 85 86 87 91 93 95 115 118 123 129 143 145 155 177 287 299 323 391 551 763 793 1711 2537 4033 6649
      largest prime 109; primes > 73: 109 ~ {7, 37, 61}
# 40: 6 10 14 15 21 22 26 33 34 35 38 39 46 51 55 57 58 62 65 69 74 77 82 85 86 87 91 93 95 115 118 123 129 143 145 155 247 259 287 323 377 391 703 933 1357 2177 2537 9019
      largest prime 311; primes > 73: 311 ~ {3, 7, 29}
# 41: 6 10 14 15 21 22 26 33 34 35 38 39 46 51 55 57 58 62 65 69 74 77 82 85 86 87 91 93 95 115 118 123 133 143 145 155 185 215 259 287 391 629 1247 1357 2537 3017 5603 7327
      largest prime 431; primes > 73: 431 ~ {7, 13, 17}
# 42: 6 10 14 15 21 22 26 33 34 35 38 39 46 51 55 57 58 62 65 69 74 77 82 85 86 87 91 93 95 115 118 123 133 143 155 221 287 295 299 301 377 413 559 629 667 731 989 1591
      largest prime 59; primes > 73: none (all primes <= 73)
# 43: 6 10 14 15 21 22 26 33 34 35 38 39 46 51 55 57 58 62 65 69 74 77 82 85 86 87 91 93 95 115 118 123 143 145 215 247 259 287 295 299 323 391 403 413 559 703 1247 1333
      largest prime 59; primes > 73: none (all primes <= 73)
# 44: 6 10 14 15 21 22 26 33 34 35 38 39 46 51 55 57 58 62 65 69 74 77 82 85 86 87 91 93 95 115 118 123 143 155 161 221 253 287 295 323 413 473 493 551 559 629 667 1591
      largest prime 59; primes > 73: none (all primes <= 73)
# 45: 6 10 14 15 21 22 26 33 34 35 38 39 46 51 55 57 58 62 65 69 74 77 82 85 86 87 91 93 95 115 118 133 143 155 177 185 203 205 259 319 391 533 629 649 697 1003 1357 1763
      largest prime 59; primes > 73: none (all primes <= 73)
# 46: 6 10 14 15 21 22 26 33 34 35 38 39 46 51 55 57 58 62 65 69 74 77 82 85 86 87 91 93 95 115 119 123 129 133 142 145 155 213 259 287 407 1247 1633 2627 20741 32593 50371 127409
      largest prime 2963; primes > 73: 2963 ~ {7, 11, 17, 43}
# 47: 6 10 14 15 21 22 26 33 34 35 38 39 46 51 55 57 58 62 65 69 74 77 82 85 86 87 91 93 95 115 119 123 129 133 142 145 155 213 287 301 629 731 1247 1633 2627 13453 20791 45251
      largest prime 1223; primes > 73: 1223 ~ {11, 17, 37}
# 48: 6 10 14 15 21 22 26 33 34 35 38 39 46 51 55 57 58 62 65 69 74 77 82 85 86 87 91 93 95 115 119 123 129 133 142 145 155 213 287 301 731 1147 1247 1633 2321 2627 3587 6541
      largest prime 211; primes > 73: 211 ~ {11, 17, 31}
# 49: 6 10 14 15 21 22 26 33 34 35 38 39 46 51 55 57 58 62 65 69 74 77 82 85 86 87 91 93 95 115 119 123 129 142 145 155 209 213 259 287 407 817 1177 1247 1633 1819 2627 4601
      largest prime 107; primes > 73: 107 ~ {11, 17, 43}
# 50: 6 10 14 15 21 22 26 33 34 35 38 39 46 51 55 57 58 62 65 69 74 77 82 85 86 87 91 93 95 115 119 123 129 142 145 155 213 259 287 323 407 551 649 1003 1633 1711 2537 2627
      largest prime 71; primes > 73: none (all primes <= 73)
# 51: 6 10 14 15 21 22 26 33 34 35 38 39 46 51 55 57 58 62 65 69 74 77 82 85 86 87 91 93 95 115 119 123 133 142 145 155 187 221 287 497 517 611 629 923 1247 1591 1633 2021
      largest prime 71; primes > 73: none (all primes <= 73)
# 52: 6 10 14 15 21 22 26 33 34 35 38 39 46 51 55 57 58 62 65 69 74 77 82 85 86 87 91 93 95 115 119 123 133 142 155 161 185 253 259 287 355 583 629 667 2059 66487 168173 207283
      largest prime 3911; primes > 73: 3911 ~ {17, 43, 53}
# 53: 6 10 14 15 21 22 26 33 34 35 38 39 46 51 55 57 58 62 65 69 74 77 82 85 86 87 91 93 95 115 119 123 133 143 145 155 203 221 287 299 377 391 559 2021 2734 39643 50579 64249
      largest prime 1367; primes > 73: 1367 ~ {2, 29, 37, 47}
# 54: 6 10 14 15 21 22 26 33 34 35 38 39 46 51 55 57 58 62 65 69 74 77 82 85 86 87 91 93 95 115 119 123 133 143 145 155 221 287 299 301 334 391 629 1247 1591 2171 2839 7181
      largest prime 167; primes > 73: 167 ~ {2, 13, 17, 43}
# 55: 6 10 14 15 21 22 26 33 34 35 38 39 46 51 55 57 58 62 65 69 74 77 82 85 86 87 91 93 95 115 119 123 133 145 155 161 185 215 253 259 287 629 731 2174 11957 18479 25001 31523
      largest prime 1087; primes > 73: 1087 ~ {2, 11, 17, 23, 29}
# 56: 6 10 14 15 21 22 26 33 34 35 38 39 46 51 55 57 58 62 65 69 74 77 82 85 86 87 91 93 95 115 119 123 133 145 155 161 187 214 259 287 319 493 851 1177 2461 113419 144707 168173
      largest prime 3911; primes > 73: 107 ~ {2, 11, 23}; 3911 ~ {29, 37, 43}
# 57: 6 10 14 15 21 22 26 33 34 35 38 39 46 51 55 57 58 62 65 69 74 77 82 85 86 87 91 93 95 115 119 133 142 145 155 187 203 213 287 319 451 481 493 533 1073 1633 1763 2627
      largest prime 71; primes > 73: none (all primes <= 73)
# 58: 6 10 14 15 21 22 26 33 34 35 38 39 46 51 55 57 58 62 65 69 74 77 82 85 86 87 91 93 95 115 119 133 142 155 185 187 203 205 213 287 319 451 493 1189 1517 1633 1763 2627
      largest prime 71; primes > 73: none (all primes <= 73)
# 59: 6 10 14 15 21 22 26 33 34 35 38 39 46 51 55 57 58 62 65 69 74 77 82 85 86 87 91 93 95 115 123 129 133 142 145 155 187 213 259 301 407 731 979 1247 1513 1633 2627 3649
      largest prime 89; primes > 73: 89 ~ {11, 17, 41}
# 60: 6 10 14 15 21 22 26 33 34 35 38 39 46 51 55 57 58 62 65 69 74 77 82 85 86 87 91 93 95 118 119 123 129 133 155 177 187 203 253 287 407 493 667 1711 2537 5755 26473 42587
      largest prime 1151; primes > 73: 1151 ~ {5, 23, 37}
# 61: 6 10 14 15 21 22 26 33 34 35 38 39 46 51 55 57 58 62 65 69 74 77 82 85 86 87 91 93 95 118 119 123 133 145 161 185 187 259 287 341 473 493 527 629 899 1333 1357 2537
      largest prime 59; primes > 73: none (all primes <= 73)
# 62: 6 10 14 15 21 22 26 33 34 35 38 39 46 51 55 57 58 62 65 69 74 77 82 85 86 87 91 93 95 118 119 123 143 155 203 209 215 259 295 319 413 437 451 533 697 703 731 943
      largest prime 59; primes > 73: none (all primes <= 73)
# 63: 6 10 14 15 21 22 26 33 34 35 38 39 46 51 55 57 58 62 65 69 74 77 82 85 86 87 91 93 95 118 119 123 145 155 187 209 215 259 287 299 319 377 437 493 703 1247 1357 2537
      largest prime 59; primes > 73: none (all primes <= 73)
# 64: 6 10 14 15 21 22 26 33 34 35 38 39 46 51 55 57 58 62 65 69 74 77 82 85 86 87 91 93 95 118 123 129 133 155 161 187 203 209 213 287 319 355 497 1357 2537 5627 6289 12247
      largest prime 331; primes > 73: 331 ~ {17, 19, 37}
# 65: 6 10 14 15 21 22 26 33 34 35 38 39 46 51 55 57 58 62 65 69 74 77 82 85 86 87 91 93 95 118 123 129 143 155 161 213 247 259 287 323 355 377 391 497 667 703 1357 2537
      largest prime 71; primes > 73: none (all primes <= 73)
# 66: 6 10 14 15 21 22 26 33 34 35 38 39 46 51 55 57 58 62 65 69 74 77 82 85 86 87 91 93 95 118 123 129 155 161 185 187 203 209 259 287 319 323 501 629 835 1357 2537 3173
      largest prime 167; primes > 73: 167 ~ {3, 5, 19}
# 67: 6 10 14 15 21 22 26 33 34 35 38 39 46 51 55 57 58 62 65 69 74 77 82 85 86 87 91 93 95 118 123 129 155 161 187 203 209 213 259 287 319 323 355 703 1207 1349 1357 2537
      largest prime 71; primes > 73: none (all primes <= 73)
# 68: 6 10 14 15 21 22 26 33 34 35 38 39 46 51 55 57 58 62 65 69 74 77 82 85 86 87 91 93 95 118 123 133 143 155 161 215 247 259 287 295 299 413 493 611 703 731 893 1363
      largest prime 59; primes > 73: none (all primes <= 73)
# 69: 6 10 14 15 21 22 26 33 34 35 38 39 46 51 55 57 58 62 65 69 74 77 82 85 86 87 91 93 95 118 123 133 155 161 209 215 259 287 295 299 323 377 391 413 473 667 703 817
      largest prime 59; primes > 73: none (all primes <= 73)
# 70: 6 10 14 15 21 22 26 33 34 35 38 39 46 51 55 57 58 62 65 69 74 77 82 85 86 87 91 93 95 118 123 133 155 187 203 209 215 253 287 295 319 323 413 473 629 703 817 851
      largest prime 59; primes > 73: none (all primes <= 73)
# 71: 6 10 14 15 21 22 26 33 34 35 38 39 46 51 55 57 58 62 65 69 74 77 82 85 86 87 91 93 95 118 123 143 145 155 161 203 215 247 259 287 323 377 391 667 703 1247 1357 2537
      largest prime 59; primes > 73: none (all primes <= 73)
# 72: 6 10 14 15 21 22 26 33 34 35 38 39 46 51 55 57 58 62 65 69 74 77 82 85 86 87 91 93 95 123 133 142 155 161 187 203 209 247 287 299 301 319 323 355 629 923 1591 3053
      largest prime 71; primes > 73: none (all primes <= 73)
# 73: 6 10 14 15 21 22 26 33 34 35 38 39 46 51 55 57 58 62 65 69 74 77 82 85 86 87 91 93 95 123 133 143 145 155 161 166 215 217 259 287 299 403 493 731 899 1079 1147 3071
      largest prime 83; primes > 73: 83 ~ {2, 13, 37}
# 74: 6 10 14 15 21 22 26 33 34 35 38 39 46 51 55 57 58 62 65 69 74 77 82 85 86 87 91 93 115 118 119 123 133 143 155 185 203 221 287 299 319 391 407 481 817 233507 271373 372349
      largest prime 6311; primes > 73: 6311 ~ {37, 43, 59}
# 75: 6 10 14 15 21 22 26 33 34 35 38 39 46 51 55 57 58 62 65 69 74 77 82 85 86 87 91 93 118 123 129 133 155 161 177 187 203 209 247 287 301 319 323 629 767 817 1357 1591
      largest prime 59; primes > 73: none (all primes <= 73)
# 76: 6 10 14 15 21 22 26 33 34 35 38 39 46 51 55 57 58 62 65 69 74 77 82 85 86 87 91 93 118 123 129 142 146 155 161 187 203 209 213 259 287 319 323 703 1207 1357 2537 5183
      largest prime 73; primes > 73: none (all primes <= 73)
# 77: 6 10 14 15 21 22 26 33 34 35 38 39 46 51 55 57 58 62 65 69 74 77 82 85 86 87 91 93 123 129 133 142 155 161 187 203 209 213 247 287 299 301 319 323 629 817 923 1591
      largest prime 71; primes > 73: none (all primes <= 73)
# 78: 6 10 14 15 21 22 26 33 34 35 38 39 46 51 55 57 58 62 65 69 74 77 82 85 86 87 91 94 95 111 119 123 133 143 145 217 221 235 287 329 493 559 629 713 799 899 1147 2021
      largest prime 47; primes > 73: none (all primes <= 73)
# 79: 6 10 14 15 21 22 26 33 34 35 38 39 46 51 55 57 58 62 65 69 74 77 82 85 86 87 91 94 95 119 123 133 141 143 145 161 235 259 287 299 339 481 493 559 899 1921 2021 4181
      largest prime 113; primes > 73: 113 ~ {3, 17, 37}
# 80: 6 10 14 15 21 22 26 33 34 35 38 39 46 51 55 57 58 62 65 69 74 77 82 85 86 87 91 95 111 115 118 123 129 161 177 187 203 253 259 287 323 407 551 629 667 899 1711 2537
      largest prime 59; primes > 73: none (all primes <= 73)
# 81: 6 10 14 15 21 22 26 33 34 35 38 39 46 51 55 57 58 62 65 69 74 77 82 85 86 87 91 95 111 115 119 123 133 142 143 145 185 205 215 493 533 629 731 899 1207 1517 1633 2911
      largest prime 71; primes > 73: none (all primes <= 73)
# 82: 6 10 14 15 21 22 26 33 34 35 38 39 46 51 55 57 58 62 65 69 74 77 82 85 86 87 91 95 111 115 119 123 133 142 143 145 203 221 287 299 355 391 481 899 2059 113419 144707 168173
      largest prime 3911; primes > 73: 3911 ~ {29, 37, 43}
# 83: 6 10 14 15 21 22 26 33 34 35 38 39 46 51 55 57 58 62 65 69 74 77 82 85 86 87 91 95 111 115 119 123 133 161 185 187 206 215 253 259 287 407 493 667 899 1073 3811 4429
      largest prime 103; primes > 73: 103 ~ {2, 37, 43}
# 84: 6 10 14 15 21 22 26 33 34 35 38 39 46 51 55 57 58 62 65 69 74 77 82 85 86 87 91 95 115 118 123 129 133 143 187 203 217 221 253 287 299 319 481 527 851 1147 1357 2537
      largest prime 59; primes > 73: none (all primes <= 73)
# 85: 6 10 14 15 21 22 26 33 34 35 38 39 46 51 55 57 58 62 65 69 74 77 82 85 86 87 91 95 115 119 123 129 133 134 145 185 187 205 215 253 407 493 851 899 943 2479 2747 2881
      largest prime 67; primes > 73: none (all primes <= 73)
# 86: 6 10 14 15 21 22 26 33 34 35 38 39 46 51 55 57 58 62 65 69 74 77 82 85 86 87 91 95 115 119 123 129 133 142 145 161 187 253 259 287 355 407 493 899 989 1633 2627 3053
      largest prime 71; primes > 73: none (all primes <= 73)
# 87: 6 10 14 15 21 22 26 33 34 35 38 39 46 51 55 57 58 62 65 69 74 77 82 85 86 87 93 94 95 111 119 123 133 141 143 145 155 215 287 377 551 731 799 893 1363 31807 43033 69227
      largest prime 1871; primes > 73: 1871 ~ {17, 23, 37}
# 88: 6 10 14 15 21 22 26 33 34 35 38 39 46 51 55 57 58 62 65 69 74 77 82 85 86 87 93 94 95 111 123 133 141 143 145 155 215 217 287 377 551 629 713 731 799 893 1147 1363
      largest prime 47; primes > 73: none (all primes <= 73)
# 89: 6 10 14 15 21 22 26 33 34 35 38 39 46 51 55 57 58 62 65 69 74 77 82 85 86 87 93 94 95 115 119 123 129 133 141 143 259 287 299 329 391 403 559 799 1333 4843 6179 7849
      largest prime 167; primes > 73: 167 ~ {29, 37, 47}
# 90: 6 10 14 15 21 22 26 33 34 35 38 39 46 51 55 57 58 62 65 69 74 77 82 85 86 87 93 94 95 115 123 129 141 143 145 155 247 259 299 323 329 391 533 703 1247 1763 1927 2021
      largest prime 47; primes > 73: none (all primes <= 73)
# 91: 6 10 14 15 21 22 26 33 34 35 38 39 46 51 55 57 58 62 65 69 74 77 82 85 86 87 93 94 95 115 123 133 143 145 155 161 203 215 235 287 377 493 731 851 1403 1739 1769 2867
      largest prime 61; primes > 73: none (all primes <= 73)
# 92: 6 10 14 15 21 22 26 33 34 35 38 39 46 51 55 57 58 62 65 69 74 77 82 85 86 87 93 94 95 119 123 129 133 141 145 187 221 235 287 341 403 473 559 629 713 1247 1591 2021
      largest prime 47; primes > 73: none (all primes <= 73)
# 93: 6 10 14 15 21 22 26 33 34 35 38 39 46 51 55 57 58 62 65 69 74 77 82 85 86 87 93 94 95 123 129 133 141 143 145 161 221 235 287 299 301 403 629 731 1247 1333 1591 2021
      largest prime 47; primes > 73: none (all primes <= 73)
# 94: 6 10 14 15 21 22 26 33 34 35 38 39 46 51 55 57 58 62 65 69 74 77 82 85 86 87 93 94 95 123 129 141 143 145 155 161 215 287 301 323 329 377 391 551 851 989 1363 1739
      largest prime 47; primes > 73: none (all primes <= 73)
# 95: 6 10 14 15 21 22 26 33 34 35 38 39 46 51 55 57 58 62 65 69 74 77 82 85 86 87 93 94 95 123 129 141 145 155 161 187 215 247 259 287 299 323 517 703 731 799 1247 2021
      largest prime 47; primes > 73: none (all primes <= 73)
# 96: 6 10 14 15 21 22 26 33 34 35 38 39 46 51 55 57 58 62 65 69 74 77 82 85 86 87 93 94 95 123 133 143 145 155 161 203 215 259 287 299 319 329 407 493 611 731 1073 1739
      largest prime 47; primes > 73: none (all primes <= 73)
# 97: 6 10 14 15 21 22 26 33 34 35 38 39 46 51 55 57 58 62 65 69 74 77 82 85 86 87 93 94 123 129 133 141 155 161 187 203 209 215 235 247 287 299 319 323 629 817 1591 2021
      largest prime 47; primes > 73: none (all primes <= 73)
# 98: 6 10 14 15 21 22 26 33 34 35 38 39 46 51 55 57 58 62 65 69 74 77 82 85 86 87 93 95 111 115 118 119 123 129 133 143 145 155 287 377 391 1357 2537 8499 104821 2223787 3793519 370587563
      largest prime 130811; primes > 73: 2833 ~ {3, 37, 130811}; 130811 ~ {17, 29, 2833}
# 99: 6 10 14 15 21 22 26 33 34 35 38 39 46 51 55 57 58 62 65 69 74 77 82 85 86 87 93 95 111 115 118 119 123 129 133 143 145 155 287 377 391 1357 2537 12937 28157 73317 708731 18598079
      largest prime 24439; primes > 73: 761 ~ {17, 37, 24439}; 24439 ~ {3, 29, 761}
#100: 6 10 14 15 21 22 26 33 34 35 38 39 46 51 55 57 58 62 65 69 74 77 82 85 86 87 93 95 111 115 119 123 133 142 145 155 187 213 221 287 517 611 629 1247 1591 1633 2021 2627
      largest prime 71; primes > 73: none (all primes <= 73)
#101: 6 10 14 15 21 22 26 33 34 35 38 39 46 51 55 57 58 62 65 69 74 77 82 85 86 87 93 95 111 119 123 129 133 143 145 155 158 185 221 287 391 395 1247 1817 2181 2923 9451 31261
      largest prime 727; primes > 73: 79 ~ {2, 5, 23, 37}; 727 ~ {3, 13, 43}
#102: 6 10 14 15 21 22 26 33 34 35 38 39 46 51 55 57 58 62 65 69 74 77 82 85 86 87 93 95 111 119 123 133 142 155 187 203 205 213 217 221 319 451 533 629 713 923 1147 1763
      largest prime 71; primes > 73: none (all primes <= 73)
#103: 6 10 14 15 21 22 26 33 34 35 38 39 46 51 55 57 58 62 65 69 74 77 82 85 86 87 93 95 115 118 119 123 129 133 141 143 155 287 295 299 391 611 799 1073 1363 1711 2183 2537
      largest prime 59; primes > 73: none (all primes <= 73)
#104: 6 10 14 15 21 22 26 33 34 35 38 39 46 51 55 57 58 62 65 69 74 77 82 85 86 87 93 95 115 118 119 123 129 133 143 145 155 177 221 287 391 1073 1357 2183 2537 7423 16559 33689
      largest prime 571; primes > 73: 571 ~ {13, 29, 59}
#105: 6 10 14 15 21 22 26 33 34 35 38 39 46 51 55 57 58 62 65 69 74 77 82 85 86 87 93 95 115 118 119 123 129 133 143 155 187 213 287 295 377 493 781 1073 1633 1711 2183 2537
      largest prime 71; primes > 73: none (all primes <= 73)
#106: 6 10 14 15 21 22 26 33 34 35 38 39 46 51 55 57 58 62 65 69 74 77 82 85 86 87 93 95 115 118 119 123 133 143 155 203 217 221 295 299 319 391 403 407 1517 1763 1829 2419
      largest prime 59; primes > 73: none (all primes <= 73)
#107: 6 10 14 15 21 22 26 33 34 35 38 39 46 51 55 57 58 62 65 69 74 77 82 85 86 87 93 95 115 118 123 129 133 145 155 161 177 187 203 253 287 667 767 1003 2537 2827 7453 9509
      largest prime 257; primes > 73: 257 ~ {11, 29, 37}
#108: 6 10 14 15 21 22 26 33 34 35 38 39 46 51 55 57 58 62 65 69 74 77 82 85 86 87 93 95 115 118 123 129 133 145 155 177 209 259 287 301 323 391 473 703 767 817 1247 1357
      largest prime 59; primes > 73: none (all primes <= 73)
#109: 6 10 14 15 21 22 26 33 34 35 38 39 46 51 55 57 58 62 65 69 74 77 82 85 86 87 93 95 115 119 123 129 133 143 145 185 214 221 287 299 321 391 403 535 1247 1333 1591 3959
      largest prime 107; primes > 73: 107 ~ {2, 3, 5, 37}
#110: 6 10 14 15 21 22 26 33 34 35 38 39 46 51 55 57 58 62 65 69 74 77 82 85 86 87 93 95 115 119 123 133 142 155 185 187 203 205 221 259 319 451 497 533 629 923 1633 1763
      largest prime 71; primes > 73: none (all primes <= 73)
#111: 6 10 14 15 21 22 26 33 34 35 38 39 46 51 55 57 58 62 65 69 74 77 82 85 86 87 93 95 115 123 129 133 142 143 145 155 213 259 287 301 319 377 407 493 731 1247 1633 2627
      largest prime 71; primes > 73: none (all primes <= 73)
#112: 6 10 14 15 21 22 26 33 34 35 38 39 46 51 55 57 58 62 65 69 74 77 82 85 86 87 93 95 115 123 129 133 142 145 155 209 213 259 287 299 301 323 391 473 703 817 923 1247
      largest prime 71; primes > 73: none (all primes <= 73)
#113: 6 10 14 15 21 22 26 33 34 35 38 39 46 51 55 57 58 62 65 69 74 77 82 85 86 87 93 95 118 123 129 133 143 145 155 161 177 215 221 287 301 559 629 731 767 1247 1357 1591
      largest prime 59; primes > 73: none (all primes <= 73)
#114: 6 10 14 15 21 22 26 33 34 35 38 39 46 51 55 57 58 62 65 69 74 77 82 85 86 87 93 95 123 129 133 142 143 145 155 161 213 215 221 287 299 301 559 629 731 923 1247 1591
      largest prime 71; primes > 73: none (all primes <= 73)
#115: 6 10 14 15 21 22 26 33 34 35 38 39 46 51 55 57 58 62 65 69 74 77 82 85 86 87 95 111 118 119 123 129 133 143 145 177 185 187 253 287 319 377 493 851 899 1073 1711 2537
      largest prime 59; primes > 73: none (all primes <= 73)
#116: 6 10 14 15 21 22 26 33 34 35 38 39 46 51 55 57 58 62 65 69 74 77 82 85 86 87 95 111 118 119 123 133 143 145 155 161 185 217 221 287 295 299 403 413 1247 3859 8399 9761
      largest prime 227; primes > 73: 227 ~ {17, 37, 43}
#117: 6 10 14 15 21 22 26 33 34 35 38 39 46 51 55 57 58 62 65 69 74 77 82 85 86 87 95 111 118 123 133 143 155 161 203 215 217 221 259 287 295 299 319 403 407 413 629 731
      largest prime 59; primes > 73: none (all primes <= 73)
#118: 6 10 14 15 21 22 26 33 34 35 38 39 46 51 55 57 58 62 65 69 74 77 82 85 86 87 95 118 123 129 133 143 145 155 161 185 217 221 259 287 295 299 301 403 413 629 731 1247
      largest prime 59; primes > 73: none (all primes <= 73)
#119: 6 10 14 15 21 22 26 33 34 35 38 39 46 51 55 57 58 62 65 69 74 77 82 85 86 91 93 94 95 111 119 123 129 133 145 155 187 203 215 287 493 517 1139 2881 3149 31807 43033 69227
      largest prime 1871; primes > 73: 1871 ~ {17, 23, 37}
#120: 6 10 14 15 21 22 26 33 34 35 38 39 46 51 55 57 58 62 65 69 74 77 82 85 86 91 93 94 95 111 123 129 133 145 155 187 203 215 217 287 493 517 629 713 1139 1147 2881 3149
      largest prime 67; primes > 73: none (all primes <= 73)
#121: 6 10 14 15 21 22 26 33 34 35 38 39 46 51 55 57 58 62 65 69 74 77 82 85 86 91 93 94 95 115 119 123 133 141 143 145 155 221 299 391 481 551 893 1073 1763 2627 2911 3337
      largest prime 71; primes > 73: none (all primes <= 73)
#122: 6 10 14 15 21 22 26 33 34 35 38 39 46 51 55 57 58 62 65 69 74 77 82 85 86 91 93 94 95 119 123 133 141 143 155 161 185 221 235 259 287 391 559 1073 2021 59593 75139 95867
      largest prime 2591; primes > 73: 2591 ~ {23, 29, 37}
#123: 6 10 14 15 21 22 26 33 34 35 38 39 46 51 55 57 58 62 65 69 74 77 82 85 86 91 93 94 95 119 123 133 141 145 155 187 203 215 235 253 287 493 515 851 1133 1739 4429 4841
      largest prime 103; primes > 73: 103 ~ {5, 11, 43, 47}
#124: 6 10 14 15 21 22 26 33 34 35 38 39 46 51 55 57 58 62 65 69 74 77 82 85 86 91 93 94 95 119 123 133 141 155 161 185 187 221 235 259 287 299 559 629 2021 9229 10907 24331
      largest prime 839; primes > 73: 839 ~ {11, 13, 29}
#125: 6 10 14 15 21 22 26 33 34 35 38 39 46 51 55 57 58 62 65 69 74 77 82 85 86 91 93 94 95 119 123 141 145 155 187 203 209 215 253 287 319 329 473 493 817 851 1363 1739
      largest prime 47; primes > 73: none (all primes <= 73)
#126: 6 10 14 15 21 22 26 33 34 35 38 39 46 51 55 57 58 62 65 69 74 77 82 85 86 91 93 94 95 123 141 143 155 161 185 203 221 235 259 287 299 323 377 493 551 559 629 2021
      largest prime 47; primes > 73: none (all primes <= 73)
#127: 6 10 14 15 21 22 26 33 34 35 38 39 46 51 55 57 58 62 65 69 74 77 82 85 86 91 93 94 119 123 141 143 145 155 185 187 209 221 235 259 287 319 341 559 589 629 713 2021
      largest prime 47; primes > 73: none (all primes <= 73)
#128: 6 10 14 15 21 22 26 33 34 35 38 39 46 51 55 57 58 62 65 69 74 77 82 85 86 91 93 95 106 111 115 118 123 129 145 155 158 287 323 371 391 551 869 1073 1357 1961 2537 4187
      largest prime 79; primes > 73: 79 ~ {2, 11, 53}
#129: 6 10 14 15 21 22 26 33 34 35 38 39 46 51 55 57 58 62 65 69 74 77 82 85 86 91 93 95 111 115 118 119 123 129 133 143 155 221 295 299 391 481 1711 2183 2537 109591 139823 154939
      largest prime 3779; primes > 73: 3779 ~ {29, 37, 41}
#130: 6 10 14 15 21 22 26 33 34 35 38 39 46 51 55 57 58 62 65 69 74 77 82 85 86 91 93 95 111 115 118 119 123 129 133 145 155 187 203 287 391 1357 2537 205853 13319713 35115607 44802671 14662582247
      largest prime 1210883; primes > 73: 12109 ~ {17, 1210883}; 1210883 ~ {11, 29, 37, 12109}
#131: 6 10 14 15 21 22 26 33 34 35 38 39 46 51 55 57 58 62 65 69 74 77 82 85 86 91 93 95 111 115 118 119 123 129 133 145 155 187 203 287 391 1357 2537 206431 12021383 31692737 40435561 13270513979
      largest prime 1092853; primes > 73: 12143 ~ {17, 1092853}; 1092853 ~ {11, 29, 37, 12143}
#132: 6 10 14 15 21 22 26 33 34 35 38 39 46 51 55 57 58 62 65 69 74 77 82 85 86 91 93 95 111 115 118 119 123 129 133 145 155 187 203 287 391 1357 2537 215101 5010401 13209239 16853167 5763327623
      largest prime 455491; primes > 73: 12653 ~ {17, 455491}; 455491 ~ {11, 29, 37, 12653}
#133: 6 10 14 15 21 22 26 33 34 35 38 39 46 51 55 57 58 62 65 69 74 77 82 85 86 91 93 95 111 115 118 119 123 129 133 145 155 187 203 287 391 1357 2537 215413 5992211 10222007 13041871 6902674589
      largest prime 352483; primes > 73: 19583 ~ {11, 352483}; 352483 ~ {17, 29, 37, 19583}
#134: 6 10 14 15 21 22 26 33 34 35 38 39 46 51 55 57 58 62 65 69 74 77 82 85 86 91 93 95 111 115 118 119 123 129 133 145 155 187 203 287 391 1357 2537 217991 4231403 11155517 14232901 4932661879
      largest prime 384673; primes > 73: 12823 ~ {17, 384673}; 384673 ~ {11, 29, 37, 12823}
#135: 6 10 14 15 21 22 26 33 34 35 38 39 46 51 55 57 58 62 65 69 74 77 82 85 86 91 93 95 111 115 118 119 123 129 133 145 155 187 203 287 391 1357 2537 470723 712181 1214897 1583341 1792727149
      largest prime 42793; primes > 73: 41893 ~ {17, 29, 42793}; 42793 ~ {11, 37, 41893}
#136: 6 10 14 15 21 22 26 33 34 35 38 39 46 51 55 57 58 62 65 69 74 77 82 85 86 91 93 95 111 115 118 119 123 129 133 145 155 187 319 391 451 629 697 1357 2537 48331 105191 116563
      largest prime 2843; primes > 73: 2843 ~ {17, 37, 41}
#137: 6 10 14 15 21 22 26 33 34 35 38 39 46 51 55 57 58 62 65 69 74 77 82 85 86 91 93 95 111 115 118 119 123 129 133 145 155 203 287 391 493 629 1147 1357 2321 2537 3587 6541
      largest prime 211; primes > 73: 211 ~ {11, 17, 31}
#138: 6 10 14 15 21 22 26 33 34 35 38 39 46 51 55 57 58 62 65 69 74 77 82 85 86 91 93 95 111 115 118 119 123 145 155 161 187 209 219 287 319 391 817 1241 1679 233507 271373 372349
      largest prime 6311; primes > 73: 6311 ~ {37, 43, 59}
#139: 6 10 14 15 21 22 26 33 34 35 38 39 46 51 55 57 58 62 65 69 74 77 82 85 86 91 93 95 111 115 118 119 133 143 145 155 205 221 295 299 319 391 481 649 1763 7807 8651 12449
      largest prime 211; primes > 73: 211 ~ {37, 41, 59}
#140: 6 10 14 15 21 22 26 33 34 35 38 39 46 51 55 57 58 62 65 69 74 77 82 85 86 91 93 95 111 115 118 123 129 133 143 145 155 161 203 493 533 629 943 1357 2537 48331 105191 116563
      largest prime 2843; primes > 73: 2843 ~ {17, 37, 41}
#141: 6 10 14 15 21 22 26 33 34 35 38 39 46 51 55 57 58 62 65 69 74 77 82 85 86 91 93 95 111 115 118 123 129 133 143 145 155 259 287 319 391 407 629 1357 2537 3017 5603 7327
      largest prime 431; primes > 73: 431 ~ {7, 13, 17}
#142: 6 10 14 15 21 22 26 33 34 35 38 39 46 51 55 57 58 62 65 69 74 77 82 85 86 91 93 95 111 115 118 123 129 133 145 155 187 203 259 391 407 493 629 979 1357 1513 2537 3649
      largest prime 89; primes > 73: 89 ~ {11, 17, 41}
#143: 6 10 14 15 21 22 26 33 34 35 38 39 46 51 55 57 58 62 65 69 74 77 82 85 86 91 93 95 111 115 119 123 133 134 143 145 155 201 221 299 391 481 1189 1943 2747 113419 144707 168173
      largest prime 3911; primes > 73: 3911 ~ {29, 37, 43}
#144: 6 10 14 15 21 22 26 33 34 35 38 39 46 51 55 57 58 62 65 69 74 77 82 85 86 91 93 95 111 115 119 123 133 143 145 155 203 221 287 299 302 391 453 481 4379 113419 144707 168173
      largest prime 3911; primes > 73: 151 ~ {2, 3, 29}; 3911 ~ {29, 37, 43}
#145: 6 10 14 15 21 22 26 33 34 35 38 39 46 51 55 57 58 62 65 69 74 77 82 85 86 91 93 95 111 115 119 123 133 145 155 185 203 206 215 237 287 493 851 869 1343 1817 3811 4429
      largest prime 103; primes > 73: 79 ~ {3, 11, 17, 23}; 103 ~ {2, 37, 43}
#146: 6 10 14 15 21 22 26 33 34 35 38 39 46 51 55 57 58 62 65 69 74 77 82 85 86 91 93 95 111 115 119 133 142 143 145 155 185 203 215 287 493 533 629 731 1207 1517 1633 2911
      largest prime 71; primes > 73: none (all primes <= 73)
#147: 6 10 14 15 21 22 26 33 34 35 38 39 46 51 55 57 58 62 65 69 74 77 82 85 86 91 93 95 111 115 119 133 143 145 155 185 187 206 215 253 319 493 533 851 943 1189 3811 4429
      largest prime 103; primes > 73: 103 ~ {2, 37, 43}
#148: 6 10 14 15 21 22 26 33 34 35 38 39 46 51 55 57 58 62 65 69 74 77 82 85 86 91 93 95 111 115 119 133 145 155 158 185 187 205 215 319 391 395 451 697 731 943 1817 2923
      largest prime 79; primes > 73: 79 ~ {2, 5, 23, 37}
#149: 6 10 14 15 21 22 26 33 34 35 38 39 46 51 55 57 58 62 65 69 74 77 82 85 86 91 93 95 111 115 123 129 134 143 145 155 185 215 287 323 391 469 551 851 871 1073 1541 2881
      largest prime 67; primes > 73: none (all primes <= 73)
#150: 6 10 14 15 21 22 26 33 34 35 38 39 46 51 55 57 58 62 65 69 74 77 82 85 86 91 93 95 111 115 123 129 145 155 161 187 214 253 259 287 301 323 407 551 629 667 3103 4601
      largest prime 107; primes > 73: 107 ~ {2, 29, 43}
#151: 6 10 14 15 21 22 26 33 34 35 38 39 46 51 55 57 58 62 65 69 74 77 82 85 86 91 93 95 111 118 119 123 129 133 145 155 161 215 259 287 319 407 629 1357 99121 153187 387473 531649
      largest prime 9011; primes > 73: 9011 ~ {11, 17, 43, 59}
#152: 6 10 14 15 21 22 26 33 34 35 38 39 46 51 55 57 58 62 65 69 74 77 82 85 86 91 93 95 111 118 119 123 129 133 155 185 187 203 235 287 493 517 667 851 1073 1081 1357 2537
      largest prime 59; primes > 73: none (all primes <= 73)
#153: 6 10 14 15 21 22 26 33 34 35 38 39 46 51 55 57 58 62 65 69 74 77 82 85 86 91 93 95 111 118 119 123 129 143 145 155 161 265 287 323 481 551 629 689 901 1073 1357 2537
      largest prime 59; primes > 73: none (all primes <= 73)
#154: 6 10 14 15 21 22 26 33 34 35 38 39 46 51 55 57 58 62 65 69 74 77 82 85 86 91 93 95 111 118 123 129 133 145 155 185 187 203 253 287 295 413 649 851 1003 1073 1711 2537
      largest prime 59; primes > 73: none (all primes <= 73)
#155: 6 10 14 15 21 22 26 33 34 35 38 39 46 51 55 57 58 62 65 69 74 77 82 85 86 91 93 95 111 118 123 129 133 145 177 183 185 203 217 253 287 341 851 1037 1073 1711 1891 2537
      largest prime 61; primes > 73: none (all primes <= 73)
#156: 6 10 14 15 21 22 26 33 34 35 38 39 46 51 55 57 58 62 65 69 74 77 82 85 86 91 93 95 111 119 123 129 133 134 145 185 187 209 287 301 319 527 589 713 817 1139 1591 2479
      largest prime 67; primes > 73: none (all primes <= 73)
#157: 6 10 14 15 21 22 26 33 34 35 38 39 46 51 55 57 58 62 65 69 74 77 82 85 86 91 93 95 111 119 123 129 133 145 155 158 185 187 287 301 319 391 395 1177 1817 1819 2923 4601
      largest prime 107; primes > 73: 79 ~ {2, 5, 23, 37}; 107 ~ {11, 17, 43}
#158: 6 10 14 15 21 22 26 33 34 35 38 39 46 51 55 57 58 62 65 69 74 77 82 85 86 91 93 95 111 119 123 129 133 145 155 161 187 215 253 259 287 407 478 493 5497 6931 8843 10277
      largest prime 239; primes > 73: 239 ~ {2, 23, 29, 37, 43}
#159: 6 10 14 15 21 22 26 33 34 35 38 39 46 51 55 57 58 62 65 69 74 77 82 85 86 91 93 95 111 119 123 129 133 145 166 185 187 203 253 287 403 407 493 559 851 1079 1333 3071
      largest prime 83; primes > 73: 83 ~ {2, 13, 37}
#160: 6 10 14 15 21 22 26 33 34 35 38 39 46 51 55 57 58 62 65 69 74 77 82 85 86 91 93 95 111 119 123 133 145 155 185 187 203 206 215 253 287 309 493 515 851 1133 3811 4429
      largest prime 103; primes > 73: 103 ~ {2, 3, 5, 11, 37, 43}
#161: 6 10 14 15 21 22 26 33 34 35 38 39 46 51 55 57 58 62 65 69 74 77 82 85 86 91 93 95 111 123 129 133 134 145 155 187 203 215 259 287 301 407 493 629 737 989 1139 1541
      largest prime 67; primes > 73: none (all primes <= 73)
#162: 6 10 14 15 21 22 26 33 34 35 38 39 46 51 55 57 58 62 65 69 74 77 82 85 86 91 93 95 111 123 129 133 142 143 155 161 203 221 287 299 301 355 481 629 731 1073 1247 2059
      largest prime 71; primes > 73: none (all primes <= 73)
#163: 6 10 14 15 21 22 26 33 34 35 38 39 46 51 55 57 58 62 65 69 74 77 82 85 86 91 93 95 111 123 133 134 143 145 155 161 201 203 215 221 299 481 629 731 1073 1189 1943 2747
      largest prime 67; primes > 73: none (all primes <= 73)
#164: 6 10 14 15 21 22 26 33 34 35 38 39 46 51 55 57 58 62 65 69 74 77 82 85 86 91 93 95 115 118 119 123 129 133 143 145 155 201 319 391 407 533 697 1139 1357 1517 2537 2747
      largest prime 67; primes > 73: none (all primes <= 73)
#165: 6 10 14 15 21 22 26 33 34 35 38 39 46 51 55 57 58 62 65 69 74 77 82 85 86 91 93 95 115 118 119 123 129 133 143 145 155 221 319 391 407 417 533 1357 1517 1807 2537 5699
      largest prime 139; primes > 73: 139 ~ {3, 13, 41}
#166: 6 10 14 15 21 22 26 33 34 35 38 39 46 51 55 57 58 62 65 69 74 77 82 85 86 91 93 95 115 118 119 123 129 145 155 177 213 247 259 287 319 323 703 767 781 1003 1633 2537
      largest prime 71; primes > 73: none (all primes <= 73)
#167: 6 10 14 15 21 22 26 33 34 35 38 39 46 51 55 57 58 62 65 69 74 77 82 85 86 91 93 95 115 118 119 123 129 145 155 183 209 221 259 287 319 391 671 703 793 1159 1357 2537
      largest prime 61; primes > 73: none (all primes <= 73)
#168: 6 10 14 15 21 22 26 33 34 35 38 39 46 51 55 57 58 62 65 69 74 77 82 85 86 91 93 95 115 118 119 123 129 145 155 187 209 219 259 287 319 391 437 703 1241 1357 1679 2537
      largest prime 73; primes > 73: none (all primes <= 73)
#169: 6 10 14 15 21 22 26 33 34 35 38 39 46 51 55 57 58 62 65 69 74 77 82 85 86 91 93 95 115 118 119 123 133 141 145 155 161 187 253 329 407 493 667 1517 1711 1763 2419 2773
      largest prime 59; primes > 73: none (all primes <= 73)
#170: 6 10 14 15 21 22 26 33 34 35 38 39 46 51 55 57 58 62 65 69 74 77 82 85 86 91 93 95 115 118 119 123 145 155 177 185 209 215 259 287 319 391 473 629 649 817 1003 1357
      largest prime 59; primes > 73: none (all primes <= 73)
#171: 6 10 14 15 21 22 26 33 34 35 38 39 46 51 55 57 58 62 65 69 74 77 82 85 86 91 93 95 115 118 119 129 133 145 155 161 187 209 259 287 319 493 703 779 943 1189 1357 2537
      largest prime 59; primes > 73: none (all primes <= 73)
#172: 6 10 14 15 21 22 26 33 34 35 38 39 46 51 55 57 58 62 65 69 74 77 82 85 86 91 93 95 115 119 129 133 134 143 145 155 185 215 221 299 319 391 407 481 2881 22681 25133 41071
      largest prime 613; primes > 73: 613 ~ {37, 41, 67}
#173: 6 10 14 15 21 22 26 33 34 35 38 39 46 51 55 57 58 62 65 69 74 77 82 85 86 91 93 95 115 119 129 133 134 145 155 185 187 203 215 253 287 407 493 851 943 2479 2747 2881
      largest prime 67; primes > 73: none (all primes <= 73)
#174: 6 10 14 15 21 22 26 33 34 35 38 39 46 51 55 57 58 62 65 69 74 77 82 85 86 91 93 95 118 119 123 133 145 155 161 177 209 215 259 287 319 323 473 649 703 817 1003 1357
      largest prime 59; primes > 73: none (all primes <= 73)
#175: 6 10 14 15 21 22 26 33 34 35 38 39 46 51 55 57 58 62 65 69 74 77 82 85 86 91 93 95 118 119 129 133 145 155 161 185 187 205 235 259 287 319 451 629 799 1357 1927 2537
      largest prime 59; primes > 73: none (all primes <= 73)
#176: 6 10 14 15 21 22 26 33 34 35 38 39 46 51 55 57 58 62 65 69 74 77 82 85 86 91 93 95 118 123 133 143 145 155 161 177 215 221 259 287 299 319 413 481 629 649 731 2183
      largest prime 59; primes > 73: none (all primes <= 73)
#177: 6 10 14 15 21 22 26 33 34 35 38 39 46 51 55 57 58 62 65 69 74 77 82 85 86 91 93 95 119 123 129 133 134 145 185 187 201 203 215 253 287 335 407 493 851 2077 2479 2881
      largest prime 67; primes > 73: none (all primes <= 73)
#178: 6 10 14 15 21 22 26 33 34 35 38 39 46 51 55 57 58 62 65 69 74 77 82 85 86 91 93 111 115 118 119 123 129 133 155 185 187 203 253 287 407 437 493 667 703 1073 1357 2537
      largest prime 59; primes > 73: none (all primes <= 73)
#179: 6 10 14 15 21 22 26 33 34 35 38 39 46 51 55 57 58 62 65 69 74 77 82 85 86 91 94 95 111 115 119 123 133 141 143 145 185 221 235 299 377 391 559 899 2021 109591 139823 154939
      largest prime 3779; primes > 73: 3779 ~ {29, 37, 41}
#180: 6 10 14 15 21 22 26 33 34 35 38 39 46 51 55 57 58 62 65 69 74 77 82 85 86 91 94 95 111 119 123 133 141 143 145 161 221 235 259 287 299 391 481 667 899 1247 1591 2021
      largest prime 47; primes > 73: none (all primes <= 73)
#181: 6 10 14 15 21 22 26 33 34 35 38 39 46 51 55 57 58 62 65 69 74 77 82 85 86 91 95 111 118 123 133 143 145 155 161 177 215 217 221 259 287 319 403 407 629 731 767 1357
      largest prime 59; primes > 73: none (all primes <= 73)
#182: 6 10 14 15 21 22 26 33 34 35 38 39 46 51 55 57 58 62 65 69 74 77 82 85 86 91 95 111 123 133 142 143 145 155 161 213 215 217 221 259 287 299 319 403 407 629 731 923
      largest prime 71; primes > 73: none (all primes <= 73)
#183: 6 10 14 15 21 22 26 33 34 35 38 39 46 51 55 57 58 62 65 69 74 77 82 85 86 93 94 95 115 119 123 133 141 143 145 155 221 247 287 299 319 391 407 559 703 893 1739 2021
      largest prime 47; primes > 73: none (all primes <= 73)
#184: 6 10 14 15 21 22 26 33 34 35 38 39 46 51 55 57 58 62 65 69 74 77 82 85 86 93 94 95 115 123 133 141 145 155 187 203 215 235 247 259 287 299 391 493 517 703 731 893
      largest prime 47; primes > 73: none (all primes <= 73)
#185: 6 10 14 15 21 22 26 33 34 35 38 39 46 51 55 57 58 62 65 69 74 77 82 85 86 93 95 111 115 118 119 123 129 133 143 145 155 221 247 287 391 551 689 1007 1073 1357 1961 2537
      largest prime 59; primes > 73: none (all primes <= 73)
#186: 6 10 14 15 21 22 26 33 34 35 38 39 46 51 55 57 58 62 65 69 74 77 82 85 86 93 95 111 115 118 119 123 129 133 145 155 187 209 247 287 299 319 323 1357 2537 31807 43033 69227
      largest prime 1871; primes > 73: 1871 ~ {17, 23, 37}
#187: 6 10 14 15 21 22 26 33 34 35 38 39 46 51 55 57 58 62 65 69 74 77 82 85 86 93 95 111 115 118 123 129 133 145 155 187 209 217 247 287 299 319 323 629 713 1147 1357 2537
      largest prime 59; primes > 73: none (all primes <= 73)
#188: 6 10 14 15 21 22 26 33 34 35 38 39 46 51 55 57 58 62 65 69 74 77 82 85 86 93 95 111 118 123 129 133 143 145 155 161 185 203 221 287 295 299 481 493 767 1003 2183 2537
      largest prime 59; primes > 73: none (all primes <= 73)
#189: 6 10 14 15 21 22 26 33 34 35 38 39 46 51 55 57 58 62 65 69 74 77 82 85 87 91 93 94 95 111 115 119 123 133 142 155 187 213 287 329 493 517 1363 1633 2395 2627 3353 17723
      largest prime 479; primes > 73: 479 ~ {5, 7, 37}
#190: 6 10 14 15 21 22 26 33 34 35 38 39 46 51 55 57 58 62 65 69 74 77 82 85 87 91 93 94 95 111 119 123 133 141 155 158 185 203 287 319 391 395 799 1345 1817 2923 2959 12643
      largest prime 269; primes > 73: 79 ~ {2, 5, 23, 37}; 269 ~ {5, 11, 47}
#191: 6 10 14 15 21 22 26 33 34 35 38 39 46 51 55 57 58 62 65 69 74 77 82 85 87 91 93 94 95 111 119 123 133 155 185 187 214 217 287 321 329 493 517 535 713 1147 1363 3959
      largest prime 107; primes > 73: 107 ~ {2, 3, 5, 37}
#192: 6 10 14 15 21 22 26 33 34 35 38 39 46 51 55 57 58 62 65 69 74 77 82 85 87 91 93 94 95 115 118 119 123 133 141 155 237 287 295 329 413 493 851 869 1343 1363 1739 1817
      largest prime 79; primes > 73: 79 ~ {3, 11, 17, 23}
#193: 6 10 14 15 21 22 26 33 34 35 38 39 46 51 55 57 58 62 65 69 74 77 82 85 87 91 93 94 95 115 118 119 123 133 143 155 203 287 295 391 551 611 767 799 893 1073 1357 2183
      largest prime 59; primes > 73: none (all primes <= 73)
#194: 6 10 14 15 21 22 26 33 34 35 38 39 46 51 55 57 58 62 65 69 74 77 82 85 87 91 93 94 95 115 118 119 123 133 155 187 218 287 295 326 329 413 493 517 1363 3749 4033 17767
      largest prime 163; primes > 73: 109 ~ {2, 37, 163}; 163 ~ {2, 23, 109}
#195: 6 10 14 15 21 22 26 33 34 35 38 39 46 51 55 57 58 62 65 69 74 77 82 85 87 91 93 94 95 115 118 123 133 155 161 187 203 205 235 253 407 493 667 697 1517 1711 2419 2773
      largest prime 59; primes > 73: none (all primes <= 73)
#196: 6 10 14 15 21 22 26 33 34 35 38 39 46 51 55 57 58 62 65 69 74 77 82 85 87 91 93 94 95 115 118 123 143 155 203 247 287 295 299 319 323 329 391 407 413 611 703 1739
      largest prime 59; primes > 73: none (all primes <= 73)
#197: 6 10 14 15 21 22 26 33 34 35 38 39 46 51 55 57 58 62 65 69 74 77 82 85 87 91 93 94 95 115 119 123 133 142 155 185 187 205 259 329 493 517 629 697 1207 1363 1633 2911
      largest prime 71; primes > 73: none (all primes <= 73)
#198: 6 10 14 15 21 22 26 33 34 35 38 39 46 51 55 57 58 62 65 69 74 77 82 85 87 91 93 94 95 118 119 123 133 141 155 187 253 287 295 309 329 413 493 515 851 1133 1363 1739
      largest prime 103; primes > 73: 103 ~ {3, 5, 11}
#199: 6 10 14 15 21 22 26 33 34 35 38 39 46 51 55 57 58 62 65 69 74 77 82 85 87 91 93 94 95 118 123 145 155 161 185 187 259 287 295 299 323 329 377 413 517 551 629 1363
      largest prime 59; primes > 73: none (all primes <= 73)
#200: 6 10 14 15 21 22 26 33 34 35 38 39 46 51 55 57 58 62 65 69 74 77 82 85 87 91 93 94 95 119 123 133 142 143 155 161 247 259 287 299 355 391 611 667 703 799 893 2059
      largest prime 71; primes > 73: none (all primes <= 73)
#201: 6 10 14 15 21 22 26 33 34 35 38 39 46 51 55 57 58 62 65 69 74 77 82 85 87 91 93 94 95 119 123 133 155 161 185 187 206 235 259 287 299 377 391 517 629 667 1751 4841
      largest prime 103; primes > 73: 103 ~ {2, 17, 47}
#202: 6 10 14 15 21 22 26 33 34 35 38 39 46 51 55 57 58 62 65 69 74 77 82 85 87 91 93 94 115 118 119 123 133 155 161 187 235 247 253 259 287 493 551 649 667 703 767 2773
      largest prime 59; primes > 73: none (all primes <= 73)
#203: 6 10 14 15 21 22 26 33 34 35 38 39 46 51 55 57 58 62 65 69 74 77 82 85 87 91 93 94 115 119 123 129 141 142 145 155 185 187 259 287 355 517 629 799 1247 1349 1633 2021
      largest prime 71; primes > 73: none (all primes <= 73)
#204: 6 10 14 15 21 22 26 33 34 35 38 39 46 51 55 57 58 62 65 69 74 77 82 85 87 91 93 95 106 119 122 123 133 145 155 159 183 203 253 287 365 407 671 851 1241 2117 2701 3869
      largest prime 73; primes > 73: none (all primes <= 73)
#205: 6 10 14 15 21 22 26 33 34 35 38 39 46 51 55 57 58 62 65 69 74 77 82 85 87 91 93 95 106 119 122 123 133 145 159 183 187 205 265 341 407 493 583 671 713 899 1271 1517
      largest prime 61; primes > 73: none (all primes <= 73)
#206: 6 10 14 15 21 22 26 33 34 35 38 39 46 51 55 57 58 62 65 69 74 77 82 85 87 91 93 95 106 119 123 133 145 146 155 159 203 219 253 265 287 407 583 803 851 1241 2117 2701
      largest prime 73; primes > 73: none (all primes <= 73)
#207: 6 10 14 15 21 22 26 33 34 35 38 39 46 51 55 57 58 62 65 69 74 77 82 85 87 91 93 95 111 115 118 119 123 133 143 177 203 221 287 319 391 403 407 767 1357 2566 39773 47471
      largest prime 1283; primes > 73: 1283 ~ {2, 31, 37}
#208: 6 10 14 15 21 22 26 33 34 35 38 39 46 51 55 57 58 62 65 69 74 77 82 85 87 91 93 95 111 115 118 119 129 133 134 143 145 155 221 391 559 1247 1357 2537 2881 22681 25133 41071
      largest prime 613; primes > 73: 613 ~ {37, 41, 67}
#209: 6 10 14 15 21 22 26 33 34 35 38 39 46 51 55 57 58 62 65 69 74 77 82 85 87 91 93 95 111 115 118 123 133 142 155 187 203 209 213 287 295 319 413 1633 2627 5627 6289 12247
      largest prime 331; primes > 73: 331 ~ {17, 19, 37}
#210: 6 10 14 15 21 22 26 33 34 35 38 39 46 51 55 57 58 62 65 69 74 77 82 85 87 91 93 95 111 115 118 123 142 143 155 213 247 259 287 295 323 377 391 413 667 703 1633 2627
      largest prime 71; primes > 73: none (all primes <= 73)
#211: 6 10 14 15 21 22 26 33 34 35 38 39 46 51 55 57 58 62 65 69 74 77 82 85 87 91 93 95 111 115 119 123 133 142 143 203 213 221 287 299 319 391 403 407 923 2566 39773 47471
      largest prime 1283; primes > 73: 1283 ~ {2, 31, 37}
#212: 6 10 14 15 21 22 26 33 34 35 38 39 46 51 55 57 58 62 65 69 74 77 82 85 87 91 93 95 111 115 119 123 133 142 145 155 187 203 213 287 319 493 1006 1073 1633 2627 5533 18611
      largest prime 503; primes > 73: 503 ~ {2, 11, 37}
#213: 6 10 14 15 21 22 26 33 34 35 38 39 46 51 55 57 58 62 65 69 74 77 82 85 87 91 93 95 111 118 119 123 133 142 155 161 177 259 287 355 391 407 629 649 667 1003 1357 2059
      largest prime 71; primes > 73: none (all primes <= 73)
#214: 6 10 14 15 21 22 26 33 34 35 38 39 46 51 55 57 58 62 65 69 74 77 82 85 87 91 93 95 111 119 123 133 142 143 155 161 221 259 287 299 355 382 391 481 573 667 2059 7067
      largest prime 191; primes > 73: 191 ~ {2, 3, 37}
#215: 6 10 14 15 21 22 26 33 34 35 38 39 46 51 55 57 58 62 65 69 74 77 82 85 87 91 93 95 115 118 119 123 133 143 155 166 203 221 287 295 319 391 407 767 1079 1357 2183 3071
      largest prime 83; primes > 73: 83 ~ {2, 13, 37}
#216: 6 10 14 15 21 22 26 33 34 35 38 39 46 51 55 57 58 62 65 69 74 77 82 85 87 91 93 95 115 118 119 123 133 143 155 203 221 287 295 299 319 391 407 413 481 694 2429 12839
      largest prime 347; primes > 73: 347 ~ {2, 7, 37}
#217: 6 10 14 15 21 22 26 33 34 35 38 39 46 51 55 57 58 62 65 69 74 77 82 85 87 91 93 95 115 118 123 133 134 143 155 203 221 287 295 299 319 391 407 413 481 629 1139 2479
      largest prime 67; primes > 73: none (all primes <= 73)
#218: 6 10 14 15 21 22 26 33 34 35 38 39 46 51 55 57 58 62 65 69 74 77 82 85 87 91 93 95 115 118 123 133 142 155 161 185 187 253 259 287 323 355 413 629 649 667 1121 2059
      largest prime 71; primes > 73: none (all primes <= 73)
#219: 6 10 14 15 21 22 26 33 34 35 38 39 46 51 55 57 58 62 65 69 74 77 82 85 87 91 93 95 115 119 123 133 134 142 155 185 187 201 205 213 319 451 493 1517 1633 1943 2627 2747
      largest prime 71; primes > 73: none (all primes <= 73)
#220: 6 10 14 15 21 22 26 33 34 35 38 39 46 51 55 57 58 62 65 69 74 77 82 85 87 91 93 95 115 119 123 133 142 155 161 185 187 221 253 259 287 355 382 629 667 2059 2101 2483
      largest prime 191; primes > 73: 191 ~ {2, 11, 13}
#221: 6 10 14 15 21 22 26 33 34 35 38 39 46 51 55 57 58 62 65 69 74 77 82 85 87 91 94 95 115 119 123 133 141 142 145 155 187 213 217 287 329 493 517 899 1147 1457 1633 2627
      largest prime 71; primes > 73: none (all primes <= 73)
#222: 6 10 14 15 21 22 26 33 34 35 38 39 46 51 55 57 58 62 65 69 74 77 82 85 87 91 94 95 118 119 123 133 141 145 161 177 187 235 247 259 287 493 517 703 767 893 899 1357
      largest prime 59; primes > 73: none (all primes <= 73)
#223: 6 10 14 15 21 22 26 33 34 35 38 39 46 51 55 57 58 62 65 69 74 77 82 85 87 91 94 95 119 123 133 141 142 145 161 187 213 235 247 259 287 299 493 517 703 893 899 923
      largest prime 71; primes > 73: none (all primes <= 73)
#224: 6 10 14 15 21 22 26 33 34 35 38 39 46 51 55 57 58 62 65 69 74 77 82 85 87 93 94 95 111 119 123 133 141 142 155 187 221 253 259 287 329 355 407 611 629 667 1081 2059
      largest prime 71; primes > 73: none (all primes <= 73)
#225: 6 10 14 15 21 22 26 33 34 35 38 39 46 51 55 57 58 62 65 69 74 77 82 85 87 93 94 95 111 119 123 133 141 143 145 155 158 185 287 377 391 395 551 799 893 1363 1817 2923
      largest prime 79; primes > 73: 79 ~ {2, 5, 23, 37}
#226: 6 10 14 15 21 22 26 33 34 35 38 39 46 51 55 57 58 62 65 69 74 77 82 85 87 93 94 95 115 119 123 129 133 141 143 145 185 221 235 287 299 391 403 1247 2021 2566 39773 47471
      largest prime 1283; primes > 73: 1283 ~ {2, 31, 37}
#227: 6 10 14 15 21 22 26 33 34 35 38 39 46 51 55 57 58 62 65 69 74 77 82 85 87 93 94 95 115 119 123 133 142 155 161 185 187 221 253 287 329 355 407 611 629 667 1739 2059
      largest prime 71; primes > 73: none (all primes <= 73)
#228: 6 10 14 15 21 22 26 33 34 35 38 39 46 51 55 57 58 62 65 69 74 77 82 85 87 93 95 111 115 118 119 123 133 142 143 145 155 213 221 287 299 391 559 923 1247 233507 271373 372349
      largest prime 6311; primes > 73: 6311 ~ {37, 43, 59}
#229: 6 10 14 15 21 22 26 33 34 35 38 39 46 51 55 57 58 62 65 69 74 77 82 85 91 93 94 95 115 119 123 133 134 141 145 155 161 187 203 287 329 493 517 851 1739 4577 9353 13333
      largest prime 199; primes > 73: 199 ~ {23, 47, 67}
#230: 6 10 14 15 21 22 26 33 34 35 38 39 46 51 55 57 58 62 65 69 74 77 82 85 91 93 94 95 115 119 123 133 141 142 143 145 155 221 287 299 391 481 497 551 893 1073 2627 3337
      largest prime 71; primes > 73: none (all primes <= 73)
#231: 6 10 14 15 21 22 26 33 34 35 38 39 46 51 55 57 58 62 65 69 74 77 82 85 91 93 94 95 115 119 123 133 141 145 155 161 187 203 214 287 319 329 493 851 1177 1363 1739 2461
      largest prime 107; primes > 73: 107 ~ {2, 11, 23}
#232: 6 10 14 15 21 22 26 33 34 35 38 39 46 51 55 57 58 62 65 69 74 77 82 85 91 93 94 95 115 119 123 133 142 145 155 187 203 213 259 287 319 329 407 493 517 1363 1633 2627
      largest prime 71; primes > 73: none (all primes <= 73)
#233: 6 10 14 15 21 22 26 33 34 35 38 39 46 51 55 57 58 62 65 69 74 77 82 85 91 93 94 95 118 119 123 133 145 155 161 177 185 187 259 287 295 319 517 629 649 799 1357 2773
      largest prime 59; primes > 73: none (all primes <= 73)
#234: 6 10 14 15 21 22 26 33 34 35 38 39 46 51 55 57 58 62 65 69 74 77 82 85 91 93 95 106 111 119 123 133 145 155 159 187 202 203 253 265 287 303 407 493 583 851 1111 3737
      largest prime 101; primes > 73: 101 ~ {2, 3, 11, 37}
#235: 6 10 14 15 21 22 26 33 34 35 38 39 46 51 55 57 58 62 65 69 74 77 82 85 91 93 95 118 123 133 142 145 155 161 185 187 209 213 247 259 287 295 299 319 323 413 629 923
      largest prime 71; primes > 73: none (all primes <= 73)
#236: 6 10 14 15 21 22 26 33 34 35 38 39 46 51 55 57 58 62 65 69 74 77 82 85 93 94 95 118 119 123 133 141 145 155 161 187 203 235 247 259 287 295 299 413 493 517 703 893
      largest prime 59; primes > 73: none (all primes <= 73)
#237: 6 10 14 15 21 22 26 33 34 35 38 39 46 51 55 57 58 62 65 69 74 77 82 86 87 91 93 94 95 111 119 123 133 141 155 187 203 235 253 287 305 407 851 1247 1591 1769 2021 2257
      largest prime 61; primes > 73: none (all primes <= 73)
#238: 6 10 14 15 21 22 26 33 34 35 38 39 46 51 55 57 58 62 65 69 74 77 82 86 87 91 93 94 95 111 119 123 133 145 155 161 187 259 287 299 339 481 517 1247 1469 1591 2021 5311
      largest prime 113; primes > 73: 113 ~ {3, 13, 47}
#239: 6 10 14 15 21 22 26 33 34 35 38 39 46 51 55 57 58 62 65 69 74 77 82 86 87 91 93 94 95 115 119 123 129 133 141 145 155 187 235 253 407 1247 1517 1252787 2560043 5071987 5319401 6738196583
      largest prime 123707; primes > 73: 54469 ~ {23, 47, 123707}; 123707 ~ {41, 43, 54469}
#240: 6 10 14 15 21 22 26 33 34 35 38 39 46 51 55 57 58 62 65 69 74 77 82 86 87 91 93 94 95 115 119 123 133 141 143 145 155 235 299 391 417 629 697 1247 1591 1807 2021 5699
      largest prime 139; primes > 73: 139 ~ {3, 13, 41}
#241: 6 10 14 15 21 22 26 33 34 35 38 39 46 51 55 57 58 62 65 69 74 77 82 86 87 91 93 94 95 115 119 123 143 155 203 215 247 287 299 319 323 329 391 407 611 703 731 1739
      largest prime 47; primes > 73: none (all primes <= 73)
#242: 6 10 14 15 21 22 26 33 34 35 38 39 46 51 55 57 58 62 65 69 74 77 82 86 87 91 93 94 95 115 123 133 141 143 155 161 201 215 287 299 377 469 667 731 851 871 1739 3149
      largest prime 67; primes > 73: none (all primes <= 73)
#243: 6 10 14 15 21 22 26 33 34 35 38 39 46 51 55 57 58 62 65 69 74 77 82 86 87 91 93 94 95 119 123 129 133 141 143 145 155 187 253 319 533 851 1247 1363 1739 1763 1927 2021
      largest prime 47; primes > 73: none (all primes <= 73)
#244: 6 10 14 15 21 22 26 33 34 35 38 39 46 51 55 57 58 62 65 69 74 77 82 86 87 91 93 94 95 119 123 129 133 141 143 161 247 259 287 299 403 493 559 703 799 893 1333 1363
      largest prime 47; primes > 73: none (all primes <= 73)
#245: 6 10 14 15 21 22 26 33 34 35 38 39 46 51 55 57 58 62 65 69 74 77 82 86 87 91 93 94 95 119 123 129 133 141 143 187 203 215 253 287 319 335 851 871 1739 2077 2881 3149
      largest prime 67; primes > 73: none (all primes <= 73)
#246: 6 10 14 15 21 22 26 33 34 35 38 39 46 51 55 57 58 62 65 69 74 77 82 86 87 91 93 94 95 119 123 129 133 141 145 155 187 217 287 329 517 527 629 713 1247 1333 1457 1591
      largest prime 47; primes > 73: none (all primes <= 73)
#247: 6 10 14 15 21 22 26 33 34 35 38 39 46 51 55 57 58 62 65 69 74 77 82 86 87 91 93 94 95 119 123 129 133 141 145 155 187 235 253 287 301 515 851 1133 1247 1739 4429 4841
      largest prime 103; primes > 73: 103 ~ {5, 11, 43, 47}
#248: 6 10 14 15 21 22 26 33 34 35 38 39 46 51 55 57 58 62 65 69 74 77 82 86 87 91 93 94 95 119 123 129 133 141 145 155 187 253 259 329 407 481 533 851 1247 1763 1927 2021
      largest prime 47; primes > 73: none (all primes <= 73)
#249: 6 10 14 15 21 22 26 33 34 35 38 39 46 51 55 57 58 62 65 69 74 77 82 86 87 91 93 94 95 119 123 129 133 141 187 203 209 215 235 287 319 527 589 629 713 817 1591 2021
      largest prime 47; primes > 73: none (all primes <= 73)
#250: 6 10 14 15 21 22 26 33 34 35 38 39 46 51 55 57 58 62 65 69 74 77 82 86 87 91 93 94 95 119 123 129 141 145 155 187 209 253 287 301 319 329 473 817 851 1247 1363 1739
      largest prime 47; primes > 73: none (all primes <= 73)
#251: 6 10 14 15 21 22 26 33 34 35 38 39 46 51 55 57 58 62 65 69 74 77 82 86 87 91 93 94 95 119 123 129 141 145 155 187 215 235 259 287 341 473 589 703 713 817 1247 2021
      largest prime 47; primes > 73: none (all primes <= 73)
#252: 6 10 14 15 21 22 26 33 34 35 38 39 46 51 55 57 58 62 65 69 74 77 82 86 87 91 93 94 95 119 123 129 145 155 161 177 187 259 287 299 329 377 517 551 703 1121 1363 2537
      largest prime 59; primes > 73: none (all primes <= 73)
#253: 6 10 14 15 21 22 26 33 34 35 38 39 46 51 55 57 58 62 65 69 74 77 82 86 87 91 93 94 95 119 123 145 155 161 185 187 215 259 287 299 323 329 377 517 551 629 731 1363
      largest prime 47; primes > 73: none (all primes <= 73)
#254: 6 10 14 15 21 22 26 33 34 35 38 39 46 51 55 57 58 62 65 69 74 77 82 86 87 91 93 94 95 123 129 133 141 143 145 155 161 215 235 287 299 481 731 1247 1939 2021 3601 10249
      largest prime 277; primes > 73: 277 ~ {7, 13, 37}
#255: 6 10 14 15 21 22 26 33 34 35 38 39 46 51 55 57 58 62 65 69 74 77 82 86 87 91 93 94 95 123 129 133 141 143 145 155 161 215 235 287 299 731 763 793 1247 2021 4033 6649
      largest prime 109; primes > 73: 109 ~ {7, 37, 61}
#256: 6 10 14 15 21 22 26 33 34 35 38 39 46 51 55 57 58 62 65 69 74 77 82 86 87 91 93 94 111 115 119 123 133 141 155 185 187 203 209 235 287 319 559 2021 136669 199747 241799 388981
      largest prime 10513; primes > 73: 10513 ~ {13, 19, 23, 37}
#257: 6 10 14 15 21 22 26 33 34 35 38 39 46 51 55 57 58 62 65 69 74 77 82 86 87 91 93 94 111 119 123 133 141 155 185 187 203 215 235 253 287 473 517 551 817 851 893 1073
      largest prime 47; primes > 73: none (all primes <= 73)
#258: 6 10 14 15 21 22 26 33 34 35 38 39 46 51 55 57 58 62 65 69 74 77 82 86 87 91 93 94 119 123 129 133 141 143 155 161 185 221 287 299 301 329 481 493 817 1363 1591 1739
      largest prime 47; primes > 73: none (all primes <= 73)
#259: 6 10 14 15 21 22 26 33 34 35 38 39 46 51 55 57 58 62 65 69 74 77 82 86 87 91 93 95 111 115 118 123 133 155 161 177 215 259 287 299 377 407 413 649 667 731 851 2183
      largest prime 59; primes > 73: none (all primes <= 73)
#260: 6 10 14 15 21 22 26 33 34 35 38 39 46 51 55 57 58 62 65 69 74 77 82 86 87 91 93 95 111 115 118 129 133 145 155 161 185 187 203 319 451 667 697 851 1073 1189 1357 2537
      largest prime 59; primes > 73: none (all primes <= 73)
#261: 6 10 14 15 21 22 26 33 34 35 38 39 46 51 55 57 58 62 65 69 74 77 82 86 87 91 93 95 111 115 119 123 129 133 145 155 185 206 237 287 301 851 869 1247 1343 1817 3811 4429
      largest prime 103; primes > 73: 79 ~ {3, 11, 17, 23}; 103 ~ {2, 37, 43}
#262: 6 10 14 15 21 22 26 33 34 35 38 39 46 51 55 57 58 62 65 69 74 77 82 86 87 91 93 95 111 115 119 123 129 133 145 155 185 214 237 287 301 851 869 1073 1343 1817 3103 4601
      largest prime 107; primes > 73: 79 ~ {3, 11, 17, 23}; 107 ~ {2, 29, 43}
#263: 6 10 14 15 21 22 26 33 34 35 38 39 46 51 55 57 58 62 65 69 74 77 82 86 87 91 93 95 111 115 119 123 133 142 145 155 185 187 213 287 301 407 1247 1633 2627 3883 13061 15179
      largest prime 353; primes > 73: 353 ~ {11, 37, 43}
#264: 6 10 14 15 21 22 26 33 34 35 38 39 46 51 55 57 58 62 65 69 74 77 82 86 87 91 93 95 111 115 119 123 133 142 155 187 203 209 213 215 287 319 731 1633 2627 5627 6289 12247
      largest prime 331; primes > 73: 331 ~ {17, 19, 37}
#265: 6 10 14 15 21 22 26 33 34 35 38 39 46 51 55 57 58 62 65 69 74 77 82 86 87 91 93 95 111 115 119 123 133 143 145 155 158 185 187 213 533 781 1247 1633 2923 9307 9761 17933
      largest prime 227; primes > 73: 79 ~ {2, 37, 227}; 227 ~ {41, 43, 79}
#266: 6 10 14 15 21 22 26 33 34 35 38 39 46 51 55 57 58 62 65 69 74 77 82 86 87 91 93 95 111 115 119 123 142 143 155 213 215 247 259 287 323 377 391 667 703 731 1633 2627
      largest prime 71; primes > 73: none (all primes <= 73)
#267: 6 10 14 15 21 22 26 33 34 35 38 39 46 51 55 57 58 62 65 69 74 77 82 86 87 91 93 95 111 115 119 129 133 142 143 145 155 185 287 301 533 629 731 1207 1247 1517 1633 2911
      largest prime 71; primes > 73: none (all primes <= 73)
#268: 6 10 14 15 21 22 26 33 34 35 38 39 46 51 55 57 58 62 65 69 74 77 82 86 87 91 93 95 111 115 123 133 142 143 155 203 209 213 215 259 319 451 533 703 731 779 1633 2627
      largest prime 71; primes > 73: none (all primes <= 73)
#269: 6 10 14 15 21 22 26 33 34 35 38 39 46 51 55 57 58 62 65 69 74 77 82 86 87 91 93 95 111 115 123 142 155 161 187 203 209 213 215 259 287 319 391 437 703 731 1633 2627
      largest prime 71; primes > 73: none (all primes <= 73)
#270: 6 10 14 15 21 22 26 33 34 35 38 39 46 51 55 57 58 62 65 69 74 77 82 86 87 91 93 95 111 118 119 123 133 145 155 161 177 187 259 287 481 517 611 767 1247 1357 1591 2021
      largest prime 59; primes > 73: none (all primes <= 73)
#271: 6 10 14 15 21 22 26 33 34 35 38 39 46 51 55 57 58 62 65 69 74 77 82 86 87 91 93 95 111 118 119 129 133 155 161 185 187 203 205 259 319 451 511 779 1357 1387 2537 2701
      largest prime 73; primes > 73: none (all primes <= 73)
#272: 6 10 14 15 21 22 26 33 34 35 38 39 46 51 55 57 58 62 65 69 74 77 82 86 87 91 93 95 111 118 123 129 133 155 161 185 187 201 203 205 319 451 629 1139 1357 1517 2537 2747
      largest prime 67; primes > 73: none (all primes <= 73)
#273: 6 10 14 15 21 22 26 33 34 35 38 39 46 51 55 57 58 62 65 69 74 77 82 86 87 91 93 95 111 119 123 129 133 145 155 185 187 206 253 287 301 309 515 851 1133 1247 3811 4429
      largest prime 103; primes > 73: 103 ~ {2, 3, 5, 11, 37, 43}
#274: 6 10 14 15 21 22 26 33 34 35 38 39 46 51 55 57 58 62 65 69 74 77 82 86 87 91 93 95 111 119 123 129 133 145 155 185 187 214 253 287 301 309 515 851 1073 1133 3103 4601
      largest prime 107; primes > 73: 103 ~ {3, 5, 11}; 107 ~ {2, 29, 43}
#275: 6 10 14 15 21 22 26 33 34 35 38 39 46 51 55 57 58 62 65 69 74 77 82 86 87 91 93 95 111 119 123 133 142 145 155 161 187 213 259 287 299 481 517 611 923 1247 1591 2021
      largest prime 71; primes > 73: none (all primes <= 73)
#276: 6 10 14 15 21 22 26 33 34 35 38 39 46 51 55 57 58 62 65 69 74 77 82 86 87 91 93 95 111 119 123 133 145 155 159 185 187 203 206 215 253 287 851 1073 1133 2987 4429 5459
      largest prime 103; primes > 73: 103 ~ {2, 11, 29, 43, 53}
#277: 6 10 14 15 21 22 26 33 34 35 38 39 46 51 55 57 58 62 65 69 74 77 82 86 87 91 93 95 111 119 123 133 145 155 177 185 187 203 206 215 253 287 649 851 1073 2987 4429 6077
      largest prime 103; primes > 73: 103 ~ {2, 29, 43, 59}
#278: 6 10 14 15 21 22 26 33 34 35 38 39 46 51 55 57 58 62 65 69 74 77 82 86 87 91 93 95 115 118 123 133 143 155 161 209 215 247 253 259 287 377 413 649 667 703 731 1121
      largest prime 59; primes > 73: none (all primes <= 73)
#279: 6 10 14 15 21 22 26 33 34 35 38 39 46 51 55 57 58 62 65 69 74 77 82 86 87 91 93 95 115 119 123 129 133 142 143 145 185 205 213 221 493 559 899 1271 1333 1517 1633 2627
      largest prime 71; primes > 73: none (all primes <= 73)
#280: 6 10 14 15 21 22 26 33 34 35 38 39 46 51 55 57 58 62 65 69 74 77 82 86 87 91 93 95 115 119 123 129 133 142 155 185 187 203 213 287 295 319 451 1517 1633 2419 2537 2627
      largest prime 71; primes > 73: none (all primes <= 73)
#281: 6 10 14 15 21 22 26 33 34 35 38 39 46 51 55 57 58 62 65 69 74 77 82 86 87 91 93 95 115 119 123 133 134 143 155 203 215 221 287 299 319 391 407 481 629 731 1139 2479
      largest prime 67; primes > 73: none (all primes <= 73)
#282: 6 10 14 15 21 22 26 33 34 35 38 39 46 51 55 57 58 62 65 69 74 77 82 86 87 91 93 95 115 119 123 133 142 145 155 161 187 215 253 259 287 355 407 989 1247 1633 2627 3053
      largest prime 71; primes > 73: none (all primes <= 73)
#283: 6 10 14 15 21 22 26 33 34 35 38 39 46 51 55 57 58 62 65 69 74 77 82 86 87 91 93 95 115 119 123 133 142 155 161 187 205 209 253 259 287 355 451 667 703 779 1763 2059
      largest prime 71; primes > 73: none (all primes <= 73)
#284: 6 10 14 15 21 22 26 33 34 35 38 39 46 51 55 57 58 62 65 69 74 77 82 86 87 91 93 95 115 119 123 133 143 155 158 161 215 247 253 259 287 377 473 667 703 817 1343 1501
      largest prime 79; primes > 73: 79 ~ {2, 17, 19}
#285: 6 10 14 15 21 22 26 33 34 35 38 39 46 51 55 57 58 62 65 69 74 77 82 86 87 91 93 95 118 119 123 129 133 143 145 155 161 177 259 287 299 551 703 1469 1711 1921 2147 2537
      largest prime 113; primes > 73: 113 ~ {13, 17, 19}
#286: 6 10 14 15 21 22 26 33 34 35 38 39 46 51 55 57 58 62 65 69 74 77 82 86 87 91 93 95 118 119 123 129 133 143 155 177 187 203 253 287 295 319 611 767 851 1739 2537 2773
      largest prime 59; primes > 73: none (all primes <= 73)
#287: 6 10 14 15 21 22 26 33 34 35 38 39 46 51 55 57 58 62 65 69 74 77 82 86 87 91 93 115 119 123 129 133 142 145 155 161 187 213 215 253 259 287 407 817 989 1247 1633 2627
      largest prime 71; primes > 73: none (all primes <= 73)
#288: 6 10 14 15 21 22 26 33 34 35 38 39 46 51 55 57 58 62 65 69 74 77 82 86 87 91 94 111 119 123 129 133 141 143 145 161 215 221 235 259 287 299 481 493 817 899 1591 2021
      largest prime 47; primes > 73: none (all primes <= 73)
#289: 6 10 14 15 21 22 26 33 34 35 38 39 46 51 55 57 58 62 65 69 74 77 82 86 87 93 94 95 111 115 123 133 141 143 145 155 217 235 287 299 391 403 493 559 629 899 1147 2021
      largest prime 47; primes > 73: none (all primes <= 73)
#290: 6 10 14 15 21 22 26 33 34 35 38 39 46 51 55 57 58 62 65 69 74 77 82 86 87 93 94 95 115 123 129 133 141 145 155 187 235 247 259 287 299 301 391 517 703 731 893 1247
      largest prime 47; primes > 73: none (all primes <= 73)
#291: 6 10 14 15 21 22 26 33 34 35 38 39 46 51 55 57 58 62 65 69 74 77 82 86 87 93 95 111 118 119 123 133 143 145 155 177 185 187 215 253 287 319 377 851 1073 1247 1711 2537
      largest prime 59; primes > 73: none (all primes <= 73)
#292: 6 10 14 15 21 22 26 33 34 35 38 39 46 51 55 57 58 62 65 69 74 77 82 86 87 93 95 115 118 119 123 129 155 161 177 187 203 209 215 259 287 301 319 437 703 767 989 1357
      largest prime 59; primes > 73: none (all primes <= 73)
#293: 6 10 14 15 21 22 26 33 34 35 38 39 46 51 55 57 58 62 65 69 74 77 82 86 87 93 95 115 119 123 129 142 155 161 187 203 209 213 215 259 287 299 301 319 437 703 923 989
      largest prime 71; primes > 73: none (all primes <= 73)
#294: 6 10 14 15 21 22 26 33 34 35 38 39 46 51 55 57 58 62 65 69 74 77 82 86 87 93 95 118 119 123 129 133 155 161 177 187 203 209 247 259 287 295 299 319 413 703 1121 2537
      largest prime 59; primes > 73: none (all primes <= 73)
#295: 6 10 14 15 21 22 26 33 34 35 38 39 46 51 55 57 58 62 65 69 74 77 82 86 87 93 95 118 119 123 133 155 161 185 187 203 209 215 247 259 287 295 299 319 323 413 629 731
      largest prime 59; primes > 73: none (all primes <= 73)
#296: 6 10 14 15 21 22 26 33 34 35 38 39 46 51 55 57 58 62 65 69 74 77 82 86 91 93 94 95 111 119 123 129 133 145 155 185 187 203 235 253 287 295 649 851 1073 1711 2537 2773
      largest prime 59; primes > 73: none (all primes <= 73)
#297: 6 10 14 15 21 22 26 33 34 35 38 39 46 51 55 57 58 62 65 69 74 77 82 86 91 93 94 95 111 119 123 129 133 145 155 185 187 215 253 287 301 473 517 551 851 893 1073 2021
      largest prime 47; primes > 73: none (all primes <= 73)
#298: 6 10 14 15 21 22 26 33 34 35 38 39 46 51 55 57 58 62 65 69 74 77 82 86 91 93 94 95 115 119 123 133 141 143 145 155 203 218 221 235 287 326 493 559 2021 3749 4033 17767
      largest prime 163; primes > 73: 109 ~ {2, 37, 163}; 163 ~ {2, 23, 109}
#299: 6 10 14 15 21 22 26 33 34 35 38 39 46 51 55 57 58 62 65 69 74 77 82 86 91 93 95 111 115 118 119 123 129 133 145 155 161 185 187 259 287 319 1357 2537 2701 6017 12581 39931
      largest prime 547; primes > 73: 547 ~ {11, 23, 73}
#300: 6 10 14 15 21 22 26 33 34 35 38 39 46 51 55 57 58 62 65 69 74 77 82 86 91 93 95 111 115 118 119 123 129 133 145 155 177 185 203 237 287 851 869 1073 1343 1711 1817 2537
      largest prime 79; primes > 73: 79 ~ {3, 11, 17, 23}
#301: 6 10 14 15 21 22 26 33 34 35 38 39 46 51 55 57 58 62 65 69 74 77 82 86 91 93 95 111 115 118 119 123 129 133 145 155 185 187 203 253 287 649 851 943 1073 1711 2419 2537
      largest prime 59; primes > 73: none (all primes <= 73)
#302: 6 10 14 15 21 22 26 33 34 35 38 39 46 51 55 57 58 62 65 69 74 77 82 86 91 93 95 111 115 118 119 129 133 143 145 155 177 185 187 253 319 533 851 943 1073 1189 1711 2537
      largest prime 59; primes > 73: none (all primes <= 73)
#303: 6 10 14 15 21 22 26 33 34 35 38 39 46 51 55 57 58 62 65 69 74 77 82 86 91 93 95 111 118 119 123 129 133 145 155 177 185 187 203 253 287 309 515 851 1073 1133 1711 2537
      largest prime 103; primes > 73: 103 ~ {3, 5, 11}
#304: 6 10 14 15 21 22 26 33 34 35 38 39 46 51 55 57 58 62 65 69 74 77 82 86 91 93 95 111 119 123 129 133 143 145 155 161 166 187 259 287 299 319 473 481 559 913 1591 3569
      largest prime 83; primes > 73: 83 ~ {2, 11, 43}
#305: 6 10 14 15 21 22 26 33 34 35 38 39 46 51 55 57 58 62 65 69 74 77 82 86 91 93 95 111 119 123 129 133 143 145 155 185 203 206 215 221 253 287 473 493 559 851 3811 4429
      largest prime 103; primes > 73: 103 ~ {2, 37, 43}
#306: 6 10 14 15 21 22 26 33 34 35 38 39 46 51 55 57 58 62 65 69 74 77 82 86 91 93 95 118 119 122 123 129 133 145 155 158 161 183 209 259 287 319 671 703 1343 1357 1501 2537
      largest prime 79; primes > 73: 79 ~ {2, 17, 19}
#307: 6 10 14 15 21 22 26 33 34 35 38 39 46 51 55 57 58 62 65 69 74 77 82 86 91 93 95 118 119 123 133 145 155 161 177 185 187 209 215 247 259 287 319 323 629 731 767 1357
      largest prime 59; primes > 73: none (all primes <= 73)
#308: 6 10 14 15 21 22 26 33 34 35 38 39 46 51 55 57 58 62 65 69 74 77 82 86 91 93 95 119 123 129 133 142 145 155 161 177 187 209 213 247 259 287 299 319 703 923 1121 2537
      largest prime 71; primes > 73: none (all primes <= 73)
#309: 6 10 14 15 21 22 26 33 34 35 38 39 46 51 55 57 58 62 65 69 74 77 82 86 91 93 95 119 123 133 142 145 155 161 185 187 209 213 215 247 259 287 299 319 323 629 731 923
      largest prime 71; primes > 73: none (all primes <= 73)
#310: 6 10 14 15 21 22 26 33 34 35 38 39 46 51 55 57 58 62 65 69 74 77 82 86 91 93 111 118 119 123 129 133 143 145 155 161 203 221 259 287 295 299 301 413 481 493 817 1591
      largest prime 59; primes > 73: none (all primes <= 73)
#311: 6 10 14 15 21 22 26 33 34 35 38 39 46 51 55 57 58 62 65 69 74 77 82 87 91 93 94 95 111 115 119 123 133 141 142 155 161 187 253 259 287 355 667 2059 40555 89221 300107 381217
      largest prime 8111; primes > 73: 8111 ~ {5, 11, 37, 47}
#312: 6 10 14 15 21 22 26 33 34 35 38 39 46 51 55 57 58 62 65 69 74 77 82 87 91 93 94 95 111 115 119 123 133 141 155 158 187 203 235 287 395 517 551 851 893 1073 1817 2923
      largest prime 79; primes > 73: 79 ~ {2, 5, 23, 37}
#313: 6 10 14 15 21 22 26 33 34 35 38 39 46 51 55 57 58 62 65 69 74 77 82 87 91 93 94 95 111 118 119 123 133 141 145 155 187 253 287 295 329 407 413 505 851 2929 3737 4747
      largest prime 101; primes > 73: 101 ~ {5, 29, 37, 47}
#314: 6 10 14 15 21 22 26 33 34 35 38 39 46 51 55 57 58 62 65 69 74 77 82 87 91 93 94 95 111 119 123 141 145 155 158 161 185 187 235 287 299 377 395 517 893 1501 2291 2923
      largest prime 79; primes > 73: 79 ~ {2, 5, 19, 29, 37}
#315: 6 10 14 15 21 22 26 33 34 35 38 39 46 51 55 57 58 62 65 69 74 77 82 87 91 93 94 95 115 119 123 129 141 145 155 187 209 214 235 253 259 287 437 703 1177 1247 2021 2461
      largest prime 107; primes > 73: 107 ~ {2, 11, 23}
#316: 6 10 14 15 21 22 26 33 34 35 38 39 46 51 55 57 58 62 65 69 74 77 82 87 91 93 94 95 118 119 123 129 133 141 143 155 221 253 287 295 329 413 473 493 559 851 1363 1739
      largest prime 59; primes > 73: none (all primes <= 73)
#317: 6 10 14 15 21 22 26 33 34 35 38 39 46 51 55 57 58 62 65 69 74 77 82 87 91 93 94 95 118 119 123 129 133 145 155 161 177 187 247 259 287 517 703 767 893 1247 1357 2021
      largest prime 59; primes > 73: none (all primes <= 73)
#318: 6 10 14 15 21 22 26 33 34 35 38 39 46 51 55 57 58 62 65 69 74 77 82 87 91 93 94 95 118 119 123 133 141 143 155 187 201 203 253 287 295 319 413 469 851 871 1739 3149
      largest prime 67; primes > 73: none (all primes <= 73)
#319: 6 10 14 15 21 22 26 33 34 35 38 39 46 51 55 57 58 62 65 69 74 77 82 87 91 93 94 95 119 123 129 133 142 145 155 161 187 213 247 259 287 299 517 703 893 923 1247 2021
      largest prime 71; primes > 73: none (all primes <= 73)
#320: 6 10 14 15 21 22 26 33 34 35 38 39 46 51 55 57 58 62 65 69 74 77 82 87 91 93 94 95 119 123 133 134 141 143 155 187 201 203 205 253 287 319 335 533 851 1739 2747 3149
      largest prime 67; primes > 73: none (all primes <= 73)
#321: 6 10 14 15 21 22 26 33 34 35 38 39 46 51 55 57 58 62 65 69 74 77 82 87 91 93 95 106 115 119 122 123 133 155 159 183 187 203 218 265 287 319 326 583 671 3749 4033 17767
      largest prime 163; primes > 73: 109 ~ {2, 37, 163}; 163 ~ {2, 23, 109}
#322: 6 10 14 15 21 22 26 33 34 35 38 39 46 51 55 57 58 62 65 69 74 77 82 87 91 93 95 106 115 119 122 123 155 159 183 187 209 253 259 265 287 299 377 437 583 667 671 703
      largest prime 61; primes > 73: none (all primes <= 73)
#323: 6 10 14 15 21 22 26 33 34 35 38 39 46 51 55 57 58 62 65 69 74 77 82 87 91 93 95 111 115 119 123 133 142 155 161 185 187 214 253 259 287 321 355 407 535 667 2059 3959
      largest prime 107; primes > 73: 107 ~ {2, 3, 5, 37}
#324: 6 10 14 15 21 22 26 33 34 35 38 39 46 51 55 57 58 62 65 69 74 77 82 87 93 94 95 111 115 118 119 123 133 145 155 161 177 185 187 287 329 517 667 767 851 1073 1357 1363
      largest prime 59; primes > 73: none (all primes <= 73)
#325: 6 10 14 15 21 22 26 33 34 35 38 39 46 51 55 57 58 62 65 69 74 77 82 87 93 94 95 111 115 119 123 133 142 145 155 161 185 187 213 287 299 329 517 667 851 923 1073 1363
      largest prime 71; primes > 73: none (all primes <= 73)
#326: 6 10 14 15 21 22 26 33 34 35 38 39 46 51 55 57 58 62 65 69 74 77 85 86 87 91 93 94 95 106 129 133 141 145 155 159 203 253 265 301 329 493 583 731 851 1247 1363 1739
      largest prime 53; primes > 73: none (all primes <= 73)
#327: 6 10 14 15 21 22 26 33 34 35 38 39 46 51 55 57 58 62 65 69 74 77 85 86 87 91 93 94 95 106 133 141 155 185 187 203 209 235 247 259 299 319 323 559 629 689 1219 2021
      largest prime 53; primes > 73: none (all primes <= 73)
#328: 6 10 14 15 21 22 26 33 34 35 38 39 46 51 55 57 58 62 65 69 74 77 85 86 87 91 93 94 95 111 115 119 133 141 145 146 155 187 213 517 629 799 1247 1591 1633 2021 2627 5183
      largest prime 73; primes > 73: none (all primes <= 73)
#329: 6 10 14 15 21 22 26 33 34 35 38 39 46 51 55 57 58 62 65 69 74 77 85 86 87 91 93 94 95 111 115 119 133 141 145 146 155 213 235 365 781 803 1241 1247 1591 1633 2021 2701
      largest prime 73; primes > 73: none (all primes <= 73)
#330: 6 10 14 15 21 22 26 33 34 35 38 39 46 51 55 57 58 62 65 69 74 77 85 86 87 91 93 94 95 111 115 119 133 143 145 155 221 259 299 329 391 481 482 723 1247 1591 2021 11327
      largest prime 241; primes > 73: 241 ~ {2, 3, 47}
#331: 6 10 14 15 21 22 26 33 34 35 38 39 46 51 55 57 58 62 65 69 74 77 85 86 87 91 93 94 95 111 119 122 129 133 141 145 155 183 215 517 671 731 799 1247 2021 31807 43033 69227
      largest prime 1871; primes > 73: 1871 ~ {17, 23, 37}
#332: 6 10 14 15 21 22 26 33 34 35 38 39 46 51 55 57 58 62 65 69 74 77 85 86 87 91 93 94 95 111 119 123 133 141 143 155 185 218 221 235 391 559 1817 2021 2923 3161 3239 8611
      largest prime 109; primes > 73: 79 ~ {23, 37, 41, 109}; 109 ~ {2, 29, 79}
#333: 6 10 14 15 21 22 26 33 34 35 38 39 46 51 55 57 58 62 65 69 74 77 85 86 87 91 93 94 95 111 122 129 133 141 145 155 183 215 217 517 629 671 713 731 799 1147 1247 2021
      largest prime 61; primes > 73: none (all primes <= 73)
#334: 6 10 14 15 21 22 26 33 34 35 38 39 46 51 55 57 58 62 65 69 74 77 85 86 87 91 93 94 95 115 119 122 133 141 145 155 183 187 213 517 629 671 781 799 1247 1591 1633 2021
      largest prime 71; primes > 73: none (all primes <= 73)
#335: 6 10 14 15 21 22 26 33 34 35 38 39 46 51 55 57 58 62 65 69 74 77 85 86 87 91 93 94 95 115 119 133 141 143 145 155 161 202 221 329 391 559 851 1081 1739 2021 2929 4747
      largest prime 101; primes > 73: 101 ~ {2, 29, 47}
#336: 6 10 14 15 21 22 26 33 34 35 38 39 46 51 55 57 58 62 65 69 74 77 85 86 87 91 93 94 95 115 119 133 141 143 145 155 185 221 226 299 391 481 565 1247 1591 1739 2021 5311
      largest prime 113; primes > 73: 113 ~ {2, 5, 47}
#337: 6 10 14 15 21 22 26 33 34 35 38 39 46 51 55 57 58 62 65 69 74 77 85 86 87 91 93 94 95 115 119 133 141 143 145 155 185 221 235 299 391 481 538 1247 1345 1591 2021 9953
      largest prime 269; primes > 73: 269 ~ {2, 5, 37}
#338: 6 10 14 15 21 22 26 33 34 35 38 39 46 51 55 57 58 62 65 69 74 77 85 86 87 91 93 95 106 111 115 118 119 129 133 143 145 155 391 481 629 689 1073 1357 2537 16609 28333 51781
      largest prime 977; primes > 73: 977 ~ {17, 29, 53}
#339: 6 10 14 15 21 22 26 33 34 35 38 39 46 51 55 57 58 62 65 69 74 77 85 86 87 91 93 95 106 111 118 129 133 155 161 185 187 203 205 265 319 451 629 901 1357 1517 2173 2537
      largest prime 59; primes > 73: none (all primes <= 73)
#340: 6 10 14 15 21 22 26 33 34 35 38 39 46 51 55 57 58 62 65 69 74 77 85 86 87 91 93 95 111 115 118 119 122 129 133 143 145 155 221 391 559 1247 1357 2537 3599 233507 271373 372349
      largest prime 6311; primes > 73: 6311 ~ {37, 43, 59}
#341: 6 10 14 15 21 22 26 33 34 35 38 39 46 51 55 57 58 62 65 69 74 77 85 86 87 91 93 95 111 115 118 119 133 143 145 155 185 215 221 237 346 391 1247 1357 2249 2537 2923 13667
      largest prime 173; primes > 73: 79 ~ {3, 37, 173}; 173 ~ {2, 13, 79}
#342: 6 10 14 15 21 22 26 33 34 35 38 39 46 51 55 57 58 62 65 69 74 77 85 86 87 91 93 95 111 115 119 122 129 133 143 145 155 185 215 299 391 793 1046 1247 2623 8891 19351 22489
      largest prime 523; primes > 73: 523 ~ {2, 17, 37, 43}
#343: 6 10 14 15 21 22 26 33 34 35 38 39 46 51 55 57 58 62 65 69 74 77 85 86 87 91 93 95 111 115 119 123 133 143 145 155 203 219 221 287 299 391 481 1299 1763 2117 16021 31609
      largest prime 433; primes > 73: 433 ~ {3, 37, 73}
#344: 6 10 14 15 21 22 26 33 34 35 38 39 46 51 55 57 58 62 65 69 74 77 85 86 87 91 93 95 111 115 119 123 133 143 155 185 203 221 287 299 319 391 407 481 933 1555 1763 11507
      largest prime 311; primes > 73: 311 ~ {3, 5, 37}
#345: 6 10 14 15 21 22 26 33 34 35 38 39 46 51 55 57 58 62 65 69 74 77 85 86 87 91 93 95 111 115 119 123 133 145 155 161 187 221 253 259 287 407 629 667 1509 1763 6539 14587
      largest prime 503; primes > 73: 503 ~ {3, 13, 29}
#346: 6 10 14 15 21 22 26 33 34 35 38 39 46 51 55 57 58 62 65 69 74 77 85 86 87 91 93 95 111 115 119 129 133 143 145 155 161 221 259 287 391 559 851 943 989 1247 1517 1591
      largest prime 43; primes > 73: none (all primes <= 73)
#347: 6 10 14 15 21 22 26 33 34 35 38 39 46 51 55 57 58 62 65 69 74 77 85 86 87 91 93 95 111 115 119 129 133 143 145 155 221 259 299 301 371 391 481 629 731 901 1247 1961
      largest prime 53; primes > 73: none (all primes <= 73)
#348: 6 10 14 15 21 22 26 33 34 35 38 39 46 51 55 57 58 62 65 69 74 77 85 86 87 91 93 95 111 115 119 129 133 155 161 187 221 253 259 287 295 377 407 533 629 667 2419 2537
      largest prime 59; primes > 73: none (all primes <= 73)
#349: 6 10 14 15 21 22 26 33 34 35 38 39 46 51 55 57 58 62 65 69 74 77 85 86 87 91 93 95 111 115 119 129 145 155 161 187 203 253 259 301 323 407 493 551 629 667 731 1247
      largest prime 43; primes > 73: none (all primes <= 73)
#350: 6 10 14 15 21 22 26 33 34 35 38 39 46 51 55 57 58 62 65 69 74 77 85 86 87 91 93 95 111 115 122 133 145 155 161 183 185 203 214 215 319 493 671 731 851 1073 1177 2461
      largest prime 107; primes > 73: 107 ~ {2, 11, 23}
#351: 6 10 14 15 21 22 26 33 34 35 38 39 46 51 55 57 58 62 65 69 74 77 85 86 87 91 93 95 111 115 123 129 133 143 145 155 161 221 299 301 309 481 629 731 943 1247 3811 4223
      largest prime 103; primes > 73: 103 ~ {3, 37, 41}
#352: 6 10 14 15 21 22 26 33 34 35 38 39 46 51 55 57 58 62 65 69 74 77 85 86 87 91 93 95 111 119 129 133 143 145 155 185 187 203 253 287 295 319 493 533 851 1073 2419 2537
      largest prime 59; primes > 73: none (all primes <= 73)
#353: 6 10 14 15 21 22 26 33 34 35 38 39 46 51 55 57 58 62 65 69 74 77 85 86 87 91 93 95 111 119 129 133 145 155 161 187 215 217 253 259 301 407 493 527 629 713 899 989
      largest prime 43; primes > 73: none (all primes <= 73)
#354: 6 10 14 15 21 22 26 33 34 35 38 39 46 51 55 57 58 62 65 69 74 77 85 86 87 91 93 95 115 119 122 129 133 143 145 155 183 187 214 221 559 629 671 989 1177 1247 1591 2461
      largest prime 107; primes > 73: 107 ~ {2, 11, 23}
#355: 6 10 14 15 21 22 26 33 34 35 38 39 46 51 55 57 58 62 65 69 74 77 85 86 87 91 93 95 115 119 123 129 133 143 145 155 187 213 221 287 301 559 629 781 1247 1591 1633 1763
      largest prime 71; primes > 73: none (all primes <= 73)
#356: 6 10 14 15 21 22 26 33 34 35 38 39 46 51 55 57 58 62 65 69 74 77 85 86 91 93 94 95 111 119 122 133 141 143 155 183 185 221 235 253 319 391 559 667 671 851 1073 2021
      largest prime 61; primes > 73: none (all primes <= 73)
#357: 6 10 14 15 21 22 26 33 34 35 38 39 46 51 55 57 58 62 65 69 74 77 85 86 91 93 95 106 111 115 118 119 129 133 143 145 155 159 221 377 391 689 1073 1189 1357 1961 2173 2537
      largest prime 59; primes > 73: none (all primes <= 73)
#358: 6 10 14 15 21 22 26 33 34 35 38 39 46 51 55 57 58 62 65 69 74 77 85 86 91 93 95 106 111 118 119 129 133 145 155 177 187 203 253 259 265 371 407 493 851 2183 2537 3127
      largest prime 59; primes > 73: none (all primes <= 73)
#359: 6 10 14 15 21 22 26 33 34 35 38 39 46 51 55 57 58 62 65 69 74 77 85 86 91 93 95 111 115 118 119 122 133 143 145 155 185 215 221 299 319 391 481 649 731 1003 2183 3599
      largest prime 61; primes > 73: none (all primes <= 73)
#360: 6 10 14 15 21 22 26 33 34 35 38 39 46 51 55 57 58 62 65 69 74 77 85 86 91 93 95 111 115 119 122 133 142 143 145 155 183 187 213 221 319 473 559 629 671 1591 1633 2627
      largest prime 71; primes > 73: none (all primes <= 73)
#361: 6 10 14 15 21 22 26 33 34 35 38 39 46 51 55 57 58 62 65 69 74 77 85 86 91 93 95 111 115 123 129 133 143 145 155 161 185 203 215 221 253 473 559 629 667 731 1189 1517
      largest prime 43; primes > 73: none (all primes <= 73)
#362: 6 10 14 15 21 22 26 33 34 35 38 39 46 51 55 57 58 62 65 69 74 77 85 86 91 93 95 111 118 122 129 133 143 145 155 161 177 185 203 221 295 299 481 493 1003 2183 2537 3599
      largest prime 61; primes > 73: none (all primes <= 73)
#363: 6 10 14 15 21 22 26 33 34 35 38 39 46 51 55 57 58 62 65 69 74 77 85 86 91 93 95 115 118 119 122 123 129 133 143 145 155 183 221 319 391 407 533 793 1357 1517 2501 2537
      largest prime 61; primes > 73: none (all primes <= 73)
#364: 6 10 14 15 21 22 26 33 34 35 38 39 46 51 55 57 58 62 65 69 74 77 85 87 91 93 94 95 111 115 118 119 133 141 145 155 177 202 259 329 391 407 629 649 1003 1357 2929 4747
      largest prime 101; primes > 73: 101 ~ {2, 29, 47}
#365: 6 10 14 15 21 22 26 33 34 35 38 39 46 51 55 57 58 62 65 69 74 77 85 87 91 93 94 95 111 115 119 123 133 141 145 155 161 187 253 329 407 493 667 1073 1189 1363 1517 1739
      largest prime 47; primes > 73: none (all primes <= 73)
#366: 6 10 14 15 21 22 26 33 34 35 38 39 46 51 55 57 58 62 65 69 74 77 85 87 91 93 94 95 111 115 119 123 133 141 155 185 187 205 253 259 329 407 493 851 943 1363 1517 1739
      largest prime 47; primes > 73: none (all primes <= 73)
#367: 6 10 14 15 21 22 26 33 34 35 38 39 46 51 55 57 58 62 65 69 74 77 85 87 91 93 94 95 111 115 119 129 133 141 143 145 155 201 221 299 391 481 893 1247 1273 1739 2021 2479
      largest prime 67; primes > 73: none (all primes <= 73)
#368: 6 10 14 15 21 22 26 33 34 35 38 39 46 51 55 57 58 62 65 69 74 77 85 87 91 93 94 95 111 115 119 129 133 141 143 145 155 221 235 299 327 391 481 1247 2021 2165 16021 47197
      largest prime 433; primes > 73: 109 ~ {3, 433}; 433 ~ {5, 37, 109}
#369: 6 10 14 15 21 22 26 33 34 35 38 39 46 51 55 57 58 62 65 69 74 77 85 87 91 93 94 95 111 115 119 129 133 141 143 145 155 221 235 299 365 391 481 1247 1299 2021 16021 31609
      largest prime 433; primes > 73: 433 ~ {3, 37, 73}
#370: 6 10 14 15 21 22 26 33 34 35 38 39 46 51 55 57 58 62 65 69 74 77 85 87 91 93 94 95 111 115 119 129 133 143 145 155 215 235 259 299 329 391 481 559 799 1247 1591 2021
      largest prime 47; primes > 73: none (all primes <= 73)
#371: 6 10 14 15 21 22 26 33 34 35 38 39 46 51 55 57 58 62 65 69 74 77 85 87 91 93 94 95 111 115 119 129 133 143 145 155 221 259 299 319 329 391 473 481 517 1247 1363 1591
      largest prime 47; primes > 73: none (all primes <= 73)
#372: 6 10 14 15 21 22 26 33 34 35 38 39 46 51 55 57 58 62 65 69 74 77 85 87 91 93 94 95 111 115 119 129 133 145 155 161 187 221 253 329 473 481 517 559 629 667 1073 1363
      largest prime 47; primes > 73: none (all primes <= 73)
#373: 6 10 14 15 21 22 26 33 34 35 38 39 46 51 55 57 58 62 65 69 74 77 85 87 91 93 94 95 111 115 119 133 141 143 145 155 202 221 259 299 329 382 391 481 573 2929 4747 7067
      largest prime 191; primes > 73: 101 ~ {2, 29, 47}; 191 ~ {2, 3, 37}
#374: 6 10 14 15 21 22 26 33 34 35 38 39 46 51 55 57 58 62 65 69 74 77 85 87 91 93 94 95 111 119 122 129 133 141 145 155 158 183 185 391 395 517 671 799 1247 1817 2021 2923
      largest prime 79; primes > 73: 79 ~ {2, 5, 23, 37}
#375: 6 10 14 15 21 22 26 33 34 35 38 39 46 51 55 57 58 62 65 69 74 77 85 87 91 93 94 95 115 119 129 133 141 143 145 155 187 213 215 221 235 559 629 781 1247 1591 1633 2021
      largest prime 71; primes > 73: none (all primes <= 73)
#376: 6 10 14 15 21 22 26 33 34 35 38 39 46 51 55 57 58 62 65 69 74 77 85 87 91 93 94 95 119 123 129 133 141 143 145 155 185 205 221 235 299 391 481 851 943 1247 1517 2021
      largest prime 47; primes > 73: none (all primes <= 73)
#377: 6 10 14 15 21 22 26 33 34 35 38 39 46 51 55 57 58 62 65 69 74 77 85 87 91 93 95 111 115 118 119 123 133 143 155 177 185 203 205 287 319 391 533 629 649 1003 1357 1517
      largest prime 59; primes > 73: none (all primes <= 73)
#378: 6 10 14 15 21 22 26 33 34 35 38 39 46 51 55 57 58 62 65 69 74 77 85 87 91 93 95 111 115 118 119 133 143 155 177 185 203 213 221 299 319 355 391 413 481 497 649 2183
      largest prime 71; primes > 73: none (all primes <= 73)
#379: 6 10 14 15 21 22 26 33 34 35 38 39 46 51 55 57 58 62 65 69 74 77 85 87 91 93 95 111 115 118 123 133 143 155 177 185 203 205 221 287 299 319 391 413 481 649 697 2183
      largest prime 59; primes > 73: none (all primes <= 73)
#380: 6 10 14 15 21 22 26 33 34 35 38 39 46 51 55 57 58 62 65 69 74 77 85 87 91 93 95 111 115 118 123 133 155 161 177 185 187 203 205 209 247 319 323 629 767 943 1357 1517
      largest prime 59; primes > 73: none (all primes <= 73)
#381: 6 10 14 15 21 22 26 33 34 35 38 39 46 51 55 57 58 62 65 69 74 77 85 87 91 93 95 111 115 123 133 142 155 161 185 187 203 205 209 213 247 299 319 323 629 923 943 1517
      largest prime 71; primes > 73: none (all primes <= 73)
#382: 6 10 14 15 21 22 26 33 34 35 38 39 46 51 55 57 58 62 65 69 74 77 85 91 93 94 95 111 115 118 119 122 133 143 145 155 185 221 235 295 299 319 391 481 649 2183 2773 3599
      largest prime 61; primes > 73: none (all primes <= 73)
#383: 6 10 14 15 21 22 26 33 34 35 38 39 46 51 55 57 58 62 65 69 74 77 85 91 93 94 95 111 115 119 122 133 134 141 143 145 155 183 221 299 319 391 481 671 737 1739 2479 3149
      largest prime 67; primes > 73: none (all primes <= 73)
#384: 6 10 14 15 21 22 26 33 34 35 38 39 46 51 55 57 58 62 65 69 74 77 86 87 91 93 94 95 111 115 119 122 129 133 145 155 161 185 187 329 517 667 851 1073 1357 1363 2537 3599
      largest prime 61; primes > 73: none (all primes <= 73)
#385: 6 10 14 15 21 22 26 33 34 35 38 39 46 51 55 57 58 62 65 69 74 77 86 87 91 93 94 95 115 119 122 123 133 141 143 145 155 183 235 299 391 629 697 793 1247 1591 2021 2501
      largest prime 61; primes > 73: none (all primes <= 73)
#386: 6 10 14 15 21 22 26 33 34 35 38 39 46 51 55 57 58 62 65 69 74 77 86 87 91 93 95 106 111 115 118 119 129 133 143 145 155 185 221 377 493 667 689 851 1073 1219 1357 2537
      largest prime 59; primes > 73: none (all primes <= 73)
#387: 6 10 14 15 21 22 26 33 34 35 38 39 46 51 55 57 58 62 65 69 74 77 86 87 91 93 95 106 111 115 118 119 129 133 143 155 185 187 253 295 319 481 667 689 1219 1711 2183 2537
      largest prime 59; primes > 73: none (all primes <= 73)
#388: 6 10 14 15 21 22 26 33 34 35 38 39 46 51 55 57 58 62 65 69 74 77 86 87 91 93 95 111 118 119 122 133 143 155 161 183 187 203 259 295 299 319 413 473 481 559 671 1591
      largest prime 61; primes > 73: none (all primes <= 73)
#389: 6 10 14 15 21 22 26 33 34 35 38 39 46 51 55 57 58 62 65 69 74 77 86 91 93 95 106 111 118 119 129 133 143 145 155 161 177 185 203 221 265 299 371 481 493 2183 2537 3127
      largest prime 59; primes > 73: none (all primes <= 73)
#390: 6 10 14 15 21 22 26 33 34 35 38 39 46 51 55 57 58 62 65 69 74 82 85 86 87 91 93 94 95 111 115 123 133 141 142 145 155 202 259 329 407 629 1207 1633 1763 2911 2929 4747
      largest prime 101; primes > 73: 101 ~ {2, 29, 47}
#391: 6 10 14 15 21 22 26 33 34 35 38 39 46 51 55 57 58 62 65 69 74 82 85 86 87 91 93 94 95 111 119 123 133 141 155 185 187 235 253 287 427 493 559 793 851 1073 1769 2021
      largest prime 61; primes > 73: none (all primes <= 73)
#392: 6 10 14 15 21 22 26 33 34 35 38 39 46 51 55 57 58 62 65 69 74 82 85 86 87 91 93 94 95 111 123 133 141 145 155 161 215 259 287 299 377 407 551 629 731 799 893 1363
      largest prime 47; primes > 73: none (all primes <= 73)
#393: 6 10 14 15 21 22 26 33 34 35 38 39 46 51 55 57 58 62 65 69 74 82 85 86 87 91 93 94 95 115 119 123 129 133 141 155 187 253 287 295 329 493 851 943 1363 1739 2419 2537
      largest prime 59; primes > 73: none (all primes <= 73)
#394: 6 10 14 15 21 22 26 33 34 35 38 39 46 51 55 57 58 62 65 69 74 82 85 86 87 91 93 94 95 118 122 123 133 141 155 183 215 253 287 295 329 413 493 671 731 851 1363 1739
      largest prime 61; primes > 73: none (all primes <= 73)
#395: 6 10 14 15 21 22 26 33 34 35 38 39 46 51 55 57 58 62 65 69 74 82 85 86 87 91 93 94 95 119 123 133 155 161 185 187 203 221 235 259 299 319 517 533 611 629 1763 1927
      largest prime 47; primes > 73: none (all primes <= 73)
#396: 6 10 14 15 21 22 26 33 34 35 38 39 46 51 55 57 58 62 65 69 74 82 85 86 87 91 93 95 111 115 118 123 129 145 155 177 187 213 259 287 323 407 551 629 781 1633 1711 2537
      largest prime 71; primes > 73: none (all primes <= 73)
#397: 6 10 14 15 21 22 26 33 34 35 38 39 46 51 55 57 58 62 65 69 74 82 85 86 87 91 93 95 111 115 119 133 134 145 155 161 187 201 203 253 259 493 667 1073 1517 1763 1943 2747
      largest prime 67; primes > 73: none (all primes <= 73)
#398: 6 10 14 15 21 22 26 33 34 35 38 39 46 51 55 57 58 62 65 69 74 82 85 86 87 91 93 95 111 118 119 129 133 143 155 161 185 203 205 259 319 365 533 1241 1357 2537 2701 2993
      largest prime 73; primes > 73: none (all primes <= 73)
#399: 6 10 14 15 21 22 26 33 34 35 38 39 46 51 55 57 58 62 65 69 74 82 85 86 87 91 93 95 111 118 123 133 142 145 146 155 161 213 215 259 287 407 629 1207 1247 1357 2537 5183
      largest prime 73; primes > 73: none (all primes <= 73)
#400: 6 10 14 15 21 22 26 33 34 35 38 39 46 51 55 57 58 62 65 69 74 82 85 86 87 91 93 95 115 118 119 123 129 133 155 161 177 187 203 253 287 493 667 1711 2395 2537 3353 17723
      largest prime 479; primes > 73: 479 ~ {5, 7, 37}
#401: 6 10 14 15 21 22 26 33 34 35 38 39 46 51 55 57 58 62 65 69 74 82 85 86 87 91 93 95 115 118 119 123 129 155 161 177 187 253 259 287 295 413 493 551 667 703 1121 2537
      largest prime 59; primes > 73: none (all primes <= 73)
#402: 6 10 14 15 21 22 26 33 34 35 38 39 46 51 55 57 58 62 65 69 74 82 85 86 87 91 93 95 115 118 119 123 133 143 155 161 203 221 287 295 319 391 413 559 851 1081 1739 2021
      largest prime 59; primes > 73: none (all primes <= 73)
#403: 6 10 14 15 21 22 26 33 34 35 38 39 46 51 55 57 58 62 65 69 74 82 85 86 87 91 93 95 115 118 119 123 155 161 185 187 215 253 259 287 295 323 413 493 551 629 667 731
      largest prime 59; primes > 73: none (all primes <= 73)
#404: 6 10 14 15 21 22 26 33 34 35 38 39 46 51 55 57 58 62 65 69 74 82 85 86 87 91 93 95 115 123 129 133 142 155 161 177 185 187 253 259 287 323 355 629 667 1121 2059 2537
      largest prime 71; primes > 73: none (all primes <= 73)
#405: 6 10 14 15 21 22 26 33 34 35 38 39 46 51 55 57 58 62 65 69 74 82 85 86 87 91 95 111 115 118 119 123 129 133 161 177 187 203 217 253 287 493 527 629 667 1147 1711 2537
      largest prime 59; primes > 73: none (all primes <= 73)
#406: 6 10 14 15 21 22 26 33 34 35 38 39 46 51 55 57 58 62 65 69 74 82 85 86 87 93 95 118 119 123 129 133 141 155 161 185 187 203 221 235 259 287 319 517 611 629 1357 2537
      largest prime 59; primes > 73: none (all primes <= 73)
#407: 6 10 14 15 21 22 26 33 34 35 38 39 46 51 55 57 58 62 65 69 74 82 85 86 91 93 111 115 118 119 123 129 133 143 145 155 221 259 287 295 299 301 319 391 413 481 817 1591
      largest prime 59; primes > 73: none (all primes <= 73)
#408: 6 10 14 15 21 22 26 33 34 35 38 39 46 51 55 57 58 62 65 69 74 82 85 87 91 93 94 95 111 115 119 123 133 134 141 143 203 221 287 299 319 391 469 481 1739 2077 2479 3149
      largest prime 67; primes > 73: none (all primes <= 73)
#409: 6 10 14 15 21 22 26 33 34 35 38 39 46 51 55 57 58 62 65 69 74 82 85 87 91 93 94 95 115 118 119 123 133 143 155 203 247 259 287 295 299 319 391 413 611 703 799 893
      largest prime 59; primes > 73: none (all primes <= 73)
#410: 6 10 14 15 21 22 26 33 34 35 38 39 46 51 55 57 58 62 65 69 74 82 85 87 91 93 95 111 115 118 119 123 133 143 155 203 221 259 287 295 299 319 382 391 413 481 573 7067
      largest prime 191; primes > 73: 191 ~ {2, 3, 37}
#411: 6 10 14 15 21 22 26 33 34 35 38 39 46 51 55 57 58 62 65 69 74 82 86 87 91 93 94 95 111 115 123 133 141 143 145 155 203 235 287 299 319 391 481 493 559 629 1073 2021
      largest prime 47; primes > 73: none (all primes <= 73)
#412: 6 10 14 15 21 22 26 33 34 35 38 39 46 51 55 57 58 62 65 69 74 82 86 87 91 93 94 95 111 119 123 133 141 145 155 185 187 202 206 215 253 287 329 851 2929 3811 4429 4747
      largest prime 103; primes > 73: 101 ~ {2, 29, 47}; 103 ~ {2, 37, 43}
#413: 6 10 14 15 21 22 26 33 34 35 38 39 46 51 55 57 58 62 65 69 74 82 86 87 91 93 95 115 119 123 129 133 142 155 161 187 203 213 215 253 259 287 301 319 407 989 1633 2627
      largest prime 71; primes > 73: none (all primes <= 73)
#414: 6 10 14 15 21 22 26 33 34 35 38 39 46 51 55 57 58 62 65 69 74 82 86 87 93 94 95 111 115 119 123 133 141 145 155 161 187 203 235 253 259 287 377 481 667 1247 1591 2021
      largest prime 47; primes > 73: none (all primes <= 73)
#415: 6 10 14 15 21 22 26 33 34 35 38 39 46 51 55 57 58 62 65 69 74 85 86 91 93 95 106 111 115 118 119 129 133 143 145 155 177 185 221 265 299 319 371 391 481 2183 2537 3127
      largest prime 59; primes > 73: none (all primes <= 73)
#416: 6 10 14 15 21 22 26 33 34 35 38 39 46 51 55 57 58 62 65 69 77 82 85 86 87 91 93 94 95 106 115 119 133 155 159 161 215 253 265 329 451 517 583 667 697 731 1189 1363
      largest prime 53; primes > 73: none (all primes <= 73)
#417: 6 10 14 15 21 22 26 33 34 35 38 39 46 51 55 57 58 62 65 69 77 82 85 86 87 91 93 94 95 106 119 129 133 141 145 155 159 253 265 391 451 517 583 799 943 1247 1763 2021
      largest prime 53; primes > 73: none (all primes <= 73)
#418: 6 10 14 15 21 22 26 33 34 35 38 39 46 51 55 57 58 62 65 69 77 82 85 86 87 91 93 94 95 111 115 119 133 141 146 155 187 205 213 235 493 517 1363 1633 1763 1927 2627 5183
      largest prime 73; primes > 73: none (all primes <= 73)
#419: 6 10 14 15 21 22 26 33 34 35 38 39 46 51 55 57 58 62 65 69 77 82 85 86 87 91 93 94 95 115 119 122 123 129 133 141 155 203 287 319 391 799 1345 1357 2537 2959 3599 12643
      largest prime 269; primes > 73: 269 ~ {5, 11, 47}
#420: 6 10 14 15 21 22 26 33 34 35 38 39 46 51 55 57 58 62 65 69 77 82 85 86 87 91 93 94 95 115 119 122 123 133 143 145 155 203 221 287 391 559 1357 2537 3599 12209 18103 19787
      largest prime 421; primes > 73: 421 ~ {29, 43, 47}
#421: 6 10 14 15 21 22 26 33 34 35 38 39 46 51 55 57 58 62 65 69 77 82 85 86 87 91 93 94 95 115 119 122 133 141 143 145 155 161 299 329 697 731 793 943 1247 1927 2021 2623
      largest prime 61; primes > 73: none (all primes <= 73)
#422: 6 10 14 15 21 22 26 33 34 35 38 39 46 51 55 57 58 62 65 69 77 82 85 86 87 91 93 94 95 115 119 122 133 141 155 183 187 205 213 235 493 517 671 781 1363 1633 1763 1927
      largest prime 71; primes > 73: none (all primes <= 73)
#423: 6 10 14 15 21 22 26 33 34 35 38 39 46 51 55 57 58 62 65 69 77 82 85 86 87 91 93 94 95 115 119 123 129 133 141 145 146 155 187 517 799 1207 1247 1633 1763 2021 2911 5183
      largest prime 73; primes > 73: none (all primes <= 73)
#424: 6 10 14 15 21 22 26 33 34 35 38 39 46 51 55 57 58 62 65 69 77 82 85 86 87 91 93 94 95 115 119 123 133 141 146 155 203 219 235 287 319 355 781 1241 1633 2021 3053 3139
      largest prime 73; primes > 73: none (all primes <= 73)
#425: 6 10 14 15 21 22 26 33 34 35 38 39 46 51 55 57 58 62 65 69 77 82 85 86 87 91 93 94 95 115 119 133 141 145 155 161 187 202 299 319 329 377 451 493 943 1763 2929 4747
      largest prime 101; primes > 73: 101 ~ {2, 29, 47}
#426: 6 10 14 15 21 22 26 33 34 35 38 39 46 51 55 57 58 62 65 69 77 82 85 86 87 91 93 94 95 115 123 129 133 141 145 155 194 215 235 253 287 679 731 1067 1247 1649 2021 2231
      largest prime 97; primes > 73: 97 ~ {2, 7, 11, 17, 23}
#427: 6 10 14 15 21 22 26 33 34 35 38 39 46 51 55 57 58 62 65 69 77 82 85 86 87 91 93 94 95 119 122 123 129 133 155 161 187 213 287 329 355 493 497 517 1357 1363 2537 3599
      largest prime 71; primes > 73: none (all primes <= 73)
#428: 6 10 14 15 21 22 26 33 34 35 38 39 46 51 55 57 58 62 65 69 77 82 85 86 87 91 93 94 95 119 122 123 133 145 155 161 187 203 215 287 329 493 517 1247 1357 1363 2537 3599
      largest prime 61; primes > 73: none (all primes <= 73)
#429: 6 10 14 15 21 22 26 33 34 35 38 39 46 51 55 57 58 62 65 69 77 82 85 86 87 91 93 94 95 119 123 129 133 141 145 155 161 202 215 287 301 329 989 2929 3047 4709 4747 6371
      largest prime 277; primes > 73: 101 ~ {2, 29, 47}; 277 ~ {11, 17, 23}
#430: 6 10 14 15 21 22 26 33 34 35 38 39 46 51 55 57 58 62 65 69 77 82 85 86 87 91 93 94 95 119 123 133 141 143 145 155 161 202 215 299 329 417 697 731 1807 2929 4747 5699
      largest prime 139; primes > 73: 101 ~ {2, 29, 47}; 139 ~ {3, 13, 41}
#431: 6 10 14 15 21 22 26 33 34 35 38 39 46 51 55 57 58 62 65 69 77 82 85 86 87 91 93 94 95 122 123 129 133 141 143 145 155 161 215 299 301 793 1247 1927 2623 2771 6683 7661
      largest prime 163; primes > 73: 163 ~ {17, 41, 47}
#432: 6 10 14 15 21 22 26 33 34 35 38 39 46 51 55 57 58 62 65 69 77 82 85 86 87 91 93 94 115 119 123 129 133 141 146 155 203 213 219 235 287 319 781 817 1241 1633 2021 3139
      largest prime 73; primes > 73: none (all primes <= 73)
#433: 6 10 14 15 21 22 26 33 34 35 38 39 46 51 55 57 58 62 65 69 77 82 85 86 87 91 93 95 106 115 119 123 133 143 155 158 161 221 287 377 391 395 553 667 689 989 1219 3397
      largest prime 79; primes > 73: 79 ~ {2, 5, 7, 43}
#434: 6 10 14 15 21 22 26 33 34 35 38 39 46 51 55 57 58 62 65 69 77 82 85 86 87 91 93 95 106 115 123 133 134 155 159 161 201 203 215 253 265 493 583 667 731 1189 1943 2747
      largest prime 67; primes > 73: none (all primes <= 73)
#435: 6 10 14 15 21 22 26 33 34 35 38 39 46 51 55 57 58 62 65 69 77 82 85 86 87 91 93 95 106 118 119 123 129 133 143 155 213 221 287 355 377 391 497 667 689 1219 1357 2537
      largest prime 71; primes > 73: none (all primes <= 73)
#436: 6 10 14 15 21 22 26 33 34 35 38 39 46 51 55 57 58 62 65 69 77 82 85 86 87 91 93 95 106 118 119 123 129 145 155 159 161 187 265 287 319 493 583 913 1357 1577 2407 2537
      largest prime 83; primes > 73: 83 ~ {11, 19, 29}
#437: 6 10 14 15 21 22 26 33 34 35 38 39 46 51 55 57 58 62 65 69 77 82 85 86 87 91 93 95 106 118 119 123 133 143 145 155 203 215 221 287 377 391 667 689 1219 1247 1357 2537
      largest prime 59; primes > 73: none (all primes <= 73)
#438: 6 10 14 15 21 22 26 33 34 35 38 39 46 51 55 57 58 62 65 69 77 82 85 86 87 91 93 95 106 118 119 129 133 145 155 159 177 221 253 265 377 391 533 583 943 1189 1711 2537
      largest prime 59; primes > 73: none (all primes <= 73)
#439: 6 10 14 15 21 22 26 33 34 35 38 39 46 51 55 57 58 62 65 69 77 82 85 86 87 91 93 95 106 118 123 133 155 187 203 209 215 221 247 287 295 299 319 323 413 689 731 1219
      largest prime 59; primes > 73: none (all primes <= 73)
#440: 6 10 14 15 21 22 26 33 34 35 38 39 46 51 55 57 58 62 65 69 77 82 85 86 87 91 93 95 106 119 123 129 133 134 145 155 159 253 265 287 301 583 629 731 851 1139 1247 2479
      largest prime 67; primes > 73: none (all primes <= 73)
#441: 6 10 14 15 21 22 26 33 34 35 38 39 46 51 55 57 58 62 65 69 77 82 85 86 87 91 93 95 111 115 119 123 129 133 143 145 155 221 259 287 299 391 481 1247 5277 12313 65083 75637
      largest prime 1759; primes > 73: 1759 ~ {3, 7, 37, 43}
#442: 6 10 14 15 21 22 26 33 34 35 38 39 46 51 55 57 58 62 65 69 77 82 85 86 87 91 93 95 111 115 119 123 129 133 143 145 155 221 287 299 301 391 481 1247 1591 5493 67747 78733
      largest prime 1831; primes > 73: 1831 ~ {3, 37, 43}
#443: 6 10 14 15 21 22 26 33 34 35 38 39 46 51 55 57 58 62 65 69 77 82 85 86 87 91 93 95 111 115 119 123 133 143 145 155 185 215 221 287 301 391 559 591 1247 4531 7289 8471
      largest prime 197; primes > 73: 197 ~ {3, 23, 37, 43}
#444: 6 10 14 15 21 22 26 33 34 35 38 39 46 51 55 57 58 62 65 69 77 82 85 86 87 91 93 95 111 123 133 143 155 161 185 203 213 215 221 287 299 319 355 407 481 497 629 731
      largest prime 71; primes > 73: none (all primes <= 73)
#445: 6 10 14 15 21 22 26 33 34 35 38 39 46 51 55 57 58 62 65 69 77 82 85 86 87 91 93 95 115 118 119 122 123 129 133 145 155 183 203 287 391 671 1263 1357 2537 4631 7157 12209
      largest prime 421; primes > 73: 421 ~ {3, 11, 17, 29}
#446: 6 10 14 15 21 22 26 33 34 35 38 39 46 51 55 57 58 62 65 69 77 82 85 86 87 91 93 95 115 118 119 122 123 129 133 155 203 213 287 295 319 323 781 1003 1121 1633 2537 3599
      largest prime 71; primes > 73: none (all primes <= 73)
#447: 6 10 14 15 21 22 26 33 34 35 38 39 46 51 55 57 58 62 65 69 77 82 85 86 87 91 93 95 115 118 119 122 129 133 155 183 203 205 235 287 319 391 451 671 799 1357 1927 2537
      largest prime 61; primes > 73: none (all primes <= 73)
#448: 6 10 14 15 21 22 26 33 34 35 38 39 46 51 55 57 58 62 65 69 77 82 85 86 87 91 93 95 115 118 119 123 129 133 143 145 155 177 221 299 377 391 1189 1282 1711 2537 8333 26281
      largest prime 641; primes > 73: 641 ~ {2, 13, 41}
#449: 6 10 14 15 21 22 26 33 34 35 38 39 46 51 55 57 58 62 65 69 77 82 85 86 87 91 93 95 115 118 119 123 129 133 143 145 155 177 287 301 391 562 731 767 1247 1357 3653 4777
      largest prime 281; primes > 73: 281 ~ {2, 13, 17}
#450: 6 10 14 15 21 22 26 33 34 35 38 39 46 51 55 57 58 62 65 69 77 82 85 86 87 91 93 95 115 118 119 123 129 133 143 145 155 203 287 298 377 391 447 1357 1937 2533 2537 4321
      largest prime 149; primes > 73: 149 ~ {2, 3, 13, 17, 29}
#451: 6 10 14 15 21 22 26 33 34 35 38 39 46 51 55 57 58 62 65 69 77 82 85 86 87 91 93 95 115 118 119 123 129 133 143 155 178 203 221 267 287 391 445 1357 2537 10699 23867 73247
      largest prime 823; primes > 73: 89 ~ {2, 3, 5, 823}; 823 ~ {13, 29, 89}
#452: 6 10 14 15 21 22 26 33 34 35 38 39 46 51 55 57 58 62 65 69 77 82 85 86 87 91 93 95 115 118 119 123 129 133 145 155 177 203 221 287 299 391 466 1711 2537 2563 3029 6757
      largest prime 233; primes > 73: 233 ~ {2, 11, 13, 29}
#453: 6 10 14 15 21 22 26 33 34 35 38 39 46 51 55 57 58 62 65 69 77 82 85 86 87 91 93 95 115 118 119 123 129 133 145 155 187 203 226 287 339 391 493 1243 1357 1921 2537 3277
      largest prime 113; primes > 73: 113 ~ {2, 3, 11, 17, 29}
#454: 6 10 14 15 21 22 26 33 34 35 38 39 46 51 55 57 58 62 65 69 77 82 85 86 87 91 93 95 115 118 123 129 133 143 145 146 155 177 287 301 391 511 731 767 949 1241 1247 1357
      largest prime 73; primes > 73: none (all primes <= 73)
#455: 6 10 14 15 21 22 26 33 34 35 38 39 46 51 55 57 58 62 65 69 77 82 85 86 87 91 93 95 115 119 123 129 133 141 143 145 155 203 287 299 377 391 611 767 799 1363 1711 2537
      largest prime 59; primes > 73: none (all primes <= 73)
#456: 6 10 14 15 21 22 26 33 34 35 38 39 46 51 55 57 58 62 65 69 77 82 85 86 87 91 93 95 115 119 123 129 133 141 155 161 187 203 253 287 295 329 493 649 667 1711 2537 2773
      largest prime 59; primes > 73: none (all primes <= 73)
#457: 6 10 14 15 21 22 26 33 34 35 38 39 46 51 55 57 58 62 65 69 77 82 85 86 87 91 93 95 115 119 123 129 133 141 155 161 187 215 265 287 301 329 493 517 989 1219 1363 2491
      largest prime 53; primes > 73: none (all primes <= 73)
#458: 6 10 14 15 21 22 26 33 34 35 38 39 46 51 55 57 58 62 65 69 77 82 85 86 87 91 93 95 115 119 123 129 133 142 143 145 155 213 287 299 301 391 562 731 923 1247 3653 4777
      largest prime 281; primes > 73: 281 ~ {2, 13, 17}
#459: 6 10 14 15 21 22 26 33 34 35 38 39 46 51 55 57 58 62 65 69 77 82 85 86 87 91 93 95 115 119 123 129 133 143 145 155 203 221 249 287 299 377 391 559 899 1333 2407 2573
      largest prime 83; primes > 73: 83 ~ {3, 29, 31}
#460: 6 10 14 15 21 22 26 33 34 35 38 39 46 51 55 57 58 62 65 69 77 82 85 86 87 91 93 95 115 119 123 129 133 155 177 187 203 209 247 287 295 319 323 391 767 1003 1357 2537
      largest prime 59; primes > 73: none (all primes <= 73)
#461: 6 10 14 15 21 22 26 33 34 35 38 39 46 51 55 57 58 62 65 69 77 82 85 86 87 91 93 95 115 119 123 133 143 145 155 185 203 215 221 259 287 299 391 481 721 1073 2987 4429
      largest prime 103; primes > 73: 103 ~ {7, 29, 43}
#462: 6 10 14 15 21 22 26 33 34 35 38 39 46 51 55 57 58 62 65 69 77 82 85 86 87 91 93 95 115 119 123 133 143 155 185 203 205 209 221 287 299 319 391 451 481 703 779 1763
      largest prime 43; primes > 73: none (all primes <= 73)
#463: 6 10 14 15 21 22 26 33 34 35 38 39 46 51 55 57 58 62 65 69 77 82 85 86 87 91 93 95 115 119 123 133 155 187 203 209 215 221 247 265 287 299 319 323 391 689 731 901
      largest prime 53; primes > 73: none (all primes <= 73)
#464: 6 10 14 15 21 22 26 33 34 35 38 39 46 51 55 57 58 62 65 69 77 82 85 86 87 91 93 95 115 123 129 133 142 143 145 146 155 213 287 299 301 391 511 731 923 949 1241 1247
      largest prime 73; primes > 73: none (all primes <= 73)
#465: 6 10 14 15 21 22 26 33 34 35 38 39 46 51 55 57 58 62 65 69 77 82 85 86 87 91 93 95 118 119 123 129 143 145 146 155 161 177 247 287 299 365 551 949 1241 1387 1711 2537
      largest prime 73; primes > 73: none (all primes <= 73)
#466: 6 10 14 15 21 22 26 33 34 35 38 39 46 51 55 57 58 62 65 69 77 82 85 86 87 91 93 95 118 122 123 133 143 155 161 177 183 187 203 205 319 451 533 649 671 1003 1357 1763
      largest prime 61; primes > 73: none (all primes <= 73)
#467: 6 10 14 15 21 22 26 33 34 35 38 39 46 51 55 57 58 62 65 69 77 82 85 86 87 91 95 111 115 119 122 123 133 142 143 145 183 187 205 213 451 493 533 671 899 1633 1763 2627
      largest prime 71; primes > 73: none (all primes <= 73)
#468: 6 10 14 15 21 22 26 33 34 35 38 39 46 51 55 57 58 62 65 69 77 82 85 86 87 93 94 95 106 119 123 129 133 141 145 155 187 215 221 287 299 517 689 731 799 1219 1247 2021
      largest prime 53; primes > 73: none (all primes <= 73)
#469: 6 10 14 15 21 22 26 33 34 35 38 39 46 51 55 57 58 62 65 69 77 82 85 86 87 93 94 95 106 119 123 129 133 143 159 161 187 265 287 299 329 403 493 517 559 583 1333 1363
      largest prime 53; primes > 73: none (all primes <= 73)
#470: 6 10 14 15 21 22 26 33 34 35 38 39 46 51 55 57 58 62 65 69 77 82 85 86 87 93 94 95 115 119 122 123 129 133 141 143 145 155 287 377 391 551 799 893 1357 1363 2537 3599
      largest prime 61; primes > 73: none (all primes <= 73)
#471: 6 10 14 15 21 22 26 33 34 35 38 39 46 51 55 57 58 62 65 69 77 82 85 86 87 93 94 95 115 119 122 123 129 133 143 145 155 177 287 299 391 551 611 799 893 1711 2537 3599
      largest prime 61; primes > 73: none (all primes <= 73)
#472: 6 10 14 15 21 22 26 33 34 35 38 39 46 51 55 57 58 62 65 69 77 82 85 86 87 93 94 95 115 119 122 123 133 141 143 145 155 221 237 287 299 391 611 793 1247 2623 3397 3713
      largest prime 79; primes > 73: 79 ~ {3, 43, 47}
#473: 6 10 14 15 21 22 26 33 34 35 38 39 46 51 55 57 58 62 65 69 77 82 85 86 87 93 94 95 115 119 123 129 133 141 143 145 155 202 221 287 299 329 391 2219 2929 4121 4747 13631
      largest prime 317; primes > 73: 101 ~ {2, 29, 47}; 317 ~ {7, 13, 43}
#474: 6 10 14 15 21 22 26 33 34 35 38 39 46 51 55 57 58 62 65 69 77 82 85 86 87 93 94 95 115 119 123 129 133 141 143 145 155 215 235 287 299 391 562 731 1247 2021 3653 4777
      largest prime 281; primes > 73: 281 ~ {2, 13, 17}
#475: 6 10 14 15 21 22 26 33 34 35 38 39 46 51 55 57 58 62 65 69 77 82 85 86 87 93 94 95 115 119 123 129 141 143 145 155 202 221 247 287 299 329 391 559 589 1333 2929 4747
      largest prime 101; primes > 73: 101 ~ {2, 29, 47}
#476: 6 10 14 15 21 22 26 33 34 35 38 39 46 51 55 57 58 62 65 69 77 82 85 86 87 93 94 95 115 122 123 133 141 143 155 161 183 235 253 287 301 305 377 473 667 1037 2021 2623
      largest prime 61; primes > 73: none (all primes <= 73)
#477: 6 10 14 15 21 22 26 33 34 35 38 39 46 51 55 57 58 62 65 69 77 82 85 86 87 93 94 95 115 123 129 133 141 143 145 146 155 215 235 287 299 391 511 731 949 1241 1247 2021
      largest prime 73; primes > 73: none (all primes <= 73)
#478: 6 10 14 15 21 22 26 33 34 35 38 39 46 51 55 57 58 62 65 69 77 82 85 86 87 93 95 106 115 118 119 123 129 133 143 145 155 159 221 287 377 391 689 1357 1781 2537 3973 7261
      largest prime 137; primes > 73: 137 ~ {13, 29, 53}
#479: 6 10 14 15 21 22 26 33 34 35 38 39 46 51 55 57 58 62 65 69 77 82 85 86 87 93 95 106 115 118 119 123 129 133 143 145 155 159 287 391 403 493 527 689 899 1357 1643 2537
      largest prime 59; primes > 73: none (all primes <= 73)
#480: 6 10 14 15 21 22 26 33 34 35 38 39 46 51 55 57 58 62 65 69 77 82 85 86 87 93 95 106 115 118 119 123 129 133 143 145 155 177 221 287 299 391 403 1711 2537 118291 126449 216187
      largest prime 4079; primes > 73: 4079 ~ {29, 31, 53}
#481: 6 10 14 15 21 22 26 33 34 35 38 39 46 51 55 57 58 62 65 69 77 82 85 86 87 93 95 115 118 119 122 123 133 141 145 155 183 215 221 235 287 391 517 611 671 1247 1357 2537
      largest prime 61; primes > 73: none (all primes <= 73)
#482: 6 10 14 15 21 22 26 33 34 35 38 39 46 51 55 57 58 62 65 69 77 82 85 86 87 93 95 115 119 122 123 129 133 141 142 143 145 155 221 287 299 391 611 793 1247 2623 3053 3337
      largest prime 71; primes > 73: none (all primes <= 73)
#483: 6 10 14 15 21 22 26 33 34 35 38 39 46 51 55 57 58 62 65 69 77 82 85 86 91 93 94 95 106 115 119 123 133 145 155 159 221 235 265 299 319 391 517 533 583 611 1763 1927
      largest prime 53; primes > 73: none (all primes <= 73)
#484: 6 10 14 15 21 22 26 33 34 35 38 39 46 51 55 57 58 62 65 69 77 82 85 86 91 93 94 95 115 119 122 123 133 141 143 145 155 287 299 301 319 391 473 517 793 799 2021 2623
      largest prime 61; primes > 73: none (all primes <= 73)
#485: 6 10 14 15 21 22 26 33 34 35 38 39 46 51 55 57 58 62 65 69 77 82 85 86 91 93 94 95 115 119 123 133 141 143 146 155 203 221 235 287 299 355 377 391 559 2021 2059 5183
      largest prime 73; primes > 73: none (all primes <= 73)
#486: 6 10 14 15 21 22 26 33 34 35 38 39 46 51 55 57 58 62 65 69 77 82 85 86 91 93 94 95 115 119 123 133 141 145 146 155 213 215 219 235 287 301 319 781 1241 1633 2021 3139
      largest prime 73; primes > 73: none (all primes <= 73)
#487: 6 10 14 15 21 22 26 33 34 35 38 39 46 51 55 57 58 62 65 69 77 82 85 86 91 93 95 106 115 119 123 133 142 145 155 159 187 203 215 265 287 355 473 493 583 817 1349 1633
      largest prime 71; primes > 73: none (all primes <= 73)
#488: 6 10 14 15 21 22 26 33 34 35 38 39 46 51 55 57 58 62 65 69 77 82 85 86 91 93 95 106 118 119 123 129 133 145 155 159 161 187 203 265 287 393 493 583 917 1357 1441 2537
      largest prime 131; primes > 73: 131 ~ {3, 7, 11}
#489: 6 10 14 15 21 22 26 33 34 35 38 39 46 51 55 57 58 62 65 69 77 82 85 86 91 93 95 106 118 119 123 129 133 145 155 159 187 203 213 253 265 287 493 583 781 1357 1633 2537
      largest prime 71; primes > 73: none (all primes <= 73)
#490: 6 10 14 15 21 22 26 33 34 35 38 39 46 51 55 57 58 62 65 69 77 82 85 86 91 93 95 111 115 119 122 123 129 133 142 145 155 183 213 287 301 319 671 1177 1633 1819 2627 4601
      largest prime 107; primes > 73: 107 ~ {11, 17, 43}
#491: 6 10 14 15 21 22 26 33 34 35 38 39 46 51 55 57 58 62 65 69 77 82 85 86 91 93 95 111 115 119 122 123 133 142 145 155 183 187 203 213 287 381 493 671 1397 1633 2627 5461
      largest prime 127; primes > 73: 127 ~ {3, 11, 43}
#492: 6 10 14 15 21 22 26 33 34 35 38 39 46 51 55 57 58 62 65 69 77 82 85 86 91 93 95 111 115 119 122 133 142 143 145 155 183 187 203 213 287 451 493 533 671 1633 1763 2627
      largest prime 71; primes > 73: none (all primes <= 73)
#493: 6 10 14 15 21 22 26 33 34 35 38 39 46 51 55 57 58 62 65 69 77 82 85 86 91 93 95 111 115 119 123 129 133 143 145 155 185 215 221 287 299 319 391 407 481 1673 8843 10277
      largest prime 239; primes > 73: 239 ~ {7, 37, 43}
#494: 6 10 14 15 21 22 26 33 34 35 38 39 46 51 55 57 58 62 65 69 77 82 85 86 91 93 95 111 119 123 129 133 145 155 161 187 203 215 217 253 259 287 301 407 493 713 989 1147
      largest prime 43; primes > 73: none (all primes <= 73)
#495: 6 10 14 15 21 22 26 33 34 35 38 39 46 51 55 57 58 62 65 69 77 82 85 86 91 93 95 115 118 119 122 123 129 133 143 145 155 183 203 221 287 377 391 1357 2537 38207 85231 179279
      largest prime 2939; primes > 73: 2939 ~ {13, 29, 61}
#496: 6 10 14 15 21 22 26 33 34 35 38 39 46 51 55 57 58 62 65 69 77 82 85 86 91 93 95 115 118 119 122 123 129 133 145 155 161 183 187 203 287 427 493 1357 1969 2537 4117 10919
      largest prime 179; primes > 73: 179 ~ {11, 23, 61}
#497: 6 10 14 15 21 22 26 33 34 35 38 39 46 51 55 57 58 62 65 69 77 82 85 86 91 93 95 115 118 119 123 129 133 143 145 146 155 203 219 221 287 391 493 559 1241 1357 2537 3139
      largest prime 73; primes > 73: none (all primes <= 73)
#498: 6 10 14 15 21 22 26 33 34 35 38 39 46 51 55 57 58 62 65 69 77 82 85 86 91 93 95 115 118 122 123 129 133 143 145 155 161 183 187 203 451 493 533 671 697 943 1357 2537
      largest prime 61; primes > 73: none (all primes <= 73)
#499: 6 10 14 15 21 22 26 33 34 35 38 39 46 51 55 57 58 62 65 69 77 82 85 86 91 93 95 115 119 122 123 129 133 142 143 145 155 183 187 221 319 473 559 671 1207 1633 1763 2911
      largest prime 71; primes > 73: none (all primes <= 73)
#500: 6 10 14 15 21 22 26 33 34 35 38 39 46 51 55 57 58 62 65 69 77 82 85 86 91 93 95 115 119 123 133 141 143 145 155 203 209 215 235 247 287 299 323 391 493 517 611 731
      largest prime 47; primes > 73: none (all primes <= 73)
#501: 6 10 14 15 21 22 26 33 34 35 38 39 46 51 55 57 58 62 65 69 77 82 85 86 91 93 106 111 115 119 123 133 142 145 155 159 187 203 213 215 265 287 473 493 583 817 1633 2627
      largest prime 71; primes > 73: none (all primes <= 73)
#502: 6 10 14 15 21 22 26 33 34 35 38 39 46 51 55 57 58 62 65 69 77 82 85 86 93 95 106 115 118 119 123 129 133 141 145 155 159 221 235 265 287 319 391 517 583 611 1357 2537
      largest prime 59; primes > 73: none (all primes <= 73)
#503: 6 10 14 15 21 22 26 33 34 35 38 39 46 51 55 57 58 62 65 69 77 82 85 87 91 93 94 95 111 115 118 119 123 133 146 155 187 213 287 295 329 413 493 517 1363 1633 2627 5183
      largest prime 73; primes > 73: none (all primes <= 73)
#504: 6 10 14 15 21 22 26 33 34 35 38 39 46 51 55 57 58 62 65 69 77 82 85 87 91 93 94 95 111 115 119 122 123 133 142 155 187 213 287 295 329 413 493 517 1363 1633 2627 3599
      largest prime 71; primes > 73: none (all primes <= 73)
#505: 6 10 14 15 21 22 26 33 34 35 38 39 46 51 55 57 58 62 65 69 77 82 85 87 91 93 94 95 111 115 119 123 129 133 141 145 155 187 213 287 497 517 799 1207 1247 1633 2021 2627
      largest prime 71; primes > 73: none (all primes <= 73)
#506: 6 10 14 15 21 22 26 33 34 35 38 39 46 51 55 57 58 62 65 69 77 82 85 87 91 93 94 95 111 115 119 123 133 141 143 145 155 221 287 299 329 391 481 707 851 2323 2929 4747
      largest prime 101; primes > 73: 101 ~ {7, 23, 29, 47}
#507: 6 10 14 15 21 22 26 33 34 35 38 39 46 51 55 57 58 62 65 69 77 82 85 87 91 93 94 95 111 115 119 123 133 141 143 155 185 203 221 287 299 319 391 481 40555 89221 300107 381217
      largest prime 8111; primes > 73: 8111 ~ {5, 11, 37, 47}
#508: 6 10 14 15 21 22 26 33 34 35 38 39 46 51 55 57 58 62 65 69 77 82 85 87 91 93 94 95 111 115 119 123 133 142 145 155 187 202 203 213 287 493 517 1363 1633 2627 2929 4747
      largest prime 101; primes > 73: 101 ~ {2, 29, 47}
#509: 6 10 14 15 21 22 26 33 34 35 38 39 46 51 55 57 58 62 65 69 77 82 85 87 91 93 94 95 111 123 133 141 143 155 161 185 203 221 235 287 299 301 319 407 481 629 731 2021
      largest prime 47; primes > 73: none (all primes <= 73)
#510: 6 10 14 15 21 22 26 33 34 35 38 39 46 51 55 57 58 62 65 69 77 82 85 87 91 93 94 95 115 118 119 122 123 133 141 145 155 183 287 301 391 517 671 799 1247 1357 2021 2537
      largest prime 61; primes > 73: none (all primes <= 73)
#511: 6 10 14 15 21 22 26 33 34 35 38 39 46 51 55 57 58 62 65 69 77 82 85 87 91 93 94 95 115 118 119 122 123 133 155 177 183 203 287 295 319 391 517 649 671 799 1357 2773
      largest prime 61; primes > 73: none (all primes <= 73)
#512: 6 10 14 15 21 22 26 33 34 35 38 39 46 51 55 57 58 62 65 69 77 82 85 87 91 93 94 95 115 118 119 122 123 133 155 183 187 213 287 295 329 413 493 517 671 781 1363 1633
      largest prime 71; primes > 73: none (all primes <= 73)
#513: 6 10 14 15 21 22 26 33 34 35 38 39 46 51 55 57 58 62 65 69 77 82 85 87 91 93 94 95 115 118 119 123 133 143 155 202 203 221 235 287 299 319 391 505 649 767 1313 2773
      largest prime 101; primes > 73: 101 ~ {2, 5, 13}
#514: 6 10 14 15 21 22 26 33 34 35 38 39 46 51 55 57 58 62 65 69 77 82 85 87 91 93 94 95 115 119 123 129 133 141 142 145 146 155 187 287 497 517 799 1207 1247 1633 2021 5183
      largest prime 73; primes > 73: none (all primes <= 73)
#515: 6 10 14 15 21 22 26 33 34 35 38 39 46 51 55 57 58 62 65 69 77 82 85 87 91 93 94 95 115 119 123 129 133 141 143 145 155 221 253 287 329 391 473 559 707 2323 2929 4747
      largest prime 101; primes > 73: 101 ~ {7, 23, 29, 47}
#516: 6 10 14 15 21 22 26 33 34 35 38 39 46 51 55 57 58 62 65 69 77 82 85 87 91 93 94 95 115 119 123 129 133 141 143 155 203 221 235 287 299 305 391 481 1247 1769 2021 2257
      largest prime 61; primes > 73: none (all primes <= 73)
#517: 6 10 14 15 21 22 26 33 34 35 38 39 46 51 55 57 58 62 65 69 77 82 85 87 91 93 94 95 115 119 123 129 133 141 145 155 161 187 299 319 329 377 451 493 943 1247 1927 2021
      largest prime 47; primes > 73: none (all primes <= 73)
#518: 6 10 14 15 21 22 26 33 34 35 38 39 46 51 55 57 58 62 65 69 77 82 85 87 91 93 94 95 115 119 123 129 141 143 145 185 221 235 247 259 287 299 391 403 589 1147 1247 2021
      largest prime 47; primes > 73: none (all primes <= 73)
#519: 6 10 14 15 21 22 26 33 34 35 38 39 46 51 55 57 58 62 65 69 77 82 85 87 91 93 94 95 119 123 129 133 141 143 155 161 185 221 235 259 287 299 391 481 667 1073 1247 2021
      largest prime 47; primes > 73: none (all primes <= 73)
#520: 6 10 14 15 21 22 26 33 34 35 38 39 46 51 55 57 58 62 65 69 77 82 85 87 91 93 94 111 115 119 123 133 141 143 155 203 209 221 235 287 299 319 391 407 481 517 703 893
      largest prime 47; primes > 73: none (all primes <= 73)
#521: 6 10 14 15 21 22 26 33 34 35 38 39 46 51 55 57 58 62 65 69 77 82 85 87 91 93 95 111 115 118 119 123 133 142 143 145 146 155 203 213 287 767 949 1241 1633 2117 2627 4307
      largest prime 73; primes > 73: none (all primes <= 73)
#522: 6 10 14 15 21 22 26 33 34 35 38 39 46 51 55 57 58 62 65 69 77 82 85 87 91 93 95 111 115 119 123 129 133 141 142 145 155 187 203 213 287 493 517 1247 1363 1633 2021 2627
      largest prime 71; primes > 73: none (all primes <= 73)
#523: 6 10 14 15 21 22 26 33 34 35 38 39 46 51 55 57 58 62 65 69 77 82 85 87 91 93 95 111 115 119 123 133 142 145 155 161 187 213 253 259 287 377 407 481 493 667 923 1073
      largest prime 71; primes > 73: none (all primes <= 73)
#524: 6 10 14 15 21 22 26 33 34 35 38 39 46 51 55 57 58 62 65 69 77 82 85 87 91 93 95 115 118 122 123 133 142 155 183 203 209 213 247 287 295 299 319 323 391 413 671 923
      largest prime 71; primes > 73: none (all primes <= 73)
#525: 6 10 14 15 21 22 26 33 34 35 38 39 46 51 55 57 58 62 65 69 77 82 85 87 91 94 95 115 118 119 123 133 141 143 145 155 177 202 217 221 287 329 391 403 767 1357 2929 4747
      largest prime 101; primes > 73: 101 ~ {2, 29, 47}
#526: 6 10 14 15 21 22 26 33 34 35 38 39 46 51 55 57 58 62 65 69 77 82 85 87 91 94 95 115 119 123 133 141 142 143 145 155 202 213 217 221 287 299 329 391 403 923 2929 4747
      largest prime 101; primes > 73: 101 ~ {2, 29, 47}
#527: 6 10 14 15 21 22 26 33 34 35 38 39 46 51 55 57 58 62 65 69 77 82 85 87 93 94 95 106 115 119 123 129 133 141 145 155 158 221 235 265 287 299 391 689 869 1247 2021 4187
      largest prime 79; primes > 73: 79 ~ {2, 11, 53}
#528: 6 10 14 15 21 22 26 33 34 35 38 39 46 51 55 57 58 62 65 69 77 82 85 87 93 94 95 111 115 119 123 133 141 143 145 155 161 187 253 287 319 329 377 493 667 1073 1363 1739
      largest prime 47; primes > 73: none (all primes <= 73)
#529: 6 10 14 15 21 22 26 33 34 35 38 39 46 51 55 57 58 62 65 69 77 82 85 87 93 94 95 111 115 119 123 133 141 143 145 155 166 202 221 259 287 299 329 391 1079 2929 3071 4747
      largest prime 101; primes > 73: 83 ~ {2, 13, 37}; 101 ~ {2, 29, 47}
#530: 6 10 14 15 21 22 26 33 34 35 38 39 46 51 55 57 58 62 65 69 77 82 85 87 93 94 95 115 118 119 122 123 129 133 141 145 155 177 183 287 391 517 671 767 799 1247 1357 2021
      largest prime 61; primes > 73: none (all primes <= 73)
#531: 6 10 14 15 21 22 26 33 34 35 38 39 46 51 55 57 58 62 65 69 77 82 85 87 93 94 95 115 119 122 123 129 133 141 142 145 155 183 213 287 299 391 517 671 799 923 1247 2021
      largest prime 71; primes > 73: none (all primes <= 73)
#532: 6 10 14 15 21 22 26 33 34 35 38 39 46 51 55 57 58 62 65 69 77 82 85 87 93 94 95 118 119 123 129 133 141 143 145 146 155 161 235 287 295 299 413 511 949 1241 1247 2021
      largest prime 73; primes > 73: none (all primes <= 73)
#533: 6 10 14 15 21 22 26 33 34 35 38 39 46 51 55 57 58 62 65 69 77 82 85 91 93 94 95 111 115 119 123 133 141 142 145 155 187 203 213 226 235 287 493 517 565 1633 2627 5311
      largest prime 113; primes > 73: 113 ~ {2, 5, 47}
#534: 6 10 14 15 21 22 26 33 34 35 38 39 46 51 55 57 58 62 65 69 77 82 85 91 93 95 111 115 119 122 123 129 133 142 145 155 166 183 187 203 213 287 493 671 913 1633 2627 3569
      largest prime 83; primes > 73: 83 ~ {2, 11, 43}
#535: 6 10 14 15 21 22 26 33 34 35 38 39 46 51 55 57 58 62 65 69 77 82 86 87 91 93 94 95 106 115 123 133 141 155 159 203 213 215 235 265 287 319 329 371 731 781 1633 2491
      largest prime 71; primes > 73: none (all primes <= 73)
#536: 6 10 14 15 21 22 26 33 34 35 38 39 46 51 55 57 58 62 65 69 77 82 86 87 91 93 94 95 111 119 123 133 141 143 155 187 202 203 235 253 287 319 481 505 559 851 1313 2021
      largest prime 101; primes > 73: 101 ~ {2, 5, 13}
#537: 6 10 14 15 21 22 26 33 34 35 38 39 46 51 55 57 58 62 65 69 77 82 86 87 91 93 94 95 115 119 123 129 133 141 155 187 215 226 235 287 299 301 377 517 565 667 989 5311
      largest prime 113; primes > 73: 113 ~ {2, 5, 47}
#538: 6 10 14 15 21 22 26 33 34 35 38 39 46 51 55 57 58 62 65 69 77 82 86 87 91 93 94 95 118 119 123 129 133 141 145 155 161 187 202 226 287 329 791 1243 1357 2537 2929 4747
      largest prime 113; primes > 73: 101 ~ {2, 29, 47}; 113 ~ {2, 7, 11}
#539: 6 10 14 15 21 22 26 33 34 35 38 39 46 51 55 57 58 62 65 69 77 82 86 87 91 93 94 95 119 122 123 129 133 145 155 161 177 187 203 287 299 329 377 517 1363 1711 2537 3599
      largest prime 61; primes > 73: none (all primes <= 73)
#540: 6 10 14 15 21 22 26 33 34 35 38 39 46 51 55 57 58 62 65 69 77 82 86 87 91 93 94 95 119 123 129 133 141 145 155 161 187 202 215 235 287 301 329 517 989 1081 2929 4747
      largest prime 101; primes > 73: 101 ~ {2, 29, 47}
#541: 6 10 14 15 21 22 26 33 34 35 38 39 46 51 55 57 58 62 65 69 77 82 86 87 91 93 95 106 111 115 119 123 133 142 145 155 159 187 265 287 301 355 473 583 1247 1633 2627 3053
      largest prime 71; primes > 73: none (all primes <= 73)
#542: 6 10 14 15 21 22 26 33 34 35 38 39 46 51 55 57 58 62 65 69 77 82 86 87 91 93 95 106 111 115 119 123 133 142 155 159 187 203 213 265 287 319 381 583 1397 1633 2627 5461
      largest prime 127; primes > 73: 127 ~ {3, 11, 43}
#543: 6 10 14 15 21 22 26 33 34 35 38 39 46 51 55 57 58 62 65 69 77 82 86 87 91 93 95 106 111 115 119 133 142 143 155 159 187 203 213 265 287 319 451 533 583 1633 1763 2627
      largest prime 71; primes > 73: none (all primes <= 73)
#544: 6 10 14 15 21 22 26 33 34 35 38 39 46 51 55 57 58 62 65 69 77 82 86 87 91 93 95 106 115 118 119 123 129 133 155 159 161 187 203 265 319 371 451 943 1357 1927 2491 2537
      largest prime 59; primes > 73: none (all primes <= 73)
#545: 6 10 14 15 21 22 26 33 34 35 38 39 46 51 55 57 58 62 65 69 77 82 86 87 91 93 95 106 115 118 123 129 133 143 155 159 161 187 203 265 319 451 533 583 697 943 1357 2537
      largest prime 59; primes > 73: none (all primes <= 73)
#546: 6 10 14 15 21 22 26 33 34 35 38 39 46 51 55 57 58 62 65 69 77 82 86 87 91 93 95 106 115 119 123 129 133 142 145 155 159 187 265 287 301 355 473 583 817 1247 1349 1633
      largest prime 71; primes > 73: none (all primes <= 73)
#547: 6 10 14 15 21 22 26 33 34 35 38 39 46 51 55 57 58 62 65 69 77 82 86 87 91 93 95 106 115 123 129 133 142 145 155 159 161 203 253 265 287 301 355 583 667 731 1247 2059
      largest prime 71; primes > 73: none (all primes <= 73)
#548: 6 10 14 15 21 22 26 33 34 35 38 39 46 51 55 57 58 62 65 69 77 82 86 87 91 93 95 115 118 119 122 123 133 155 177 183 203 209 215 247 287 319 323 391 671 731 767 1357
      largest prime 61; primes > 73: none (all primes <= 73)
#549: 6 10 14 15 21 22 26 33 34 35 38 39 46 51 55 57 58 62 65 69 77 82 86 87 91 93 95 115 119 122 123 133 142 155 183 203 209 213 215 247 287 299 319 323 391 671 731 923
      largest prime 71; primes > 73: none (all primes <= 73)
#550: 6 10 14 15 21 22 26 33 34 35 38 39 46 51 55 57 58 62 65 69 77 82 86 87 91 93 95 115 119 122 123 142 143 155 161 183 187 209 213 215 253 287 377 473 667 671 817 923
      largest prime 71; primes > 73: none (all primes <= 73)
#551: 6 10 14 15 21 22 26 33 34 35 38 39 46 51 55 57 58 62 65 69 77 82 86 87 91 93 95 115 119 123 129 133 134 143 155 187 194 201 203 215 253 287 291 319 871 2231 2881 6499
      largest prime 97; primes > 73: 97 ~ {2, 3, 23, 67}
#552: 6 10 14 15 21 22 26 33 34 35 38 39 46 51 55 57 58 62 65 69 77 82 86 87 91 93 95 115 119 123 129 133 141 143 145 155 209 235 247 287 299 301 323 391 517 611 731 1247
      largest prime 47; primes > 73: none (all primes <= 73)
#553: 6 10 14 15 21 22 26 33 34 35 38 39 46 51 55 57 58 62 65 69 77 82 86 87 91 93 106 111 115 119 123 129 133 142 145 155 159 187 213 265 287 301 473 583 817 1247 1633 2627
      largest prime 71; primes > 73: none (all primes <= 73)
#554: 6 10 14 15 21 22 26 33 34 35 38 39 46 51 55 57 58 62 65 69 77 82 86 91 93 94 95 106 111 119 123 133 141 145 155 159 203 221 235 253 265 287 481 493 559 583 851 2021
      largest prime 53; primes > 73: none (all primes <= 73)
#555: 6 10 14 15 21 22 26 33 34 35 38 39 46 51 55 57 58 62 65 69 77 82 86 91 93 94 95 106 115 119 123 133 141 143 145 155 187 203 235 253 287 319 377 559 667 689 1219 2021
      largest prime 53; primes > 73: none (all primes <= 73)
#556: 6 10 14 15 21 22 26 33 34 35 38 39 46 51 55 57 58 62 65 69 77 82 86 91 93 94 95 111 115 119 123 133 141 143 145 146 155 203 213 221 235 287 493 559 1633 2021 2627 5183
      largest prime 73; primes > 73: none (all primes <= 73)
#557: 6 10 14 15 21 22 26 33 34 35 38 39 46 51 55 57 58 62 65 69 77 82 86 91 93 94 95 115 119 122 123 133 141 143 145 155 183 203 213 221 235 287 493 559 671 781 1633 2021
      largest prime 71; primes > 73: none (all primes <= 73)
#558: 6 10 14 15 21 22 26 33 34 35 38 39 46 51 55 57 58 62 65 69 77 82 86 91 93 95 106 111 115 119 123 133 142 143 145 155 159 187 205 213 265 319 451 533 583 1633 1763 2627
      largest prime 71; primes > 73: none (all primes <= 73)
#559: 6 10 14 15 21 22 26 33 34 35 38 39 46 51 55 57 58 62 65 69 77 82 87 91 93 94 95 111 115 119 123 129 133 141 142 145 155 187 213 226 235 287 791 1243 1247 1633 2021 2627
      largest prime 113; primes > 73: 113 ~ {2, 7, 11}
#560: 6 10 14 15 21 22 26 33 34 35 38 39 46 51 55 57 58 62 65 69 77 82 87 91 93 95 106 111 115 119 122 123 133 146 155 159 183 187 203 213 265 287 319 583 671 1633 2627 5183
      largest prime 73; primes > 73: none (all primes <= 73)
#561: 6 10 14 15 21 22 26 33 34 35 38 39 46 51 55 57 58 62 65 69 77 82 87 91 93 95 106 111 115 119 123 129 133 142 155 159 166 187 203 213 265 287 319 583 913 1633 2627 3569
      largest prime 83; primes > 73: 83 ~ {2, 11, 43}
#562: 6 10 14 15 21 22 26 33 34 35 38 39 46 51 55 57 58 62 65 69 77 85 86 87 91 93 94 95 111 115 118 119 123 133 142 155 187 213 287 295 329 413 493 517 1363 1633 1763 2627
      largest prime 71; primes > 73: none (all primes <= 73)
#563: 6 10 14 15 21 22 26 33 34 35 38 39 46 51 55 57 58 62 65 69 77 85 86 87 91 93 94 95 115 118 119 129 133 141 142 143 145 155 213 377 391 551 799 893 923 1357 1363 2537
      largest prime 71; primes > 73: none (all primes <= 73)
#564: 6 10 14 15 21 22 26 33 34 35 38 39 46 51 55 57 58 62 65 69 77 85 86 87 91 93 94 95 115 118 119 129 133 142 143 145 155 177 213 299 391 551 611 799 893 923 1711 2537
      largest prime 71; primes > 73: none (all primes <= 73)
#565: 6 10 14 15 21 22 26 33 34 35 38 39 46 51 55 57 58 62 65 69 77 85 86 87 91 93 94 95 119 122 123 133 141 143 145 155 161 183 202 215 299 329 697 731 793 2501 2929 4747
      largest prime 101; primes > 73: 101 ~ {2, 29, 47}
#566: 6 10 14 15 21 22 26 33 34 35 38 39 46 51 55 57 58 62 65 69 77 85 87 91 93 94 95 106 111 115 119 129 133 141 143 145 155 221 235 265 291 299 391 481 1247 2021 3589 5141
      largest prime 97; primes > 73: 97 ~ {3, 37, 53}
#567: 6 10 14 15 21 22 26 33 34 35 38 39 46 51 55 57 58 62 65 69 77 86 87 91 93 94 95 111 115 118 119 129 133 141 142 145 155 177 187 213 235 517 551 893 1633 1711 2537 2627
      largest prime 71; primes > 73: none (all primes <= 73)
#568: 6 10 14 15 21 22 26 33 34 35 38 39 46 51 55 57 58 62 65 69 77 86 87 91 93 95 106 111 115 119 122 123 133 142 155 159 183 187 203 213 265 287 319 583 671 1633 1763 2627
      largest prime 71; primes > 73: none (all primes <= 73)
#569: 6 10 14 15 21 22 26 33 34 35 38 39 46 51 55 57 58 62 65 69 82 85 86 87 91 93 95 106 115 118 119 123 129 133 145 155 177 187 203 253 287 371 493 667 1219 1537 1711 2537
      largest prime 59; primes > 73: none (all primes <= 73)
#570: 6 10 14 15 21 22 26 33 34 35 38 39 46 51 55 57 58 62 65 69 82 85 86 87 91 93 95 115 118 119 122 123 129 133 155 161 177 187 203 253 287 295 413 493 667 1711 2537 3599
      largest prime 61; primes > 73: none (all primes <= 73)
#571: 6 10 14 15 21 22 26 33 34 35 38 39 46 51 55 57 58 62 65 74 77 82 85 86 87 91 93 94 95 115 119 123 133 141 143 155 203 221 235 287 319 391 407 559 2021 5755 26473 42587
      largest prime 1151; primes > 73: 1151 ~ {5, 23, 37}
#572: 6 10 14 15 21 22 26 33 34 35 38 39 46 51 55 57 58 62 65 74 77 82 85 86 87 91 93 94 95 115 119 123 133 141 145 155 187 203 287 299 377 517 629 667 799 1247 1591 2021
      largest prime 47; primes > 73: none (all primes <= 73)
#573: 6 10 14 15 21 22 26 33 34 35 38 39 46 51 55 57 58 62 65 74 77 82 85 86 87 91 93 94 95 119 123 133 141 143 155 161 185 221 235 259 287 493 559 629 799 1081 1363 2021
      largest prime 47; primes > 73: none (all primes <= 73)
#574: 6 10 14 15 21 22 26 33 34 35 38 39 46 51 55 57 58 62 65 74 77 82 85 86 87 91 93 94 115 119 123 133 141 143 155 161 221 235 259 287 299 377 391 437 559 667 703 2021
      largest prime 47; primes > 73: none (all primes <= 73)
#575: 6 10 14 15 21 22 26 33 34 35 38 39 46 51 55 57 58 62 65 74 77 82 85 86 87 91 93 94 115 119 123 133 141 143 155 187 203 221 235 253 287 319 437 559 629 703 851 2021
      largest prime 47; primes > 73: none (all primes <= 73)
#576: 6 10 14 15 21 22 26 33 34 35 38 39 46 51 55 57 58 62 65 74 77 82 85 86 87 91 93 95 111 115 118 123 129 133 143 155 221 287 295 299 301 413 481 629 667 731 1073 1247
      largest prime 59; primes > 73: none (all primes <= 73)
#577: 6 10 14 15 21 22 26 33 34 35 38 39 46 51 55 57 58 62 65 74 77 82 85 86 87 91 93 95 111 115 119 123 129 133 143 187 203 214 221 287 319 341 559 629 1147 1177 1333 2461
      largest prime 107; primes > 73: 107 ~ {2, 11, 23}
#578: 6 10 14 15 21 22 26 33 34 35 38 39 46 51 55 57 58 62 65 74 77 82 85 86 87 91 93 95 111 118 119 123 129 133 143 145 155 215 221 287 301 391 559 989 1247 233507 271373 372349
      largest prime 6311; primes > 73: 6311 ~ {37, 43, 59}
#579: 6 10 14 15 21 22 26 33 34 35 38 39 46 51 55 57 58 62 65 74 77 82 85 86 91 93 95 111 115 119 123 133 143 145 155 161 166 221 253 259 287 299 319 391 481 913 1591 3569
      largest prime 83; primes > 73: 83 ~ {2, 11, 43}
#580: 6 10 14 15 21 22 26 33 34 35 38 39 46 51 55 57 58 62 65 74 77 82 85 86 91 93 95 115 118 119 123 129 133 143 145 155 161 221 259 287 299 319 391 407 481 851 1357 2537
      largest prime 59; primes > 73: none (all primes <= 73)
#581: 6 10 14 15 21 22 26 33 34 35 38 39 46 51 55 57 58 62 65 74 77 82 85 87 91 93 95 106 111 115 119 123 133 143 145 146 155 161 219 259 287 481 689 1219 1241 1247 1591 3139
      largest prime 73; primes > 73: none (all primes <= 73)
#582: 6 10 14 15 21 22 26 33 34 35 38 39 46 51 55 57 58 62 65 74 77 82 85 87 91 93 95 106 115 119 122 123 133 145 155 159 185 187 203 265 287 319 493 583 671 1073 1403 2257
      largest prime 61; primes > 73: none (all primes <= 73)
#583: 6 10 14 15 21 22 26 33 34 35 38 39 46 51 55 57 58 62 65 74 77 82 86 87 91 93 94 95 111 119 123 129 133 145 155 161 185 187 215 287 301 329 517 667 851 989 1073 1363
      largest prime 47; primes > 73: none (all primes <= 73)
#584: 6 10 14 15 21 22 26 33 34 35 38 39 46 51 55 57 58 62 65 74 77 82 86 87 91 93 95 111 115 118 119 123 129 133 143 155 185 203 221 287 295 299 481 493 667 1711 2183 2537
      largest prime 59; primes > 73: none (all primes <= 73)
#585: 6 10 14 15 21 22 26 33 34 35 38 39 46 51 55 57 58 62 65 74 77 82 86 91 93 94 95 111 115 119 123 129 133 141 145 155 185 187 215 235 287 301 517 551 851 893 989 1073
      largest prime 47; primes > 73: none (all primes <= 73)
#586: 6 10 14 15 21 22 26 33 34 35 38 39 46 51 55 57 58 62 65 74 77 82 87 91 93 94 95 115 119 123 129 133 141 142 145 155 161 187 213 235 253 259 287 407 1247 1633 2021 2627
      largest prime 71; primes > 73: none (all primes <= 73)
#587: 6 10 14 15 21 22 26 33 34 35 38 39 46 51 55 57 58 62 65 74 77 85 86 87 91 93 95 111 115 119 123 129 133 143 145 155 161 221 253 259 287 299 391 473 481 1247 1591 1763
      largest prime 43; primes > 73: none (all primes <= 73)
#588: 6 10 14 15 21 22 26 33 34 35 38 39 46 51 55 57 58 62 65 77 82 86 87 91 93 94 95 106 115 119 123 129 133 141 155 159 187 215 235 265 287 299 301 377 473 583 667 2021
      largest prime 53; primes > 73: none (all primes <= 73)
#589: 6 10 14 15 21 22 26 33 34 35 38 39 46 51 55 57 58 62 69 74 77 82 85 86 87 91 93 94 95 111 119 123 133 141 155 187 203 209 235 247 287 319 323 559 2021 31807 43033 69227
      largest prime 1871; primes > 73: 1871 ~ {17, 23, 37}
#590: 6 10 14 15 21 22 26 33 34 35 38 39 46 51 55 57 58 62 69 74 77 82 85 86 87 91 93 94 95 111 123 133 141 155 187 203 209 217 235 247 287 319 323 559 629 713 1147 2021
      largest prime 47; primes > 73: none (all primes <= 73)
#591: 6 10 14 15 21 22 26 33 34 35 38 39 46 51 55 57 58 62 69 74 77 82 85 86 87 91 93 95 118 119 123 129 133 141 143 155 161 185 221 259 287 493 611 629 799 1357 1363 2537
      largest prime 59; primes > 73: none (all primes <= 73)
#592: 6 10 14 15 21 22 26 33 34 35 38 39 46 51 55 57 58 62 69 74 77 82 85 86 87 91 93 95 118 119 123 129 133 143 155 161 177 185 259 287 299 377 391 629 667 767 1003 2537
      largest prime 59; primes > 73: none (all primes <= 73)
#593: 6 10 14 15 21 22 26 33 34 35 38 39 46 51 55 57 58 62 69 74 77 82 85 86 87 91 93 95 118 119 123 133 155 161 185 187 203 205 221 259 295 299 319 413 451 533 629 1763
      largest prime 59; primes > 73: none (all primes <= 73)
#594: 6 10 14 15 21 22 26 33 34 35 38 39 46 51 55 57 58 62 69 74 77 82 85 87 91 93 94 95 111 119 123 133 141 143 155 158 161 185 221 287 299 377 391 553 611 667 2923 3713
      largest prime 79; primes > 73: 79 ~ {2, 7, 37, 47}
#595: 6 10 14 15 21 22 26 33 34 35 38 39 46 51 55 57 58 62 69 74 77 82 85 87 91 93 94 95 115 118 119 123 133 155 161 185 187 221 235 253 259 287 377 629 649 667 767 2773
      largest prime 59; primes > 73: none (all primes <= 73)
#596: 6 10 14 15 21 22 26 33 34 35 38 39 46 51 55 57 58 62 69 74 77 82 85 87 91 93 94 95 115 118 123 129 141 143 145 155 235 247 259 287 295 299 323 391 413 703 1247 2021
      largest prime 59; primes > 73: none (all primes <= 73)
#597: 6 10 14 15 21 22 26 33 34 35 38 39 46 51 55 57 58 62 69 74 77 82 85 87 91 93 95 106 111 119 123 133 143 146 155 159 161 185 221 259 287 299 377 391 667 949 2701 3869
      largest prime 73; primes > 73: none (all primes <= 73)
#598: 6 10 14 15 21 22 26 33 34 35 38 39 46 51 55 57 58 62 69 74 77 82 85 87 91 93 95 106 111 119 123 133 143 146 155 159 185 187 203 221 253 287 319 629 851 949 2701 3869
      largest prime 73; primes > 73: none (all primes <= 73)
#599: 6 10 14 15 21 22 26 33 34 35 38 39 46 51 55 57 58 62 69 74 77 82 86 87 91 93 94 95 115 119 123 129 141 143 145 155 215 235 247 259 287 299 323 391 703 731 1247 2021
      largest prime 47; primes > 73: none (all primes <= 73)
#600: 6 10 14 15 21 22 26 33 34 35 38 39 46 51 55 57 58 62 69 74 77 85 86 87 91 93 95 106 111 115 119 129 133 143 145 155 158 185 215 221 265 299 391 689 1247 2923 3397 4187
      largest prime 79; primes > 73: 79 ~ {2, 37, 43, 53}
#601: 6 10 14 15 21 22 26 33 34 35 38 39 46 51 55 57 58 62 69 77 82 85 86 87 91 93 94 95 115 119 123 129 133 141 143 145 155 202 215 221 287 301 391 611 989 1081 2929 4747
      largest prime 101; primes > 73: 101 ~ {2, 29, 47}
#602: 6 10 14 15 21 22 26 33 34 35 38 39 46 51 55 57 58 62 69 77 82 85 86 87 91 93 95 106 115 118 119 123 129 133 143 145 155 159 203 221 287 365 391 949 1357 2117 2537 3869
      largest prime 73; primes > 73: none (all primes <= 73)
#603: 6 10 14 15 21 22 26 33 34 35 38 39 46 51 55 57 58 62 69 77 82 85 86 87 91 93 95 115 118 119 122 123 129 133 143 145 155 177 215 221 287 301 391 767 793 1247 1357 2623
      largest prime 61; primes > 73: none (all primes <= 73)
#604: 6 10 14 15 21 22 26 33 34 35 38 39 46 51 55 57 58 62 69 77 82 85 86 87 91 93 95 115 119 122 123 129 133 142 143 145 155 213 215 221 287 299 301 391 793 923 1247 2623
      largest prime 71; primes > 73: none (all primes <= 73)
#605: 6 10 14 15 21 22 26 33 34 35 38 39 46 51 55 57 58 65 69 74 77 82 85 87 91 93 95 106 111 115 119 123 133 143 159 161 187 221 253 259 287 341 377 407 629 667 689 1643
      largest prime 53; primes > 73: none (all primes <= 73)
#606: 6 10 14 15 21 22 26 33 34 35 38 39 46 51 55 57 62 65 69 74 77 82 85 86 87 91 93 95 106 111 118 123 133 155 159 185 203 215 253 265 287 295 413 493 583 731 851 1073
      largest prime 59; primes > 73: none (all primes <= 73)
#607: 6 10 14 15 21 22 26 33 34 35 38 39 46 51 55 57 62 65 69 74 77 82 85 87 91 93 94 95 111 115 119 123 133 141 145 155 161 187 253 259 287 407 551 629 667 799 893 1363
      largest prime 47; primes > 73: none (all primes <= 73)
#608: 6 10 14 15 21 22 26 33 34 35 38 39 46 51 55 57 62 65 69 74 77 82 85 87 91 93 94 95 111 118 119 122 123 133 155 177 185 187 203 235 253 287 493 649 851 1073 2773 3599
      largest prime 61; primes > 73: none (all primes <= 73)
#609: 6 10 14 15 21 22 26 33 34 35 38 39 46 51 55 58 62 65 69 74 77 82 85 86 87 91 93 94 95 111 115 119 123 143 145 155 209 221 259 287 299 391 481 517 893 1247 1591 2021
      largest prime 47; primes > 73: none (all primes <= 73)
#610: 6 10 14 15 21 22 26 33 34 35 38 39 46 51 55 58 62 65 69 74 77 82 85 86 87 91 93 94 95 111 115 119 133 141 143 145 155 221 259 299 329 391 481 779 1247 1591 1927 2021
      largest prime 47; primes > 73: none (all primes <= 73)
#611: 6 10 14 15 21 22 26 33 34 35 38 39 46 51 57 58 62 65 69 74 77 82 85 86 87 91 93 95 111 115 119 123 133 142 143 155 187 203 213 221 287 319 473 559 629 1591 1633 2627
      largest prime 71; primes > 73: none (all primes <= 73)
#612: 6 10 14 15 21 22 26 33 34 35 38 39 46 51 57 58 62 65 69 74 77 82 85 87 91 93 94 95 111 115 119 123 133 134 141 143 155 203 221 287 299 319 391 481 737 1739 2479 3149
      largest prime 67; primes > 73: none (all primes <= 73)
#613: 6 10 14 15 21 22 26 33 34 35 38 39 46 51 57 58 62 65 69 74 77 82 86 87 91 93 94 95 111 119 123 133 141 143 145 155 185 203 221 235 253 287 319 493 559 851 1073 2021
      largest prime 47; primes > 73: none (all primes <= 73)
#614: 6 10 14 15 21 22 26 33 34 35 38 39 46 55 57 58 62 65 69 74 77 82 85 86 87 91 93 94 95 119 123 133 141 143 155 161 185 221 235 259 287 299 377 391 559 629 667 2021
      largest prime 47; primes > 73: none (all primes <= 73)
#615: 6 10 14 15 21 22 26 33 34 35 38 39 46 55 57 58 62 65 69 74 77 82 85 86 87 91 93 95 111 115 119 123 129 133 143 145 155 206 221 287 299 301 391 481 629 1247 3811 4429
      largest prime 103; primes > 73: 103 ~ {2, 37, 43}
#616: 6 10 14 15 21 22 26 33 34 35 38 39 46 55 57 58 62 65 69 74 77 82 85 86 87 91 93 95 111 115 119 123 129 133 143 145 155 214 221 287 299 301 391 481 629 1073 3103 4601
      largest prime 107; primes > 73: 107 ~ {2, 29, 43}
#617: 6 10 14 15 21 22 26 33 34 35 38 39 46 55 57 58 62 65 69 74 77 82 85 86 87 91 93 95 111 118 119 123 129 143 145 155 161 185 221 287 295 299 323 481 551 1711 2183 2537
      largest prime 59; primes > 73: none (all primes <= 73)
#618: 6 10 14 15 21 22 26 33 34 35 38 39 46 55 57 58 62 65 69 74 77 82 85 86 91 93 95 111 115 118 119 123 129 133 143 145 155 177 203 221 287 299 391 481 629 1073 1711 2537
      largest prime 59; primes > 73: none (all primes <= 73)
#619: 6 10 14 15 21 22 26 33 34 35 38 39 46 55 57 58 62 65 69 74 77 82 85 86 91 93 95 111 115 118 119 123 129 133 145 155 161 177 187 253 259 287 407 493 629 667 1711 2537
      largest prime 59; primes > 73: none (all primes <= 73)
#620: 6 10 14 15 21 22 26 33 34 38 39 46 51 55 57 58 62 65 69 74 77 82 85 86 87 91 93 94 95 111 115 119 123 133 141 143 145 155 221 235 259 287 299 391 481 1247 1591 2021
      largest prime 47; primes > 73: none (all primes <= 73)
