k,max_denominator,tied_optimal_sets,denominators
3,6,1,"2 3 6"
4,12,1,"2 4 6 12"
5,15,1,"2 4 10 12 15"
6,15,1,"3 4 6 10 12 15"
7,18,1,"3 4 9 10 12 15 18"
8,20,2,"3 5 9 10 12 15 18 20"
9,24,2,"4 5 8 9 10 15 18 20 24"
10,24,1,"5 6 8 9 10 12 15 18 20 24"
11,28,3,"5 6 8 9 10 15 18 20 21 24 28"
12,30,2,"4 8 9 10 12 15 18 20 21 24 28 30"
13,33,11,"4 8 9 11 12 18 20 21 22 24 28 30 33"
14,33,2,"6 8 9 10 11 15 18 20 21 22 24 28 30 33"
15,35,1,"6 8 9 11 14 15 18 20 21 22 24 28 30 33 35"
16,36,1,"6 8 11 12 14 15 18 20 21 22 24 28 30 33 35 36"
17,40,1,"6 10 11 12 14 15 18 20 21 22 24 28 30 33 35 36 40"
18,42,1,"7 10 11 12 14 15 18 20 21 22 24 28 30 33 35 36 40 42"
19,48,5,"7 9 11 12 14 16 18 21 22 24 28 30 33 35 36 40 42 45 48"
20,52,58,"5 9 11 16 18 20 21 22 24 26 30 33 35 36 39 40 42 45 48 52"
21,52,8,"7 9 11 14 16 18 21 22 24 26 28 30 33 35 36 39 40 42 45 48 52"
22,54,11,"7 9 11 14 16 21 22 24 26 27 28 30 33 35 36 39 40 42 45 48 52 54"
23,55,37,"6 9 12 16 20 21 22 24 26 27 30 33 35 36 39 40 42 44 45 48 52 54 55"
24,55,5,"7 9 14 16 20 21 22 24 26 27 28 30 33 35 36 39 40 42 44 45 48 52 54 55"
25,56,5,"8 9 14 16 20 21 22 24 26 27 28 30 33 35 36 39 40 42 44 45 48 52 54 55 56"
26,60,2,"8 14 15 16 18 20 21 22 24 26 27 28 30 33 35 39 40 42 44 45 48 52 54 55 56 60"
27,63,2,"8 12 15 16 20 21 22 24 26 27 28 30 33 35 36 39 40 42 44 45 48 52 54 55 56 60 63"
28,72,57,"9 10 11 16 20 22 24 26 27 28 30 33 35 36 39 40 42 45 48 52 54 55 56 60 63 66 70 72"
29,75,258,"6 13 16 18 20 22 24 26 27 28 30 33 35 40 42 44 45 48 50 52 54 55 56 60 63 65 70 72 75"
30,75,17,"9 11 13 16 20 22 24 26 27 28 30 33 35 36 40 42 45 48 50 52 54 55 56 60 63 65 66 70 72 75"
31,76,202,"8 13 16 18 19 20 22 26 27 28 30 33 35 40 42 44 45 48 50 52 54 55 56 57 60 63 65 70 72 75 76"
32,76,10,"9 13 16 19 20 22 24 26 27 28 30 33 35 36 40 42 44 45 48 50 52 54 55 56 57 60 63 65 70 72 75 76"
33,77,21,"9 13 16 19 20 21 24 26 27 28 30 35 36 40 42 44 45 48 50 52 54 55 56 57 60 63 65 66 70 72 75 76 77"
34,78,10,"9 13 16 19 20 21 24 27 28 30 35 36 39 40 42 44 45 48 50 52 54 55 56 57 60 63 65 66 70 72 75 76 77 78"
35,80,2,"11 13 15 19 21 22 24 27 28 30 33 35 36 39 40 42 44 48 50 52 54 55 56 57 60 63 65 66 70 72 75 76 77 78 80"
36,85,88,"9 13 14 17 19 24 27 30 34 35 36 39 40 42 44 45 48 50 52 54 55 56 57 60 63 65 66 70 72 75 76 77 78 80 84 85"
37,85,2,"13 14 17 18 19 21 24 27 28 30 34 35 39 40 42 44 45 48 50 52 54 55 56 57 60 63 65 66 70 72 75 76 77 78 80 84 85"
38,88,3,"13 14 17 18 19 21 27 28 30 33 34 35 39 40 42 44 45 48 50 52 54 55 56 57 60 63 65 66 70 72 75 76 77 78 80 84 85 88"
39,90,3,"13 14 17 19 20 21 27 28 33 34 35 36 39 40 42 44 45 48 50 52 54 55 56 57 60 63 65 66 70 72 75 76 77 78 80 84 85 88 90"
40,95,12,"12 13 17 20 21 26 27 30 33 34 35 36 38 40 42 44 45 48 50 52 54 55 56 60 63 65 66 70 72 75 76 77 78 80 84 85 88 90 91 95"
41,96,50,"10 17 20 21 24 26 27 32 33 34 35 36 38 39 40 42 44 45 48 50 52 54 55 56 60 63 66 70 72 75 76 77 78 80 84 85 88 90 91 95 96"
42,96,2,"13 17 20 21 24 26 27 30 32 33 34 35 36 38 40 42 44 45 48 50 52 54 55 56 60 63 65 66 70 72 75 76 77 78 80 84 85 88 90 91 95 96"
43,100,26,"13 17 21 22 24 25 26 27 32 33 34 35 36 38 40 42 44 48 50 52 54 55 56 60 63 65 66 70 72 75 76 77 78 80 84 85 88 90 91 95 96 99 100"
44,102,29,"13 17 21 22 24 25 26 27 32 33 35 36 38 40 42 44 48 50 51 52 54 55 56 60 63 65 66 70 72 75 76 77 78 80 84 85 88 90 91 95 96 99 100 102"
45,104,108,"12 17 21 22 25 26 27 32 33 35 36 38 39 40 42 44 48 50 51 52 54 55 56 60 63 65 66 70 72 75 76 77 78 80 84 85 88 90 91 95 96 99 100 102 104"
46,104,4,"17 18 21 22 25 26 27 30 32 33 35 38 39 40 42 44 45 48 50 51 52 54 55 56 60 63 65 66 70 72 75 76 77 78 80 84 85 88 90 91 95 96 99 100 102 104"
47,108,21,"14 17 18 22 25 26 32 33 35 36 38 39 40 42 44 45 48 50 51 52 54 55 56 60 63 65 66 70 72 75 76 77 78 80 84 85 88 90 91 95 96 99 100 102 104 105 108"
48,110,1,"17 18 20 21 25 26 28 30 32 36 38 39 40 42 44 45 48 50 51 52 54 55 56 60 63 65 66 70 72 75 76 77 78 80 84 85 88 90 91 95 96 99 100 102 104 105 108 110"
49,114,41,"15 16 17 18 25 26 32 35 36 39 40 42 44 45 48 50 51 52 54 55 56 57 60 63 65 66 70 72 75 76 77 78 80 84 85 88 90 91 95 96 99 100 102 104 105 108 110 112 114"
50,115,259,"11 17 22 23 25 26 32 33 35 39 40 42 44 45 50 51 52 54 55 56 57 60 63 65 66 69 70 72 75 76 77 78 80 84 85 88 90 91 95 96 99 100 102 104 105 108 110 112 114 115"
51,115,8,"16 17 18 23 25 26 32 35 36 39 40 42 44 45 48 50 51 52 54 55 56 57 60 63 65 66 69 70 72 75 76 77 78 80 84 85 88 90 91 95 96 99 100 102 104 105 108 110 112 114 115"
52,119,294,"9 16 23 25 28 32 35 36 40 42 44 45 48 50 51 52 54 55 56 57 60 63 65 66 68 69 70 72 75 76 77 78 80 84 85 88 90 91 95 96 99 100 102 104 105 108 110 112 114 115 117 119"
53,119,7,"16 18 20 23 25 28 30 32 35 40 42 44 45 48 50 51 52 54 55 56 57 60 63 65 66 68 69 70 72 75 76 77 78 80 84 85 88 90 91 95 96 99 100 102 104 105 108 110 112 114 115 117 119"
54,120,5,"16 18 23 24 25 28 30 32 35 40 42 44 45 48 50 51 52 54 55 56 57 60 63 65 66 68 69 70 72 75 76 77 78 80 84 85 88 90 91 95 96 99 100 102 104 105 108 110 112 114 115 117 119 120"
55,126,5,"16 18 23 24 25 30 32 35 36 40 42 44 45 48 50 51 52 54 55 56 57 60 63 65 66 68 69 70 72 75 76 77 78 80 84 85 88 90 91 95 96 99 100 102 104 105 108 110 112 114 115 117 119 120 126"
56,130,7,"16 18 23 24 25 32 35 36 39 40 42 44 45 48 50 51 52 54 55 56 57 60 63 65 66 68 69 70 72 75 76 77 78 80 84 85 88 90 91 95 96 99 100 102 104 105 108 110 112 114 115 117 119 120 126 130"
57,132,6,"16 22 23 24 25 32 33 35 39 40 42 44 45 48 50 51 52 54 55 56 57 60 63 65 66 68 69 70 72 75 76 77 78 80 84 85 88 90 91 95 96 99 100 102 104 105 108 110 112 114 115 117 119 120 126 130 132"
58,135,1,"22 23 24 25 27 30 32 33 35 36 39 40 42 44 50 51 52 54 55 56 57 60 63 65 66 68 69 70 72 75 76 77 78 80 84 85 88 90 91 95 96 99 100 102 104 105 108 110 112 114 115 117 119 120 126 130 132 135"
59,138,1,"22 23 25 27 30 32 33 34 35 36 39 40 42 44 46 50 51 52 54 55 56 57 60 63 65 66 68 70 72 75 76 77 78 80 84 88 90 91 92 95 96 99 100 102 104 105 108 110 112 114 117 119 120 126 130 132 135 136 138"
60,143,30,"16 23 25 26 32 33 34 35 36 39 40 44 45 46 48 50 51 52 55 56 57 60 63 65 66 68 70 72 75 76 77 78 80 84 88 90 91 92 95 96 99 100 102 104 105 108 110 112 114 117 119 120 126 130 132 135 136 138 140 143"
61,144,88,"18 23 25 26 32 33 34 35 36 39 40 44 45 46 48 50 51 52 55 56 57 60 63 65 66 68 70 72 75 76 77 78 80 84 88 90 91 92 95 96 99 100 102 104 105 108 110 112 114 117 119 120 126 130 132 135 136 138 140 143 144"
62,144,1,"23 25 26 27 32 33 34 35 36 39 40 44 45 46 48 50 51 52 54 55 56 57 60 63 65 66 68 70 72 75 76 77 78 80 84 88 90 91 92 95 96 99 100 102 104 105 108 110 112 114 117 119 120 126 130 132 135 136 138 140 143 144"
63,145,5,"23 25 26 27 29 32 33 34 35 39 40 44 46 48 50 51 52 54 55 56 57 60 63 65 66 68 70 72 75 76 77 78 80 84 88 90 91 92 95 96 99 100 102 104 105 108 110 112 114 116 117 119 120 126 130 132 135 136 138 140 143 144 145"
64,150,6,"23 26 27 29 30 32 33 34 35 39 40 44 46 48 50 51 52 54 55 56 57 60 63 65 66 68 70 72 75 76 77 78 80 84 88 90 91 92 95 96 99 100 102 104 105 108 110 112 114 116 117 119 120 126 130 132 135 136 138 140 143 144 145 150"
65,152,2,"23 26 27 29 30 32 33 34 36 39 44 45 46 48 50 51 52 54 55 56 57 60 63 65 66 68 70 72 75 76 77 78 80 84 88 90 91 92 96 99 100 102 104 105 108 110 112 114 116 117 119 120 126 130 132 133 135 136 138 140 143 144 145 150 152"
66,153,8,"21 23 26 29 32 33 35 36 39 42 44 45 46 48 50 51 52 55 56 57 60 63 65 66 68 70 72 75 76 77 78 80 84 85 88 90 91 92 96 99 100 102 104 105 108 110 112 114 116 117 119 120 126 130 132 133 135 136 138 140 143 144 145 150 152 153"
67,154,3,"23 24 26 27 29 32 36 39 40 42 44 46 48 50 51 52 54 55 56 57 60 63 65 66 68 70 72 75 76 77 78 80 84 85 88 90 91 92 96 99 100 102 104 105 108 110 112 114 116 117 119 120 126 130 132 133 135 136 138 140 143 144 145 150 152 153 154"
68,155,228,"15 23 26 29 32 36 39 42 44 45 46 48 50 51 52 55 56 57 60 62 63 65 66 68 70 72 75 76 77 78 80 84 85 88 90 91 92 93 96 99 100 102 104 105 108 110 112 114 116 117 119 120 126 130 132 133 135 136 138 140 143 144 145 150 152 153 154 155"
69,155,3,"23 24 26 29 32 36 39 40 42 44 45 46 48 50 51 52 55 56 57 60 62 63 65 66 68 70 72 75 76 77 78 80 84 85 88 90 91 92 93 96 99 100 102 104 105 108 110 112 114 116 117 119 120 126 130 132 133 135 136 138 140 143 144 145 150 152 153 154 155"
70,160,2,"23 24 27 29 30 36 39 40 42 44 46 48 50 51 52 54 55 56 57 60 62 63 65 66 68 70 72 75 76 77 78 80 84 85 88 90 91 92 93 96 99 100 102 105 108 110 112 114 116 117 119 120 126 130 132 133 135 136 138 140 143 144 145 150 152 153 154 155 156 160"
71,161,237,"13 26 27 29 39 40 42 44 45 46 48 50 51 52 54 55 56 57 60 62 65 66 68 70 72 75 76 77 78 80 84 85 88 90 91 92 93 96 99 100 102 104 105 108 110 112 114 115 116 117 119 120 126 130 132 133 135 136 138 140 143 144 145 150 152 153 154 155 156 160 161"
72,161,2,"24 27 29 30 35 36 39 40 42 44 46 48 50 51 52 54 55 56 57 60 62 63 65 66 68 70 72 75 76 77 78 80 84 85 88 90 91 92 93 96 99 100 102 105 108 110 112 114 115 116 117 119 120 126 130 132 133 135 136 138 140 143 144 145 150 152 153 154 155 156 160 161"
73,162,4,"24 27 29 30 35 36 39 40 42 44 46 48 50 51 52 55 56 57 60 62 63 65 66 68 70 72 75 76 77 78 80 81 84 85 88 90 91 92 93 96 99 100 102 105 108 110 112 114 115 116 117 119 120 126 130 132 133 135 136 138 140 143 144 145 150 152 153 154 155 156 160 161 162"
74,168,35,"18 27 28 29 35 39 40 42 45 46 48 50 51 52 55 56 57 60 62 63 65 66 68 70 72 75 76 77 78 80 81 84 85 88 90 91 92 93 96 99 100 102 105 108 110 112 114 115 116 117 119 120 126 130 132 133 135 136 138 140 143 144 145 150 152 153 154 155 156 160 161 162 165 168"
75,171,44,"19 27 28 29 35 36 38 39 42 45 46 48 50 51 55 56 60 62 63 66 68 70 72 75 76 77 78 80 81 84 85 88 90 91 92 93 95 96 99 100 102 104 105 108 110 112 114 115 116 117 119 120 126 130 132 133 135 136 138 140 143 144 145 150 152 153 154 155 156 160 161 162 165 168 171"
76,174,3952,"13 27 28 35 38 40 42 46 48 50 51 55 56 57 58 60 62 63 65 66 68 70 72 75 76 77 78 80 81 84 85 87 88 90 91 92 93 95 96 99 100 102 104 105 108 110 112 114 115 116 117 119 120 126 130 132 133 135 136 138 140 143 144 145 150 153 154 155 156 160 161 162 165 168 171 174"
77,174,44,"19 27 28 35 36 38 39 42 45 46 48 50 51 55 56 58 60 62 63 66 68 70 72 75 76 77 78 80 81 84 85 87 88 90 91 92 93 95 96 99 100 102 104 105 108 110 112 114 115 116 117 119 120 126 130 132 133 135 136 138 140 143 144 145 150 152 153 154 155 156 160 161 162 165 168 171 174"
78,175,5,"19 27 35 36 38 39 40 42 45 46 48 51 52 55 56 58 60 62 63 65 66 68 70 72 75 76 77 78 80 81 84 85 87 88 90 91 92 93 95 96 99 100 102 105 108 110 112 114 115 116 117 119 120 126 130 132 133 135 136 138 140 143 144 145 150 152 153 154 155 156 160 161 162 165 168 171 174 175"
79,180,10,"22 27 33 35 36 38 39 40 42 44 46 51 55 56 57 58 60 62 63 66 68 70 72 75 76 77 78 80 81 84 85 87 88 90 91 92 93 95 96 99 100 102 104 105 108 110 112 114 115 116 117 119 120 126 130 132 133 135 136 138 140 143 144 145 150 153 154 155 156 160 161 162 165 168 171 174 175 176 180"
80,182,19,"22 26 33 34 38 39 42 44 45 46 52 54 55 56 57 58 60 62 63 65 66 68 70 72 75 76 77 78 80 81 84 85 87 88 90 91 92 93 95 96 99 100 102 104 105 110 112 114 115 116 117 119 120 126 130 132 133 135 138 140 143 144 145 150 153 154 155 156 160 161 162 165 168 170 171 174 175 176 180 182"
81,187,321,"16 23 26 38 39 42 45 48 52 54 55 56 57 58 60 62 63 65 66 68 69 70 72 75 76 77 78 80 81 84 85 87 88 90 91 92 93 95 96 99 100 104 105 110 112 114 115 116 117 119 120 126 130 132 133 135 136 138 140 143 144 145 150 153 154 155 156 160 161 162 165 168 170 171 174 175 176 180 182 184 187"
82,189,519,"16 23 26 36 38 39 45 48 52 55 56 57 58 60 62 63 65 66 68 69 70 72 75 76 77 78 80 81 84 85 87 88 90 91 92 93 95 96 99 100 104 105 108 110 112 114 115 116 117 119 120 126 130 132 133 135 136 138 140 143 144 145 150 153 154 155 156 160 161 162 165 168 170 171 174 175 176 180 182 184 187 189"
83,190,227,"16 23 26 36 39 40 45 48 52 55 56 57 58 60 62 63 65 66 68 69 70 72 75 76 77 78 80 81 84 85 87 88 90 91 92 93 96 99 100 104 105 108 110 112 114 115 116 117 119 120 126 130 132 133 135 136 138 140 143 144 145 150 152 153 154 155 156 160 161 162 165 168 170 171 174 175 176 180 182 184 187 189 190"
84,192,2390,"15 23 26 36 39 45 48 52 55 56 57 58 60 62 63 64 65 66 68 69 70 72 75 76 77 78 80 81 84 85 87 88 90 91 92 93 96 99 100 104 105 108 110 112 114 115 116 117 119 120 126 130 132 133 135 136 138 140 143 144 145 150 152 153 154 155 156 160 161 162 165 168 170 171 174 175 176 180 182 184 187 189 190 192"
85,192,11,"23 24 26 36 39 40 45 48 52 55 56 57 58 60 62 63 64 65 66 68 69 70 72 75 76 77 78 80 81 84 85 87 88 90 91 92 93 96 99 100 104 105 108 110 112 114 115 116 117 119 120 126 130 132 133 135 136 138 140 143 144 145 150 152 153 154 155 156 160 161 162 165 168 170 171 174 175 176 180 182 184 187 189 190 192"
86,195,25,"21 23 35 36 39 42 45 48 52 55 56 57 58 60 62 63 64 65 66 68 69 70 72 75 76 77 78 80 81 84 85 87 88 90 91 92 93 96 99 100 104 105 108 110 112 114 115 116 117 119 120 126 130 132 133 135 136 138 140 143 144 145 150 152 153 154 155 156 160 161 162 165 168 170 171 174 175 176 180 182 184 187 189 190 192 195"
87,196,1567,"17 23 34 39 40 42 48 49 52 55 57 58 60 62 63 64 65 66 69 70 72 75 76 77 78 80 81 84 85 87 88 90 91 92 93 96 98 99 100 102 104 105 108 110 112 114 115 116 117 119 120 126 130 132 133 135 136 138 140 143 144 145 150 152 153 154 155 156 160 161 162 165 168 170 171 174 175 176 180 182 184 187 189 190 192 195 196"
88,196,8,"23 27 35 39 42 45 48 49 52 54 55 56 57 58 60 62 64 65 66 68 69 70 72 75 76 77 78 80 81 84 85 87 88 90 91 92 93 96 98 99 100 104 105 108 110 112 114 115 116 117 119 120 126 130 132 133 135 136 138 140 143 144 145 150 152 153 154 155 156 160 161 162 165 168 170 171 174 175 176 180 182 184 187 189 190 192 195 196"
89,198,8,"23 27 39 40 42 44 48 49 52 54 55 57 58 60 62 63 64 65 66 68 69 70 72 75 76 77 78 80 81 84 85 87 88 90 91 92 93 96 98 99 100 104 105 108 110 112 114 115 116 117 119 120 126 130 132 133 135 136 138 140 143 144 145 150 152 153 154 155 156 160 161 162 165 168 170 171 174 175 176 180 182 184 187 189 190 192 195 196 198"
90,200,7,"23 27 39 42 44 48 49 50 52 54 55 57 58 60 62 63 64 65 66 68 69 70 72 75 76 77 78 80 81 84 85 87 88 90 91 92 93 96 98 99 100 104 105 108 110 112 114 115 116 117 119 120 126 130 132 133 135 136 138 140 143 144 145 150 152 153 154 155 156 160 161 162 165 168 170 171 174 175 176 180 182 184 187 189 190 192 195 196 198 200"
91,204,11,"23 27 35 39 40 44 48 50 52 54 55 56 57 60 62 63 64 65 66 69 70 72 75 76 77 78 80 81 84 85 88 90 91 92 93 96 99 100 102 104 105 108 110 112 114 115 116 117 119 120 126 130 132 133 135 136 138 140 143 144 145 147 150 152 153 154 155 156 160 161 162 165 168 170 171 174 175 176 180 182 184 187 189 190 192 195 196 198 200 203 204"
92,207,24,"27 35 36 39 40 44 46 48 50 52 54 55 56 57 60 62 63 64 65 66 69 70 72 75 76 77 78 80 81 84 85 88 90 91 93 96 99 100 102 104 105 108 110 112 114 115 116 117 119 120 126 130 132 133 135 136 138 140 143 144 145 147 150 152 153 154 155 156 160 161 162 165 168 170 171 174 175 176 180 182 184 187 189 190 192 195 196 198 200 203 204 207"
93,209,134,"24 33 36 40 42 44 45 46 50 52 55 56 57 60 62 63 64 65 66 69 70 72 75 76 77 78 80 81 84 85 88 90 91 93 95 96 99 100 102 104 105 108 110 112 114 115 116 117 119 120 126 130 132 135 136 138 140 143 144 145 147 150 152 153 154 155 156 160 161 162 165 168 170 171 174 175 176 180 182 184 187 189 190 192 195 196 198 200 203 204 207 208 209"
94,210,45,"27 33 35 36 42 44 46 50 52 54 55 56 57 60 62 63 64 65 66 69 70 72 75 76 77 78 80 81 84 85 88 90 91 93 95 96 99 100 102 104 105 108 110 112 114 115 116 117 119 120 126 130 132 135 136 138 140 143 144 145 147 150 152 153 154 155 156 160 161 162 165 168 170 171 174 175 176 180 182 184 187 189 190 192 195 196 198 200 203 204 207 208 209 210"
95,220,166,"27 28 35 40 42 46 49 50 52 56 57 58 60 62 63 64 65 66 69 70 72 75 76 77 78 80 81 84 85 87 88 90 91 93 95 96 98 99 100 102 104 105 108 110 112 114 115 116 117 119 120 126 130 132 135 136 138 140 143 144 145 150 152 153 154 155 156 160 161 162 165 168 170 171 174 175 176 180 182 184 187 189 190 192 195 196 198 200 204 207 208 209 210 216 220"
96,221,92,"26 27 35 39 40 42 46 50 52 56 57 60 62 63 64 65 66 68 69 70 72 75 76 77 78 80 81 84 85 88 90 91 93 95 96 99 100 102 104 105 108 110 112 114 115 116 117 119 120 126 130 132 135 136 138 140 143 144 145 147 150 152 153 154 155 156 160 161 162 165 168 170 171 174 175 176 180 182 184 187 189 190 192 195 196 198 200 203 204 207 208 209 210 216 220 221"
97,222,115717,"14 27 40 42 46 49 50 56 57 60 62 63 64 65 66 68 69 70 72 75 76 77 78 80 81 84 85 88 90 91 93 95 96 98 99 100 102 104 105 108 110 112 114 115 116 117 119 120 126 130 132 135 136 138 140 143 144 145 148 150 152 153 154 155 156 160 161 162 165 168 170 171 174 175 176 180 182 184 185 187 189 190 192 195 196 198 200 203 204 207 208 209 210 216 220 221 222"
98,222,793,"21 27 40 42 46 49 50 56 57 58 60 62 63 64 65 66 68 69 70 72 75 76 77 78 80 81 84 85 87 88 90 91 93 95 96 98 99 100 102 104 105 108 110 112 114 115 116 117 119 120 126 130 132 135 136 138 140 143 144 145 148 150 152 153 154 155 156 160 161 162 165 168 170 171 174 175 176 180 182 184 185 187 189 190 192 195 196 198 200 204 207 208 209 210 216 220 221 222"
99,224,90,"26 27 32 39 40 46 50 52 56 57 60 62 63 64 65 66 68 69 70 72 75 76 77 78 80 81 84 85 88 90 91 93 95 96 99 100 102 104 105 108 110 112 114 115 116 117 119 120 126 130 132 135 136 138 140 143 144 145 147 148 150 152 153 154 155 156 160 161 162 165 168 170 171 174 175 176 180 182 184 185 187 189 190 192 195 196 198 200 203 204 207 208 209 210 216 220 221 222 224"
100,228,11071,"20 25 32 42 46 49 50 54 57 60 62 63 64 65 66 68 69 70 72 75 76 77 78 80 81 84 85 88 90 91 93 95 96 98 99 100 102 104 105 110 112 114 115 116 117 119 120 126 130 132 133 135 136 138 140 143 144 145 148 150 152 153 154 155 156 160 161 162 165 168 170 171 174 175 176 180 182 184 185 187 189 190 192 195 196 198 200 203 204 207 208 209 210 216 220 221 222 224 225 228"
101,228,31,"25 27 32 42 45 46 49 50 57 60 62 63 64 65 66 68 69 70 72 75 76 77 78 80 81 84 85 88 90 91 93 95 96 98 99 100 102 104 105 108 110 112 114 115 116 117 119 120 126 130 132 133 135 136 138 140 143 144 145 148 150 152 153 154 155 156 160 161 162 165 168 170 171 174 175 176 180 182 184 185 187 189 190 192 195 196 198 200 203 204 207 208 209 210 216 220 221 222 224 225 228"
102,231,300,"23 25 44 45 46 50 54 55 56 57 60 62 63 64 65 66 68 69 70 72 75 76 77 78 80 81 84 85 88 90 91 92 93 95 99 100 102 104 105 108 110 112 114 116 117 119 120 126 130 132 133 135 136 138 140 143 144 145 147 148 150 152 153 154 155 156 160 161 162 165 168 170 171 174 175 176 180 182 184 185 187 190 192 195 196 198 200 203 204 207 208 209 210 216 220 221 222 224 225 228 230 231"
103,234,11,"23 29 32 44 46 50 54 55 56 57 60 62 63 64 66 68 69 70 72 75 76 77 78 80 81 84 85 87 88 90 91 92 93 95 96 99 102 104 105 108 110 112 114 117 119 120 126 130 132 133 135 136 138 140 143 144 145 147 148 150 152 153 154 155 156 160 161 162 165 168 170 171 174 175 176 180 182 184 185 187 190 192 195 196 198 200 203 204 207 208 209 210 216 220 221 222 224 225 228 230 231 232 234"
104,235,94543,"18 29 32 44 50 54 55 56 57 60 62 63 64 66 68 69 70 72 75 76 77 78 80 81 84 85 87 88 90 91 93 95 96 99 102 104 105 108 110 112 114 115 117 119 120 126 130 132 133 135 136 138 140 141 143 144 145 147 148 150 152 153 154 155 156 160 161 162 165 168 170 171 174 175 176 180 182 184 185 187 188 190 192 195 196 198 200 203 204 208 209 210 216 220 221 222 224 225 228 230 231 232 234 235"
105,235,188,"23 29 32 44 46 50 54 55 56 57 60 62 63 64 66 68 70 72 75 76 77 78 80 81 84 85 87 88 90 91 93 95 96 99 102 104 105 108 110 112 114 115 117 119 120 126 130 132 133 135 136 138 140 141 143 144 145 147 148 150 152 153 154 155 156 160 161 162 165 168 170 171 174 175 176 180 182 184 185 187 188 190 192 195 196 198 200 203 204 207 208 209 210 216 220 221 222 224 225 228 230 231 232 234 235"
106,238,185,"25 29 32 44 50 51 54 55 56 57 60 62 63 64 66 68 69 72 75 76 77 78 80 81 84 85 87 88 90 91 93 95 96 99 100 102 104 105 110 112 114 115 117 119 120 126 130 132 133 135 136 138 140 141 143 144 145 147 148 150 152 153 154 155 156 160 161 162 165 168 170 171 174 175 176 180 182 184 185 187 188 189 190 192 195 196 198 200 203 204 208 209 210 216 220 221 222 224 225 228 230 231 232 234 235 238"
107,240,42,"27 29 32 44 48 50 51 55 57 60 62 63 64 66 68 69 70 72 75 76 77 78 80 81 84 85 87 88 90 91 92 93 95 96 99 102 104 105 108 110 112 114 117 119 120 126 130 132 133 135 136 138 140 141 143 144 145 147 148 150 152 153 154 155 156 160 162 165 168 170 171 174 175 176 180 182 184 185 187 188 189 190 192 195 196 198 200 203 204 207 208 209 210 216 220 221 222 224 225 228 230 231 232 234 235 238 240"
108,245,310,"25 29 32 48 50 51 54 55 57 60 62 63 64 66 68 69 70 72 75 76 78 80 81 84 85 87 88 90 91 93 95 96 98 99 100 102 104 105 110 112 114 115 117 119 120 126 130 132 133 135 136 138 140 141 143 144 145 147 148 150 152 153 154 155 156 160 161 162 165 168 170 171 174 175 176 180 182 184 185 187 188 189 190 192 195 196 198 200 203 204 208 209 210 216 220 221 222 224 225 228 230 231 232 234 235 238 240 245"
109,246,5547,"23 27 41 46 48 50 51 55 57 60 62 63 64 66 68 69 70 72 75 76 78 80 81 84 85 88 90 91 92 93 95 98 99 102 104 105 108 110 112 114 116 117 119 120 126 130 132 133 135 136 138 140 141 143 144 145 147 148 150 152 153 154 155 156 160 161 162 165 168 170 171 174 175 176 180 182 184 185 187 188 189 190 192 195 196 198 200 203 204 205 207 208 209 210 216 220 221 222 224 225 228 230 231 234 235 238 240 245 246"
110,246,2,"29 41 44 48 50 51 54 55 56 57 60 62 63 64 66 68 69 70 72 75 76 77 78 80 81 84 85 87 88 90 91 92 93 95 98 99 102 104 105 108 110 112 114 117 119 120 126 130 132 133 135 136 138 140 141 143 144 145 147 148 150 152 153 154 155 156 160 162 165 168 170 171 174 175 176 180 182 184 185 187 188 190 192 195 196 198 200 203 204 205 207 208 209 210 216 220 221 222 224 225 228 230 231 232 234 235 238 240 245 246"
111,248,1279315,"18 38 41 44 48 50 51 54 55 56 60 64 66 68 69 70 72 75 76 77 80 81 84 85 88 90 91 92 93 95 98 99 102 104 105 110 112 114 116 117 119 120 124 126 130 132 133 135 136 138 140 141 143 144 145 147 148 150 152 153 154 155 156 160 162 165 168 170 171 174 175 176 180 182 184 185 186 187 188 189 190 192 195 196 198 200 203 204 205 207 208 209 210 216 217 220 221 222 224 225 228 230 231 234 235 238 240 245 246 247 248"
112,248,6258,"23 38 41 44 46 48 50 51 54 55 60 63 64 66 68 69 70 75 76 77 80 81 84 85 88 90 91 92 93 95 98 99 102 104 105 110 112 114 116 117 119 120 124 126 130 132 133 135 136 138 140 141 143 144 145 147 148 150 152 153 154 155 156 160 161 162 165 168 170 171 174 175 176 180 182 184 185 186 187 188 189 190 192 195 196 198 200 203 204 205 207 208 209 210 216 217 220 221 222 224 225 228 230 231 234 235 238 240 245 246 247 248"
113,252,1369,"23 38 41 46 48 50 51 54 55 56 60 63 64 66 68 69 70 72 75 76 80 81 84 85 88 90 91 92 93 95 98 99 102 104 105 110 112 114 116 117 119 120 124 126 130 132 133 135 136 138 140 141 143 144 145 147 148 150 152 153 154 155 156 160 161 162 165 168 170 171 174 175 176 180 182 184 185 186 187 188 189 190 192 195 196 198 200 203 204 205 207 208 209 210 216 217 220 221 222 224 225 228 230 231 234 235 238 240 245 246 247 248 252"
114,253,1688,"23 29 38 41 42 48 50 51 63 64 66 68 69 70 72 75 76 77 80 81 84 85 87 88 90 91 92 93 95 98 99 102 104 105 108 110 112 114 115 117 119 120 124 126 130 132 133 136 138 140 141 143 144 145 147 148 150 152 153 154 155 156 160 161 162 165 168 170 171 174 175 176 180 182 184 185 186 187 188 189 190 192 195 196 198 200 203 204 205 207 208 209 210 216 217 220 221 222 224 225 228 230 231 232 234 235 238 240 245 246 247 248 252 253"
115,255,10,"29 34 38 41 42 48 50 51 54 60 63 64 66 68 70 72 75 76 77 80 81 84 85 87 88 90 91 92 93 95 98 99 102 104 105 110 112 114 117 119 120 124 126 130 132 133 135 136 138 140 141 143 144 145 147 148 150 152 153 154 155 156 160 161 162 165 168 170 171 174 175 176 180 182 184 185 186 187 188 189 190 192 195 196 198 200 203 204 205 207 208 209 210 216 217 220 221 222 224 225 228 230 231 232 234 235 238 240 245 246 247 248 252 253 255"
116,260,26,"29 34 38 41 42 48 50 51 54 63 64 66 68 70 72 75 76 77 78 80 81 84 85 87 88 90 91 92 93 95 98 99 102 104 105 110 112 114 117 119 120 124 126 130 132 133 135 136 138 140 141 143 144 145 147 148 150 152 153 154 155 156 160 161 162 165 168 170 171 174 175 176 180 182 184 185 186 187 188 189 190 192 195 196 198 200 203 204 205 207 208 209 210 216 217 220 221 222 224 225 228 230 231 232 234 235 238 240 245 246 247 248 252 253 255 260"
117,261,69,"23 38 41 42 48 50 54 60 63 64 66 68 69 70 72 75 76 77 78 80 81 84 85 87 88 90 91 92 93 95 98 99 102 104 105 110 112 114 115 116 117 119 120 124 126 130 132 133 135 136 138 140 141 143 144 145 147 148 150 152 154 155 156 160 161 162 165 168 170 171 175 176 180 182 184 185 186 187 188 189 190 192 195 196 198 200 203 204 205 207 208 209 210 216 217 220 221 222 224 225 228 230 231 232 234 235 238 240 245 246 247 248 252 253 255 260 261"
118,266,1212,"23 32 41 44 48 50 54 56 60 63 64 68 69 70 72 75 77 78 80 81 84 85 87 90 91 92 93 95 96 98 99 102 104 105 110 112 114 115 116 117 119 120 124 126 130 132 133 135 136 138 140 141 143 144 145 147 148 150 152 154 155 156 160 161 162 165 168 170 171 175 176 180 182 184 185 186 187 188 189 190 192 195 196 198 200 203 204 205 207 208 209 210 216 217 220 221 222 224 225 228 230 231 232 234 235 238 240 245 246 247 248 252 253 255 260 261 264 266"
119,270,4046,"22 34 41 44 48 50 51 55 56 63 64 68 70 72 75 77 78 80 81 84 85 87 88 90 91 92 93 95 98 99 102 104 105 108 110 112 114 116 117 119 120 124 126 130 132 133 135 136 138 140 141 143 144 145 147 148 150 152 153 154 155 156 160 161 162 165 168 170 171 175 176 180 182 184 185 186 187 188 189 190 192 195 196 198 200 203 204 205 207 208 209 210 216 217 220 221 222 224 225 228 230 231 232 234 235 238 240 245 246 247 248 252 253 255 260 261 264 266 270"
120,270,8,"32 34 41 44 48 50 51 55 56 63 64 66 68 70 72 75 77 78 80 81 84 85 87 90 91 92 93 95 96 98 99 102 104 105 108 110 112 114 116 117 119 120 124 126 130 132 133 135 136 138 140 141 143 144 145 147 148 150 152 153 154 155 156 160 161 162 165 168 170 171 175 176 180 182 184 185 186 187 188 189 190 192 195 196 198 200 203 204 205 207 208 209 210 216 217 220 221 222 224 225 228 230 231 232 234 235 238 240 245 246 247 248 252 253 255 260 261 264 266 270"
121,272,1,"32 33 41 44 50 51 55 56 60 63 64 66 68 70 72 75 77 78 80 81 84 87 88 90 91 92 93 95 96 98 99 102 104 105 108 110 112 114 116 117 119 120 124 126 130 132 133 135 136 138 140 141 143 144 145 147 148 150 152 153 154 155 156 160 161 162 165 168 170 171 175 176 180 182 184 185 186 187 188 189 190 192 195 196 198 200 203 204 205 207 208 209 210 216 217 220 221 222 224 225 228 230 231 232 234 235 238 240 245 246 247 248 252 253 255 260 261 264 266 270 272"
122,275,12210,"19 32 41 50 51 56 57 63 64 65 68 70 72 75 76 78 80 81 84 87 88 90 91 92 93 95 96 98 99 100 102 104 105 108 110 112 114 116 117 119 120 124 126 130 132 133 135 136 138 140 141 143 144 145 147 148 150 152 153 154 155 156 160 161 162 165 168 170 171 175 176 180 182 184 185 186 187 188 189 190 192 195 196 198 200 203 204 205 207 208 209 210 216 217 220 221 222 224 225 228 230 231 232 234 235 238 240 245 246 247 248 252 253 255 260 261 264 266 270 272 273 275"
123,275,79,"23 32 41 50 51 56 60 63 64 65 68 69 70 72 75 78 80 81 84 87 88 90 91 92 93 95 96 98 99 100 102 104 105 108 110 112 114 115 116 117 119 120 124 126 130 132 133 135 136 138 140 141 143 144 145 147 148 150 152 153 154 155 156 160 161 162 165 168 170 171 175 176 180 182 184 185 186 187 188 189 190 192 195 196 198 200 203 204 205 207 208 209 210 216 217 220 221 222 224 225 228 230 231 232 234 235 238 240 245 246 247 248 252 253 255 260 261 264 266 270 272 273 275"
124,276,7,"32 41 44 50 51 55 56 60 63 64 65 66 68 69 72 75 77 78 80 81 84 87 88 90 91 92 93 95 96 98 99 100 102 104 105 108 110 112 114 116 117 119 120 124 126 130 132 133 135 136 138 140 141 143 144 145 147 148 150 152 153 154 155 156 160 162 165 168 170 171 175 176 180 182 184 185 186 187 188 189 190 192 195 196 198 200 203 204 205 207 208 209 210 216 217 220 221 222 224 225 228 230 231 232 234 235 238 240 245 246 247 248 252 253 255 260 261 264 266 270 272 273 275 276"
125,280,2,"32 41 44 50 51 55 60 63 64 65 66 68 69 70 72 75 77 78 80 81 84 87 88 90 91 92 93 95 96 98 99 100 102 104 105 108 110 112 114 116 117 119 120 124 126 130 132 133 135 136 138 140 141 143 144 145 147 148 150 152 153 154 155 156 160 162 165 168 170 171 175 176 180 182 184 185 186 187 188 189 190 192 195 196 198 200 203 204 205 207 208 209 210 216 217 220 221 222 224 225 228 230 231 232 234 235 238 240 245 246 247 248 252 253 255 260 261 264 266 270 272 273 275 276 280"
126,285,11,"32 41 44 50 51 55 60 63 64 65 66 68 70 72 75 76 77 78 80 81 84 87 88 90 91 93 95 96 98 99 100 102 104 105 108 110 112 114 115 116 117 119 120 124 126 130 132 133 135 136 138 140 141 143 144 145 147 148 150 152 153 154 155 156 160 162 165 168 170 171 175 176 180 182 184 185 186 187 188 189 190 192 195 196 198 200 203 204 205 207 208 209 210 216 217 220 221 222 224 225 228 230 231 232 234 235 238 240 245 246 247 248 252 253 255 260 261 264 266 270 272 273 275 276 280 285"
127,286,11,"32 41 50 51 52 55 60 63 64 65 66 68 70 72 75 76 77 78 80 81 84 87 88 90 91 93 95 96 98 99 100 102 104 105 108 110 112 114 115 116 117 119 120 124 126 130 132 133 135 136 138 140 141 143 144 145 147 148 150 152 153 154 155 156 160 162 165 168 170 171 175 176 180 182 184 185 186 187 188 189 190 192 195 196 198 200 203 204 205 207 208 209 210 216 217 220 221 222 224 225 228 230 231 232 234 235 238 240 245 246 247 248 252 253 255 260 261 264 266 270 272 273 275 276 280 285 286"
128,287,639,"29 41 50 51 52 56 60 63 64 65 68 70 72 75 76 77 78 80 81 82 84 87 88 90 91 93 95 98 99 100 102 104 105 108 110 112 114 115 116 117 119 120 123 124 126 130 132 133 135 136 138 140 141 143 144 147 148 150 152 153 154 155 156 160 162 165 168 170 171 174 175 176 180 182 184 185 186 187 188 189 190 192 195 196 198 200 203 204 205 207 208 209 210 216 217 220 221 222 224 225 228 230 231 232 234 235 238 240 245 246 247 248 252 253 255 260 261 264 266 270 272 273 275 276 280 285 286 287"
129,287,3,"41 50 51 52 55 56 60 63 64 65 66 68 70 72 75 76 77 78 80 81 82 84 87 88 90 91 93 95 98 99 100 102 104 105 108 110 112 114 115 116 117 119 120 123 124 126 130 132 133 135 136 138 140 141 143 144 145 147 148 150 152 153 154 155 156 160 162 165 168 170 171 175 176 180 182 184 185 186 187 188 189 190 192 195 196 198 200 203 204 205 207 208 209 210 216 217 220 221 222 224 225 228 230 231 232 234 235 238 240 245 246 247 248 252 253 255 260 261 264 266 270 272 273 275 276 280 285 286 287"
130,288,4,"41 50 51 52 55 56 60 63 64 65 66 68 70 75 76 77 78 80 81 82 84 87 88 90 91 93 95 96 98 99 100 102 104 105 108 110 112 114 115 116 117 119 120 123 124 126 130 132 133 135 136 138 140 141 143 144 145 147 148 150 152 153 154 155 156 160 162 165 168 170 171 175 176 180 182 184 185 186 187 188 189 190 192 195 196 198 200 203 204 205 207 208 209 210 216 217 220 221 222 224 225 228 230 231 232 234 235 238 240 245 246 247 248 252 253 255 260 261 264 266 270 272 273 275 276 280 285 286 287 288"
131,294,7,"41 49 50 51 52 55 58 63 64 65 66 68 72 75 76 77 78 80 81 82 84 88 90 91 93 95 96 98 99 100 102 104 105 108 110 112 114 115 116 117 119 120 123 124 126 130 132 133 135 136 138 140 141 143 144 145 147 148 150 152 153 154 155 156 160 162 165 168 170 171 174 175 176 180 182 184 185 186 187 188 189 190 192 195 196 198 200 203 204 205 207 208 209 210 216 217 220 221 222 224 225 228 230 231 232 234 235 238 240 245 246 247 248 252 253 255 260 264 266 270 272 273 275 276 280 285 286 287 288 290 294"
132,296,9335,"28 41 49 51 52 58 60 64 65 68 70 74 76 77 78 80 81 82 84 88 90 91 93 95 96 98 99 100 102 104 105 108 110 111 112 114 115 116 117 119 120 123 124 126 130 132 133 135 136 138 140 141 143 144 145 147 148 150 152 153 154 155 156 160 162 165 168 170 171 174 175 176 180 182 184 185 186 187 188 189 190 192 195 196 198 200 203 204 205 207 208 209 210 216 217 220 221 222 224 225 228 230 231 232 234 235 238 240 245 246 247 248 252 253 255 259 260 264 266 270 272 273 275 276 280 285 286 287 288 290 294 296"
133,296,20,"41 49 50 51 52 55 58 64 65 66 68 74 75 76 77 78 80 81 82 84 88 90 91 93 95 96 98 99 100 102 104 105 108 110 111 112 114 115 116 117 119 120 123 124 126 130 132 133 135 136 138 140 141 143 144 145 147 148 150 152 153 154 155 156 160 162 165 168 170 171 174 175 176 180 182 184 185 186 187 188 189 190 192 195 196 198 200 203 204 205 207 208 209 210 216 217 220 221 222 224 225 228 230 231 232 234 235 238 240 245 246 247 248 252 253 255 259 260 264 266 270 272 273 275 276 280 285 286 287 288 290 294 296"
134,299,32,"41 46 49 50 51 58 64 65 66 68 69 70 72 74 75 76 77 78 80 81 82 88 90 93 95 96 98 99 100 102 105 108 110 111 112 114 115 116 117 119 120 123 124 126 130 132 133 136 138 140 141 143 144 145 147 148 150 152 153 154 155 156 160 161 162 165 168 170 171 174 175 176 180 182 184 185 186 187 188 189 190 192 195 196 198 200 203 204 205 207 208 209 210 216 217 220 221 222 224 225 228 230 231 232 234 235 238 240 245 246 247 248 252 253 255 259 260 264 266 270 272 273 275 276 280 285 286 287 288 290 294 296 297 299"
135,300,16,"41 46 49 51 54 58 64 65 66 68 69 70 72 74 75 76 77 78 80 81 82 88 90 93 95 96 98 99 100 102 105 110 111 112 114 115 116 117 119 120 123 124 126 130 132 133 135 136 138 140 141 143 144 145 147 148 150 152 153 154 155 156 160 161 162 165 168 170 171 174 175 176 180 182 184 185 186 187 188 189 190 192 195 196 198 200 203 204 205 207 208 209 210 216 217 220 221 222 224 225 228 230 231 232 234 235 238 240 245 246 247 248 252 253 255 259 260 264 266 270 272 273 275 276 280 285 286 287 288 290 294 296 297 299 300"
136,301,69441,"27 41 43 46 49 55 64 69 72 74 75 76 77 78 80 81 82 84 85 90 91 93 95 96 98 99 100 102 104 105 108 110 111 112 114 115 117 120 123 124 126 129 130 132 133 135 136 138 140 141 143 144 145 147 148 150 152 153 154 155 160 161 162 165 168 170 171 175 176 180 182 184 185 186 187 188 189 190 192 195 196 198 200 203 204 205 207 208 209 210 215 216 217 220 221 222 224 225 228 230 231 232 234 235 238 240 245 246 247 248 252 253 255 258 259 260 261 264 266 270 272 273 275 276 280 285 286 287 288 290 294 296 297 299 300 301"
137,301,140,"41 43 45 46 49 58 64 66 69 74 75 76 77 78 80 81 82 84 85 88 90 91 93 95 96 98 99 100 102 104 105 108 110 111 112 114 115 116 117 120 123 124 126 129 130 132 133 136 138 140 141 143 144 145 147 148 150 152 153 154 155 160 161 162 165 168 170 171 174 175 176 180 182 184 185 186 187 188 189 190 192 195 196 198 200 203 204 205 207 208 209 210 215 216 217 220 221 222 224 225 228 230 231 232 234 235 238 240 245 246 247 248 252 253 255 258 259 260 264 266 270 272 273 275 276 280 285 286 287 288 290 294 296 297 299 300 301"
138,304,1,"41 43 46 49 57 58 64 66 69 72 74 75 76 77 78 81 82 84 85 88 90 91 93 95 96 98 99 100 102 104 105 108 110 111 112 114 115 116 117 120 123 124 126 129 130 132 133 136 138 140 141 143 144 145 147 148 150 152 153 154 155 160 161 162 165 168 170 171 174 175 176 180 182 184 185 186 187 188 189 190 192 195 196 198 200 203 204 205 207 208 209 210 215 216 217 220 221 222 224 225 228 230 231 232 234 235 238 240 245 246 247 248 252 253 255 258 259 260 264 266 270 272 273 275 276 280 285 286 287 288 290 294 296 297 299 300 301 304"
139,305,456,"41 43 45 49 57 58 61 64 66 74 75 76 77 78 81 82 84 85 88 90 91 93 95 96 98 99 100 102 104 105 108 110 111 112 114 115 116 117 120 122 123 124 126 129 130 132 133 136 138 140 141 143 144 145 147 148 150 152 153 154 155 160 161 162 165 168 170 171 174 175 176 180 182 183 185 186 187 188 189 190 192 195 196 198 200 203 204 205 207 208 209 210 215 216 217 220 221 222 224 225 228 230 231 232 234 235 238 240 245 246 247 248 252 253 255 258 259 260 264 266 270 272 273 275 276 280 285 286 287 288 290 294 296 297 299 300 301 304 305"
140,306,3,"41 43 49 57 58 61 64 66 68 70 74 75 76 77 78 81 82 85 88 90 91 93 95 96 98 99 100 102 104 105 108 110 111 112 114 115 116 117 119 120 122 123 124 126 129 130 132 133 136 138 140 141 143 144 145 147 148 150 152 154 155 160 161 162 165 168 170 171 174 175 176 180 182 183 185 186 187 188 189 190 192 195 196 198 200 203 204 205 207 208 209 210 215 216 217 220 221 222 224 225 228 230 231 232 234 235 238 240 245 246 247 248 252 253 255 258 259 260 264 266 270 272 273 275 276 280 285 286 287 288 290 294 296 297 299 300 301 304 305 306"
141,308,1,"41 43 49 57 58 61 64 68 70 74 75 76 77 78 81 82 84 85 88 90 91 93 95 96 98 99 100 102 104 105 108 110 111 112 114 115 116 117 119 120 122 123 124 126 129 130 132 133 136 138 140 141 143 144 145 147 148 150 152 154 155 160 161 162 165 168 170 171 174 175 176 180 182 183 185 186 187 188 189 190 192 195 196 198 200 203 204 205 207 208 209 210 215 216 217 220 221 222 224 225 228 230 231 232 234 235 238 240 245 246 247 248 252 253 255 258 259 260 264 266 270 272 273 275 276 280 285 286 287 288 290 294 296 297 299 300 301 304 305 306 308"
142,312,4638,"38 41 43 49 61 64 65 68 70 74 75 76 77 78 81 82 84 85 88 90 91 93 95 96 98 99 100 102 104 105 108 110 111 112 115 117 119 120 122 123 124 126 129 130 132 133 136 138 140 141 143 144 145 147 148 150 152 154 155 156 160 161 162 165 168 170 171 175 176 180 182 183 185 186 187 188 189 190 192 195 196 198 200 203 204 205 207 208 209 210 215 216 217 220 221 222 224 225 228 230 231 232 234 235 238 240 245 246 247 252 253 255 258 259 260 261 264 266 270 272 273 275 276 279 280 285 286 287 288 290 294 296 297 299 300 301 304 305 306 308 310 312"
143,312,1,"41 43 49 57 61 64 65 68 70 74 75 76 77 78 81 82 84 85 88 90 91 93 95 96 98 99 100 102 104 105 108 110 111 112 114 115 117 119 120 122 123 124 126 129 130 132 133 136 138 140 141 143 144 145 147 148 150 152 154 155 156 160 161 162 165 168 170 171 175 176 180 182 183 185 186 187 188 189 190 192 195 196 198 200 203 204 205 207 208 209 210 215 216 217 220 221 222 224 225 228 230 231 232 234 235 238 240 245 246 247 252 253 255 258 259 260 261 264 266 270 272 273 275 276 279 280 285 286 287 288 290 294 296 297 299 300 301 304 305 306 308 310 312"
144,319,1461,"41 43 44 49 57 61 64 65 68 74 75 76 77 78 81 82 84 88 91 93 95 96 98 99 100 102 104 105 108 110 111 112 114 115 116 117 119 120 122 123 124 126 129 130 132 133 136 138 140 141 143 144 147 148 150 152 153 154 155 156 160 161 162 165 168 171 174 175 176 180 182 183 185 186 187 188 189 190 192 195 196 198 200 203 204 205 207 208 209 210 215 216 217 220 221 222 224 225 228 230 231 232 234 235 238 240 245 246 247 252 253 255 258 259 260 261 264 266 270 272 273 275 276 279 280 285 286 287 288 290 294 296 297 299 300 301 304 305 306 308 310 312 315 319"
145,320,1014,"41 43 44 49 57 61 65 68 74 75 76 77 78 80 81 82 84 88 91 93 95 96 98 99 100 102 104 105 108 110 111 112 114 115 116 117 119 120 122 123 124 126 129 130 132 133 136 138 140 141 143 144 147 148 150 152 153 154 155 156 160 161 162 165 168 171 174 175 176 180 182 183 185 186 187 188 189 190 192 195 196 198 200 203 204 205 207 208 209 210 215 216 217 220 221 222 224 225 228 230 231 232 234 235 238 240 245 246 247 252 253 255 258 259 260 261 264 266 270 272 273 275 276 279 280 285 286 287 288 290 294 296 297 299 300 301 304 305 306 308 310 312 315 319 320"
146,322,2085,"34 41 43 49 57 61 65 74 75 76 78 80 81 82 84 85 88 91 92 93 95 96 98 99 100 102 104 105 108 110 111 112 114 116 117 119 120 122 123 124 126 129 130 132 133 138 140 141 143 144 147 148 150 152 153 154 155 156 160 161 162 165 168 170 171 174 175 176 180 182 183 184 185 186 187 188 189 190 192 195 196 198 200 203 204 205 207 208 209 210 215 216 217 220 221 222 224 225 228 230 231 232 234 235 238 240 245 246 247 252 253 255 258 259 260 261 264 266 270 272 273 275 276 279 280 285 286 287 288 290 294 296 297 299 300 301 304 305 306 308 310 312 315 319 320 322"
147,322,4,"41 43 49 57 61 65 68 72 74 75 76 78 80 81 82 84 85 88 91 92 93 95 96 98 99 100 102 104 105 108 110 111 112 114 116 117 119 120 122 123 124 126 129 130 132 133 136 138 140 141 143 144 147 148 150 152 154 155 156 160 161 162 165 168 170 171 174 175 176 180 182 183 184 185 186 187 188 189 190 192 195 196 198 200 203 204 205 207 208 209 210 215 216 217 220 221 222 224 225 228 230 231 232 234 235 238 240 245 246 247 252 253 255 258 259 260 261 264 266 270 272 273 275 276 279 280 285 286 287 288 290 294 296 297 299 300 301 304 305 306 308 310 312 315 319 320 322"
148,324,110,"38 41 43 49 57 61 65 74 75 76 78 80 82 84 85 88 90 91 92 93 95 96 98 99 100 102 104 105 110 111 112 114 116 117 119 120 122 123 124 126 129 130 132 133 135 138 140 141 143 144 147 148 150 152 153 154 155 156 160 161 162 165 168 170 171 174 175 176 180 182 183 184 185 186 187 188 189 190 192 195 196 198 200 203 204 205 207 208 209 210 215 216 217 220 221 222 224 225 228 230 231 232 234 235 238 240 245 246 247 252 253 255 258 259 260 261 264 266 270 272 273 275 276 279 280 285 286 287 288 290 294 296 297 299 300 301 304 305 306 308 310 312 315 319 320 322 323 324"
149,325,1,"41 43 49 51 54 57 61 68 72 74 78 80 82 84 85 88 90 91 92 93 96 98 99 100 102 104 105 108 110 111 112 114 116 117 119 120 122 123 124 126 129 132 133 135 136 138 140 141 143 144 147 148 150 152 153 154 155 156 160 161 162 165 168 170 171 174 175 176 180 182 183 184 185 186 187 188 189 190 192 195 196 198 200 203 204 205 207 208 209 210 215 216 217 220 221 222 224 225 228 230 231 232 234 235 238 240 245 246 247 252 253 255 258 259 260 261 264 266 270 272 273 275 276 279 280 285 286 287 288 290 294 296 297 299 300 301 304 305 306 308 310 312 315 319 320 322 323 324 325"
150,329,1626,"31 43 49 51 54 57 61 62 68 72 74 78 80 85 88 90 91 92 94 96 98 99 100 102 104 105 108 110 111 112 114 116 117 119 120 122 124 126 129 132 133 135 136 138 140 141 143 144 147 148 150 152 153 154 155 156 160 161 162 165 168 170 171 174 175 176 180 182 183 184 185 186 187 189 190 192 195 196 198 200 203 204 205 207 208 209 210 215 216 217 220 221 222 224 225 228 230 231 232 234 235 238 240 245 246 247 248 252 253 255 258 259 260 261 264 266 270 272 273 275 276 279 280 282 285 286 287 288 290 294 296 297 299 300 301 304 305 306 308 310 312 315 319 320 322 323 324 325 328 329"
151,330,182,"38 43 49 51 54 57 61 68 72 74 76 78 80 85 90 91 92 93 94 95 96 98 99 100 102 104 105 108 110 111 112 114 116 117 119 120 122 124 126 129 132 133 135 136 138 140 141 143 144 147 148 150 152 153 154 155 156 160 161 162 165 168 170 171 174 175 176 180 182 183 184 185 186 187 189 190 192 195 196 198 200 203 204 205 207 208 209 210 215 216 217 220 221 222 224 225 228 230 231 232 234 235 238 240 245 246 247 252 253 255 258 259 260 261 264 266 270 272 273 275 276 279 280 282 285 286 287 288 290 294 296 297 299 300 301 304 305 306 308 310 312 315 319 320 322 323 324 325 328 329 330"
152,336,15,"39 43 49 51 54 57 61 68 70 72 74 78 84 85 90 91 92 93 94 96 98 99 100 102 104 105 108 110 111 112 114 116 117 119 120 122 124 126 129 130 132 133 135 136 138 140 141 143 144 147 148 150 152 153 154 155 156 160 161 162 165 168 170 171 174 175 176 180 182 183 184 185 186 187 189 190 192 195 196 198 200 203 204 205 207 208 209 210 215 216 217 220 221 222 224 225 228 230 231 232 234 235 238 240 245 246 247 252 253 255 258 259 260 261 264 266 270 272 273 275 276 279 280 282 285 286 287 288 290 294 296 297 299 300 301 304 305 306 308 310 312 315 319 320 322 323 324 325 328 329 330 336"
153,340,24,"38 43 49 54 57 61 68 70 72 74 76 78 84 85 90 91 92 93 94 95 96 98 99 100 102 104 105 108 110 111 112 114 116 117 119 120 122 124 126 129 132 133 135 136 138 140 141 143 144 147 148 150 152 153 154 155 156 160 161 162 165 168 170 171 174 175 176 180 182 183 184 185 186 187 189 190 192 195 196 198 200 203 204 205 207 208 209 210 215 216 217 220 221 222 224 225 228 230 231 232 234 235 238 240 245 246 247 252 253 255 258 259 260 261 264 266 270 272 273 275 276 279 280 282 285 286 287 288 290 294 296 297 299 300 301 304 305 306 308 310 312 315 319 320 322 323 324 325 328 329 330 336 340"
154,341,1057,"35 43 49 54 57 61 66 68 72 74 77 78 84 85 88 90 91 92 94 96 98 99 100 102 104 105 108 110 111 112 114 116 117 119 120 122 124 126 129 132 133 135 136 138 140 141 143 144 147 148 150 152 153 154 155 156 160 161 162 165 168 170 171 174 175 176 180 182 183 184 185 186 187 189 190 192 195 196 198 200 203 204 205 207 208 209 210 215 216 217 220 221 222 224 225 228 230 231 232 234 235 238 240 245 246 247 248 252 253 255 258 259 260 261 264 266 270 272 273 275 276 279 280 282 285 286 287 288 290 294 296 297 299 300 301 304 305 306 308 310 312 315 319 320 322 323 324 325 328 329 330 336 340 341"
155,342,84,"38 43 49 54 56 61 66 68 70 72 77 78 85 88 90 91 92 94 95 96 98 99 100 102 104 105 108 110 111 112 114 116 117 119 120 122 124 126 129 132 133 135 136 138 140 141 143 144 147 148 150 152 153 154 155 156 160 161 162 165 168 170 171 174 175 176 180 182 183 184 185 186 187 189 190 192 195 196 198 200 203 204 205 207 208 209 210 215 216 217 220 221 222 224 225 228 230 231 232 234 235 238 240 245 246 247 248 252 253 255 258 259 260 261 264 266 270 272 273 275 276 279 280 282 285 286 287 288 290 294 297 299 300 301 304 305 306 308 310 312 315 319 320 322 323 324 325 328 329 330 333 336 340 341 342"
156,344,532,"38 39 49 54 60 61 66 68 72 77 78 85 88 90 91 92 94 95 96 98 99 100 102 104 105 108 110 111 112 114 116 117 119 120 122 124 126 129 130 132 133 135 136 138 140 141 143 144 147 148 150 152 153 154 155 156 160 161 162 165 168 170 171 172 174 175 176 180 182 183 184 185 186 187 189 190 192 195 196 198 200 203 204 205 207 208 209 210 215 216 217 220 221 222 224 225 228 230 231 232 234 235 238 240 245 246 247 248 252 253 255 258 259 260 261 264 266 270 272 273 275 276 279 280 282 285 286 287 288 290 294 297 299 300 304 305 306 308 310 312 315 319 320 322 323 324 325 328 329 330 333 336 340 341 342 344"
157,345,94,"38 46 49 54 60 61 66 68 72 77 78 85 88 90 91 92 94 95 96 98 99 100 102 104 105 108 110 111 112 114 115 116 117 119 120 122 124 126 129 132 133 135 136 138 140 141 143 144 147 148 150 152 153 154 155 156 160 161 162 165 168 170 171 172 174 175 176 180 182 183 184 185 186 187 189 190 192 195 196 198 200 203 204 205 207 208 209 210 215 216 217 220 221 222 224 225 228 230 231 232 234 235 238 240 245 246 247 248 252 253 255 258 259 260 261 264 266 270 272 273 275 276 279 280 282 285 286 287 288 290 294 297 299 300 304 305 306 308 310 312 315 319 320 322 323 324 325 328 329 330 333 336 340 341 342 344 345"
158,350,19,"38 46 49 54 61 66 68 72 77 78 80 84 85 87 88 90 91 92 94 95 96 98 99 102 104 105 108 110 111 114 115 117 119 120 122 124 126 129 132 133 135 136 138 140 141 143 144 145 147 148 150 152 153 154 155 156 160 161 162 165 168 170 171 172 174 175 176 180 182 183 184 185 186 187 189 190 192 195 196 198 200 203 204 205 207 208 209 210 215 216 217 220 221 222 224 225 228 230 231 234 235 238 240 245 246 247 248 252 253 255 258 259 260 261 264 266 270 272 273 275 276 279 280 282 285 286 287 288 290 294 297 299 300 304 305 306 308 310 312 315 319 320 322 323 324 325 328 329 330 333 336 340 341 342 344 345 348 350"
159,351,19,"38 46 49 61 65 66 68 72 77 78 80 84 85 87 88 90 91 92 94 95 96 98 99 102 104 105 108 110 111 114 115 117 119 120 122 124 126 129 130 132 133 136 138 140 141 143 144 145 147 148 150 152 153 154 155 156 160 161 162 165 168 170 171 172 174 175 176 180 182 183 184 185 186 187 189 190 192 195 196 198 200 203 204 205 207 208 209 210 215 216 217 220 221 222 224 225 228 230 231 234 235 238 240 245 246 247 248 252 253 255 258 259 260 261 264 266 270 272 273 275 276 279 280 282 285 286 287 288 290 294 297 299 300 304 305 306 308 310 312 315 319 320 322 323 324 325 328 329 330 333 336 340 341 342 344 345 348 350 351"
160,357,459,"38 46 48 49 56 61 65 72 78 80 84 85 87 88 90 91 92 94 95 98 99 102 104 105 108 110 111 112 114 115 117 119 120 122 124 126 129 130 132 133 136 138 140 141 143 144 145 147 148 150 152 153 154 155 156 160 161 162 165 168 170 171 172 174 175 176 180 182 183 184 185 186 187 189 190 192 195 196 198 200 203 204 205 207 208 209 210 215 216 217 220 221 222 224 225 228 230 231 234 235 238 240 245 246 247 248 252 253 255 258 259 260 261 264 266 270 272 273 275 276 279 280 282 285 286 287 288 290 294 297 299 300 304 305 306 308 310 312 315 319 320 322 323 324 325 328 329 330 333 336 340 341 342 344 345 348 350 351 352 357"
161,360,62,"38 46 49 54 56 61 65 72 74 78 84 85 87 88 90 91 92 94 95 98 99 102 104 105 110 111 112 114 115 117 119 120 122 124 126 129 130 132 133 135 136 138 140 141 143 144 145 147 148 150 152 153 154 155 156 160 161 162 165 168 170 171 172 174 175 176 180 182 183 184 185 186 187 189 190 192 195 196 198 200 203 204 205 207 208 209 210 215 216 217 220 221 222 224 225 228 230 231 234 235 238 240 245 246 247 248 252 253 255 258 259 260 261 264 266 270 272 273 275 276 279 280 282 285 286 287 288 290 294 296 297 299 300 304 305 306 308 310 312 315 319 320 322 323 324 325 328 329 330 336 340 341 342 344 345 348 350 351 352 357 360"
162,363,70899,"29 46 49 55 61 63 65 76 78 85 87 88 90 91 92 94 95 98 99 102 104 105 108 110 111 112 114 115 116 117 119 120 121 122 124 126 129 130 132 133 136 138 140 141 143 144 145 147 148 150 152 153 154 155 156 160 161 162 165 168 170 171 172 175 176 180 182 183 184 185 186 187 189 190 192 195 196 198 200 203 204 205 207 208 209 210 215 216 217 220 221 222 224 225 228 230 231 232 234 235 238 240 242 245 246 247 248 252 253 255 258 259 260 261 264 266 270 272 273 275 276 279 280 282 286 287 288 290 294 297 299 300 304 305 306 308 310 312 315 319 320 322 323 324 325 328 329 330 333 336 340 341 342 344 345 348 350 351 352 357 360 363"
163,363,4,"46 49 55 56 61 65 72 74 76 78 84 85 87 88 90 91 92 94 95 98 99 102 104 105 108 110 111 112 114 115 117 119 120 121 122 124 126 129 130 132 133 136 138 140 141 143 144 145 147 148 150 152 153 154 155 156 160 161 162 165 168 170 171 172 174 175 176 180 182 183 184 185 186 187 189 190 192 195 196 198 200 203 204 205 207 208 209 210 215 216 217 220 221 222 224 225 228 230 231 234 235 238 240 242 245 246 247 248 252 253 255 258 259 260 261 264 266 270 272 273 275 276 279 280 282 286 287 288 290 294 296 297 299 300 304 305 306 308 310 312 315 319 320 322 323 324 325 328 329 330 336 340 341 342 344 345 348 350 351 352 357 360 363"
164,368,1,"46 49 61 65 66 69 72 74 76 77 78 80 84 85 87 88 90 92 94 95 98 99 102 105 108 110 111 112 114 115 117 119 120 121 122 124 126 129 130 132 133 136 138 140 141 143 144 145 147 148 150 152 153 154 155 156 160 161 162 165 168 170 171 172 174 175 176 180 182 183 184 185 186 187 189 190 192 195 196 198 200 203 204 205 207 208 209 210 215 216 217 220 221 222 224 225 228 230 231 234 235 238 240 242 245 246 247 248 252 255 258 259 260 261 264 266 270 272 273 275 276 279 280 282 286 287 288 290 294 296 297 299 300 304 305 306 308 310 312 315 319 320 322 323 324 325 328 329 330 336 340 341 342 344 345 348 350 351 352 357 360 363 364 368"
165,369,3,"46 49 61 65 66 69 72 76 77 78 80 84 85 87 88 90 92 94 95 98 99 102 105 108 110 111 112 114 115 117 119 120 121 122 123 124 126 129 130 132 133 136 138 140 141 143 144 145 147 148 150 152 153 154 155 156 160 161 162 164 165 168 170 171 172 174 175 176 180 182 183 184 185 186 187 189 190 192 195 196 198 200 203 204 205 207 208 209 210 215 216 217 220 221 222 224 225 228 230 231 234 235 238 240 242 245 246 247 248 252 255 258 259 260 261 264 266 270 272 273 275 276 279 280 282 286 287 288 290 294 297 299 300 304 305 306 308 310 312 315 319 320 322 323 324 325 329 330 333 336 340 341 342 344 345 348 350 351 352 357 360 363 364 368 369"
166,371,489649433,"21 49 55 61 72 76 78 80 84 85 87 88 90 91 92 94 95 98 99 102 104 105 106 108 110 112 114 117 119 120 121 122 123 124 126 129 130 132 133 136 138 140 141 143 144 145 147 148 150 152 153 154 155 160 162 164 165 168 170 171 172 174 175 176 180 182 183 184 186 187 189 190 192 195 196 198 200 203 204 205 207 208 209 210 215 216 217 220 221 222 224 225 228 230 231 234 235 238 240 242 245 246 247 248 252 253 255 258 259 260 261 264 265 266 270 272 273 275 276 279 280 282 286 287 288 290 294 296 297 299 300 304 305 306 308 310 312 315 318 319 320 322 323 324 325 329 330 333 336 340 341 342 344 345 348 350 351 352 357 360 363 364 368 369 370 371"
167,371,1206126,"27 38 49 55 61 65 78 80 84 85 87 88 90 94 95 98 99 102 105 106 108 110 112 114 115 117 119 120 121 122 123 124 126 129 130 132 133 135 136 138 140 141 143 144 145 147 148 150 152 153 154 155 156 160 161 162 164 165 168 170 171 172 174 175 176 180 182 183 184 186 187 189 190 192 195 196 198 200 203 204 205 208 209 210 215 216 217 220 221 222 224 225 228 230 231 234 235 238 240 242 245 246 247 248 252 253 255 258 259 260 261 264 265 266 270 272 273 275 276 279 280 282 285 286 287 288 290 294 296 297 299 300 304 305 306 308 310 312 315 318 319 320 322 323 324 325 329 330 333 336 340 341 342 344 345 348 350 351 352 357 360 363 364 368 369 370 371"
168,371,202,"38 49 53 55 61 65 69 72 78 80 84 85 87 88 90 94 95 98 99 102 105 108 110 112 114 115 117 119 120 121 122 123 124 126 129 130 132 133 136 138 140 141 143 144 145 147 148 150 152 153 154 155 156 159 160 161 162 164 165 168 170 171 172 174 175 176 180 182 183 186 187 189 190 192 195 196 198 200 203 204 205 207 208 209 210 212 215 216 217 220 221 222 224 225 228 230 231 234 235 238 240 242 245 246 247 248 252 253 255 258 259 260 261 264 266 270 272 273 275 276 279 280 282 285 286 287 288 290 294 296 297 299 300 304 305 306 308 310 312 315 318 319 320 322 323 324 325 329 330 333 336 340 341 342 344 345 348 350 351 352 357 360 363 364 368 369 370 371"
169,374,100,"38 49 53 61 65 69 70 72 77 78 80 84 87 88 90 93 94 95 98 99 102 105 108 110 112 114 115 117 119 120 121 122 123 126 129 130 132 133 136 138 140 141 143 144 145 147 148 150 152 153 154 155 156 159 160 161 162 164 165 168 170 171 172 174 175 176 180 182 183 187 189 190 192 195 196 198 200 203 204 205 207 208 209 210 212 215 216 217 220 221 222 224 225 228 230 231 234 235 238 240 242 245 246 247 248 252 253 255 258 259 260 261 264 266 270 272 273 275 276 279 280 282 285 286 287 288 290 294 296 297 299 300 304 305 306 308 310 312 315 318 319 320 322 323 324 325 329 330 333 336 340 341 342 344 345 348 350 351 352 357 360 363 364 368 369 370 371 372 374"
170,375,236829,"27 49 61 65 70 76 77 78 80 84 87 88 90 93 94 95 98 99 100 102 105 106 108 110 112 114 115 117 119 120 121 122 123 126 129 130 132 133 135 136 138 140 141 143 144 145 147 148 150 152 153 154 155 156 160 161 162 164 165 168 170 171 172 174 175 176 180 182 183 184 187 189 190 192 195 196 198 200 203 204 205 208 209 210 215 216 217 220 221 222 224 225 228 230 231 234 235 238 240 242 245 246 247 248 250 252 253 255 258 259 260 261 264 265 266 270 272 273 275 276 279 280 282 286 287 288 290 294 296 297 299 300 304 305 306 308 310 312 315 318 319 320 322 323 324 325 329 330 333 336 340 341 342 344 345 348 350 351 352 357 360 363 364 368 369 370 371 372 374 375"
171,375,18,"38 49 61 65 69 70 72 77 78 80 84 87 88 90 93 94 95 98 99 100 102 105 106 108 110 112 114 115 117 119 120 121 122 123 126 129 130 132 133 136 138 140 141 143 144 145 147 148 150 152 153 154 155 156 160 161 162 164 165 168 170 171 172 174 175 176 180 182 183 187 189 190 192 195 196 198 200 203 204 205 207 208 209 210 215 216 217 220 221 222 224 225 228 230 231 234 235 238 240 242 245 246 247 248 250 252 253 255 258 259 260 261 264 265 266 270 272 273 275 276 279 280 282 285 286 287 288 290 294 296 297 299 300 304 305 306 308 310 312 315 318 319 320 322 323 324 325 329 330 333 336 340 341 342 344 345 348 350 351 352 357 360 363 364 368 369 370 371 372 374 375"
172,377,3619,"38 47 49 52 61 70 77 80 84 87 88 90 93 94 95 98 99 100 102 105 106 108 110 112 114 115 116 117 119 120 121 122 123 126 129 130 132 133 136 138 140 141 143 144 145 147 148 150 152 153 154 155 156 160 161 162 164 165 168 170 171 172 174 175 176 180 182 183 184 187 188 189 190 192 195 196 198 200 203 204 205 208 209 210 215 216 217 220 221 222 224 225 228 230 231 232 234 238 240 242 245 246 247 248 250 252 253 255 258 259 260 264 265 266 270 272 273 275 276 279 280 282 285 286 287 288 290 294 296 297 299 300 304 305 306 308 310 312 315 318 319 320 322 323 324 325 329 330 333 336 340 341 342 344 345 348 350 351 352 357 360 363 364 368 369 370 371 372 374 375 376 377"
173,378,2784,"38 47 49 52 61 77 78 80 84 87 88 91 92 93 94 95 98 99 100 102 105 106 110 112 114 116 117 119 120 121 122 123 126 129 130 132 133 135 136 138 140 141 143 144 145 147 148 150 152 153 154 155 156 160 162 164 165 168 170 171 172 174 175 176 180 182 183 184 187 188 189 190 192 195 196 198 200 203 204 205 207 208 209 210 215 216 217 220 221 222 224 225 228 230 231 232 234 238 240 242 245 246 247 248 250 252 253 255 258 259 260 264 265 266 270 272 273 275 276 279 280 282 285 286 287 288 290 294 296 297 299 300 304 305 306 308 310 312 315 318 319 320 322 323 324 325 329 330 333 336 340 341 342 344 345 348 350 351 352 357 360 363 364 368 369 370 371 372 374 375 376 377 378"
174,380,2541,"45 47 49 57 61 65 77 80 84 87 88 90 91 92 93 94 98 99 100 102 105 106 110 112 114 116 117 119 120 121 122 123 126 129 130 132 133 135 136 138 140 141 143 144 145 147 148 150 152 153 154 155 156 160 162 164 165 168 170 171 172 174 175 176 180 182 183 184 187 188 189 190 192 195 196 198 200 203 204 205 207 208 209 210 215 216 217 220 221 222 224 225 228 230 231 232 234 238 240 242 245 246 247 248 250 252 253 255 258 259 260 264 265 266 270 272 273 275 276 279 280 282 285 286 287 288 290 294 296 297 299 300 304 305 306 308 310 312 315 318 319 320 322 323 324 325 329 330 333 336 340 341 342 344 345 348 350 351 352 357 360 363 364 368 369 370 371 372 374 375 376 377 378 380"
175,384,53694,"38 47 49 61 65 72 77 84 87 88 90 91 92 93 94 96 98 99 100 102 105 106 110 112 116 117 119 120 121 122 123 126 128 129 130 132 133 135 136 138 140 141 143 144 145 147 148 150 152 153 154 155 156 160 162 164 165 168 170 171 172 174 175 176 180 182 183 184 187 188 189 190 192 195 196 198 200 203 204 205 207 208 209 210 215 216 217 220 221 222 224 225 228 230 231 232 234 238 240 242 245 246 247 248 250 252 253 255 258 259 260 264 265 266 270 272 273 275 276 279 280 282 285 286 287 288 290 294 296 297 299 300 304 305 306 308 310 312 315 318 319 320 322 323 324 325 329 330 333 336 340 341 342 344 345 348 350 351 352 357 360 363 364 368 369 370 371 372 374 375 376 377 378 380 384"
176,384,4,"47 49 57 61 65 72 77 84 87 88 90 91 92 93 94 96 98 99 100 102 105 106 110 112 114 116 117 119 120 121 122 123 126 128 129 130 132 133 135 136 138 140 141 143 144 145 147 148 150 152 153 154 155 156 160 162 164 165 168 170 171 172 174 175 176 180 182 183 184 187 188 189 190 192 195 196 198 200 203 204 205 207 208 209 210 215 216 217 220 221 222 224 225 228 230 231 232 234 238 240 242 245 246 247 248 250 252 253 255 258 259 260 264 265 266 270 272 273 275 276 279 280 282 285 286 287 288 290 294 296 297 299 300 304 305 306 308 310 312 315 318 319 320 322 323 324 325 329 330 333 336 340 341 342 344 345 348 350 351 352 357 360 363 364 368 369 370 371 372 374 375 376 377 378 380 384"
177,387,351,"47 49 52 57 61 65 66 86 87 88 90 93 94 96 98 99 100 102 104 105 106 110 112 114 115 116 117 119 120 121 122 123 126 128 130 132 133 135 136 138 140 141 143 144 145 147 148 150 152 153 154 155 156 160 161 162 164 165 168 170 171 174 175 176 180 182 183 184 187 188 189 190 192 195 196 198 200 203 204 205 208 209 210 215 216 217 220 221 222 224 225 228 230 231 232 234 238 240 242 245 246 247 248 250 252 253 255 258 259 260 264 265 266 270 272 273 275 276 279 280 282 285 286 287 288 290 294 296 297 299 300 301 304 305 306 308 310 312 315 318 319 320 322 323 324 325 329 330 333 336 340 341 342 344 345 348 350 351 352 357 360 363 364 368 369 370 371 372 374 375 376 377 378 380 384 385 387"
178,390,431,"47 49 52 57 61 66 78 86 87 88 90 93 94 96 98 99 100 102 104 105 106 110 112 114 115 116 117 119 120 121 122 123 126 128 130 132 133 135 136 138 140 141 143 144 145 147 148 150 152 153 154 155 156 160 161 162 164 165 168 170 171 174 175 176 180 182 183 184 187 188 189 190 192 195 196 198 200 203 204 205 208 209 210 215 216 217 220 221 222 224 225 228 230 231 232 234 238 240 242 245 246 247 248 250 252 253 255 258 259 260 264 265 266 270 272 273 275 276 279 280 282 285 286 287 288 290 294 296 297 299 300 301 304 305 306 308 310 312 315 318 319 320 322 323 324 325 329 330 333 336 340 341 342 344 345 348 350 351 352 357 360 363 364 368 369 370 371 372 374 375 376 377 378 380 384 385 387 390"
179,391,34,"47 49 54 57 61 65 66 86 87 88 90 93 94 96 98 99 100 104 105 106 108 110 112 114 116 117 119 120 121 122 123 126 128 130 132 133 135 136 138 140 141 143 144 145 147 148 150 152 153 154 155 156 160 161 162 164 165 168 170 171 174 175 176 180 182 183 184 187 188 189 190 192 195 196 198 200 203 204 205 207 208 209 210 215 216 217 220 221 222 224 225 228 230 231 232 234 238 240 242 245 246 247 248 250 252 253 255 258 259 260 264 265 266 270 272 273 275 276 279 280 282 285 286 287 288 290 294 296 297 299 300 301 304 305 306 308 310 312 315 318 319 320 322 323 324 325 329 330 333 336 340 341 342 344 345 348 350 351 352 357 360 363 364 368 369 370 371 372 374 375 376 377 378 380 384 385 387 390 391"
180,392,693,"47 52 57 61 66 70 72 78 84 86 87 88 93 94 96 98 99 100 104 105 106 110 112 114 116 117 119 120 121 122 123 126 128 130 132 133 135 136 138 140 141 143 144 145 147 148 150 152 153 154 155 156 160 161 162 164 165 168 170 171 174 175 176 180 182 183 184 187 188 189 190 192 195 196 198 200 203 204 205 207 208 209 210 215 216 217 220 221 222 224 225 228 230 231 232 234 238 240 242 245 246 247 248 250 252 253 255 258 259 260 264 265 266 270 272 273 275 276 279 280 282 285 286 287 288 290 294 296 297 299 300 301 304 305 306 308 310 312 315 318 319 320 322 323 324 325 329 330 333 336 340 341 342 344 345 348 350 351 352 357 360 363 364 368 369 370 371 372 374 375 376 377 378 380 384 385 387 390 391 392"
181,396,67,"47 53 57 61 65 72 77 78 86 87 88 90 91 93 94 96 98 99 100 104 105 112 114 116 117 119 120 121 122 123 126 128 130 132 133 135 136 138 140 141 143 144 145 147 148 150 152 153 154 155 156 159 160 161 162 164 165 168 170 171 174 175 176 180 182 183 184 187 188 189 190 192 195 196 198 200 203 204 205 207 208 209 210 212 215 216 217 220 221 222 224 225 228 230 231 232 234 238 240 242 245 246 247 248 250 252 253 255 258 259 260 264 266 270 272 273 275 276 279 280 282 285 286 287 288 290 294 296 297 299 300 301 304 305 306 308 310 312 315 318 319 320 322 323 324 325 329 330 333 336 340 341 342 344 345 348 350 351 352 357 360 363 364 368 369 370 371 372 374 375 376 377 378 380 384 385 387 390 391 392 396"
182,399,27,"47 55 57 61 65 72 76 86 87 88 90 93 94 95 96 98 99 100 104 105 106 110 112 114 116 117 119 120 121 122 123 126 128 130 132 133 135 136 138 140 141 143 144 145 147 148 150 152 153 154 155 156 160 161 162 164 165 168 170 171 174 175 176 180 182 183 184 187 188 189 190 192 195 196 198 200 203 204 205 207 208 209 210 215 216 217 220 221 222 224 225 228 230 231 232 234 238 240 242 245 246 247 248 250 252 253 255 258 259 260 264 265 266 270 272 273 275 276 279 280 282 285 286 287 288 290 294 296 297 299 300 301 304 305 306 308 310 312 315 318 319 320 322 323 324 325 329 330 333 336 340 341 342 344 345 348 350 351 352 357 360 363 364 368 369 370 371 372 374 375 376 377 378 380 384 385 387 390 391 392 396 399"
183,402,131735884,"25 47 55 61 65 75 80 86 87 88 93 94 96 98 99 104 105 106 110 112 116 117 119 120 121 122 123 126 128 130 132 133 134 135 136 138 140 141 143 144 145 147 148 150 152 153 154 155 156 160 161 162 164 165 168 170 171 174 175 176 180 182 183 184 187 188 189 190 192 195 196 198 200 203 204 205 207 208 209 210 215 216 217 220 221 222 224 225 228 230 231 232 234 238 240 242 245 246 247 248 250 252 253 255 258 259 260 264 265 266 268 270 272 273 275 276 279 280 282 285 286 287 288 290 294 296 297 299 300 301 304 305 306 308 310 312 315 318 319 320 322 323 324 325 329 330 333 335 336 340 341 342 344 345 348 350 351 352 357 360 363 364 368 369 370 371 372 374 375 376 377 378 380 384 385 387 390 391 392 396 399 400 402"
184,402,365578,"35 47 61 65 77 78 80 84 86 87 88 91 93 94 96 98 99 100 104 105 106 112 116 117 119 120 121 122 123 126 128 130 132 133 134 135 136 138 140 141 143 144 145 147 148 152 153 154 155 156 160 161 162 164 165 168 170 171 174 175 176 180 182 183 184 187 188 189 190 192 195 196 198 200 203 204 205 207 208 209 210 215 216 217 220 221 222 224 225 228 230 231 232 234 238 240 242 245 246 247 248 250 252 253 255 258 259 260 264 265 266 268 270 272 273 275 276 279 280 282 285 286 287 288 290 294 296 297 299 300 301 304 305 306 308 310 312 315 318 319 320 322 323 324 325 329 330 333 335 336 340 341 342 344 345 348 350 351 352 357 360 363 364 368 369 370 371 372 374 375 376 377 378 380 384 385 387 390 391 392 396 399 400 402"
185,402,109,"47 55 57 61 65 76 80 86 87 88 93 94 95 96 98 99 100 104 105 106 110 112 114 116 117 119 120 121 122 123 126 128 130 132 133 134 135 136 138 140 141 143 144 145 147 148 152 153 154 155 156 160 161 162 164 165 168 170 171 174 175 176 180 182 183 184 187 188 189 190 192 195 196 198 200 203 204 205 207 208 209 210 215 216 217 220 221 222 224 225 228 230 231 232 234 238 240 242 245 246 247 248 250 252 253 255 258 259 260 264 265 266 268 270 272 273 275 276 279 280 282 285 286 287 288 290 294 296 297 299 300 301 304 305 306 308 310 312 315 318 319 320 322 323 324 325 329 330 333 335 336 340 341 342 344 345 348 350 351 352 357 360 363 364 368 369 370 371 372 374 375 376 377 378 380 384 385 387 390 391 392 396 399 400 402"
186,403,8493,"42 47 61 62 77 78 80 86 87 88 91 93 94 96 98 99 100 104 105 106 112 116 117 119 120 121 122 123 124 126 128 130 132 133 134 135 136 138 140 141 143 144 145 147 148 152 153 154 155 156 160 161 162 164 165 168 170 171 174 175 176 180 182 183 184 186 187 188 189 190 192 195 196 198 200 203 204 205 207 208 209 210 215 216 217 220 221 222 224 225 228 230 231 232 234 238 240 242 245 246 247 248 250 252 253 255 258 259 260 264 265 266 268 270 272 273 275 276 279 280 282 285 286 287 288 290 294 296 297 299 300 301 304 305 306 308 310 312 315 318 319 320 322 323 324 325 329 330 333 335 336 340 341 342 344 345 348 350 351 352 357 360 363 364 368 369 370 371 372 374 375 376 377 378 380 384 385 387 390 391 392 396 399 400 402 403"
187,405,895,"47 50 55 61 62 80 81 86 87 88 93 94 96 98 99 104 105 106 108 110 112 116 117 119 120 121 122 123 124 126 128 130 132 133 134 136 138 140 141 143 144 145 147 148 150 152 153 154 155 156 160 161 162 164 165 168 170 171 174 175 176 180 182 183 184 186 187 188 189 190 192 195 196 198 200 203 204 205 207 208 209 210 215 216 217 220 221 222 224 225 228 230 231 232 234 238 240 242 245 246 247 248 250 252 253 255 258 259 260 264 265 266 268 270 272 273 275 276 279 280 282 285 286 287 288 290 294 296 297 299 300 301 304 305 306 308 310 312 315 318 319 320 322 323 324 325 329 330 333 335 336 340 341 342 344 345 348 350 351 352 357 360 363 364 368 369 370 371 372 374 375 376 377 378 380 384 385 387 390 391 392 396 399 400 402 403 405"
188,406,181,"47 55 61 62 72 80 84 86 87 88 93 94 96 98 99 100 104 105 106 108 110 112 116 117 119 120 121 122 123 124 126 128 130 132 133 134 135 136 138 140 141 143 144 145 147 148 152 153 154 155 156 160 161 164 165 168 170 171 174 175 176 180 182 183 184 186 187 188 189 190 192 195 196 198 200 203 204 205 207 208 209 210 215 216 217 220 221 222 224 225 228 230 231 234 238 240 242 245 246 247 248 250 252 253 255 258 259 260 261 264 265 266 268 270 272 273 275 276 279 280 282 285 286 287 288 290 294 296 297 299 300 301 304 305 306 308 310 312 315 318 319 320 322 323 324 325 329 330 333 335 336 340 341 342 344 345 348 350 351 352 357 360 363 364 368 369 370 371 372 374 375 376 377 378 380 384 385 387 390 391 392 396 399 400 402 403 405 406"
189,408,412,"37 61 62 80 81 84 85 86 87 88 93 94 96 98 100 102 104 105 106 108 110 111 112 116 117 119 120 121 122 123 124 126 128 130 132 133 134 138 140 141 143 144 145 147 148 152 153 154 155 156 160 161 162 164 165 168 170 171 174 175 176 180 182 183 184 185 186 187 189 190 192 195 196 198 200 203 204 205 207 208 209 210 215 216 217 220 221 224 225 228 230 231 234 235 238 240 242 245 246 247 248 250 252 253 255 258 259 260 261 264 265 266 268 270 272 273 275 276 279 280 282 285 286 287 288 290 294 296 297 299 300 301 304 305 306 308 310 312 315 318 319 320 322 323 324 325 329 330 333 335 336 340 341 342 344 345 348 350 351 352 357 360 363 364 368 369 370 371 372 374 375 377 378 380 384 385 387 390 391 392 396 399 400 402 403 405 406 407 408"
190,410,29,"47 61 62 66 80 81 84 85 86 87 93 94 96 98 99 100 102 104 105 106 108 110 112 116 117 119 120 121 122 123 124 126 128 130 132 133 134 138 140 141 143 144 145 147 152 153 154 155 156 160 161 162 164 165 168 170 171 174 175 176 180 182 183 184 185 186 187 188 189 190 192 195 196 198 200 203 204 205 207 208 209 210 215 216 217 220 221 222 224 225 228 230 231 234 238 240 242 245 246 247 248 250 252 253 255 258 259 260 261 264 265 266 268 270 272 273 275 276 279 280 282 285 286 287 288 290 294 297 299 300 301 304 305 306 308 310 312 315 318 319 320 322 323 324 325 328 329 330 333 335 336 340 341 342 344 345 348 350 351 352 357 360 363 364 368 370 371 372 374 375 376 377 378 380 384 385 387 390 391 392 396 399 400 402 403 405 406 407 408 410"
191,413,19071116,"27 47 61 62 81 86 87 88 90 93 94 96 98 100 104 105 106 108 110 116 117 120 121 122 123 124 126 128 130 132 133 134 135 136 138 140 141 143 144 145 147 152 153 154 155 156 160 161 162 164 165 168 170 171 174 175 176 177 180 182 183 184 185 186 187 188 189 190 192 195 196 198 200 203 204 205 207 208 209 210 215 216 217 220 221 222 224 225 228 230 231 234 238 240 242 245 246 247 248 250 252 253 255 258 259 260 261 264 265 266 268 270 272 273 275 276 279 280 282 285 286 287 288 290 294 295 297 299 300 301 304 305 306 308 310 312 315 318 319 320 322 323 324 325 328 329 330 333 335 336 340 341 342 344 345 348 350 351 352 354 357 360 363 364 368 370 371 372 374 375 376 377 378 380 384 385 387 390 391 392 396 399 400 402 403 405 406 407 408 410 413"
192,413,35469,"37 47 61 62 66 81 86 87 93 94 96 98 99 100 104 105 106 108 110 111 116 117 120 121 122 123 124 126 128 130 132 133 134 136 138 140 141 143 144 145 147 148 152 153 154 155 156 160 161 162 164 165 168 170 171 174 175 176 177 180 182 183 184 185 186 187 188 189 190 192 195 196 198 200 203 204 205 207 208 209 210 215 216 217 220 221 224 225 228 230 231 234 238 240 242 245 246 247 248 250 252 253 255 258 259 260 261 264 265 266 268 270 272 273 275 276 279 280 282 285 286 287 288 290 294 295 296 297 299 300 301 304 305 306 308 310 312 315 318 319 320 322 323 324 325 328 329 330 333 335 336 340 341 342 344 345 348 350 351 352 354 357 360 363 364 368 370 371 372 374 375 376 377 378 380 384 385 387 390 391 392 396 399 400 402 403 405 406 407 408 410 413"
193,413,1,"61 62 78 80 84 85 86 87 88 91 93 94 96 98 100 102 104 105 106 108 110 111 112 116 117 119 120 121 122 123 124 126 128 130 132 133 134 135 138 140 141 143 144 145 147 148 152 153 154 155 156 160 161 164 165 168 170 171 174 175 176 177 180 182 183 184 185 186 187 189 190 192 195 196 198 200 203 204 205 207 208 209 210 215 216 217 220 221 222 224 225 228 230 231 234 235 238 240 242 245 246 247 248 250 252 253 255 258 260 261 264 265 266 268 270 272 273 275 276 279 280 282 285 286 287 288 290 294 295 297 299 300 301 304 305 306 308 310 312 315 318 319 320 322 323 324 325 328 329 330 333 335 336 340 341 342 344 345 348 350 351 352 354 357 360 363 364 368 370 371 372 374 375 377 378 380 384 385 387 390 391 392 396 399 400 402 403 405 406 407 408 410 413"
194,414,9,"47 61 62 80 81 84 86 87 88 90 93 94 96 98 100 104 105 106 108 110 112 115 116 117 120 121 122 123 124 126 128 130 132 133 134 136 138 140 141 143 144 145 147 152 153 154 155 156 160 161 162 164 165 168 170 171 174 175 176 177 180 182 183 184 185 186 187 188 189 190 192 195 196 198 200 203 204 205 207 208 209 210 215 216 217 220 221 222 224 225 228 230 231 234 238 240 242 245 246 247 248 250 252 253 255 258 259 260 261 264 265 266 268 270 272 273 275 276 279 280 282 285 286 287 288 290 294 295 297 299 300 301 304 305 306 308 310 312 315 318 319 320 322 323 324 325 328 329 330 333 335 336 340 341 342 344 345 348 350 351 352 354 357 360 363 364 368 370 371 372 374 375 376 377 378 380 384 385 387 390 391 392 396 399 400 402 403 405 406 407 408 410 413 414"
195,416,1,"61 62 81 84 85 86 87 88 90 91 93 94 98 100 102 104 105 106 108 110 111 112 115 116 117 119 120 121 122 123 124 126 128 130 132 133 134 138 140 141 143 144 145 147 148 152 153 154 155 156 160 161 162 164 165 168 170 171 174 175 176 177 180 182 183 184 185 186 187 189 190 192 195 196 198 200 203 204 205 207 208 209 210 215 216 217 220 221 222 224 225 228 230 231 234 235 238 240 242 245 246 247 248 250 252 253 255 258 260 261 264 265 266 268 270 272 273 275 276 279 280 282 285 286 287 288 290 294 295 297 299 300 301 304 305 306 308 310 312 315 318 319 320 322 323 324 325 328 329 330 333 335 336 340 341 342 344 345 348 350 351 352 354 357 360 363 364 368 370 371 372 374 375 377 378 380 384 385 387 390 391 392 396 399 400 402 403 405 406 407 408 410 413 414 416"
196,420,957,"37 61 76 77 86 87 88 91 94 95 98 99 100 104 105 106 108 110 111 112 114 115 116 117 120 121 122 123 124 126 128 130 132 133 134 135 136 138 140 141 143 144 145 147 148 152 153 154 156 160 161 164 165 168 170 171 174 175 176 177 180 182 183 184 185 186 187 189 190 192 195 196 198 200 203 204 205 207 208 209 210 215 216 217 220 221 224 225 228 230 231 234 235 238 240 242 245 246 247 248 250 252 253 255 258 259 260 261 264 265 266 268 270 272 273 275 276 279 280 282 285 286 287 288 290 294 295 296 297 299 300 301 304 305 306 308 310 312 315 318 319 320 322 323 324 325 328 329 330 333 335 336 340 341 342 344 345 348 350 351 352 354 357 360 363 364 368 370 371 372 374 375 377 378 380 384 385 387 390 391 392 396 399 400 402 403 405 406 407 408 410 413 414 416 418 420"
197,423,564,"47 50 61 76 77 81 86 87 88 91 95 98 99 104 105 106 108 110 112 114 115 116 117 120 121 122 123 124 126 128 130 132 133 134 136 138 140 143 144 145 147 150 152 153 154 156 160 161 162 164 165 168 170 171 174 175 176 177 180 182 183 184 185 186 187 188 189 190 192 195 196 198 200 203 204 205 207 208 209 210 215 216 217 220 221 222 224 225 228 230 231 234 235 238 240 242 245 246 247 248 250 252 253 255 258 259 260 261 264 265 266 268 270 272 273 275 276 279 280 282 285 286 287 288 290 294 295 297 299 300 301 304 305 306 308 310 312 315 318 319 320 322 323 324 325 328 329 330 333 335 336 340 341 342 344 345 348 350 351 352 354 357 360 363 364 368 370 371 372 374 375 376 377 378 380 384 385 387 390 391 392 396 399 400 402 403 405 406 407 408 410 413 414 416 418 420 423"
198,424,4,"61 62 76 81 86 87 88 91 93 94 95 98 99 100 104 105 106 108 110 112 114 115 116 117 120 121 122 123 124 126 128 130 132 133 134 136 138 140 141 143 144 145 147 148 152 153 154 155 156 159 160 161 162 164 165 168 170 171 174 175 176 177 180 182 183 184 186 187 189 190 192 195 196 198 200 203 204 205 207 208 209 210 215 216 217 220 221 222 224 225 228 230 231 234 235 238 240 242 245 246 247 248 250 252 253 255 258 259 260 261 264 265 266 268 270 272 273 275 276 279 280 282 285 286 287 288 290 294 295 296 297 299 300 301 304 305 306 308 310 312 315 318 319 320 322 323 324 325 328 330 333 335 336 340 341 342 344 345 348 350 351 352 354 357 360 363 364 368 370 372 374 375 376 377 378 380 384 385 387 390 391 392 396 399 400 402 403 405 406 408 410 413 414 416 418 420 423 424"
199,427,1907,"47 51 76 81 84 86 87 88 91 95 98 99 102 104 105 106 108 110 112 114 115 116 117 119 120 121 123 124 126 128 130 132 133 134 136 138 140 143 144 145 147 148 150 152 153 154 156 159 160 161 162 164 165 168 171 174 175 176 177 180 182 183 184 186 187 188 189 190 192 195 196 198 200 203 204 205 207 208 209 210 215 216 217 220 221 222 224 225 228 230 231 234 235 238 240 242 244 245 246 247 248 250 252 253 255 258 259 260 261 264 265 266 268 270 272 273 275 276 279 280 282 285 286 287 288 290 294 295 296 297 299 300 301 304 306 308 310 312 315 318 319 320 322 323 324 325 328 329 330 333 335 336 340 341 342 344 345 348 350 351 352 354 357 360 363 364 368 370 372 374 375 376 377 378 380 384 385 387 390 391 392 396 399 400 402 403 405 406 408 410 413 414 416 418 420 423 424 425 427"
200,429,390,"47 62 63 76 81 84 86 87 88 90 93 95 98 104 105 106 108 110 112 114 115 116 117 120 121 123 124 126 128 130 132 133 134 138 140 143 144 145 147 150 152 153 154 155 156 159 160 161 162 164 165 168 170 171 174 175 176 177 180 182 183 184 185 186 187 188 189 190 192 195 196 198 200 203 204 205 207 208 209 210 215 216 217 220 221 222 224 225 228 230 231 234 235 238 240 242 244 245 246 247 248 250 252 253 255 258 259 260 261 264 265 266 268 270 272 273 275 276 279 280 282 285 286 287 288 290 294 295 297 299 300 301 304 306 308 310 312 315 318 319 320 322 323 324 325 328 329 330 333 335 336 340 341 342 344 345 348 350 351 352 354 357 360 363 364 368 370 372 374 375 376 377 378 380 384 385 387 390 391 392 396 399 400 402 403 405 406 407 408 410 413 414 416 418 420 423 424 425 427 429"
201,432,23647,"37 47 68 76 81 86 87 88 95 98 102 104 106 108 110 111 114 115 116 117 119 120 121 123 124 126 128 130 132 133 134 135 136 138 140 143 144 145 147 148 150 152 154 156 159 160 161 162 164 165 168 170 171 172 174 175 176 177 180 182 183 184 185 186 187 188 189 190 192 195 196 198 200 203 204 205 207 208 209 210 215 216 217 220 221 224 225 228 230 231 234 235 238 240 242 244 245 246 247 248 250 252 253 255 258 259 260 261 264 265 266 268 270 272 273 275 276 279 280 282 285 286 287 288 290 294 295 296 297 299 300 301 304 306 308 310 312 315 318 319 320 322 323 324 325 328 329 330 333 335 336 340 341 342 344 345 348 350 351 352 354 357 360 363 364 368 370 372 374 375 376 377 378 380 384 385 390 391 392 396 399 400 402 403 405 406 407 408 410 413 414 416 418 420 423 424 425 427 429 430 432"
202,432,3,"47 62 76 80 81 86 87 88 90 93 95 98 104 105 106 108 110 112 114 115 116 117 120 121 123 124 126 128 130 132 133 134 135 138 140 143 144 145 147 150 152 153 154 155 156 159 160 161 162 164 165 168 170 171 172 174 175 176 177 180 182 183 184 185 186 187 188 189 190 192 195 196 198 200 203 204 205 207 208 209 210 215 216 217 220 221 222 224 225 228 230 231 234 235 238 240 242 244 245 246 247 248 250 252 253 255 258 259 260 261 264 265 266 268 270 272 273 275 276 279 280 282 285 286 287 288 290 294 295 297 299 300 301 304 306 308 310 312 315 318 319 320 322 323 324 325 328 329 330 333 335 336 340 341 342 344 345 348 350 351 352 354 357 360 363 364 368 370 372 374 375 376 377 378 380 384 385 390 391 392 396 399 400 402 403 405 406 407 408 410 413 414 416 418 420 423 424 425 427 429 430 432"
203,435,208,"47 66 68 76 81 86 87 93 95 98 99 102 104 105 106 108 110 114 115 116 117 119 120 121 123 124 126 128 130 132 133 134 135 136 138 140 143 144 145 147 150 152 154 155 156 159 160 161 162 164 165 168 170 171 172 174 175 176 177 180 182 183 184 185 186 187 188 189 190 192 195 196 198 200 203 204 205 207 208 209 210 215 216 217 220 221 222 224 225 228 230 231 232 234 235 238 240 242 244 245 246 247 250 252 253 255 258 259 260 264 265 266 268 270 272 273 275 276 279 280 282 285 286 287 288 290 294 295 297 299 300 301 304 306 308 310 312 315 318 319 320 322 323 324 325 328 329 330 333 335 336 340 341 342 344 345 348 350 351 352 354 357 360 363 364 368 370 372 374 375 376 377 378 380 384 385 390 391 392 396 399 400 402 403 405 406 407 408 410 413 414 416 418 420 423 424 425 427 429 430 432 434 435"
204,437,208,"47 66 68 81 86 87 92 93 95 98 99 102 104 105 106 108 110 114 115 116 117 119 120 121 123 124 126 128 130 132 133 134 135 136 138 140 143 144 145 147 150 152 154 155 156 159 160 161 162 164 165 168 170 171 172 174 175 176 177 180 182 183 184 185 186 187 188 189 190 192 195 196 198 200 203 204 205 207 208 209 210 215 216 217 220 221 222 224 225 228 230 231 232 234 235 238 240 242 244 245 246 247 250 252 253 255 258 259 260 264 265 266 268 270 272 273 275 276 279 280 282 285 286 287 288 290 294 295 297 299 300 301 304 306 308 310 312 315 318 319 320 322 323 324 325 328 329 330 333 335 336 340 341 342 344 345 348 350 351 352 354 357 360 363 364 368 370 372 374 375 376 377 378 380 384 385 390 391 392 396 399 400 402 403 405 406 407 408 410 413 414 416 418 420 423 424 425 427 429 430 432 434 435 437"
205,441,4268,"43 47 68 81 86 88 92 93 95 99 102 104 105 106 108 110 114 115 116 117 120 121 123 124 126 128 129 130 132 133 134 135 136 138 140 143 144 145 147 150 152 153 154 155 156 159 160 161 162 164 165 168 170 171 174 175 176 177 180 182 183 184 185 186 188 189 190 192 195 196 198 200 203 204 205 207 208 209 210 215 216 217 220 221 222 224 225 228 230 231 232 234 235 238 240 242 244 245 246 247 250 252 253 255 258 259 260 261 264 265 266 268 270 272 273 275 276 279 280 282 285 286 287 288 294 295 297 299 300 301 304 306 308 310 312 315 318 319 320 322 323 324 325 328 329 330 333 335 336 340 341 342 344 345 348 350 351 352 354 357 360 363 364 368 370 372 374 375 376 377 378 380 384 385 387 390 391 392 396 399 400 402 403 405 406 407 408 410 413 414 416 418 420 423 424 425 427 429 430 432 434 435 437 440 441"
206,442,1957,"43 47 77 81 85 86 88 92 93 95 99 102 105 106 108 114 115 116 117 119 120 121 123 124 126 128 129 130 132 133 134 135 138 140 143 144 145 147 150 152 153 154 155 156 159 160 161 162 164 165 168 170 171 174 175 176 177 180 182 183 184 185 186 187 188 189 190 192 195 196 198 200 203 204 205 207 208 209 210 215 216 217 220 221 222 224 225 228 230 231 232 234 235 238 240 242 244 245 246 247 250 252 253 255 258 259 260 261 264 265 266 268 270 272 273 275 276 279 280 282 285 286 287 288 294 295 297 299 300 301 304 306 308 310 312 315 318 319 320 322 323 324 325 328 329 330 333 335 336 340 341 342 344 345 348 350 351 352 354 357 360 363 364 368 370 372 374 375 376 377 378 380 384 385 387 390 391 392 396 399 400 402 403 405 406 407 408 410 413 414 416 418 420 423 424 425 427 429 430 432 434 435 437 440 441 442"
207,444,19774,"41 47 81 86 87 88 90 92 93 95 99 105 106 108 111 114 115 116 117 120 121 123 124 126 128 130 132 133 134 135 136 138 140 143 144 145 147 148 150 152 153 154 155 156 159 160 161 162 164 165 168 170 171 172 174 175 176 177 180 182 183 184 185 186 187 188 189 190 192 195 196 198 200 203 204 207 208 209 210 215 216 217 220 221 222 224 225 228 230 231 232 234 235 238 240 242 244 245 246 247 250 252 253 255 258 259 260 264 265 266 268 270 272 273 275 276 279 280 282 285 286 287 288 290 294 295 296 297 299 300 301 304 306 308 310 312 315 318 319 320 322 323 324 325 328 329 330 333 335 336 340 341 342 344 345 348 350 351 352 354 357 360 363 364 368 369 370 372 374 375 376 377 378 380 384 385 390 391 392 396 399 400 402 403 405 406 408 410 413 414 416 418 420 423 424 425 427 429 430 432 434 435 437 440 441 442 444"
208,444,10,"47 77 81 85 86 87 92 93 95 99 102 105 106 108 110 111 114 115 116 117 119 120 121 123 124 126 128 130 132 133 134 135 138 140 143 144 145 147 148 150 152 153 154 155 156 159 160 161 162 164 165 168 170 171 172 174 175 176 177 180 182 183 184 185 186 187 188 189 190 192 195 196 198 200 203 204 205 207 208 209 210 215 216 217 220 221 222 224 225 228 230 231 232 234 235 238 240 242 244 245 246 247 250 252 253 255 258 259 260 264 265 266 268 270 272 273 275 276 279 280 282 285 286 287 288 290 294 295 296 297 299 300 301 304 306 308 310 312 315 318 319 320 322 323 324 325 328 329 330 333 335 336 340 341 342 344 345 348 350 351 352 354 357 360 363 364 368 370 372 374 375 376 377 378 380 384 385 390 391 392 396 399 400 402 403 405 406 408 410 413 414 416 418 420 423 424 425 427 429 430 432 434 435 437 440 441 442 444"
209,450,4,"47 77 81 86 87 90 92 93 95 99 100 105 106 108 110 111 112 114 115 116 117 120 121 123 124 126 128 130 132 133 134 135 136 138 140 143 144 145 147 148 152 153 154 155 156 159 160 161 162 164 165 168 170 171 172 174 175 176 177 180 182 183 184 185 186 187 188 189 190 195 196 198 200 203 204 205 207 208 209 210 215 216 217 220 221 222 224 225 228 230 231 232 234 235 238 240 242 244 245 246 247 250 252 253 255 258 259 260 264 265 266 268 270 272 273 275 276 279 280 282 285 286 287 288 290 294 295 296 297 299 300 301 304 306 308 310 312 315 318 319 320 322 323 324 325 328 329 330 333 335 336 340 341 342 344 345 348 350 351 352 354 357 360 363 364 368 370 372 374 375 376 377 378 380 384 385 390 391 392 396 399 400 402 403 405 406 408 410 413 414 416 418 420 423 424 425 427 429 430 432 434 435 437 440 441 442 444 448 450"
210,455,498,"43 64 80 81 86 92 93 94 95 99 100 105 106 108 111 112 114 115 116 120 121 123 124 126 128 129 130 132 133 134 135 136 138 140 141 143 144 145 147 148 152 153 154 155 156 159 160 161 162 164 165 168 170 171 174 175 176 177 180 182 183 184 185 186 187 189 190 192 195 196 198 200 203 204 205 207 208 209 210 215 216 217 220 221 222 224 225 228 230 231 232 234 235 238 240 242 244 245 246 247 250 252 253 255 258 259 260 261 264 265 266 268 270 272 273 275 276 279 280 282 285 286 288 294 295 296 297 299 300 301 304 306 308 310 312 315 318 319 320 322 323 324 325 328 330 333 335 336 340 341 342 344 345 348 350 351 352 354 357 360 363 364 368 369 370 372 374 375 376 377 378 380 384 385 387 390 391 392 396 399 400 402 403 405 406 408 410 413 414 416 418 420 423 424 425 427 429 430 432 434 435 437 440 441 442 444 448 450 451 455"
211,456,47,"47 64 80 81 85 86 87 92 93 99 100 102 105 106 108 111 112 114 115 116 119 120 121 124 126 128 130 132 133 134 135 138 140 143 144 145 147 148 152 153 154 155 156 159 160 161 162 164 165 168 170 171 172 174 175 176 177 180 182 183 184 185 186 187 188 189 190 192 195 196 198 200 203 204 207 208 209 210 215 216 217 220 221 222 224 225 228 230 231 232 234 235 238 240 242 244 245 246 247 250 252 253 255 258 259 260 264 265 266 268 270 272 273 275 276 279 280 282 285 286 287 288 290 294 295 296 297 299 300 301 304 306 308 310 312 315 318 319 320 322 323 324 325 328 329 330 333 335 336 340 341 342 344 345 348 350 351 352 354 357 360 363 364 368 369 370 372 374 375 376 377 378 380 384 385 390 391 392 396 399 400 402 403 405 406 408 410 413 414 416 418 420 423 424 425 427 429 430 432 434 435 437 440 441 442 444 448 450 451 455 456"
212,460,474,"47 64 65 69 80 86 92 93 99 100 104 105 106 108 111 112 114 115 116 119 120 121 124 126 128 130 132 133 134 135 136 138 140 143 144 145 147 148 152 153 154 155 156 159 160 161 164 165 168 170 171 172 174 175 176 177 180 182 183 184 185 186 187 188 189 190 192 195 196 198 200 203 204 207 208 209 210 215 216 217 220 221 222 224 225 228 230 231 232 234 235 238 240 242 244 245 246 247 250 252 253 255 258 259 260 261 264 265 266 268 270 272 273 275 276 279 280 282 285 286 287 288 294 295 296 297 299 300 301 304 306 308 310 312 315 318 319 320 322 323 324 325 328 329 330 333 335 336 340 341 342 344 345 348 350 351 352 354 357 360 363 364 368 369 370 372 374 375 376 377 378 380 384 385 390 391 392 396 399 400 402 403 405 406 408 410 413 414 416 418 420 423 424 425 427 429 430 432 434 435 437 440 441 442 444 448 450 451 455 456 459 460"
213,462,70,"47 64 69 70 86 88 92 93 99 100 105 106 108 110 111 114 115 116 119 120 121 123 124 126 128 130 132 133 134 135 136 138 140 143 144 145 147 148 152 153 154 155 156 159 160 161 164 165 168 170 171 172 174 175 176 177 180 182 183 184 185 186 187 188 189 190 192 195 196 198 200 203 204 205 207 208 209 210 215 216 217 220 221 222 224 225 228 230 231 232 234 235 238 240 242 244 245 246 247 250 252 253 255 258 259 260 261 264 265 266 268 270 272 273 275 276 279 280 282 285 286 288 294 295 296 297 299 300 301 304 306 308 310 312 315 318 319 320 322 323 324 325 328 329 330 333 335 336 340 341 342 344 345 348 350 351 352 354 357 360 363 364 368 369 370 372 374 375 376 377 378 380 384 385 390 391 392 396 399 400 402 403 405 406 408 410 413 414 416 418 420 423 424 425 427 429 430 432 434 435 437 440 441 442 444 448 450 451 455 456 459 460 462"
214,465,15053,"43 47 64 69 84 86 87 92 100 104 106 108 111 112 114 115 117 119 120 121 124 126 128 129 130 132 133 134 135 136 138 140 143 144 145 147 148 152 153 154 155 156 159 160 161 164 165 168 170 171 174 175 176 177 180 182 183 184 185 186 187 188 189 190 192 195 196 198 200 203 204 207 208 209 210 215 216 217 220 221 222 224 225 228 230 231 234 235 238 240 242 244 245 246 247 248 250 252 253 255 258 259 260 261 264 265 266 268 270 272 273 275 276 279 280 282 285 286 287 288 290 294 295 296 297 299 300 301 304 306 308 310 312 315 318 319 320 322 323 324 325 328 329 330 333 335 336 340 341 342 344 345 348 350 351 352 354 357 360 363 364 368 369 370 372 374 375 376 377 378 380 384 385 387 390 391 392 396 399 400 402 405 406 408 410 413 414 416 418 420 423 424 425 427 429 430 432 434 435 437 440 441 442 444 448 450 451 455 456 459 460 462 464 465"
215,468,1271,"47 58 64 69 84 86 91 92 93 100 105 106 108 111 112 114 115 116 117 119 120 121 126 128 130 132 133 134 135 136 138 140 143 144 145 147 148 152 153 154 156 159 160 161 164 165 168 170 171 172 174 175 176 177 180 182 183 184 185 186 187 188 189 190 192 195 196 198 200 203 204 207 208 209 210 215 216 217 220 221 222 224 225 228 230 231 232 234 235 238 240 242 244 245 246 247 248 250 252 253 255 258 259 260 261 264 265 266 268 270 272 273 275 276 279 280 282 285 286 287 288 290 294 295 296 297 299 300 301 304 306 308 310 312 315 318 319 320 322 323 324 325 328 329 330 333 335 336 340 341 342 344 345 348 350 351 352 354 357 360 363 364 368 369 370 372 374 375 376 378 380 384 385 390 391 392 396 399 400 402 403 405 406 408 410 413 414 416 418 420 423 424 425 427 429 430 432 434 435 437 440 441 442 444 448 450 451 455 456 459 460 462 464 465 468"
216,470,979,"58 64 67 69 81 86 92 93 94 100 104 105 106 108 111 112 114 115 116 119 120 121 126 128 130 132 133 134 136 138 140 141 143 144 145 147 148 152 153 154 156 159 160 161 162 164 165 168 170 171 172 174 175 176 177 180 182 183 184 185 186 187 188 189 190 192 195 196 198 200 201 203 204 207 208 209 210 215 216 217 220 221 222 224 225 228 230 231 232 234 238 240 242 244 245 246 247 248 250 252 253 255 258 259 260 261 264 265 266 268 270 272 273 275 276 279 280 282 285 286 287 288 290 294 295 296 297 299 300 301 304 306 308 310 312 315 318 319 320 322 323 324 325 328 329 330 333 336 340 341 342 344 345 348 350 351 352 354 357 360 363 364 368 369 370 372 374 375 378 380 384 385 390 391 392 396 399 400 402 403 405 406 408 410 413 414 416 418 420 423 424 425 427 429 430 432 434 435 437 440 441 442 444 448 450 451 455 456 459 460 462 464 465 468 469 470"
217,473,16,"64 67 69 77 87 92 93 99 100 104 105 106 108 110 111 112 114 115 117 119 120 121 123 126 128 129 130 132 133 134 135 136 138 140 141 143 144 145 147 148 152 153 154 159 160 161 164 165 168 170 171 174 175 176 177 180 182 183 184 185 186 187 188 189 190 192 195 196 198 200 201 203 204 205 207 208 209 210 215 216 217 220 221 222 224 225 228 230 231 234 235 238 240 242 244 245 246 247 248 250 252 253 255 258 259 260 261 264 265 266 268 270 272 273 275 276 279 280 282 285 286 288 290 294 295 296 297 299 300 301 304 306 308 310 312 315 318 319 320 322 323 324 325 328 330 333 336 340 341 342 344 345 348 350 351 352 354 357 360 363 364 368 369 370 372 374 375 376 377 378 380 384 385 390 391 392 396 399 400 402 403 405 406 408 410 413 414 416 418 420 424 425 427 429 430 432 434 435 437 440 441 442 444 448 450 451 455 456 459 460 462 464 465 468 469 470 473"
218,475,11,"64 67 69 77 87 92 93 99 100 104 105 106 108 110 111 112 115 117 119 120 121 123 126 128 129 130 132 133 134 135 136 138 140 141 143 144 145 147 148 150 152 153 154 159 160 161 164 165 168 170 171 174 175 176 177 180 182 183 184 185 186 187 188 189 190 192 195 196 198 200 201 203 204 205 207 208 209 210 215 216 217 220 221 222 224 225 228 230 231 234 235 238 240 242 244 245 246 247 248 250 252 253 255 258 259 260 261 264 265 266 268 270 272 273 275 276 279 280 282 285 286 288 290 294 295 296 297 299 300 301 304 306 308 310 312 315 318 319 320 322 323 324 325 328 330 333 336 340 341 342 344 345 348 350 351 352 354 357 360 363 364 368 369 370 372 374 375 376 377 378 380 384 385 390 391 392 396 399 400 402 403 405 406 408 410 413 414 416 418 420 424 425 427 429 430 432 434 435 437 440 441 442 444 448 450 451 455 456 459 460 462 464 465 468 469 470 473 475"
219,477,706,"53 58 67 69 88 92 93 94 99 100 102 104 106 108 111 115 116 119 120 121 126 128 129 130 132 133 134 135 136 138 140 141 143 144 145 147 148 150 152 153 154 156 159 160 161 164 165 168 170 171 174 175 176 177 180 182 183 184 185 186 187 188 189 190 195 196 198 200 201 203 204 207 208 209 210 212 215 216 217 220 221 222 224 225 228 230 231 232 234 238 240 242 244 245 246 247 248 250 252 253 255 258 259 260 261 264 266 268 270 272 273 275 276 279 280 282 285 286 287 288 290 294 295 296 297 299 300 301 304 306 308 310 312 315 318 319 320 322 323 324 325 328 329 330 333 336 340 341 342 344 345 348 350 351 352 354 357 360 363 364 368 369 370 371 372 374 375 378 380 384 385 390 391 392 396 399 400 402 403 405 406 408 410 413 414 416 418 420 423 424 425 427 429 430 432 434 435 437 440 441 442 444 448 450 451 455 456 459 460 462 464 465 468 469 470 473 475 476 477"
220,480,43,"53 64 67 69 87 88 92 93 94 96 99 100 102 106 108 111 115 119 120 121 126 128 129 132 133 134 135 136 138 140 141 143 144 145 147 148 150 152 153 154 156 159 160 161 164 165 168 170 171 174 175 176 177 180 182 183 184 185 186 187 188 189 190 192 195 196 198 200 201 203 204 207 208 209 210 212 215 216 217 220 221 222 224 225 228 230 231 234 238 240 242 244 245 246 247 248 250 252 253 255 258 259 260 261 264 266 268 270 272 273 275 276 279 280 282 285 286 287 288 290 294 295 296 297 299 300 301 304 306 308 310 312 315 318 319 320 322 323 324 325 328 329 330 333 336 340 341 342 344 345 348 350 351 352 354 357 360 363 364 368 369 370 371 372 374 375 377 378 380 384 385 390 391 392 396 399 400 402 403 405 406 408 410 413 414 416 418 420 423 424 425 427 429 430 432 434 435 437 440 441 442 444 448 450 451 455 456 459 460 462 464 465 468 469 470 473 475 476 477 480"
221,483,3637,"43 53 64 67 87 92 93 94 96 100 102 105 106 108 110 115 117 119 120 121 126 128 129 130 133 134 135 136 138 140 141 143 144 145 147 150 152 153 154 156 159 160 161 164 165 168 170 171 172 174 175 176 177 180 182 183 185 186 187 188 189 190 192 195 196 198 200 201 203 204 207 208 209 210 212 215 216 217 220 221 224 225 228 230 231 234 238 240 242 244 245 246 247 248 250 252 253 255 259 260 261 264 266 268 270 272 273 275 276 279 280 282 285 286 287 288 290 294 295 296 297 299 300 301 304 306 308 310 312 315 318 319 320 322 323 324 325 328 329 330 333 336 340 341 342 344 345 348 350 351 352 354 357 360 363 364 368 369 370 371 372 374 375 377 378 380 384 385 387 390 391 392 396 399 400 402 403 405 406 407 408 410 413 414 416 418 420 423 424 425 427 429 430 432 434 435 437 440 441 442 444 448 450 451 455 456 459 460 462 464 465 468 469 470 473 475 476 477 480 481 483"
222,486,4569,"43 53 64 67 87 92 93 94 96 100 102 105 106 110 115 117 119 120 121 126 128 129 130 133 134 135 136 138 140 141 143 144 145 147 150 152 153 154 156 159 160 161 162 164 165 168 170 171 172 174 175 176 177 180 182 183 185 186 187 188 189 190 192 195 196 198 200 201 203 204 207 208 209 210 212 215 216 217 220 221 224 225 228 230 231 234 238 240 242 243 244 245 246 247 248 250 252 253 255 259 260 261 264 266 268 270 272 273 275 276 279 280 282 285 286 287 288 290 294 295 296 297 299 300 301 304 306 308 310 312 315 318 319 320 322 323 325 328 329 330 333 336 340 341 342 344 345 348 350 351 352 354 357 360 363 364 368 369 370 371 372 374 375 377 378 380 384 385 387 390 391 392 396 399 400 402 403 405 406 407 408 410 413 414 416 418 420 423 424 425 427 429 430 432 434 435 437 440 441 442 444 448 450 451 455 456 459 460 462 464 465 468 469 470 473 475 476 477 480 481 483 486"
223,490,22,"53 64 67 80 81 87 92 93 94 96 100 102 105 106 108 110 112 115 117 119 120 121 126 128 129 130 133 134 136 138 140 141 143 144 145 150 152 153 154 156 159 160 161 164 165 168 170 171 174 175 176 177 180 182 183 185 186 187 188 189 190 192 195 196 198 200 201 203 204 207 208 209 210 212 215 216 217 220 221 224 225 228 230 231 234 238 240 242 243 244 245 246 247 248 250 252 253 255 258 259 260 261 264 266 268 270 272 273 275 276 279 280 282 285 286 287 288 290 294 295 296 297 299 300 301 304 306 308 310 312 315 318 319 320 322 323 324 325 328 329 330 333 336 340 341 342 344 345 348 350 351 352 354 357 360 363 364 368 369 370 371 372 374 375 377 378 380 384 385 390 391 392 396 399 400 402 403 405 406 407 408 410 413 414 416 418 420 423 424 425 427 429 430 432 434 435 437 440 441 442 444 448 450 451 455 456 459 460 462 464 465 468 469 470 473 475 476 477 480 481 483 486 490"
224,493,3349,"41 53 64 67 85 92 93 96 100 102 105 106 110 115 116 117 119 120 121 123 126 128 129 130 133 134 135 136 138 140 141 143 144 150 152 153 154 156 159 160 161 162 165 168 170 171 174 175 176 177 180 182 183 185 186 187 188 189 190 192 195 196 198 200 201 203 204 205 207 208 209 210 212 215 216 217 220 221 224 225 228 230 231 232 234 235 238 240 242 243 244 245 246 247 248 250 252 253 255 258 259 260 261 264 266 268 270 272 273 275 276 279 280 282 285 286 287 288 290 294 295 296 297 299 300 301 304 306 308 310 312 315 318 319 320 322 323 325 328 330 333 336 340 341 342 344 345 348 350 351 352 354 357 360 363 364 368 369 370 371 372 374 375 376 377 378 380 384 385 390 391 392 396 399 400 402 403 405 406 407 408 410 413 414 416 418 420 424 425 427 429 430 432 434 435 437 440 441 442 444 448 450 451 455 456 459 460 462 464 465 468 469 470 473 475 476 477 480 481 483 486 490 492 493"
225,494,53,"53 64 67 81 82 85 92 93 94 96 100 102 104 105 106 108 110 115 116 117 119 120 121 126 128 129 134 136 138 140 141 143 144 150 152 153 154 156 159 160 161 164 165 168 170 171 174 175 176 177 180 182 183 185 186 187 188 189 190 192 195 196 198 200 201 203 204 205 207 208 209 210 212 215 216 217 220 221 224 225 228 230 231 232 234 238 240 242 243 244 245 246 247 248 250 252 253 255 258 259 260 261 264 266 268 270 272 273 275 276 279 280 282 285 286 287 288 290 294 295 296 297 299 300 301 304 306 308 310 312 315 318 319 320 322 323 324 325 328 329 330 333 336 340 341 342 344 345 348 350 351 352 354 357 360 363 364 368 369 370 371 372 374 375 377 378 380 384 385 390 391 392 396 399 400 402 403 405 406 407 408 413 414 416 418 420 423 424 425 427 429 430 432 434 435 437 440 441 442 444 448 450 451 455 456 459 460 462 464 465 468 469 470 473 475 476 477 480 481 483 486 490 492 493 494"
226,496,2751,"53 55 67 82 85 92 93 94 96 100 102 104 105 106 110 115 116 117 119 121 124 126 128 129 132 134 135 136 138 140 141 143 144 150 152 153 154 155 156 159 160 161 162 164 165 168 170 171 174 175 176 177 180 182 183 185 186 187 188 189 190 195 196 198 200 201 203 204 205 207 208 209 210 212 215 216 217 220 221 224 225 228 230 231 232 234 238 240 242 243 244 245 246 247 250 252 253 255 258 259 260 261 264 266 268 270 272 273 275 276 279 280 282 285 286 287 288 290 294 295 296 297 299 300 301 304 306 308 310 312 315 318 319 320 322 323 325 328 329 330 333 336 340 341 342 344 345 348 350 351 352 354 357 360 363 364 368 369 370 371 372 374 375 377 378 380 384 385 390 391 392 396 399 400 402 403 405 406 407 408 413 414 416 418 420 423 424 425 427 429 430 432 434 435 437 440 441 442 444 448 450 451 455 456 459 460 462 464 465 468 469 470 473 475 476 477 480 481 483 486 490 492 493 494 495 496"
227,497,15364794,"39 53 67 82 85 92 93 94 96 100 102 104 106 115 116 117 119 121 124 126 128 129 130 132 134 135 136 138 140 141 143 144 150 152 153 154 155 156 159 160 161 162 164 168 170 171 174 175 176 177 180 182 183 185 186 187 188 189 190 195 196 198 200 201 203 204 205 207 208 209 210 212 213 215 216 217 220 221 224 225 228 230 231 232 234 238 240 242 243 244 245 246 247 250 252 253 255 258 259 260 261 264 266 268 270 272 273 275 276 279 280 282 285 286 287 288 290 294 295 296 297 299 300 301 304 306 308 310 312 315 318 319 320 322 323 325 328 329 330 333 336 340 341 342 344 345 348 350 351 352 354 355 357 360 363 364 368 369 370 371 372 374 375 377 378 380 384 385 390 391 392 396 399 400 402 403 405 406 407 408 413 414 416 418 420 423 424 425 427 429 430 432 434 435 437 440 441 442 444 448 450 451 455 456 459 460 462 464 465 468 469 470 473 475 476 477 480 481 483 486 490 492 493 494 495 496 497"
228,497,3666,"53 55 67 82 85 92 93 94 96 100 102 104 106 110 115 116 117 119 121 124 126 128 129 132 134 135 136 138 140 141 143 144 150 152 153 154 155 156 159 160 161 162 164 165 168 170 171 174 175 176 177 180 182 183 185 186 187 188 189 190 195 196 198 200 201 203 204 205 207 208 209 210 212 213 215 216 217 220 221 224 225 228 230 231 232 234 238 240 242 243 244 245 246 247 250 252 253 255 258 259 260 261 264 266 268 270 272 273 275 276 279 280 282 285 286 287 288 290 294 295 296 297 299 300 301 304 306 308 310 312 315 318 319 320 322 323 325 328 329 330 333 336 340 341 342 344 345 348 350 351 352 354 355 357 360 363 364 368 369 370 371 372 374 375 377 378 380 384 385 390 391 392 396 399 400 402 403 405 406 407 408 413 414 416 418 420 423 424 425 427 429 430 432 434 435 437 440 441 442 444 448 450 451 455 456 459 460 462 464 465 468 469 470 473 475 476 477 480 481 483 486 490 492 493 494 495 496 497"
229,500,3531,"53 55 67 82 85 92 93 94 96 102 104 106 110 115 116 117 119 121 124 125 126 128 129 132 134 135 136 138 140 141 143 144 150 152 153 154 155 156 159 160 161 162 164 165 168 170 171 174 175 176 177 180 182 183 185 186 187 188 189 190 195 196 198 200 201 203 204 205 207 208 209 210 212 213 215 216 217 220 221 224 225 228 230 231 232 234 238 240 242 243 244 245 246 247 250 252 253 255 258 259 260 261 264 266 268 270 272 273 275 276 279 280 282 285 286 287 288 290 294 295 296 297 299 300 301 304 306 308 310 312 315 318 319 320 322 323 325 328 329 330 333 336 340 341 342 344 345 348 350 351 352 354 355 357 360 363 364 368 369 370 371 372 374 375 377 378 380 384 385 390 391 392 396 399 400 402 403 405 406 407 408 413 414 416 418 420 423 424 425 427 429 430 432 434 435 437 440 441 442 444 448 450 451 455 456 459 460 462 464 465 468 469 470 473 475 476 477 480 481 483 486 490 492 493 494 495 496 497 500"
230,504,333,"53 64 67 77 82 85 92 93 96 102 104 112 115 116 117 119 120 121 124 125 126 128 129 132 134 135 136 138 140 141 143 144 150 152 153 154 155 156 160 161 162 164 165 168 170 171 174 175 176 177 180 182 183 185 186 187 188 189 190 192 195 196 198 200 201 203 204 205 207 208 209 210 213 215 216 217 220 221 224 225 228 230 231 232 234 235 238 240 242 243 244 245 246 247 250 252 253 255 258 259 260 261 264 265 266 268 270 272 273 275 276 279 280 282 285 286 287 288 290 294 295 296 297 299 300 301 304 306 308 310 312 315 318 319 320 322 323 325 328 330 333 336 340 341 342 344 345 348 350 351 352 354 355 357 360 363 364 368 369 370 371 372 374 375 376 377 378 380 384 385 390 391 392 396 399 400 402 403 405 406 407 408 413 414 416 418 420 424 425 427 429 430 432 434 435 437 440 441 442 444 448 450 451 455 456 459 460 462 464 465 468 469 470 473 475 476 477 480 481 483 486 490 492 493 494 495 496 497 500 504"
231,510,34757,"41 53 67 69 91 93 96 102 104 106 110 115 116 117 119 120 121 123 124 125 126 128 129 130 132 134 135 136 140 141 144 150 152 153 154 155 156 159 160 161 162 165 168 170 171 174 175 176 177 180 182 183 184 185 186 188 189 190 195 196 198 200 201 203 204 205 207 208 209 210 212 213 215 216 217 220 221 224 225 228 230 231 232 234 235 238 240 242 243 244 245 246 247 250 252 253 255 258 259 260 261 264 266 268 270 272 273 275 276 279 280 282 285 286 287 288 290 294 295 296 297 299 300 301 304 306 308 310 312 315 318 319 320 322 323 325 328 330 333 336 340 341 342 344 345 348 350 351 352 354 355 357 360 363 364 368 369 370 371 372 374 375 376 377 378 380 384 385 390 391 392 396 399 400 402 403 405 406 407 408 410 413 414 416 418 420 424 425 427 429 430 432 434 435 437 440 441 442 444 448 450 451 455 456 459 460 462 464 465 468 469 470 473 475 476 477 480 481 483 486 490 492 493 494 495 496 497 500 504 506 510"
232,511,>= 7988637175,"30 53 73 82 93 96 99 102 104 106 110 116 117 119 120 121 124 125 126 128 129 132 134 135 136 138 140 141 143 144 146 150 152 153 154 155 156 159 160 162 164 165 168 170 171 174 175 176 177 180 182 183 184 185 186 188 189 190 195 196 198 200 203 204 205 208 209 210 212 213 215 216 217 220 221 224 225 228 230 231 232 234 235 238 240 242 243 244 245 246 247 250 252 253 255 258 259 260 261 264 266 268 270 272 273 275 276 279 280 282 285 286 287 288 290 292 294 295 296 297 299 300 301 304 306 308 310 312 315 318 319 320 322 323 325 328 330 333 335 336 340 341 342 344 345 348 350 351 352 354 355 357 360 363 364 365 368 369 370 371 372 374 375 376 377 378 380 384 385 390 391 392 396 399 400 402 403 405 406 407 408 413 414 416 418 420 424 425 427 429 430 432 434 435 437 438 440 441 442 444 448 450 451 455 456 459 460 462 464 465 468 470 473 475 476 477 480 481 483 486 490 492 493 494 495 496 497 500 504 506 510 511"
233,511,22036741,"39 53 73 82 93 96 99 102 104 106 110 116 117 119 120 121 124 125 126 128 129 130 132 134 135 136 138 140 141 143 144 146 150 152 153 154 155 156 159 160 162 164 165 168 170 171 174 175 176 177 180 182 183 184 185 186 188 189 190 195 196 198 200 203 204 205 208 209 210 212 213 215 216 217 220 221 224 225 228 230 231 232 234 235 238 240 242 243 244 245 246 247 250 252 253 255 258 259 260 261 264 266 268 270 272 273 275 276 279 280 282 285 286 287 288 290 292 294 295 296 297 299 300 301 304 306 308 310 312 315 318 319 320 322 323 325 328 330 333 335 336 340 341 342 344 345 348 350 351 352 354 355 357 360 363 364 365 368 369 370 371 372 374 375 376 377 378 380 384 385 390 391 392 396 399 400 402 403 405 406 407 408 413 414 416 418 420 424 425 427 429 430 432 434 435 437 438 440 441 442 444 448 450 451 455 456 459 460 462 464 465 468 470 473 475 476 477 480 481 483 486 490 492 493 494 495 496 497 500 504 506 510 511"
234,511,5305,"53 63 73 82 93 96 99 102 104 105 106 110 116 117 119 120 121 124 125 126 128 129 132 134 135 136 138 140 141 143 144 146 150 152 153 154 155 156 159 160 161 162 164 165 168 170 171 174 175 176 177 180 182 183 184 185 186 188 189 190 195 196 198 200 203 204 205 207 208 209 210 212 213 215 216 217 220 221 224 225 228 230 231 232 234 235 238 240 242 243 244 245 246 247 250 252 253 255 258 259 260 261 264 266 268 270 272 273 275 276 279 280 282 285 286 287 288 290 292 294 295 296 297 299 300 301 304 306 308 310 312 315 318 319 320 323 325 328 330 333 335 336 340 341 342 344 345 348 350 351 352 354 355 357 360 363 364 365 368 369 370 371 372 374 375 376 377 378 380 384 385 390 391 392 396 399 400 402 403 405 406 407 408 413 414 416 418 420 424 425 427 429 430 432 434 435 437 438 440 441 442 444 448 450 451 455 456 459 460 462 464 465 468 470 473 475 476 477 480 481 483 486 490 492 493 494 495 496 497 500 504 506 510 511"
235,513,41,"53 67 73 81 82 93 94 96 99 102 104 106 108 116 117 119 120 121 124 125 126 128 129 134 135 136 138 140 141 143 144 146 150 153 154 155 156 159 160 161 164 165 168 170 171 174 175 176 177 180 182 183 184 185 186 188 189 190 195 196 198 200 201 203 204 205 207 208 209 210 212 213 215 216 217 220 221 224 225 228 230 231 232 234 238 240 242 243 244 245 246 247 250 252 253 255 258 259 260 261 264 266 268 270 272 273 275 276 279 280 282 285 286 287 288 290 292 294 295 296 297 299 300 301 304 306 308 310 312 315 318 319 320 323 324 325 328 329 330 333 336 340 341 342 344 345 348 350 351 352 354 355 357 360 363 364 365 368 369 370 371 372 374 375 377 378 380 384 385 390 391 392 396 399 400 402 403 405 406 407 408 413 414 416 418 420 423 424 425 427 429 430 432 434 435 437 438 440 441 442 444 448 450 451 455 456 459 460 462 464 465 468 469 470 473 475 476 477 480 481 483 486 490 492 493 494 495 496 497 500 504 506 510 511 513"
236,516,41,"53 67 73 81 82 93 94 96 99 102 104 106 108 116 117 119 120 121 124 125 126 128 134 135 136 138 140 141 143 144 146 150 153 154 155 156 159 160 161 164 165 168 170 171 172 174 175 176 177 180 182 183 184 185 186 188 189 190 195 196 198 200 201 203 204 205 207 208 209 210 212 213 215 216 217 220 221 224 225 228 230 231 232 234 238 240 242 243 244 245 246 247 250 252 253 255 258 259 260 261 264 266 268 270 272 273 275 276 279 280 282 285 286 287 288 290 292 294 295 296 297 299 300 301 304 306 308 310 312 315 318 319 320 323 324 325 328 329 330 333 336 340 341 342 344 345 348 350 351 352 354 355 357 360 363 364 365 368 369 370 371 372 374 375 377 378 380 384 385 390 391 392 396 399 400 402 403 405 406 407 408 413 414 416 418 420 423 424 425 427 429 430 432 434 435 437 438 440 441 442 444 448 450 451 455 456 459 460 462 464 465 468 469 470 473 475 476 477 480 481 483 486 490 492 493 494 495 496 497 500 504 506 510 511 513 516"
237,517,4037,"53 64 67 73 81 82 93 94 96 102 104 106 112 116 117 119 120 121 124 125 128 132 134 136 138 140 141 143 144 146 150 153 154 155 156 159 160 164 165 168 170 171 172 174 175 176 177 180 182 183 184 185 186 188 189 190 192 195 196 198 200 201 203 204 205 208 209 210 212 213 215 216 217 220 221 224 225 228 230 231 232 234 235 238 240 242 243 244 245 246 247 250 252 253 255 258 259 260 261 264 266 268 270 272 273 275 276 279 280 285 286 287 288 290 292 294 295 296 297 299 300 301 304 306 308 310 312 315 318 319 320 322 323 324 325 328 329 330 333 336 340 341 342 344 345 348 350 351 352 354 355 357 360 363 364 365 368 369 370 371 372 374 375 376 377 378 380 384 385 390 391 392 396 399 400 402 403 405 406 407 408 413 414 416 418 420 423 424 425 427 429 430 432 434 435 437 438 440 441 442 444 448 450 451 455 456 459 460 462 464 465 468 469 470 473 475 476 477 480 481 483 486 490 492 493 494 495 496 497 500 504 506 510 511 513 516 517"
238,518,12716,"53 64 73 74 81 82 93 94 96 102 104 111 112 116 117 119 120 121 124 125 128 132 134 136 138 140 141 143 144 146 148 150 153 154 155 156 160 164 165 168 170 171 172 174 175 176 177 180 182 183 184 185 186 188 189 190 192 195 196 198 200 203 204 205 208 209 210 213 215 216 217 220 221 222 224 225 228 230 231 232 234 235 238 240 242 243 244 245 246 247 250 252 253 255 258 259 260 261 264 265 266 268 270 272 273 275 276 279 280 285 286 287 288 290 292 294 295 296 297 299 300 301 304 306 308 310 312 315 318 319 320 322 323 324 325 328 329 330 333 335 336 340 341 342 344 345 348 350 351 352 354 355 357 360 363 364 365 368 369 370 371 372 374 375 376 377 378 380 384 385 390 391 392 396 399 400 402 403 405 406 407 408 413 414 416 418 420 423 424 425 427 429 430 432 434 435 437 438 440 441 442 444 448 450 451 455 456 459 460 462 464 465 468 470 473 475 476 477 480 481 483 486 490 492 493 494 495 496 497 500 504 506 510 511 513 516 517 518"
239,520,7009,"53 64 73 74 81 82 93 94 96 102 111 112 116 117 119 120 121 124 125 128 130 132 134 136 138 140 141 143 144 146 148 150 153 154 155 156 160 164 165 168 170 171 172 174 175 176 177 180 182 183 184 185 186 188 189 190 192 195 196 198 200 203 204 205 208 209 210 213 215 216 217 220 221 222 224 225 228 230 231 232 234 235 238 240 242 243 244 245 246 247 250 252 253 255 258 259 260 261 264 265 266 268 270 272 273 275 276 279 280 285 286 287 288 290 292 294 295 296 297 299 300 301 304 306 308 310 312 315 318 319 320 322 323 324 325 328 329 330 333 335 336 340 341 342 344 345 348 350 351 352 354 355 357 360 363 364 365 368 369 370 371 372 374 375 376 377 378 380 384 385 390 391 392 396 399 400 402 403 405 406 407 408 413 414 416 418 420 423 424 425 427 429 430 432 434 435 437 438 440 441 442 444 448 450 451 455 456 459 460 462 464 465 468 470 473 475 476 477 480 481 483 486 490 492 493 494 495 496 497 500 504 506 510 511 513 516 517 518 520"
240,522,195,"53 67 73 74 81 82 93 94 96 102 106 111 117 119 121 124 125 126 128 130 132 134 136 138 140 141 143 144 145 146 148 150 153 154 155 156 159 160 164 165 168 170 171 172 175 176 177 180 182 183 184 185 186 188 189 190 195 196 198 200 201 203 204 205 208 209 210 212 213 215 216 217 220 221 222 224 225 228 230 231 232 234 235 238 240 242 243 244 245 246 247 250 252 253 255 258 259 260 261 264 266 268 270 272 273 275 276 279 280 285 286 287 288 290 292 294 295 296 297 299 300 301 304 306 308 310 312 315 318 319 320 322 323 324 325 328 329 330 333 336 340 341 342 344 345 348 350 351 352 354 355 357 360 363 364 365 368 369 370 371 372 374 375 376 377 378 380 384 385 390 391 392 396 399 400 402 403 405 406 407 408 413 414 416 418 420 423 424 425 427 429 430 432 434 435 437 438 440 441 442 444 448 450 451 455 456 459 460 462 464 465 468 469 470 473 475 476 477 480 481 483 486 490 492 493 494 495 496 497 500 504 506 510 511 513 516 517 518 520 522"
241,527,6962131,"41 53 64 73 74 81 94 96 100 110 111 112 117 121 123 124 125 126 128 130 134 136 138 140 141 143 144 145 146 148 150 153 154 156 160 165 168 170 171 172 175 176 177 180 182 183 184 185 186 187 188 189 190 192 195 196 198 200 203 204 205 208 209 210 213 215 216 217 220 221 222 224 225 228 230 231 232 234 235 238 240 242 243 244 245 246 247 248 250 252 253 255 258 259 260 261 264 265 266 268 270 272 273 275 276 279 280 285 286 287 288 290 292 294 295 296 297 299 300 301 304 306 308 310 312 315 318 319 320 322 323 324 325 328 329 330 333 335 336 340 341 342 344 345 348 350 351 352 354 355 357 360 363 364 365 368 369 370 371 372 374 375 376 377 378 380 384 385 390 391 392 396 399 400 402 403 405 406 407 408 410 413 414 416 418 420 423 424 425 427 429 430 432 434 435 437 438 440 441 442 444 448 450 451 455 456 459 460 462 464 465 468 470 473 475 476 477 480 481 483 486 490 492 493 494 495 496 497 500 504 506 510 511 513 516 517 518 520 522 525 527"
242,527,1626,"53 64 73 74 81 82 94 96 100 106 110 111 112 117 121 124 125 126 128 130 134 136 138 140 141 143 144 145 146 148 150 153 154 156 159 160 164 165 168 170 171 172 175 176 177 180 182 183 184 185 186 187 188 189 190 192 195 196 198 200 203 204 205 208 209 210 212 213 215 216 217 220 221 222 224 225 228 230 231 232 234 235 238 240 242 243 244 245 246 247 248 250 252 253 255 258 259 260 261 264 266 268 270 272 273 275 276 279 280 285 286 287 288 290 292 294 295 296 297 299 300 301 304 306 308 310 312 315 318 319 320 322 323 324 325 328 329 330 333 335 336 340 341 342 344 345 348 350 351 352 354 355 357 360 363 364 365 368 369 370 371 372 374 375 376 377 378 380 384 385 390 391 392 396 399 400 402 403 405 406 407 408 413 414 416 418 420 423 424 425 427 429 430 432 434 435 437 438 440 441 442 444 448 450 451 455 456 459 460 462 464 465 468 470 473 475 476 477 480 481 483 486 490 492 493 494 495 496 497 500 504 506 510 511 513 516 517 518 520 522 525 527"
243,528,93,"53 73 74 81 82 88 94 96 100 106 108 111 112 117 121 124 125 126 128 130 134 135 136 138 140 141 143 144 145 146 148 150 153 154 156 159 160 164 165 168 170 171 172 175 176 177 180 182 183 184 185 186 187 188 189 190 195 196 198 200 203 204 205 208 209 210 212 213 215 216 217 220 221 222 224 225 228 230 231 232 234 235 238 240 242 243 244 245 246 247 248 250 252 253 255 258 259 260 261 264 266 268 270 272 273 275 276 279 280 285 286 287 288 290 292 294 295 296 297 299 300 301 304 306 308 310 312 315 318 319 320 322 323 324 325 328 329 330 333 335 336 340 341 342 344 345 348 350 351 352 354 355 357 360 363 364 365 368 369 370 371 372 374 375 376 377 378 380 384 385 390 391 392 396 399 400 402 403 405 406 407 408 413 414 416 418 420 423 424 425 427 429 430 432 434 435 437 438 440 441 442 444 448 450 451 455 456 459 460 462 464 465 468 470 473 475 476 477 480 481 483 486 490 492 493 494 495 496 497 500 504 506 510 511 513 516 517 518 520 522 525 527 528"
244,530,145215,"41 73 74 81 88 94 96 100 108 111 112 117 120 121 123 124 125 126 128 130 134 135 136 138 140 141 143 144 145 146 148 150 153 154 156 159 160 165 168 170 171 172 175 176 177 180 182 183 184 185 186 187 188 189 190 195 196 198 200 203 204 205 208 209 210 212 213 215 216 217 220 221 222 224 225 228 230 231 232 234 235 238 240 242 243 244 245 246 247 248 250 252 253 255 258 259 260 261 264 265 266 268 270 272 273 275 276 279 280 285 286 287 288 290 292 294 295 296 297 299 300 301 304 306 308 310 312 315 318 319 320 322 323 324 325 328 329 330 333 335 336 340 341 342 344 345 348 350 351 352 354 355 357 360 363 364 365 368 369 370 371 372 374 375 376 377 378 380 384 385 390 391 392 396 399 400 402 403 405 406 407 408 410 413 414 416 418 420 423 425 427 429 430 432 434 435 437 438 440 441 442 444 448 450 451 455 456 459 460 462 464 465 468 470 473 475 476 477 480 481 483 486 490 492 493 494 495 496 497 500 504 506 510 511 513 516 517 518 520 522 525 527 528 530"
245,530,2,"73 74 81 82 88 94 96 100 108 110 111 112 117 120 121 124 125 126 128 130 132 134 135 136 138 140 141 143 144 145 146 148 150 153 154 156 159 160 164 165 168 170 171 172 175 176 177 180 182 183 184 185 186 187 188 189 190 195 196 198 200 203 204 205 208 209 210 212 213 215 216 217 220 221 222 224 225 228 230 231 232 234 235 238 240 242 243 244 245 246 247 248 250 252 253 255 258 259 260 261 264 265 266 268 270 272 273 275 276 279 280 285 286 287 288 290 292 294 295 296 297 299 300 301 304 306 308 310 312 315 318 319 320 322 323 324 325 328 329 330 333 335 336 340 341 342 344 345 348 350 351 352 354 355 357 360 363 364 365 368 369 370 371 372 374 375 376 377 378 380 384 385 390 391 392 396 399 400 402 403 405 406 407 408 413 414 416 418 420 423 425 427 429 430 432 434 435 437 438 440 441 442 444 448 450 451 455 456 459 460 462 464 465 468 470 473 475 476 477 480 481 483 486 490 492 493 494 495 496 497 500 504 506 510 511 513 516 517 518 520 522 525 527 528 530"
246,531,484,"64 73 74 81 82 94 96 100 108 110 111 117 118 120 121 124 125 128 130 132 134 135 136 138 140 141 143 144 145 146 148 150 153 156 159 160 164 165 168 170 171 172 175 176 177 180 182 183 184 185 186 187 188 189 190 192 195 196 198 200 203 204 205 208 209 210 212 213 215 216 217 220 221 222 224 225 228 230 231 232 234 235 236 238 240 242 243 244 245 246 247 248 250 252 253 255 258 259 260 261 264 265 266 268 270 272 273 275 276 279 280 285 286 287 288 290 292 294 295 296 297 299 300 301 304 306 308 310 312 315 318 319 320 322 323 324 325 328 329 330 333 335 336 340 341 342 344 345 348 350 351 352 355 357 360 363 364 365 368 369 370 371 372 374 375 376 377 378 380 384 385 390 391 392 396 399 400 402 403 405 406 407 408 413 414 416 418 420 423 425 427 429 430 432 434 435 437 438 440 441 442 444 448 450 451 455 456 459 460 462 464 465 468 470 472 473 475 476 477 480 481 483 486 490 492 493 494 495 496 497 500 504 506 510 511 513 516 517 518 520 522 525 527 528 530 531"
247,532,33,"73 74 81 82 88 94 96 100 108 111 112 117 118 120 121 124 125 128 130 133 134 135 136 138 140 141 143 144 145 146 148 150 152 153 154 156 159 160 164 165 168 170 171 172 175 176 177 180 182 183 184 185 186 187 188 189 195 196 198 200 203 204 205 208 209 210 212 213 215 216 217 220 221 222 224 225 228 230 231 232 234 235 236 238 240 242 243 244 245 246 247 248 250 252 253 255 258 259 260 261 264 265 266 268 270 272 273 275 276 279 280 285 286 287 288 290 292 294 295 296 297 299 300 301 304 306 308 310 312 315 318 319 320 322 323 324 325 328 329 330 333 335 336 340 341 342 344 345 348 350 351 352 355 357 360 363 364 365 368 369 370 371 372 374 375 376 377 378 380 384 385 390 391 392 396 399 400 402 403 405 406 407 408 413 414 416 418 420 423 425 427 429 430 432 434 435 437 438 440 441 442 444 448 450 451 455 456 459 460 462 464 465 468 470 472 473 475 476 477 480 481 483 486 490 492 493 494 495 496 497 500 504 506 510 511 513 516 517 518 520 522 525 527 528 530 531 532"
248,535,139326199,"37 73 81 82 94 96 100 107 108 118 120 121 124 125 126 128 132 133 134 135 136 138 140 141 143 144 145 146 148 150 152 153 154 156 159 160 161 164 165 168 170 171 172 175 177 180 182 183 184 185 186 187 188 189 195 196 198 200 203 204 205 207 208 209 210 212 213 215 216 217 220 221 224 225 228 230 231 232 234 235 236 238 240 242 243 244 245 246 247 248 250 252 253 255 258 259 260 261 264 265 266 268 270 272 273 275 276 279 280 285 286 287 288 290 292 294 295 296 297 299 300 301 304 306 308 310 312 315 318 319 320 321 323 324 325 328 329 330 333 335 336 340 341 342 344 345 348 350 351 352 355 357 360 363 364 365 368 369 370 371 372 374 375 376 377 378 380 384 385 390 391 392 396 399 400 402 403 405 406 407 408 410 413 414 416 418 420 423 425 427 428 429 430 432 434 435 437 438 440 441 442 444 448 450 455 456 459 460 462 464 465 468 470 472 473 475 476 477 480 481 483 486 490 492 493 494 495 496 497 500 504 506 510 511 513 516 517 518 520 522 525 527 528 530 531 532 533 535"
249,535,80705,"54 73 74 82 94 96 100 107 111 118 120 121 124 125 126 128 132 133 134 135 136 138 140 141 143 144 145 146 148 150 152 153 154 156 159 160 161 162 164 165 168 170 171 172 175 177 180 182 183 184 185 186 187 188 189 195 196 198 200 203 204 205 207 208 209 210 212 213 215 216 217 220 221 222 224 225 228 230 231 232 234 235 236 238 240 242 243 244 245 246 247 248 250 252 253 255 258 259 260 261 264 265 266 268 270 272 273 275 276 279 280 285 286 287 288 290 292 294 295 296 297 299 300 301 304 306 308 310 312 315 318 319 320 321 323 325 328 329 330 333 335 336 340 341 342 344 345 348 350 351 352 355 357 360 363 364 365 368 369 370 371 372 374 375 376 377 378 380 384 385 390 391 392 396 399 400 402 403 405 406 407 408 410 413 414 416 418 420 423 425 427 428 429 430 432 434 435 437 438 440 441 442 444 448 450 455 456 459 460 462 464 465 468 470 472 473 475 476 477 480 481 483 486 490 492 493 494 495 496 497 500 504 506 510 511 513 516 517 518 520 522 525 527 528 530 531 532 533 535"
250,535,1,"73 74 81 82 94 96 100 107 108 111 118 120 121 124 125 126 128 132 133 134 135 136 138 140 141 143 144 145 146 148 150 152 153 154 156 159 160 161 164 165 168 170 171 172 175 177 180 182 183 184 185 186 187 188 189 195 196 198 200 203 204 205 207 208 209 210 212 213 215 216 217 220 221 222 224 225 228 230 231 232 234 235 236 238 240 242 243 244 245 246 247 248 250 252 253 255 258 259 260 261 264 265 266 268 270 272 273 275 276 279 280 285 286 287 288 290 292 294 295 296 297 299 300 301 304 306 308 310 312 315 318 319 320 321 323 324 325 328 329 330 333 335 336 340 341 342 344 345 348 350 351 352 355 357 360 363 364 365 368 369 370 371 372 374 375 376 377 378 380 384 385 390 391 392 396 399 400 402 403 405 406 407 408 410 413 414 416 418 420 423 425 427 428 429 430 432 434 435 437 438 440 441 442 444 448 450 455 456 459 460 462 464 465 468 470 472 473 475 476 477 480 481 483 486 490 492 493 494 495 496 497 500 504 506 510 511 513 516 517 518 520 522 525 527 528 530 531 532 533 535"
251,539,11439,"64 69 73 74 81 82 94 107 111 114 115 118 120 121 124 125 126 128 132 136 140 141 143 144 145 146 147 148 152 153 154 156 159 161 164 165 168 170 171 172 175 176 177 180 182 183 184 185 186 187 188 189 190 192 195 196 198 200 203 204 205 207 208 210 212 213 215 216 217 220 221 222 224 225 228 230 231 232 234 235 236 238 240 242 243 244 245 246 247 248 250 252 253 255 258 259 260 261 264 265 266 268 270 272 273 275 276 279 280 285 286 287 288 290 292 294 295 296 297 299 300 301 304 306 308 310 312 315 318 319 320 321 322 323 324 325 328 329 330 333 335 336 340 341 342 344 345 348 350 351 352 355 357 360 363 364 365 368 369 370 371 372 374 375 376 377 378 380 384 385 390 391 392 396 399 400 403 405 406 407 408 410 413 414 416 418 420 423 425 427 428 429 430 432 434 435 437 438 440 441 442 444 448 450 455 456 459 460 462 464 465 468 469 470 472 473 475 476 477 480 481 483 486 490 492 493 494 495 496 497 500 504 506 510 511 513 516 517 518 520 522 525 527 528 530 531 532 533 535 536 539"
252,540,2947,"64 69 73 74 82 94 107 111 114 115 118 120 121 124 125 126 128 132 135 136 140 141 143 144 145 146 147 148 152 153 154 156 159 161 162 164 165 168 170 171 172 175 176 177 180 182 183 184 185 186 187 188 189 190 192 195 196 198 200 203 204 205 207 208 210 212 213 215 216 217 220 221 222 224 225 228 230 231 232 234 235 236 238 240 242 243 244 245 246 247 248 250 252 253 255 258 259 260 261 264 265 266 268 270 272 273 275 276 279 280 285 286 287 288 290 292 294 295 296 297 299 300 301 304 306 308 310 312 315 318 319 320 321 322 323 325 328 329 330 333 335 336 340 341 342 344 345 348 350 351 352 355 357 360 363 364 365 368 369 370 371 372 374 375 376 377 378 380 384 385 390 391 392 396 399 400 403 405 406 407 408 410 413 414 416 418 420 423 425 427 428 429 430 432 434 435 437 438 440 441 442 444 448 450 455 456 459 460 462 464 465 468 469 470 472 473 475 476 477 480 481 483 486 490 492 493 494 495 496 497 500 504 506 510 511 513 516 517 518 520 522 525 527 528 530 531 532 533 535 536 539 540"
253,544,46,"69 73 74 82 85 94 100 107 111 114 115 118 121 124 125 126 128 132 135 140 141 143 144 145 146 147 148 150 152 153 154 156 159 160 161 162 164 165 168 170 171 172 175 176 177 180 182 183 184 185 186 187 188 189 190 195 196 198 200 203 204 205 207 208 210 212 213 215 216 217 220 221 222 224 225 228 230 231 232 234 235 236 238 240 242 243 244 245 246 247 248 250 252 253 255 258 259 260 261 264 265 266 268 270 272 273 275 276 279 280 285 286 287 288 290 292 294 295 296 297 299 300 301 304 306 308 310 312 315 318 319 320 321 322 323 325 328 329 330 333 335 336 340 341 342 344 345 348 350 351 352 355 357 360 363 364 365 368 369 370 371 372 374 375 376 377 378 380 384 385 390 391 392 396 399 400 403 405 406 407 408 410 413 414 416 418 420 423 425 427 428 429 430 432 434 435 437 438 440 441 442 444 448 450 455 456 459 460 462 464 465 468 469 470 472 473 475 476 477 480 481 483 486 490 492 493 494 495 496 497 500 504 506 510 511 513 516 517 518 520 522 525 527 528 530 531 532 533 535 536 539 540 544"
254,546,22,"73 74 82 85 94 99 100 107 110 111 118 121 124 125 126 128 130 132 133 135 138 140 141 143 144 145 146 147 148 150 152 153 154 156 159 160 162 164 165 168 170 171 172 175 176 177 180 182 183 184 185 186 187 188 189 195 196 198 200 203 204 205 208 209 210 212 213 215 216 217 220 221 222 224 225 228 230 231 232 234 235 236 238 240 242 243 244 245 246 247 248 250 252 253 255 258 259 260 261 264 265 266 268 270 272 273 275 276 279 280 285 286 287 288 290 292 294 295 296 297 299 300 301 304 306 308 310 312 315 318 319 320 321 322 323 325 328 329 330 333 335 336 340 341 342 344 345 348 350 351 352 355 357 360 363 364 365 368 369 370 371 372 374 375 376 377 378 380 384 385 390 391 392 396 399 400 403 405 406 407 408 410 413 414 416 418 420 423 425 427 428 429 430 432 434 435 437 438 440 441 442 444 448 450 455 456 459 460 462 464 465 468 469 470 472 473 475 476 477 480 481 483 486 490 492 493 494 495 496 497 500 504 506 510 511 513 516 517 518 520 522 525 527 528 530 531 532 533 535 536 539 540 544 546"
255,549,262121,"51 73 74 82 94 99 100 107 111 118 119 121 124 125 128 130 133 135 136 138 140 141 143 144 145 146 147 148 150 152 154 156 159 160 162 164 165 168 170 171 172 175 176 177 180 182 183 184 185 186 187 188 189 195 196 198 200 203 204 205 208 209 210 212 213 215 216 217 220 221 222 224 225 228 230 231 232 234 235 236 238 240 242 243 244 245 246 247 248 250 252 253 255 258 259 260 261 264 265 266 268 270 272 273 275 276 279 280 285 286 287 288 290 292 294 295 296 297 299 300 301 304 305 306 308 310 312 315 318 319 320 321 322 323 325 328 329 330 333 335 336 340 341 342 344 345 348 350 351 352 355 357 360 363 364 365 366 368 369 370 371 372 374 375 376 377 378 380 384 385 390 391 392 396 399 400 403 405 406 407 408 410 413 414 416 418 420 423 425 428 429 430 432 434 435 437 438 440 441 442 444 448 450 455 456 459 460 462 464 465 468 469 470 472 473 475 476 477 480 481 483 486 488 490 492 493 494 495 496 497 500 504 506 510 511 513 516 517 518 520 522 525 527 528 530 531 532 533 535 536 539 540 544 546 549"
256,549,43,"73 74 82 85 94 99 100 107 111 118 120 121 124 125 126 128 130 133 135 138 141 143 144 145 146 147 148 150 152 153 154 156 159 160 161 162 164 165 168 170 171 172 175 176 177 180 182 183 184 185 186 187 188 189 195 196 198 200 203 204 205 207 208 209 210 212 213 215 216 217 220 221 222 224 225 228 230 231 232 234 235 236 238 240 242 243 244 245 246 247 248 250 252 253 255 258 259 260 261 264 265 266 268 270 272 273 275 276 279 280 285 286 287 288 290 292 294 295 296 297 299 300 301 304 305 306 308 310 312 315 318 319 320 321 323 325 328 329 330 333 335 336 340 341 342 344 345 348 350 351 352 355 357 360 363 364 365 366 368 369 370 371 372 374 375 376 377 378 380 384 385 390 391 392 396 399 400 403 405 406 407 408 410 413 414 416 418 420 423 425 428 429 430 432 434 435 437 438 440 441 442 444 448 450 455 456 459 460 462 464 465 468 469 470 472 473 475 476 477 480 481 483 486 488 490 492 493 494 495 496 497 500 504 506 510 511 513 516 517 518 520 522 525 527 528 530 531 532 533 535 536 539 540 544 546 549"
257,551,22,"73 74 82 85 87 94 107 111 112 116 118 121 124 125 126 128 130 132 135 138 140 141 143 144 145 146 147 148 150 153 154 156 159 160 161 162 164 165 168 170 171 172 175 177 180 182 183 184 185 186 187 188 189 190 195 196 198 200 203 204 205 207 208 209 210 212 213 215 216 217 220 221 222 224 228 230 231 232 234 235 236 238 240 242 243 244 245 246 247 248 250 252 253 255 258 259 260 261 264 265 266 268 270 272 273 275 276 279 280 285 286 287 288 290 292 294 295 296 297 299 300 301 304 305 306 308 310 312 315 318 319 320 321 323 325 328 329 330 333 335 336 340 341 342 344 345 348 350 351 352 355 357 360 363 364 365 366 368 369 370 371 372 374 375 376 377 378 380 384 385 390 391 392 396 399 400 403 405 406 407 408 410 413 414 416 418 420 423 425 428 429 430 432 434 435 437 438 440 441 442 444 448 450 455 456 459 460 462 464 465 468 469 470 472 473 475 476 477 480 481 483 486 488 490 492 493 494 495 496 497 500 504 506 510 511 513 516 517 518 520 522 525 527 528 530 531 532 533 535 536 539 540 544 546 549 550 551"
258,555,4,"73 82 85 87 92 94 107 111 112 115 116 118 121 124 125 126 128 130 132 135 138 140 141 143 144 145 146 147 148 150 153 154 156 159 160 161 162 164 165 168 170 171 172 175 177 180 182 183 186 187 188 189 190 195 196 198 200 203 204 205 207 208 209 210 212 213 215 216 217 220 221 222 224 228 230 231 232 234 235 236 238 240 242 243 244 245 246 247 248 250 252 253 255 258 259 260 261 264 265 266 268 270 272 273 275 276 279 280 285 286 287 288 290 292 294 295 296 297 299 300 301 304 305 306 308 310 312 315 318 319 320 321 322 323 325 328 329 330 333 335 336 340 341 342 344 345 348 350 351 352 355 357 360 363 364 365 366 368 369 370 371 372 374 375 376 377 378 380 384 385 390 391 392 396 399 400 403 405 406 407 408 410 413 414 416 418 420 423 425 428 429 430 432 434 435 437 438 440 441 442 444 448 450 455 456 459 460 462 464 465 468 469 470 472 473 475 476 477 480 481 483 486 488 490 492 493 494 495 496 497 500 504 506 510 511 513 516 517 520 522 525 527 528 530 531 532 533 535 536 539 540 544 546 549 550 551 552 555"
259,560,190670,"64 73 82 85 86 87 93 94 107 112 116 118 121 125 126 128 132 135 140 141 143 144 145 146 147 148 150 153 154 155 156 159 160 161 162 164 165 168 170 171 172 175 177 180 182 183 184 187 188 189 190 192 195 196 198 200 203 204 205 207 208 209 210 212 213 215 216 217 220 221 222 224 228 230 231 232 234 235 236 238 240 242 243 244 245 246 247 248 250 252 253 255 258 259 260 261 264 265 266 268 270 272 273 275 279 280 285 286 287 288 290 292 294 295 296 297 299 300 301 304 305 306 308 310 312 315 318 319 320 321 322 323 325 328 329 330 333 335 336 340 341 342 344 345 348 350 351 352 355 357 360 363 364 365 366 368 369 370 371 372 374 375 376 377 378 380 384 385 387 390 391 392 396 399 400 403 405 406 407 408 410 413 414 416 418 420 423 425 428 429 432 434 435 437 438 440 441 442 444 448 450 455 456 459 460 462 464 465 468 469 470 472 473 475 476 477 480 483 486 488 490 492 493 494 495 496 497 500 504 506 510 511 513 516 517 518 520 522 525 527 528 530 531 532 533 535 536 539 540 544 546 549 550 551 552 555 558 559 560"
260,561,277828,"63 73 82 92 93 94 99 107 112 115 118 119 121 125 126 128 129 132 135 136 138 140 141 143 144 146 147 148 150 153 154 155 156 159 160 161 162 164 165 168 171 172 174 175 176 177 180 182 183 187 188 189 190 195 196 198 200 204 205 207 208 209 210 212 213 216 217 220 221 222 224 228 230 231 232 234 235 236 238 240 242 243 244 245 246 247 248 250 252 253 255 258 259 260 261 264 265 266 268 270 272 273 275 276 279 280 285 286 287 288 290 292 294 295 296 297 299 300 304 305 306 308 310 312 315 318 319 320 321 322 323 325 328 329 330 333 335 336 340 341 342 344 345 348 350 351 352 355 357 360 363 364 365 366 368 369 370 371 372 374 375 376 377 378 380 384 385 387 390 391 392 396 399 400 403 405 406 407 408 410 413 414 416 418 420 423 425 428 429 430 432 434 435 437 438 440 441 442 444 448 450 455 456 459 460 462 464 465 468 469 470 472 473 475 476 477 480 483 486 488 490 492 493 494 495 496 497 500 504 506 510 511 513 516 517 518 520 522 525 527 528 530 531 532 533 535 536 539 540 544 546 549 550 551 552 555 558 559 560 561"
261,564,277828,"63 73 82 92 93 94 99 107 112 115 118 119 121 125 126 128 129 132 135 136 138 140 141 143 144 146 147 148 150 153 154 155 156 159 160 161 162 164 165 168 171 172 174 175 176 177 180 182 183 187 189 190 195 196 198 200 204 205 207 208 209 210 212 213 216 217 220 221 222 224 228 230 231 232 234 235 236 238 240 242 243 244 245 246 247 248 250 252 253 255 258 259 260 261 264 265 266 268 270 272 273 275 276 279 280 282 285 286 287 288 290 292 294 295 296 297 299 300 304 305 306 308 310 312 315 318 319 320 321 322 323 325 328 329 330 333 335 336 340 341 342 344 345 348 350 351 352 355 357 360 363 364 365 366 368 369 370 371 372 374 375 376 377 378 380 384 385 387 390 391 392 396 399 400 403 405 406 407 408 410 413 414 416 418 420 423 425 428 429 430 432 434 435 437 438 440 441 442 444 448 450 455 456 459 460 462 464 465 468 469 470 472 473 475 476 477 480 483 486 488 490 492 493 494 495 496 497 500 504 506 510 511 513 516 517 518 520 522 525 527 528 530 531 532 533 535 536 539 540 544 546 549 550 551 552 555 558 559 560 561 564"
262,567,988919,"63 73 82 92 93 94 99 100 107 112 115 118 119 121 125 126 128 129 132 136 138 140 141 143 144 146 147 148 150 153 154 155 156 159 160 161 164 165 168 171 172 174 176 177 180 182 183 187 189 190 195 196 198 200 204 205 207 208 209 210 212 213 216 217 220 221 222 224 225 228 230 231 232 234 235 236 238 240 242 243 244 245 246 247 248 250 252 253 255 258 259 260 261 264 265 266 268 270 272 273 275 276 279 280 282 285 286 287 288 290 292 294 295 296 297 299 300 304 305 306 308 310 312 315 318 319 320 321 322 323 324 325 328 329 330 333 335 336 340 341 342 344 345 348 350 351 352 355 357 360 363 364 365 366 368 369 370 371 372 374 375 376 377 378 380 384 385 387 390 391 392 396 399 400 403 405 406 407 408 410 413 414 416 418 420 423 425 428 429 430 432 434 435 437 438 440 441 442 444 448 450 455 456 459 460 462 464 465 468 469 470 472 473 475 476 477 480 483 486 488 490 492 493 494 495 496 497 500 504 506 510 511 513 516 517 518 520 522 525 527 528 530 531 532 533 535 536 539 540 544 546 549 550 551 552 555 558 559 560 561 564 567"
263,568,1200863,"63 73 82 92 93 94 99 102 107 112 115 118 119 121 125 126 128 129 132 138 140 141 142 143 144 146 147 148 153 154 155 156 159 160 161 164 165 168 170 171 172 174 176 177 180 182 183 187 189 190 195 196 198 200 204 205 207 208 209 210 212 213 216 217 220 221 222 224 225 228 230 231 232 234 235 236 238 240 242 243 244 245 246 247 248 250 252 253 255 258 259 260 261 264 265 266 268 270 272 273 275 276 279 280 282 285 286 287 288 290 292 294 295 296 297 299 300 304 305 306 308 310 312 315 318 319 320 321 322 323 324 325 328 329 330 333 335 336 340 341 342 344 345 348 350 351 352 357 360 363 364 365 366 368 369 370 371 372 374 375 376 377 378 380 384 385 387 390 391 392 396 399 400 403 405 406 407 408 410 413 414 416 418 420 423 425 426 428 429 430 432 434 435 437 438 440 441 442 444 448 450 455 456 459 460 462 464 465 468 469 470 472 473 475 476 477 480 483 486 488 490 492 493 494 495 496 497 500 504 506 510 511 513 516 517 518 520 522 525 527 528 530 531 532 533 535 536 539 540 544 546 549 550 551 552 555 558 559 560 561 564 567 568"
264,570,1199391,"63 73 82 92 93 94 99 107 112 115 118 119 121 125 126 128 129 132 136 138 140 141 142 143 144 146 147 148 152 153 154 155 156 159 160 161 164 165 168 171 172 174 176 177 180 182 183 187 189 190 195 196 198 200 204 205 207 208 209 210 212 213 216 217 220 221 222 224 225 228 230 231 232 234 235 236 238 240 242 243 244 245 246 247 248 250 252 253 255 258 259 260 261 264 265 266 268 270 272 273 275 276 279 280 282 285 286 287 288 290 292 294 295 296 297 299 300 304 305 306 308 310 312 315 318 319 320 321 322 323 324 325 328 329 330 333 335 336 340 341 342 344 345 348 350 351 352 357 360 363 364 365 366 368 369 370 371 372 374 375 376 377 378 380 384 385 387 390 391 392 396 399 400 403 405 406 407 408 410 413 414 416 418 420 423 425 426 428 429 430 432 434 435 437 438 440 441 442 444 448 450 455 456 459 460 462 464 465 468 469 470 472 473 475 476 477 480 483 486 488 490 492 493 494 495 496 497 500 504 506 510 511 513 516 517 518 520 522 525 527 528 530 531 532 533 535 536 539 540 544 546 549 550 551 552 555 558 559 560 561 564 567 568 570"
265,572,85217,"64 73 82 86 92 93 94 104 107 115 118 119 121 125 126 128 132 138 140 141 142 143 144 146 147 148 152 153 154 155 156 159 160 161 164 165 168 170 171 172 174 176 177 180 182 183 189 190 192 195 196 198 200 204 205 207 208 209 210 212 213 215 216 217 220 221 222 224 225 228 230 231 232 234 235 236 238 240 242 243 244 245 246 247 248 250 252 253 255 258 259 260 261 264 265 266 268 270 272 273 275 276 279 280 282 285 286 287 288 290 292 294 295 296 297 299 300 301 304 305 306 308 310 312 315 318 319 320 321 322 323 324 325 328 329 330 333 335 336 340 341 342 344 345 348 350 351 352 357 360 363 364 365 366 368 369 370 371 372 374 375 376 377 378 380 384 385 387 390 391 392 396 399 400 403 405 406 407 408 410 413 414 416 418 420 423 425 426 428 429 432 434 435 437 438 440 441 442 444 448 450 455 456 459 460 462 464 465 468 469 470 472 473 475 476 477 480 483 486 488 490 492 493 494 495 496 497 500 504 506 510 511 513 516 517 518 520 522 525 527 528 530 531 532 533 535 536 539 540 544 546 549 550 551 552 555 558 559 560 561 564 567 568 570 572"
266,574,209110,"64 73 86 92 93 94 100 107 112 115 118 119 121 125 126 128 130 132 136 138 140 141 142 143 144 146 147 148 150 152 153 154 155 159 160 161 165 168 171 172 174 177 180 182 183 187 189 190 192 195 196 198 200 204 205 207 208 209 210 212 213 215 216 217 220 221 222 224 225 228 230 231 232 234 235 236 238 240 242 243 244 245 247 248 250 252 253 255 258 259 260 261 264 265 266 268 270 272 273 275 276 279 280 282 285 286 287 288 290 292 294 295 296 297 299 300 301 304 305 306 308 310 312 315 318 319 320 321 322 323 324 325 328 329 330 333 335 336 340 341 342 344 345 348 350 351 352 357 360 363 364 365 366 368 369 370 371 372 374 375 376 377 378 380 384 385 387 390 391 392 396 399 400 403 405 406 407 408 410 413 414 416 418 420 423 425 426 428 429 432 434 435 437 438 440 441 442 444 448 450 451 455 456 459 460 462 464 465 468 469 470 472 473 475 476 477 480 483 486 488 490 492 493 494 495 496 497 500 504 506 510 511 513 516 517 518 520 522 525 527 528 530 531 532 533 535 536 539 540 544 546 549 550 551 552 555 558 559 560 561 564 567 568 570 572 574"
267,575,694736,"60 73 93 94 100 102 104 107 111 117 118 119 121 125 128 129 130 132 138 140 141 142 143 144 146 147 148 150 152 153 154 155 156 159 160 161 165 168 170 171 172 174 175 177 180 182 183 184 187 189 190 195 196 198 200 204 205 208 209 210 212 213 216 217 220 221 222 224 225 228 230 231 232 234 235 236 238 240 242 243 244 245 247 248 250 252 253 255 258 259 260 261 264 265 266 268 270 272 273 275 276 279 280 282 285 286 287 288 290 292 294 295 296 297 299 300 304 305 306 308 310 312 315 318 319 320 321 322 323 324 325 328 329 330 333 335 336 340 341 342 344 345 348 350 351 352 357 360 363 364 365 366 368 369 370 371 372 374 375 376 377 378 380 384 385 387 390 391 392 396 399 400 403 405 406 407 408 410 413 414 416 418 420 423 425 426 428 429 430 432 434 435 437 438 440 441 442 444 448 450 451 455 456 459 460 462 464 465 468 469 470 472 473 475 476 477 480 481 483 486 488 490 492 493 494 495 496 497 500 504 506 510 511 513 516 517 520 522 525 527 528 530 531 532 533 535 536 539 540 544 546 549 550 551 552 555 558 559 560 561 564 567 568 570 572 574 575"
268,575,4,"73 93 94 100 102 104 107 108 111 117 118 119 121 125 128 129 130 132 135 138 140 141 142 143 144 146 147 148 150 152 153 154 155 156 159 160 161 165 168 170 171 172 174 175 177 180 182 183 184 187 189 190 195 196 198 200 204 205 208 209 210 212 213 216 217 220 221 222 224 225 228 230 231 232 234 235 236 238 240 242 243 244 245 247 248 250 252 253 255 258 259 260 261 264 265 266 268 270 272 273 275 276 279 280 282 285 286 287 288 290 292 294 295 296 297 299 300 304 305 306 308 310 312 315 318 319 320 321 322 323 324 325 328 329 330 333 335 336 340 341 342 344 345 348 350 351 352 357 360 363 364 365 366 368 369 370 371 372 374 375 376 377 378 380 384 385 387 390 391 392 396 399 400 403 405 406 407 408 410 413 414 416 418 420 423 425 426 428 429 430 432 434 435 437 438 440 441 442 444 448 450 451 455 456 459 460 462 464 465 468 469 470 472 473 475 476 477 480 481 483 486 488 490 492 493 494 495 496 497 500 504 506 510 511 513 516 517 520 522 525 527 528 530 531 532 533 535 536 539 540 544 546 549 550 551 552 555 558 559 560 561 564 567 568 570 572 574 575"
269,576,168,"73 86 93 94 100 102 104 107 108 112 118 119 121 125 128 132 135 138 140 141 142 143 144 146 147 148 150 152 153 154 155 156 159 160 161 165 168 170 171 172 174 175 177 180 182 183 184 187 189 190 192 195 196 198 200 204 205 208 209 210 212 213 215 216 217 220 221 222 224 225 228 230 231 232 234 235 236 238 240 242 243 244 245 247 248 250 252 253 255 258 259 260 261 264 265 266 268 270 272 273 275 276 279 280 282 285 286 287 288 290 292 294 295 296 297 299 300 301 304 305 306 308 310 312 315 318 319 320 321 322 323 324 325 328 329 330 333 335 336 340 341 342 344 345 348 350 351 352 357 360 363 364 365 366 368 369 370 371 372 374 375 376 377 378 380 384 385 387 390 391 392 396 399 400 403 405 406 407 408 410 413 414 416 418 420 423 425 426 428 429 432 434 435 437 438 440 441 442 444 448 450 451 455 456 459 460 462 464 465 468 469 470 472 473 475 476 477 480 483 486 488 490 492 493 494 495 496 497 500 504 506 510 511 513 516 517 518 520 522 525 527 528 530 531 532 533 535 536 539 540 544 546 549 550 551 552 555 558 559 560 561 564 567 568 570 572 574 575 576"
270,580,38,"73 93 94 100 102 104 107 108 112 116 118 119 121 125 128 129 132 135 138 140 141 142 143 144 146 147 148 150 152 153 154 155 156 159 160 161 165 168 170 171 172 175 177 180 182 183 184 187 189 190 192 195 196 198 200 203 204 205 208 209 210 212 213 216 217 220 221 222 224 225 228 230 231 232 234 235 236 238 240 242 243 244 245 247 248 250 252 253 255 258 259 260 261 264 265 266 268 270 272 273 275 276 279 280 282 285 286 287 288 290 292 294 295 296 297 299 300 304 305 306 308 310 312 315 318 319 320 321 322 323 324 325 328 329 330 333 335 336 340 341 342 344 345 348 350 351 352 357 360 363 364 365 366 368 369 370 371 372 374 375 376 377 378 380 384 385 387 390 391 392 396 399 400 403 405 406 407 408 410 413 414 416 418 420 423 425 426 428 429 430 432 434 435 437 438 440 441 442 444 448 450 451 455 456 459 460 462 464 465 468 469 470 472 473 475 476 477 480 483 486 488 490 492 493 494 495 496 497 500 504 506 510 511 513 516 517 518 520 522 525 527 528 530 531 532 533 535 536 539 540 544 546 549 550 551 552 555 558 559 560 561 564 567 568 570 572 574 575 576 580"
271,581,5113703,"43 73 86 93 94 107 112 116 118 119 121 125 128 129 130 132 136 138 140 141 142 143 144 146 147 148 152 153 154 155 159 160 161 165 168 171 172 175 177 180 182 183 184 187 189 190 192 195 196 198 200 203 204 205 208 209 210 212 213 215 216 217 220 221 222 224 225 228 230 231 232 234 235 236 238 240 242 243 244 245 247 248 250 252 253 255 258 259 260 261 264 265 266 268 270 272 273 275 276 279 280 282 285 286 287 288 290 292 294 295 296 297 299 300 301 304 305 306 308 310 312 315 318 319 320 321 322 323 324 325 328 329 330 332 333 335 336 340 341 342 344 345 348 350 351 352 357 360 363 364 365 366 368 369 370 371 372 374 375 376 377 378 380 384 385 387 390 391 392 396 399 400 403 405 406 407 408 410 413 414 415 416 418 420 423 425 426 428 429 430 432 434 435 437 438 440 441 442 444 448 450 451 455 456 459 460 462 464 465 468 469 470 472 473 475 476 477 480 483 486 488 490 492 493 494 495 496 497 500 504 506 510 511 513 516 517 518 520 522 525 527 528 530 531 532 533 535 536 539 540 544 546 549 550 551 552 555 558 559 560 561 564 567 568 570 572 574 575 576 580 581"
272,581,398,"73 86 93 94 100 102 104 107 112 116 118 119 121 125 128 132 138 140 141 142 143 144 146 147 148 150 152 153 154 155 156 159 160 161 165 168 170 171 172 175 177 180 182 183 184 187 189 190 192 195 196 198 200 203 204 205 208 209 210 212 213 215 216 217 220 221 222 224 225 228 230 231 232 234 235 236 238 240 242 243 244 245 247 248 250 252 253 255 258 259 260 261 264 265 266 268 270 272 273 275 276 279 280 282 285 286 287 288 290 292 294 295 296 297 299 300 301 304 305 306 308 310 312 315 318 319 320 321 322 323 324 325 328 329 330 332 333 335 336 340 341 342 344 345 348 350 351 352 357 360 363 364 365 366 368 369 370 371 372 374 375 376 377 378 380 384 385 387 390 391 392 396 399 400 403 405 406 407 408 410 413 414 415 416 418 420 423 425 426 428 429 432 434 435 437 438 440 441 442 444 448 450 451 455 456 459 460 462 464 465 468 469 470 472 473 475 476 477 480 483 486 488 490 492 493 494 495 496 497 500 504 506 510 511 513 516 517 518 520 522 525 527 528 530 531 532 533 535 536 539 540 544 546 549 550 551 552 555 558 559 560 561 564 567 568 570 572 574 575 576 580 581"
273,582,4753050,"43 73 86 93 97 107 112 116 118 119 121 125 128 129 130 132 136 138 140 142 143 144 146 147 148 152 153 154 155 159 160 161 165 168 171 172 175 177 180 182 183 184 187 188 189 190 192 195 196 198 200 203 204 205 208 209 210 212 213 215 216 217 220 221 222 224 225 228 230 231 232 234 236 238 240 242 243 244 245 247 248 250 252 253 255 258 259 260 261 264 265 266 268 270 272 273 275 276 279 280 282 285 286 287 288 290 292 294 295 296 297 299 300 301 304 305 306 308 310 312 315 318 319 320 321 322 323 324 325 328 329 330 332 333 335 336 340 341 342 344 345 348 350 351 352 357 360 363 364 365 366 368 369 370 371 372 374 375 376 377 378 380 384 385 387 388 390 391 392 396 399 400 403 405 406 407 408 410 413 414 415 416 418 420 423 425 426 428 429 430 432 434 435 437 438 440 441 442 444 448 450 451 455 456 459 460 462 464 465 468 469 470 472 473 475 476 477 480 483 485 486 488 490 492 493 494 495 496 497 500 504 506 510 511 513 516 517 518 520 522 525 527 528 530 531 532 533 535 536 539 540 544 546 549 550 551 552 555 558 559 560 561 564 567 568 570 572 574 575 576 580 581 582"
274,582,398,"73 86 93 94 97 100 107 112 116 118 119 121 125 128 130 132 136 138 140 141 142 143 144 146 147 148 150 152 153 154 155 159 160 161 165 168 171 172 175 177 180 182 183 184 187 189 190 192 195 196 198 200 203 204 205 208 209 210 212 213 215 216 217 220 221 222 224 225 228 230 231 232 234 235 236 238 240 242 243 244 245 247 248 250 252 253 255 258 259 260 261 264 265 266 268 270 272 273 275 276 279 280 282 285 286 287 288 290 292 294 295 296 297 299 300 301 304 305 306 308 310 312 315 318 319 320 321 322 323 324 325 328 329 330 332 333 335 336 340 341 342 344 345 348 350 351 352 357 360 363 364 365 366 368 369 370 371 372 374 375 376 377 378 380 384 385 387 388 390 391 392 396 399 400 403 405 406 407 408 410 413 414 415 416 418 420 423 425 426 428 429 432 434 435 437 438 440 441 442 444 448 450 451 455 456 459 460 462 464 465 468 469 470 472 473 475 476 477 480 483 485 486 488 490 492 493 494 495 496 497 500 504 506 510 511 513 516 517 518 520 522 525 527 528 530 531 532 533 535 536 539 540 544 546 549 550 551 552 555 558 559 560 561 564 567 568 570 572 574 575 576 580 581 582"
275,585,44627,"70 73 93 94 97 100 107 116 117 118 119 121 125 128 129 130 138 140 141 142 143 144 146 147 148 150 152 153 154 155 156 159 160 161 165 168 170 171 172 175 176 177 180 182 183 184 189 190 192 195 196 198 200 203 204 205 208 209 210 213 216 217 220 221 222 224 225 228 230 231 232 234 235 236 238 240 242 243 244 245 247 248 250 252 253 255 258 259 260 261 264 265 266 268 270 272 273 275 276 279 280 282 285 286 287 288 290 292 294 295 296 297 299 300 304 305 306 308 310 312 315 319 320 321 322 323 324 325 328 329 330 332 333 335 336 340 341 342 344 345 348 350 351 352 357 360 363 364 365 366 368 369 370 371 372 374 375 376 377 378 380 384 385 387 388 390 391 392 396 399 400 403 405 406 407 408 410 413 414 415 416 418 420 423 424 425 426 428 429 430 432 434 435 437 438 440 441 442 444 448 450 451 455 456 459 460 462 464 465 468 469 470 472 473 475 476 477 480 483 485 486 488 490 492 493 494 495 496 497 500 504 506 510 511 513 516 517 518 520 522 525 527 528 530 531 532 533 535 536 539 540 544 546 549 550 551 552 555 558 559 560 561 564 567 568 570 572 574 575 576 580 581 582 583 585"
276,588,1463,"73 77 93 97 98 102 107 116 117 118 119 121 125 128 129 130 132 138 140 142 143 144 146 147 148 152 153 154 155 156 159 160 161 165 168 170 171 172 175 176 177 180 182 183 184 187 188 189 190 192 195 196 198 200 203 204 205 208 209 210 213 216 217 220 221 222 224 225 228 230 231 232 234 236 238 240 242 243 244 245 247 248 250 252 253 255 258 259 260 261 264 265 266 268 270 272 273 275 276 279 280 282 285 286 287 288 290 292 294 295 296 297 299 300 304 305 306 308 310 312 315 319 320 321 322 323 324 325 328 329 330 332 333 335 336 340 341 342 344 345 348 350 351 352 357 360 363 364 365 366 368 369 370 371 372 374 375 376 377 378 380 384 385 387 388 390 391 392 396 399 400 403 405 406 407 408 410 413 414 415 416 418 420 423 424 425 426 428 429 430 432 434 435 437 438 440 441 442 444 448 450 451 455 456 459 460 462 464 465 468 469 470 472 473 475 476 477 480 483 485 486 488 490 492 493 494 495 496 497 500 504 506 510 511 513 516 517 518 520 522 525 527 528 530 531 532 533 535 536 539 540 544 546 549 550 551 552 555 558 559 560 561 564 567 568 570 572 574 575 576 580 581 582 583 585 588"
277,589,56293,"63 73 97 98 107 116 117 118 119 121 124 125 126 128 129 130 133 138 140 142 143 144 146 147 148 152 153 154 155 156 159 160 161 165 168 170 171 172 175 176 177 180 182 183 184 186 188 189 190 192 195 196 198 200 203 204 205 208 209 210 213 216 217 220 221 222 224 225 228 230 231 232 234 236 238 240 242 243 244 245 247 248 250 252 253 255 258 259 260 261 264 265 266 268 270 272 273 275 276 279 280 282 285 286 287 288 290 292 294 295 296 297 299 300 304 305 306 308 310 312 315 319 320 321 322 323 324 325 328 329 330 332 333 335 336 340 341 342 344 345 348 350 351 352 357 360 363 364 365 366 368 369 370 371 372 374 375 376 377 378 380 384 385 387 388 390 391 392 396 399 400 403 405 406 407 408 410 413 414 415 416 418 420 423 424 425 426 428 429 430 432 434 435 437 438 440 441 442 444 448 450 451 455 456 459 460 462 464 465 468 469 470 472 473 475 476 477 480 483 485 486 488 490 492 493 494 495 496 497 500 504 506 510 511 513 516 517 518 520 522 525 527 528 530 531 532 533 535 536 539 540 544 546 549 550 551 552 555 558 559 560 561 564 567 568 570 572 574 575 576 580 581 582 583 585 588 589"
278,592,168337,"59 73 77 97 98 107 112 116 119 121 124 125 128 129 132 133 136 138 140 142 143 144 146 147 152 153 154 155 159 160 161 165 168 171 172 175 176 177 180 182 183 184 185 186 187 188 189 190 192 195 196 198 200 203 204 205 208 209 210 213 216 217 220 221 222 224 225 228 230 231 232 234 236 238 240 242 243 244 245 247 248 250 252 253 255 258 259 260 261 264 265 266 268 270 272 273 275 276 279 280 282 285 286 287 288 290 292 294 295 297 299 300 304 305 306 308 310 312 315 319 320 321 322 323 324 325 328 329 330 332 333 335 336 340 341 342 344 345 348 350 351 352 354 357 360 363 364 365 366 368 369 370 371 372 374 375 376 377 378 380 384 385 387 388 390 391 392 396 399 400 403 405 406 407 408 410 413 414 415 416 418 420 423 424 425 426 428 429 430 432 434 435 437 438 440 441 442 444 448 450 451 455 456 459 460 462 464 465 468 469 470 472 473 475 476 477 480 481 483 485 486 488 490 492 493 494 495 496 497 500 504 506 510 511 513 516 517 518 520 522 525 527 528 530 532 533 535 536 539 540 544 546 549 550 551 552 555 558 559 560 561 564 567 568 570 572 574 575 576 580 581 582 583 585 588 589 590 592"
279,594,45682,"59 73 85 97 98 107 112 116 121 124 125 128 129 132 133 135 136 138 140 142 143 144 146 147 152 153 154 155 159 160 161 165 168 170 171 172 175 176 177 180 182 183 184 185 186 188 189 190 192 195 196 198 200 203 204 205 208 209 210 213 216 217 220 221 222 224 225 228 230 231 232 234 236 238 240 242 243 244 245 247 248 250 252 253 255 258 259 260 261 264 265 266 268 270 272 273 275 276 279 280 282 285 286 287 288 290 292 294 295 297 299 300 304 305 306 308 310 312 315 319 320 321 322 323 324 325 328 329 330 332 333 335 336 340 341 342 344 345 348 350 351 352 354 357 360 363 364 365 366 368 369 370 371 372 374 375 376 377 378 380 384 385 387 388 390 391 392 396 399 400 403 405 406 407 408 410 413 414 415 416 418 420 423 424 425 426 428 429 430 432 434 435 437 438 440 441 442 444 448 450 451 455 456 459 460 462 464 465 468 469 470 472 473 475 476 477 480 481 483 485 486 488 490 492 493 494 495 496 497 500 504 506 510 511 513 516 517 518 520 522 525 527 528 530 532 533 535 536 539 540 544 546 549 550 551 552 555 558 559 560 561 564 567 568 570 572 574 575 576 580 581 582 583 585 588 589 590 592 594"
280,595,1024,"73 85 86 94 97 98 107 110 116 120 121 124 125 126 128 133 135 138 140 141 142 143 146 147 152 153 154 155 159 160 161 165 168 170 171 172 175 176 180 182 183 184 185 186 187 189 190 192 195 196 198 200 203 204 205 208 209 210 213 215 216 217 220 221 222 224 225 228 230 231 232 234 235 238 240 242 243 244 245 247 248 250 252 253 255 258 259 260 261 264 265 266 268 270 272 273 275 276 279 280 282 285 286 287 288 290 292 294 295 297 299 300 301 304 305 306 308 310 312 315 319 320 321 322 323 324 325 328 329 330 332 333 335 336 340 341 342 344 345 348 350 351 352 357 360 363 364 365 366 368 369 370 371 372 374 375 376 377 378 380 384 385 387 388 390 391 392 396 399 400 403 405 406 407 408 410 413 414 415 416 418 420 423 424 425 426 428 429 432 434 435 437 438 440 441 442 444 448 450 451 455 456 459 460 462 464 465 468 469 470 472 473 475 476 477 480 481 483 485 486 488 490 492 493 494 495 496 497 500 504 506 510 511 513 516 517 518 520 522 525 527 528 530 531 532 533 535 536 539 540 544 546 549 550 551 552 555 558 559 560 561 564 567 568 570 572 574 575 576 580 581 582 583 585 588 589 590 592 594 595"
281,598,438,"73 85 94 97 98 107 110 112 116 121 124 125 126 128 129 133 135 138 140 141 142 143 144 146 147 152 153 154 155 156 159 160 161 165 168 170 171 172 175 176 180 183 185 186 187 189 190 192 195 196 198 200 203 204 205 207 208 209 210 213 216 217 220 221 222 224 225 228 230 231 232 234 235 238 240 242 243 244 245 247 248 250 252 253 255 258 259 260 261 264 265 266 268 270 272 273 275 276 279 280 282 285 286 287 288 290 292 294 295 297 299 300 304 305 306 308 310 312 315 319 320 321 322 323 324 325 328 329 330 332 333 335 336 340 341 342 344 345 348 350 351 352 357 360 363 364 365 366 368 369 370 371 372 374 375 376 377 378 380 384 385 387 388 390 391 392 396 399 400 403 405 406 407 408 410 413 414 415 416 418 420 423 424 425 426 428 429 430 432 434 435 437 438 440 441 442 444 448 450 451 455 456 459 460 462 464 465 468 469 470 472 473 475 476 477 480 481 483 485 486 488 490 492 493 494 495 496 497 500 504 506 510 511 513 516 517 518 520 522 525 527 528 530 531 532 533 535 536 539 540 544 546 549 550 551 552 555 558 559 560 561 564 567 568 570 572 574 575 576 580 581 582 583 585 588 589 590 592 594 595 598"
282,600,219,"73 85 97 98 104 107 110 116 117 121 124 125 126 128 129 130 133 135 138 142 143 146 147 150 152 153 154 155 156 159 160 161 165 168 170 171 172 175 176 180 182 183 185 186 187 188 189 190 192 195 196 198 200 203 204 205 207 208 209 210 213 216 217 220 221 222 224 225 228 230 231 232 234 238 240 242 243 244 245 247 248 250 252 253 255 258 259 260 261 264 265 266 268 270 272 273 275 276 279 280 282 285 286 287 288 290 292 294 295 297 299 300 304 305 306 308 310 312 315 319 320 321 322 323 324 325 328 329 330 332 333 335 336 340 341 342 344 345 348 350 351 352 357 360 363 364 365 366 368 369 370 371 372 374 375 376 377 378 380 384 385 387 388 390 391 392 396 399 400 403 405 406 407 408 410 413 414 415 416 418 420 423 424 425 426 428 429 430 432 434 435 437 438 440 441 442 444 448 450 451 455 456 459 460 462 464 465 468 469 470 472 473 475 476 477 480 481 483 485 486 488 490 492 493 494 495 496 497 500 504 506 510 511 513 516 517 518 520 522 525 527 528 530 531 532 533 535 536 539 540 544 546 549 550 551 552 555 558 559 560 561 564 567 568 570 572 574 575 576 580 581 582 583 585 588 589 590 592 594 595 598 600"
283,603,5196,"59 97 98 107 110 112 116 118 121 124 125 126 128 129 133 134 135 138 140 142 143 144 147 150 152 153 154 155 156 159 160 161 165 168 170 171 172 175 176 177 180 183 185 186 187 188 189 190 192 195 196 198 200 201 203 205 207 208 209 210 213 215 216 217 220 221 222 224 225 228 230 231 232 234 236 238 240 242 243 244 245 247 248 250 252 253 255 259 260 261 264 265 266 268 270 272 273 275 276 279 280 282 285 286 287 288 290 294 295 297 299 300 301 304 305 306 308 310 312 315 319 320 321 322 323 324 325 328 329 330 332 333 336 340 341 342 344 345 348 350 351 352 354 357 360 363 364 366 368 369 370 371 372 374 375 376 377 378 380 384 385 388 390 391 392 396 399 400 403 405 406 407 408 410 414 415 416 418 420 423 424 425 426 428 429 430 432 434 435 437 438 440 441 442 444 448 450 451 455 456 459 460 462 464 465 468 469 470 472 473 475 476 477 480 481 483 485 486 488 490 492 493 494 495 496 497 500 504 506 510 511 513 516 517 518 520 522 525 527 528 530 531 532 533 535 536 539 540 544 546 549 550 551 552 555 558 559 560 561 564 567 568 570 572 574 575 576 580 581 582 583 584 585 588 589 590 592 594 595 598 600 602 603"
284,605,801014,"59 67 73 85 97 98 107 116 124 125 128 130 132 133 134 135 138 140 142 144 146 147 150 152 153 155 159 160 161 165 168 170 171 175 177 180 182 183 185 186 187 188 189 190 192 195 196 198 200 201 203 204 205 207 208 209 210 213 216 217 220 221 222 224 225 228 230 231 232 234 236 238 240 242 243 244 245 247 248 250 252 253 255 258 259 260 261 264 265 266 270 272 273 275 276 279 280 282 285 286 287 288 290 292 294 295 297 299 300 304 305 306 308 310 312 315 319 320 321 322 323 324 325 328 329 330 332 333 335 336 340 341 342 344 345 348 350 351 352 354 357 360 363 364 365 366 368 369 370 371 372 374 375 376 377 378 380 384 385 387 388 390 391 392 396 399 400 402 403 405 406 407 408 410 413 414 415 416 418 420 423 424 425 426 428 429 430 432 434 435 437 438 440 441 442 444 448 450 451 455 456 459 460 462 464 465 468 469 470 472 473 475 476 477 480 481 483 484 485 486 488 490 492 493 494 495 496 497 500 504 506 510 511 513 516 517 518 520 522 525 527 528 530 532 533 535 536 539 540 544 546 549 550 551 552 555 558 559 560 561 564 567 568 570 572 574 575 576 580 581 582 583 585 588 589 590 592 594 595 598 600 602 603 605"
285,608,12652,"59 67 97 98 107 110 114 116 118 124 125 126 128 129 130 133 134 135 138 142 144 147 150 152 153 154 155 159 161 165 168 170 171 172 175 176 177 180 182 183 185 186 187 188 189 190 192 195 196 198 200 201 203 205 207 208 209 210 213 215 216 217 220 221 222 224 225 228 230 231 232 234 236 238 240 242 243 244 245 247 248 250 252 253 255 259 260 261 264 265 266 270 272 273 275 276 279 280 282 285 286 287 288 290 294 295 297 299 300 301 304 305 306 308 310 312 315 319 320 321 322 323 324 325 328 329 330 332 333 335 336 340 341 342 344 345 348 350 351 352 354 357 360 363 364 366 368 369 370 371 372 374 375 376 377 378 380 384 385 388 390 391 392 396 399 400 402 403 405 406 407 408 410 414 415 416 418 420 423 424 425 426 428 429 430 432 434 435 437 438 440 441 442 444 448 450 451 455 456 459 460 462 464 465 468 469 470 472 473 475 476 477 480 481 483 484 485 486 488 490 492 493 494 495 496 497 500 504 506 510 511 513 516 517 518 520 522 525 527 528 530 531 532 533 535 536 539 540 544 546 549 550 551 552 555 558 559 560 561 564 567 568 570 572 574 575 576 580 581 582 583 584 585 588 589 590 592 594 595 598 600 602 603 605 608"
286,609,73333,"59 67 85 97 98 107 110 114 116 124 125 128 130 133 134 135 138 142 144 145 147 150 152 153 154 155 159 161 165 168 170 171 174 175 176 177 180 182 183 185 186 187 188 189 190 192 195 196 198 200 201 203 204 205 207 208 209 210 213 216 217 220 221 222 224 225 228 230 231 232 234 236 238 240 242 243 244 245 247 248 250 252 253 255 258 259 260 261 264 265 266 270 272 273 275 276 279 280 282 285 286 287 288 290 294 295 297 299 300 304 305 306 308 310 312 315 319 320 321 322 323 324 325 328 329 330 332 333 335 336 340 341 342 344 345 348 350 351 352 354 357 360 363 364 366 368 369 370 371 372 374 375 376 377 378 380 384 385 387 388 390 391 392 396 399 400 402 403 405 406 407 408 410 413 414 415 416 418 420 423 424 425 426 428 429 430 432 434 435 437 438 440 441 442 444 448 450 451 455 456 459 460 462 464 465 468 469 470 472 473 475 476 477 480 481 483 484 485 486 488 490 492 493 494 495 496 497 500 504 506 510 511 513 516 517 518 520 522 525 527 528 530 532 533 535 536 539 540 544 546 549 550 551 552 555 558 559 560 561 564 567 568 570 572 574 575 576 580 581 582 583 584 585 588 589 590 592 594 595 598 600 602 603 605 608 609"
287,610,826,"59 97 98 107 110 114 116 118 124 125 126 128 129 130 133 134 135 138 140 142 144 145 147 150 152 153 154 155 159 161 165 168 170 171 172 174 175 176 177 180 182 185 186 187 188 189 190 192 195 196 198 200 201 203 205 207 208 209 210 213 215 216 217 220 221 222 224 225 228 230 231 232 234 236 238 240 242 243 244 245 247 248 250 252 253 255 259 260 261 264 265 266 268 270 272 273 275 276 279 280 282 285 286 287 288 290 294 295 297 299 300 301 304 306 308 310 312 315 319 320 321 322 323 324 325 328 329 330 332 333 336 340 341 342 344 345 348 350 351 352 354 357 360 363 364 366 368 369 370 371 372 374 375 376 377 378 380 384 385 388 390 391 392 396 399 400 403 405 406 407 408 410 414 415 416 418 420 423 424 425 426 427 428 429 430 432 434 435 437 438 440 441 442 444 448 450 451 455 456 459 460 462 464 465 468 469 470 472 473 475 476 477 480 481 483 484 485 486 488 490 492 493 494 495 496 497 500 504 506 510 511 513 516 517 518 520 522 525 527 528 530 531 532 533 535 536 539 540 544 546 549 550 551 552 555 558 559 560 561 564 567 568 570 572 574 575 576 580 581 582 583 584 585 588 589 590 592 594 595 598 600 602 603 605 608 609 610"
288,612,21564,"59 67 97 98 107 110 114 116 120 124 125 128 133 134 135 136 138 142 144 145 147 150 152 153 154 155 156 159 161 165 168 170 171 174 175 176 177 180 182 185 186 187 188 189 190 192 195 196 198 200 201 203 204 205 207 208 209 210 213 216 217 220 221 222 224 225 228 230 231 232 234 235 236 238 240 242 243 244 245 247 248 250 252 253 255 258 259 260 261 264 265 266 270 272 273 275 276 279 280 282 285 286 287 288 290 294 295 297 299 300 304 306 308 310 312 315 319 320 321 322 323 324 325 328 330 332 333 335 336 340 341 342 344 345 348 350 351 352 354 357 360 363 364 366 368 369 370 371 372 374 375 376 377 378 380 384 385 387 388 390 391 392 396 399 400 402 403 405 406 407 408 410 413 414 415 416 418 420 424 425 426 427 428 429 430 432 434 435 437 438 440 441 442 444 448 450 451 455 456 459 460 462 464 465 468 469 470 472 473 475 476 477 480 481 483 484 485 486 488 490 492 493 494 495 496 497 500 504 506 510 511 513 516 517 518 520 522 525 527 528 530 532 533 535 536 539 540 544 546 549 550 551 552 555 558 559 560 561 564 567 568 570 572 574 575 576 580 581 582 583 584 585 588 589 590 592 594 595 598 600 602 603 605 608 609 610 611 612"
289,615,436,"61 97 98 107 110 114 116 120 122 123 124 125 128 133 134 135 136 138 142 144 145 147 150 152 153 154 155 156 159 161 165 168 170 171 174 175 176 180 182 183 185 186 187 188 189 190 192 195 196 198 200 201 203 204 205 207 208 209 210 213 216 217 220 221 222 224 225 228 230 231 232 234 235 238 240 242 243 244 245 246 247 248 250 252 253 255 258 259 260 261 264 265 266 268 270 272 273 275 276 279 280 282 285 286 287 288 290 294 295 297 299 300 304 305 306 308 310 312 315 319 320 321 322 323 324 325 328 330 332 333 336 340 341 342 344 345 348 350 351 352 357 360 363 364 366 368 370 371 372 374 375 376 377 378 380 384 385 387 388 390 391 392 396 399 400 403 405 406 407 408 410 413 414 415 416 418 420 424 425 426 427 428 429 430 432 434 435 437 438 440 441 442 444 448 450 451 455 456 459 460 462 464 465 468 469 470 472 473 475 476 477 480 481 483 484 485 486 488 490 492 493 494 495 496 497 500 504 506 510 511 513 516 517 518 520 522 525 527 528 530 531 532 533 535 536 539 540 544 546 549 550 551 552 555 558 559 560 561 564 567 568 570 572 574 575 576 580 581 582 583 584 585 588 589 590 592 594 595 598 600 602 603 605 608 609 610 611 612 615"
290,616,27,"67 97 98 107 114 116 123 124 125 126 128 129 130 132 133 134 135 136 138 140 142 144 145 147 150 152 153 154 155 159 161 168 170 171 172 174 175 176 180 182 185 186 187 188 189 190 192 195 196 198 200 201 203 204 205 207 208 209 210 213 215 216 217 220 221 222 224 225 228 230 231 232 234 238 240 242 243 244 245 246 247 248 250 252 253 255 259 260 261 264 265 266 270 272 273 275 276 279 280 282 285 286 287 288 290 294 295 297 299 300 301 304 306 308 310 312 315 319 320 321 322 323 324 325 328 329 330 332 333 335 336 340 341 342 344 345 348 350 351 352 357 360 363 364 366 368 370 371 372 374 375 376 377 378 380 384 385 388 390 391 392 396 399 400 402 403 405 406 407 408 410 413 414 415 416 418 420 423 424 425 426 427 428 429 430 432 434 435 437 438 440 441 442 444 448 450 451 455 456 459 460 462 464 465 468 469 470 472 473 475 476 477 480 481 483 484 485 486 488 490 492 493 494 495 496 497 500 504 506 510 511 513 516 517 518 520 522 525 527 528 530 531 532 533 535 536 539 540 544 546 549 550 551 552 555 558 559 560 561 564 567 568 570 572 574 575 576 580 581 582 583 584 585 588 589 590 592 594 595 598 600 602 603 605 608 609 610 612 615 616"
291,621,34,"67 97 98 107 114 115 116 120 123 125 126 128 129 132 133 134 136 138 140 142 144 145 147 150 152 153 154 156 159 161 168 170 171 172 174 175 176 180 182 184 185 186 187 188 189 190 192 195 196 198 200 201 203 204 205 207 208 209 210 213 215 216 217 220 221 222 224 225 228 230 231 232 234 238 240 242 243 244 245 246 247 248 250 252 253 255 259 260 261 264 265 266 270 272 273 275 276 279 280 282 285 286 287 288 290 294 295 297 299 300 301 304 306 308 310 312 315 319 320 321 322 323 324 325 328 329 330 332 333 335 336 340 341 342 344 345 348 350 351 352 357 360 363 364 366 368 370 371 372 374 375 376 377 378 380 384 385 388 390 391 392 396 399 400 402 405 406 407 408 410 413 414 415 416 418 420 423 424 425 426 427 428 429 430 432 434 435 437 438 440 441 442 444 448 450 451 455 456 459 460 462 464 465 468 469 470 472 473 475 476 477 480 481 483 484 485 486 488 490 492 493 494 495 496 497 500 504 506 510 511 513 516 517 518 520 522 525 527 528 530 531 532 533 535 536 539 540 544 546 549 550 551 552 555 558 559 560 561 564 567 568 570 572 574 575 576 580 581 582 583 584 585 588 589 590 592 594 595 598 600 602 603 605 608 609 610 612 615 616 620 621"
292,623,33650232,"47 93 97 98 107 114 115 116 123 124 125 128 132 133 134 138 140 141 142 144 145 147 150 152 154 155 156 159 161 168 170 171 174 175 176 178 180 182 184 185 186 187 189 190 192 195 196 198 200 201 203 204 205 207 208 209 210 213 216 217 220 221 222 224 225 228 230 231 232 234 235 238 240 242 243 244 245 246 247 250 252 253 255 258 259 260 261 264 265 266 268 270 272 273 275 276 279 280 282 285 286 287 288 290 294 295 297 299 300 304 306 308 310 312 315 319 320 321 322 323 324 325 328 329 330 332 333 336 340 341 342 344 345 348 350 351 352 356 357 360 363 364 366 368 370 371 372 374 375 377 378 380 384 385 387 388 390 391 392 396 399 400 403 405 406 407 408 410 413 414 415 416 418 420 423 424 425 426 427 428 429 430 432 434 435 437 438 440 441 442 444 448 450 451 455 456 459 460 462 464 465 468 469 470 472 473 475 476 477 480 481 483 484 485 486 488 490 492 493 494 495 496 497 500 504 506 510 511 513 516 517 518 520 522 525 527 528 530 531 532 533 534 535 536 539 540 544 546 549 550 551 552 555 558 559 560 561 564 567 568 570 572 574 575 576 580 581 582 583 584 585 588 589 590 592 594 595 598 600 602 603 605 608 609 610 611 612 615 616 620 621 623"
293,623,7627,"59 97 98 107 114 115 116 120 123 125 128 132 133 134 136 138 140 142 144 145 147 150 152 153 154 156 159 161 168 170 171 174 175 176 177 178 180 182 184 185 186 187 188 189 190 192 195 196 198 200 201 203 204 205 207 208 209 210 213 216 217 220 221 222 224 225 228 230 231 232 234 236 238 240 242 243 244 245 246 247 248 250 252 253 255 258 259 260 261 264 265 266 268 270 272 273 275 276 279 280 282 285 286 287 288 290 294 295 297 299 300 304 306 308 310 312 315 319 320 321 322 323 324 325 328 329 330 332 333 336 340 341 342 344 345 348 350 351 352 354 356 357 360 363 364 366 368 370 371 372 374 375 376 377 378 380 384 385 387 388 390 391 392 396 399 400 405 406 407 408 410 413 414 415 416 418 420 423 424 425 426 427 428 429 430 432 434 435 437 438 440 441 442 444 448 450 451 455 456 459 460 462 464 465 468 469 470 472 473 475 476 477 480 481 483 484 485 486 488 490 492 493 494 495 496 497 500 504 506 510 511 513 516 517 518 520 522 525 527 528 530 532 533 534 535 536 539 540 544 546 549 550 551 552 555 558 559 560 561 564 567 568 570 572 574 575 576 580 581 582 583 584 585 588 589 590 592 594 595 598 600 602 603 605 608 609 610 612 615 616 620 621 623"
294,624,743,"61 97 98 107 114 115 116 122 123 125 128 130 132 133 134 138 140 142 143 144 145 147 150 152 154 156 159 161 165 168 170 171 174 175 178 180 182 183 184 185 186 187 188 189 190 192 195 196 198 200 201 203 204 205 207 208 209 210 213 216 217 220 221 222 224 225 228 230 231 232 234 238 240 242 243 244 245 246 247 248 250 252 253 255 258 259 260 261 264 265 266 268 270 272 273 275 276 279 280 282 285 286 287 288 290 294 295 297 299 300 304 305 306 308 310 312 315 319 320 321 322 323 324 325 328 329 330 332 333 336 340 341 342 344 345 348 350 351 352 356 357 360 363 364 366 368 370 371 372 374 375 376 377 378 380 384 385 387 388 390 391 392 396 399 400 405 406 407 408 410 413 414 415 416 418 420 423 424 425 426 427 428 429 430 432 434 435 437 438 440 441 442 444 448 450 451 455 456 459 460 462 464 465 468 469 470 472 473 475 476 477 480 481 483 484 485 486 488 490 492 493 494 495 496 497 500 504 506 510 511 513 516 517 518 520 522 525 527 528 530 531 532 533 534 535 536 539 540 544 546 549 550 551 552 555 558 559 560 561 564 567 568 570 572 574 575 576 580 581 582 583 584 585 588 589 590 592 594 595 598 600 602 603 605 608 609 610 612 615 616 620 621 623 624"
295,627,1,"95 97 98 107 114 115 116 123 125 128 129 130 132 133 134 136 138 140 142 143 145 147 150 152 153 156 159 161 165 168 170 171 172 174 175 176 178 180 182 184 185 186 187 188 189 190 192 195 196 198 200 201 203 204 205 207 208 209 210 213 215 216 217 220 221 222 224 225 228 230 231 232 234 238 240 242 243 244 245 246 247 248 250 252 253 255 259 260 261 264 265 266 268 270 272 273 275 276 279 280 282 285 286 287 288 290 294 295 297 299 300 301 304 306 308 310 312 315 319 320 321 322 323 324 325 328 329 330 332 333 336 340 341 342 344 345 348 350 351 352 356 357 360 363 364 366 368 370 371 372 374 375 376 377 378 380 384 385 388 390 391 392 396 399 400 405 406 407 408 410 413 414 415 416 418 420 423 424 425 426 427 428 429 430 432 434 435 437 438 440 441 442 444 448 450 451 455 456 459 460 462 464 465 468 469 470 472 473 475 476 477 480 481 483 484 485 486 488 490 492 493 494 495 496 497 500 504 506 510 511 513 516 517 518 520 522 525 527 528 530 531 532 533 534 535 536 539 540 544 546 549 550 551 552 555 558 559 560 561 564 567 568 570 572 574 575 576 580 581 582 583 584 585 588 589 590 592 594 595 598 600 602 603 605 608 609 610 612 615 616 620 621 623 624 627"
296,630,1,"95 97 98 107 114 115 116 119 123 125 128 130 132 133 134 136 138 140 142 143 145 147 148 150 152 153 155 156 159 161 165 168 170 171 174 175 176 178 180 182 184 187 188 189 190 192 195 196 198 200 201 203 204 205 207 208 209 210 213 216 217 220 221 222 224 225 228 230 231 232 234 235 238 240 242 243 244 245 246 247 248 250 252 253 255 258 259 260 261 264 265 266 268 270 272 273 275 276 279 280 282 285 286 287 288 290 294 295 297 299 300 304 306 308 310 312 315 319 320 321 322 323 324 325 328 330 332 333 336 340 341 342 344 345 348 350 351 352 356 357 360 363 364 366 368 370 371 372 374 375 376 377 378 380 384 385 387 388 390 391 392 396 399 400 403 405 406 407 408 410 413 414 415 416 418 420 424 425 426 427 428 429 430 432 434 435 437 438 440 441 442 444 448 450 451 455 456 459 460 462 464 465 468 469 470 472 473 475 476 477 480 481 483 484 485 486 488 490 492 493 494 495 496 497 500 504 506 510 511 513 516 517 518 520 522 525 528 530 531 532 533 534 535 536 539 540 544 546 549 550 551 552 555 558 559 560 561 564 567 568 570 572 574 575 576 580 581 582 583 584 585 588 589 590 592 594 595 598 600 602 603 605 608 609 610 611 612 615 616 620 621 623 624 627 629 630"
297,632,1601284,"57 79 97 98 107 115 116 123 125 128 130 132 133 134 136 138 142 143 145 147 148 150 153 155 156 158 159 161 165 168 171 174 175 176 178 180 182 184 187 188 189 190 192 195 196 198 200 201 203 204 205 207 208 209 210 213 216 217 220 221 222 224 225 228 230 231 232 234 235 237 238 240 242 243 244 245 246 247 248 250 252 253 255 258 259 260 261 264 265 266 268 270 272 273 275 276 279 280 282 285 286 287 288 290 294 295 297 299 300 304 306 308 310 312 315 316 319 320 321 322 323 324 325 328 330 332 333 336 340 341 342 344 345 348 350 351 352 356 357 360 363 364 366 368 370 371 372 374 375 376 377 378 380 384 385 387 388 390 391 392 396 399 400 403 405 406 407 408 410 413 414 415 416 418 420 424 425 426 427 428 429 430 432 434 435 437 438 440 441 442 444 448 450 451 455 456 459 460 462 464 465 468 469 470 472 473 475 476 477 480 481 483 484 485 486 488 490 492 493 494 495 496 497 500 504 506 510 511 513 516 517 518 520 522 525 528 530 531 532 533 534 535 536 539 540 544 546 549 550 551 552 553 555 558 559 560 561 564 567 568 570 572 574 575 576 580 581 582 583 584 585 588 589 590 592 594 595 598 600 602 603 605 608 609 610 611 612 615 616 620 621 623 624 627 629 630 632"
298,636,1588188,"57 79 97 98 107 115 116 123 125 128 130 132 133 134 136 138 142 143 145 147 148 150 153 155 156 158 161 165 168 171 174 175 176 178 180 182 184 187 188 189 190 192 195 196 198 200 201 203 204 205 207 208 209 210 212 213 216 217 220 221 222 224 225 228 230 231 232 234 235 237 238 240 242 243 244 245 246 247 248 250 252 253 255 258 259 260 261 264 265 266 268 270 272 273 275 276 279 280 282 285 286 287 288 290 294 295 297 299 300 304 306 308 310 312 315 316 319 320 321 322 323 324 325 328 330 332 333 336 340 341 342 344 345 348 350 351 352 356 357 360 363 364 366 368 370 371 372 374 375 376 377 378 380 384 385 387 388 390 391 392 396 399 400 403 405 406 407 408 410 413 414 415 416 418 420 424 425 426 427 428 429 430 432 434 435 437 438 440 441 442 444 448 450 451 455 456 459 460 462 464 465 468 469 470 472 473 475 476 477 480 481 483 484 485 486 488 490 492 493 494 495 496 497 500 504 506 510 511 513 516 517 518 520 522 525 528 530 531 532 533 534 535 536 539 540 544 546 549 550 551 552 553 555 558 559 560 561 564 567 568 570 572 574 575 576 580 581 582 583 584 585 588 589 590 592 594 595 598 600 602 603 605 608 609 610 611 612 615 616 620 621 623 624 627 629 630 632 636"
299,637,290609,"57 79 97 107 115 116 119 123 125 128 132 133 134 136 138 140 142 143 145 147 148 150 153 155 156 158 161 165 168 170 171 174 175 176 178 180 182 184 187 188 189 190 192 195 198 200 201 203 204 205 207 208 209 210 212 213 216 217 220 221 222 224 225 228 230 231 232 234 235 237 238 240 242 243 244 245 246 247 248 250 252 253 255 258 259 260 261 264 265 266 268 270 272 273 275 276 279 280 282 285 286 287 288 290 294 295 297 299 300 304 306 308 310 312 315 316 319 320 321 322 323 324 325 328 330 332 333 336 340 341 342 344 345 348 350 351 352 356 357 360 363 364 366 368 370 371 372 374 375 376 377 378 380 384 385 387 388 390 391 392 396 399 400 403 405 406 407 408 410 413 414 415 416 418 420 424 425 426 427 428 429 430 432 434 435 437 438 440 441 442 444 448 450 451 455 456 459 460 462 464 465 468 469 470 472 473 475 476 477 480 481 483 484 485 486 488 490 492 493 494 495 496 497 500 504 506 510 511 513 516 517 518 520 522 525 528 530 531 532 533 534 535 536 539 540 544 546 549 550 551 552 553 555 558 559 560 561 564 567 568 570 572 574 575 576 580 581 582 583 584 585 588 589 590 592 594 595 598 600 602 603 605 608 609 610 611 612 615 616 620 621 623 624 627 629 630 632 636 637"
300,638,12284,"59 79 97 107 111 115 118 119 123 125 128 134 136 138 140 142 143 147 150 152 153 154 155 156 158 161 165 168 170 171 175 176 177 178 180 182 184 185 187 188 189 190 192 195 198 200 201 203 204 205 207 208 210 212 213 216 217 220 221 222 224 225 228 230 231 232 234 235 236 237 238 240 242 243 244 245 246 247 248 250 252 253 255 258 259 260 261 264 265 266 268 270 272 273 275 276 279 280 282 285 286 287 288 290 294 295 296 297 299 300 304 306 308 310 312 315 316 319 320 321 322 323 324 325 328 330 332 333 336 340 341 342 344 345 348 350 351 352 354 356 357 360 363 364 366 368 371 372 374 375 376 377 378 380 384 385 387 388 390 391 392 396 399 400 403 405 406 407 408 410 414 415 416 418 420 424 425 426 427 428 429 430 432 434 435 437 438 440 441 442 444 448 450 451 455 456 459 460 462 464 465 468 469 470 472 473 475 476 477 480 481 483 484 485 486 488 490 492 493 494 495 496 497 500 504 506 510 511 513 516 517 518 520 522 525 528 530 531 532 533 534 535 536 539 540 544 546 549 550 551 552 553 555 558 559 560 561 564 567 568 570 572 574 575 576 580 581 582 583 584 585 588 589 590 592 594 595 598 600 602 603 605 608 609 610 611 612 615 616 620 621 623 624 627 629 630 632 636 637 638"
301,639,179847,"59 67 79 97 102 107 115 123 125 128 134 138 140 142 143 147 148 150 152 153 154 155 156 158 161 165 168 170 171 175 176 177 178 180 182 184 187 188 189 190 192 195 198 200 201 203 204 205 207 208 210 212 213 216 217 220 221 222 224 225 228 230 231 232 234 235 236 237 238 240 242 243 244 245 246 247 248 250 252 253 255 258 259 260 261 264 265 266 270 272 273 275 276 279 280 282 284 285 286 287 288 290 294 295 297 299 300 304 306 308 310 312 315 316 319 320 321 322 323 324 325 328 330 332 333 335 336 340 341 342 344 345 348 350 351 352 354 355 356 357 360 363 364 366 368 370 371 372 374 375 376 377 378 380 384 385 387 388 390 391 392 396 399 400 402 403 405 406 407 408 410 413 414 415 416 418 420 424 425 427 428 429 430 432 434 435 437 438 440 441 442 444 448 450 451 455 456 459 460 462 464 465 468 469 470 472 473 475 476 477 480 481 483 484 485 486 488 490 492 493 494 495 496 497 500 504 506 510 511 513 516 517 518 520 522 525 528 530 532 533 534 535 536 539 540 544 546 549 550 551 552 553 555 558 559 560 561 564 567 568 570 572 574 575 576 580 581 582 583 584 585 588 589 590 592 594 595 598 600 602 603 605 608 609 610 611 612 615 616 620 621 623 624 627 629 630 632 636 637 638 639"
302,640,120340,"59 67 79 97 102 107 115 123 125 134 138 140 142 143 147 148 150 152 153 154 155 156 158 160 161 165 168 170 171 175 176 177 178 180 182 184 187 188 189 190 192 195 198 200 201 203 204 205 207 208 210 212 213 216 217 220 221 222 224 225 228 230 231 232 234 235 236 237 238 240 242 243 244 245 246 247 248 250 252 253 255 258 259 260 261 264 265 266 270 272 273 275 276 279 280 282 284 285 286 287 288 290 294 295 297 299 300 304 306 308 310 312 315 316 319 320 321 322 323 324 325 328 330 332 333 335 336 340 341 342 344 345 348 350 351 352 354 355 356 357 360 363 364 366 368 370 371 372 374 375 376 377 378 380 384 385 387 388 390 391 392 396 399 400 402 403 405 406 407 408 410 413 414 415 416 418 420 424 425 427 428 429 430 432 434 435 437 438 440 441 442 444 448 450 451 455 456 459 460 462 464 465 468 469 470 472 473 475 476 477 480 481 483 484 485 486 488 490 492 493 494 495 496 497 500 504 506 510 511 513 516 517 518 520 522 525 528 530 532 533 534 535 536 539 540 544 546 549 550 551 552 553 555 558 559 560 561 564 567 568 570 572 574 575 576 580 581 582 583 584 585 588 589 590 592 594 595 598 600 602 603 605 608 609 610 611 612 615 616 620 621 623 624 627 629 630 632 636 637 638 639 640"
303,644,63747,"59 67 79 97 107 111 119 123 125 134 136 138 142 143 147 150 152 153 154 155 156 158 160 161 165 168 170 171 175 176 177 178 180 182 184 185 187 188 189 190 192 195 198 200 201 203 204 205 207 208 210 212 213 216 217 220 221 222 224 225 228 230 231 232 234 235 236 237 238 240 242 243 244 245 246 247 248 250 252 253 255 258 259 260 261 264 265 266 270 272 273 275 276 279 280 282 284 285 286 287 288 290 294 295 296 297 299 300 304 306 308 310 312 315 316 319 320 321 322 323 324 325 328 330 332 333 335 336 340 341 342 344 345 348 350 351 352 354 355 356 357 360 363 364 366 368 371 372 374 375 376 377 378 380 384 385 387 388 390 391 392 396 399 400 402 403 405 406 407 408 410 413 414 415 416 418 420 424 425 427 428 429 430 432 434 435 437 438 440 441 442 444 448 450 451 455 456 459 460 462 464 465 468 469 470 472 473 475 476 477 480 481 483 484 485 486 488 490 492 493 494 495 496 497 500 504 506 510 511 513 516 517 518 520 522 525 528 530 532 533 534 535 536 539 540 544 546 549 550 551 552 553 555 558 559 560 561 564 567 568 570 572 574 575 576 580 581 582 583 584 585 588 589 590 592 594 595 598 600 602 603 605 608 609 610 611 612 615 616 620 621 623 624 627 629 630 632 636 637 638 639 640 644"
304,645,10488216,"47 67 79 97 107 123 125 126 134 136 138 140 141 142 143 147 148 150 152 153 154 155 156 158 160 161 165 168 171 175 176 178 180 182 184 187 189 190 192 195 198 200 201 203 204 205 207 208 210 212 213 215 216 217 220 221 222 224 225 228 230 231 232 234 235 237 238 240 242 243 244 245 246 247 248 250 252 253 255 258 259 260 261 264 265 266 270 272 273 275 276 279 280 282 284 285 286 287 288 290 294 295 297 299 300 301 304 306 308 310 312 315 316 319 320 321 322 323 324 325 328 329 330 332 333 335 336 340 341 342 344 345 348 350 351 352 355 356 357 360 363 364 366 368 370 371 372 374 375 377 378 380 384 385 387 388 390 391 392 396 399 400 402 403 405 406 407 408 410 413 414 415 416 418 420 423 424 425 427 428 429 430 432 434 435 437 438 440 441 442 444 448 450 451 455 456 459 460 462 464 465 468 469 470 472 473 475 476 477 480 481 483 484 485 486 488 490 492 493 494 495 496 497 500 504 506 510 511 513 516 517 518 520 522 525 528 530 531 532 533 534 535 536 539 540 544 546 549 550 551 552 553 555 558 559 560 561 564 567 568 570 572 574 575 576 580 581 582 583 584 585 588 589 590 592 594 595 598 600 602 603 605 608 609 610 611 612 615 616 620 621 623 624 627 629 630 632 636 637 638 639 640 644 645"
305,645,2184,"59 79 97 107 111 119 123 125 134 136 138 140 142 143 147 150 152 153 154 155 156 158 160 161 165 168 170 171 175 176 177 178 180 182 184 185 187 188 189 190 192 195 198 200 201 203 204 205 207 208 210 212 213 215 216 217 220 221 222 224 225 228 230 231 232 234 235 236 237 238 240 242 243 244 245 246 247 248 250 252 253 255 258 259 260 261 264 265 266 268 270 272 273 275 276 279 280 282 284 285 286 287 288 290 294 295 296 297 299 300 301 304 306 308 310 312 315 316 319 320 321 322 323 324 325 328 330 332 333 336 340 341 342 344 345 348 350 351 352 354 355 356 357 360 363 364 366 368 371 372 374 375 376 377 378 380 384 385 387 388 390 391 392 396 399 400 403 405 406 407 408 410 413 414 415 416 418 420 424 425 427 428 429 430 432 434 435 437 438 440 441 442 444 448 450 451 455 456 459 460 462 464 465 468 469 470 472 473 475 476 477 480 481 483 484 485 486 488 490 492 493 494 495 496 497 500 504 506 510 511 513 516 517 518 520 522 525 528 530 532 533 534 535 536 539 540 544 546 549 550 551 552 553 555 558 559 560 561 564 567 568 570 572 574 575 576 580 581 582 583 584 585 588 589 590 592 594 595 598 600 602 603 605 608 609 610 611 612 615 616 620 621 623 624 627 629 630 632 636 637 638 639 640 644 645"
306,646,412,"61 79 97 107 111 122 123 125 126 132 134 136 138 140 142 143 147 150 152 154 156 158 160 161 165 168 170 171 175 176 178 180 182 183 184 185 186 187 188 189 192 195 200 201 203 204 205 207 208 209 210 212 213 215 216 217 220 221 222 224 225 228 230 231 232 234 237 238 240 242 243 244 245 246 247 248 250 252 253 255 258 259 260 261 264 265 266 268 270 272 273 275 276 279 280 282 284 285 286 287 288 290 294 295 296 297 299 300 301 304 305 306 308 310 312 315 316 319 320 321 322 323 324 325 328 329 330 332 333 336 340 341 342 344 345 348 350 351 352 355 356 357 360 363 364 366 368 371 372 374 375 376 377 378 380 384 385 387 388 390 391 392 396 399 400 405 406 407 408 410 413 414 415 416 418 420 423 424 425 427 428 429 430 432 434 435 437 438 440 441 442 444 448 450 451 455 456 459 460 462 464 465 468 469 470 472 473 475 476 477 480 481 483 484 485 486 488 490 492 493 494 495 496 497 500 504 506 510 511 513 516 517 518 520 522 525 527 528 530 531 532 533 534 535 536 539 540 544 546 549 550 551 552 553 555 558 559 560 561 564 567 568 570 572 574 575 576 580 581 582 583 584 585 588 589 590 592 594 595 598 600 602 603 605 608 609 610 612 615 616 620 621 623 624 627 629 630 632 636 637 638 639 640 644 645 646"
307,649,101994190,"41 79 97 107 118 123 125 132 134 135 136 138 142 143 147 148 150 152 154 156 158 160 161 162 165 168 170 171 175 176 177 178 180 182 184 186 187 188 192 195 198 200 201 203 204 207 208 209 210 212 213 215 216 217 220 221 222 224 225 228 230 231 232 234 236 237 238 240 242 243 244 245 246 247 248 250 252 253 255 258 259 260 261 264 265 266 268 270 272 273 275 276 279 280 282 284 285 286 287 288 290 294 295 297 299 300 301 304 306 308 310 312 315 316 319 320 321 322 323 325 328 329 330 332 333 336 340 341 342 344 345 348 350 351 352 354 355 356 357 360 363 364 366 368 369 370 371 372 374 375 376 377 378 380 384 385 387 388 390 391 392 396 399 400 405 406 407 408 410 413 414 415 416 418 420 423 424 425 427 428 429 430 432 434 435 437 438 440 441 442 444 448 450 451 455 456 459 460 462 464 465 468 469 470 472 473 475 476 477 480 481 483 484 485 486 488 490 492 493 494 495 496 497 500 504 506 510 511 513 516 517 518 520 522 525 527 528 530 531 532 533 534 535 536 539 540 544 546 549 550 551 552 553 555 558 559 560 561 564 567 568 570 572 574 575 576 580 581 582 583 584 585 588 589 590 592 594 595 598 600 602 603 605 608 609 610 612 615 616 620 621 623 624 627 629 630 632 636 637 638 639 640 644 645 646 648 649"
308,649,58300,"61 67 79 97 107 118 122 123 125 134 136 138 142 147 148 150 152 158 160 161 162 165 168 170 171 175 176 177 178 180 182 183 184 186 187 188 189 192 195 198 200 201 203 204 205 207 208 209 210 212 213 215 216 217 220 221 222 224 225 228 230 231 232 234 235 236 237 238 240 242 243 244 245 246 247 248 250 252 253 255 258 259 260 261 264 265 266 270 272 273 275 276 279 280 282 284 285 286 287 288 290 294 295 297 299 300 301 304 305 306 308 310 312 315 316 319 320 321 322 323 324 325 328 330 332 333 335 336 340 341 342 344 345 348 350 351 352 354 355 356 357 360 363 364 366 368 370 371 372 374 375 376 377 378 380 384 385 387 388 390 391 392 396 399 400 402 405 406 407 408 410 413 414 415 416 418 420 424 425 427 428 429 430 432 434 435 437 438 440 441 442 444 448 450 451 455 456 459 460 462 464 465 468 469 470 472 473 475 476 477 480 481 483 484 485 486 488 490 492 493 494 495 496 497 500 504 506 510 511 513 516 517 518 520 522 525 527 528 530 531 532 533 534 535 536 539 540 544 546 549 550 551 552 553 555 558 559 560 561 564 568 570 572 574 575 576 580 581 582 583 584 585 588 589 590 592 594 595 598 600 602 603 605 608 609 610 611 612 615 616 620 621 623 624 627 629 630 632 636 637 638 639 640 644 645 646 648 649"
309,649,4,"79 81 97 107 118 123 125 126 132 134 136 138 140 142 143 147 148 150 152 154 156 158 160 161 165 168 170 171 175 176 177 178 180 182 184 186 187 188 189 192 195 198 200 201 203 204 205 207 208 209 210 212 213 215 216 217 220 221 222 224 225 228 230 231 232 234 236 237 238 240 242 243 244 245 246 247 248 250 252 253 255 258 259 260 261 264 265 266 268 270 272 273 275 276 279 280 282 284 285 286 287 288 290 294 295 297 299 300 301 304 306 308 310 312 315 316 319 320 321 322 323 324 325 328 329 330 332 333 336 340 341 342 344 345 348 350 351 352 354 355 356 357 360 363 364 366 368 370 371 372 374 375 376 377 378 380 384 385 387 388 390 391 392 396 399 400 405 406 407 408 410 413 414 415 416 418 420 423 424 425 427 428 429 430 432 434 435 437 438 440 441 442 444 448 450 451 455 456 459 460 462 464 465 468 469 470 472 473 475 476 477 480 481 483 484 485 486 488 490 492 493 494 495 496 497 500 504 506 510 511 513 516 517 518 520 522 525 527 528 530 531 532 533 534 535 536 539 540 544 546 549 550 551 552 553 555 558 559 560 561 564 567 568 570 572 574 575 576 580 581 582 583 584 585 588 589 590 592 594 595 598 600 602 603 605 608 609 610 612 615 616 620 621 623 624 627 629 630 632 636 637 638 639 640 644 645 646 648 649"
310,651,7549,"61 79 81 97 107 118 122 123 125 134 136 138 140 142 147 148 152 155 156 158 160 161 165 168 170 171 175 176 177 178 182 183 184 186 187 188 189 192 195 198 200 201 203 204 205 207 208 209 210 212 213 215 216 220 221 222 224 225 228 230 231 232 234 235 236 237 238 240 242 243 244 245 246 247 248 250 252 253 255 258 259 260 261 264 265 266 268 270 272 273 275 276 279 280 282 284 285 286 287 288 290 294 295 297 299 300 301 304 305 306 308 310 312 315 316 319 320 321 322 323 324 325 328 330 332 333 336 340 341 342 344 345 348 350 351 352 354 355 356 357 360 363 364 366 368 370 371 372 374 375 376 377 378 380 384 385 387 388 390 391 392 396 399 400 403 405 406 407 408 410 413 414 415 416 418 420 424 425 427 428 429 430 432 434 435 437 438 440 441 442 444 448 450 451 455 456 459 460 462 464 465 468 469 470 472 473 475 476 477 480 481 483 484 485 486 488 490 492 493 494 495 496 497 500 504 506 510 511 513 516 517 518 520 522 525 527 528 530 531 532 533 534 535 536 539 540 544 546 549 550 551 552 553 555 558 559 560 561 564 567 568 570 572 574 575 576 580 581 582 583 584 585 588 589 590 592 594 595 598 600 602 603 605 608 609 610 611 612 615 616 620 621 623 624 627 629 630 632 636 637 638 639 640 644 645 646 648 649 650 651"
311,656,7425,"61 79 81 97 107 118 122 125 134 136 138 140 142 144 147 148 152 155 156 158 160 161 165 168 170 171 175 176 177 178 182 183 184 186 187 188 189 192 195 198 200 201 203 204 205 207 208 209 210 212 213 215 216 220 221 222 224 225 228 230 231 232 234 235 236 237 238 240 242 243 244 245 246 247 248 250 252 253 255 258 259 260 261 264 265 266 268 270 272 273 275 276 279 280 282 284 285 286 287 288 290 294 295 297 299 300 301 304 305 306 308 310 312 315 316 319 320 321 322 323 324 325 330 332 333 336 340 341 342 344 345 348 350 351 352 354 355 356 357 360 363 364 366 368 369 370 371 372 374 375 376 377 378 380 384 385 387 388 390 391 392 396 399 400 403 405 406 407 408 410 413 414 415 416 418 420 424 425 427 428 429 430 432 434 435 437 438 440 441 442 444 448 450 451 455 456 459 460 462 464 465 468 469 470 472 473 475 476 477 480 481 483 484 485 486 488 490 492 493 494 495 496 497 500 504 506 510 511 513 516 517 518 520 522 525 527 528 530 531 532 533 534 535 536 539 540 544 546 549 550 551 552 553 555 558 559 560 561 564 567 568 570 572 574 575 576 580 581 582 583 584 585 588 589 590 592 594 595 598 600 602 603 605 608 609 610 611 612 615 616 620 621 623 624 627 629 630 632 636 637 638 639 640 644 645 646 648 649 650 651 656"
312,657,478617,"54 79 97 107 118 125 134 135 136 138 140 142 144 146 147 148 152 155 156 158 160 161 162 165 168 170 171 175 176 177 178 180 182 184 186 187 188 189 192 195 198 200 201 203 204 205 207 208 209 210 212 213 215 216 220 221 222 224 225 228 230 231 232 234 235 236 237 238 240 242 243 244 245 246 247 248 250 252 253 255 258 259 260 261 264 265 266 268 270 272 273 275 276 279 280 282 284 285 286 287 288 290 294 295 297 299 300 301 304 306 308 310 312 315 316 319 320 321 322 323 325 330 332 333 336 340 341 342 344 345 348 350 351 352 354 355 356 357 360 363 364 365 366 368 369 370 371 372 374 375 376 377 378 380 384 385 387 388 390 391 392 396 399 400 403 405 406 407 408 410 413 414 415 416 418 420 424 425 427 428 429 430 432 434 435 437 438 440 441 442 444 448 450 451 455 456 459 460 462 464 465 468 469 470 472 473 475 476 477 480 481 483 484 485 486 488 490 492 493 494 495 496 497 500 504 506 510 511 513 516 517 518 520 522 525 527 528 530 531 532 533 534 535 536 539 540 544 546 549 550 551 552 553 555 558 559 560 561 564 567 568 570 572 574 575 576 580 581 582 583 584 585 588 589 590 592 594 595 598 600 602 603 605 608 609 610 611 612 615 616 620 621 623 624 627 629 630 632 636 637 638 639 640 644 645 646 648 649 650 651 656 657"
313,657,59,"67 79 81 97 107 118 125 134 136 138 140 142 144 146 147 148 152 155 156 158 160 161 165 168 170 171 175 176 177 178 180 182 184 186 187 188 189 192 195 198 200 201 203 204 205 207 208 209 210 212 213 215 216 220 221 222 224 225 228 230 231 232 234 235 236 237 238 240 242 243 244 245 246 247 248 250 252 253 255 258 259 260 261 264 265 266 270 272 273 275 276 279 280 282 284 285 286 287 288 290 294 295 297 299 300 301 304 306 308 310 312 315 316 319 320 321 322 323 324 325 330 332 333 335 336 340 341 342 344 345 348 350 351 352 354 355 356 357 360 363 364 365 366 368 369 370 371 372 374 375 376 377 378 380 384 385 387 388 390 391 392 396 399 400 402 403 405 406 407 408 410 413 414 415 416 418 420 424 425 427 428 429 430 432 434 435 437 438 440 441 442 444 448 450 451 455 456 459 460 462 464 465 468 469 470 472 473 475 476 477 480 481 483 484 485 486 488 490 492 493 494 495 496 497 500 504 506 510 511 513 516 517 518 520 522 525 527 528 530 531 532 533 534 535 536 539 540 544 546 549 550 551 552 553 555 558 559 560 561 564 567 568 570 572 574 575 576 580 581 582 583 584 585 588 589 590 592 594 595 598 600 602 603 605 608 609 610 611 612 615 616 620 621 623 624 627 629 630 632 636 637 638 639 640 644 645 646 648 649 650 651 656 657"
314,658,26,"67 79 94 97 107 118 125 134 136 138 141 142 144 146 147 148 152 155 156 158 160 161 162 165 168 170 171 175 176 177 178 180 182 184 186 187 189 192 195 198 200 201 203 204 205 207 208 209 210 212 213 215 216 220 221 222 224 225 228 230 231 232 234 236 237 238 240 242 243 244 245 246 247 248 250 252 253 255 258 259 260 261 264 265 266 270 272 273 275 276 279 280 282 284 285 286 287 288 290 294 295 297 299 300 301 304 306 308 310 312 315 316 319 320 321 322 323 324 325 329 330 332 333 335 336 340 341 342 344 345 348 350 351 352 354 355 356 357 360 363 364 365 366 368 369 370 371 372 374 375 376 377 378 380 384 385 387 388 390 391 392 396 399 400 402 403 405 406 407 408 410 413 414 415 416 418 420 423 424 425 427 428 429 430 432 434 435 437 438 440 441 442 444 448 450 451 455 456 459 460 462 464 465 468 469 470 472 473 475 476 477 480 481 483 484 485 486 488 490 492 493 494 495 496 497 500 504 506 510 511 513 516 517 518 520 522 525 527 528 530 531 532 533 534 535 536 539 540 544 546 549 550 551 552 553 555 558 559 560 561 564 568 570 572 574 575 576 580 581 582 583 584 585 588 589 590 592 594 595 598 600 602 603 605 608 609 610 611 612 615 616 620 621 623 624 627 629 630 632 636 637 638 639 640 644 645 646 648 649 650 651 656 657 658"
315,660,1,"79 94 97 107 118 125 132 134 136 138 140 141 142 144 146 147 148 152 154 155 156 158 160 161 162 168 170 171 175 176 177 178 180 182 184 186 187 189 192 195 198 200 201 203 204 205 207 208 209 210 212 213 215 216 220 221 222 224 225 228 230 231 232 234 236 237 238 240 242 243 244 245 246 247 248 250 252 253 255 258 259 260 261 264 265 266 268 270 272 273 275 276 279 280 282 284 285 286 287 288 290 294 295 297 299 300 301 304 306 308 310 312 315 316 319 320 321 322 323 324 325 329 330 332 333 336 340 341 342 344 345 348 350 351 352 354 355 356 357 360 363 364 365 366 368 369 370 371 372 374 375 376 377 378 380 384 385 387 388 390 391 392 396 399 400 403 405 406 407 408 410 413 414 415 416 418 420 423 424 425 427 428 429 430 432 434 435 437 438 440 441 442 444 448 450 451 455 456 459 460 462 464 465 468 469 470 472 473 475 476 477 480 481 483 484 485 486 488 490 492 493 494 495 496 497 500 504 506 510 511 513 516 517 518 520 522 525 527 528 530 531 532 533 534 535 536 539 540 544 546 549 550 551 552 553 555 558 559 560 561 564 568 570 572 574 575 576 580 581 582 583 584 585 588 589 590 592 594 595 598 600 602 603 605 608 609 610 611 612 615 616 620 621 623 624 627 629 630 632 636 637 638 639 640 644 645 646 648 649 650 651 656 657 658 660"
316,664,1,"79 83 94 97 107 118 119 125 134 138 141 142 144 146 147 148 152 154 155 158 160 161 162 165 168 170 171 175 176 177 178 180 182 184 186 189 192 195 198 200 201 203 204 205 207 208 209 210 212 213 215 216 220 221 222 224 225 228 230 231 232 234 236 237 238 240 242 243 244 245 246 247 248 249 250 252 253 255 258 259 260 261 264 265 266 268 270 272 273 275 276 279 280 282 284 285 286 287 288 290 294 295 297 299 300 301 304 306 308 310 312 315 316 319 320 321 322 323 324 325 329 330 332 333 336 340 341 342 344 345 348 350 351 352 354 355 356 357 360 363 364 365 366 368 369 370 371 372 374 375 376 377 378 380 384 385 387 388 390 391 392 396 399 400 403 405 406 407 408 410 413 414 415 416 418 420 423 424 425 427 428 429 430 432 434 435 437 438 440 441 442 444 448 450 451 455 456 459 460 462 464 465 468 469 470 472 473 475 476 477 480 481 483 484 485 486 488 490 492 493 494 495 496 497 498 500 504 506 510 511 513 516 517 518 520 522 525 527 528 530 531 532 533 534 535 536 539 540 544 546 549 550 551 552 553 555 558 559 560 561 564 568 570 572 574 575 576 580 582 583 584 585 588 589 590 592 594 595 598 600 602 603 605 608 609 610 611 612 615 616 620 621 623 624 627 629 630 632 636 637 638 639 640 644 645 646 648 649 650 651 656 657 658 660 663 664"
317,665,2,"79 83 94 97 107 118 125 133 134 138 141 142 144 146 147 148 152 154 155 158 160 161 162 165 168 171 175 176 177 178 180 182 184 186 189 190 192 195 198 200 201 203 204 205 207 208 209 210 212 213 215 216 220 221 222 224 225 228 230 231 232 234 236 237 238 240 242 243 244 245 246 247 248 249 250 252 253 255 258 259 260 261 264 265 266 268 270 272 273 275 276 279 280 282 284 285 286 287 288 290 294 295 297 299 300 301 304 306 308 310 312 315 316 319 320 321 322 323 324 325 329 330 332 333 336 340 341 342 344 345 348 350 351 352 354 355 356 357 360 363 364 365 366 368 369 370 371 372 374 375 376 377 378 380 384 385 387 388 390 391 392 396 399 400 403 405 406 407 408 410 413 414 415 416 418 420 423 424 425 427 428 429 430 432 434 435 437 438 440 441 442 444 448 450 451 455 456 459 460 462 464 465 468 469 470 472 473 475 476 477 480 481 483 484 485 486 488 490 492 493 494 495 496 497 498 500 504 506 510 511 513 516 517 518 520 522 525 527 528 530 531 532 533 534 535 536 539 540 544 546 549 550 551 552 553 555 558 559 560 561 564 568 570 572 574 575 576 580 582 583 584 585 588 589 590 592 594 595 598 600 602 603 605 608 609 610 611 612 615 616 620 621 623 624 627 629 630 632 636 637 638 639 640 644 645 646 648 649 650 651 656 657 658 660 663 664 665"
318,667,35071,"67 79 83 97 107 111 118 125 133 134 140 142 144 146 147 148 152 155 158 160 161 162 168 171 174 175 176 177 178 182 184 186 188 189 190 192 195 198 200 201 203 204 205 207 208 209 210 212 213 215 220 221 222 224 225 228 230 231 232 234 235 236 237 238 240 242 243 244 245 246 247 248 249 250 252 253 255 258 259 260 261 264 265 266 270 272 273 275 276 279 280 284 285 286 287 288 290 294 295 296 297 299 300 301 304 306 308 310 312 315 316 319 320 321 322 323 325 329 330 332 333 335 336 340 341 342 344 345 348 350 351 352 354 355 356 357 360 363 364 365 366 368 369 370 371 372 374 375 376 377 378 380 384 385 387 388 390 391 392 396 399 400 402 403 405 406 407 408 410 413 414 415 416 418 420 423 424 425 427 428 429 430 432 434 435 437 438 440 441 442 444 448 450 451 455 456 459 460 462 464 465 468 469 470 472 473 475 476 477 480 481 483 484 485 486 488 490 492 493 494 495 496 497 498 500 504 506 510 511 513 516 518 520 522 525 527 528 530 531 532 533 534 535 536 539 540 544 546 549 550 551 552 553 555 558 559 560 561 564 567 568 570 572 574 575 576 580 582 583 584 585 588 589 590 592 594 595 598 600 602 603 605 608 609 610 611 612 615 616 620 621 623 624 627 629 630 632 636 637 638 639 640 644 645 646 648 649 650 651 656 657 658 660 663 664 665 666 667"
319,670,724,"79 81 83 97 107 111 118 125 133 134 140 142 144 146 147 148 152 155 158 160 161 171 174 175 176 177 178 180 182 184 186 188 189 190 192 195 198 200 201 203 204 205 207 208 209 210 212 213 215 216 220 221 222 224 225 228 230 231 232 234 235 236 237 238 240 242 243 244 245 246 247 248 249 250 252 253 255 258 259 260 261 264 265 266 268 270 272 273 275 276 279 280 284 285 286 287 288 290 294 295 296 297 299 300 301 304 306 308 310 312 315 316 319 320 321 322 323 324 325 329 330 332 333 335 336 340 341 342 344 345 348 350 351 352 354 355 356 357 360 363 364 365 366 368 369 370 371 372 374 375 376 377 378 380 384 385 387 388 390 391 392 396 399 400 402 403 405 406 407 408 410 413 414 415 416 418 420 423 424 425 427 428 429 430 432 434 435 437 438 440 441 442 444 448 450 451 455 456 459 460 462 464 465 468 470 472 473 475 476 477 480 481 483 484 485 486 488 490 492 493 494 495 496 497 498 500 504 506 510 511 513 516 518 520 522 525 527 528 530 531 532 533 534 535 536 539 540 544 546 549 550 551 552 553 555 558 559 560 561 564 567 568 570 572 574 575 576 580 582 583 584 585 588 589 590 592 594 595 598 600 602 605 608 609 610 611 612 615 616 620 621 623 624 627 629 630 632 636 637 638 639 640 644 645 646 648 649 650 651 656 657 658 660 663 664 665 666 667 670"
320,671,49,"79 83 97 107 111 118 122 125 133 134 142 146 147 148 152 154 155 158 160 161 162 165 168 171 174 175 177 178 180 182 183 184 186 188 189 190 192 195 198 200 201 203 204 205 207 208 209 210 212 213 215 220 221 222 224 225 228 230 231 232 234 235 236 237 238 240 242 243 244 245 246 247 248 249 250 252 253 255 258 259 260 261 264 265 266 268 270 272 273 275 276 279 280 284 285 286 287 288 290 294 295 296 297 299 300 301 304 306 308 310 312 315 316 319 320 321 322 323 325 329 330 332 333 335 336 340 341 342 344 345 348 350 351 352 354 355 356 357 360 363 364 365 366 368 369 370 371 372 374 375 376 377 378 380 384 385 387 388 390 391 392 396 399 400 402 403 405 406 407 408 410 413 414 415 416 418 420 423 424 425 427 428 429 430 432 434 435 437 438 440 441 442 444 448 450 451 455 456 459 460 462 464 465 468 470 472 473 475 476 477 480 481 483 484 485 486 488 490 492 493 494 495 496 497 498 500 504 506 510 511 513 516 518 520 522 525 527 528 530 531 532 533 534 535 536 539 540 544 546 549 550 551 552 553 555 558 559 560 561 564 567 568 570 572 574 575 576 580 582 583 584 585 588 589 590 592 594 595 598 600 602 605 608 609 610 611 612 615 616 620 621 623 624 627 629 630 632 636 637 638 639 640 644 645 646 648 649 650 651 656 657 658 660 663 664 665 666 667 670 671"
321,672,3,"83 97 107 111 118 122 125 133 134 142 144 146 147 148 152 153 154 155 161 162 165 168 170 171 174 175 176 177 178 180 182 183 184 186 187 188 189 190 192 195 198 200 201 203 204 205 207 208 209 210 212 213 215 220 221 222 224 225 228 230 231 232 234 235 236 237 240 242 243 244 245 246 247 248 249 250 252 253 255 258 259 260 261 264 265 266 268 270 272 273 275 276 279 280 284 285 286 287 288 290 294 295 296 297 299 300 301 304 306 308 310 312 315 319 320 321 322 323 325 329 330 332 333 335 336 340 341 342 344 345 348 350 351 352 354 355 356 357 360 363 364 365 366 368 369 370 371 372 374 375 376 377 378 380 384 385 387 388 390 391 392 395 396 399 400 402 403 405 406 407 408 410 413 414 415 416 418 420 423 424 425 427 428 429 430 432 434 435 437 438 440 441 442 444 448 450 451 455 456 459 460 462 464 465 468 470 472 473 475 476 477 480 481 483 484 485 486 488 490 492 493 494 495 496 497 498 500 504 506 510 511 513 516 518 520 522 525 527 528 530 531 532 533 534 535 536 539 540 544 546 549 550 551 552 555 558 559 560 561 564 567 568 570 572 574 575 576 580 582 583 584 585 588 589 590 592 594 595 598 600 602 605 608 609 610 611 612 615 616 620 621 623 624 627 629 630 632 636 637 638 639 640 644 645 646 648 649 650 651 656 657 658 660 663 664 665 666 667 670 671 672"
322,676,7191525,"62 83 94 97 107 111 117 118 122 125 133 134 141 142 146 147 148 152 156 161 162 165 171 174 177 178 183 184 186 189 190 192 195 198 200 201 203 204 205 207 208 209 210 212 213 215 216 217 220 221 222 224 225 228 230 231 232 234 236 237 238 240 242 243 244 245 246 247 248 249 250 252 253 255 258 259 260 261 264 265 266 268 270 272 273 275 276 279 280 282 284 285 286 287 288 290 294 295 296 297 299 300 301 304 306 308 310 312 315 319 320 321 322 323 325 329 330 332 333 335 336 338 340 341 342 344 345 348 350 351 352 354 355 356 357 360 363 364 365 366 368 369 370 371 372 374 375 376 377 378 380 384 385 387 388 390 391 392 395 396 399 400 402 403 405 406 407 408 410 413 414 415 416 418 420 423 424 425 427 428 429 430 432 434 435 437 438 440 441 442 444 448 450 451 455 456 459 460 462 464 465 468 470 472 473 475 476 477 480 481 483 484 485 486 488 490 492 493 494 495 496 497 498 500 504 506 507 510 511 513 516 517 518 520 522 525 527 528 530 531 532 533 534 535 536 539 540 544 546 549 550 551 552 555 558 559 560 561 564 567 568 570 572 574 575 576 580 582 583 584 585 588 589 590 592 594 595 598 600 602 605 608 609 610 611 612 615 616 620 621 623 624 627 629 630 632 636 637 638 639 640 644 645 646 648 649 650 651 656 657 658 660 663 664 665 666 667 670 671 672 675 676"
323,676,743,"79 83 97 107 111 117 118 122 125 133 134 142 146 147 148 152 154 155 156 158 161 162 165 171 174 177 178 183 184 186 188 189 190 192 195 198 200 201 203 204 205 207 208 209 210 212 213 215 216 220 221 222 224 225 228 230 231 232 234 235 236 237 238 240 242 243 244 245 246 247 248 249 250 252 253 255 258 259 260 261 264 265 266 268 270 272 273 275 276 279 280 284 285 286 287 288 290 294 295 296 297 299 300 301 304 306 308 310 312 315 316 319 320 321 322 323 325 329 330 332 333 335 336 338 340 341 342 344 345 348 350 351 352 354 355 356 357 360 363 364 365 366 368 369 370 371 372 374 375 376 377 378 380 384 385 387 388 390 391 392 396 399 400 402 403 405 406 407 408 410 413 414 415 416 418 420 423 424 425 427 428 429 430 432 434 435 437 438 440 441 442 444 448 450 451 455 456 459 460 462 464 465 468 470 472 473 475 476 477 480 481 483 484 485 486 488 490 492 493 494 495 496 497 498 500 504 506 507 510 511 513 516 518 520 522 525 527 528 530 531 532 533 534 535 536 539 540 544 546 549 550 551 552 553 555 558 559 560 561 564 567 568 570 572 574 575 576 580 582 583 584 585 588 589 590 592 594 595 598 600 602 605 608 609 610 611 612 615 616 620 621 623 624 627 629 630 632 636 637 638 639 640 644 645 646 648 649 650 651 656 657 658 660 663 664 665 666 667 670 671 672 675 676"
324,680,435,"83 91 97 107 111 118 122 125 133 134 142 144 146 147 148 152 154 155 161 162 165 168 171 174 176 177 178 183 184 186 187 188 189 190 192 195 198 200 201 203 204 205 207 208 209 210 212 213 215 216 220 221 222 224 225 228 230 231 232 234 235 236 237 238 240 242 243 244 245 246 247 248 249 250 252 253 255 258 259 260 261 264 265 266 268 270 272 273 275 276 279 280 284 285 286 287 288 290 294 295 296 297 299 300 301 304 306 308 310 312 315 319 320 321 322 323 325 329 330 332 333 335 336 338 340 341 342 344 345 348 350 351 352 354 355 356 357 360 363 364 365 366 368 369 370 371 372 374 375 376 377 378 380 384 385 387 388 390 391 392 395 396 399 400 402 403 405 406 407 408 410 413 414 415 416 418 420 423 424 425 427 428 429 430 432 434 435 437 438 440 441 442 444 448 450 451 455 456 459 460 462 464 465 468 470 472 473 475 476 477 480 481 483 484 485 486 488 490 492 493 494 495 496 497 498 500 504 506 507 510 511 513 516 518 520 522 525 527 528 530 531 532 533 534 535 536 539 540 544 546 549 550 551 552 555 558 559 560 561 564 567 568 570 572 574 575 576 580 582 583 584 585 588 589 590 592 594 595 598 600 602 605 608 609 610 611 612 615 616 620 621 623 624 627 629 630 632 636 637 638 639 640 644 645 646 648 649 650 651 656 657 658 660 663 664 665 666 667 670 671 672 675 676 680"
325,684,9607,"79 83 91 97 107 118 122 125 134 140 142 146 147 148 152 155 156 158 161 162 168 174 177 178 180 182 183 184 185 187 188 189 190 192 195 198 200 201 203 204 205 207 208 209 210 212 213 215 216 217 220 221 222 224 225 228 230 231 232 234 235 236 237 238 240 242 243 244 245 246 247 248 249 250 252 253 255 258 259 260 261 264 265 266 268 270 272 273 275 276 280 284 285 286 287 288 290 294 295 296 297 299 300 301 304 306 308 310 312 315 316 319 320 321 322 323 325 329 330 332 333 335 336 338 340 341 342 344 345 348 350 351 352 354 355 356 357 360 363 364 365 366 368 369 370 371 372 374 375 376 377 378 380 384 385 387 388 390 391 392 396 399 400 402 403 405 406 408 410 413 414 415 416 418 420 423 424 425 427 428 429 430 432 434 435 437 438 440 441 442 444 448 450 451 455 456 459 460 462 464 465 468 470 472 473 475 476 477 480 481 483 484 485 486 488 490 492 493 494 495 496 497 498 500 504 506 507 510 511 513 516 518 520 522 525 527 528 530 531 532 533 534 535 536 539 540 544 546 549 550 551 552 553 555 558 559 560 561 564 567 568 570 572 574 575 576 580 582 583 584 585 588 589 590 592 594 595 598 600 602 605 608 609 610 611 612 615 616 620 621 623 624 627 629 630 632 636 637 638 639 640 644 645 646 648 649 650 651 656 657 658 660 663 664 665 666 667 670 671 672 675 676 680 682 684"
326,685,>= 175337374,"47 83 97 107 111 117 118 122 125 134 137 141 142 146 147 148 152 154 156 161 162 174 177 178 183 184 187 188 189 190 192 195 198 200 201 203 204 205 207 208 209 210 212 213 215 216 220 221 222 224 225 228 230 231 232 234 235 236 237 238 240 242 243 244 245 246 247 249 250 252 253 255 258 259 260 261 264 265 266 268 270 272 273 274 275 276 279 280 284 285 286 287 288 290 294 295 296 297 299 300 301 304 306 308 310 312 315 319 320 321 322 323 325 329 330 332 333 335 336 338 340 341 342 344 345 348 350 351 352 354 355 356 357 360 363 364 365 366 368 369 370 371 372 374 375 376 377 378 380 384 385 387 388 390 391 392 395 396 399 400 402 403 405 406 407 408 410 411 413 414 415 416 418 420 423 424 425 427 428 429 430 432 434 435 437 438 440 441 442 444 448 450 451 455 456 459 460 462 464 465 468 470 472 473 475 476 477 480 481 483 484 485 486 488 490 492 493 494 495 496 497 498 500 504 506 507 510 511 513 516 517 518 520 522 525 527 528 530 531 532 533 534 535 536 539 540 544 546 548 549 550 551 552 555 558 559 560 561 564 567 568 570 572 574 575 576 580 582 583 584 585 588 589 590 592 594 595 598 600 602 605 608 609 610 611 612 615 616 620 621 623 624 627 629 630 632 636 637 638 639 640 644 645 646 648 649 650 651 656 657 658 660 663 664 665 666 667 670 671 672 675 676 680 682 684 685"
327,685,598085,"74 83 94 97 107 118 122 125 130 134 137 141 142 143 146 147 148 152 155 161 162 174 176 177 178 180 182 183 184 187 189 190 192 195 198 200 201 203 204 205 207 209 210 212 213 215 216 217 220 221 224 225 228 230 231 232 234 236 237 238 240 242 243 244 245 246 247 248 249 250 252 253 255 258 259 260 261 264 265 266 268 270 272 273 274 275 276 280 282 284 285 286 287 288 290 294 295 296 297 299 300 301 304 306 308 310 312 315 319 320 321 322 323 325 329 330 332 333 335 336 338 340 341 342 344 345 348 350 351 352 354 355 356 357 360 363 364 365 366 368 369 370 371 372 374 375 376 377 378 380 384 385 387 388 390 391 392 395 396 399 400 402 403 405 406 407 408 410 411 413 414 415 416 418 420 423 424 425 427 428 429 430 432 434 435 437 438 440 441 442 444 448 450 451 455 456 459 460 462 464 465 468 470 472 473 475 476 477 480 481 483 484 485 486 488 490 492 493 494 495 496 497 498 500 504 506 507 510 511 513 516 517 518 520 522 525 527 528 530 531 532 533 534 535 536 539 540 544 546 548 549 550 551 552 555 558 559 560 561 564 567 568 570 572 574 575 576 580 582 583 584 585 588 589 590 592 594 595 598 600 602 605 608 609 610 611 612 615 616 620 621 623 624 627 629 630 632 636 637 638 639 640 644 645 646 648 649 650 651 656 657 658 660 663 664 665 666 667 670 671 672 675 676 680 682 684 685"
328,685,5,"83 94 97 107 111 118 122 125 130 134 137 141 142 143 146 147 148 152 155 161 162 174 176 177 178 180 182 183 184 187 189 190 192 195 198 200 201 203 204 205 207 209 210 212 213 215 216 217 220 221 222 224 225 228 230 231 232 234 236 237 238 240 242 243 244 245 246 247 248 249 250 252 253 255 258 259 260 261 264 265 266 268 270 272 273 274 275 276 280 282 284 285 286 287 288 290 294 295 296 297 299 300 301 304 306 308 310 312 315 319 320 321 322 323 325 329 330 332 333 335 336 338 340 341 342 344 345 348 350 351 352 354 355 356 357 360 363 364 365 366 368 369 370 371 372 374 375 376 377 378 380 384 385 387 388 390 391 392 395 396 399 400 402 403 405 406 407 408 410 411 413 414 415 416 418 420 423 424 425 427 428 429 430 432 434 435 437 438 440 441 442 444 448 450 451 455 456 459 460 462 464 465 468 470 472 473 475 476 477 480 481 483 484 485 486 488 490 492 493 494 495 496 497 498 500 504 506 507 510 511 513 516 517 518 520 522 525 527 528 530 531 532 533 534 535 536 539 540 544 546 548 549 550 551 552 555 558 559 560 561 564 567 568 570 572 574 575 576 580 582 583 584 585 588 589 590 592 594 595 598 600 602 605 608 609 610 611 612 615 616 620 621 623 624 627 629 630 632 636 637 638 639 640 644 645 646 648 649 650 651 656 657 658 660 663 664 665 666 667 670 671 672 675 676 680 682 684 685"
329,690,1794,"79 83 94 97 106 107 111 118 122 125 134 137 141 142 146 147 148 155 158 162 174 177 178 180 182 183 184 187 189 190 192 195 198 200 201 203 204 205 207 208 210 212 213 215 216 217 220 221 222 224 225 228 230 231 232 234 236 237 238 240 242 243 244 245 246 247 248 249 250 252 253 255 258 259 260 261 264 266 268 270 272 273 274 275 276 280 282 284 285 286 287 288 290 294 295 296 297 299 300 301 304 306 308 310 312 315 316 318 319 320 321 322 323 325 329 330 332 333 335 336 338 340 341 342 344 345 348 350 351 352 354 355 356 357 360 363 364 365 366 368 369 370 371 372 374 375 376 377 378 380 384 385 387 388 390 391 392 396 399 400 402 403 405 406 407 408 410 411 413 414 415 416 418 420 423 424 425 427 428 429 430 432 434 435 437 438 440 441 442 444 448 450 451 455 456 459 460 462 464 465 468 470 472 473 475 476 477 480 481 483 484 485 486 488 490 492 493 494 495 496 497 498 500 504 506 507 510 511 513 516 517 518 520 522 525 527 528 530 531 532 533 534 535 536 539 540 544 546 548 549 550 551 552 553 555 558 559 560 561 564 567 568 570 572 574 575 576 580 582 583 584 585 588 589 590 592 594 595 598 600 602 605 608 609 610 611 612 615 616 620 621 623 624 627 629 630 632 636 637 638 639 640 644 645 646 648 649 650 651 656 657 658 660 663 664 665 666 667 670 671 672 675 676 680 682 684 685 689 690"
330,693,267,"79 83 97 106 107 118 122 125 134 137 142 146 147 148 152 154 155 158 162 168 174 177 178 182 183 184 185 187 188 189 190 192 195 198 200 201 203 204 205 207 208 209 210 212 213 215 216 217 220 221 222 224 225 228 230 231 232 234 235 236 237 238 240 242 243 244 245 246 247 248 249 250 252 253 255 258 259 260 261 264 266 268 270 272 273 274 275 276 280 284 285 286 287 288 290 294 295 296 297 299 300 301 304 306 308 310 312 315 316 318 319 320 321 322 323 325 329 330 332 333 335 336 338 340 341 342 344 345 348 350 351 352 354 355 356 357 360 363 364 365 366 368 369 370 371 372 374 375 376 377 378 380 384 385 387 388 390 391 392 396 399 400 402 403 405 406 408 410 411 413 414 415 416 418 420 423 424 425 427 428 429 430 432 434 435 437 438 440 441 442 444 448 450 451 455 456 459 460 462 464 465 468 470 472 473 475 476 477 480 481 483 484 485 486 488 490 492 493 494 495 496 497 498 500 504 506 507 510 511 513 516 518 520 522 525 527 528 530 531 532 533 534 535 536 539 540 544 546 548 549 550 551 552 553 555 558 559 560 561 564 567 568 570 572 574 575 576 580 582 583 584 585 588 589 590 592 594 595 598 600 602 605 608 609 610 611 612 615 616 620 621 623 624 627 629 630 632 636 637 638 639 640 644 645 646 648 649 650 651 656 657 658 660 663 664 665 666 667 670 671 672 675 676 680 682 684 685 689 690 693"
331,696,9,"83 97 106 107 111 118 122 125 134 137 142 144 145 146 147 148 152 155 162 165 174 176 177 178 180 182 183 184 187 188 189 190 192 195 198 200 201 203 204 205 207 208 209 212 213 215 216 217 220 221 222 224 225 228 230 231 232 234 235 236 237 238 240 242 243 244 245 246 247 248 249 250 252 253 255 258 259 260 261 264 266 268 270 272 273 274 275 276 280 284 285 286 287 288 290 294 295 296 297 299 300 301 304 306 308 310 312 315 318 319 320 321 322 323 325 329 330 332 333 335 336 338 340 341 342 344 345 348 350 351 352 354 355 356 357 360 363 364 365 366 368 369 370 371 372 374 375 376 377 378 380 384 385 387 388 390 391 392 395 396 399 400 402 403 405 406 407 408 410 411 413 414 415 416 418 420 423 424 425 427 428 429 430 432 434 435 437 438 440 441 442 444 448 450 451 455 456 459 460 462 464 465 468 470 472 473 475 476 477 480 481 483 484 485 486 488 490 492 493 494 495 496 497 498 500 504 506 507 510 511 513 516 518 520 522 525 527 528 530 531 532 533 534 535 536 539 540 544 546 548 549 550 551 552 555 558 559 560 561 564 567 568 570 572 574 575 576 580 582 583 584 585 588 589 590 592 594 595 598 600 602 605 608 609 610 611 612 615 616 620 621 623 624 627 629 630 632 636 637 638 639 640 644 645 646 648 649 650 651 656 657 658 660 663 664 665 666 667 670 671 672 675 676 680 682 684 685 689 690 693 696"
332,700,2461,"79 83 97 106 107 118 122 125 134 137 142 145 146 147 148 155 158 162 170 174 175 177 178 180 182 183 184 185 187 188 189 190 192 195 198 200 201 203 204 207 208 210 212 213 215 216 217 220 221 222 224 225 228 230 231 232 234 235 236 237 238 240 242 243 244 245 246 247 248 249 250 252 253 255 258 259 260 261 264 266 268 270 272 273 274 275 276 280 284 285 286 287 288 290 294 295 296 297 299 300 301 304 306 308 310 312 315 316 318 319 320 321 322 323 325 328 329 330 332 333 335 336 338 340 341 342 344 345 348 350 351 352 354 355 356 357 360 363 364 365 366 368 370 371 372 374 375 376 377 378 380 384 385 387 388 390 391 392 396 399 400 402 403 405 406 408 410 411 413 414 415 416 418 420 423 424 425 427 428 429 430 432 434 435 437 438 440 441 442 444 448 450 451 455 456 459 460 462 464 465 468 470 472 473 475 476 477 480 481 483 484 485 486 488 490 492 493 494 495 496 497 498 500 504 506 507 510 511 513 516 518 520 522 525 527 528 530 531 532 533 534 535 536 539 540 544 546 548 549 550 551 552 553 555 558 559 560 561 564 567 568 570 572 574 575 576 580 582 583 584 585 588 589 590 592 594 595 598 600 602 605 608 609 610 611 612 615 616 620 621 623 624 627 629 630 632 636 637 638 639 640 644 645 646 648 649 650 651 656 657 658 660 663 664 665 666 667 670 671 672 675 676 680 682 684 685 689 690 693 696 697 700"
333,702,15,"83 97 106 107 118 122 125 134 137 142 145 146 147 148 152 154 155 162 168 170 174 175 177 178 180 182 183 184 185 187 188 189 190 192 198 200 201 203 204 207 208 209 210 212 213 215 216 217 220 221 222 224 225 228 230 231 232 234 235 236 237 238 240 242 243 244 245 246 247 248 249 250 252 253 255 258 259 260 261 264 266 268 270 272 273 274 275 276 280 284 285 286 287 288 290 294 295 296 297 299 300 301 304 306 308 310 312 315 318 319 320 321 322 323 324 325 328 329 330 332 333 335 336 338 340 341 342 344 345 348 350 351 352 354 355 356 357 360 363 364 365 366 368 370 371 372 374 375 376 377 378 380 384 385 387 388 390 391 392 395 396 399 400 402 403 405 406 408 410 411 413 414 415 416 418 420 423 424 425 427 428 429 430 432 434 435 437 438 440 441 442 444 448 450 451 455 456 459 460 462 464 465 468 470 472 473 475 476 477 480 481 483 484 485 486 488 490 492 493 494 495 496 497 498 500 504 506 507 510 511 513 516 518 520 522 525 527 528 530 531 532 533 534 535 536 539 540 544 546 548 549 550 551 552 555 558 559 560 561 564 568 570 572 574 575 576 580 582 583 584 585 588 589 590 592 594 595 598 600 602 605 608 609 610 611 612 615 616 620 621 623 624 627 629 630 632 636 637 638 639 640 644 645 646 648 649 650 651 656 657 658 660 663 664 665 666 667 670 671 672 675 676 680 682 684 685 689 690 693 696 697 700 702"
334,704,21,"83 97 106 107 118 122 125 133 134 137 142 145 146 147 148 152 154 155 162 165 170 171 174 175 177 178 180 182 183 184 187 188 189 190 198 200 201 203 204 205 207 208 209 210 212 213 215 217 220 221 222 224 225 230 231 232 234 235 236 237 238 240 242 243 244 245 246 247 248 249 250 252 253 255 258 259 260 261 264 266 268 270 272 273 274 275 276 280 284 285 286 287 288 290 294 295 297 299 300 301 304 306 308 310 312 315 318 319 320 321 322 323 325 328 329 330 332 333 335 336 338 340 341 342 344 345 348 350 351 352 354 355 356 357 360 363 364 365 366 368 369 370 371 372 374 375 376 377 378 380 384 385 387 388 390 391 392 395 396 399 400 402 403 405 406 407 408 410 411 413 414 415 416 418 420 423 424 425 427 428 429 430 432 434 435 437 438 440 441 442 444 448 450 451 455 456 459 460 462 464 465 468 470 472 473 475 476 477 480 481 483 484 485 486 488 490 493 494 495 496 497 498 500 504 506 507 510 511 513 516 518 520 522 525 527 528 530 531 532 533 534 535 536 539 540 544 546 548 549 550 551 552 555 558 559 560 561 564 567 568 570 572 574 575 576 580 582 583 584 585 588 589 590 592 594 595 598 600 602 605 608 609 610 611 612 615 616 620 621 623 624 627 629 630 632 636 637 638 639 640 644 645 646 648 649 650 651 656 657 658 660 663 664 665 666 667 670 671 672 675 676 680 682 684 685 689 690 693 696 697 700 702 703 704"
335,705,18,"83 97 106 107 118 122 125 134 137 141 142 144 145 146 147 148 155 156 162 165 170 174 175 177 178 180 183 184 187 188 189 190 195 198 200 201 203 204 205 207 208 209 210 212 213 215 217 220 221 222 224 225 228 230 231 232 234 235 236 237 238 240 242 243 244 245 246 247 248 249 250 252 253 255 258 259 260 261 264 266 268 270 272 273 274 275 276 280 282 284 285 286 287 288 290 294 295 297 299 300 301 306 308 310 312 315 318 319 320 321 322 323 325 328 329 330 332 333 335 336 338 340 341 342 344 345 348 350 351 352 354 355 356 357 360 363 364 365 366 368 369 370 371 372 374 375 376 377 378 380 384 385 387 388 390 391 392 395 396 399 400 402 403 405 406 407 408 410 411 413 414 415 416 418 420 423 424 425 427 428 429 430 432 434 435 437 438 440 441 442 444 448 450 451 455 456 459 460 462 464 465 468 470 472 473 475 476 477 480 481 483 484 485 486 488 490 493 494 495 496 497 498 500 504 506 507 510 511 513 516 517 518 520 522 525 527 528 530 531 532 533 534 535 536 539 540 544 546 548 549 550 551 552 555 558 559 560 561 564 567 568 570 572 574 575 576 580 582 583 584 585 588 589 590 592 594 595 598 600 602 605 608 609 610 612 615 616 620 621 623 624 627 629 630 632 636 637 638 639 640 644 645 646 648 649 650 651 656 657 658 660 663 664 665 666 667 670 671 672 675 676 680 682 684 685 689 690 693 696 697 700 702 703 704 705"
336,712,984,"81 97 106 107 118 122 125 134 137 141 142 144 145 146 147 148 155 156 158 165 170 174 175 177 180 183 184 187 188 189 190 195 198 200 201 203 204 205 207 208 209 210 212 213 215 216 217 220 221 222 224 225 228 230 231 232 234 235 236 237 238 240 242 243 244 245 246 247 248 250 252 253 255 258 259 260 261 264 266 268 270 272 273 274 275 276 280 282 284 285 286 287 288 290 294 295 297 299 300 301 306 308 310 312 315 318 319 320 321 322 323 324 325 328 329 330 332 333 335 336 338 340 341 342 344 345 348 350 351 352 354 355 356 357 360 363 364 365 366 368 369 370 371 372 374 375 376 377 378 380 384 385 387 388 390 391 392 396 399 400 402 403 405 406 407 408 410 411 413 414 415 416 418 420 423 424 425 427 428 429 430 432 434 435 437 438 440 441 442 444 445 448 450 451 455 456 459 460 462 464 465 468 470 472 473 474 475 476 477 480 481 483 484 485 486 488 490 493 494 495 496 497 500 504 506 507 510 511 513 516 517 518 520 522 525 527 528 530 531 532 533 534 535 536 539 540 544 546 548 549 550 551 552 553 555 558 559 560 561 564 567 568 570 572 574 575 576 580 581 582 583 584 585 588 589 590 592 594 595 598 600 602 605 608 609 610 612 615 616 620 621 624 627 629 630 636 637 638 639 640 644 645 646 648 649 650 651 656 657 658 660 663 665 666 667 670 671 672 675 676 680 682 684 685 689 690 693 696 697 700 702 703 704 705 711 712"
337,713,302,"83 97 106 107 118 122 125 132 134 137 141 142 145 146 147 148 154 156 158 162 168 170 174 175 176 177 183 186 187 188 189 190 195 198 200 201 203 204 207 208 209 210 212 213 215 217 220 221 222 224 225 228 230 231 232 234 235 236 237 238 240 242 243 244 245 246 247 249 250 252 253 255 258 259 260 261 264 266 268 270 272 273 274 275 276 279 280 282 284 285 286 287 288 290 294 295 297 299 300 301 306 308 310 312 315 318 319 320 321 322 323 325 328 329 330 332 333 335 336 338 340 341 342 344 345 348 350 351 352 354 355 356 357 360 363 364 365 366 368 370 371 372 374 375 376 377 378 380 384 385 387 388 390 391 392 396 399 400 402 403 405 406 407 408 410 411 413 414 415 416 418 420 423 424 425 427 428 429 430 432 434 435 437 438 440 441 442 444 445 448 450 451 455 456 459 460 462 464 465 468 470 472 473 474 475 476 477 480 481 483 484 485 486 488 490 492 493 494 495 496 497 498 500 504 506 507 510 511 513 516 517 518 520 522 525 527 528 530 531 532 533 534 535 536 539 540 544 546 548 549 550 551 552 553 555 558 559 560 561 564 567 568 570 572 574 575 576 580 582 583 584 585 588 589 590 592 594 595 598 600 602 605 608 609 610 612 615 616 620 621 624 627 629 630 636 637 638 639 640 644 645 646 648 649 650 651 656 657 658 660 663 664 665 666 667 670 671 672 675 676 680 682 684 685 689 690 693 696 697 700 702 703 704 705 711 712 713"
338,715,30202,"79 83 97 106 107 114 118 122 125 134 137 141 142 145 146 147 148 153 154 162 170 174 177 180 182 183 187 188 189 190 195 198 201 203 204 205 207 208 209 210 212 213 215 220 221 222 224 225 228 230 231 232 234 235 236 237 238 240 242 243 244 245 246 248 249 250 252 253 255 258 259 260 261 264 266 268 270 272 273 274 275 276 279 280 282 284 285 286 287 288 290 294 295 297 299 300 301 304 306 308 310 312 315 318 319 320 321 322 323 325 328 329 330 332 333 335 336 338 340 341 342 344 345 348 350 351 352 354 355 356 357 360 363 364 365 366 368 369 370 371 372 374 375 376 377 378 380 384 385 387 388 390 391 392 395 396 399 400 402 403 405 406 407 408 410 411 413 414 415 416 418 420 423 424 425 427 428 429 430 432 434 435 437 438 440 441 442 444 445 448 450 451 455 456 459 460 462 464 465 468 470 472 473 475 476 477 480 481 483 484 485 486 488 490 493 494 495 496 497 498 500 504 506 507 510 511 513 516 517 518 520 522 525 527 528 530 531 532 533 534 535 536 539 540 544 546 548 549 550 551 552 553 555 558 559 560 561 564 567 568 570 572 574 575 576 580 582 583 584 585 588 589 590 592 594 595 598 600 602 605 608 609 610 612 615 616 620 621 624 627 629 630 632 636 637 638 639 640 644 645 646 648 649 650 651 656 657 658 660 663 664 665 666 667 670 671 672 675 676 680 682 684 685 689 690 693 696 697 700 702 703 704 705 711 712 713 714 715"
339,720,2756,"81 97 106 107 114 118 122 125 134 137 141 142 145 146 147 148 153 158 165 170 174 175 176 177 180 182 183 187 188 189 190 195 200 201 203 204 205 207 208 209 210 212 213 215 216 220 221 222 224 225 228 230 231 232 234 235 236 237 238 240 242 243 244 245 246 248 250 252 253 255 258 259 260 261 264 266 268 270 272 273 274 275 276 279 280 282 284 285 286 287 288 290 294 295 297 299 300 301 304 306 308 310 312 315 318 319 320 321 322 323 324 325 328 329 330 332 333 335 336 338 340 341 342 344 345 348 350 351 352 354 355 356 357 360 363 364 365 366 368 369 370 371 372 374 375 376 377 378 380 384 385 387 388 390 391 392 396 399 400 402 403 405 406 407 408 410 411 413 414 415 416 418 420 423 424 425 427 428 429 430 432 434 435 437 438 440 441 442 444 445 448 450 451 455 456 459 460 462 464 465 468 470 472 473 474 475 476 477 480 481 483 484 485 486 488 490 493 494 495 496 497 500 504 506 507 510 511 513 516 517 518 520 522 525 527 528 530 531 532 533 534 535 536 539 540 544 546 548 549 550 551 552 553 555 558 559 560 561 564 567 568 570 572 574 575 576 580 581 582 583 584 585 588 589 590 592 594 595 598 600 602 605 608 609 610 612 615 616 620 621 624 627 629 630 636 637 638 639 640 644 645 646 648 649 650 651 656 657 658 660 663 665 666 667 670 671 672 675 676 680 682 684 685 689 690 693 696 697 700 702 703 704 705 711 712 713 714 715 720"
340,721,>= 2027869,"59 81 97 106 107 122 125 134 137 141 142 145 146 147 148 153 156 158 165 170 174 175 176 180 183 187 188 189 190 195 200 201 203 204 205 206 207 209 210 212 213 215 216 220 221 222 224 225 228 230 231 232 234 235 237 238 240 242 243 244 245 246 247 248 250 252 253 255 258 259 260 261 264 266 268 270 272 273 274 275 276 279 280 282 284 285 286 287 288 290 294 295 297 299 300 301 306 308 309 310 312 315 318 319 320 321 322 323 324 325 328 329 330 332 333 335 336 338 340 341 342 344 345 348 350 351 352 354 355 356 357 360 363 364 365 366 368 369 370 371 372 374 375 376 377 378 380 384 385 387 388 390 391 392 396 399 400 402 403 405 406 407 408 410 411 412 413 414 415 416 418 420 423 424 425 427 428 429 430 432 434 435 437 438 440 441 442 444 445 448 450 451 455 456 459 460 462 464 465 468 470 472 473 474 475 476 477 480 481 483 484 485 486 488 490 493 494 495 496 497 500 504 506 507 510 511 513 516 517 518 520 522 525 527 528 530 531 532 533 534 535 536 539 540 544 546 548 549 550 551 552 553 555 558 559 560 561 564 567 568 570 572 574 575 576 580 581 582 583 584 585 588 589 590 592 594 595 598 600 602 605 608 609 610 612 615 616 620 621 624 627 629 630 636 637 638 639 640 644 645 646 648 649 650 651 656 657 658 660 663 665 666 667 670 671 672 675 676 680 682 684 685 689 690 693 696 697 700 702 703 704 705 708 711 712 713 714 715 720 721"
341,721,3553,"81 97 106 107 118 122 125 134 137 141 142 145 146 147 148 153 156 158 165 170 174 175 176 177 180 183 187 188 189 190 195 200 201 203 204 205 206 207 209 210 212 213 215 216 220 221 222 224 225 228 230 231 232 234 235 236 237 238 240 242 243 244 245 246 247 248 250 252 253 255 258 259 260 261 264 266 268 270 272 273 274 275 276 279 280 282 284 285 286 287 288 290 294 295 297 299 300 301 306 308 309 310 312 315 318 319 320 321 322 323 324 325 328 329 330 332 333 335 336 338 340 341 342 344 345 348 350 351 352 354 355 356 357 360 363 364 365 366 368 369 370 371 372 374 375 376 377 378 380 384 385 387 388 390 391 392 396 399 400 402 403 405 406 407 408 410 411 412 413 414 415 416 418 420 423 424 425 427 428 429 430 432 434 435 437 438 440 441 442 444 445 448 450 451 455 456 459 460 462 464 465 468 470 472 473 474 475 476 477 480 481 483 484 485 486 488 490 493 494 495 496 497 500 504 506 507 510 511 513 516 517 518 520 522 525 527 528 530 531 532 533 534 535 536 539 540 544 546 548 549 550 551 552 553 555 558 559 560 561 564 567 568 570 572 574 575 576 580 581 582 583 584 585 588 589 590 592 594 595 598 600 602 605 608 609 610 612 615 616 620 621 624 627 629 630 636 637 638 639 640 644 645 646 648 649 650 651 656 657 658 660 663 665 666 667 670 671 672 675 676 680 682 684 685 689 690 693 696 697 700 702 703 704 705 711 712 713 714 715 720 721"
342,728,>= 331,"79 81 83 97 106 107 118 122 125 134 137 141 142 146 147 148 150 153 154 170 175 177 183 187 188 189 190 198 200 201 204 206 207 208 209 210 212 213 215 216 220 221 222 224 225 228 230 231 232 234 235 236 237 238 240 242 243 244 245 246 247 248 249 250 252 253 255 258 259 260 261 264 266 268 270 272 273 274 275 276 279 280 282 284 285 286 287 288 290 294 295 297 299 300 301 306 308 309 310 312 315 318 319 320 321 322 323 324 325 328 329 330 332 333 335 336 338 340 341 342 344 345 348 350 351 352 354 355 356 357 360 363 364 365 366 368 370 371 372 374 375 376 377 378 380 384 385 387 388 390 391 392 395 396 399 400 402 403 405 406 407 408 410 411 412 413 414 415 416 418 420 423 424 425 427 428 429 430 432 434 435 437 438 440 441 442 444 445 448 450 451 455 456 459 460 462 464 465 468 470 472 473 475 476 477 480 481 483 484 485 486 488 490 492 493 494 495 496 497 498 500 504 506 507 510 511 513 516 517 518 520 522 525 527 528 530 531 532 533 534 535 536 539 540 544 546 548 549 550 551 552 553 555 558 559 560 561 564 567 568 570 572 574 575 576 580 582 583 584 585 588 589 590 592 594 595 598 600 602 605 608 609 610 612 615 616 620 621 624 627 629 630 632 636 637 638 639 640 644 645 646 648 649 650 651 656 657 658 660 663 664 665 666 667 670 671 672 675 676 680 682 684 685 689 690 693 696 697 700 702 703 704 705 711 712 713 714 715 720 721 725 728"
343,731,>= 216,"79 81 97 106 107 118 122 125 134 137 141 142 143 146 147 148 150 156 170 175 176 177 180 182 183 187 188 189 190 195 198 200 201 204 206 207 208 209 210 212 213 215 216 220 221 222 224 225 228 230 231 232 234 235 236 237 238 240 242 243 244 245 246 247 248 250 252 253 255 259 260 261 264 266 268 270 272 273 274 275 276 279 280 282 284 285 286 287 288 290 294 295 297 299 300 306 308 309 310 312 315 318 319 320 321 322 323 324 325 328 329 330 332 333 335 336 338 340 341 342 344 345 348 350 351 352 354 355 356 357 360 363 364 365 366 368 370 371 372 374 375 376 377 378 380 384 385 387 388 390 391 392 395 396 399 400 402 403 405 406 407 408 410 411 412 413 414 415 416 418 420 423 424 425 427 428 429 430 432 434 435 437 438 440 441 442 444 445 448 450 451 455 456 459 460 462 464 465 468 470 472 473 475 476 477 480 481 483 484 485 486 488 490 492 493 494 495 496 497 500 504 506 507 510 511 513 516 517 518 520 522 525 527 528 530 531 532 533 534 535 536 539 540 544 546 548 549 550 551 552 553 555 558 559 560 561 564 567 568 570 572 574 575 576 580 581 582 583 584 585 588 589 590 592 594 595 598 600 602 605 608 609 610 612 615 616 620 621 624 627 629 630 632 636 637 638 639 640 644 645 646 648 649 650 651 656 657 658 660 663 665 666 667 670 671 672 675 676 680 682 684 685 688 689 690 693 696 697 700 702 703 704 705 711 712 713 714 715 720 721 725 728 731"
344,732,>= 260,"83 97 106 107 118 125 129 133 134 137 141 142 146 147 148 150 158 162 168 170 171 172 175 177 180 183 187 188 189 190 198 200 201 204 205 206 207 208 210 212 213 215 219 220 221 222 224 225 230 231 232 234 235 236 237 238 240 242 243 244 245 246 247 248 249 250 252 253 255 258 259 260 261 264 266 268 270 272 273 274 275 276 279 280 282 284 285 286 287 288 290 292 294 295 297 299 300 301 304 305 306 308 309 310 312 315 318 319 320 321 322 323 325 328 329 330 332 333 335 336 338 340 341 342 345 348 350 351 352 354 355 356 357 360 363 364 365 368 369 370 371 372 374 375 376 377 378 380 384 385 387 388 390 391 392 396 399 400 402 403 405 406 407 408 410 411 412 413 414 415 416 418 420 423 424 425 427 428 429 430 432 434 435 437 440 441 442 444 445 448 450 451 455 456 459 460 462 464 465 468 470 472 473 474 475 476 477 480 481 483 484 485 486 490 493 494 495 496 497 498 500 504 506 507 510 511 513 516 517 518 520 522 525 527 528 530 531 532 533 534 535 536 539 540 544 546 548 549 550 551 552 553 555 558 559 560 561 564 567 568 570 572 574 575 576 580 582 583 584 585 588 589 590 592 594 595 598 600 602 605 608 609 610 612 615 616 620 621 624 627 629 630 636 637 638 639 640 644 645 646 648 649 650 651 656 658 660 663 664 665 666 667 670 671 672 675 676 680 682 684 685 688 689 690 693 696 697 700 702 703 704 705 711 712 713 714 715 720 721 725 728 730 731 732"
345,736,>= 103,"79 83 97 106 107 118 125 134 137 141 142 143 146 147 148 150 160 162 170 175 176 177 180 183 187 188 189 190 195 196 198 200 201 204 205 206 208 209 210 212 213 215 219 220 221 222 224 225 228 230 231 232 234 235 236 237 238 240 242 243 244 246 247 248 249 250 252 253 255 259 260 261 264 266 268 270 272 273 274 275 276 279 280 282 284 285 286 287 288 290 292 294 295 297 299 300 305 306 308 309 310 312 315 318 319 320 321 322 323 325 328 329 330 332 333 335 336 338 340 341 342 344 345 348 350 351 352 354 355 356 357 360 363 364 365 368 369 370 371 372 374 375 376 377 378 380 384 385 387 388 390 391 392 395 396 399 400 402 403 405 406 407 408 410 411 412 413 414 415 416 418 420 423 424 425 427 428 429 430 432 434 435 437 440 441 442 444 445 448 450 451 455 456 459 460 462 464 465 468 470 472 473 475 476 477 480 481 483 484 485 486 490 493 494 495 496 497 498 500 504 506 507 510 511 513 516 517 518 520 522 525 527 528 530 531 532 533 534 535 536 539 540 544 546 548 549 550 551 552 553 555 558 559 560 561 564 567 568 570 572 574 575 576 580 582 583 584 585 588 589 590 592 594 595 598 600 602 605 608 609 610 612 615 616 620 621 624 627 629 630 632 636 637 638 639 640 644 645 646 648 649 650 651 656 658 660 663 664 665 666 667 670 671 672 675 676 680 682 684 685 688 689 690 693 696 697 700 702 703 704 705 711 712 713 714 715 720 721 725 728 730 731 732 735 736"
346,737,>= 119,"79 83 97 106 107 118 125 137 141 142 143 146 147 148 150 160 162 170 175 176 177 180 183 184 187 188 189 190 195 196 198 200 201 204 205 206 207 208 209 210 212 213 215 219 220 221 222 224 225 228 230 231 232 234 235 236 237 238 240 242 243 244 246 247 248 249 250 252 255 259 260 261 264 266 268 270 272 273 274 275 276 279 280 282 284 285 286 287 288 290 292 294 295 297 299 300 305 306 308 309 310 312 315 318 319 320 321 322 323 325 328 329 330 332 333 335 336 338 340 341 342 344 345 348 350 351 352 354 355 356 357 360 363 364 365 368 369 370 371 372 374 375 376 377 378 380 384 385 387 388 390 391 392 395 396 399 400 402 403 405 406 407 408 410 411 412 413 414 415 416 418 420 423 424 425 427 428 429 430 432 434 435 437 440 441 442 444 445 448 450 451 455 456 459 460 462 464 465 468 470 472 473 475 476 477 480 481 483 484 485 486 490 493 494 495 496 497 498 500 504 506 507 510 511 513 516 517 518 520 522 525 527 528 530 531 532 533 534 535 539 540 544 546 548 549 550 551 552 553 555 558 559 560 561 564 567 568 570 572 574 575 576 580 582 583 584 585 588 589 590 592 594 595 598 600 602 603 605 608 609 610 612 615 616 620 621 624 627 629 630 632 636 637 638 639 640 644 645 646 648 649 650 651 656 658 660 663 664 665 666 667 670 671 672 675 676 680 682 684 685 688 689 690 693 696 697 700 702 703 704 705 711 712 713 714 715 720 721 725 728 730 731 732 735 736 737"
347,738,>= 90,"81 83 97 106 107 118 125 137 141 142 143 146 147 148 150 158 160 170 175 176 177 180 183 184 187 188 189 190 195 196 198 200 201 204 206 207 208 209 210 212 213 215 216 219 220 221 222 224 225 228 230 231 232 234 235 236 237 238 240 242 243 244 247 248 249 250 252 255 259 260 261 264 266 268 270 272 273 274 275 276 279 280 282 284 285 286 287 288 290 292 294 295 297 299 300 305 306 308 309 310 312 315 318 319 320 321 322 323 324 325 328 329 330 332 333 335 336 338 340 341 342 344 345 348 350 351 352 354 355 356 357 360 363 364 365 368 369 370 371 372 374 375 376 377 378 380 384 385 387 388 390 391 392 396 399 400 402 403 405 406 407 408 410 411 412 413 414 415 416 418 420 423 424 425 427 428 429 430 432 434 435 437 440 441 442 444 445 448 450 451 455 456 459 460 462 464 465 468 470 472 473 474 475 476 477 480 481 483 484 485 486 490 492 493 494 495 496 497 498 500 504 506 507 510 511 513 516 517 518 520 522 525 527 528 530 531 532 533 534 535 539 540 544 546 548 549 550 551 552 553 555 558 559 560 561 564 567 568 570 572 574 575 576 580 582 583 584 585 588 589 590 592 594 595 598 600 602 603 605 608 609 610 612 615 616 620 621 624 627 629 630 636 637 638 639 640 644 645 646 648 649 650 651 656 658 660 663 664 665 666 667 670 671 672 675 676 680 682 684 685 688 689 690 693 696 697 700 702 703 704 705 711 712 713 714 715 720 721 725 728 730 731 732 735 736 737 738"
348,740,>= 128,"81 83 97 106 107 118 125 137 141 142 143 146 147 150 158 160 170 175 176 177 180 183 184 185 187 188 189 190 195 196 198 200 201 204 206 207 208 209 210 212 213 215 216 219 220 221 222 224 225 228 230 231 232 234 235 236 237 238 240 242 243 244 247 248 249 250 252 255 259 260 261 264 266 268 270 272 273 274 275 276 279 280 282 284 285 286 287 288 290 292 294 295 297 299 300 305 306 308 309 310 312 315 318 319 320 321 322 323 324 325 328 329 330 332 333 335 336 338 340 341 342 344 345 348 350 351 352 354 355 356 357 360 363 364 365 368 369 370 371 372 374 375 376 377 378 380 384 385 387 388 390 391 392 396 399 400 402 403 405 406 407 408 410 411 412 413 414 415 416 418 420 423 424 425 427 428 429 430 432 434 435 437 440 441 442 444 445 448 450 451 455 456 459 460 462 464 465 468 470 472 473 474 475 476 477 480 481 483 484 485 486 490 492 493 494 495 496 497 498 500 504 506 507 510 511 513 516 517 518 520 522 525 527 528 530 531 532 533 534 535 539 540 544 546 548 549 550 551 552 553 555 558 559 560 561 564 567 568 570 572 574 575 576 580 582 583 584 585 588 589 590 592 594 595 598 600 602 603 605 608 609 610 612 615 616 620 621 624 627 629 630 636 637 638 639 640 644 645 646 648 649 650 651 656 658 660 663 664 665 666 667 670 671 672 675 676 680 682 684 685 688 689 690 693 696 697 700 702 703 704 705 711 712 713 714 715 720 721 725 728 730 731 732 735 736 737 738 740"
349,741,>= 114,"81 83 97 106 107 118 125 137 141 142 143 146 150 152 158 160 170 175 176 177 180 182 183 184 185 187 188 189 190 195 198 200 201 204 206 207 209 210 212 213 215 216 219 220 221 222 224 225 228 230 231 232 234 235 236 237 238 240 242 243 244 247 248 249 250 252 255 259 260 261 264 266 268 270 272 273 274 275 276 279 280 282 284 285 286 287 288 290 292 294 295 297 299 300 304 305 306 308 309 310 312 315 318 319 320 321 322 323 324 325 328 329 330 332 333 335 336 338 340 341 342 344 345 348 350 351 352 354 355 356 357 360 363 364 365 368 369 370 371 372 374 375 376 377 378 380 384 385 387 388 390 391 392 396 399 400 402 403 405 406 407 408 410 411 412 413 414 415 416 418 420 423 424 425 427 428 429 430 432 434 435 437 440 441 442 444 445 448 450 451 455 456 459 460 462 464 465 468 470 472 473 474 475 476 477 480 481 483 484 485 486 490 492 493 494 495 496 497 498 500 504 506 507 510 511 513 516 517 518 520 522 525 527 528 530 531 532 533 534 535 539 540 544 546 548 549 550 551 552 553 555 558 559 560 561 564 567 568 570 572 574 575 576 580 582 583 584 585 588 589 590 592 594 595 598 600 602 603 605 608 609 610 612 615 616 620 621 624 627 629 630 636 637 638 639 640 644 645 646 648 649 650 651 656 658 660 663 664 665 666 667 670 671 672 675 676 680 682 684 685 688 689 690 693 696 697 700 702 703 704 705 711 712 713 714 715 720 721 725 728 730 731 732 735 736 737 738 740 741"
350,744,>= 56,"79 83 97 106 107 118 121 125 129 137 141 142 146 150 159 160 162 170 172 175 176 177 180 182 183 185 187 188 189 190 198 200 201 204 206 210 212 213 215 217 220 221 222 224 225 228 230 231 232 234 235 236 237 238 240 242 243 244 247 248 249 250 252 253 255 258 259 260 261 264 265 266 268 270 272 273 274 275 276 279 280 282 284 285 286 287 288 290 294 295 297 299 300 301 304 305 306 308 309 310 312 315 318 319 320 321 322 323 325 328 329 330 332 333 335 336 338 340 341 342 345 348 350 351 352 354 355 356 357 360 363 364 365 368 369 370 371 372 374 375 376 377 378 380 384 385 387 388 390 391 392 395 396 399 400 402 403 405 406 407 408 410 411 412 413 414 415 416 418 420 423 424 425 427 428 429 430 432 434 435 437 438 440 441 442 444 445 448 450 451 455 456 459 460 462 464 465 468 470 472 473 475 476 477 480 481 483 485 486 490 492 493 494 495 496 497 498 500 504 506 507 510 511 513 516 517 518 520 522 525 527 528 531 532 533 534 535 539 540 544 546 548 549 550 551 552 553 555 558 559 560 561 564 567 568 570 572 574 575 576 580 582 583 584 585 588 589 590 592 594 595 598 600 602 603 605 608 609 610 612 615 616 620 621 624 627 629 630 632 636 637 638 639 640 644 645 646 648 649 650 651 656 657 658 660 663 664 665 666 667 670 671 672 675 676 680 682 684 685 688 689 690 693 696 697 700 702 703 704 705 711 712 713 714 715 720 721 725 726 728 731 732 735 736 737 738 740 741 742 744"
351,747,>= 105,"79 97 106 107 118 125 129 130 137 141 142 146 150 152 159 160 162 165 166 170 172 175 177 182 183 185 187 188 189 190 198 200 201 204 206 208 209 210 212 213 215 217 220 221 222 224 225 228 230 231 232 234 235 236 237 238 240 242 243 244 247 248 250 252 253 255 258 259 260 261 264 265 266 268 270 272 273 274 275 276 279 280 282 284 285 286 287 288 290 294 295 297 299 300 301 304 305 306 308 309 310 312 315 318 319 320 321 322 323 325 328 329 330 332 333 335 336 338 340 341 342 345 348 350 351 352 354 355 356 357 360 363 364 365 368 369 370 371 372 374 375 376 377 378 380 384 385 387 388 390 391 392 395 396 399 400 402 403 405 406 407 408 410 411 412 413 414 416 418 420 423 424 425 427 428 429 430 432 434 435 437 438 440 441 442 444 445 448 450 451 455 456 459 460 462 464 465 468 470 472 473 475 476 477 480 481 483 484 485 486 490 492 493 494 495 496 497 498 500 504 506 507 510 511 513 516 517 518 520 522 525 527 528 531 532 533 534 535 539 540 544 546 548 549 550 551 552 553 555 558 559 560 561 564 567 568 570 572 574 575 576 580 582 583 584 585 588 589 590 592 594 595 598 600 602 603 605 608 609 610 612 615 616 620 621 624 627 629 630 632 636 637 638 639 640 644 645 646 648 649 650 651 656 657 658 660 663 664 665 666 667 670 671 672 675 676 680 682 684 685 688 689 690 693 696 697 700 702 703 704 705 711 712 713 714 715 720 721 725 728 731 732 735 736 737 738 740 741 742 744 747"
352,748,>= 110,"79 97 106 107 118 125 129 137 141 142 146 150 152 159 160 162 166 172 175 176 177 180 182 183 184 185 187 188 189 190 198 200 201 204 206 207 209 210 212 213 215 217 219 220 221 222 224 225 228 230 231 232 234 235 236 237 238 240 242 243 244 247 248 250 252 255 258 259 260 261 264 265 266 268 270 272 273 274 275 276 279 280 282 284 285 286 287 288 290 292 294 295 297 299 300 301 304 305 306 308 309 310 312 315 318 319 320 321 322 323 325 328 329 330 332 333 335 336 338 340 341 342 345 348 350 351 352 354 355 356 357 360 363 364 365 368 369 370 371 372 374 375 376 377 378 380 384 385 387 388 390 391 392 395 396 399 400 402 403 405 406 407 408 410 411 412 413 414 416 418 420 423 424 425 427 428 429 430 432 434 435 437 440 441 442 444 445 448 450 451 455 456 459 460 462 464 465 468 470 472 473 475 476 477 480 481 483 484 485 486 490 492 493 494 495 496 497 498 500 504 506 507 510 511 513 516 517 518 520 522 525 527 528 531 532 533 534 535 539 540 544 546 548 549 550 551 552 553 555 558 559 560 561 564 567 568 570 572 574 575 576 580 582 583 584 585 588 589 590 592 594 595 598 600 602 603 605 608 609 610 612 615 616 620 621 624 627 629 630 632 636 637 638 639 640 644 645 646 648 649 650 651 656 658 660 663 664 665 666 667 670 671 672 675 676 680 682 684 685 688 689 690 693 696 697 700 702 703 704 705 711 712 713 714 715 720 721 725 728 730 731 732 735 736 737 738 740 741 742 744 747 748"
353,749,>= 113,"79 97 106 118 125 129 137 141 142 146 147 150 152 159 160 162 166 172 175 176 177 180 182 183 184 185 187 188 189 190 196 198 200 201 204 206 207 209 210 212 213 215 217 219 220 221 222 224 225 228 230 231 232 234 235 236 237 238 240 242 243 244 247 248 250 252 255 258 259 260 261 264 265 266 268 270 272 273 274 275 276 279 280 282 284 285 286 287 288 290 292 294 295 297 299 300 301 304 305 306 308 309 310 312 315 318 319 320 322 323 325 328 329 330 332 333 335 336 338 340 341 342 345 348 350 351 352 354 355 356 357 360 363 364 365 368 369 370 371 372 374 375 376 377 378 380 384 385 387 388 390 391 392 395 396 399 400 402 403 405 406 407 408 410 411 412 413 414 416 418 420 423 424 425 427 429 430 432 434 435 437 440 441 442 444 445 448 450 451 455 456 459 460 462 464 465 468 470 472 473 475 476 477 480 481 483 484 485 486 490 492 493 494 495 496 497 498 500 504 506 507 510 511 513 516 517 518 520 522 525 527 528 531 532 533 534 535 539 540 544 546 548 549 550 551 552 553 555 558 559 560 561 564 567 568 570 572 574 575 576 580 582 583 584 585 588 589 590 592 594 595 598 600 602 603 605 608 609 610 612 615 616 620 621 624 627 629 630 632 636 637 638 639 640 642 644 645 646 648 649 650 651 656 658 660 663 664 665 666 667 670 671 672 675 676 680 682 684 685 688 689 690 693 696 697 700 702 703 704 705 711 712 713 714 715 720 721 725 728 730 731 732 735 736 737 738 740 741 742 744 747 748 749"
354,750,>= 93,"79 83 97 106 118 129 137 141 142 146 147 152 159 160 162 168 172 176 177 180 182 183 184 185 187 188 189 190 196 198 200 201 204 206 207 209 210 212 213 215 216 217 219 220 221 222 224 225 228 230 231 232 234 235 236 237 238 240 242 243 244 247 248 250 252 255 258 259 260 261 264 265 266 268 270 272 273 274 275 276 279 280 282 284 285 286 287 288 290 292 294 295 297 299 300 301 304 305 306 308 309 310 312 315 318 319 320 322 323 324 325 328 329 330 333 335 336 338 340 341 342 345 348 350 351 352 354 355 356 357 360 363 364 365 368 369 370 371 372 374 375 376 377 378 380 384 385 387 388 390 391 392 395 396 399 400 402 403 405 406 407 408 410 411 412 413 414 415 416 418 420 423 424 425 427 429 430 432 434 435 437 440 441 442 444 445 448 450 451 455 456 459 460 462 464 465 468 470 472 473 475 476 477 480 481 483 484 485 486 490 492 493 494 495 496 497 498 500 504 506 507 510 511 513 516 517 518 520 522 525 527 528 531 532 533 534 535 539 540 544 546 548 549 550 551 552 553 555 558 559 560 561 564 568 570 572 574 575 576 580 581 582 583 584 585 588 589 590 592 594 595 598 600 602 603 605 608 609 610 612 615 616 620 621 624 627 629 630 632 636 637 638 639 640 642 644 645 646 648 649 650 651 656 658 660 663 664 665 666 667 670 671 672 675 676 680 682 684 685 688 689 690 693 696 697 700 702 703 704 705 711 712 713 714 715 720 721 725 728 730 731 732 735 736 737 738 740 741 742 744 747 748 749 750"
355,752,>= 104,"79 83 97 106 118 129 137 142 146 147 152 156 159 160 162 168 172 176 177 180 182 183 184 185 187 189 190 196 198 200 201 204 206 207 208 209 210 212 213 215 216 217 219 220 221 222 224 225 228 230 231 232 234 235 236 237 238 240 242 243 244 247 248 250 252 255 258 259 260 261 264 265 266 268 270 272 273 274 275 276 279 280 282 284 285 286 287 288 290 292 294 295 297 299 300 301 304 305 306 308 309 310 312 315 318 319 320 322 323 324 325 328 329 330 333 335 336 338 340 341 342 345 348 350 351 352 354 355 356 357 360 363 364 365 368 369 370 371 372 374 375 376 377 378 380 384 385 387 388 390 391 392 395 396 399 400 402 403 405 406 407 408 410 411 412 413 414 415 416 418 420 423 424 425 427 429 430 432 434 435 437 440 441 442 444 445 448 450 451 455 456 459 460 462 464 465 468 470 472 473 475 476 477 480 481 483 484 485 486 490 492 493 494 495 496 497 498 500 504 506 507 510 511 513 516 517 518 520 522 525 527 528 531 532 533 534 535 539 540 544 546 548 549 550 551 552 553 555 558 559 560 561 568 570 572 574 575 576 580 581 582 583 584 585 588 589 590 592 594 595 598 600 602 603 605 608 609 610 611 612 615 616 620 621 624 627 629 630 632 636 637 638 639 640 642 644 645 646 648 649 650 651 656 658 660 663 664 665 666 667 670 671 672 675 676 680 682 684 685 688 689 690 693 696 697 700 702 703 704 705 711 712 713 714 715 720 721 725 728 730 731 732 735 736 737 738 740 741 742 744 747 748 749 750 752"
356,756,>= 82,"79 83 97 106 118 129 130 137 142 146 147 152 159 160 162 172 174 176 177 180 183 184 185 187 189 190 195 196 198 200 201 203 204 206 207 208 209 210 212 213 215 216 217 219 220 221 222 224 225 228 230 231 234 235 236 237 238 240 242 243 244 247 248 250 252 255 258 259 260 261 264 265 266 268 270 272 273 274 275 276 279 280 282 284 285 286 287 288 290 292 294 295 297 299 300 301 304 305 306 308 309 310 312 315 318 319 320 322 323 325 328 329 330 333 335 336 338 340 341 342 345 348 350 351 352 354 355 356 357 360 363 364 365 368 369 370 371 372 374 375 376 378 380 384 385 387 388 390 391 392 395 396 399 400 402 403 405 406 407 408 410 411 412 413 414 415 416 418 420 423 424 425 427 429 430 432 434 435 437 440 441 442 444 445 448 450 451 455 456 459 460 462 464 465 468 470 472 473 475 476 477 480 481 483 484 485 486 490 492 493 494 495 496 497 498 500 504 506 507 510 511 513 516 517 518 520 522 525 527 528 531 532 533 534 535 539 540 544 546 548 549 550 551 552 553 555 558 559 560 561 567 568 570 572 574 575 576 580 581 582 583 584 585 588 589 590 592 594 595 598 600 602 603 605 608 609 610 611 612 615 616 620 621 624 627 629 630 632 636 637 638 639 640 642 644 645 646 648 649 650 651 656 658 660 663 664 665 666 667 670 671 672 675 676 680 682 684 685 688 689 690 693 696 697 700 702 703 704 705 711 712 713 714 715 720 721 725 728 730 731 732 735 736 737 738 740 741 742 744 747 748 749 750 752 754 756"
357,759,>= 97,"83 97 106 118 129 137 138 142 146 152 154 156 158 159 160 161 162 168 172 174 177 180 183 185 187 189 190 195 198 200 201 203 204 206 207 208 209 210 212 213 215 216 217 219 220 221 222 224 225 228 230 231 232 234 235 236 237 238 240 242 243 244 247 248 250 252 253 255 258 259 260 261 264 265 266 268 270 272 273 274 275 276 279 280 282 284 285 286 287 288 290 292 294 295 297 300 301 304 305 306 308 309 310 312 315 318 319 320 322 323 325 328 329 330 333 335 336 338 340 341 342 345 348 350 351 352 354 355 356 357 360 363 364 365 368 369 370 371 372 374 375 376 377 378 380 384 385 387 388 390 391 392 396 399 400 402 403 405 406 407 408 410 411 412 413 414 415 416 418 420 423 424 425 427 429 430 432 434 435 437 440 441 442 444 445 448 450 451 455 456 459 460 462 465 468 470 472 473 474 475 476 477 480 481 483 484 485 486 490 492 493 494 495 496 497 498 500 504 506 507 510 511 513 516 517 518 520 522 525 527 528 531 532 533 534 535 539 540 544 546 548 549 550 551 552 553 555 558 559 560 561 567 568 570 572 574 575 576 580 581 582 583 584 585 588 589 590 592 594 595 598 600 602 603 605 608 609 610 611 612 615 616 620 621 624 627 629 630 636 637 638 639 640 642 644 645 646 648 649 650 651 656 658 660 663 664 665 666 667 670 671 672 675 676 680 682 684 685 688 689 690 693 696 697 700 702 703 704 705 711 712 713 714 715 720 721 725 728 730 731 732 735 736 737 738 740 741 742 744 747 748 749 750 752 754 756 759"
358,762,>= 1,"53 79 97 118 127 129 137 142 146 147 152 156 160 162 166 168 172 174 177 180 182 183 185 187 189 190 196 198 200 201 203 204 206 207 208 210 213 215 216 217 219 220 221 222 224 225 228 230 231 232 234 235 236 237 238 240 242 243 244 248 250 252 253 254 255 258 259 260 261 264 265 266 268 270 272 273 274 275 279 280 282 284 285 286 287 288 290 292 294 295 297 299 300 301 304 305 306 308 309 310 312 315 318 319 320 322 323 325 328 329 330 332 333 335 336 338 340 341 342 345 348 350 351 352 354 355 356 357 360 363 364 365 368 369 370 372 374 375 376 377 378 380 384 385 387 388 390 391 392 395 396 399 400 402 403 405 406 407 408 410 411 412 413 414 416 418 420 423 424 425 427 429 430 432 434 435 437 440 441 442 444 445 448 450 451 455 456 459 460 462 465 468 470 472 473 475 476 477 480 481 483 484 485 486 490 492 493 494 495 496 497 498 500 504 506 507 508 510 511 513 516 517 518 520 522 525 527 528 530 531 532 533 534 535 539 540 544 546 548 549 550 551 552 553 555 558 559 560 561 567 568 570 572 574 575 576 580 582 583 584 585 588 589 590 592 594 595 598 600 602 603 605 608 609 610 611 612 615 616 620 621 624 627 629 630 632 635 636 637 638 639 640 642 644 645 646 648 649 650 651 656 658 660 663 664 665 666 667 670 671 672 675 676 680 682 684 685 688 689 690 693 696 697 700 702 703 704 705 711 712 713 714 715 720 721 725 728 730 731 732 735 736 737 738 740 741 742 744 747 748 749 750 752 754 756 759 760 762"
359,762,>= 1,"59 97 106 127 129 137 142 146 147 152 156 158 159 160 162 166 168 172 174 180 182 183 184 185 187 189 190 196 198 200 201 203 204 206 207 208 210 212 213 215 216 217 219 220 221 222 224 225 228 230 231 232 234 235 237 238 240 242 243 244 248 250 252 253 254 255 258 259 260 261 264 265 266 268 270 272 273 274 275 276 279 280 282 284 285 286 287 288 290 292 294 295 297 299 300 301 304 305 306 308 309 310 312 315 318 319 320 323 325 328 329 330 332 333 335 336 338 340 341 342 345 348 350 351 352 354 355 356 357 360 363 364 365 368 369 370 371 372 374 375 376 377 378 380 384 385 387 388 390 391 392 396 399 400 402 403 405 406 407 408 410 411 412 413 414 416 418 420 423 424 425 427 429 430 432 434 435 437 440 441 442 444 445 448 450 451 455 456 459 460 462 465 468 470 472 473 474 475 476 477 480 481 483 484 485 486 490 492 493 494 495 496 497 498 500 504 506 507 508 510 511 513 516 517 518 520 522 525 527 528 531 532 533 534 535 539 540 544 546 548 549 550 551 552 553 555 558 559 560 561 567 568 570 572 574 575 576 580 582 583 584 585 588 589 590 592 594 595 598 600 602 603 605 608 609 610 611 612 615 616 620 621 624 627 629 630 635 636 637 638 639 640 642 644 645 646 648 649 650 651 656 658 660 663 664 665 666 667 670 671 672 675 676 680 682 684 685 688 689 690 693 696 697 700 702 703 704 705 708 711 712 713 714 715 720 721 725 728 730 731 732 735 736 737 738 740 741 742 744 747 748 749 750 752 754 756 759 760 762"
360,762,1,"97 106 118 127 129 137 142 146 147 152 156 158 159 160 162 166 168 172 174 177 180 182 183 184 185 187 189 190 196 198 200 201 203 204 206 207 208 210 212 213 215 216 217 219 220 221 222 224 225 228 230 231 232 234 235 236 237 238 240 242 243 244 248 250 252 253 254 255 258 259 260 261 264 265 266 268 270 272 273 274 275 276 279 280 282 284 285 286 287 288 290 292 294 295 297 299 300 301 304 305 306 308 309 310 312 315 318 319 320 323 325 328 329 330 332 333 335 336 338 340 341 342 345 348 350 351 352 354 355 356 357 360 363 364 365 368 369 370 371 372 374 375 376 377 378 380 384 385 387 388 390 391 392 396 399 400 402 403 405 406 407 408 410 411 412 413 414 416 418 420 423 424 425 427 429 430 432 434 435 437 440 441 442 444 445 448 450 451 455 456 459 460 462 465 468 470 472 473 474 475 476 477 480 481 483 484 485 486 490 492 493 494 495 496 497 498 500 504 506 507 508 510 511 513 516 517 518 520 522 525 527 528 531 532 533 534 535 539 540 544 546 548 549 550 551 552 553 555 558 559 560 561 567 568 570 572 574 575 576 580 582 583 584 585 588 589 590 592 594 595 598 600 602 603 605 608 609 610 611 612 615 616 620 621 624 627 629 630 635 636 637 638 639 640 642 644 645 646 648 649 650 651 656 658 660 663 664 665 666 667 670 671 672 675 676 680 682 684 685 688 689 690 693 696 697 700 702 703 704 705 711 712 713 714 715 720 721 725 728 730 731 732 735 736 737 738 740 741 742 744 747 748 749 750 752 754 756 759 760 762"
361,767,>= 1,"69 97 106 127 129 137 142 143 146 147 158 159 160 161 162 166 171 172 174 177 180 183 184 185 189 190 195 196 198 200 201 203 204 206 207 208 209 210 212 213 215 216 217 220 221 222 224 225 228 230 231 232 234 235 237 238 240 242 243 244 247 248 250 252 253 254 255 258 259 260 261 264 265 268 270 272 273 274 275 276 279 280 282 284 285 286 287 288 290 294 295 297 299 300 301 304 305 306 308 309 310 312 315 318 319 320 322 323 325 328 329 330 332 333 335 336 338 340 341 342 345 348 350 351 352 355 356 357 360 363 364 365 368 369 370 371 372 374 375 376 377 378 380 384 385 387 388 390 391 392 396 399 400 402 403 405 406 407 408 410 411 412 413 414 416 418 420 423 424 425 427 429 430 432 434 435 437 438 440 441 442 444 445 448 450 451 455 456 459 460 462 465 468 470 472 473 474 475 476 477 480 481 483 484 485 486 490 492 493 494 495 496 497 498 500 504 506 507 508 510 511 513 516 517 518 520 522 525 527 528 531 532 533 534 535 539 540 544 546 548 549 550 551 552 553 555 558 559 560 561 567 568 570 572 574 575 576 580 582 583 584 585 588 589 590 592 594 595 598 600 602 603 605 608 609 610 611 612 615 616 620 621 624 627 629 630 635 636 637 638 639 640 642 644 645 646 648 649 650 651 656 657 658 660 663 664 665 666 667 670 671 672 675 676 680 682 684 685 688 689 690 693 696 697 700 702 703 704 705 708 711 712 713 714 715 720 721 725 728 731 732 735 736 737 738 740 741 742 744 747 748 749 750 752 754 756 759 760 762 765 767"
362,767,26,"97 106 127 129 133 137 142 143 146 147 152 156 158 159 160 162 166 171 172 174 177 180 182 183 185 189 190 195 196 198 200 201 203 204 206 207 208 209 210 212 213 215 216 217 220 221 222 224 225 228 230 231 232 234 235 237 238 240 242 243 244 247 248 250 252 253 254 255 258 259 260 261 264 265 266 268 270 272 273 274 275 279 280 282 284 285 286 287 288 290 294 295 297 299 300 301 304 305 306 308 309 310 312 315 318 319 320 322 323 325 328 329 330 332 333 335 336 338 340 341 342 345 348 350 351 352 355 356 357 360 363 364 365 368 369 370 371 372 374 375 376 377 378 380 384 385 387 388 390 391 392 396 399 400 402 403 405 406 407 408 410 411 412 413 414 416 418 420 423 424 425 427 429 430 432 434 435 437 438 440 441 442 444 445 448 450 451 455 456 459 460 462 465 468 470 472 473 474 475 476 477 480 481 483 484 485 486 490 492 493 494 495 496 497 498 500 504 506 507 508 510 511 513 516 517 518 520 522 525 527 528 531 532 533 534 535 539 540 544 546 548 549 550 551 552 553 555 558 559 560 561 567 568 570 572 574 575 576 580 582 583 584 585 588 589 590 592 594 595 598 600 602 603 605 608 609 610 611 612 615 616 620 621 624 627 629 630 635 636 637 638 639 640 642 644 645 646 648 649 650 651 656 657 658 660 663 664 665 666 667 670 671 672 675 676 680 682 684 685 688 689 690 693 696 697 700 702 703 704 705 708 711 712 713 714 715 720 721 725 728 731 732 735 736 737 738 740 741 742 744 747 748 749 750 752 754 756 759 760 762 765 767"
363,768,>= 102,"83 97 106 116 127 129 133 137 142 143 146 152 158 159 162 171 172 174 177 180 183 185 189 190 192 195 198 200 201 203 204 206 207 208 209 210 212 213 215 216 217 219 220 221 222 224 225 228 230 231 232 234 235 237 238 240 242 243 244 247 248 250 252 253 254 255 256 258 259 260 264 265 266 268 270 272 273 274 275 279 280 282 284 285 286 287 288 290 292 294 295 297 299 300 301 304 305 306 308 309 310 312 315 318 319 320 322 323 325 328 329 330 333 335 336 338 340 341 342 345 348 350 351 352 355 356 357 360 363 364 365 368 369 370 371 372 374 375 376 377 378 380 384 385 387 388 390 391 392 396 399 400 402 403 405 406 407 408 410 411 412 413 414 415 416 418 420 423 424 425 427 429 430 432 434 435 437 440 441 442 444 445 448 450 451 455 456 459 460 462 464 465 468 470 472 473 474 475 476 477 480 481 483 484 485 486 490 492 493 494 495 496 497 498 500 504 506 507 508 510 511 513 516 517 518 520 522 525 527 528 531 532 533 534 535 539 540 544 546 548 549 550 551 552 553 555 558 559 560 561 567 568 570 572 574 575 576 580 581 582 583 584 585 588 589 590 592 594 595 598 600 602 603 605 608 609 610 611 612 615 616 620 621 624 627 629 630 635 636 637 638 639 640 642 644 645 646 648 649 650 651 656 658 660 663 664 665 666 667 670 671 672 675 676 680 682 684 685 688 689 690 693 696 697 700 702 703 704 705 708 711 712 713 714 715 720 721 725 728 730 731 732 735 736 737 738 740 741 742 744 747 748 749 750 752 754 756 759 760 762 765 767 768"
364,770,82,"97 106 116 127 129 133 137 142 146 147 152 158 159 162 165 166 171 172 174 177 180 183 185 189 190 192 196 198 200 201 203 204 206 207 208 209 210 212 213 215 216 217 219 220 221 222 224 225 228 230 231 232 234 235 237 238 240 242 243 244 247 248 250 252 253 254 255 256 258 259 260 264 265 266 268 270 272 273 274 275 279 280 282 284 285 286 287 288 290 292 294 295 297 299 300 301 304 305 306 308 309 310 312 315 318 319 320 322 323 325 328 329 330 332 333 335 336 338 340 341 342 345 348 350 351 352 355 356 357 360 363 364 365 368 369 370 371 372 374 375 376 377 378 380 384 385 387 388 390 391 392 396 399 400 402 403 405 406 407 408 410 411 412 413 414 416 418 420 423 424 425 427 429 430 432 434 435 437 440 441 442 444 445 448 450 451 455 456 459 460 462 464 465 468 470 472 473 474 475 476 477 480 481 483 484 485 486 490 492 493 494 495 496 497 498 500 504 506 507 508 510 511 513 516 517 518 520 522 525 527 528 531 532 533 534 535 539 540 544 546 548 549 550 551 552 553 555 558 559 560 561 567 568 570 572 574 575 576 580 582 583 584 585 588 589 590 592 594 595 598 600 602 603 605 608 609 610 611 612 615 616 620 621 624 627 629 630 635 636 637 638 639 640 642 644 645 646 648 649 650 651 656 658 660 663 664 665 666 667 670 671 672 675 676 680 682 684 685 688 689 690 693 696 697 700 702 703 704 705 708 711 712 713 714 715 720 721 725 728 730 731 732 735 736 737 738 740 741 742 744 747 748 749 750 752 754 756 759 760 762 765 767 768 770"
365,775,>= 31,"79 83 97 106 116 127 137 142 146 147 150 159 162 165 171 172 174 175 177 180 183 185 186 189 190 192 196 198 200 201 203 204 206 207 208 209 210 212 213 216 217 220 221 222 224 225 228 230 231 232 234 235 237 238 240 242 243 244 247 248 250 252 253 254 255 256 258 259 260 264 265 268 270 272 273 274 275 279 280 282 284 285 286 287 288 290 294 295 297 299 300 301 304 305 306 308 309 310 312 315 318 319 320 322 323 325 328 329 330 333 335 336 338 340 341 342 345 348 350 351 352 355 356 357 360 363 364 365 368 369 370 371 372 374 375 376 377 378 380 384 385 387 388 390 391 392 395 396 399 400 402 403 405 406 407 408 410 411 412 413 414 415 416 418 420 423 424 425 427 429 430 432 434 435 437 438 440 441 442 444 445 448 450 451 455 456 459 460 462 464 465 468 470 472 473 475 476 477 480 481 483 484 485 486 490 492 493 494 495 496 497 498 500 504 506 507 508 510 511 513 516 517 518 520 522 525 527 528 531 532 533 534 535 539 540 544 546 548 549 550 551 552 553 555 558 559 560 561 567 568 570 572 574 575 576 580 581 582 583 584 585 588 589 590 592 594 595 598 600 602 603 605 608 609 610 611 612 615 616 620 621 624 627 629 630 632 635 636 637 638 639 640 642 644 645 646 648 649 650 651 656 657 658 660 663 664 665 666 667 670 671 672 675 676 680 682 684 685 688 689 690 693 696 697 700 702 703 704 705 708 711 712 713 714 715 720 721 725 728 731 732 735 736 737 738 740 741 742 744 747 748 749 750 752 754 756 759 760 762 765 767 768 770 774 775"
366,777,>= 86,"83 97 106 127 133 137 142 146 147 150 152 158 159 162 165 171 172 174 175 177 180 183 185 186 189 190 192 196 198 200 201 203 204 206 208 209 210 212 213 216 217 220 221 222 224 225 228 231 232 234 235 237 238 240 242 243 244 247 248 250 252 253 254 255 256 258 259 260 261 264 265 266 268 270 272 273 274 275 276 279 280 282 284 285 286 287 288 290 294 295 296 297 299 300 301 304 305 306 308 309 310 312 315 318 319 320 322 323 325 328 329 330 333 335 336 338 340 341 342 345 348 350 351 352 355 356 357 360 363 364 365 368 369 370 371 372 374 375 376 377 378 380 384 385 387 388 390 391 392 396 399 400 402 403 405 406 407 408 410 411 412 413 414 415 416 418 420 423 424 425 427 429 430 432 434 435 437 438 440 441 442 444 445 448 450 451 455 456 459 460 462 465 468 470 472 473 474 475 476 477 480 481 483 484 485 486 490 492 493 494 495 496 497 498 500 504 506 507 508 510 511 513 516 517 518 520 522 525 527 528 531 532 533 534 535 539 540 544 546 548 549 550 551 552 553 555 558 559 560 561 567 568 570 572 574 575 576 580 581 582 583 584 585 588 589 590 594 595 598 600 602 603 605 608 609 610 611 612 615 616 620 621 624 627 629 630 635 636 637 638 639 640 642 644 645 646 648 649 650 651 656 657 658 660 663 664 665 666 667 670 671 672 675 676 680 682 684 685 688 689 690 693 696 697 700 702 703 704 705 708 711 712 713 714 715 720 721 725 728 731 732 735 736 737 738 740 741 742 744 747 748 749 750 752 754 756 759 760 762 765 767 768 770 774 775 777"
367,780,>= 41,"79 83 97 106 127 137 142 146 147 150 152 159 162 164 171 172 174 175 177 182 183 185 186 189 192 195 196 200 201 203 204 205 206 208 209 210 212 213 216 217 220 221 222 224 225 228 231 232 234 235 237 238 240 242 243 244 247 248 250 252 253 254 255 256 258 259 260 261 264 265 266 268 270 272 273 274 275 276 279 280 282 284 285 286 287 288 290 294 295 296 297 299 300 301 304 305 306 308 309 310 312 315 318 319 320 322 323 325 329 330 333 335 336 338 340 341 342 345 348 350 351 352 355 356 357 360 363 364 365 368 369 370 371 372 374 375 376 377 378 380 384 385 387 388 390 391 392 395 396 399 400 402 403 405 406 407 408 410 411 412 413 414 415 416 418 420 423 424 425 427 429 430 432 434 435 437 438 440 441 442 444 445 448 450 451 455 456 459 460 462 465 468 470 472 473 475 476 477 480 481 483 484 485 486 490 492 493 494 495 496 497 498 500 504 506 507 508 510 511 513 516 517 518 520 522 525 527 528 531 532 533 534 535 539 540 544 546 548 549 550 551 552 553 555 558 559 560 561 567 568 570 572 574 575 576 580 581 582 583 584 585 588 589 590 594 595 598 600 602 603 605 608 609 610 611 612 615 616 620 621 624 627 629 630 632 635 636 637 638 639 640 642 644 645 646 648 649 650 651 656 657 658 660 663 664 665 666 667 670 671 672 675 676 680 682 684 685 688 689 690 693 696 697 700 702 703 704 705 708 711 712 713 714 715 720 721 725 728 731 732 735 736 737 738 740 741 742 744 747 748 749 750 752 754 756 759 760 762 765 767 768 770 774 775 777 779 780"
368,781,>= 1,"61 97 106 127 137 142 146 147 150 158 159 162 164 165 166 171 172 174 175 176 177 180 182 185 186 189 192 195 196 198 200 201 204 205 206 207 208 210 212 213 216 217 220 221 222 224 225 228 230 231 234 235 237 238 240 242 243 247 248 250 252 253 254 255 256 258 259 260 264 265 266 268 270 272 273 274 275 279 280 282 285 286 287 288 290 294 295 296 297 299 300 301 304 306 308 309 310 312 315 318 319 320 322 323 325 329 330 332 333 335 336 338 340 341 342 345 348 350 351 352 355 356 357 360 363 364 365 366 368 369 370 371 372 374 375 376 377 378 380 384 385 387 388 390 391 392 396 399 400 402 403 405 406 407 408 410 411 412 413 414 416 418 420 423 424 425 426 427 429 430 432 434 435 437 438 440 441 442 444 445 448 450 451 455 456 459 460 462 464 465 468 470 472 473 474 475 476 477 480 481 483 484 485 486 488 490 492 493 494 495 496 497 498 500 504 506 507 508 510 511 513 516 517 518 520 522 525 527 528 531 532 533 534 535 539 540 544 546 548 549 550 551 552 553 555 558 559 560 561 567 568 570 572 574 575 576 580 582 583 584 585 588 589 590 594 595 598 600 602 603 605 608 609 610 611 612 615 616 620 621 624 627 629 630 635 636 637 638 639 640 642 644 645 646 648 649 650 651 656 657 658 660 663 664 665 666 667 670 671 672 675 676 680 682 684 685 688 689 690 693 696 697 700 702 703 704 705 708 710 711 712 713 714 715 720 721 725 728 731 732 735 736 737 738 740 741 742 744 747 748 749 750 752 754 756 759 760 762 765 767 768 770 774 775 777 779 780 781"
369,781,>= 63,"79 97 106 127 137 142 146 147 150 159 162 164 165 166 171 172 174 175 176 177 180 182 183 185 186 189 192 195 196 198 200 201 204 205 206 207 208 210 212 213 216 217 220 221 222 224 225 228 230 231 234 235 237 238 240 242 243 244 247 248 250 252 253 254 255 256 258 259 260 264 265 266 268 270 272 273 274 275 279 280 282 285 286 287 288 290 294 295 296 297 299 300 301 304 305 306 308 309 310 312 315 318 319 320 322 323 325 329 330 332 333 335 336 338 340 341 342 345 348 350 351 352 355 356 357 360 363 364 365 368 369 370 371 372 374 375 376 377 378 380 384 385 387 388 390 391 392 395 396 399 400 402 403 405 406 407 408 410 411 412 413 414 416 418 420 423 424 425 426 427 429 430 432 434 435 437 438 440 441 442 444 445 448 450 451 455 456 459 460 462 464 465 468 470 472 473 475 476 477 480 481 483 484 485 486 490 492 493 494 495 496 497 498 500 504 506 507 508 510 511 513 516 517 518 520 522 525 527 528 531 532 533 534 535 539 540 544 546 548 549 550 551 552 553 555 558 559 560 561 567 568 570 572 574 575 576 580 582 583 584 585 588 589 590 594 595 598 600 602 603 605 608 609 610 611 612 615 616 620 621 624 627 629 630 632 635 636 637 638 639 640 642 644 645 646 648 649 650 651 656 657 658 660 663 664 665 666 667 670 671 672 675 676 680 682 684 685 688 689 690 693 696 697 700 702 703 704 705 708 710 711 712 713 714 715 720 721 725 728 731 732 735 736 737 738 740 741 742 744 747 748 749 750 752 754 756 759 760 762 765 767 768 770 774 775 777 779 780 781"
370,782,>= 78,"79 97 106 127 137 142 146 147 150 159 162 164 165 166 171 172 174 175 176 177 180 182 183 185 186 189 192 195 196 198 200 201 205 206 207 208 210 212 213 216 217 220 221 222 224 225 228 230 231 234 235 237 238 240 242 243 244 247 248 250 252 253 254 255 256 258 259 260 264 265 266 268 270 272 273 274 275 276 279 280 282 285 286 287 288 290 294 295 296 297 299 300 301 304 305 306 308 309 310 312 315 318 319 320 322 323 325 329 330 332 333 335 336 338 340 341 342 345 348 350 351 352 355 356 357 360 363 364 365 368 369 370 371 372 374 375 376 377 378 380 384 385 387 388 390 391 392 395 396 399 400 402 403 405 406 407 408 410 411 412 413 414 416 418 420 423 424 425 426 427 429 430 432 434 435 437 438 440 441 442 444 445 448 450 451 455 456 459 460 462 464 465 468 470 472 473 475 476 477 480 481 483 484 485 486 490 492 493 494 495 496 497 498 500 504 506 507 508 510 511 513 516 517 518 520 522 525 527 528 531 532 533 534 535 539 540 544 546 548 549 550 551 552 553 555 558 559 560 561 567 568 570 572 574 575 576 580 582 583 584 585 588 589 590 594 595 598 600 602 603 605 608 609 610 611 612 615 616 620 621 624 627 629 630 632 635 636 637 638 639 640 642 644 645 646 648 649 650 651 656 657 658 660 663 664 665 666 667 670 671 672 675 676 680 682 684 685 688 689 690 693 696 697 700 702 703 704 705 708 710 711 712 713 714 715 720 721 725 728 731 732 735 736 737 738 740 741 742 744 747 748 749 750 752 754 756 759 760 762 765 767 768 770 774 775 777 779 780 781 782"
371,783,>= 33,"79 83 97 106 127 137 142 146 147 150 159 162 164 171 172 175 176 177 180 182 183 185 186 189 192 195 196 200 201 203 205 206 207 208 210 212 213 217 220 221 222 224 225 228 230 231 232 234 235 237 238 240 242 243 244 247 248 250 252 253 254 255 256 258 259 260 261 264 265 266 268 270 272 273 274 275 276 279 280 282 285 286 287 288 290 294 295 296 297 299 300 301 304 305 306 308 309 310 312 315 318 319 320 322 323 325 329 330 333 335 336 338 340 341 342 345 348 350 351 352 355 356 357 360 363 364 365 368 369 370 371 372 374 375 376 377 378 380 384 385 387 388 390 391 392 395 396 399 400 402 403 405 406 407 408 410 411 412 413 414 415 416 418 420 423 424 425 426 427 429 430 432 434 435 437 438 440 441 442 444 445 448 450 451 455 456 459 460 462 464 465 468 470 472 473 475 476 477 480 481 483 484 485 486 490 492 493 494 495 496 497 498 500 504 506 507 508 510 511 513 516 517 518 520 522 525 527 528 531 532 533 534 535 539 540 544 546 548 549 550 551 552 553 555 558 559 560 561 567 568 570 572 574 575 576 580 581 582 583 584 585 588 589 590 594 595 598 600 602 603 605 608 609 610 611 612 615 616 620 621 624 627 629 630 632 635 636 637 638 639 640 642 644 645 646 648 649 650 651 656 657 658 660 663 664 665 666 667 670 671 672 675 676 680 682 684 685 688 689 690 693 696 697 700 702 703 704 705 708 710 711 712 713 714 715 720 721 725 728 731 732 735 736 737 738 740 741 742 744 747 748 749 750 752 754 756 759 760 762 765 767 768 770 774 775 777 779 780 781 782 783"
372,784,>= 186,"79 83 97 106 127 137 142 146 150 159 162 164 168 171 172 175 177 180 182 183 185 186 189 192 195 198 200 201 203 205 206 207 208 210 212 213 217 219 220 221 222 224 225 228 230 232 234 235 237 238 240 242 243 244 245 247 248 250 252 253 254 255 256 258 259 260 261 264 265 266 268 270 272 273 274 275 276 279 280 282 285 286 287 288 290 292 294 295 296 297 299 300 301 304 305 306 308 309 310 312 315 318 319 320 322 323 325 329 330 333 335 336 338 340 341 342 345 348 350 351 352 355 356 357 360 363 364 365 368 369 370 371 372 374 375 376 377 378 380 384 385 387 388 390 391 392 395 396 399 400 402 403 405 406 407 408 410 411 412 413 414 415 416 418 420 423 424 425 426 427 429 430 432 434 435 437 440 441 442 444 445 448 450 451 455 456 459 460 462 464 465 468 470 472 473 475 476 477 480 481 483 484 485 486 490 492 493 494 495 496 497 498 500 504 506 507 508 510 511 513 516 517 518 520 522 525 527 528 531 532 533 534 535 539 540 544 546 548 549 550 551 552 553 555 558 559 560 561 567 568 570 572 574 575 576 580 581 582 583 584 585 588 589 590 594 595 598 600 602 603 605 608 609 610 611 612 615 616 620 621 624 627 629 630 632 635 636 637 638 639 640 642 644 645 646 648 649 650 651 656 658 660 663 664 665 666 667 670 671 672 675 676 680 682 684 685 688 689 690 693 696 697 700 702 703 704 705 708 710 711 712 713 714 715 720 721 725 728 730 731 732 735 736 737 738 740 741 742 744 747 748 749 750 752 754 756 759 760 762 765 767 768 770 774 775 777 779 780 781 782 783 784"
373,790,>= 86,"74 97 106 127 137 142 146 150 158 159 162 164 165 166 171 172 176 177 180 182 183 185 186 189 192 195 198 201 203 205 206 207 208 210 212 213 217 219 220 221 222 224 225 228 230 231 232 234 235 237 238 240 242 243 244 245 247 248 250 252 253 254 255 256 258 259 260 261 264 265 266 268 270 272 273 274 275 276 279 280 282 285 286 287 288 290 292 294 295 296 297 299 300 301 304 305 306 308 309 310 312 315 318 319 320 322 323 325 329 330 332 333 335 336 338 340 341 342 345 348 350 351 352 355 356 357 360 363 364 365 368 369 371 372 374 375 376 377 378 380 384 385 387 388 390 391 392 395 396 399 400 402 403 405 406 407 408 410 411 412 413 414 416 418 420 423 424 425 426 427 429 430 432 434 435 437 440 441 442 444 445 448 450 451 455 456 459 460 462 464 465 468 470 472 473 474 475 476 477 480 481 483 484 485 486 490 492 493 494 495 496 497 498 500 504 506 507 508 510 511 513 516 517 518 520 522 525 527 528 531 532 533 534 535 539 540 544 546 548 549 550 551 552 555 558 559 560 561 567 568 570 572 574 575 576 580 582 583 584 585 588 589 590 592 594 595 598 600 602 603 605 608 609 610 611 612 615 616 620 621 624 627 629 630 632 635 636 637 638 639 640 642 644 645 646 648 649 650 651 656 658 660 663 664 665 666 667 670 671 672 675 676 680 682 684 685 688 689 690 693 696 697 700 702 703 704 705 708 710 711 712 713 714 715 720 721 725 728 730 731 732 735 736 737 738 740 741 742 744 747 748 749 750 752 754 756 759 760 762 765 767 768 770 774 775 777 779 780 781 782 783 784 790"
374,790,>= 296,"97 106 121 127 137 142 146 150 158 159 162 164 166 168 171 172 175 177 180 182 183 185 186 189 192 195 198 200 201 203 205 206 207 208 210 212 213 217 219 220 221 222 224 225 228 230 231 232 234 235 237 238 240 242 243 244 245 247 248 250 252 253 254 255 256 258 259 260 261 264 265 266 268 270 272 273 274 275 276 279 280 282 285 286 287 288 290 292 294 295 296 297 299 300 301 304 305 306 308 309 310 312 315 318 319 320 322 323 325 329 330 332 333 335 336 338 340 341 342 345 348 350 351 352 355 356 357 360 363 364 365 368 369 370 371 372 374 375 376 377 378 380 384 385 387 388 390 391 392 395 396 399 400 402 403 405 406 407 408 410 411 412 413 414 416 418 420 423 424 425 426 427 429 430 432 434 435 437 440 441 442 444 445 448 450 451 455 456 459 460 462 464 465 468 470 472 473 474 475 476 477 480 481 483 485 486 490 492 493 494 495 496 497 498 500 504 506 507 508 510 511 513 516 517 518 520 522 525 527 528 531 532 533 534 535 539 540 544 546 548 549 550 551 552 555 558 559 560 561 567 568 570 572 574 575 576 580 582 583 584 585 588 589 590 594 595 598 600 602 603 605 608 609 610 611 612 615 616 620 621 624 627 629 630 632 635 636 637 638 639 640 642 644 645 646 648 649 650 651 656 658 660 663 664 665 666 667 670 671 672 675 676 680 682 684 685 688 689 690 693 696 697 700 702 703 704 705 708 710 711 712 713 714 715 720 721 725 726 728 730 731 732 735 736 737 738 740 741 742 744 747 748 749 750 752 754 756 759 760 762 765 767 768 770 774 775 777 779 780 781 782 783 784 790"
375,792,22,"97 106 127 137 142 146 150 152 158 159 162 164 165 166 168 171 172 175 177 182 183 185 186 189 192 195 198 200 201 203 205 206 207 208 209 210 212 213 217 220 221 222 224 225 228 230 231 232 234 235 237 238 240 242 243 244 245 247 248 250 252 253 254 255 256 258 259 260 261 264 265 266 268 270 272 273 274 275 276 279 280 282 285 286 287 288 290 294 295 296 297 299 300 301 304 305 306 308 309 310 312 315 318 319 320 322 323 325 329 330 332 333 335 336 338 340 341 342 345 348 350 351 352 355 356 357 360 363 364 365 368 369 370 371 372 374 375 376 377 378 380 384 385 387 388 390 391 392 395 396 399 400 402 403 405 406 407 408 410 411 412 413 414 416 418 420 423 424 425 426 427 429 430 432 434 435 437 438 440 441 442 444 445 448 450 451 455 456 459 460 462 464 465 468 470 472 473 474 475 476 477 480 481 483 484 485 486 490 492 493 494 495 496 497 498 500 504 506 507 508 510 511 513 516 517 518 520 522 525 527 528 531 532 533 534 535 539 540 544 546 548 549 550 551 552 555 558 559 560 561 567 568 570 572 574 575 576 580 582 583 584 585 588 589 590 594 595 598 600 602 603 605 608 609 610 611 612 615 616 620 621 624 627 629 630 632 635 636 637 638 639 640 642 644 645 646 648 649 650 651 656 657 658 660 663 664 665 666 667 670 671 672 675 676 680 682 684 685 688 689 690 693 696 697 700 702 703 704 705 708 710 711 712 713 714 715 720 721 725 728 731 732 735 736 737 738 740 741 742 744 747 748 749 750 752 754 756 759 760 762 765 767 768 770 774 775 777 779 780 781 782 783 784 790 792"
376,795,>= 246,"61 97 121 127 137 142 146 148 150 158 162 164 166 171 172 175 176 177 182 183 186 189 192 195 198 200 201 203 205 206 207 208 210 212 213 215 217 220 221 222 224 225 228 230 231 232 234 235 237 238 240 242 243 244 245 247 248 250 252 253 254 255 256 258 259 260 261 264 266 268 270 272 273 274 275 276 279 280 282 285 286 287 288 290 294 295 296 297 299 300 301 304 305 306 308 309 310 312 315 318 319 320 322 323 325 329 330 332 333 335 336 338 340 341 342 344 345 348 350 351 352 355 356 357 360 363 364 365 366 368 369 370 372 374 375 376 377 378 380 384 385 387 388 390 391 392 395 396 399 400 402 403 405 406 407 408 410 411 412 413 414 416 418 420 423 424 425 426 427 429 430 432 434 435 437 438 440 441 442 444 445 448 450 451 455 456 459 460 462 464 465 468 470 472 473 474 475 476 477 480 483 485 486 488 490 492 493 494 495 496 497 498 500 504 506 507 508 510 511 513 516 517 518 520 522 525 527 528 530 531 532 533 534 535 539 540 544 546 548 549 550 551 552 555 558 560 561 567 568 570 572 574 575 576 580 582 583 584 585 588 589 590 592 594 595 598 600 602 603 605 608 609 610 611 612 615 616 620 621 624 627 629 630 632 635 636 637 638 639 640 642 644 645 646 648 649 650 651 656 657 658 660 663 664 665 666 667 670 671 672 675 676 680 682 684 685 688 689 690 693 696 697 700 702 703 704 705 708 710 711 712 713 714 715 720 721 725 726 728 731 732 735 736 737 738 740 741 742 744 747 748 749 750 752 754 756 759 760 762 765 767 768 770 774 775 777 779 780 781 782 783 784 790 792 793 795"
377,795,60,"97 127 136 137 142 146 148 150 152 158 162 164 166 170 171 172 175 176 177 180 182 186 187 189 192 195 200 201 203 204 205 206 207 208 209 210 212 213 215 217 220 221 222 224 225 228 230 231 232 234 235 237 238 240 242 243 245 247 248 250 252 253 254 255 256 258 259 260 261 264 266 268 270 272 273 274 275 276 279 280 282 285 286 287 288 290 294 295 296 297 299 300 301 304 305 306 308 309 310 312 315 318 319 320 322 323 325 329 330 332 333 335 336 338 340 341 342 344 345 348 350 351 352 355 356 357 360 363 364 365 366 368 369 370 372 374 375 376 377 378 380 384 385 387 388 390 391 392 395 396 399 400 402 403 405 406 407 408 410 411 412 413 414 416 418 420 423 424 425 426 427 429 430 432 434 435 437 438 440 441 442 444 445 448 450 451 455 456 459 460 462 464 465 468 470 472 473 474 475 476 477 480 483 484 485 486 488 490 492 493 494 495 496 497 498 500 504 506 507 508 510 511 513 516 517 518 520 522 525 527 528 530 531 532 533 534 535 539 540 544 546 548 550 551 552 555 558 560 561 567 568 570 572 574 575 576 580 582 583 584 585 588 589 590 592 594 595 598 600 602 603 605 608 609 610 611 612 615 616 620 621 624 627 629 630 632 635 636 637 638 639 640 642 644 645 646 648 649 650 651 656 657 658 660 663 664 665 666 667 670 671 672 675 676 680 682 684 685 688 689 690 693 696 697 700 702 703 704 705 708 710 711 712 713 714 715 720 721 725 728 731 732 735 736 737 738 740 741 742 744 747 748 749 750 752 754 756 759 760 762 765 767 768 770 774 775 777 779 780 781 782 783 784 790 792 793 795"
378,799,>= 112,"83 97 127 133 137 141 142 146 148 150 158 162 164 172 175 176 177 180 182 186 187 188 189 190 192 195 200 201 203 204 205 206 207 208 209 210 212 213 215 217 220 221 222 224 225 230 231 232 234 235 237 240 242 243 245 247 248 250 252 253 254 255 256 258 259 260 261 264 266 268 270 272 273 274 275 276 279 280 282 285 286 287 288 290 294 295 296 297 299 300 301 304 305 306 308 309 310 312 315 318 319 320 322 323 325 329 330 333 335 336 338 340 341 342 344 345 348 350 351 352 355 356 357 360 363 364 365 366 368 369 370 372 374 375 376 377 378 380 384 385 387 388 390 391 392 395 396 399 400 402 403 405 406 407 408 410 411 412 413 414 415 416 418 420 424 425 426 427 429 430 432 434 435 437 438 440 441 442 444 445 448 450 451 455 456 459 460 462 464 465 468 470 472 473 474 475 476 477 480 483 484 485 486 488 490 492 493 494 495 496 497 498 500 504 506 507 508 510 511 513 516 517 518 520 522 525 527 528 530 531 532 533 534 535 539 540 544 546 548 550 551 552 555 558 560 561 564 567 568 570 572 574 575 576 580 581 582 583 584 585 588 589 590 592 594 595 598 600 602 603 605 608 609 610 611 612 615 616 620 621 624 627 629 630 632 635 636 637 638 639 640 642 644 645 646 648 649 650 651 656 657 658 660 663 664 665 666 667 670 671 672 675 676 680 682 684 685 688 689 690 693 696 697 700 702 703 704 705 708 710 711 712 713 714 715 720 721 725 728 731 732 735 736 737 738 740 741 742 744 747 748 749 750 752 754 756 759 760 762 765 767 768 770 774 775 777 779 780 781 782 783 784 790 792 793 795 798 799"
379,800,112,"97 127 137 141 142 146 147 148 152 158 160 162 164 166 170 172 175 177 180 182 186 188 189 190 192 195 196 201 203 204 205 206 207 208 209 210 212 213 215 217 220 221 222 224 225 228 230 231 232 234 235 237 238 240 242 243 245 247 248 250 252 253 254 255 256 258 259 260 261 264 266 268 270 272 273 274 275 276 279 280 282 285 286 287 288 290 294 295 296 297 299 300 301 304 305 306 308 309 310 312 315 318 319 320 322 325 329 330 332 333 335 336 338 340 341 342 344 345 348 350 351 352 355 356 357 360 363 364 365 366 368 369 370 372 374 375 376 377 378 380 384 385 387 388 390 391 392 395 396 399 400 402 403 405 406 407 408 410 411 412 413 414 416 418 420 424 425 426 427 429 430 432 434 435 437 438 440 441 442 444 445 448 450 451 455 456 459 460 462 464 465 468 470 472 473 474 475 476 477 480 483 484 485 486 488 490 492 493 494 495 496 497 498 500 504 506 507 508 510 511 513 516 517 518 520 522 525 527 528 530 531 532 533 534 535 539 540 544 546 548 550 551 552 555 558 560 561 564 567 568 570 572 574 575 576 580 582 583 584 585 588 589 590 592 594 595 598 600 602 603 605 608 609 610 611 612 615 616 620 621 624 627 629 630 632 635 636 637 638 639 640 642 644 645 646 648 649 650 651 656 657 658 660 663 664 665 666 667 670 671 672 675 676 680 682 684 685 688 689 690 693 696 697 700 702 703 704 705 708 710 711 712 713 714 715 720 721 725 728 731 732 735 736 737 738 740 741 742 744 747 748 749 750 752 754 756 759 760 762 765 767 768 770 774 775 777 779 780 781 782 783 784 790 792 793 795 798 799 800"
380,803,>= 8,"61 83 89 97 127 137 142 146 152 158 160 164 172 175 177 178 182 183 185 186 187 189 192 198 201 203 204 205 206 207 210 212 213 217 219 220 221 222 224 225 228 230 231 232 234 237 240 242 243 244 245 247 248 250 252 253 254 255 256 258 259 260 261 264 266 268 270 272 273 274 275 276 279 280 282 285 286 287 288 290 292 294 295 296 297 299 300 301 304 305 306 308 309 310 312 315 318 319 320 322 323 324 325 329 330 333 335 336 338 340 341 342 345 348 350 351 352 355 356 357 360 363 364 365 366 368 369 370 372 374 375 376 377 378 380 384 385 387 388 390 391 392 395 396 399 400 402 403 406 407 408 410 411 412 413 414 415 416 418 420 424 425 426 427 429 430 432 434 435 437 438 440 441 442 444 448 450 451 455 456 459 460 462 464 465 468 470 472 473 474 475 476 477 480 481 483 484 485 486 488 490 492 493 494 495 496 497 498 500 504 506 507 508 510 511 513 516 517 518 520 522 525 527 528 530 531 532 533 534 535 539 540 544 546 548 549 550 551 552 555 558 559 560 561 564 567 568 570 572 574 575 576 580 581 582 583 584 585 588 589 590 594 595 598 600 602 603 605 608 609 610 611 612 615 616 620 621 623 624 627 629 630 632 635 636 637 638 639 640 642 644 645 646 648 649 650 651 656 657 658 660 663 664 665 666 667 670 671 672 675 676 680 682 684 685 688 689 690 693 696 697 700 702 703 704 705 708 710 711 712 713 714 715 720 721 725 728 730 731 732 735 736 737 738 740 741 742 744 747 748 749 750 752 754 756 759 760 762 765 767 768 770 774 775 777 779 780 781 782 783 784 790 792 793 795 798 799 800 801 803"
381,803,>= 100,"83 89 97 127 137 141 142 146 152 158 160 162 164 172 175 177 178 180 182 185 186 187 188 189 192 198 201 203 204 205 206 207 210 212 213 217 219 220 221 222 224 225 228 230 231 232 234 235 237 240 242 243 245 247 248 250 252 253 254 255 256 258 259 260 261 264 266 268 270 272 273 274 275 276 279 280 282 285 286 287 288 290 292 294 295 296 297 299 300 301 304 305 306 308 309 310 312 315 318 319 320 322 323 325 329 330 333 335 336 338 340 341 342 345 348 350 351 352 355 356 357 360 363 364 365 366 368 369 370 372 374 375 376 377 378 380 384 385 387 388 390 391 392 395 396 399 400 402 403 405 406 407 408 410 411 412 413 414 415 416 418 420 424 425 426 427 429 430 432 434 435 437 438 440 441 442 444 448 450 451 455 456 459 460 462 464 465 468 470 472 473 474 475 476 477 480 481 483 484 485 486 488 490 492 493 494 495 496 497 498 500 504 506 507 508 510 511 513 516 517 518 520 522 525 527 528 530 531 532 533 534 535 539 540 544 546 548 550 551 552 555 558 559 560 561 564 567 568 570 572 574 575 576 580 581 582 583 584 585 588 589 590 594 595 598 600 602 603 605 608 609 610 611 612 615 616 620 621 623 624 627 629 630 632 635 636 637 638 639 640 642 644 645 646 648 649 650 651 656 657 658 660 663 664 665 666 667 670 671 672 675 676 680 682 684 685 688 689 690 693 696 697 700 702 703 704 705 708 710 711 712 713 714 715 720 721 725 728 730 731 732 735 736 737 738 740 741 742 744 747 748 749 750 752 754 756 759 760 762 765 767 768 770 774 775 777 779 780 781 782 783 784 790 792 793 795 798 799 800 801 803"
382,804,>= 94,"81 97 127 137 141 142 146 148 152 158 160 164 166 172 175 177 178 182 186 187 188 189 192 195 198 203 204 205 206 207 208 210 212 213 215 216 217 219 220 221 222 224 225 228 230 231 232 234 235 237 240 242 243 245 247 248 250 252 253 254 255 256 258 259 260 261 264 266 267 270 272 273 274 275 276 279 280 282 285 286 287 288 290 292 294 295 296 297 299 300 301 304 305 306 308 309 310 312 315 318 319 320 322 323 324 325 329 330 332 333 335 336 338 340 341 342 344 345 348 350 351 352 355 357 360 363 364 365 366 368 369 370 372 374 375 376 377 378 380 384 385 387 388 390 391 392 395 396 399 400 403 405 406 407 408 410 411 412 413 414 416 418 420 424 425 426 427 429 430 432 434 435 437 438 440 441 442 444 448 450 451 455 456 459 460 462 464 465 468 469 470 472 473 474 475 476 477 480 483 484 485 486 488 490 492 493 494 495 496 497 498 500 504 506 507 508 510 511 513 516 517 518 520 522 525 527 528 530 531 532 533 534 535 536 539 540 544 546 548 550 551 552 555 558 560 561 564 567 568 570 572 574 575 576 580 582 583 584 585 588 589 590 592 594 595 598 600 602 603 605 608 609 610 611 612 615 616 620 621 624 627 629 630 632 635 636 637 638 639 640 642 644 645 646 648 649 650 651 656 657 658 660 663 664 665 666 667 670 671 672 675 676 680 682 684 685 688 689 690 693 696 697 700 702 703 704 705 708 710 711 712 713 714 715 720 721 725 728 730 731 732 735 736 737 738 740 741 742 744 747 748 749 750 752 754 756 759 760 762 765 767 768 770 774 775 777 779 780 781 782 783 784 790 792 793 795 798 799 800 801 803 804"
383,806,>= 87,"81 97 127 137 141 142 146 148 150 152 155 158 160 164 166 171 172 177 186 187 188 189 190 192 195 198 200 203 204 205 206 208 210 212 213 216 217 219 220 221 222 224 225 228 231 232 234 235 237 240 242 243 245 247 248 250 252 253 254 255 256 258 259 260 261 264 266 270 272 273 274 275 276 279 280 282 285 286 287 288 290 292 294 295 296 297 299 300 301 304 305 306 308 309 310 312 315 318 319 320 322 323 324 325 329 330 332 333 335 336 338 340 341 342 345 348 350 351 352 355 356 357 360 363 364 365 366 368 369 370 372 374 375 376 377 378 380 384 385 387 388 390 391 392 395 396 399 400 403 405 406 407 408 410 411 412 413 414 416 418 420 424 425 426 427 429 430 432 434 435 437 438 440 441 442 444 445 448 450 451 455 456 459 460 462 464 465 468 469 470 472 473 474 475 476 477 480 483 484 485 486 488 490 492 493 494 495 496 497 498 500 504 506 507 508 510 511 513 516 517 518 520 522 525 527 528 530 531 532 533 534 535 536 539 540 544 546 548 550 551 552 555 558 559 560 561 564 567 568 570 572 574 575 576 580 582 583 584 585 588 589 590 592 594 595 598 600 602 603 605 608 609 610 611 612 615 616 620 621 624 627 629 630 632 635 636 637 638 639 640 642 644 645 646 648 649 650 651 656 657 658 660 663 664 665 666 667 670 671 672 675 676 680 682 684 685 688 689 690 693 696 697 700 702 703 704 705 708 710 711 712 713 714 715 720 721 725 728 730 731 732 735 736 737 738 740 741 742 744 747 748 749 750 752 754 756 759 760 762 765 767 768 770 774 775 777 779 780 781 782 783 784 790 792 793 795 798 799 800 803 804 805 806"
384,808,>= 1,"61 81 97 127 137 142 146 148 152 155 158 160 164 166 172 175 177 183 186 187 189 192 195 198 203 204 205 206 208 210 212 213 216 217 219 220 221 222 224 225 228 231 232 234 237 240 242 243 244 245 247 248 250 252 253 254 255 256 258 259 260 261 264 266 270 272 273 274 275 276 279 280 282 285 286 287 288 290 292 294 295 296 297 299 300 301 303 304 305 306 308 309 310 312 315 318 319 320 322 323 324 325 329 330 332 333 335 336 338 340 341 342 345 348 350 351 352 355 356 357 360 363 364 365 366 368 369 370 372 374 375 376 377 378 380 384 385 387 388 390 391 392 395 396 399 400 403 405 406 407 408 410 411 412 413 414 416 418 420 424 425 426 427 429 430 432 434 435 437 438 440 441 442 444 445 448 450 451 455 456 459 460 462 464 465 468 469 470 472 473 474 475 476 477 480 483 484 485 486 488 490 492 493 494 495 496 497 498 500 504 506 507 508 510 511 513 516 517 518 520 522 525 527 528 530 531 532 533 534 535 536 539 540 544 546 548 549 550 551 552 555 558 559 560 561 564 567 568 570 572 574 575 576 580 582 583 584 585 588 589 590 592 594 595 598 600 602 603 605 608 609 610 611 612 615 616 620 621 624 627 629 630 632 635 636 637 638 639 640 642 644 645 646 648 649 650 651 656 657 658 660 663 664 665 666 667 670 671 672 675 676 680 682 684 685 688 689 690 693 696 697 700 702 703 704 705 707 708 710 711 712 713 714 715 720 721 725 728 730 731 732 735 736 737 738 740 741 742 744 747 748 749 750 752 754 756 759 760 762 765 767 768 770 774 775 777 779 780 781 782 783 784 790 792 793 795 798 799 800 803 804 805 806 808"
385,808,>= 88,"81 97 127 137 141 142 146 148 152 155 158 160 164 166 171 172 175 177 186 187 188 189 190 192 195 198 203 204 205 206 208 210 212 213 216 217 219 220 221 222 224 225 228 231 232 234 235 237 240 242 243 245 247 248 250 252 253 254 255 256 258 259 260 261 264 266 270 272 273 274 275 276 279 280 282 285 286 287 288 290 292 294 295 296 297 299 300 301 303 304 305 306 308 309 310 312 315 318 319 320 322 323 324 325 329 330 332 333 335 336 338 340 341 342 345 348 350 351 352 355 356 357 360 363 364 365 366 368 369 370 372 374 375 376 377 378 380 384 385 387 388 390 391 392 395 396 399 400 403 405 406 407 408 410 411 412 413 414 416 418 420 424 425 426 427 429 430 432 434 435 437 438 440 441 442 444 445 448 450 451 455 456 459 460 462 464 465 468 469 470 472 473 474 475 476 477 480 483 484 485 486 488 490 492 493 494 495 496 497 498 500 504 506 507 508 510 511 513 516 517 518 520 522 525 527 528 530 531 532 533 534 535 536 539 540 544 546 548 550 551 552 555 558 559 560 561 564 567 568 570 572 574 575 576 580 582 583 584 585 588 589 590 592 594 595 598 600 602 603 605 608 609 610 611 612 615 616 620 621 624 627 629 630 632 635 636 637 638 639 640 642 644 645 646 648 649 650 651 656 657 658 660 663 664 665 666 667 670 671 672 675 676 680 682 684 685 688 689 690 693 696 697 700 702 703 704 705 707 708 710 711 712 713 714 715 720 721 725 728 730 731 732 735 736 737 738 740 741 742 744 747 748 749 750 752 754 756 759 760 762 765 767 768 770 774 775 777 779 780 781 782 783 784 790 792 793 795 798 799 800 803 804 805 806 808"
386,810,>= 1272,"61 97 127 137 142 146 148 152 155 158 160 164 166 171 172 175 177 183 186 187 189 190 192 195 198 203 204 205 206 208 210 212 213 216 217 219 220 221 222 224 225 228 231 232 234 237 240 242 243 244 245 247 248 250 252 253 254 255 256 258 259 260 261 264 266 270 272 273 274 275 276 279 280 282 285 286 287 288 290 292 294 295 296 297 299 300 301 303 304 305 306 308 309 310 312 315 318 319 320 322 323 324 325 329 330 332 333 335 336 338 340 341 342 345 348 350 351 352 355 356 357 360 363 364 365 366 368 369 370 372 374 375 376 377 378 380 384 385 387 388 390 391 392 395 396 399 400 403 405 406 407 408 410 411 412 413 414 416 418 420 424 425 426 427 429 430 432 434 435 437 438 440 441 442 444 445 448 450 451 455 456 459 460 462 464 465 468 469 470 472 473 474 475 476 477 480 483 484 485 486 488 490 492 493 494 495 496 497 498 500 504 506 507 508 510 511 513 516 517 518 520 522 525 527 528 530 531 532 533 534 535 536 539 540 544 546 548 549 550 551 552 555 558 559 560 561 564 567 568 570 572 574 575 576 580 582 583 584 585 588 589 590 592 594 595 598 600 602 603 605 608 609 610 611 612 615 616 620 621 624 627 629 630 632 635 636 637 638 639 640 642 644 645 646 648 649 650 651 656 657 658 660 663 664 665 666 667 670 671 672 675 676 680 682 684 685 688 689 690 693 696 697 700 702 703 704 705 707 708 710 711 712 713 714 715 720 721 725 728 730 731 732 735 736 737 738 740 741 742 744 747 748 749 750 752 754 756 759 760 762 765 767 768 770 774 775 777 779 780 781 782 783 784 790 792 793 795 798 799 800 803 804 805 806 808 810"
387,810,12,"97 127 137 141 142 146 148 152 155 158 160 164 166 171 172 175 177 178 180 186 187 188 189 190 192 195 198 203 204 205 206 208 210 212 213 216 217 219 220 221 222 224 225 228 231 232 234 235 237 240 242 243 245 247 248 250 252 253 254 255 256 258 259 260 261 264 266 267 270 272 273 274 275 276 279 280 282 285 286 287 288 290 292 294 295 296 297 299 300 301 303 304 305 306 308 309 310 312 315 318 319 320 322 323 324 325 329 330 332 333 335 336 338 340 341 342 345 348 350 351 352 355 357 360 363 364 365 366 368 369 370 372 374 375 376 377 378 380 384 385 387 388 390 391 392 395 396 399 400 403 405 406 407 408 410 411 412 413 414 416 418 420 424 425 426 427 429 430 432 434 435 437 438 440 441 442 444 448 450 451 455 456 459 460 462 464 465 468 469 470 472 473 474 475 476 477 480 483 484 485 486 488 490 492 493 494 495 496 497 498 500 504 506 507 508 510 511 513 516 517 518 520 522 525 527 528 530 531 532 533 534 535 536 539 540 544 546 548 550 551 552 555 558 559 560 561 564 567 568 570 572 574 575 576 580 582 583 584 585 588 589 590 592 594 595 598 600 602 603 605 608 609 610 611 612 615 616 620 621 624 627 629 630 632 635 636 637 638 639 640 642 644 645 646 648 649 650 651 656 657 658 660 663 664 665 666 667 670 671 672 675 676 680 682 684 685 688 689 690 693 696 697 700 702 703 704 705 707 708 710 711 712 713 714 715 720 721 725 728 730 731 732 735 736 737 738 740 741 742 744 747 748 749 750 752 754 756 759 760 762 765 767 768 770 774 775 777 779 780 781 782 783 784 790 792 793 795 798 799 800 801 803 804 805 806 808 810"
388,814,>= 151,"89 97 127 137 141 142 146 152 154 155 158 160 164 166 170 172 175 177 178 182 186 187 188 189 192 198 204 205 206 208 210 212 213 216 217 219 220 221 222 224 225 228 231 232 234 235 237 238 240 242 243 245 247 248 250 252 253 254 255 256 258 259 260 261 264 266 270 272 273 274 275 276 279 280 282 285 286 287 288 292 294 295 296 297 299 300 301 303 304 305 306 308 309 310 312 315 318 319 320 322 323 324 325 329 330 332 333 335 336 338 340 341 342 345 348 350 351 352 355 356 357 360 363 364 365 366 368 369 370 372 374 375 376 377 378 380 384 385 387 388 390 391 392 395 396 399 400 403 405 406 407 408 410 411 412 413 414 416 418 420 424 425 426 427 429 430 432 434 435 437 438 440 441 442 444 448 450 451 455 456 459 460 462 464 465 468 469 470 472 473 474 475 476 477 480 481 483 484 485 486 488 490 492 493 494 495 496 497 498 500 504 506 507 508 510 511 513 516 517 518 520 522 525 527 528 530 531 532 533 534 535 536 539 540 544 546 548 550 551 552 555 558 559 560 561 564 567 568 570 572 574 575 576 580 582 583 584 585 588 589 590 592 594 595 598 600 602 603 605 608 609 610 611 612 615 616 620 621 623 624 627 630 632 635 636 637 638 639 640 642 644 645 646 648 649 650 651 656 657 658 660 663 664 665 666 667 670 671 672 675 676 680 682 684 685 688 689 690 693 696 697 700 702 703 704 705 707 708 710 711 712 713 714 715 720 721 725 728 730 731 732 735 736 737 738 740 741 742 744 747 748 749 750 752 754 756 759 760 762 765 767 768 770 774 775 777 779 780 781 782 783 784 790 792 793 795 798 799 800 801 803 804 805 806 808 810 812 814"
389,817,>= 67,"82 83 97 127 129 137 141 142 146 155 158 170 175 176 177 182 184 185 186 187 188 189 192 198 204 206 207 208 209 210 212 213 216 217 219 220 221 222 225 228 231 232 234 235 237 238 240 242 243 245 246 247 248 250 252 254 255 256 259 260 261 264 266 270 272 273 274 275 276 279 280 282 285 286 287 288 292 294 295 296 297 299 300 301 303 304 305 306 308 309 310 312 315 318 319 320 322 323 324 325 328 329 330 333 335 336 338 340 341 342 344 345 348 350 351 352 355 356 357 360 363 364 365 366 368 369 370 372 374 375 376 377 378 380 384 385 387 388 390 391 392 395 396 399 400 403 405 406 407 408 410 411 412 413 414 415 416 418 420 424 425 426 427 429 430 432 434 435 437 438 440 441 442 444 445 448 450 451 455 456 459 460 462 464 465 468 469 470 472 473 474 475 476 477 480 481 483 484 485 486 488 490 492 493 494 495 496 497 498 500 504 506 507 508 510 511 513 516 517 518 520 522 525 527 528 530 531 532 533 534 535 536 539 540 544 546 548 550 551 552 555 558 559 560 561 564 567 568 570 572 574 575 576 580 581 582 583 584 585 588 589 590 592 594 595 598 600 602 603 605 608 609 610 611 612 615 616 620 621 624 627 629 630 632 635 636 637 638 639 640 642 644 645 646 648 649 650 651 656 657 658 660 663 664 665 666 667 670 671 672 675 676 680 682 684 685 688 689 690 693 696 697 700 702 704 705 707 708 710 711 712 713 714 715 720 721 725 728 730 731 732 735 736 737 738 740 741 742 744 747 748 749 750 752 754 756 759 760 762 765 767 768 770 774 775 777 779 780 781 782 783 784 790 792 793 795 798 799 800 803 804 805 806 808 810 812 814 816 817"
390,819,>= 69,"82 89 97 127 129 137 142 146 155 158 166 170 175 176 177 178 182 184 185 186 187 189 192 195 198 204 206 207 208 209 210 212 213 216 217 219 220 221 222 225 228 231 232 234 237 238 240 242 243 245 246 247 248 250 252 254 255 256 259 260 261 264 266 270 272 273 274 275 276 279 280 282 285 286 287 288 292 294 295 296 297 299 300 301 303 304 305 306 308 309 310 312 315 318 319 320 322 323 324 325 328 329 330 332 333 335 336 338 340 341 342 344 345 348 350 351 352 355 356 357 360 363 364 365 366 368 369 370 372 374 375 376 377 378 380 384 385 387 388 390 391 392 395 396 399 400 403 405 406 407 408 410 411 412 413 414 416 418 420 424 425 426 427 429 430 432 434 435 437 438 440 441 442 444 448 450 451 455 456 459 460 462 464 465 468 469 470 472 473 474 475 476 477 480 481 483 484 485 486 488 490 492 493 494 495 496 497 498 500 504 506 507 508 510 511 513 516 517 518 520 522 525 527 528 530 531 532 533 534 535 536 539 540 544 546 548 550 551 552 555 558 559 560 561 564 567 568 570 572 574 575 576 580 582 583 584 585 588 589 590 592 594 595 598 600 602 603 605 608 609 610 611 612 615 616 620 621 623 624 627 629 630 632 635 636 637 638 639 640 642 644 645 646 648 649 650 651 656 657 658 660 663 664 665 666 667 670 671 672 675 676 680 682 684 685 688 689 690 693 696 697 700 702 704 705 707 708 710 711 712 713 714 715 720 721 725 728 730 731 732 735 736 737 738 740 741 742 744 747 748 749 750 752 754 756 759 760 762 765 767 768 770 774 775 777 779 780 781 782 783 784 790 792 793 795 798 799 800 801 803 804 805 806 808 810 812 814 816 817 819"
391,820,>= 1,"83 89 97 110 127 129 137 142 146 155 158 164 170 175 176 177 178 182 185 186 187 192 195 198 204 205 206 208 209 210 212 213 217 219 220 221 222 225 228 231 232 234 237 238 240 242 243 245 246 247 248 250 252 253 254 255 256 259 260 261 264 266 270 272 273 274 275 276 279 280 282 285 286 287 288 292 294 295 296 297 299 300 301 303 304 305 306 308 309 310 312 315 318 319 320 322 323 324 325 328 329 330 333 335 336 338 340 341 342 344 345 348 350 351 352 355 356 357 360 363 364 365 366 368 369 370 372 374 375 376 377 378 380 384 385 387 388 390 391 392 395 396 399 400 403 405 406 407 408 410 411 412 413 414 415 416 418 420 424 425 426 427 429 430 432 434 435 437 438 440 441 442 444 448 450 451 455 456 459 460 462 464 465 468 469 470 472 473 474 475 476 477 480 481 483 484 485 486 488 490 492 493 494 495 496 497 498 500 504 506 507 508 510 511 513 516 517 518 520 522 525 527 528 530 531 532 533 534 535 536 539 540 544 546 548 550 551 552 555 558 559 560 561 564 567 568 570 572 574 575 576 580 581 582 583 584 585 588 589 590 592 594 595 598 600 602 603 605 608 609 610 611 612 615 616 620 621 623 624 627 629 630 632 635 636 637 638 639 640 642 644 645 646 648 649 650 651 656 657 658 660 663 664 665 666 667 670 671 672 675 676 680 682 684 685 688 689 690 693 696 697 700 702 704 705 707 708 710 711 712 713 714 715 720 721 725 728 730 731 732 735 736 737 738 740 741 742 744 747 748 749 750 752 754 756 759 760 762 765 767 768 770 774 775 777 779 780 781 782 783 784 790 792 793 795 798 799 800 801 803 804 805 806 808 810 812 814 816 817 819 820"
392,820,>= 202,"89 97 127 129 137 142 146 155 158 164 166 170 175 176 177 178 182 184 185 186 187 189 192 195 198 204 205 206 207 208 209 210 212 213 216 217 219 220 221 222 225 228 231 232 234 237 238 240 242 243 245 246 247 248 250 252 254 255 256 259 260 261 264 266 270 272 273 274 275 276 279 280 282 285 286 287 288 292 294 295 296 297 299 300 301 303 304 305 306 308 309 310 312 315 318 319 320 322 323 324 325 328 329 330 332 333 335 336 338 340 341 342 344 345 348 350 351 352 355 356 357 360 363 364 365 366 368 369 370 372 374 375 376 377 378 380 384 385 387 388 390 391 392 395 396 399 400 403 405 406 407 408 410 411 412 413 414 416 418 420 424 425 426 427 429 430 432 434 435 437 438 440 441 442 444 448 450 451 455 456 459 460 462 464 465 468 469 470 472 473 474 475 476 477 480 481 483 484 485 486 488 490 492 493 494 495 496 497 498 500 504 506 507 508 510 511 513 516 517 518 520 522 525 527 528 530 531 532 533 534 535 536 539 540 544 546 548 550 551 552 555 558 559 560 561 564 567 568 570 572 574 575 576 580 582 583 584 585 588 589 590 592 594 595 598 600 602 603 605 608 609 610 611 612 615 616 620 621 623 624 627 629 630 632 635 636 637 638 639 640 642 644 645 646 648 649 650 651 656 657 658 660 663 664 665 666 667 670 671 672 675 676 680 682 684 685 688 689 690 693 696 697 700 702 704 705 707 708 710 711 712 713 714 715 720 721 725 728 730 731 732 735 736 737 738 740 741 742 744 747 748 749 750 752 754 756 759 760 762 765 767 768 770 774 775 777 779 780 781 782 783 784 790 792 793 795 798 799 800 801 803 804 805 806 808 810 812 814 816 817 819 820"
393,825,>= 116,"83 97 103 127 129 137 141 142 146 155 158 160 164 170 177 182 185 186 187 188 189 192 195 204 205 206 208 209 210 212 213 216 217 219 220 221 222 224 228 231 232 234 235 237 238 242 243 245 246 247 248 250 252 253 254 255 256 259 260 261 264 266 270 272 273 274 275 276 279 280 282 285 286 287 288 292 294 295 296 297 299 300 301 303 304 305 306 308 309 310 312 315 318 319 320 322 323 324 325 328 329 330 333 335 336 338 340 341 342 344 345 348 350 351 352 355 356 357 360 363 364 365 366 368 369 370 372 374 375 376 377 378 380 384 385 387 388 390 391 392 395 396 399 400 403 405 406 407 408 410 411 412 413 414 415 416 418 420 424 425 426 427 429 430 432 434 435 437 438 440 441 442 444 445 448 450 451 455 456 459 460 462 464 465 468 469 470 472 473 474 475 476 477 480 481 483 484 485 486 488 490 492 493 494 495 496 497 498 500 504 506 507 508 510 511 513 515 516 517 518 520 522 525 527 528 530 531 532 533 534 535 536 539 540 544 546 548 550 551 552 555 558 559 560 561 564 567 568 570 572 574 575 576 580 581 582 583 584 585 588 589 590 592 594 595 598 600 602 603 605 608 609 610 611 612 615 616 618 620 621 624 627 629 630 632 635 636 637 638 639 640 642 644 645 646 648 649 650 651 656 657 658 660 663 664 665 666 667 670 671 672 675 676 680 682 684 685 688 689 690 693 696 697 700 702 704 705 707 708 710 711 712 713 714 715 720 725 728 730 731 732 735 736 737 738 740 741 742 744 747 748 749 750 752 754 756 759 760 762 765 767 768 770 774 775 777 779 780 781 782 783 784 790 792 793 795 798 799 800 803 804 805 806 808 810 812 814 816 817 819 820 824 825"
394,826,>= 159,"97 103 127 129 137 141 142 146 150 155 158 164 166 170 182 185 186 187 188 189 192 195 198 204 205 206 208 209 210 212 213 216 217 219 221 222 224 225 228 231 232 234 235 236 237 238 240 242 243 245 246 247 248 250 252 253 254 255 256 259 260 261 264 266 270 272 273 274 275 276 279 280 282 285 286 287 292 294 295 296 297 299 300 301 303 304 305 306 308 309 310 312 315 318 319 320 322 323 324 325 328 329 330 332 333 335 336 338 340 341 342 344 345 348 350 351 352 354 355 356 357 360 363 364 365 366 368 369 370 372 374 375 376 377 378 380 384 385 387 388 390 391 392 395 396 399 400 403 405 406 407 408 410 411 412 413 414 416 418 420 424 425 426 427 429 430 432 434 435 437 438 440 441 442 444 445 448 450 451 455 456 459 460 462 464 465 468 469 470 472 473 474 475 476 477 480 481 483 484 485 486 488 490 492 493 494 495 496 497 498 500 504 506 507 508 510 511 513 515 516 517 518 520 522 525 527 528 530 531 532 533 534 535 536 539 540 544 546 548 550 551 552 555 558 559 560 561 564 567 568 570 572 574 575 576 580 582 583 584 585 588 589 590 592 594 595 598 600 602 603 605 608 609 610 611 612 615 616 618 620 621 624 627 629 630 632 635 636 637 638 639 640 642 644 645 646 648 650 651 656 657 658 660 663 664 665 666 667 670 671 672 675 676 680 682 684 685 688 689 690 693 696 697 700 702 704 705 707 708 710 711 712 713 714 715 720 725 728 730 731 732 735 736 737 738 740 741 742 744 747 748 749 750 752 754 756 759 760 762 765 767 768 770 774 775 777 779 780 781 782 783 784 790 792 793 795 798 799 800 803 804 805 806 808 810 812 814 816 817 819 820 824 825 826"
395,828,>= 164,"97 103 127 129 137 141 142 146 155 158 160 164 166 170 182 185 186 187 188 189 192 195 198 204 205 206 208 209 210 212 213 216 217 219 221 222 224 228 230 231 232 234 235 236 237 238 242 243 245 246 247 248 250 252 253 254 255 256 259 260 261 264 266 270 272 273 274 275 276 279 280 282 285 286 287 288 292 294 295 296 297 299 300 301 303 304 305 306 308 309 310 312 315 318 319 320 322 323 324 325 328 329 330 332 333 335 336 338 340 341 342 344 345 348 350 351 352 354 355 356 357 360 363 364 365 366 368 369 370 372 374 375 376 377 378 380 384 385 387 388 390 391 392 395 396 399 400 403 405 406 407 408 410 411 412 413 414 416 418 420 424 425 426 427 429 430 432 434 435 437 438 440 441 442 444 445 448 450 451 455 456 459 460 462 464 465 468 469 470 472 473 474 475 476 477 480 481 483 484 485 486 488 490 492 493 494 495 496 497 498 500 504 506 507 508 510 511 513 515 516 517 518 520 522 525 527 528 530 531 532 533 534 535 536 539 540 544 546 548 550 551 552 555 558 559 560 561 564 567 568 570 572 574 575 576 580 582 583 584 585 588 589 590 592 594 595 598 600 602 603 605 608 609 610 611 612 615 616 618 620 621 624 627 629 630 632 635 636 637 638 639 640 642 644 645 646 648 650 651 656 657 658 660 663 664 665 666 667 670 671 672 675 676 680 682 684 685 688 689 690 693 696 697 700 702 704 705 707 708 710 711 712 713 714 715 720 725 728 730 731 732 735 736 737 738 740 741 742 744 747 748 749 750 752 754 756 759 760 762 765 767 768 770 774 775 777 779 780 781 782 783 784 790 792 793 795 798 799 800 803 804 805 806 808 810 812 814 816 817 819 820 824 825 826 828"
396,830,>= 119,"89 97 103 127 129 137 142 144 146 155 158 164 170 178 182 185 186 187 189 192 195 198 204 205 206 208 209 210 212 213 216 217 219 221 222 228 230 231 232 234 236 237 238 240 242 243 245 246 247 248 249 250 252 253 254 255 256 259 260 261 264 266 270 272 273 274 275 276 279 280 282 285 286 287 288 292 294 295 296 297 299 300 301 303 304 305 306 308 309 310 312 315 318 319 320 322 323 324 325 328 329 330 333 335 336 338 340 341 342 344 345 348 350 351 352 354 355 356 357 360 363 364 365 366 368 369 370 372 374 375 376 377 378 380 384 385 387 388 390 391 392 395 396 399 400 403 405 406 407 408 410 411 412 413 414 415 416 418 420 424 425 426 427 429 430 432 434 435 437 438 440 441 442 444 448 450 451 455 456 459 460 462 464 465 468 469 470 472 473 474 475 476 477 480 481 483 484 485 486 488 490 492 493 494 495 496 497 498 500 504 506 507 508 510 511 513 515 516 517 518 520 522 525 527 528 530 531 532 533 534 535 536 539 540 544 546 548 550 551 552 555 558 559 560 561 564 567 568 570 572 574 575 576 580 581 582 583 584 585 588 589 590 592 594 595 598 600 602 603 605 608 609 610 611 612 615 616 618 620 621 623 624 627 629 630 632 635 636 637 638 639 640 642 644 645 646 648 650 651 656 657 658 660 663 665 666 667 670 671 672 675 676 680 682 684 685 688 689 690 693 696 697 700 702 704 705 707 708 710 711 712 713 714 715 720 725 728 730 731 732 735 736 737 738 740 741 742 744 747 748 749 750 752 754 756 759 760 762 765 767 768 770 774 775 777 779 780 781 782 783 784 790 792 793 795 798 799 800 801 803 804 805 806 808 810 812 814 816 817 819 820 824 825 826 828 830"
397,833,>= 49,"89 97 103 119 127 129 137 142 146 155 156 158 164 176 178 180 185 186 195 196 200 204 205 206 208 209 210 212 213 217 219 220 222 224 225 228 230 231 232 234 236 237 238 240 242 243 245 246 247 248 249 250 252 253 254 255 256 259 260 261 264 266 270 272 273 274 276 279 280 282 285 286 287 288 292 294 295 296 297 299 300 301 303 304 305 306 308 309 310 312 315 318 319 320 322 323 324 325 328 329 330 333 335 336 338 340 341 342 344 345 348 350 351 352 354 355 356 357 360 363 364 365 366 368 369 370 372 374 375 376 377 378 380 384 385 387 388 390 391 392 395 396 399 400 403 405 406 407 408 410 411 412 413 414 415 416 418 420 424 425 426 427 429 430 432 434 435 437 438 440 441 442 444 448 450 451 455 456 459 460 462 464 465 468 469 470 472 473 474 475 476 477 480 481 483 484 485 486 488 490 492 493 494 495 496 497 498 500 504 506 507 508 510 511 513 515 516 517 518 520 522 525 527 528 530 531 532 533 534 535 536 539 540 544 546 548 550 551 552 555 558 559 560 561 564 567 568 570 572 574 575 576 580 581 582 583 584 585 588 589 590 592 594 595 598 600 602 603 605 608 609 610 611 612 615 616 618 620 621 623 624 627 629 630 632 635 636 637 638 639 640 642 644 645 646 648 650 651 656 657 658 660 663 665 666 667 670 671 672 675 676 680 682 684 685 688 689 690 693 696 697 700 702 704 705 707 708 710 711 712 713 714 715 720 725 728 730 731 732 735 736 737 738 740 741 742 744 747 748 749 750 752 754 756 759 760 762 765 767 768 770 774 775 777 779 780 781 782 783 784 790 792 793 795 798 799 800 801 803 804 805 806 808 810 812 814 816 817 819 820 824 825 826 828 830 832 833"
398,836,>= 106,"89 97 103 127 129 137 140 142 146 150 155 158 164 176 178 186 189 190 195 196 198 205 206 208 209 210 212 213 216 217 219 220 221 222 224 225 228 230 231 232 234 236 237 238 240 242 243 245 246 248 249 250 252 253 254 255 256 259 260 261 264 266 270 272 273 274 275 276 279 280 282 286 287 288 292 294 295 296 297 299 300 301 303 304 305 306 308 309 310 312 315 318 319 320 322 323 324 325 328 329 330 333 335 336 338 340 341 342 344 345 348 350 351 352 354 355 356 357 360 363 364 365 366 368 369 370 372 374 375 376 377 378 380 384 385 387 388 390 391 392 395 396 399 400 403 405 406 407 408 410 411 412 413 414 415 416 418 420 424 425 426 427 429 430 432 434 435 437 438 440 441 442 444 448 450 451 455 456 459 460 462 464 465 468 469 470 472 473 474 475 476 477 480 481 483 484 485 486 488 490 492 493 494 495 496 497 498 500 504 506 507 508 510 511 513 515 516 517 518 520 522 525 527 528 530 531 532 533 534 535 536 539 540 544 546 548 550 551 552 555 558 559 560 561 564 567 568 570 572 574 575 576 580 581 582 583 584 585 588 589 590 592 594 595 598 600 602 603 605 608 609 610 611 612 615 616 618 620 621 623 624 627 630 632 635 636 637 638 639 640 642 644 645 646 648 650 651 656 657 658 660 663 665 666 667 670 671 672 675 676 680 682 684 685 688 689 690 693 696 697 700 702 703 704 705 707 708 710 711 712 713 714 715 720 725 728 730 731 732 735 736 737 738 740 741 742 744 747 748 749 750 752 754 756 759 760 762 765 767 768 770 774 775 777 779 780 781 782 783 784 790 792 793 795 798 799 800 801 803 804 805 806 808 810 812 814 816 817 819 820 824 825 826 828 830 832 833 836"
399,840,>= 65,"89 97 103 106 127 129 137 142 146 155 158 159 164 175 176 178 190 195 196 198 200 205 206 208 209 210 212 213 216 217 219 220 221 222 224 228 230 231 232 234 236 237 238 240 242 243 245 246 248 249 250 252 253 254 255 256 259 260 261 264 265 266 270 272 273 274 275 276 279 280 282 286 287 288 292 294 295 296 297 299 300 301 303 304 305 306 308 309 312 315 319 320 322 323 324 325 328 329 330 333 335 336 338 340 341 342 344 345 348 350 351 352 354 355 356 357 360 363 364 365 366 368 369 370 371 372 374 375 376 377 378 380 384 385 387 388 390 391 392 395 396 399 400 403 405 406 407 408 410 411 412 413 414 415 416 418 420 424 425 426 427 429 430 432 434 435 437 438 440 441 442 444 448 450 451 455 456 459 460 462 464 465 468 469 470 472 473 474 475 476 477 480 481 483 484 485 486 488 490 492 493 494 495 496 497 498 500 504 506 507 508 510 511 513 515 516 517 518 520 522 525 527 528 530 531 532 533 534 535 536 539 540 544 546 548 550 551 552 555 558 559 560 561 564 567 568 570 572 574 575 576 580 581 582 583 584 585 588 589 590 592 594 595 598 600 602 603 605 608 609 610 611 612 615 616 618 620 621 623 624 627 630 632 635 636 637 638 639 640 642 644 645 646 648 650 651 656 657 658 660 663 665 666 667 670 671 672 675 676 680 682 684 685 688 689 690 693 696 697 700 702 703 704 705 707 708 710 711 712 713 714 715 720 725 728 730 731 732 735 736 737 738 740 741 742 744 747 748 749 750 752 754 756 759 760 762 765 767 768 770 774 775 777 779 780 781 782 783 784 790 792 793 795 798 799 800 801 803 804 805 806 808 810 812 814 816 817 819 820 824 825 826 828 830 832 833 836 837 840"
400,846,>= 30,"89 95 97 103 127 129 137 142 146 155 158 164 169 175 176 178 195 196 198 200 205 206 208 209 210 212 213 216 217 219 220 221 222 224 228 230 231 232 234 235 236 237 238 240 242 243 245 246 247 248 249 250 252 253 254 255 256 259 260 261 264 266 270 272 274 275 276 279 280 282 285 286 287 288 292 294 295 296 297 299 300 301 303 304 305 306 308 309 312 315 318 319 320 322 323 324 325 328 330 333 335 336 338 340 341 342 344 345 348 350 351 352 354 355 356 357 360 363 364 365 366 368 369 370 372 374 375 376 377 378 380 384 385 387 388 390 391 392 395 396 399 400 403 405 406 407 408 410 411 412 413 414 415 416 418 420 423 424 425 426 427 429 430 432 434 435 437 438 440 441 442 444 448 450 451 455 456 459 460 462 464 465 468 469 470 472 473 474 475 476 477 480 481 483 484 485 486 488 490 492 493 494 495 496 497 498 500 504 506 508 510 511 513 515 516 517 518 520 522 525 527 528 530 531 532 533 534 535 536 539 540 544 546 548 550 551 552 555 558 559 560 561 564 567 568 570 572 574 575 576 580 581 582 583 584 585 588 589 590 592 594 595 598 600 602 603 605 608 609 610 611 612 615 616 618 620 621 623 624 627 630 632 635 636 637 638 639 640 642 644 645 646 648 650 651 656 657 658 660 663 665 666 667 670 671 672 675 676 680 682 684 685 688 689 690 693 696 697 700 702 703 704 705 707 708 710 711 712 713 714 715 720 725 728 730 731 732 735 736 737 738 740 741 742 744 747 748 749 750 752 754 756 759 760 762 765 767 768 770 774 775 777 779 780 781 782 783 784 790 792 793 795 798 799 800 801 803 804 805 806 808 810 812 814 816 817 819 820 824 825 826 828 830 832 833 836 837 840 845 846"
401,847,>= 46,"89 97 103 117 121 127 129 137 142 146 150 155 158 164 169 178 182 184 195 196 205 206 207 210 212 213 216 217 219 220 221 222 224 225 230 231 232 234 235 236 237 238 240 242 243 245 246 247 248 249 250 252 254 255 256 259 260 261 264 266 270 272 273 274 275 276 279 280 282 285 286 287 288 292 294 295 296 297 299 300 301 303 304 305 306 308 309 312 315 318 319 320 322 323 324 325 328 330 333 335 336 338 340 341 342 344 345 348 350 351 352 354 355 356 357 360 363 364 365 366 368 369 370 372 374 375 376 377 378 380 384 385 387 388 390 391 392 395 396 399 400 403 405 406 407 408 410 411 412 413 414 415 416 418 420 423 424 425 426 427 429 430 432 434 435 437 438 440 441 442 444 448 450 451 455 456 459 460 462 464 465 468 469 470 472 473 474 475 476 477 480 481 483 484 485 486 488 490 492 493 494 495 496 497 498 500 504 506 508 510 511 513 515 516 517 518 520 522 525 527 528 530 531 532 533 534 535 536 539 540 544 546 548 550 551 552 555 558 559 560 561 564 567 568 570 572 574 575 576 580 581 582 583 584 585 588 589 590 592 594 595 598 600 602 603 605 608 609 610 611 612 615 616 618 620 621 623 624 627 630 632 635 636 637 638 639 640 642 644 645 646 648 650 651 656 657 658 660 663 665 666 667 670 671 672 675 676 680 682 684 685 688 689 690 693 696 697 700 702 703 704 705 707 708 710 711 712 713 714 715 720 725 726 728 730 731 732 735 736 737 738 740 741 742 744 747 748 749 750 752 754 756 759 760 762 765 767 768 770 774 775 777 779 780 781 782 783 784 790 792 793 795 798 799 800 801 803 804 805 806 808 810 812 814 816 817 819 820 824 825 826 828 830 832 833 836 837 840 845 846 847"
402,850,>= 1,"86 97 103 121 127 137 142 146 154 155 158 164 169 170 176 182 195 196 198 200 204 205 206 210 213 215 216 217 219 220 222 224 225 230 231 232 234 235 236 237 238 240 242 243 245 246 247 248 249 250 252 253 254 255 256 258 259 260 261 264 265 266 270 272 273 274 275 276 279 280 282 285 286 287 288 292 294 295 296 297 299 300 301 303 304 305 306 308 309 312 315 319 320 322 323 324 325 328 330 333 335 336 338 340 341 342 344 345 348 350 351 352 354 355 356 357 360 363 364 365 366 368 369 370 371 372 374 375 376 377 378 380 384 385 387 388 390 391 392 395 396 399 400 403 405 406 407 408 410 411 412 413 414 415 416 418 420 423 424 425 426 427 429 430 432 434 435 437 438 440 441 442 444 445 448 450 451 455 456 459 460 462 464 465 468 469 470 472 473 474 475 476 477 480 481 483 484 485 486 488 490 492 493 494 495 496 497 498 500 504 506 508 510 511 513 515 516 517 518 520 522 525 527 528 530 531 532 533 534 535 536 539 540 544 546 548 550 551 552 555 558 559 560 561 564 567 568 570 572 574 575 576 580 581 582 583 584 585 588 589 590 592 594 595 598 600 602 603 605 608 609 610 611 612 615 616 618 620 621 624 627 630 632 635 637 638 639 640 642 644 645 646 648 650 651 656 657 658 660 663 665 666 667 670 671 672 675 676 680 682 684 685 688 689 690 693 696 697 700 702 703 704 705 707 708 710 711 712 713 714 715 720 725 726 728 730 731 732 735 736 737 738 740 741 742 744 747 748 749 750 752 754 756 759 760 762 765 767 768 770 775 777 779 780 781 782 783 784 790 792 793 795 798 799 800 803 804 805 806 808 810 812 814 816 817 819 820 824 825 826 828 830 832 833 836 837 840 845 846 847 848 850"
403,850,8,"97 103 121 127 129 137 142 146 154 155 158 164 169 170 171 176 182 190 195 196 198 200 204 205 206 210 213 216 217 219 220 222 224 225 230 231 232 234 235 236 237 238 240 242 243 245 246 247 248 249 250 252 253 254 255 256 259 260 261 264 265 266 270 272 273 274 275 276 279 280 282 285 286 287 288 292 294 295 296 297 299 300 301 303 304 305 306 308 309 312 315 319 320 322 323 324 325 328 330 333 335 336 338 340 341 342 344 345 348 350 351 352 354 355 356 357 360 363 364 365 366 368 369 370 371 372 374 375 376 377 378 380 384 385 387 388 390 391 392 395 396 399 400 403 405 406 407 408 410 411 412 413 414 415 416 418 420 423 424 425 426 427 429 430 432 434 435 437 438 440 441 442 444 445 448 450 451 455 456 459 460 462 464 465 468 469 470 472 473 474 475 476 477 480 481 483 484 485 486 488 490 492 493 494 495 496 497 498 500 504 506 508 510 511 513 515 516 517 518 520 522 525 527 528 530 531 532 533 534 535 536 539 540 544 546 548 550 551 552 555 558 559 560 561 564 567 568 570 572 574 575 576 580 581 582 583 584 585 588 589 590 592 594 595 598 600 602 603 605 608 609 610 611 612 615 616 618 620 621 624 627 630 632 635 637 638 639 640 642 644 645 646 648 650 651 656 657 658 660 663 665 666 667 670 671 672 675 676 680 682 684 685 688 689 690 693 696 697 700 702 703 704 705 707 708 710 711 712 713 714 715 720 725 726 728 730 731 732 735 736 737 738 740 741 742 744 747 748 749 750 752 754 756 759 760 762 765 767 768 770 774 775 777 779 780 781 782 783 784 790 792 793 795 798 799 800 803 804 805 806 808 810 812 814 816 817 819 820 824 825 826 828 830 832 833 836 837 840 845 846 847 848 850"
404,851,>= 8965,"89 97 103 121 127 129 136 137 142 146 155 158 164 169 178 185 187 195 196 198 200 205 206 207 208 210 213 216 217 219 220 221 224 225 230 231 232 234 236 237 238 240 242 243 245 246 247 248 249 250 252 253 254 255 256 259 260 261 264 265 266 270 272 274 275 276 279 280 285 286 287 288 292 294 295 296 297 299 300 301 303 304 305 306 308 309 312 315 319 320 322 323 324 325 328 329 330 333 335 336 338 340 341 342 344 345 348 350 351 352 354 355 356 357 360 363 364 365 366 368 369 370 371 372 374 375 376 377 378 380 384 385 387 388 390 391 392 395 396 399 400 403 405 406 407 408 410 411 412 413 414 415 416 418 420 423 424 425 426 427 429 430 432 434 435 437 438 440 441 442 444 448 450 451 455 456 459 460 462 464 465 468 469 470 472 473 474 475 476 477 480 481 483 484 485 486 488 490 492 493 494 495 496 497 498 500 504 506 508 510 511 513 515 516 517 518 520 522 525 527 528 530 531 532 533 534 535 536 539 540 544 546 548 550 551 552 555 558 559 560 561 564 567 568 570 572 574 575 576 580 581 582 583 584 585 588 589 590 592 594 595 598 600 602 603 605 608 609 610 611 612 615 616 618 620 621 623 624 627 629 630 632 635 637 638 639 640 642 644 645 646 648 650 651 656 657 658 660 663 665 666 667 670 671 672 675 676 680 682 684 685 688 689 690 693 696 697 700 702 703 704 705 707 708 710 711 712 713 714 715 720 725 726 728 730 731 732 735 736 737 738 740 741 742 744 747 748 749 750 752 754 756 759 760 762 765 767 768 770 774 775 777 779 780 781 782 783 784 790 792 793 795 798 799 800 801 803 804 805 806 808 810 812 814 816 817 819 820 824 825 826 828 830 832 833 836 837 840 845 846 847 848 850 851"
405,852,>= 8591,"89 97 103 121 127 129 136 137 142 146 155 158 164 169 178 185 187 195 196 198 200 205 206 207 208 210 216 217 219 220 221 224 225 230 231 232 234 236 237 238 240 242 243 245 246 247 248 249 250 252 253 254 255 256 259 260 261 264 265 266 270 272 274 275 276 279 280 284 285 286 287 288 292 294 295 296 297 299 300 301 303 304 305 306 308 309 312 315 319 320 322 323 324 325 328 329 330 333 335 336 338 340 341 342 344 345 348 350 351 352 354 355 356 357 360 363 364 365 366 368 369 370 371 372 374 375 376 377 378 380 384 385 387 388 390 391 392 395 396 399 400 403 405 406 407 408 410 411 412 413 414 415 416 418 420 423 424 425 426 427 429 430 432 434 435 437 438 440 441 442 444 448 450 451 455 456 459 460 462 464 465 468 469 470 472 473 474 475 476 477 480 481 483 484 485 486 488 490 492 493 494 495 496 497 498 500 504 506 508 510 511 513 515 516 517 518 520 522 525 527 528 530 531 532 533 534 535 536 539 540 544 546 548 550 551 552 555 558 559 560 561 564 567 568 570 572 574 575 576 580 581 582 583 584 585 588 589 590 592 594 595 598 600 602 603 605 608 609 610 611 612 615 616 618 620 621 623 624 627 629 630 632 635 637 638 639 640 642 644 645 646 648 650 651 656 657 658 660 663 665 666 667 670 671 672 675 676 680 682 684 685 688 689 690 693 696 697 700 702 703 704 705 707 708 710 711 712 713 714 715 720 725 726 728 730 731 732 735 736 737 738 740 741 742 744 747 748 749 750 752 754 756 759 760 762 765 767 768 770 774 775 777 779 780 781 782 783 784 790 792 793 795 798 799 800 801 803 804 805 806 808 810 812 814 816 817 819 820 824 825 826 828 830 832 833 836 837 840 845 846 847 848 850 851 852"
406,854,>= 10937,"89 97 103 121 127 129 137 142 146 155 158 164 169 170 176 178 182 183 185 196 200 205 206 207 210 216 217 219 220 221 224 225 230 232 234 236 237 238 240 242 243 244 245 246 247 248 249 250 252 253 254 255 256 259 260 261 264 265 266 270 272 273 274 275 276 279 280 284 285 286 287 288 292 294 295 296 297 299 300 301 303 304 305 306 308 309 312 315 319 320 322 323 324 325 328 329 330 333 335 336 338 340 341 342 344 345 348 350 351 352 354 355 356 357 360 363 364 365 366 368 369 370 371 372 374 375 376 377 378 380 384 385 387 388 390 391 392 395 396 399 400 403 405 406 407 408 410 411 412 413 414 415 416 418 420 423 424 425 426 427 429 430 432 434 435 437 438 440 441 442 444 448 450 451 455 456 459 460 462 464 465 468 469 470 472 473 474 475 476 477 480 481 483 484 485 486 488 490 492 493 494 495 496 497 498 500 504 506 508 510 511 513 515 516 517 518 520 522 525 527 528 530 531 532 533 534 535 536 539 540 544 546 548 549 550 551 552 555 558 559 560 561 564 567 568 570 572 574 575 576 580 581 582 583 584 585 588 589 590 592 594 595 598 600 602 603 605 608 609 610 611 612 615 616 618 620 621 623 624 627 629 630 632 635 637 638 639 640 642 644 645 646 648 650 651 656 657 658 660 663 665 666 667 670 671 672 675 676 680 682 684 685 688 689 690 693 696 697 700 702 703 704 705 707 708 710 711 712 713 714 715 720 725 726 728 730 731 732 735 736 737 738 740 741 742 744 747 748 749 750 752 754 756 759 760 762 765 767 768 770 774 775 777 779 780 781 782 783 784 790 792 795 798 799 800 801 803 804 805 806 808 810 812 814 816 817 819 820 824 825 826 828 830 832 833 836 837 840 845 846 847 848 850 851 852 854"
407,855,5932,"89 97 103 127 129 137 142 146 155 158 164 169 170 176 178 182 183 185 196 198 200 205 206 207 210 216 217 219 221 224 225 228 230 231 232 234 235 236 237 238 240 243 244 245 246 247 248 249 250 252 253 254 255 256 259 260 261 264 265 266 270 272 273 274 275 276 279 280 282 284 285 286 287 288 292 294 295 296 297 299 300 301 303 304 305 306 308 309 312 315 319 320 322 323 324 325 328 330 333 335 336 338 340 341 342 344 345 348 350 351 352 354 355 356 357 360 364 365 366 368 369 370 371 372 374 375 376 377 378 380 384 385 387 388 390 391 392 395 396 399 400 403 405 406 407 408 410 411 412 413 414 415 416 418 420 423 424 425 426 427 429 430 432 434 435 437 438 440 441 442 444 448 450 451 455 456 459 460 462 464 465 468 469 470 472 473 474 475 476 477 480 481 483 484 485 486 488 490 492 493 494 495 496 497 498 500 504 506 508 510 511 513 515 516 517 518 520 522 525 527 528 530 531 532 533 534 535 536 539 540 544 546 548 549 550 551 552 555 558 559 560 561 564 567 568 570 572 574 575 576 580 581 582 583 584 585 588 589 590 592 594 595 598 600 602 603 605 608 609 610 611 612 615 616 618 620 621 623 624 627 629 630 632 635 637 638 639 640 642 644 645 646 648 650 651 656 657 658 660 663 665 666 667 670 671 672 675 676 680 682 684 685 688 689 690 693 696 697 700 702 703 704 705 707 708 710 711 712 713 714 715 720 725 726 728 730 731 732 735 736 737 738 740 741 742 744 747 748 749 750 752 754 756 759 760 762 765 767 768 770 774 775 777 779 780 781 782 783 784 790 792 795 798 799 800 801 803 804 805 806 808 810 812 814 816 817 819 820 824 825 826 828 830 832 833 836 837 840 845 846 847 848 850 851 852 854 855"
408,858,1194,"97 103 106 121 127 129 137 142 146 155 158 159 164 169 170 176 183 185 196 200 205 206 207 216 217 219 220 221 224 225 228 230 231 232 234 236 237 238 240 242 243 244 245 246 247 248 249 250 252 253 254 255 256 259 260 261 264 266 270 272 273 274 275 276 279 280 284 285 286 287 288 292 294 295 296 297 299 300 301 303 304 305 306 308 309 312 315 318 319 320 322 323 324 325 328 329 330 333 335 336 338 340 341 342 344 345 348 350 351 352 354 355 356 357 360 363 364 365 366 368 369 370 371 372 374 375 376 377 378 380 384 385 387 388 390 391 392 395 396 399 400 403 405 406 407 408 410 411 412 413 414 415 416 418 420 423 424 425 426 427 429 430 432 434 435 437 438 440 441 442 444 445 448 450 451 455 456 459 460 462 464 465 468 469 470 472 473 474 475 476 477 480 481 483 484 485 486 488 490 492 493 494 495 496 497 498 500 504 506 508 510 511 513 515 516 517 518 520 522 525 527 528 530 531 532 533 534 535 536 539 540 544 546 548 549 550 551 552 555 558 559 560 561 564 567 568 570 572 574 575 576 580 581 582 583 584 585 588 589 590 592 594 595 598 600 602 603 605 608 609 610 611 612 615 616 618 620 621 624 627 629 630 632 635 636 637 638 639 640 642 644 645 646 648 650 651 656 657 658 660 663 665 666 667 670 671 672 675 676 680 682 684 685 688 689 690 693 696 697 700 702 703 704 705 707 708 710 711 712 713 714 715 720 725 726 728 730 731 732 735 736 737 738 740 741 742 744 747 748 749 750 752 754 756 759 760 762 765 767 768 770 774 775 777 779 780 781 782 783 784 790 792 795 798 799 800 803 804 805 806 808 810 812 814 816 817 819 820 824 825 826 828 830 832 833 836 837 840 845 846 847 848 850 851 852 854 855 858"
409,860,478,"97 103 106 121 127 137 142 146 155 158 159 164 169 170 176 183 185 196 200 205 206 207 215 216 217 219 220 221 224 225 228 230 231 232 234 236 237 238 240 242 243 244 245 246 247 248 249 250 252 253 254 255 256 258 259 260 261 264 266 270 272 273 274 275 276 279 280 284 285 286 287 288 292 294 295 296 297 299 300 301 303 304 305 306 308 309 312 315 318 319 320 322 323 324 325 328 329 330 333 335 336 338 340 341 342 344 345 348 350 351 352 354 355 356 357 360 363 364 365 366 368 369 370 371 372 374 375 376 377 378 380 384 385 387 388 390 391 392 395 396 399 400 403 405 406 407 408 410 411 412 413 414 415 416 418 420 423 424 425 426 427 429 430 432 434 435 437 438 440 441 442 444 445 448 450 451 455 456 459 460 462 464 465 468 469 470 472 473 474 475 476 477 480 481 483 484 485 486 488 490 492 493 494 495 496 497 498 500 504 506 508 510 511 513 515 517 518 520 522 525 527 528 530 531 532 533 534 535 536 539 540 544 546 548 549 550 551 552 555 558 559 560 561 564 567 568 570 572 574 575 576 580 581 582 583 584 585 588 589 590 592 594 595 598 600 602 603 605 608 609 610 611 612 615 616 618 620 621 624 627 629 630 632 635 636 637 638 639 640 642 644 645 646 648 650 651 656 657 658 660 663 665 666 667 670 671 672 675 676 680 682 684 685 688 689 690 693 696 697 700 702 703 704 705 707 708 710 711 712 713 714 715 720 725 726 728 730 731 732 735 736 737 738 740 741 742 744 747 748 749 750 752 754 756 759 760 762 765 767 768 770 774 775 777 779 780 781 782 783 784 790 792 795 798 799 800 803 804 805 806 808 810 812 814 816 817 819 820 824 825 826 828 830 832 833 836 837 840 845 846 847 848 850 851 852 854 855 858 860"
410,864,24,"97 103 121 127 137 142 146 153 155 158 164 169 176 178 183 185 189 196 200 204 205 206 207 210 215 216 217 219 220 221 225 228 230 231 232 234 235 236 237 238 240 242 243 244 245 247 248 249 250 252 253 254 255 256 258 259 260 261 264 265 266 267 270 272 273 274 275 276 279 280 282 284 285 286 287 288 292 294 295 296 297 299 300 301 303 304 305 306 308 309 312 315 319 320 322 323 324 325 330 333 335 336 338 340 341 342 344 345 348 350 351 352 354 355 357 360 363 364 365 366 368 369 370 371 372 374 375 376 377 378 380 384 385 387 388 390 391 392 395 396 399 400 403 405 406 407 408 410 411 412 413 414 415 416 418 420 423 424 425 426 427 429 430 432 434 435 437 438 440 441 442 444 448 450 451 455 456 459 460 462 464 465 468 469 470 472 473 474 475 476 477 480 481 483 484 485 486 488 490 492 493 494 495 496 497 498 500 504 506 508 510 511 513 515 517 518 520 522 525 527 528 530 531 532 533 534 535 536 539 540 544 546 548 549 550 551 552 555 558 559 560 561 564 567 568 570 572 574 575 576 580 581 582 583 584 585 588 589 590 592 594 595 598 600 602 603 605 608 609 610 611 612 615 616 618 620 621 624 627 629 630 632 635 637 638 639 640 642 644 645 646 648 650 651 656 657 658 660 663 665 666 667 670 671 672 675 676 680 682 684 685 688 689 690 693 696 697 700 702 703 704 705 707 708 710 711 712 713 714 715 720 725 726 728 730 731 732 735 736 737 738 740 741 742 744 747 748 749 750 752 754 756 759 760 762 765 767 768 770 774 775 777 779 780 781 782 783 784 790 792 795 798 799 800 801 803 804 805 806 808 810 812 814 816 817 819 820 824 825 826 828 830 832 833 836 837 840 845 846 847 848 850 851 852 854 855 858 860 861 864"
411,868,12,"97 103 121 127 137 142 146 153 158 160 164 169 176 178 183 185 189 196 200 204 205 206 207 210 215 216 219 220 221 224 225 228 230 231 232 234 235 236 237 238 240 242 243 244 245 247 249 250 252 253 254 255 256 258 259 260 261 264 265 266 267 270 272 273 274 275 276 279 280 282 284 285 286 287 288 292 294 295 296 297 299 300 301 303 304 305 306 308 309 310 312 315 319 320 322 323 324 325 330 333 335 336 338 340 341 342 344 345 348 350 351 352 354 355 357 360 363 364 365 366 368 369 370 371 372 374 375 376 377 378 380 384 385 387 388 390 391 392 395 396 399 400 403 405 406 407 408 410 411 412 413 414 415 416 418 420 423 424 425 426 427 429 430 432 434 435 437 438 440 441 442 444 448 450 451 455 456 459 460 462 464 465 468 469 470 472 473 474 475 476 477 480 481 483 484 485 486 488 490 492 493 494 495 496 497 498 500 504 506 508 510 511 513 515 517 518 520 522 525 527 528 530 531 532 533 534 535 536 539 540 544 546 548 549 550 551 552 555 558 559 560 561 564 567 568 570 572 574 575 576 580 581 582 583 584 585 588 589 590 592 594 595 598 600 602 603 605 608 609 610 611 612 615 616 618 620 621 624 627 629 630 632 635 637 638 639 640 642 644 645 646 648 650 651 656 657 658 660 663 665 666 667 670 671 672 675 676 680 682 684 685 688 689 690 693 696 697 700 702 703 704 705 707 708 710 711 712 713 714 715 720 725 726 728 730 731 732 735 736 737 738 740 741 742 744 747 748 749 750 752 754 756 759 760 762 765 767 768 770 774 775 777 779 780 781 782 783 784 790 792 795 798 799 800 801 803 804 805 806 808 810 812 814 816 817 819 820 824 825 826 828 830 832 833 836 837 840 845 846 847 848 850 851 852 854 855 858 860 861 864 868"
412,870,>= 35,"82 89 97 103 121 127 137 142 146 165 169 178 182 183 185 196 200 203 204 206 207 208 210 215 219 220 225 228 230 231 232 234 235 236 237 240 242 243 244 245 246 247 249 250 252 253 254 255 256 258 259 260 261 264 265 266 270 272 273 274 275 276 279 280 282 284 285 286 287 288 290 292 294 295 296 297 299 300 301 303 304 305 306 308 309 310 312 315 316 319 320 322 323 324 325 328 330 333 335 336 338 340 341 342 344 345 348 350 351 352 354 355 356 357 360 363 364 365 366 368 369 370 371 372 374 375 376 377 378 380 384 385 387 388 390 391 392 396 399 400 403 405 406 407 408 410 411 412 413 414 415 416 418 420 423 424 425 426 427 429 430 432 434 435 437 438 440 441 442 444 448 450 451 455 456 459 460 462 464 465 468 469 470 472 473 474 475 476 477 480 481 483 484 485 486 488 490 492 493 494 495 496 497 498 500 504 506 508 510 511 513 515 517 518 520 522 525 527 528 530 531 532 533 534 535 536 539 540 544 546 548 549 550 551 552 555 558 559 560 561 564 567 568 570 572 574 575 576 580 581 582 583 584 585 588 589 590 592 594 595 598 600 602 603 605 608 609 610 611 612 615 616 618 620 621 623 624 627 629 630 632 635 637 638 639 640 642 644 645 646 648 650 651 656 657 658 660 663 665 666 667 670 671 672 675 676 680 682 684 685 688 689 690 693 696 697 700 702 703 704 705 707 708 710 711 712 713 714 715 720 725 726 728 730 731 732 735 736 737 738 740 741 742 744 747 748 749 750 752 754 756 759 760 762 765 767 768 770 774 775 777 779 780 781 782 783 784 790 792 795 798 799 800 801 803 804 805 806 808 810 812 814 816 817 819 820 824 825 826 828 830 832 833 836 837 840 845 846 847 848 850 851 852 854 855 858 860 861 864 868 869 870"
413,871,>= 1,"82 89 97 103 121 127 137 142 146 169 178 183 185 195 196 198 200 201 203 204 206 207 208 210 215 219 225 228 230 231 232 234 236 237 240 242 243 244 245 246 247 249 250 252 253 254 255 256 258 259 260 261 264 265 266 268 270 272 273 274 275 276 279 280 284 285 286 287 288 290 292 294 295 296 297 299 300 301 303 304 305 306 308 309 310 312 315 316 319 320 322 323 324 325 328 329 330 333 335 336 338 340 341 342 344 345 348 350 351 352 354 355 356 357 360 363 364 365 366 368 369 370 371 372 374 375 376 377 378 380 384 385 387 388 390 391 392 396 399 400 402 403 405 406 407 408 410 411 412 413 414 415 416 418 420 423 424 425 426 427 429 430 432 434 435 437 438 440 441 442 444 448 450 451 455 456 459 460 462 464 465 468 469 470 472 473 474 475 476 477 480 481 483 484 485 486 488 490 492 493 494 495 496 497 498 500 504 506 508 510 511 513 515 517 518 520 522 525 527 528 530 531 532 533 534 535 536 539 540 544 546 548 549 550 551 552 555 558 559 560 561 564 567 568 570 572 574 575 576 580 581 582 583 584 585 588 589 590 592 594 595 598 600 602 605 608 609 610 611 612 615 616 618 620 621 623 624 627 629 630 632 635 637 638 639 640 642 644 645 646 648 650 651 656 657 658 660 663 665 666 667 670 671 672 675 676 680 682 684 685 688 689 690 693 696 697 700 702 703 704 705 707 708 710 711 712 713 714 715 720 725 726 728 730 731 732 735 736 737 738 740 741 742 744 747 748 749 750 752 754 756 759 760 762 765 767 768 770 774 775 777 779 780 781 782 783 784 790 792 795 798 799 800 801 803 804 805 806 808 810 812 814 816 817 819 820 824 825 826 828 830 832 833 836 837 840 845 846 847 848 850 851 852 854 855 858 860 861 864 868 869 870 871"
414,871,4,"97 103 121 127 137 142 146 164 165 169 178 183 185 189 195 196 200 201 203 204 205 206 207 208 210 215 216 219 220 225 228 230 231 232 234 235 236 237 240 242 243 244 245 247 249 250 252 253 254 255 256 258 259 260 261 264 265 266 267 268 270 272 273 274 275 276 279 280 282 284 285 286 287 288 290 292 294 295 296 297 299 300 301 303 304 305 306 308 309 310 312 315 316 319 320 322 323 324 325 330 333 335 336 338 340 341 342 344 345 348 350 351 352 354 355 357 360 363 364 365 366 368 369 370 371 372 374 375 376 377 378 380 384 385 387 388 390 391 392 396 399 400 402 403 405 406 407 408 410 411 412 413 414 415 416 418 420 423 424 425 426 427 429 430 432 434 435 437 438 440 441 442 444 448 450 451 455 456 459 460 462 464 465 468 469 470 472 473 474 475 476 477 480 481 483 484 485 486 488 490 492 493 494 495 496 497 498 500 504 506 508 510 511 513 515 517 518 520 522 525 527 528 530 531 532 533 534 535 536 539 540 544 546 548 549 550 551 552 555 558 559 560 561 564 567 568 570 572 574 575 576 580 581 582 583 584 585 588 589 590 592 594 595 598 600 602 605 608 609 610 611 612 615 616 618 620 621 624 627 629 630 632 635 637 638 639 640 642 644 645 646 648 650 651 656 657 658 660 663 665 666 667 670 671 672 675 676 680 682 684 685 688 689 690 693 696 697 700 702 703 704 705 707 708 710 711 712 713 714 715 720 725 726 728 730 731 732 735 736 737 738 740 741 742 744 747 748 749 750 752 754 756 759 760 762 765 767 768 770 774 775 777 779 780 781 782 783 784 790 792 795 798 799 800 801 803 804 805 806 808 810 812 814 816 817 819 820 824 825 826 828 830 832 833 836 837 840 845 846 847 848 850 851 852 854 855 858 860 861 864 868 869 870 871"
415,872,>= 1,"80 97 103 121 127 137 142 146 153 164 183 185 196 198 200 201 203 204 205 206 207 210 215 219 221 225 228 230 231 232 234 235 236 237 238 240 242 243 244 245 247 249 250 252 253 254 255 256 258 259 260 261 264 265 266 268 270 272 273 274 275 276 279 280 282 284 285 286 287 288 290 292 294 295 296 297 299 300 301 303 304 305 306 308 309 310 312 315 316 319 320 322 323 324 325 327 330 333 335 336 338 340 341 342 344 345 348 350 351 352 354 355 356 357 360 363 364 365 366 368 369 370 371 372 374 375 376 377 378 380 384 385 387 388 390 391 392 396 399 400 402 403 405 406 407 408 410 411 412 413 414 415 416 418 420 423 424 425 426 427 429 430 432 434 435 436 437 438 440 441 442 444 445 448 450 451 455 456 459 460 462 464 465 468 469 470 472 473 474 475 476 477 480 481 483 484 485 486 488 490 492 493 494 495 496 497 498 500 504 506 507 508 510 511 513 515 517 518 520 522 525 527 528 530 531 532 533 534 535 536 539 540 544 545 546 548 549 550 551 552 555 558 559 560 561 564 567 568 570 572 574 575 576 580 581 582 583 584 585 588 589 590 592 594 595 598 600 602 605 608 609 610 611 612 615 616 618 620 621 624 627 629 630 632 635 637 638 639 640 642 644 645 646 648 650 651 656 657 658 660 663 665 666 667 670 671 672 675 676 680 682 684 685 688 689 690 693 696 697 700 702 703 704 705 707 708 710 711 712 713 714 715 720 725 726 728 730 731 732 735 736 737 738 740 741 742 744 747 748 749 750 752 754 756 759 760 762 765 767 768 770 774 775 777 779 780 781 782 783 784 790 792 795 798 799 800 803 804 805 806 808 810 812 814 816 817 819 820 824 825 826 828 830 832 833 836 837 840 846 847 848 850 851 852 854 855 858 860 861 864 868 869 870 871 872"
416,872,>= 72,"89 97 103 121 127 137 142 146 164 169 178 183 185 195 196 198 200 201 203 204 205 206 207 208 210 215 219 225 228 230 231 232 234 236 237 240 242 243 244 245 247 249 250 252 253 254 255 256 258 259 260 261 264 265 266 268 270 272 273 274 275 276 279 280 284 285 286 287 288 290 292 294 295 296 297 299 300 301 303 304 305 306 308 309 310 312 315 316 319 320 322 323 324 325 327 329 330 333 335 336 338 340 341 342 344 345 348 350 351 352 354 355 356 357 360 363 364 365 366 368 369 370 371 372 374 375 376 377 378 380 384 385 387 388 390 391 392 396 399 400 402 403 405 406 407 408 410 411 412 413 414 415 416 418 420 423 424 425 426 427 429 430 432 434 435 436 437 438 440 441 442 444 448 450 451 455 456 459 460 462 464 465 468 469 470 472 473 474 475 476 477 480 481 483 484 485 486 488 490 492 493 494 495 496 497 498 500 504 506 508 510 511 513 515 517 518 520 522 525 527 528 530 531 532 533 534 535 536 539 540 544 545 546 548 549 550 551 552 555 558 559 560 561 564 567 568 570 572 574 575 576 580 581 582 583 584 585 588 589 590 592 594 595 598 600 602 605 608 609 610 611 612 615 616 618 620 621 623 624 627 629 630 632 635 637 638 639 640 642 644 645 646 648 650 651 656 657 658 660 663 665 666 667 670 671 672 675 676 680 682 684 685 688 689 690 693 696 697 700 702 703 704 705 707 708 710 711 712 713 714 715 720 725 726 728 730 731 732 735 736 737 738 740 741 742 744 747 748 749 750 752 754 756 759 760 762 765 767 768 770 774 775 777 779 780 781 782 783 784 790 792 795 798 799 800 801 803 804 805 806 808 810 812 814 816 817 819 820 824 825 826 828 830 832 833 836 837 840 845 846 847 848 850 851 852 854 855 858 860 861 864 868 869 870 871 872"
417,873,>= 1,"70 103 121 127 137 142 146 164 169 183 185 189 195 196 198 200 201 203 204 205 206 207 208 210 215 216 219 225 228 230 231 232 234 236 237 240 242 243 244 245 247 249 250 252 253 254 255 256 258 259 260 261 264 265 266 268 270 272 273 274 275 276 279 280 284 285 286 287 288 290 291 292 294 295 296 297 299 300 301 303 304 305 306 308 309 310 312 315 316 319 320 322 323 324 325 327 329 330 333 335 336 338 340 341 342 344 345 348 350 351 352 354 355 356 357 360 363 364 365 366 368 369 370 371 372 374 375 376 377 378 380 384 385 387 388 390 391 392 396 399 400 402 403 405 406 407 408 410 411 412 413 414 415 416 418 420 423 424 425 426 427 429 430 432 434 435 436 437 438 440 441 442 444 445 448 450 451 455 456 459 460 462 464 465 468 469 470 472 473 474 475 476 477 480 481 483 484 486 488 490 492 493 494 495 496 497 498 500 504 506 508 510 511 513 515 517 518 520 522 525 527 528 530 531 532 533 534 535 536 539 540 544 545 546 548 549 550 551 552 555 558 559 560 561 564 567 568 570 572 574 575 576 580 581 583 584 585 588 589 590 592 594 595 598 600 602 605 608 609 610 611 612 615 616 618 620 621 624 627 629 630 632 635 637 638 639 640 642 644 645 646 648 650 651 656 657 658 660 663 665 666 667 670 671 672 675 676 679 680 682 684 685 688 689 690 693 696 697 700 702 703 704 705 707 708 710 711 712 713 714 715 720 725 726 728 730 731 732 735 736 737 738 740 741 742 744 747 748 749 750 752 754 756 759 760 762 765 767 768 770 774 775 776 777 779 780 781 782 783 784 790 792 795 798 799 800 803 804 805 806 808 810 812 814 816 817 819 820 824 825 826 828 830 832 833 836 837 840 845 846 847 848 850 851 852 854 855 858 860 861 864 868 869 870 871 872 873"
418,873,>= 53,"82 103 121 127 137 142 146 153 183 185 189 196 198 200 201 203 204 206 207 210 215 216 219 221 224 225 228 230 231 232 234 235 236 237 238 240 242 243 244 245 246 247 249 250 252 253 254 255 256 258 259 260 261 264 265 266 268 270 272 273 274 275 276 279 280 282 284 285 286 287 290 291 292 294 295 296 297 299 300 301 303 304 305 306 308 309 310 312 315 316 319 320 322 323 324 325 327 328 330 333 335 336 338 340 341 342 344 345 348 350 351 352 354 355 356 357 360 363 364 365 366 368 369 370 371 372 374 375 376 377 378 380 384 385 387 388 390 391 392 396 399 400 402 403 405 406 407 408 410 411 412 413 414 415 416 418 420 423 424 425 426 427 429 430 432 434 435 436 437 438 440 441 442 444 445 448 450 451 455 456 459 460 462 464 465 468 469 470 472 473 474 475 476 477 480 481 483 484 486 488 490 492 493 494 495 496 497 498 500 504 506 507 508 510 511 513 515 517 518 520 522 525 527 528 530 531 532 533 534 535 536 539 540 544 545 546 548 549 550 551 552 555 558 559 560 561 564 567 568 570 572 574 575 576 580 581 583 584 585 588 589 590 592 594 595 598 600 602 605 608 609 610 611 612 615 616 618 620 621 624 627 629 630 632 635 637 638 639 640 642 644 645 646 648 650 651 656 657 658 660 663 665 666 667 670 671 672 675 676 679 680 682 684 685 688 689 690 693 696 697 700 702 703 704 705 707 708 710 711 712 713 714 715 720 725 726 728 730 731 732 735 736 737 738 740 741 742 744 747 748 749 750 752 754 756 759 760 762 765 767 768 770 774 775 776 777 779 780 781 782 783 784 790 792 795 798 799 800 803 804 805 806 808 810 812 814 816 817 819 820 824 825 826 828 830 832 833 836 837 840 846 847 848 850 851 852 854 855 858 860 861 864 868 869 870 871 872 873"
419,874,>= 62,"89 103 121 127 137 142 146 164 169 178 183 184 185 195 196 200 201 203 204 205 206 207 208 209 210 215 219 225 228 230 232 234 235 236 237 240 242 243 244 245 247 249 250 252 253 254 255 256 258 259 260 261 264 265 266 268 270 272 273 274 275 276 279 280 282 284 285 286 287 288 290 291 292 294 295 296 297 299 300 301 303 304 305 306 308 309 310 312 315 316 319 320 322 323 324 325 327 330 333 335 336 338 340 341 342 344 345 348 350 351 352 354 355 356 357 360 363 364 365 366 368 369 370 371 372 374 375 376 377 378 380 384 385 387 388 390 391 392 396 399 400 402 403 405 406 407 408 410 411 412 413 414 415 416 418 420 423 424 425 426 427 429 430 432 434 435 436 437 438 440 441 442 444 448 450 451 455 456 459 460 462 464 465 468 469 470 472 473 474 475 476 477 480 481 483 484 486 488 490 492 493 494 495 496 497 498 500 504 506 508 510 511 513 515 517 518 520 522 525 527 528 530 531 532 533 534 535 536 539 540 544 545 546 548 549 550 551 552 555 558 559 560 561 564 567 568 570 572 574 575 576 580 581 583 584 585 588 589 590 592 594 595 598 600 602 605 608 609 610 611 612 615 616 618 620 621 623 624 627 629 630 632 635 637 638 639 640 642 644 645 646 648 650 651 656 657 658 660 663 665 666 667 670 671 672 675 676 679 680 682 684 685 688 689 690 693 696 697 700 702 703 704 705 707 708 710 711 712 713 714 715 720 725 726 728 730 731 732 735 736 737 738 740 741 742 744 747 748 749 750 752 754 756 759 760 762 765 767 768 770 774 775 776 777 779 780 781 782 783 784 790 792 795 798 799 800 801 803 804 805 806 808 810 812 814 816 817 819 820 824 825 826 828 830 832 833 836 837 840 845 846 847 848 850 851 852 854 855 858 860 861 864 868 869 870 871 872 873 874"
420,880,>= 70,"82 103 121 127 137 142 146 150 170 183 184 185 189 196 198 201 203 206 207 209 210 215 216 219 221 225 228 230 231 232 234 236 237 238 240 242 243 244 245 246 247 249 252 253 254 255 256 258 259 260 261 264 265 266 268 270 272 273 274 275 276 279 280 284 285 286 287 288 290 291 292 294 295 296 297 299 300 301 303 304 305 306 308 309 310 312 315 316 319 320 322 323 324 325 327 328 329 330 333 335 336 338 340 341 342 344 345 348 350 351 352 354 355 356 357 360 363 364 365 366 368 369 370 371 372 374 375 376 377 378 380 384 385 387 388 390 391 392 396 399 400 402 403 405 406 407 408 410 411 412 413 414 415 416 418 420 423 424 425 426 427 429 430 432 434 435 436 437 438 440 441 442 444 445 448 450 451 455 456 459 460 462 464 465 468 469 470 472 473 474 475 476 477 480 481 483 484 486 488 490 492 493 494 495 496 497 498 500 504 506 507 508 510 511 513 515 517 518 520 522 525 527 528 530 531 532 533 534 535 536 539 540 544 545 546 548 549 550 551 552 555 558 559 560 561 564 567 568 570 572 574 575 576 580 581 583 584 585 588 589 590 592 594 595 598 600 602 605 608 609 610 611 612 615 616 618 620 621 624 627 629 630 632 635 637 638 639 640 642 644 645 646 648 650 651 656 657 658 660 663 665 666 667 670 671 672 675 676 679 680 682 684 685 688 689 690 693 696 697 700 702 703 704 705 707 708 710 711 712 713 714 715 720 725 726 728 730 731 732 735 736 737 738 740 741 742 744 747 748 749 750 752 754 756 759 760 762 765 767 768 770 774 775 776 777 779 780 781 782 783 784 790 792 795 798 799 800 803 804 805 806 808 810 812 814 816 817 819 820 824 825 826 828 830 832 833 836 837 840 846 847 848 850 851 852 854 855 858 860 861 864 868 869 870 871 872 873 874 875 880"
421,882,>= 58,"89 103 121 127 137 142 146 150 164 170 178 183 184 185 198 201 203 205 206 207 209 210 215 219 221 225 228 230 231 232 234 235 236 237 238 240 242 243 244 245 247 249 252 253 254 255 256 258 259 260 261 264 265 266 268 270 272 273 274 275 276 279 280 282 284 285 286 287 288 290 291 292 294 295 296 297 299 300 301 303 304 305 306 308 309 310 312 315 316 319 320 322 323 324 325 327 330 333 335 336 338 340 341 342 344 345 348 350 351 352 354 355 356 357 360 363 364 365 366 368 369 370 371 372 374 375 376 377 378 380 384 385 387 388 390 391 392 396 399 400 402 403 405 406 407 408 410 411 412 413 414 415 416 418 420 423 424 425 426 427 429 430 432 434 435 436 437 438 440 441 442 444 448 450 451 455 456 459 460 462 464 465 468 469 470 472 473 474 475 476 477 480 481 483 484 486 488 490 492 493 494 495 496 497 498 500 504 506 507 508 510 511 513 515 517 518 520 522 525 527 528 530 531 532 533 534 535 536 539 540 544 545 546 548 549 550 551 552 555 558 559 560 561 564 567 568 570 572 574 575 576 580 581 583 584 585 588 589 590 592 594 595 598 600 602 605 608 609 610 611 612 615 616 618 620 621 623 624 627 629 630 632 635 637 638 639 640 642 644 645 646 648 650 651 656 657 658 660 663 665 666 667 670 671 672 675 676 679 680 682 684 685 688 689 690 693 696 697 700 702 703 704 705 707 708 710 711 712 713 714 715 720 725 726 728 730 731 732 735 736 737 738 740 741 742 744 747 748 749 750 752 754 756 759 760 762 765 767 768 770 774 775 776 777 779 780 781 782 783 784 790 792 795 798 799 800 801 803 804 805 806 808 810 812 814 816 817 819 820 824 825 826 828 830 832 833 836 837 840 846 847 848 850 851 852 854 855 858 860 861 864 868 869 870 871 872 873 874 875 880 882"
422,884,>= 158,"97 103 121 127 137 142 146 164 169 182 183 184 185 194 198 201 203 204 205 206 207 208 209 210 215 219 221 228 230 231 232 234 235 236 237 238 240 242 243 244 245 247 249 252 253 254 255 256 258 259 260 261 264 265 266 268 270 273 274 275 276 279 280 282 284 285 286 287 288 290 291 292 294 295 296 297 299 300 301 303 304 305 306 308 309 310 312 315 316 319 320 322 323 324 325 327 330 333 335 336 338 340 341 342 344 345 348 350 351 352 354 355 356 357 360 363 364 365 366 368 369 370 371 372 374 375 376 377 378 380 384 385 387 390 391 392 396 399 400 402 403 405 406 407 408 410 411 412 413 414 415 416 418 420 423 424 425 426 427 429 430 432 434 435 436 437 438 440 441 442 444 445 448 450 451 455 456 459 460 462 464 465 468 469 470 472 473 474 475 476 477 480 481 483 484 485 486 488 490 492 493 494 495 496 497 498 500 504 506 508 510 511 513 515 517 518 520 522 525 527 528 530 531 532 533 534 535 536 539 540 544 545 546 548 549 550 551 552 555 558 559 560 561 564 567 568 570 572 574 575 576 580 581 582 583 584 585 588 589 590 592 594 595 598 600 602 605 608 609 610 611 612 615 616 618 620 621 624 627 629 630 632 635 637 638 639 640 642 644 645 646 648 650 651 656 657 658 660 663 665 666 667 670 671 672 675 676 679 680 682 684 685 688 689 690 693 696 697 700 702 703 704 705 707 708 710 711 712 713 714 715 720 725 726 728 730 731 732 735 736 737 738 740 741 742 744 747 748 749 750 752 754 756 759 760 762 765 767 768 770 774 775 776 777 779 780 781 782 783 784 790 792 795 798 799 800 803 804 805 806 808 810 812 814 816 817 819 820 824 825 826 828 830 832 833 836 837 840 845 846 847 848 850 851 852 854 855 858 860 861 864 868 869 870 871 872 873 874 875 880 882 884"
423,888,>= 97,"97 103 121 127 137 142 146 164 169 178 182 183 184 194 201 203 204 205 206 207 208 209 210 215 219 220 221 222 228 230 231 232 234 235 236 237 238 240 242 243 244 245 247 249 252 253 254 255 256 258 259 260 261 264 265 266 267 268 270 273 274 275 276 279 280 282 284 285 286 287 288 290 291 292 294 295 296 297 299 300 301 303 304 305 306 308 309 310 312 315 316 319 320 322 323 324 325 327 330 335 336 338 340 341 342 344 345 348 350 351 352 355 357 360 363 364 365 366 368 369 370 371 372 374 375 376 377 378 380 384 385 387 390 391 392 396 399 400 402 403 405 406 407 408 410 411 412 413 414 415 416 418 420 423 424 425 426 427 429 430 432 434 435 436 437 438 440 441 442 444 448 450 451 455 456 459 460 462 464 465 468 469 470 473 474 475 476 477 480 481 483 484 485 486 488 490 492 493 494 495 496 497 498 500 504 506 508 510 511 513 515 517 518 520 522 525 527 528 530 531 532 533 534 535 536 539 540 544 545 546 548 549 550 551 552 555 558 559 560 561 564 567 568 570 572 574 575 576 580 581 582 583 584 585 588 589 590 592 594 595 598 600 602 605 608 609 610 611 612 615 616 618 620 621 624 627 629 630 632 635 637 638 639 640 642 644 645 646 648 649 650 651 656 657 658 660 663 665 666 667 670 671 672 675 676 679 680 682 684 685 688 689 690 693 696 697 700 702 703 704 705 707 708 710 711 712 713 714 715 720 725 726 728 730 731 732 735 736 737 738 740 741 742 744 747 748 749 750 752 754 756 759 760 762 765 767 768 770 774 775 776 777 779 780 781 782 783 784 790 792 795 798 799 800 801 803 804 805 806 808 810 812 814 816 817 819 820 824 825 826 828 830 832 833 836 837 840 845 846 847 848 850 851 852 854 855 858 860 861 864 868 869 870 871 872 873 874 875 880 882 884 885 888"
424,890,>= 58,"97 103 121 127 136 137 142 146 164 169 178 183 184 194 195 201 203 205 206 207 209 210 215 219 220 222 228 230 231 232 234 235 236 237 238 240 242 243 244 245 247 249 252 253 254 255 256 258 259 260 261 264 265 266 267 268 270 272 273 274 275 276 279 280 282 284 285 286 287 288 290 291 292 294 295 296 297 299 300 301 303 304 305 306 308 309 310 312 315 316 319 320 322 323 324 325 327 330 335 336 338 340 341 342 344 345 348 350 351 352 355 357 360 363 364 365 366 368 369 370 371 372 374 375 376 377 378 380 384 385 387 390 391 392 396 399 400 402 403 405 406 407 408 410 411 412 413 414 415 416 418 420 423 424 425 426 427 429 430 432 434 435 436 437 438 440 441 442 444 445 448 450 451 455 456 459 460 462 464 465 468 469 470 473 474 475 476 477 480 481 483 484 485 486 488 490 492 493 494 495 496 497 498 500 504 506 508 510 511 513 515 517 518 520 522 525 527 528 530 531 532 533 534 535 536 539 540 544 545 546 548 549 550 551 552 555 558 559 560 561 564 567 568 570 572 574 575 576 580 581 582 583 584 585 588 589 590 592 594 595 598 600 602 605 608 609 610 611 612 615 616 618 620 621 623 624 627 629 630 632 635 637 638 639 640 642 644 645 646 648 649 650 651 656 657 658 660 663 665 666 667 670 671 672 675 676 679 680 682 684 685 688 689 690 693 696 697 700 702 703 704 705 707 708 710 711 713 714 715 720 725 726 728 730 731 732 735 736 737 738 740 741 742 744 747 748 749 750 752 754 756 759 760 762 765 767 768 770 774 775 776 777 779 780 781 782 783 784 790 792 795 798 799 800 801 803 804 805 806 808 810 812 814 816 817 819 820 824 825 826 828 830 832 833 836 837 840 845 846 847 848 850 851 852 854 855 858 860 861 864 868 869 870 871 872 873 874 875 880 882 884 885 888 890"
425,896,>= 78,"103 121 127 128 137 141 142 146 164 178 183 184 190 198 201 203 204 205 206 207 208 209 210 215 216 219 220 221 222 228 230 231 232 234 236 237 238 242 243 244 245 247 249 252 253 254 255 256 258 259 260 261 264 265 266 267 268 270 273 274 275 276 279 280 282 284 285 286 287 288 290 291 292 294 295 296 297 299 300 301 303 304 305 306 308 309 310 312 315 316 319 320 322 323 324 325 327 329 330 335 336 338 340 341 342 344 345 348 350 351 352 355 357 360 363 364 365 366 368 369 370 371 372 374 375 376 377 378 380 384 385 387 388 390 391 392 396 399 400 402 403 406 407 408 410 411 412 413 414 415 416 418 420 423 424 425 426 427 429 430 432 434 435 436 437 438 440 441 442 444 445 448 450 451 455 456 459 460 462 464 465 468 469 470 473 474 475 476 477 480 481 483 484 486 488 490 492 493 494 495 496 497 498 500 504 506 507 508 510 511 513 515 517 518 520 522 525 527 528 530 531 532 533 534 535 536 539 540 544 545 546 548 549 550 551 552 555 558 559 560 561 564 567 568 570 572 574 575 576 580 581 583 584 585 588 589 590 592 594 595 598 600 602 605 608 609 610 612 615 616 618 620 621 623 624 627 629 630 632 635 637 638 639 640 642 644 645 646 648 649 650 651 656 657 658 660 663 665 666 667 670 671 672 675 676 679 680 682 684 685 688 689 690 693 696 697 700 702 703 704 705 707 708 710 711 713 714 715 720 725 726 728 730 731 732 735 736 737 738 740 741 742 744 747 748 749 750 752 754 756 759 760 762 765 767 768 770 774 775 776 777 779 780 781 782 783 784 790 792 795 798 799 800 801 803 804 805 806 808 810 812 814 816 817 819 820 824 825 826 828 830 832 833 836 837 840 846 847 848 850 851 852 854 855 858 860 861 864 868 869 870 871 872 873 874 875 880 882 884 885 888 890 891 893 896"
426,899,8,"103 121 127 137 142 146 161 162 164 169 174 178 183 184 190 198 201 204 205 206 207 209 210 215 216 217 219 220 221 222 224 228 230 231 234 236 237 238 240 242 243 244 245 247 248 249 252 253 254 255 256 258 259 260 264 265 266 267 268 270 273 274 275 276 279 280 282 284 285 286 287 288 290 291 292 294 295 296 297 299 300 301 303 304 305 306 308 309 312 315 316 319 320 322 323 325 327 330 335 336 338 340 341 342 344 345 348 350 351 352 355 357 360 363 364 365 366 368 369 370 371 372 374 375 376 377 378 380 385 387 388 390 391 392 396 399 400 402 403 405 406 407 408 410 411 412 413 414 415 416 418 420 423 424 425 426 427 429 430 432 434 435 436 437 438 440 441 442 444 445 448 450 451 455 456 459 460 462 464 465 468 469 473 474 475 476 477 480 481 483 484 486 488 490 492 493 494 495 496 497 498 500 504 506 508 510 511 513 515 517 518 520 522 525 527 528 530 531 532 533 534 535 536 539 540 544 545 546 548 549 550 551 552 555 558 559 560 561 564 567 568 570 572 574 575 576 580 581 583 584 585 588 589 590 592 594 595 598 600 602 605 608 609 610 611 612 615 616 618 620 621 623 624 627 629 630 632 635 637 638 639 640 642 644 645 646 648 649 650 651 656 657 658 660 663 665 666 667 670 671 672 675 676 679 680 682 684 685 688 689 690 693 696 697 700 702 703 704 705 707 708 710 711 713 714 715 720 725 726 728 730 731 732 735 736 737 738 740 741 742 744 747 748 749 750 752 754 756 759 760 762 765 767 768 770 774 775 776 777 779 780 781 782 783 784 790 792 795 798 799 800 801 803 804 805 806 808 810 812 814 816 817 819 820 824 825 826 828 830 832 833 836 837 840 845 846 847 848 850 851 852 854 855 858 860 861 864 868 869 870 871 872 873 874 875 880 882 884 885 888 890 891 893 896 897 899"
427,900,4,"103 121 127 137 142 146 161 164 169 174 178 183 184 190 198 201 204 205 206 207 209 210 215 216 217 219 220 221 222 224 225 228 230 231 234 236 237 238 240 242 243 244 245 247 248 249 252 253 254 255 256 258 259 260 264 265 266 267 268 270 273 274 275 276 279 280 282 284 285 286 287 288 290 291 292 294 295 296 297 299 300 301 303 304 305 306 308 309 312 315 316 319 320 322 323 324 325 327 330 335 336 338 340 341 342 344 345 348 350 351 352 355 357 360 363 364 365 366 368 369 370 371 372 374 375 376 377 378 380 385 387 388 390 391 392 396 399 400 402 403 406 407 408 410 411 412 413 414 415 416 418 420 423 424 425 426 427 429 430 432 434 435 436 437 438 440 441 442 444 445 448 450 451 455 456 459 460 462 464 465 468 469 473 474 475 476 477 480 481 483 484 486 488 490 492 493 494 495 496 497 498 500 504 506 508 510 511 513 515 517 518 520 522 525 527 528 530 531 532 533 534 535 536 539 540 544 545 546 548 549 550 551 552 555 558 559 560 561 564 567 568 570 572 574 575 576 580 581 583 584 585 588 589 590 592 594 595 598 600 602 605 608 609 610 611 612 615 616 618 620 621 623 624 627 629 630 632 635 637 638 639 640 642 644 645 646 648 649 650 651 656 657 658 660 663 665 666 667 670 671 672 675 676 679 680 682 684 685 688 689 690 693 696 697 700 702 703 704 705 707 708 710 711 713 714 715 720 725 726 728 730 731 732 735 736 737 738 740 741 742 744 747 748 749 750 752 754 756 759 760 762 765 767 768 770 774 775 776 777 779 780 781 782 783 784 790 792 795 798 799 800 801 803 804 805 806 808 810 812 814 816 817 819 820 824 825 826 828 830 832 833 836 837 840 845 846 847 848 850 851 852 854 855 858 860 861 864 868 869 870 871 872 873 874 875 880 882 884 885 888 890 891 893 896 897 899 900"
428,901,34,"103 121 127 137 141 142 146 161 164 174 178 183 184 190 198 201 205 206 207 208 209 212 215 216 217 219 220 222 224 225 228 230 231 234 236 237 240 242 243 244 245 247 248 249 252 253 254 255 256 258 259 260 264 266 267 268 270 272 273 274 275 276 279 280 282 284 285 286 287 288 290 291 292 294 295 296 297 299 300 301 303 304 305 306 308 309 312 315 316 318 319 320 322 323 324 325 327 329 330 335 336 338 340 341 342 344 345 348 350 351 352 355 357 360 363 364 365 366 368 369 370 371 372 374 375 376 377 378 380 385 387 388 390 391 392 396 399 400 402 403 406 407 408 410 411 412 413 414 415 416 418 420 423 425 426 427 429 430 432 434 435 436 437 438 440 441 442 444 445 448 450 451 455 456 459 460 462 464 465 468 469 470 473 474 475 476 477 480 481 483 484 486 488 490 492 493 494 495 496 497 498 500 504 506 507 508 510 511 513 515 517 518 520 522 525 527 528 530 531 532 533 534 535 536 539 540 544 545 546 548 549 550 551 552 555 558 559 560 561 564 567 568 570 572 574 575 576 580 581 583 584 585 588 589 590 592 594 595 598 600 602 605 608 609 610 612 615 616 618 620 621 623 624 627 629 630 632 635 636 637 638 639 640 642 644 645 646 648 649 650 651 656 657 658 660 663 665 666 667 670 671 672 675 676 679 680 682 684 685 688 689 690 693 696 697 700 702 703 704 705 707 708 710 711 713 714 715 720 725 726 728 730 731 732 735 736 737 738 740 741 742 744 747 748 749 750 752 754 756 759 760 762 765 767 768 770 774 775 776 777 779 780 781 782 783 784 790 792 795 798 799 800 801 803 804 805 806 808 810 812 814 816 817 819 820 824 825 826 828 830 832 833 836 837 840 846 847 848 850 851 852 854 855 858 860 861 864 868 869 870 871 872 873 874 875 880 882 884 885 888 890 891 893 896 897 899 900 901"
429,902,>= 44,"97 103 127 137 142 146 153 161 169 176 178 183 184 190 194 201 206 207 209 210 212 215 216 217 219 220 221 222 224 225 228 230 231 234 236 237 238 240 243 244 245 247 248 249 252 253 254 255 256 258 259 260 261 264 266 267 268 270 272 273 274 275 276 279 280 282 284 285 286 287 288 290 291 292 294 295 296 297 299 300 301 303 304 305 306 308 309 312 315 316 318 320 322 323 324 325 327 328 330 335 336 338 340 341 342 344 345 348 350 351 352 355 357 360 364 365 366 368 369 370 371 372 374 375 376 377 378 380 385 387 390 391 392 396 399 400 402 403 406 407 408 410 411 412 413 414 415 416 418 420 423 425 426 427 429 430 432 434 435 436 437 438 440 441 442 444 445 448 450 451 455 456 459 460 462 464 465 468 469 473 474 475 476 477 480 481 483 484 485 486 488 490 492 493 494 495 496 497 498 500 504 506 508 510 511 513 515 517 518 520 522 525 527 528 530 531 532 533 534 535 536 539 540 544 545 546 548 549 550 551 552 555 558 559 560 561 564 567 568 570 572 574 575 576 580 581 582 583 584 585 588 589 590 592 594 595 598 600 602 605 608 609 610 611 612 615 616 618 620 621 623 624 627 629 630 632 635 636 637 638 639 640 642 644 645 646 648 649 650 651 656 657 658 660 663 665 666 667 670 671 672 675 676 679 680 682 684 685 688 689 690 693 696 697 700 702 703 704 705 707 708 710 711 713 714 715 720 725 726 728 730 731 732 735 736 737 738 740 741 742 744 747 748 749 750 752 754 756 759 760 762 765 767 768 770 774 775 776 777 779 780 781 782 783 784 790 792 795 798 799 800 801 803 804 805 806 808 810 812 814 816 817 819 820 824 825 826 828 830 832 833 836 837 840 845 846 847 848 850 851 852 854 855 858 860 861 864 868 869 870 871 872 873 874 875 880 882 884 885 888 890 891 893 896 897 899 900 901 902"
430,903,>= 28,"103 121 127 137 142 146 161 169 171 172 174 178 182 183 184 188 201 204 206 207 208 212 215 216 217 219 222 224 225 230 231 234 235 236 237 238 240 242 243 244 245 247 248 249 252 253 254 255 256 258 259 260 264 266 267 268 270 272 273 274 275 276 279 280 284 285 286 287 288 290 291 292 294 295 296 297 299 300 301 303 304 305 306 308 309 312 315 316 318 319 320 322 323 324 325 327 328 329 330 335 336 338 340 341 342 345 348 350 351 352 355 357 360 363 364 365 366 368 369 370 371 372 374 375 376 377 378 380 385 387 388 390 391 392 396 399 400 402 403 406 407 408 410 411 412 413 414 415 416 418 420 423 425 426 427 429 430 432 434 435 436 437 438 440 441 442 444 445 448 450 451 455 456 459 460 462 464 465 468 469 470 473 474 475 476 477 480 481 483 484 486 488 490 492 493 494 495 496 497 498 500 504 506 508 510 511 513 515 516 517 518 520 522 525 527 528 530 531 532 533 534 535 536 539 540 544 545 546 548 549 550 551 552 555 558 559 560 561 564 567 568 570 572 574 575 576 580 581 583 584 585 588 589 590 592 594 595 598 600 602 605 608 609 610 611 612 615 616 618 620 621 623 624 627 629 630 632 635 636 637 638 639 640 642 644 645 646 648 649 650 651 656 657 658 660 663 665 666 667 670 671 672 675 676 679 680 682 684 685 688 689 690 693 696 697 700 702 703 704 705 707 708 710 711 713 714 715 720 725 726 728 730 731 732 735 736 737 738 740 741 742 744 747 748 749 750 752 754 756 759 760 762 765 767 768 770 774 775 776 777 779 780 781 782 783 784 790 792 795 798 800 801 803 804 805 806 808 810 812 814 816 817 819 820 824 825 826 828 830 832 833 836 837 840 845 846 847 848 850 851 852 854 855 858 860 861 864 868 869 870 871 872 873 874 875 880 882 884 885 888 890 891 893 896 897 899 900 901 902 903"
431,904,>= 1,"69 103 113 127 137 142 146 172 174 178 183 188 190 201 204 206 208 209 210 212 215 216 217 219 220 222 224 225 228 230 234 235 236 237 238 240 243 244 245 247 248 249 252 253 254 255 256 258 259 260 264 266 267 268 270 272 274 275 276 279 280 284 285 286 287 288 290 291 292 294 295 296 297 299 300 301 303 304 305 306 308 309 312 315 316 318 319 320 322 323 324 325 327 328 329 330 335 336 338 339 340 341 342 345 348 350 351 352 355 357 360 364 365 366 368 369 370 371 372 374 375 376 377 378 380 385 387 388 390 391 392 396 399 400 402 403 406 407 408 410 411 412 413 414 415 416 418 420 423 425 426 427 429 430 432 434 435 436 437 438 440 441 442 444 445 448 450 451 452 455 456 459 460 462 464 465 468 469 470 473 474 475 476 477 480 481 483 484 486 488 490 492 493 494 495 496 497 498 500 504 506 507 508 510 511 513 515 516 517 518 520 522 525 527 528 530 531 532 533 534 535 536 539 540 544 545 546 548 549 550 551 552 555 558 559 560 561 564 567 568 570 572 574 575 576 580 581 583 584 585 588 589 590 592 594 595 598 600 602 605 608 609 610 611 612 615 616 618 620 621 623 624 627 629 630 632 635 636 637 638 639 640 642 644 645 646 648 649 650 651 656 657 658 660 663 665 666 667 670 671 672 675 676 678 679 680 682 684 685 688 689 690 693 696 697 700 702 703 704 705 707 708 710 711 713 714 715 720 725 726 728 730 731 732 735 736 737 738 740 741 742 744 747 748 749 750 752 754 756 759 760 762 765 767 768 770 774 775 776 777 779 780 781 782 783 784 790 791 792 795 798 800 801 803 804 805 806 808 810 812 814 816 817 819 820 824 825 826 828 830 832 833 836 837 840 846 847 848 850 851 852 854 855 858 860 861 864 868 869 870 871 872 873 874 875 880 882 884 885 888 890 891 893 896 897 899 900 901 902 903 904"
432,904,>= 26,"97 103 113 127 137 141 142 146 161 172 174 178 183 190 194 201 206 208 209 210 212 215 216 217 219 220 222 224 225 228 230 234 236 237 240 243 244 245 247 248 249 252 253 254 255 256 258 259 260 264 266 267 268 270 272 273 274 275 279 280 282 284 285 286 287 288 290 291 292 294 295 296 297 299 300 301 303 304 305 306 308 309 312 315 316 318 319 320 322 323 324 325 327 328 329 330 335 336 338 339 340 341 342 345 348 350 351 352 355 357 360 364 365 366 368 369 370 371 372 374 375 376 377 378 380 385 387 390 391 392 396 399 400 402 403 406 407 408 410 411 412 413 414 415 416 418 420 423 425 426 427 429 430 432 434 435 436 437 438 440 441 442 444 445 448 450 451 452 455 456 459 460 462 464 465 468 469 470 473 474 475 476 477 480 481 483 484 485 486 488 490 492 493 494 495 496 497 498 500 504 506 507 508 510 511 513 515 516 517 518 520 522 525 527 528 530 531 532 533 534 535 536 539 540 544 545 546 548 549 550 551 552 555 558 559 560 561 564 567 568 570 572 574 575 576 580 581 582 583 584 585 588 589 590 592 594 595 598 600 602 605 608 609 610 612 615 616 618 620 621 623 624 627 629 630 632 635 636 637 638 639 640 642 644 645 646 648 649 650 651 656 657 658 660 663 665 666 667 670 671 672 675 676 678 679 680 682 684 685 688 689 690 693 696 697 700 702 703 704 705 707 708 710 711 713 714 715 720 725 726 728 730 731 732 735 736 737 738 740 741 742 744 747 748 749 750 752 754 756 759 760 762 765 767 768 770 774 775 776 777 779 780 781 782 783 784 790 791 792 795 798 799 800 801 803 804 805 806 808 810 812 814 816 817 819 820 824 825 826 828 830 832 833 836 837 840 846 847 848 850 851 852 854 855 858 860 861 864 868 869 870 871 872 873 874 875 880 882 884 885 888 890 891 893 896 897 899 900 901 902 903 904"
433,909,>= 1,"73 103 113 121 127 128 137 142 161 169 172 178 183 184 201 204 206 207 209 212 215 216 217 221 222 225 228 230 234 236 237 238 242 243 244 245 247 248 249 252 253 254 256 258 259 260 261 264 266 267 268 270 272 273 274 275 276 279 280 284 285 286 287 288 290 291 294 295 296 297 299 300 301 303 304 305 306 308 309 312 315 316 318 320 322 323 324 325 327 328 329 330 335 336 338 339 340 341 342 345 348 350 351 352 355 357 360 363 364 365 366 368 369 370 371 372 374 375 376 377 378 380 384 385 387 388 390 391 392 396 399 400 402 403 404 406 407 408 410 411 412 413 414 415 416 418 420 423 425 426 427 429 430 432 434 435 436 437 438 440 441 442 444 445 448 450 451 452 455 456 459 460 462 464 465 468 469 470 473 474 475 476 477 480 481 483 484 486 488 490 492 493 494 495 496 497 498 500 504 505 506 508 510 511 513 515 516 517 518 520 522 525 527 528 530 531 532 533 534 535 536 539 540 544 545 546 548 549 550 551 552 555 558 559 560 561 564 567 568 570 572 574 575 576 580 581 583 584 585 588 589 590 592 594 595 598 600 602 605 608 609 610 611 612 615 616 618 620 621 623 624 627 629 630 632 635 636 637 638 639 640 642 644 645 646 648 649 650 651 656 657 658 660 663 665 666 667 670 671 672 675 676 678 679 680 682 684 685 688 689 690 693 696 697 700 702 703 704 705 707 708 710 711 713 714 715 720 725 726 728 730 731 732 735 736 737 738 740 741 742 744 747 748 749 750 752 754 756 759 760 762 765 767 768 770 774 775 776 777 779 780 781 782 783 784 790 791 792 795 798 799 800 801 803 804 805 806 808 810 812 814 816 817 819 820 824 825 826 828 830 832 833 836 837 840 845 846 847 848 850 851 852 854 855 858 860 861 864 868 869 870 871 872 873 874 875 876 880 882 884 885 888 890 891 896 897 899 900 901 902 903 904 909"
434,909,>= 34,"103 113 121 127 128 137 142 146 161 169 172 178 183 184 201 204 206 207 209 212 215 216 217 219 221 222 225 228 230 234 236 237 238 242 243 244 245 247 248 249 252 253 254 256 258 259 260 261 264 266 267 268 270 272 273 274 275 276 279 280 284 285 286 287 288 290 291 292 294 295 296 297 299 300 301 303 304 305 306 308 309 312 315 316 318 320 322 323 324 325 327 328 329 330 335 336 338 339 340 341 342 345 348 350 351 352 355 357 360 363 364 365 366 368 369 370 371 372 374 375 376 377 378 380 384 385 387 388 390 391 392 396 399 400 402 403 404 406 407 408 410 411 412 413 414 415 416 418 420 423 425 426 427 429 430 432 434 435 436 437 438 440 441 442 444 445 448 450 451 452 455 456 459 460 462 464 465 468 469 470 473 474 475 476 477 480 481 483 484 486 488 490 492 493 494 495 496 497 498 500 504 505 506 508 510 511 513 515 516 517 518 520 522 525 527 528 530 531 532 533 534 535 536 539 540 544 545 546 548 549 550 551 552 555 558 559 560 561 564 567 568 570 572 574 575 576 580 581 583 584 585 588 589 590 592 594 595 598 600 602 605 608 609 610 611 612 615 616 618 620 621 623 624 627 629 630 632 635 636 637 638 639 640 642 644 645 646 648 649 650 651 656 657 658 660 663 665 666 667 670 671 672 675 676 678 679 680 682 684 685 688 689 690 693 696 697 700 702 703 704 705 707 708 710 711 713 714 715 720 725 726 728 730 731 732 735 736 737 738 740 741 742 744 747 748 749 750 752 754 756 759 760 762 765 767 768 770 774 775 776 777 779 780 781 782 783 784 790 791 792 795 798 799 800 801 803 804 805 806 808 810 812 814 816 817 819 820 824 825 826 828 830 832 833 836 837 840 845 846 847 848 850 851 852 854 855 858 860 861 864 868 869 870 871 872 873 874 875 880 882 884 885 888 890 891 896 897 899 900 901 902 903 904 909"
435,910,>= 32,"103 113 121 127 128 137 142 146 161 172 178 183 184 190 201 206 207 208 209 212 215 216 217 219 222 225 228 230 234 236 237 240 242 243 244 245 247 248 249 252 253 254 255 256 258 259 260 261 264 266 267 268 270 272 273 274 275 276 279 280 282 284 285 286 287 288 290 291 292 294 295 296 297 299 300 301 303 304 305 306 308 309 312 315 316 318 320 322 323 324 325 327 328 330 335 336 338 339 340 341 342 345 348 350 351 352 355 357 360 363 364 365 366 368 369 370 371 372 374 375 376 377 378 380 384 385 387 388 390 391 392 396 399 400 402 403 404 406 407 408 410 411 412 413 414 415 416 418 420 423 425 426 427 429 430 432 434 435 436 437 438 440 441 442 444 445 448 450 451 452 455 456 459 460 462 464 465 468 469 473 474 475 476 477 480 481 483 484 486 488 490 492 493 494 495 496 497 498 500 504 505 506 507 508 510 511 513 515 516 517 518 520 522 525 527 528 530 531 532 533 534 535 536 539 540 544 545 546 548 549 550 551 552 555 558 559 560 561 564 567 568 570 572 574 575 576 580 581 583 584 585 588 589 590 592 594 595 598 600 602 605 608 609 610 611 612 615 616 618 620 621 623 624 627 629 630 632 635 636 637 638 639 640 642 644 645 646 648 649 650 651 656 657 658 660 663 665 666 667 670 671 672 675 676 678 679 680 682 684 685 688 689 690 693 696 697 700 702 703 704 705 707 708 710 711 713 714 715 720 725 726 728 730 731 732 735 736 737 738 740 741 742 744 747 748 749 750 752 754 756 759 760 762 765 767 768 770 774 775 776 777 779 780 781 782 783 784 790 791 792 795 798 799 800 801 803 804 805 806 808 810 812 814 816 817 819 820 824 825 826 828 830 832 833 836 837 840 846 847 848 850 851 852 854 855 858 860 861 864 868 869 870 871 872 873 874 875 880 882 884 885 888 890 891 893 896 897 899 900 901 902 903 904 909 910"
436,912,33,"103 113 121 127 137 142 146 172 178 183 184 188 201 204 206 207 208 209 212 215 216 217 219 222 224 225 228 230 234 235 236 237 238 240 242 243 244 245 247 248 249 252 253 254 255 256 258 259 260 261 264 266 267 268 270 272 273 274 275 276 279 280 284 285 286 287 288 290 291 292 294 295 296 297 299 300 301 303 304 305 306 308 309 312 315 316 318 320 322 323 324 325 327 328 329 330 335 336 338 339 340 341 342 345 348 350 351 352 355 357 360 363 364 365 366 369 370 371 372 374 375 376 377 378 380 385 387 388 390 391 392 396 399 400 402 403 404 406 407 408 410 411 412 413 414 415 416 418 420 423 425 426 427 429 430 432 434 435 436 437 438 440 441 442 444 445 448 450 451 452 455 456 459 460 462 464 465 468 469 470 473 474 475 476 477 480 481 483 484 486 488 490 492 493 494 495 496 497 498 500 504 505 506 507 508 510 511 513 515 516 517 518 520 522 525 527 528 530 531 532 533 534 535 536 539 540 544 545 546 548 549 550 551 552 555 558 559 560 561 564 567 568 570 572 574 575 576 580 581 583 584 585 588 589 590 592 594 595 598 600 602 605 608 609 610 611 612 615 616 618 620 621 623 624 627 629 630 632 635 636 637 638 639 640 642 644 645 646 648 649 650 651 656 657 658 660 663 665 666 667 670 671 672 675 676 678 679 680 682 684 685 688 689 690 693 696 697 700 702 703 704 705 707 708 710 711 713 714 715 720 725 726 728 730 731 732 735 736 737 738 740 741 742 744 747 748 749 750 752 754 756 759 760 762 765 767 768 770 774 775 776 777 779 780 781 782 783 784 790 791 792 795 798 800 801 803 804 805 806 808 810 812 814 816 817 819 820 824 825 826 828 830 832 833 836 837 840 846 847 848 850 851 852 854 855 858 860 861 864 868 869 870 871 872 873 874 875 880 882 884 885 888 890 891 893 896 897 899 900 901 902 903 904 909 910 912"
437,915,>= 44,"103 113 121 127 137 142 146 153 172 174 178 183 184 198 201 206 209 212 215 216 217 219 220 221 222 224 225 228 230 231 234 236 237 238 240 242 243 244 245 247 248 249 252 253 254 255 256 258 259 260 264 266 267 268 270 272 273 274 275 279 280 282 284 285 286 287 288 290 291 292 294 295 296 297 300 301 303 304 306 308 309 312 315 316 318 319 320 322 323 324 325 327 328 330 335 336 338 339 340 341 342 345 348 350 351 352 355 357 360 363 364 365 366 368 369 370 371 372 374 375 376 377 378 380 385 387 388 390 391 392 396 399 400 402 403 404 406 407 408 410 411 412 413 414 415 416 418 420 423 425 426 427 429 430 432 434 435 436 437 438 440 441 442 444 445 448 450 451 452 455 456 459 460 462 464 465 468 469 473 474 475 476 477 480 481 483 484 486 488 490 492 493 494 495 496 497 498 500 504 505 506 507 508 510 511 513 515 516 517 518 520 522 525 527 528 530 531 532 533 534 535 536 539 540 544 545 546 548 549 550 551 552 555 558 559 560 561 564 567 568 570 572 574 575 576 580 581 583 584 585 588 589 590 592 594 595 598 600 602 605 608 609 611 612 615 616 618 620 621 623 624 627 629 630 632 635 636 637 638 639 640 642 644 645 646 648 649 650 651 656 657 658 660 663 664 665 666 667 670 671 672 675 676 678 679 680 682 684 685 688 689 690 693 696 697 700 702 703 704 705 707 708 710 711 713 714 715 720 725 726 728 730 731 732 735 736 737 738 740 741 742 744 748 749 750 752 754 756 759 760 762 765 767 768 770 774 775 776 777 779 780 781 782 783 784 790 791 792 793 795 798 799 800 801 803 804 805 806 808 810 812 814 816 817 819 820 824 825 826 828 830 832 833 836 837 840 846 847 848 850 851 852 854 855 858 860 861 864 868 869 870 871 872 873 874 875 880 882 884 885 888 890 891 893 896 897 899 900 901 902 903 904 909 910 912 913 915"
438,917,>= 1,"92 103 113 127 131 137 142 146 172 174 178 183 188 201 206 208 209 212 215 216 217 219 220 221 222 224 225 228 230 231 234 235 236 237 243 244 245 247 248 249 252 254 255 256 258 259 260 264 266 267 268 270 272 273 274 275 276 279 280 284 285 286 287 288 290 291 292 294 295 296 297 299 300 301 303 304 306 308 309 312 315 316 318 319 320 322 323 324 325 327 328 329 330 335 336 338 339 340 341 342 345 348 350 351 352 355 357 360 364 365 366 368 369 370 371 372 374 375 376 377 378 380 385 387 388 390 391 392 396 399 400 402 403 404 406 407 408 410 411 412 413 414 415 416 418 420 423 425 426 427 429 430 432 434 435 436 437 438 440 441 442 444 445 448 450 451 452 455 456 459 460 462 464 465 468 469 470 473 474 475 476 477 480 481 483 484 486 488 490 492 493 494 495 496 497 498 500 504 505 506 507 508 510 511 513 515 516 517 518 520 522 524 525 527 528 530 531 532 533 534 535 536 539 540 544 545 546 548 549 550 551 552 555 558 559 560 561 564 567 568 570 572 574 575 576 580 581 583 584 585 588 589 590 592 594 595 598 600 602 605 608 609 611 612 615 616 618 620 621 623 624 627 629 630 632 635 636 637 638 639 640 642 644 645 646 648 649 650 651 656 657 658 660 663 664 665 666 667 670 671 672 675 676 678 679 680 682 684 685 688 689 690 693 696 697 700 702 703 704 705 707 708 710 711 713 714 715 720 725 726 728 730 731 732 735 736 737 738 740 741 742 744 748 749 750 752 754 756 759 760 762 765 767 768 770 774 775 776 777 779 780 781 782 783 784 786 790 791 792 793 795 798 800 801 803 804 805 806 808 810 812 814 816 817 819 820 824 825 826 828 830 832 833 836 837 840 846 847 848 850 851 852 854 855 858 860 861 864 868 869 870 871 872 873 874 875 880 882 884 885 888 890 891 893 896 897 899 900 901 902 903 904 909 910 912 913 915 917"
439,918,>= 10,"97 103 113 127 131 137 142 146 161 169 172 178 183 189 194 195 201 206 209 210 212 215 217 219 222 224 225 228 230 236 237 238 240 243 244 245 247 248 249 252 253 254 255 256 258 259 260 261 264 266 267 268 270 272 273 274 275 279 280 282 284 285 286 287 288 290 291 292 294 295 296 297 299 300 301 303 304 306 308 309 312 315 316 318 320 322 323 324 325 327 328 330 335 336 338 339 340 341 342 345 348 350 351 352 355 357 360 364 365 366 368 369 370 371 372 374 375 376 377 378 380 385 387 390 391 392 396 399 400 402 403 404 406 407 408 410 411 412 413 414 415 416 418 420 423 425 426 427 429 430 432 434 435 436 437 438 440 441 442 444 445 448 450 451 452 455 456 459 460 462 464 465 468 469 473 474 475 476 477 480 481 483 484 485 486 488 490 492 493 494 495 496 497 498 500 504 505 506 508 510 511 513 515 516 517 518 520 522 524 525 527 528 530 531 532 533 534 535 536 539 540 544 545 546 548 549 550 551 552 555 558 559 560 561 564 567 568 570 572 574 575 576 580 581 582 583 584 585 588 589 590 592 594 595 598 600 602 605 608 609 611 612 615 616 618 620 621 623 624 627 629 630 632 635 636 637 638 639 640 642 644 645 646 648 649 650 651 656 657 658 660 663 664 665 666 667 670 671 672 675 676 678 679 680 682 684 685 688 689 690 693 696 697 700 702 703 704 705 707 708 710 711 713 714 715 720 725 726 728 730 731 732 735 736 737 738 740 741 742 744 748 749 750 752 754 756 759 760 762 765 767 768 770 774 775 776 777 779 780 781 782 783 784 786 790 791 792 793 795 798 799 800 801 803 804 805 806 808 810 812 814 816 817 819 820 824 825 826 828 830 832 833 836 837 840 845 846 847 848 850 851 852 854 855 858 860 861 864 868 869 870 871 872 873 874 875 880 882 884 885 888 890 891 893 896 897 899 900 901 902 903 904 909 910 912 913 915 917 918"
440,920,>= 45,"103 113 121 127 128 131 137 142 146 161 172 178 182 183 189 201 206 209 212 215 217 219 222 225 228 230 231 236 237 238 240 242 243 244 245 247 248 249 252 254 255 256 258 259 260 261 264 266 267 268 270 272 273 274 275 276 279 280 282 284 285 286 287 288 290 291 292 294 295 296 297 299 300 301 303 304 306 308 309 312 315 316 318 320 322 323 324 325 327 328 330 335 336 338 339 340 341 342 345 348 350 351 352 355 357 360 363 364 365 366 368 369 370 371 372 374 375 376 377 378 380 384 385 387 388 390 391 392 396 399 400 402 403 404 406 407 408 410 411 412 413 414 415 416 418 420 423 425 426 427 429 430 432 434 435 436 437 438 440 441 442 444 445 448 450 451 452 455 456 459 460 462 464 465 468 469 473 474 475 476 477 480 481 483 484 486 488 490 492 493 494 495 496 497 498 500 504 505 506 507 508 510 511 513 515 516 517 518 520 522 524 525 527 528 530 531 532 533 534 535 536 539 540 544 545 546 548 549 550 551 552 555 558 559 560 561 564 567 568 570 572 574 575 576 580 581 583 584 585 588 589 590 592 594 595 598 600 602 605 608 609 611 612 615 616 618 620 621 623 624 627 629 630 632 635 636 637 638 639 640 642 644 645 646 648 649 650 651 656 657 658 660 663 664 665 666 667 670 671 672 675 676 678 679 680 682 684 685 688 689 690 693 696 697 700 702 703 704 705 707 708 710 711 713 714 715 720 725 726 728 730 731 732 735 736 737 738 740 741 742 744 748 749 750 752 754 756 759 760 762 765 767 768 770 774 775 776 777 779 780 781 782 783 784 786 790 791 792 793 795 798 799 800 801 803 804 805 806 808 810 812 814 816 817 819 820 824 825 826 828 830 832 833 836 837 840 846 847 848 850 851 852 854 855 858 860 861 864 868 869 870 871 872 873 874 875 880 882 884 885 888 890 891 893 896 897 899 900 901 902 903 904 909 910 912 913 915 917 918 920"
441,924,>= 36,"103 113 121 127 131 137 141 146 172 178 183 184 189 201 206 207 209 210 212 213 215 217 219 222 224 225 228 231 234 236 237 238 240 242 243 244 245 247 248 249 253 254 255 256 258 259 260 261 264 266 267 268 270 272 273 274 275 279 280 282 284 285 286 287 288 290 291 292 294 295 296 297 299 300 301 303 304 306 308 309 312 315 316 318 320 322 323 324 325 327 328 329 330 335 336 338 339 340 341 342 345 348 350 351 352 357 360 363 364 365 366 368 369 370 371 372 374 375 376 377 378 380 385 387 388 390 391 392 396 399 400 402 403 404 406 407 408 410 411 412 413 414 415 416 418 420 423 425 426 427 429 430 432 434 435 436 437 438 440 441 442 444 445 448 450 451 452 455 456 459 460 462 464 465 468 469 470 473 474 475 476 477 480 481 483 484 486 488 490 492 493 494 495 496 497 498 500 504 505 506 507 508 510 511 513 515 516 517 518 520 522 524 525 527 528 530 531 532 533 534 535 536 539 540 544 545 546 548 549 550 551 552 555 558 559 560 561 564 567 568 570 572 574 575 576 580 581 583 584 585 588 589 590 592 594 595 598 600 602 605 608 609 612 615 616 618 620 621 623 624 627 629 630 632 635 636 637 638 639 640 642 644 645 646 648 649 650 651 656 657 658 660 663 664 665 666 667 670 671 672 675 676 678 679 680 682 684 685 688 689 690 693 696 697 700 702 703 704 705 707 708 710 711 713 714 715 720 725 726 728 730 731 732 735 736 737 738 740 741 742 744 748 749 750 752 754 756 759 760 762 765 767 768 770 774 775 776 777 779 780 782 783 784 786 790 791 792 793 795 798 799 800 801 803 804 805 806 808 810 812 814 816 817 819 820 824 825 826 828 830 832 833 836 837 840 846 847 848 850 851 852 854 855 858 860 861 864 868 869 870 871 872 873 874 875 880 882 884 885 888 890 891 893 896 897 899 900 901 902 903 904 909 910 912 913 915 917 918 920 923 924"
442,925,4,"103 113 127 131 137 141 146 161 172 178 183 185 189 200 201 206 209 212 213 215 217 219 220 222 224 225 228 230 231 234 236 237 238 240 243 244 245 247 248 249 252 254 255 256 258 259 260 261 264 266 267 268 270 272 273 274 275 276 279 280 282 284 285 286 287 288 290 291 292 294 295 297 299 300 301 303 304 306 308 309 312 315 316 318 320 322 323 324 325 327 328 329 330 333 335 336 338 339 340 341 342 345 348 350 351 352 355 357 360 364 365 366 368 369 370 371 372 374 375 376 377 378 380 385 387 388 390 391 392 396 399 400 402 403 404 406 407 408 410 411 412 413 414 415 416 418 420 423 425 426 427 429 430 432 434 435 436 437 438 440 441 442 444 445 448 450 451 452 455 456 459 460 462 464 465 468 469 470 473 474 475 476 477 480 481 483 484 486 488 490 492 493 494 495 496 498 500 504 505 506 507 508 510 511 513 515 516 517 518 520 522 524 525 527 528 530 531 532 533 534 535 536 539 540 544 545 546 548 549 550 551 552 555 558 559 560 561 564 567 570 572 574 575 576 580 581 583 584 585 588 589 590 592 594 595 598 600 602 605 608 609 612 615 616 618 620 621 623 624 627 629 630 632 635 636 637 638 639 640 642 644 645 646 648 649 650 651 656 657 658 660 663 664 665 666 667 670 671 672 675 676 678 679 680 682 684 685 688 689 690 693 696 697 700 702 703 704 705 707 708 710 711 713 714 715 720 725 726 728 730 731 732 735 736 737 738 740 741 742 744 748 749 750 752 754 756 759 760 762 765 767 768 770 774 775 776 777 779 780 781 782 783 784 786 790 791 792 793 795 798 799 800 801 803 804 805 806 808 810 812 814 816 817 819 820 824 825 826 828 830 832 833 836 837 840 846 847 848 850 851 852 854 855 858 860 861 864 868 869 870 871 872 873 874 875 880 882 884 885 888 890 891 893 896 897 899 900 901 902 903 904 909 910 912 913 915 917 918 920 923 924 925"
443,928,>= 13,"97 103 113 127 131 137 146 172 178 183 184 185 189 194 200 201 206 207 209 212 213 215 217 219 220 222 225 228 231 232 234 236 237 238 243 244 245 247 248 249 252 253 254 255 256 258 259 260 261 264 266 267 268 270 272 274 275 279 280 282 284 285 286 287 288 290 291 292 294 295 297 299 300 301 303 304 306 308 312 315 316 318 319 320 322 323 324 325 327 328 330 333 335 336 338 339 340 341 342 345 348 350 351 352 357 360 364 365 366 368 369 370 371 372 374 375 376 377 378 380 385 387 390 391 392 396 399 400 402 403 404 406 407 408 410 411 412 413 414 415 416 418 420 423 425 426 427 429 430 432 434 435 436 437 438 440 441 442 444 445 448 450 451 452 455 456 459 460 462 464 465 468 469 473 474 475 476 477 480 481 483 484 485 486 488 490 492 493 494 495 496 497 498 500 504 505 506 507 508 510 511 513 515 516 517 518 520 522 524 525 527 528 530 531 532 533 534 535 536 539 540 544 545 546 548 549 550 551 552 555 558 559 560 561 564 567 568 570 572 574 575 576 580 581 582 583 584 585 588 589 590 592 594 595 598 600 602 605 608 609 611 612 615 616 618 620 621 623 624 627 629 630 632 635 636 637 638 639 640 642 644 645 646 648 649 650 651 656 657 658 660 663 664 665 666 667 670 671 672 675 676 678 679 680 682 684 685 688 689 690 693 696 697 700 702 703 704 705 707 708 710 711 713 714 715 720 721 725 726 728 730 731 732 735 736 737 738 740 741 742 744 748 749 750 752 754 756 759 760 762 765 767 768 770 774 775 776 777 779 780 782 783 784 786 790 791 792 793 795 798 799 800 801 803 804 805 806 808 810 812 814 816 817 819 820 825 826 828 830 832 833 836 837 840 846 847 848 850 851 852 854 855 858 860 861 864 868 869 870 871 872 873 874 875 880 882 884 885 888 890 891 893 896 897 899 900 901 902 903 904 909 910 912 913 915 917 918 920 923 924 925 927 928"
444,930,15,"103 113 127 131 137 141 146 172 178 183 184 185 186 189 200 201 206 207 209 212 213 215 219 220 222 225 228 231 232 234 236 237 238 243 244 245 247 248 249 252 253 254 255 256 258 259 260 261 264 266 267 268 270 272 273 274 275 279 280 282 284 285 286 287 288 290 291 292 294 295 297 299 300 301 303 304 306 308 310 312 315 316 318 319 320 322 323 324 325 327 328 329 330 333 335 336 338 339 340 341 342 345 348 350 351 352 357 360 364 365 366 368 369 370 371 374 375 376 377 378 380 385 387 388 390 391 392 396 399 400 402 403 404 406 407 408 410 411 412 413 414 415 416 418 420 423 425 426 427 429 430 432 434 435 436 437 438 440 441 442 444 445 448 450 451 452 455 456 459 460 462 464 465 468 469 470 473 474 475 476 477 480 481 483 484 486 488 490 492 493 494 495 496 497 498 500 504 505 506 507 508 510 511 513 515 516 517 518 520 522 524 525 527 528 530 531 532 533 534 535 536 539 540 544 545 546 548 549 550 551 552 555 558 559 560 561 564 567 568 570 572 574 575 576 580 581 583 584 585 588 589 590 592 594 595 598 600 602 605 608 609 612 615 616 618 620 621 623 624 627 629 630 632 635 636 637 638 639 640 642 644 645 646 648 649 650 651 656 657 658 660 663 664 665 666 667 670 671 672 675 676 678 679 680 682 684 685 688 689 690 693 696 697 700 702 703 704 705 707 708 710 711 713 714 715 720 721 725 726 728 730 731 732 735 736 737 738 740 741 742 744 748 749 750 752 754 756 759 760 762 765 767 768 770 774 775 776 777 779 780 782 783 784 786 790 791 792 793 795 798 799 800 801 803 804 805 806 808 810 812 814 816 817 819 820 825 826 828 830 832 833 836 837 840 846 847 848 850 851 852 854 855 858 860 861 864 868 869 870 871 872 873 874 875 880 882 884 885 888 890 891 893 896 897 899 900 901 902 903 904 909 910 912 913 915 917 918 920 923 924 925 927 928 930"
445,935,>= 14,"97 103 113 127 131 137 146 172 178 183 184 185 186 189 194 200 201 206 207 212 213 215 219 220 221 222 225 228 231 232 234 236 237 238 243 244 247 248 249 252 253 254 255 256 258 259 261 264 266 267 268 270 272 273 274 275 279 280 282 284 285 286 287 288 290 291 292 294 295 297 299 300 301 303 304 306 308 310 312 315 316 318 319 320 322 323 324 325 327 328 330 333 335 336 338 339 340 341 342 345 348 350 351 352 357 360 364 365 366 368 369 370 371 374 375 376 377 378 380 385 387 390 391 392 396 399 400 402 403 404 406 407 408 410 411 412 413 414 415 416 418 420 423 425 426 427 429 430 432 434 435 436 437 438 440 441 442 444 445 448 450 451 452 455 456 459 460 462 464 465 468 469 473 474 475 476 477 480 481 483 484 485 486 488 490 492 493 494 495 496 497 498 500 504 505 506 507 508 510 511 513 515 516 517 518 520 522 524 525 527 528 530 531 532 533 534 535 536 539 540 544 545 546 548 549 550 551 552 555 558 559 560 561 564 567 568 570 572 574 575 576 580 581 582 583 584 585 588 589 590 592 594 595 598 600 602 605 608 609 611 612 615 616 618 620 621 623 624 627 629 630 632 635 636 637 638 639 640 642 644 645 646 648 649 650 651 656 657 658 660 663 664 665 666 667 670 671 672 675 676 678 679 680 682 684 685 688 689 690 693 696 697 700 702 703 704 705 707 708 710 711 713 714 715 720 721 725 726 728 730 731 732 735 736 737 738 740 741 742 744 748 749 750 752 754 756 759 760 762 765 767 768 770 774 775 776 777 779 780 782 783 784 786 790 791 792 793 795 798 799 800 801 803 804 805 806 808 810 812 814 816 817 819 820 825 826 828 830 832 833 836 837 840 846 847 848 850 851 852 854 855 858 860 861 864 868 869 870 871 872 873 874 875 880 882 884 885 888 890 891 893 896 897 899 900 901 902 903 904 909 910 912 913 915 917 918 920 923 924 925 927 928 930 931 935"
446,936,>= 22,"103 113 115 127 131 137 146 172 178 183 185 186 189 200 201 206 208 212 213 215 219 220 221 222 225 228 230 231 232 234 236 237 238 240 243 244 247 248 249 252 253 254 255 256 258 259 260 261 264 266 267 268 270 272 273 274 275 279 280 282 284 285 286 287 288 290 291 292 294 295 297 299 300 301 303 304 306 308 310 312 315 316 318 319 320 322 323 324 325 327 328 330 333 335 336 338 339 340 341 342 345 348 350 351 352 357 360 364 365 366 368 369 370 371 374 375 376 377 378 380 385 387 388 390 391 392 396 399 400 402 403 404 406 407 408 410 411 412 413 414 415 416 418 420 423 425 426 427 429 430 432 434 435 436 437 438 440 441 442 444 445 448 450 451 452 455 456 459 460 462 464 465 468 469 473 474 475 476 477 480 481 483 484 486 488 490 492 493 494 495 496 497 498 500 504 505 506 507 508 510 511 513 515 516 517 518 520 522 524 525 527 528 530 531 532 533 534 535 536 539 540 544 545 546 548 549 550 551 552 555 558 559 560 561 564 567 568 570 572 574 575 576 580 581 583 584 585 588 589 590 592 594 595 598 600 602 605 608 609 611 612 615 616 618 620 621 623 624 627 629 630 632 635 636 637 638 639 640 642 644 645 646 648 649 650 651 656 657 658 660 663 664 665 666 667 670 671 672 675 676 678 679 680 682 684 685 688 689 690 693 696 697 700 702 703 704 705 707 708 710 711 713 714 715 720 721 725 726 728 730 731 732 735 736 737 738 740 741 742 744 748 749 750 752 754 756 759 760 762 765 767 768 770 774 775 776 777 779 780 782 783 784 786 790 791 792 793 795 798 799 800 801 803 804 805 806 808 810 812 814 816 817 819 820 825 826 828 830 832 833 836 837 840 846 847 848 850 851 852 854 855 858 860 861 864 868 869 870 871 872 873 874 875 880 882 884 885 888 890 891 893 896 897 899 900 901 902 903 904 909 910 912 913 915 917 918 920 923 924 925 927 928 930 931 935 936"
447,938,>= 11,"103 113 124 127 131 137 146 172 178 183 184 185 189 200 206 207 208 210 212 213 215 217 219 220 221 222 225 228 232 234 236 237 238 240 243 244 247 249 252 253 254 255 256 258 259 260 261 264 266 267 268 270 272 273 274 275 279 280 282 284 285 286 287 288 290 291 292 294 295 297 299 300 301 303 304 306 308 310 312 315 316 318 319 320 322 323 324 325 327 328 330 333 335 336 338 339 340 341 342 345 348 350 351 352 357 360 364 365 366 368 369 370 371 372 374 375 376 377 378 380 385 387 388 390 391 392 396 399 400 402 403 404 406 407 408 410 411 412 413 414 415 416 418 420 423 425 426 427 429 430 432 434 435 436 437 438 440 441 442 444 445 448 450 451 452 455 456 459 460 462 464 465 468 469 473 474 475 476 477 480 481 483 484 486 488 490 492 493 494 495 496 497 498 500 504 505 506 507 508 510 511 513 515 516 517 518 520 522 524 525 527 528 530 531 532 533 534 535 536 539 540 544 545 546 548 549 550 551 552 555 558 559 560 561 564 567 568 570 572 574 575 576 580 581 583 584 585 588 589 590 592 594 595 598 600 602 603 605 608 609 611 612 615 616 618 620 621 623 624 627 629 630 632 635 636 637 638 639 640 642 644 645 646 648 649 650 651 656 657 658 660 663 664 665 666 667 670 671 672 675 676 678 679 680 682 684 685 688 689 690 693 696 697 700 702 703 704 705 707 708 710 711 713 714 715 720 721 725 726 728 730 731 732 735 736 738 740 741 742 744 748 749 750 752 754 756 759 760 762 765 767 768 770 774 775 776 777 779 780 782 783 784 786 790 791 792 793 795 798 799 800 801 803 804 805 806 808 810 812 814 816 817 819 820 825 826 828 830 832 833 836 837 840 846 847 848 850 851 852 854 855 858 860 861 864 868 869 870 871 872 873 874 875 880 882 884 885 888 890 891 893 896 897 899 900 901 902 903 904 909 910 912 913 915 917 918 920 923 924 925 927 928 930 931 935 936 938"
448,940,>= 17,"103 113 121 127 131 137 146 161 172 178 183 185 186 189 200 206 208 212 213 215 219 221 222 225 228 230 231 232 234 236 237 238 240 242 243 244 247 248 249 254 255 256 258 259 260 261 266 267 268 270 272 273 274 275 276 279 280 282 284 285 286 287 288 290 291 292 294 295 297 299 300 301 303 304 306 308 310 312 315 316 318 319 320 322 323 324 325 327 328 329 330 333 335 336 338 339 340 341 342 345 348 350 351 352 357 360 363 364 365 366 368 369 370 371 374 375 377 378 380 385 387 388 390 391 392 396 399 400 402 403 404 406 407 408 410 411 412 413 414 415 416 418 420 423 425 426 427 429 430 432 434 435 436 437 438 440 441 442 444 445 448 450 451 452 455 456 459 460 462 464 465 468 469 470 473 474 475 476 477 480 481 483 484 486 488 490 492 493 494 495 496 497 498 500 504 505 506 507 508 510 511 513 515 516 517 518 520 522 524 525 527 528 530 531 532 533 534 535 536 539 540 544 545 546 548 549 550 551 552 555 558 559 560 561 564 567 568 570 572 574 575 576 580 581 583 584 585 588 589 590 592 594 595 598 600 602 603 605 608 609 611 612 615 616 618 620 621 623 624 627 629 630 632 635 636 637 638 639 640 642 644 645 646 648 649 650 651 656 657 658 660 663 664 665 666 667 670 671 672 675 676 678 679 680 682 684 685 688 689 690 693 696 697 700 702 703 704 705 707 708 710 711 713 714 715 720 721 725 726 728 730 731 732 735 736 738 740 741 742 744 748 749 750 752 754 756 759 760 762 765 767 768 770 774 775 776 777 779 780 782 783 784 786 790 791 792 793 795 798 799 800 801 803 804 805 806 808 810 812 814 816 817 819 820 825 826 828 830 832 833 836 837 840 846 847 848 850 851 852 854 855 858 860 861 864 868 869 870 871 872 873 874 875 880 882 884 885 888 890 891 893 896 897 899 900 901 902 903 904 909 910 912 913 915 917 918 920 923 924 925 927 928 930 931 935 936 938 940"
449,943,>= 27,"103 113 124 127 131 137 146 172 178 183 184 185 200 206 208 212 213 215 216 217 219 220 221 222 225 228 230 232 234 236 237 238 240 243 244 246 247 249 252 253 254 255 256 258 259 260 261 264 266 267 268 272 273 274 275 276 279 280 282 284 285 286 287 288 290 291 292 294 295 297 299 300 301 303 304 306 308 310 312 315 316 318 319 320 322 323 324 325 327 328 329 330 333 335 336 338 339 340 341 342 345 348 350 351 352 357 360 364 365 366 368 370 371 372 374 375 377 378 380 385 387 388 390 391 392 396 399 400 402 403 404 406 407 408 410 411 412 413 414 415 416 418 420 423 425 426 427 429 430 432 434 435 436 437 438 440 441 442 444 445 448 450 451 452 455 456 459 460 462 464 465 468 469 470 473 474 475 476 477 480 481 483 484 486 488 490 492 493 494 495 496 497 498 500 504 505 506 507 508 510 511 513 515 516 517 518 520 522 524 525 527 528 530 531 532 533 534 535 536 539 540 544 545 546 548 549 550 551 552 555 558 559 560 561 564 567 568 570 572 574 575 576 580 581 583 584 585 588 589 590 592 594 595 598 600 602 603 605 608 609 611 612 615 616 618 620 621 623 624 627 629 630 632 635 636 637 638 639 640 642 644 645 646 648 649 650 651 656 657 658 660 663 664 665 666 667 670 671 672 675 676 678 679 680 682 684 685 688 689 690 693 696 697 700 702 703 704 705 707 708 710 711 713 714 715 720 721 725 726 728 730 731 732 735 736 738 740 741 742 744 748 749 750 752 754 756 759 760 762 765 767 768 770 774 775 776 777 779 780 782 783 784 786 790 791 792 793 795 798 799 800 801 803 804 805 806 808 810 812 814 816 817 819 820 825 826 828 830 832 833 836 837 840 846 847 848 850 851 852 854 855 858 860 861 864 868 869 870 871 872 873 874 875 880 882 884 885 888 890 891 893 896 897 899 900 901 902 903 904 909 910 912 913 915 917 918 920 923 924 925 927 928 930 931 935 936 938 940 943"
450,945,>= 24,"103 113 118 124 127 131 137 146 172 177 178 183 184 200 206 208 212 213 215 216 217 219 220 221 225 228 230 232 234 237 238 243 244 246 247 249 252 253 254 255 256 258 260 261 264 266 267 268 270 272 273 274 275 276 279 280 282 284 285 286 287 288 290 291 292 294 296 297 299 300 301 303 304 306 308 310 312 315 316 318 319 320 322 323 324 325 327 328 329 330 333 335 336 338 339 340 341 342 345 348 350 351 352 354 357 360 364 365 366 368 371 372 374 375 377 378 380 385 387 388 390 391 392 396 399 400 402 403 404 406 407 408 410 411 412 413 414 415 416 418 420 423 425 426 427 429 430 432 434 435 436 437 438 440 441 442 444 445 448 450 451 452 455 456 459 460 462 464 465 468 469 470 472 473 474 475 476 477 480 481 483 484 486 488 490 492 493 494 495 496 497 498 500 504 505 506 507 508 510 511 513 515 516 517 518 520 522 524 525 527 528 530 531 532 533 534 535 536 539 540 544 545 546 548 549 550 551 552 555 558 559 560 561 564 567 568 570 572 574 575 576 580 581 583 584 585 588 589 590 592 594 595 598 600 602 603 605 608 609 611 612 615 616 618 620 621 623 624 627 629 630 632 635 636 637 638 639 640 642 644 645 646 648 649 650 651 656 657 658 660 663 664 665 666 667 670 671 672 675 676 678 679 680 682 684 685 688 689 690 693 696 697 700 702 703 704 705 707 708 710 711 713 714 715 720 721 725 726 728 730 731 732 735 736 738 740 741 742 744 748 749 750 752 754 756 759 760 762 765 767 768 770 774 775 776 777 779 780 782 783 784 786 790 791 792 793 795 798 799 800 801 803 804 805 806 808 810 812 814 816 817 819 820 825 826 828 830 832 833 836 837 840 846 847 848 850 851 852 854 855 858 860 861 864 868 869 870 871 872 873 874 875 880 882 884 885 888 890 891 893 896 897 899 900 901 902 903 904 909 910 912 913 915 917 918 920 923 924 925 927 928 930 931 935 936 938 940 943 944 945"
451,946,>= 38,"103 113 118 127 131 137 146 161 177 178 183 185 186 200 206 208 210 212 213 215 216 219 221 222 225 228 232 234 237 238 243 244 246 247 248 249 252 253 254 255 256 258 259 260 261 264 266 267 268 270 272 273 274 275 276 279 280 282 284 285 286 287 288 290 291 292 294 297 299 300 301 303 304 306 308 310 312 315 316 318 319 320 322 323 324 325 327 328 329 330 333 335 336 338 339 340 341 342 344 345 348 350 351 352 354 357 360 364 365 366 368 370 371 374 375 377 378 380 385 387 388 390 391 392 396 399 400 402 403 404 406 407 408 410 411 412 413 414 415 416 418 420 423 425 426 427 429 430 432 434 435 436 437 438 440 441 442 444 445 448 450 451 452 455 456 459 460 462 464 465 468 469 470 472 473 474 475 476 477 480 481 483 484 486 488 490 492 493 494 495 496 497 498 500 504 505 506 507 508 510 511 513 515 517 518 520 522 524 525 527 528 530 531 532 533 534 535 536 539 540 544 545 546 548 549 550 551 552 555 558 559 560 561 564 567 568 570 572 574 575 576 580 581 583 584 585 588 589 590 592 594 595 598 600 602 603 605 608 609 611 612 615 616 618 620 621 623 624 627 629 630 632 635 636 637 638 639 640 642 644 645 646 648 649 650 651 656 657 658 660 663 664 665 666 667 670 671 672 675 676 678 679 680 682 684 685 688 689 690 693 696 697 700 702 703 704 705 707 708 710 711 713 714 715 720 721 725 726 728 730 731 732 735 736 738 740 741 742 744 748 749 750 752 754 756 759 760 762 765 767 768 770 774 775 776 777 779 780 782 783 784 786 790 791 792 793 795 798 799 800 801 803 804 805 806 808 810 812 814 816 817 819 820 825 826 828 830 832 833 836 837 840 846 847 848 850 851 852 854 855 858 860 861 864 868 869 870 871 872 873 874 875 880 882 884 885 888 890 891 893 896 897 899 900 901 902 903 904 909 910 912 913 915 917 918 920 923 924 925 927 928 930 931 935 936 938 940 943 944 945 946"
452,948,>= 38,"103 113 118 127 131 137 146 177 178 183 184 185 186 200 206 208 210 212 213 215 216 219 221 222 225 228 230 232 234 238 243 244 246 247 248 249 252 253 254 255 256 258 259 260 261 264 266 267 268 270 272 273 274 275 276 279 280 282 284 285 286 287 288 290 291 292 294 297 299 300 301 303 304 306 308 310 312 315 318 319 320 322 323 324 325 327 328 329 330 333 335 336 338 339 340 341 342 344 345 348 350 351 352 354 357 360 364 365 366 368 370 371 374 375 377 378 380 385 387 388 390 391 392 395 396 399 400 402 403 404 406 407 408 410 411 412 413 414 415 416 418 420 423 425 426 427 429 430 432 434 435 436 437 438 440 441 442 444 445 448 450 451 452 455 456 459 460 462 464 465 468 469 470 472 473 474 475 476 477 480 481 483 484 486 488 490 492 493 494 495 496 497 498 500 504 505 506 507 508 510 511 513 515 517 518 520 522 524 525 527 528 530 531 532 533 534 535 536 539 540 544 545 546 548 549 550 551 552 553 555 558 559 560 561 564 567 568 570 572 574 575 576 580 581 583 584 585 588 589 590 592 594 595 598 600 602 603 605 608 609 611 612 615 616 618 620 621 623 624 627 629 630 635 636 637 638 639 640 642 644 645 646 648 649 650 651 656 657 658 660 663 664 665 666 667 670 671 672 675 676 678 679 680 682 684 685 688 689 690 693 696 697 700 702 703 704 705 707 708 710 711 713 714 715 720 721 725 726 728 730 731 732 735 736 738 740 741 742 744 748 749 750 752 754 756 759 760 762 765 767 768 770 774 775 776 777 779 780 782 783 784 786 790 791 792 793 795 798 799 800 801 803 804 805 806 808 810 812 814 816 817 819 820 825 826 828 830 832 833 836 837 840 846 847 848 850 851 852 854 855 858 860 861 864 868 869 870 871 872 873 874 875 880 882 884 885 888 890 891 893 896 897 899 900 901 902 903 904 909 910 912 913 915 917 918 920 923 924 925 927 928 930 931 935 936 938 940 943 944 945 946 948"
453,949,>= 27,"103 113 118 127 128 131 137 177 178 183 184 185 186 200 206 208 210 212 213 215 216 221 222 224 225 228 230 232 234 238 240 243 244 246 247 248 249 252 253 254 255 256 258 259 260 261 264 266 267 268 270 272 274 275 276 279 280 282 284 285 286 287 288 290 291 294 297 299 300 301 303 304 306 308 310 312 315 318 319 320 322 323 324 325 327 328 329 330 333 335 336 338 339 340 341 342 344 345 348 350 351 352 354 357 360 364 366 368 370 371 374 375 377 378 380 384 385 387 388 390 391 392 395 396 399 400 402 403 404 406 407 408 410 411 412 413 414 415 416 418 420 423 425 426 427 429 430 432 434 435 436 437 438 440 441 442 444 445 448 450 451 452 455 456 459 460 462 464 465 468 469 470 472 473 474 475 476 477 480 481 483 484 486 488 490 492 493 494 495 496 497 498 500 504 505 506 507 508 510 511 513 515 517 518 520 522 524 525 527 528 530 531 532 533 534 535 536 539 540 544 545 546 548 549 550 551 552 553 555 558 559 560 561 564 567 568 570 572 574 575 576 580 581 583 584 585 588 589 590 592 594 595 598 600 602 603 605 608 609 611 612 615 616 618 620 621 623 624 627 629 630 635 636 637 638 639 640 642 644 645 646 648 649 650 651 656 657 658 660 663 664 665 666 667 670 671 672 675 676 678 679 680 682 684 685 688 689 690 693 696 697 700 702 703 704 705 707 708 710 711 713 714 715 720 721 725 726 728 730 731 732 735 736 738 740 741 742 744 748 749 750 752 754 756 759 760 762 765 767 768 770 774 775 776 777 779 780 782 783 784 786 790 791 792 793 795 798 799 800 801 803 804 805 806 808 810 812 814 816 817 819 820 825 826 828 830 832 833 836 837 840 846 847 848 850 851 852 854 855 858 860 861 864 868 869 870 871 872 873 874 875 876 880 882 884 885 888 890 891 893 896 897 899 900 901 902 903 904 909 910 912 913 915 917 918 920 923 924 925 927 928 930 931 935 936 938 940 943 944 945 946 948 949"
454,950,4,"103 113 127 128 131 137 158 177 178 183 184 185 186 206 208 210 212 213 215 216 221 222 224 225 230 232 234 236 237 238 240 243 244 246 247 248 249 252 253 254 255 256 258 259 260 261 264 266 267 268 270 272 274 275 276 279 280 282 284 285 286 287 288 290 291 294 295 297 299 300 301 303 304 306 308 310 312 315 316 318 319 320 322 323 324 325 327 328 329 330 333 335 336 338 339 340 341 342 344 345 348 350 351 352 357 360 364 366 368 370 371 374 375 377 378 380 384 385 387 388 390 391 392 395 396 399 400 402 403 404 406 407 408 410 411 412 413 414 415 416 418 420 423 425 426 427 429 430 432 434 435 436 437 438 440 441 442 444 445 448 450 451 452 455 456 459 460 462 464 465 468 469 470 472 473 474 475 476 477 480 481 483 484 486 488 490 492 493 494 495 496 497 498 500 504 505 506 507 508 510 511 513 515 517 518 520 522 524 525 527 528 530 532 533 534 535 536 539 540 544 545 546 548 549 550 551 552 553 555 558 559 560 561 564 567 568 570 572 574 575 576 580 581 583 584 585 588 589 590 592 594 595 598 600 602 603 605 608 609 611 612 615 616 618 620 621 623 624 627 629 630 632 635 636 637 638 639 640 642 644 645 646 648 649 650 651 656 657 658 660 663 664 665 666 667 670 671 672 675 676 678 679 680 682 684 685 688 689 690 693 696 697 700 702 703 704 705 707 708 710 713 714 715 720 721 725 726 728 730 731 732 735 736 738 740 741 742 744 748 749 750 752 754 756 759 760 762 765 767 768 770 774 775 776 777 779 780 782 783 784 786 790 791 792 793 795 798 799 800 801 803 804 805 806 808 810 812 814 816 817 819 820 825 826 828 830 832 833 836 837 840 846 847 848 850 851 852 854 855 858 860 861 864 868 869 870 871 872 873 874 875 876 880 882 884 885 888 890 891 893 896 897 899 900 901 902 903 904 909 910 912 913 915 917 918 920 923 924 925 927 928 930 931 935 936 938 940 943 944 945 946 948 949 950"
455,954,>= 11,"103 113 118 121 127 131 137 177 178 182 183 184 185 186 187 198 206 213 215 216 222 225 230 231 232 234 238 240 242 243 244 246 247 248 249 252 253 254 255 256 258 259 260 261 264 265 266 267 268 270 272 273 274 275 276 279 280 282 284 285 286 287 288 290 291 294 297 299 300 301 303 304 306 308 310 312 315 319 320 322 323 324 325 327 328 329 330 333 335 336 338 339 340 341 342 344 345 348 350 351 352 354 357 360 363 364 366 368 370 371 374 375 377 378 380 385 387 388 390 391 392 395 396 399 400 402 403 404 406 407 408 410 411 412 413 414 415 416 418 420 423 424 425 426 427 429 430 432 434 435 436 437 438 440 441 442 444 445 448 450 451 452 455 456 459 460 462 464 465 468 469 470 472 473 474 475 476 480 481 483 484 486 488 490 492 493 494 495 496 497 498 500 504 505 506 507 508 510 511 513 515 517 518 520 522 524 525 527 528 530 531 532 533 534 535 536 539 540 544 545 546 548 549 550 551 552 553 555 558 559 560 561 564 567 568 570 572 574 575 576 580 581 583 584 585 588 589 590 592 594 595 598 600 602 603 605 608 609 611 612 615 616 618 620 621 623 624 627 629 630 635 636 637 638 639 640 642 644 645 646 648 649 650 651 656 657 658 660 663 664 665 666 667 670 671 672 675 676 678 679 680 682 684 685 688 689 690 693 696 697 700 702 703 704 705 707 708 710 711 713 714 715 720 721 725 726 728 730 731 732 735 736 738 740 741 742 744 748 749 750 752 754 756 759 760 762 765 767 768 770 774 775 776 777 779 780 782 783 784 786 790 791 792 793 795 798 799 800 801 803 804 805 806 808 810 812 814 816 817 819 820 825 826 828 830 832 833 836 837 840 846 847 848 850 851 852 854 855 858 860 861 864 868 869 870 871 872 873 874 875 876 880 882 884 885 888 890 891 893 896 897 899 900 901 902 903 904 909 910 912 913 915 917 918 920 923 924 925 927 928 930 931 935 936 938 940 943 944 945 946 948 949 950 952 954"
456,960,>= 14,"103 113 116 127 131 137 158 177 178 183 184 185 186 187 192 203 206 208 213 215 216 222 224 225 230 231 236 237 238 243 244 246 247 248 249 252 253 254 255 256 258 259 260 261 264 265 266 267 268 270 272 273 274 275 276 279 280 282 284 285 286 287 288 290 291 294 295 297 299 300 301 303 304 306 308 310 312 315 316 319 320 322 323 324 325 327 328 329 330 333 335 336 338 339 340 341 342 344 345 348 350 351 352 357 360 364 366 368 370 371 374 375 377 378 380 385 387 388 390 391 392 395 396 399 400 402 403 404 406 407 408 410 411 412 413 414 415 416 418 420 423 424 425 426 427 429 430 432 434 435 436 437 438 440 441 442 444 445 448 450 451 452 455 456 459 460 462 464 465 468 469 470 472 473 474 475 476 480 481 483 484 486 488 490 492 493 494 495 496 497 498 500 504 505 506 507 508 510 511 513 515 517 518 520 522 524 525 527 528 530 532 533 534 535 536 539 540 544 545 546 548 549 550 551 552 553 555 558 559 560 561 564 567 568 570 572 574 575 576 580 581 583 584 585 588 589 590 592 594 595 598 600 602 603 605 608 609 611 612 615 616 618 620 621 623 624 627 629 630 632 635 636 637 638 639 640 642 644 645 646 648 649 650 651 656 657 658 660 663 664 665 666 667 670 671 672 675 676 678 679 680 682 684 685 688 689 690 693 696 697 700 702 703 704 705 707 708 710 713 714 715 720 721 725 726 728 730 731 732 735 736 738 740 741 742 744 748 749 750 752 754 756 759 760 762 765 767 768 770 774 775 776 777 779 780 782 783 784 786 790 791 792 793 795 798 799 800 801 803 804 805 806 808 810 812 814 816 817 819 820 825 826 828 830 832 833 836 837 840 846 847 848 850 851 852 854 855 858 860 861 864 868 869 870 871 872 873 874 875 876 880 882 884 885 888 890 891 893 896 897 899 900 901 902 903 904 909 910 912 913 915 917 918 920 923 924 925 927 928 930 931 935 936 938 940 943 944 945 946 948 949 950 952 954 957 960"
457,962,>= 43,"103 113 127 131 137 142 148 158 169 177 178 183 184 186 192 204 206 210 215 216 221 222 224 225 230 236 237 238 240 243 244 246 247 248 249 252 253 254 255 256 258 259 260 261 264 265 266 267 268 270 272 273 274 275 276 279 280 282 284 285 286 287 288 291 294 295 296 297 299 300 301 303 304 306 308 310 312 315 316 320 322 323 324 325 327 328 329 330 333 335 336 338 339 340 341 342 344 345 348 350 351 352 355 357 360 364 366 368 370 371 374 375 377 378 380 385 387 388 390 391 392 395 396 399 400 402 403 404 406 407 408 410 411 412 413 414 415 416 418 420 423 424 425 426 427 429 430 432 434 435 436 437 438 440 441 442 444 445 448 450 451 452 455 456 459 460 462 464 465 468 469 470 472 473 474 475 476 480 481 483 484 486 488 490 492 493 494 495 496 497 498 500 504 505 506 508 510 511 513 515 517 518 520 522 524 525 527 528 530 532 533 534 535 536 539 540 544 545 546 548 549 550 551 552 553 555 558 559 560 561 564 567 568 570 572 574 575 576 580 581 583 584 585 588 589 590 592 594 595 598 600 602 603 605 608 609 611 612 615 616 618 620 621 623 624 627 629 630 632 635 636 637 638 639 640 642 644 645 646 648 649 650 651 656 657 658 660 663 664 665 666 667 670 671 672 675 676 678 679 680 682 684 685 688 689 690 693 696 697 700 702 703 704 705 707 708 710 713 714 715 720 721 725 726 728 730 731 732 735 736 738 740 741 742 744 748 749 750 752 754 756 759 760 762 765 767 768 770 774 775 776 777 779 780 781 782 783 784 786 790 791 792 793 795 798 799 800 801 803 804 805 806 808 810 812 814 816 817 819 820 825 826 828 830 832 833 836 837 840 845 846 847 848 850 851 852 854 855 858 860 861 864 868 869 870 871 872 873 874 875 876 880 882 884 885 888 890 891 893 896 897 899 900 901 902 903 904 909 910 912 913 915 917 918 920 924 925 927 928 930 931 935 936 938 940 943 944 945 946 948 949 950 952 954 957 960 962"
458,963,>= 45,"103 107 113 127 131 137 142 148 169 177 178 183 184 186 192 204 206 210 215 216 221 222 224 225 230 236 238 240 243 244 246 247 248 249 252 253 254 255 256 258 259 260 261 264 265 266 267 268 270 272 273 274 275 276 279 280 282 284 285 286 287 288 291 294 295 296 297 299 300 301 303 304 306 308 310 312 315 320 322 323 324 325 327 328 329 330 333 335 336 338 339 340 341 342 344 345 348 350 351 352 355 357 360 364 366 368 370 371 374 375 377 378 380 385 387 388 390 391 392 395 396 399 400 402 403 404 406 407 408 410 411 412 413 414 415 416 418 420 423 424 425 426 427 428 429 430 432 434 435 436 437 438 440 441 442 444 445 448 450 451 452 455 456 459 460 462 464 465 468 469 470 472 473 474 475 476 480 481 483 484 486 488 490 492 493 494 495 496 497 498 500 504 505 506 508 510 511 513 515 517 518 520 522 524 525 527 528 530 532 533 534 535 536 539 540 544 545 546 548 549 550 551 552 553 555 558 559 560 561 564 567 568 570 572 574 575 576 580 581 583 584 585 588 589 590 592 594 595 598 600 602 603 605 608 609 611 612 615 616 618 620 621 623 624 627 629 630 635 636 637 638 639 640 642 644 645 646 648 649 650 651 656 657 658 660 663 664 665 666 667 670 671 672 675 676 678 679 680 682 684 685 688 689 690 693 696 697 700 702 703 704 705 707 708 710 711 713 714 715 720 721 725 726 728 730 731 732 735 736 738 740 741 742 744 748 749 750 752 754 756 759 760 762 765 767 768 770 774 775 776 777 779 780 781 782 783 784 786 790 791 792 793 795 798 799 800 801 803 804 805 806 808 810 812 814 816 817 819 820 825 826 828 830 832 833 836 837 840 845 846 847 848 850 851 852 854 855 856 858 860 861 864 868 869 870 871 872 873 874 875 876 880 882 884 885 888 890 891 893 896 897 899 900 901 902 903 904 909 910 912 913 915 917 918 920 924 925 927 928 930 931 935 936 938 940 943 944 945 946 948 949 950 952 954 957 960 962 963"
459,968,>= 1,"71 103 113 127 131 137 148 177 178 183 186 192 204 206 209 213 214 215 216 221 222 224 225 228 230 231 236 238 240 243 244 246 247 248 249 252 254 255 256 258 259 260 261 264 265 267 268 270 272 273 274 275 276 279 280 282 284 285 286 287 288 291 294 295 296 297 300 301 303 304 306 308 310 312 315 320 321 322 323 324 325 327 328 329 330 333 335 336 338 339 340 341 342 344 345 348 350 351 352 355 357 360 363 364 366 368 370 371 374 375 377 378 380 385 387 388 390 391 392 395 396 399 400 402 403 404 406 407 408 410 411 412 413 414 415 416 418 420 423 424 425 426 427 428 429 430 432 434 435 436 437 438 440 441 442 444 445 448 450 451 452 455 456 459 460 462 464 465 468 469 470 472 473 474 475 476 480 481 483 484 486 488 490 492 493 494 495 496 497 498 500 504 505 506 507 508 510 511 513 515 517 518 520 522 524 525 527 528 530 532 533 534 536 539 540 544 545 546 548 549 550 551 552 553 555 558 559 560 561 564 567 568 570 572 574 575 576 580 581 583 584 585 588 589 590 592 594 595 598 600 602 603 605 608 609 611 612 615 616 618 620 621 623 624 627 629 630 635 636 637 638 639 640 642 644 645 646 648 649 650 651 656 657 658 660 663 664 665 666 667 670 671 672 675 676 678 679 680 682 684 685 688 689 690 693 696 697 700 702 703 704 705 707 708 710 711 713 714 715 720 721 725 726 728 730 731 732 735 736 738 740 741 742 744 748 750 752 754 756 759 760 762 765 767 768 770 774 775 776 777 779 780 781 782 783 784 786 790 791 792 793 795 798 799 800 801 803 804 805 806 808 810 812 814 816 817 819 820 825 826 828 830 832 833 836 837 840 846 847 848 850 851 852 854 855 856 858 860 861 864 868 869 870 871 872 873 874 875 876 880 882 884 885 888 890 891 893 896 897 899 900 901 902 903 904 909 910 912 913 915 917 918 920 923 924 925 927 928 930 931 935 936 938 940 943 944 945 946 948 949 950 952 954 957 960 962 963 966 968"
460,968,10,"103 113 127 131 137 148 158 159 178 183 186 192 204 206 212 213 214 215 216 220 221 222 224 225 230 231 237 238 240 243 244 246 247 248 249 252 254 255 256 258 259 260 261 264 265 266 267 268 270 272 273 274 275 276 279 280 282 284 285 286 287 288 291 294 295 296 297 300 301 303 304 306 308 310 312 315 316 318 320 321 322 323 324 325 327 328 329 330 333 335 336 338 339 340 341 342 344 345 348 350 351 352 354 357 360 363 364 366 368 370 371 374 375 377 378 380 385 387 388 390 391 392 395 396 399 400 402 403 404 406 407 408 410 411 412 414 415 416 418 420 423 425 426 427 428 429 430 432 434 435 436 437 438 440 441 442 444 445 448 450 451 452 455 456 459 460 462 464 465 468 469 470 472 473 474 475 476 477 480 481 483 484 486 488 490 492 493 494 495 496 497 498 500 504 505 506 507 508 510 511 513 515 517 518 520 522 524 525 527 528 530 531 532 533 534 536 539 540 544 545 546 548 549 550 551 552 553 555 558 559 560 561 564 567 568 570 572 574 575 576 580 581 583 584 585 588 589 590 592 594 595 598 600 602 603 605 608 609 611 612 615 616 618 620 621 623 624 627 629 630 632 635 636 637 638 639 640 642 644 645 646 648 649 650 651 656 657 658 660 663 664 665 666 667 670 671 672 675 676 678 679 680 682 684 685 688 689 690 693 696 697 700 702 703 704 705 707 708 710 713 714 715 720 721 725 726 728 730 731 732 735 736 738 740 741 742 744 748 750 752 754 756 759 760 762 765 767 768 770 774 775 776 777 779 780 782 783 784 786 790 791 792 793 795 798 799 800 801 803 804 805 806 808 810 812 814 816 817 819 820 825 826 828 830 832 833 836 837 840 846 847 848 850 851 852 854 855 856 858 860 861 864 868 869 870 871 872 873 874 875 876 880 882 884 888 890 891 893 896 897 899 900 901 902 903 904 909 910 912 913 915 917 918 920 923 924 925 927 928 930 931 935 936 938 940 943 944 945 946 948 949 950 952 954 957 960 962 963 966 968"
461,972,>= 1,"103 107 113 118 127 131 137 148 155 177 178 183 186 187 192 204 206 207 213 215 220 221 222 224 225 231 232 234 238 240 244 246 248 249 252 253 254 255 256 258 259 260 264 265 266 267 268 270 272 274 275 280 282 284 285 286 287 288 290 291 294 296 297 299 300 301 303 304 306 308 310 312 315 319 320 322 323 325 327 328 329 330 333 335 336 338 339 340 341 342 344 345 348 350 351 352 354 357 360 363 364 366 368 370 371 372 374 375 378 380 385 387 388 390 391 392 395 396 399 400 402 403 404 405 406 407 408 410 411 412 413 414 415 416 418 420 423 424 425 426 427 428 429 430 432 434 435 436 437 438 440 441 442 444 445 448 450 451 452 455 456 459 460 462 464 465 468 469 470 472 473 474 475 476 480 481 483 484 486 488 490 492 493 494 495 496 497 498 500 504 505 506 507 508 510 511 513 515 517 518 520 522 524 525 527 528 530 531 532 533 534 535 536 539 540 544 545 546 548 549 550 551 552 553 555 558 559 560 561 564 567 568 570 572 574 575 576 580 581 583 584 585 588 589 590 592 594 595 598 600 602 603 605 608 609 611 612 615 616 618 620 621 623 624 627 629 630 635 636 637 638 639 640 642 644 645 646 648 649 650 651 656 657 658 660 663 664 665 666 667 670 671 672 675 676 678 679 680 682 684 685 688 689 690 693 696 697 700 702 703 704 705 707 708 710 711 713 714 715 720 721 725 726 728 730 731 732 735 736 738 740 741 742 744 748 749 750 752 754 756 759 760 762 765 767 768 770 774 775 776 777 779 780 782 783 784 786 790 791 792 793 795 798 799 800 801 803 804 805 806 808 810 812 814 816 817 819 820 825 826 828 830 832 833 836 837 840 846 847 848 850 851 852 854 855 856 858 860 861 864 868 869 870 871 872 873 874 875 876 880 882 884 885 888 890 891 893 896 897 899 900 901 902 903 904 909 910 912 913 915 917 918 920 923 924 925 927 928 930 931 935 936 938 940 943 944 945 946 948 949 950 952 954 957 960 962 963 966 968 969 972"
462,975,>= 34,"103 107 113 127 131 137 148 158 159 178 183 186 187 192 204 206 207 212 213 215 220 221 222 224 231 234 237 238 240 244 246 248 249 252 253 254 255 256 258 259 260 261 264 265 266 267 268 270 272 274 275 279 280 282 284 285 286 287 288 291 294 295 296 297 299 300 301 303 304 306 308 310 312 315 316 318 320 322 323 325 327 328 329 330 333 335 336 338 339 340 341 342 344 345 348 350 351 352 354 357 360 363 364 366 368 370 371 374 375 377 378 380 385 387 388 390 391 392 395 396 399 400 402 403 404 405 406 407 408 410 411 412 413 414 415 416 418 420 423 425 426 427 428 429 430 432 434 435 436 437 438 440 441 442 444 445 448 450 451 452 455 456 459 460 462 464 465 468 469 470 473 474 475 476 477 480 481 483 484 486 488 490 492 493 494 495 496 497 498 500 504 505 506 507 508 510 511 513 515 517 518 520 522 524 525 527 528 530 531 532 533 534 535 536 539 540 544 545 546 548 549 550 551 552 553 555 558 559 560 561 564 567 568 570 572 574 575 576 580 581 583 584 585 588 589 590 592 594 595 598 600 602 603 605 608 609 611 612 615 616 618 620 621 623 624 627 629 630 632 635 636 637 638 639 640 642 644 645 646 648 650 651 656 657 658 660 663 664 665 666 667 670 671 672 675 676 678 679 680 682 684 685 688 689 690 693 696 697 700 702 703 704 705 707 708 710 713 714 715 720 721 725 726 728 730 731 732 735 736 738 740 741 742 744 748 749 750 752 754 756 759 760 762 765 767 768 770 774 775 776 777 779 780 782 783 784 786 790 791 792 793 795 798 799 800 801 803 804 805 806 808 810 812 814 816 817 819 820 825 826 828 830 832 833 836 837 840 846 847 848 850 851 852 854 855 856 858 860 861 864 868 869 870 871 872 873 874 875 876 880 882 884 885 888 890 891 893 896 897 899 900 901 902 903 904 909 910 912 913 915 917 918 920 923 924 925 927 928 930 931 935 936 938 940 943 944 945 946 948 949 950 952 954 957 960 962 963 966 968 969 972 975"
463,976,>= 22,"103 107 113 127 131 137 148 158 177 178 183 186 187 192 204 206 207 208 213 215 220 221 222 224 231 232 234 236 237 238 240 246 248 249 252 253 254 255 256 258 259 260 264 265 266 267 268 270 272 274 275 279 280 282 284 285 286 287 288 290 291 294 295 296 297 299 300 301 303 304 306 308 310 312 315 316 319 320 322 323 325 327 328 329 330 333 335 336 338 339 340 341 342 344 345 348 350 351 352 357 360 363 364 368 370 371 374 375 378 380 385 387 388 390 391 392 395 396 399 400 402 403 404 405 406 407 408 410 411 412 413 414 415 416 418 420 423 424 425 426 427 428 429 430 432 434 435 436 437 438 440 441 442 444 445 448 450 451 452 455 456 459 460 462 464 465 468 469 470 472 473 474 475 476 480 481 483 484 486 488 490 492 493 494 495 496 497 498 500 504 505 506 507 508 510 511 513 515 517 518 520 522 524 525 527 528 530 532 533 534 535 536 539 540 544 545 546 548 549 550 551 552 553 555 558 559 560 561 564 567 568 570 572 574 575 576 580 581 583 584 585 588 589 590 592 594 595 598 600 602 603 605 608 609 610 611 612 615 616 618 620 621 623 624 627 629 630 632 635 636 637 638 639 640 642 644 645 646 648 649 650 651 656 657 658 660 663 664 665 666 667 670 671 672 675 676 678 679 680 682 684 685 688 689 690 693 696 697 700 702 703 704 705 707 708 710 713 714 715 720 721 725 726 728 730 731 732 735 736 738 740 741 742 744 748 749 750 752 754 756 759 760 762 765 767 768 770 774 775 776 777 779 780 782 783 784 786 790 791 792 793 795 798 799 800 801 803 804 805 806 808 810 812 814 816 817 819 820 825 826 828 830 832 833 836 837 840 846 847 848 850 851 852 854 855 856 858 860 861 864 868 869 870 871 872 873 874 875 876 880 882 884 885 888 890 891 893 896 897 899 900 901 902 903 904 909 910 912 913 915 917 918 920 923 924 925 927 928 930 931 935 936 938 940 943 944 945 946 948 949 950 952 954 957 960 962 963 966 968 969 972 975 976"
464,979,>= 17,"103 107 113 127 131 137 145 148 158 159 177 178 183 186 192 203 204 206 207 212 213 215 220 222 224 236 237 238 240 246 248 249 252 253 254 255 256 258 259 260 264 265 266 268 270 273 274 275 279 280 282 284 285 286 287 288 290 291 294 295 296 297 299 300 301 303 304 306 308 310 312 315 316 318 319 320 322 323 325 327 328 329 330 333 335 336 338 339 340 341 342 344 345 348 350 351 352 356 357 360 363 364 368 370 371 374 375 377 378 380 385 387 388 390 391 392 395 396 399 400 402 403 404 405 406 407 408 410 411 412 413 414 415 416 418 420 423 425 426 427 428 429 430 432 434 435 436 437 438 440 441 442 444 448 450 451 452 455 456 459 460 462 464 465 468 469 470 472 473 474 475 476 477 480 481 483 484 486 488 490 492 493 494 495 496 497 498 500 504 505 506 507 508 510 511 513 515 517 518 520 522 524 525 527 528 530 532 533 534 535 536 539 540 544 545 546 548 549 550 551 552 553 555 558 559 560 561 564 567 568 570 572 574 575 576 580 581 583 584 585 588 589 590 592 594 595 598 600 602 603 605 608 609 610 611 612 615 616 618 620 621 623 624 627 629 630 632 635 636 637 638 639 640 642 644 645 646 648 649 650 651 656 657 658 660 663 664 665 666 667 670 671 672 675 676 678 679 680 682 684 685 688 689 690 693 696 697 700 702 703 704 705 707 708 710 712 713 714 715 720 721 725 726 728 730 731 732 735 736 738 740 741 742 744 748 749 750 752 754 756 759 760 762 765 767 768 770 774 775 776 777 779 780 782 783 784 786 790 791 792 793 795 798 799 800 801 803 804 805 806 808 810 812 814 816 817 819 820 825 826 828 830 832 833 836 837 840 846 847 848 850 851 852 854 855 856 858 860 861 864 868 869 870 871 872 873 874 875 876 880 882 884 885 888 890 891 893 896 897 899 900 901 902 903 904 909 910 912 913 915 917 918 920 923 924 925 927 928 930 931 935 936 938 940 943 944 945 946 948 949 950 952 954 957 960 962 963 966 968 969 972 975 976 979"
465,984,>= 1,"103 107 109 113 116 118 127 131 137 148 177 178 183 186 192 203 204 205 206 207 213 215 218 220 222 224 238 240 246 248 249 252 253 254 255 256 258 259 260 261 264 265 266 268 270 273 274 275 279 280 282 284 285 286 287 288 290 291 296 297 299 300 301 303 304 306 308 310 312 315 319 320 322 323 325 327 329 330 333 335 336 338 339 340 341 342 344 345 348 350 351 352 354 356 357 360 363 364 368 369 370 371 374 375 377 378 380 385 387 388 390 391 392 395 396 399 400 402 403 404 405 406 407 408 410 411 412 413 414 415 416 418 420 423 424 425 426 427 428 429 430 432 434 435 437 438 440 441 442 444 448 450 451 452 455 456 459 460 462 464 465 468 469 470 472 473 474 475 476 480 481 483 484 486 488 490 492 493 494 495 496 497 498 500 504 505 506 507 508 510 511 513 515 517 518 520 522 524 525 527 528 530 531 532 533 534 535 536 539 540 544 546 548 549 550 551 552 553 555 558 559 560 561 564 567 568 570 572 574 575 576 580 581 583 584 585 588 589 590 592 594 595 598 600 602 603 605 608 609 610 611 612 615 616 618 620 621 623 624 627 629 630 635 636 637 638 639 640 642 644 645 646 648 649 650 651 654 656 657 658 660 663 664 665 666 667 670 671 672 675 676 678 679 680 682 684 685 688 689 690 693 696 697 700 702 703 704 705 707 708 710 711 712 713 714 715 720 721 725 726 728 730 731 732 735 736 738 740 741 742 744 748 749 750 752 754 756 759 760 762 763 765 767 768 770 774 775 776 777 779 780 782 783 784 786 790 791 792 793 795 798 799 800 801 803 804 805 806 808 810 812 814 816 817 819 820 825 826 828 830 832 833 836 837 840 846 847 848 850 851 852 854 855 856 858 860 861 864 868 869 870 871 872 873 874 875 876 880 882 884 885 888 890 891 893 896 897 899 900 901 902 903 904 909 910 912 913 915 917 918 920 923 924 925 927 928 930 931 935 936 938 940 943 944 945 946 948 949 950 952 954 957 960 962 963 966 968 969 972 975 976 979 980 981 984"
466,986,>= 2,"97 103 107 109 113 127 131 137 148 158 177 178 183 186 192 194 203 205 206 207 213 215 218 220 222 224 236 237 246 248 249 252 253 254 255 256 258 259 260 264 265 266 268 270 272 273 274 275 279 280 282 284 285 286 287 288 290 291 295 296 297 299 300 303 304 306 308 310 312 315 316 319 320 322 323 325 327 329 330 333 335 336 338 339 340 341 342 344 345 348 350 351 352 356 357 360 363 364 368 369 370 371 374 375 377 378 380 385 390 391 392 395 396 399 400 402 403 404 405 406 407 408 410 411 412 413 414 415 416 418 420 423 424 425 426 427 428 429 430 432 434 435 437 438 440 441 442 444 448 450 451 452 455 456 459 460 462 464 465 468 469 470 472 473 474 475 476 480 481 483 484 485 486 488 490 492 493 494 495 496 497 498 500 504 505 506 507 508 510 511 513 515 516 517 518 520 522 524 525 527 528 530 532 533 534 535 536 539 540 544 546 548 549 550 551 552 553 555 558 559 560 561 564 567 568 570 572 574 575 576 580 581 582 583 584 585 588 589 590 592 594 595 598 600 602 603 605 608 609 610 611 612 615 616 618 620 621 623 624 627 629 630 632 635 636 637 638 639 640 642 644 645 646 648 649 650 651 654 656 657 658 660 663 664 665 666 667 670 671 672 675 676 678 679 680 682 684 685 688 689 690 693 696 697 700 702 703 704 705 707 708 710 712 713 714 715 720 721 725 726 728 730 731 732 735 736 738 740 741 742 744 748 749 750 752 754 756 759 760 762 763 765 767 768 770 774 775 776 777 779 780 782 783 784 786 790 791 792 793 795 798 799 800 801 803 804 805 806 808 810 812 814 816 817 819 820 825 826 828 830 832 833 836 837 840 846 847 848 850 851 852 854 855 856 858 860 861 864 868 869 870 871 872 873 874 875 876 880 882 884 885 888 890 891 893 896 897 899 900 901 902 903 904 909 910 912 913 915 917 918 920 923 924 925 927 928 930 931 935 936 938 940 943 944 945 946 948 949 950 952 954 957 960 962 963 966 968 969 972 975 976 979 980 981 984 986"
467,987,>= 19,"103 107 109 113 118 127 131 137 147 148 158 177 178 183 188 192 203 205 206 207 213 215 218 222 224 231 237 245 246 249 252 253 254 255 256 258 259 260 264 265 266 268 270 272 273 274 275 279 280 282 284 285 286 287 288 290 291 294 296 297 299 300 301 303 304 306 308 312 315 316 319 320 322 323 325 327 330 333 335 336 338 339 340 342 344 345 348 350 351 352 354 356 357 360 363 364 368 369 370 371 372 374 375 376 377 378 380 385 387 388 390 391 392 395 396 399 400 402 403 404 405 406 407 408 410 411 412 413 414 415 416 418 420 423 424 425 426 427 428 429 430 432 434 435 437 438 440 441 442 444 448 450 451 452 455 456 459 460 462 464 465 468 469 470 472 473 474 475 476 480 481 483 484 486 488 490 492 493 494 495 496 497 498 500 504 505 506 507 508 510 511 513 515 517 518 520 522 524 525 527 528 530 531 532 533 534 535 536 539 540 544 546 548 549 550 551 552 553 555 558 559 560 561 564 567 568 570 572 574 575 576 580 581 583 584 585 588 589 590 592 594 595 598 600 602 603 605 608 609 610 611 612 615 616 618 620 621 623 624 627 629 630 632 635 636 637 638 639 640 642 644 645 646 648 649 650 651 654 656 657 658 660 663 664 665 666 667 670 671 672 675 676 678 679 680 682 684 685 688 689 690 693 696 697 700 702 703 704 705 707 708 710 712 713 714 715 720 721 725 726 728 730 731 732 735 736 738 740 741 742 744 748 749 750 752 754 756 759 760 762 763 765 767 768 770 774 775 776 777 779 780 782 783 784 786 790 791 792 793 795 798 799 800 801 803 804 805 806 808 810 812 814 816 817 819 820 825 826 828 830 832 833 836 837 840 846 847 848 850 851 852 854 855 856 858 860 861 864 868 869 870 871 872 873 874 875 876 880 882 884 885 888 890 891 893 896 897 899 900 901 902 903 904 909 910 912 913 915 917 918 920 923 924 925 927 928 930 931 935 936 938 940 943 944 945 946 948 949 950 952 954 957 960 962 963 966 968 969 972 975 976 979 980 981 984 986 987"
468,988,>= 38,"103 107 109 113 127 131 137 147 148 177 178 183 186 188 192 203 205 206 209 213 215 218 222 224 228 230 231 236 245 246 247 248 249 252 254 255 256 258 259 260 264 265 266 268 270 272 273 274 275 276 279 280 282 284 286 287 288 290 291 294 295 296 297 300 301 303 304 306 308 310 312 315 319 320 322 323 325 327 330 333 335 336 338 339 340 341 342 344 345 348 350 351 352 356 357 360 363 364 368 369 370 371 374 375 376 377 378 380 385 387 388 390 391 392 395 396 399 400 402 403 404 405 406 407 408 410 411 412 413 414 415 416 418 420 423 424 425 426 427 428 429 430 432 434 435 437 438 440 441 442 444 448 450 451 452 455 456 459 460 462 464 465 468 469 470 472 473 474 475 476 480 481 483 484 486 488 490 492 493 494 495 496 497 498 500 504 505 506 507 508 510 511 513 515 517 518 520 522 524 525 527 528 530 532 533 534 535 536 539 540 544 546 548 549 550 551 552 553 555 558 559 560 561 564 567 568 570 572 574 575 576 580 581 583 584 585 588 589 590 592 594 595 598 600 602 603 605 608 609 610 611 612 615 616 618 620 621 623 624 627 629 630 635 636 637 638 639 640 642 644 645 646 648 649 650 651 654 656 657 658 660 663 664 665 666 667 670 671 672 675 676 678 679 680 682 684 685 688 689 690 693 696 697 700 702 703 704 705 707 708 710 711 712 713 714 715 720 721 725 726 728 730 731 732 735 736 738 740 741 742 744 748 749 750 752 754 756 759 760 762 763 765 767 768 770 774 775 776 777 779 780 782 783 784 786 790 791 792 793 795 798 799 800 801 803 804 805 806 808 810 812 814 816 817 819 820 825 826 828 830 832 833 836 837 840 846 847 848 850 851 852 854 855 856 858 860 861 864 868 869 870 871 872 873 874 875 876 880 882 884 885 888 890 891 893 896 897 899 900 901 902 903 904 909 910 912 913 915 917 918 920 923 924 925 927 928 930 931 935 936 938 940 943 944 945 946 948 949 950 952 954 957 960 962 963 966 968 969 972 975 976 979 980 981 984 986 987 988"
469,990,>= 23,"97 103 113 127 131 137 148 177 178 183 188 192 194 203 205 206 207 208 209 213 214 217 220 222 224 228 230 231 236 240 246 247 248 249 252 254 255 256 258 259 260 264 265 266 268 270 272 273 274 275 276 279 280 282 284 286 287 288 290 291 295 296 297 299 300 303 304 306 308 310 312 315 319 320 321 322 323 325 327 330 333 335 336 338 339 340 341 342 344 345 348 350 351 352 356 357 360 363 364 368 369 370 371 372 374 375 376 377 378 380 385 387 390 391 392 395 396 399 400 402 403 404 405 406 407 408 410 411 412 413 414 415 416 418 420 423 424 425 426 427 428 429 432 434 435 436 437 438 440 441 442 444 448 450 451 452 455 456 459 460 462 464 465 468 469 470 472 473 474 475 476 480 481 483 484 485 486 488 490 492 493 494 495 496 497 498 500 504 505 506 507 508 510 511 513 515 516 517 518 520 522 524 525 527 528 530 532 533 534 536 539 540 544 545 546 548 549 550 551 552 553 555 558 559 560 561 564 567 568 570 572 574 575 576 580 581 582 583 584 585 588 589 590 592 594 595 598 600 602 603 605 608 609 610 611 612 615 616 618 620 621 623 624 627 629 630 635 636 637 638 639 640 642 644 645 646 648 649 650 651 656 657 658 660 663 664 665 666 667 670 671 672 675 676 678 679 680 682 684 685 688 689 690 693 696 697 700 702 703 704 705 707 708 710 711 712 714 715 720 721 725 726 728 730 731 732 735 736 738 740 741 742 744 748 750 752 754 756 759 760 762 765 767 768 770 774 775 776 777 779 780 782 783 784 786 790 791 792 793 795 798 799 800 801 803 804 805 806 808 810 812 814 816 817 819 820 825 826 828 830 832 833 836 837 840 846 847 848 850 851 852 854 855 856 858 860 861 864 868 869 870 871 872 873 874 875 876 880 882 884 885 888 890 891 893 896 897 899 900 901 902 903 904 909 910 912 913 915 917 918 920 923 924 925 927 928 930 931 935 936 938 940 943 944 945 946 948 949 950 952 954 957 960 962 963 966 968 969 972 975 976 979 980 984 986 987 988 989 990"
470,992,>= 37,"103 107 109 113 118 127 129 131 137 148 158 169 177 178 183 184 188 192 203 205 206 213 217 218 222 231 237 246 248 249 252 253 254 255 256 259 260 264 265 268 270 272 273 274 275 279 280 282 284 285 286 287 288 290 291 296 297 299 300 301 303 304 306 308 312 315 316 319 320 322 323 325 327 330 333 335 336 338 339 340 341 342 344 345 348 350 351 352 354 356 357 360 363 364 368 369 370 371 372 374 375 376 377 378 380 385 387 388 390 391 392 395 396 399 400 402 403 404 405 406 407 408 410 411 412 413 414 415 416 418 420 423 424 425 426 427 428 429 430 432 434 435 437 438 440 441 442 444 448 450 451 452 455 456 459 460 462 464 465 468 469 470 472 473 474 475 476 480 481 483 484 486 488 490 492 493 494 495 496 497 498 500 504 505 506 508 510 511 513 515 516 517 518 520 522 524 525 527 528 530 531 532 533 534 535 536 539 540 544 546 548 549 550 551 552 553 555 558 559 560 561 564 567 568 570 572 574 575 576 580 581 583 584 585 588 589 590 592 594 595 598 600 602 603 605 608 609 610 611 612 615 616 618 620 621 623 624 627 629 630 632 635 636 637 638 639 640 642 644 645 646 648 649 650 651 654 656 657 658 660 663 664 665 666 667 670 671 672 675 676 678 679 680 682 684 685 688 689 690 693 696 697 700 702 703 704 705 707 708 710 712 713 714 715 720 721 725 726 728 730 731 732 735 736 738 740 741 742 744 748 749 750 752 754 756 759 760 762 763 765 767 768 770 774 775 776 777 779 780 782 783 784 786 790 791 792 793 795 798 799 800 801 803 804 805 806 808 810 812 814 816 817 819 820 825 826 828 830 832 833 836 837 840 845 846 847 848 850 851 852 854 855 856 858 860 861 864 868 869 870 871 872 873 874 875 876 880 882 884 885 888 890 891 893 896 897 899 900 901 902 903 904 909 910 912 913 915 917 918 920 923 924 925 927 928 930 931 935 936 938 940 943 944 945 946 948 949 950 952 954 957 960 962 963 966 968 969 972 975 976 979 980 981 984 986 987 988 989 990 992"
471,994,>= 72,"103 107 109 113 127 128 131 137 148 177 178 183 184 188 192 203 205 206 208 209 213 217 218 220 222 224 228 236 246 247 248 249 252 253 254 255 256 258 259 260 264 265 266 268 270 272 273 274 275 279 280 282 284 286 287 288 290 291 295 296 297 299 300 303 304 306 308 312 315 319 320 322 323 325 327 330 333 335 336 338 339 340 341 342 344 345 348 350 351 352 356 357 360 363 364 368 369 370 371 372 374 375 376 377 378 380 384 385 387 388 390 391 392 395 396 399 400 402 403 404 405 406 407 408 410 411 412 413 414 415 416 418 420 423 424 425 426 427 428 429 432 434 435 437 438 440 441 442 444 448 450 451 452 455 456 459 460 462 464 465 468 469 470 472 473 474 475 476 480 481 483 484 486 488 490 492 493 494 495 496 497 498 500 504 505 506 507 508 510 511 513 515 516 517 518 520 522 524 525 527 528 530 532 533 534 535 536 539 540 544 546 548 549 550 551 552 553 555 558 559 560 561 564 567 568 570 572 574 575 576 580 581 583 584 585 588 589 590 592 594 595 598 600 602 603 605 608 609 610 611 612 615 616 618 620 621 623 624 627 629 630 635 636 637 638 640 642 644 645 646 648 649 650 651 654 656 657 658 660 663 664 665 666 667 670 671 672 675 676 678 679 680 682 684 685 688 689 690 693 696 697 700 702 703 704 705 707 708 710 711 712 713 714 715 720 721 725 726 728 730 731 732 735 736 738 740 741 742 744 748 749 750 752 754 756 759 760 762 763 765 767 768 770 774 775 776 777 779 780 781 782 783 784 786 790 791 792 793 795 798 799 800 801 803 804 805 806 808 810 812 814 816 817 819 820 825 826 828 830 832 833 836 837 840 846 847 848 850 851 852 854 855 856 858 860 861 864 868 869 870 871 872 873 874 875 876 880 882 884 885 888 890 891 893 896 897 899 900 901 902 903 904 909 910 912 913 915 917 918 920 923 924 925 927 928 930 931 935 936 938 940 943 944 945 946 948 949 950 952 954 957 960 962 963 966 968 969 972 975 976 979 980 981 984 986 987 988 989 990 992 994"
472,996,>= 433,"103 107 109 113 127 128 131 137 148 177 178 183 184 188 192 203 205 206 208 209 213 217 218 220 222 224 228 236 246 247 248 252 253 254 255 256 258 259 260 264 265 266 268 270 272 273 274 275 279 280 282 284 286 287 288 290 291 295 296 297 299 300 303 304 306 308 312 315 319 320 322 323 325 327 330 332 333 335 336 338 339 340 341 342 344 345 348 350 351 352 356 357 360 363 364 368 369 370 371 372 374 375 376 377 378 380 384 385 387 388 390 391 392 395 396 399 400 402 403 404 405 406 407 408 410 411 412 413 414 415 416 418 420 423 424 425 426 427 428 429 432 434 435 437 438 440 441 442 444 448 450 451 452 455 456 459 460 462 464 465 468 469 470 472 473 474 475 476 480 481 483 484 486 488 490 492 493 494 495 496 497 498 500 504 505 506 507 508 510 511 513 515 516 517 518 520 522 524 525 527 528 530 532 533 534 535 536 539 540 544 546 548 549 550 551 552 553 555 558 559 560 561 564 567 568 570 572 574 575 576 580 581 583 584 585 588 589 590 592 594 595 598 600 602 603 605 608 609 610 611 612 615 616 618 620 621 623 624 627 629 630 635 636 637 638 640 642 644 645 646 648 649 650 651 654 656 657 658 660 663 664 665 666 667 670 671 672 675 676 678 679 680 682 684 685 688 689 690 693 696 697 700 702 703 704 705 707 708 710 711 712 713 714 715 720 721 725 726 728 730 731 732 735 736 738 740 741 742 744 748 749 750 752 754 756 759 760 762 763 765 767 768 770 774 775 776 777 779 780 781 782 783 784 786 790 791 792 793 795 798 799 800 801 803 804 805 806 808 810 812 814 816 817 819 820 825 826 828 830 832 833 836 837 840 846 847 848 850 851 852 854 855 856 858 860 861 864 868 869 870 871 872 873 874 875 876 880 882 884 885 888 890 891 893 896 897 899 900 901 902 903 904 909 910 912 913 915 917 918 920 923 924 925 927 928 930 931 935 936 938 940 943 944 945 946 948 949 950 952 954 957 960 962 963 966 968 969 972 975 976 979 980 981 984 986 987 988 989 990 992 994 996"
473,999,78,"103 107 109 113 127 131 137 147 177 178 183 184 188 192 203 205 206 208 209 210 213 216 217 218 220 228 236 240 245 246 247 248 252 253 254 255 256 258 259 260 264 265 266 268 270 272 273 274 275 279 280 282 284 286 287 288 290 291 294 295 296 297 299 300 303 304 306 308 312 315 319 320 322 323 325 327 330 332 333 335 336 338 339 340 341 342 344 345 348 350 351 352 356 357 360 363 364 368 369 371 372 374 375 376 377 378 380 385 387 388 390 391 392 395 396 399 400 402 403 404 405 406 407 408 410 411 412 413 414 415 416 418 420 423 424 425 426 427 428 429 432 434 435 437 438 440 441 442 444 448 450 451 452 455 456 459 460 462 464 465 468 469 470 472 473 474 475 476 480 481 483 484 486 488 490 492 493 494 495 496 497 498 500 504 505 506 507 508 510 511 513 515 516 517 518 520 522 524 525 527 528 530 532 533 534 535 536 539 540 544 546 548 549 550 551 552 553 555 558 559 560 561 564 567 568 570 572 574 575 576 580 581 583 584 585 588 589 590 592 594 595 598 600 602 603 605 608 609 610 611 612 615 616 618 620 621 623 624 627 629 630 635 636 637 638 640 642 644 645 646 648 649 650 651 654 656 657 658 660 663 664 665 666 667 670 671 672 675 676 678 679 680 682 684 685 688 689 690 693 696 697 700 702 703 704 705 707 708 710 711 712 713 714 715 720 721 725 726 728 730 731 732 735 736 738 740 741 742 744 748 749 750 752 754 756 759 760 762 763 765 767 768 770 774 775 776 777 779 780 781 782 783 784 786 790 791 792 793 795 798 799 800 801 803 804 805 806 808 810 812 814 816 817 819 820 825 826 828 830 832 833 836 837 840 846 847 848 850 851 852 854 855 856 858 860 861 864 868 869 870 871 872 873 874 875 876 880 882 884 885 888 890 891 893 896 897 899 900 901 902 903 904 909 910 912 913 915 917 918 920 923 924 925 927 928 930 931 935 936 938 940 943 944 945 946 948 949 950 952 954 957 960 962 963 966 968 969 972 975 976 979 980 981 984 986 987 988 989 990 992 994 996 999"
