3 6 count=1 nodes=3 memo=2 lexmin=2,3,6
4 12 count=1 nodes=7 memo=4 lexmin=2,4,6,12
5 15 count=1 nodes=10 memo=6 lexmin=2,4,10,12,15
6 15 count=1 nodes=9 memo=5 lexmin=3,4,6,10,12,15
7 18 count=1 nodes=11 memo=6 lexmin=3,4,9,10,12,15,18
8 20 count=2 nodes=18 memo=10 lexmin=3,5,9,10,12,15,18,20
9 24 count=2 nodes=24 memo=12 lexmin=4,5,8,9,10,15,18,20,24
10 24 count=1 nodes=13 memo=7 lexmin=5,6,8,9,10,12,15,18,20,24
11 28 count=3 nodes=50 memo=27 lexmin=5,6,8,9,10,15,18,20,21,24,28
12 30 count=2 nodes=45 memo=24 lexmin=4,8,9,10,12,15,18,20,21,24,28,30
13 33 count=11 nodes=141 memo=76 lexmin=4,8,9,11,12,18,20,21,22,24,28,30,33
14 33 count=2 nodes=44 memo=24 lexmin=6,8,9,10,11,15,18,20,21,22,24,28,30,33
15 35 count=1 nodes=25 memo=14 lexmin=6,8,9,11,14,15,18,20,21,22,24,28,30,33,35
16 36 count=1 nodes=25 memo=14 lexmin=6,8,11,12,14,15,18,20,21,22,24,28,30,33,35,36
17 40 count=1 nodes=24 memo=13 lexmin=6,10,11,12,14,15,18,20,21,22,24,28,30,33,35,36,40
18 42 count=1 nodes=22 memo=12 lexmin=7,10,11,12,14,15,18,20,21,22,24,28,30,33,35,36,40,42
19 48 count=5 nodes=89 memo=48 lexmin=7,9,11,12,14,16,18,21,22,24,28,30,33,35,36,40,42,45,48
20 52 count=58 nodes=621 memo=331 lexmin=5,9,11,16,18,20,21,22,24,26,30,33,35,36,39,40,42,45,48,52
21 52 count=8 nodes=165 memo=89 lexmin=7,9,11,14,16,18,21,22,24,26,28,30,33,35,36,39,40,42,45,48,52
22 54 count=11 nodes=256 memo=139 lexmin=7,9,11,14,16,21,22,24,26,27,28,30,33,35,36,39,40,42,45,48,52,54
23 55 count=37 nodes=562 memo=297 lexmin=6,9,12,16,20,21,22,24,26,27,30,33,35,36,39,40,42,44,45,48,52,54,55
24 55 count=5 nodes=131 memo=72 lexmin=7,9,14,16,20,21,22,24,26,27,28,30,33,35,36,39,40,42,44,45,48,52,54,55
25 56 count=5 nodes=142 memo=77 lexmin=8,9,14,16,20,21,22,24,26,27,28,30,33,35,36,39,40,42,44,45,48,52,54,55,56
26 60 count=2 nodes=90 memo=49 lexmin=8,14,15,16,18,20,21,22,24,26,27,28,30,33,35,39,40,42,44,45,48,52,54,55,56,60
27 63 count=2 nodes=64 memo=35 lexmin=8,12,15,16,20,21,22,24,26,27,28,30,33,35,36,39,40,42,44,45,48,52,54,55,56,60,63
28 72 count=57 nodes=924 memo=482 lexmin=9,10,11,16,20,22,24,26,27,28,30,33,35,36,39,40,42,45,48,52,54,55,56,60,63,66,70,72
29 75 count=258 nodes=2356 memo=1224 lexmin=6,13,16,18,20,22,24,26,27,28,30,33,35,40,42,44,45,48,50,52,54,55,56,60,63,65,70,72,75
30 75 count=17 nodes=521 memo=272 lexmin=9,11,13,16,20,22,24,26,27,28,30,33,35,36,40,42,45,48,50,52,54,55,56,60,63,65,66,70,72,75
31 76 count=202 nodes=2134 memo=1105 lexmin=8,13,16,18,19,20,22,26,27,28,30,33,35,40,42,44,45,48,50,52,54,55,56,57,60,63,65,70,72,75,76
32 76 count=10 nodes=435 memo=227 lexmin=9,13,16,19,20,22,24,26,27,28,30,33,35,36,40,42,44,45,48,50,52,54,55,56,57,60,63,65,70,72,75,76
33 77 count=21 nodes=547 memo=287 lexmin=9,13,16,19,20,21,24,26,27,28,30,35,36,40,42,44,45,48,50,52,54,55,56,57,60,63,65,66,70,72,75,76,77
34 78 count=10 nodes=350 memo=184 lexmin=9,13,16,19,20,21,24,27,28,30,35,36,39,40,42,44,45,48,50,52,54,55,56,57,60,63,65,66,70,72,75,76,77,78
35 80 count=2 nodes=144 memo=76 lexmin=11,13,15,19,21,22,24,27,28,30,33,35,36,39,40,42,44,48,50,52,54,55,56,57,60,63,65,66,70,72,75,76,77,78,80
36 85 count=88 nodes=1593 memo=821 lexmin=9,13,14,17,19,24,27,30,34,35,36,39,40,42,44,45,48,50,52,54,55,56,57,60,63,65,66,70,72,75,76,77,78,80,84,85
37 85 count=2 nodes=150 memo=78 lexmin=13,14,17,18,19,21,24,27,28,30,34,35,39,40,42,44,45,48,50,52,54,55,56,57,60,63,65,66,70,72,75,76,77,78,80,84,85
38 88 count=3 nodes=246 memo=129 lexmin=13,14,17,18,19,21,27,28,30,33,34,35,39,40,42,44,45,48,50,52,54,55,56,57,60,63,65,66,70,72,75,76,77,78,80,84,85,88
39 90 count=3 nodes=157 memo=83 lexmin=13,14,17,19,20,21,27,28,33,34,35,36,39,40,42,44,45,48,50,52,54,55,56,57,60,63,65,66,70,72,75,76,77,78,80,84,85,88,90
40 95 count=12 nodes=433 memo=226 lexmin=12,13,17,20,21,26,27,30,33,34,35,36,38,40,42,44,45,48,50,52,54,55,56,60,63,65,66,70,72,75,76,77,78,80,84,85,88,90,91,95
41 96 count=50 nodes=949 memo=491 lexmin=10,17,20,21,24,26,27,32,33,34,35,36,38,39,40,42,44,45,48,50,52,54,55,56,60,63,66,70,72,75,76,77,78,80,84,85,88,90,91,95,96
42 96 count=2 nodes=107 memo=59 lexmin=13,17,20,21,24,26,27,30,32,33,34,35,36,38,40,42,44,45,48,50,52,54,55,56,60,63,65,66,70,72,75,76,77,78,80,84,85,88,90,91,95,96
43 100 count=26 nodes=785 memo=409 lexmin=13,17,21,22,24,25,26,27,32,33,34,35,36,38,40,42,44,48,50,52,54,55,56,60,63,65,66,70,72,75,76,77,78,80,84,85,88,90,91,95,96,99,100
44 102 count=29 nodes=806 memo=419 lexmin=13,17,21,22,24,25,26,27,32,33,35,36,38,40,42,44,48,50,51,52,54,55,56,60,63,65,66,70,72,75,76,77,78,80,84,85,88,90,91,95,96,99,100,102
45 104 count=108 nodes=1719 memo=885 lexmin=12,17,21,22,25,26,27,32,33,35,36,38,39,40,42,44,48,50,51,52,54,55,56,60,63,65,66,70,72,75,76,77,78,80,84,85,88,90,91,95,96,99,100,102,104
46 104 count=4 nodes=191 memo=104 lexmin=17,18,21,22,25,26,27,30,32,33,35,38,39,40,42,44,45,48,50,51,52,54,55,56,60,63,65,66,70,72,75,76,77,78,80,84,85,88,90,91,95,96,99,100,102,104
47 108 count=21 nodes=760 memo=397 lexmin=14,17,18,22,25,26,32,33,35,36,38,39,40,42,44,45,48,50,51,52,54,55,56,60,63,65,66,70,72,75,76,77,78,80,84,85,88,90,91,95,96,99,100,102,104,105,108
48 110 count=1 nodes=193 memo=105 lexmin=17,18,20,21,25,26,28,30,32,36,38,39,40,42,44,45,48,50,51,52,54,55,56,60,63,65,66,70,72,75,76,77,78,80,84,85,88,90,91,95,96,99,100,102,104,105,108,110
49 114 count=41 nodes=1874 memo=964 lexmin=15,16,17,18,25,26,32,35,36,39,40,42,44,45,48,50,51,52,54,55,56,57,60,63,65,66,70,72,75,76,77,78,80,84,85,88,90,91,95,96,99,100,102,104,105,108,110,112,114
50 115 count=259 nodes=4617 memo=2353 lexmin=11,17,22,23,25,26,32,33,35,39,40,42,44,45,50,51,52,54,55,56,57,60,63,65,66,69,70,72,75,76,77,78,80,84,85,88,90,91,95,96,99,100,102,104,105,108,110,112,114,115
51 115 count=8 nodes=576 memo=303 lexmin=16,17,18,23,25,26,32,35,36,39,40,42,44,45,48,50,51,52,54,55,56,57,60,63,65,66,69,70,72,75,76,77,78,80,84,85,88,90,91,95,96,99,100,102,104,105,108,110,112,114,115
52 119 count=294 nodes=6838 memo=3462 lexmin=9,16,23,25,28,32,35,36,40,42,44,45,48,50,51,52,54,55,56,57,60,63,65,66,68,69,70,72,75,76,77,78,80,84,85,88,90,91,95,96,99,100,102,104,105,108,110,112,114,115,117,119
53 119 count=7 nodes=877 memo=455 lexmin=16,18,20,23,25,28,30,32,35,40,42,44,45,48,50,51,52,54,55,56,57,60,63,65,66,68,69,70,72,75,76,77,78,80,84,85,88,90,91,95,96,99,100,102,104,105,108,110,112,114,115,117,119
54 120 count=5 nodes=533 memo=279 lexmin=16,18,23,24,25,28,30,32,35,40,42,44,45,48,50,51,52,54,55,56,57,60,63,65,66,68,69,70,72,75,76,77,78,80,84,85,88,90,91,95,96,99,100,102,104,105,108,110,112,114,115,117,119,120
55 126 count=5 nodes=459 memo=242 lexmin=16,18,23,24,25,30,32,35,36,40,42,44,45,48,50,51,52,54,55,56,57,60,63,65,66,68,69,70,72,75,76,77,78,80,84,85,88,90,91,95,96,99,100,102,104,105,108,110,112,114,115,117,119,120,126
56 130 count=7 nodes=634 memo=334 lexmin=16,18,23,24,25,32,35,36,39,40,42,44,45,48,50,51,52,54,55,56,57,60,63,65,66,68,69,70,72,75,76,77,78,80,84,85,88,90,91,95,96,99,100,102,104,105,108,110,112,114,115,117,119,120,126,130
57 132 count=6 nodes=665 memo=352 lexmin=16,22,23,24,25,32,33,35,39,40,42,44,45,48,50,51,52,54,55,56,57,60,63,65,66,68,69,70,72,75,76,77,78,80,84,85,88,90,91,95,96,99,100,102,104,105,108,110,112,114,115,117,119,120,126,130,132
58 135 count=1 nodes=544 memo=286 lexmin=22,23,24,25,27,30,32,33,35,36,39,40,42,44,50,51,52,54,55,56,57,60,63,65,66,68,69,70,72,75,76,77,78,80,84,85,88,90,91,95,96,99,100,102,104,105,108,110,112,114,115,117,119,120,126,130,132,135
59 138 count=1 nodes=527 memo=279 lexmin=22,23,25,27,30,32,33,34,35,36,39,40,42,44,46,50,51,52,54,55,56,57,60,63,65,66,68,70,72,75,76,77,78,80,84,88,90,91,92,95,96,99,100,102,104,105,108,110,112,114,117,119,120,126,130,132,135,136,138
60 143 count=30 nodes=3634 memo=1869 lexmin=16,23,25,26,32,33,34,35,36,39,40,44,45,46,48,50,51,52,55,56,57,60,63,65,66,68,70,72,75,76,77,78,80,84,88,90,91,92,95,96,99,100,102,104,105,108,110,112,114,117,119,120,126,130,132,135,136,138,140,143
61 144 count=88 nodes=2673 memo=1374 lexmin=18,23,25,26,32,33,34,35,36,39,40,44,45,46,48,50,51,52,55,56,57,60,63,65,66,68,70,72,75,76,77,78,80,84,88,90,91,92,95,96,99,100,102,104,105,108,110,112,114,117,119,120,126,130,132,135,136,138,140,143,144
62 144 count=1 nodes=189 memo=104 lexmin=23,25,26,27,32,33,34,35,36,39,40,44,45,46,48,50,51,52,54,55,56,57,60,63,65,66,68,70,72,75,76,77,78,80,84,88,90,91,92,95,96,99,100,102,104,105,108,110,112,114,117,119,120,126,130,132,135,136,138,140,143,144
63 145 count=5 nodes=861 memo=450 lexmin=23,25,26,27,29,32,33,34,35,39,40,44,46,48,50,51,52,54,55,56,57,60,63,65,66,68,70,72,75,76,77,78,80,84,88,90,91,92,95,96,99,100,102,104,105,108,110,112,114,116,117,119,120,126,130,132,135,136,138,140,143,144,145
64 150 count=6 nodes=502 memo=265 lexmin=23,26,27,29,30,32,33,34,35,39,40,44,46,48,50,51,52,54,55,56,57,60,63,65,66,68,70,72,75,76,77,78,80,84,88,90,91,92,95,96,99,100,102,104,105,108,110,112,114,116,117,119,120,126,130,132,135,136,138,140,143,144,145,150
65 152 count=2 nodes=353 memo=189 lexmin=23,26,27,29,30,32,33,34,36,39,44,45,46,48,50,51,52,54,55,56,57,60,63,65,66,68,70,72,75,76,77,78,80,84,88,90,91,92,96,99,100,102,104,105,108,110,112,114,116,117,119,120,126,130,132,133,135,136,138,140,143,144,145,150,152
66 153 count=8 nodes=854 memo=447 lexmin=21,23,26,29,32,33,35,36,39,42,44,45,46,48,50,51,52,55,56,57,60,63,65,66,68,70,72,75,76,77,78,80,84,85,88,90,91,92,96,99,100,102,104,105,108,110,112,114,116,117,119,120,126,130,132,133,135,136,138,140,143,144,145,150,152,153
67 154 count=3 nodes=311 memo=167 lexmin=23,24,26,27,29,32,36,39,40,42,44,46,48,50,51,52,54,55,56,57,60,63,65,66,68,70,72,75,76,77,78,80,84,85,88,90,91,92,96,99,100,102,104,105,108,110,112,114,116,117,119,120,126,130,132,133,135,136,138,140,143,144,145,150,152,153,154
68 155 count=228 nodes=5574 memo=2852 lexmin=15,23,26,29,32,36,39,42,44,45,46,48,50,51,52,55,56,57,60,62,63,65,66,68,70,72,75,76,77,78,80,84,85,88,90,91,92,93,96,99,100,102,104,105,108,110,112,114,116,117,119,120,126,130,132,133,135,136,138,140,143,144,145,150,152,153,154,155
69 155 count=3 nodes=359 memo=192 lexmin=23,24,26,29,32,36,39,40,42,44,45,46,48,50,51,52,55,56,57,60,62,63,65,66,68,70,72,75,76,77,78,80,84,85,88,90,91,92,93,96,99,100,102,104,105,108,110,112,114,116,117,119,120,126,130,132,133,135,136,138,140,143,144,145,150,152,153,154,155
70 160 count=2 nodes=702 memo=361 lexmin=23,24,27,29,30,36,39,40,42,44,46,48,50,51,52,54,55,56,57,60,62,63,65,66,68,70,72,75,76,77,78,80,84,85,88,90,91,92,93,96,99,100,102,105,108,110,112,114,116,117,119,120,126,130,132,133,135,136,138,140,143,144,145,150,152,153,154,155,156,160
71 161 count=237 nodes=7827 memo=3974 lexmin=13,26,27,29,39,40,42,44,45,46,48,50,51,52,54,55,56,57,60,62,65,66,68,70,72,75,76,77,78,80,84,85,88,90,91,92,93,96,99,100,102,104,105,108,110,112,114,115,116,117,119,120,126,130,132,133,135,136,138,140,143,144,145,150,152,153,154,155,156,160,161
72 161 count=2 nodes=507 memo=262 lexmin=24,27,29,30,35,36,39,40,42,44,46,48,50,51,52,54,55,56,57,60,62,63,65,66,68,70,72,75,76,77,78,80,84,85,88,90,91,92,93,96,99,100,102,105,108,110,112,114,115,116,117,119,120,126,130,132,133,135,136,138,140,143,144,145,150,152,153,154,155,156,160,161
73 162 count=4 nodes=2095 memo=1070 lexmin=24,27,29,30,35,36,39,40,42,44,46,48,50,51,52,55,56,57,60,62,63,65,66,68,70,72,75,76,77,78,80,81,84,85,88,90,91,92,93,96,99,100,102,105,108,110,112,114,115,116,117,119,120,126,130,132,133,135,136,138,140,143,144,145,150,152,153,154,155,156,160,161,162
74 168 count=35 nodes=6410 memo=3240 lexmin=18,27,28,29,35,39,40,42,45,46,48,50,51,52,55,56,57,60,62,63,65,66,68,70,72,75,76,77,78,80,81,84,85,88,90,91,92,93,96,99,100,102,105,108,110,112,114,115,116,117,119,120,126,130,132,133,135,136,138,140,143,144,145,150,152,153,154,155,156,160,161,162,165,168
75 171 count=44 nodes=10336 memo=5270 lexmin=19,27,28,29,35,36,38,39,42,45,46,48,50,51,55,56,60,62,63,66,68,70,72,75,76,77,78,80,81,84,85,88,90,91,92,93,95,96,99,100,102,104,105,108,110,112,114,115,116,117,119,120,126,130,132,133,135,136,138,140,143,144,145,150,152,153,154,155,156,160,161,162,165,168,171
76 174 count=3952 nodes=67838 memo=34397 lexmin=13,27,28,35,38,40,42,46,48,50,51,55,56,57,58,60,62,63,65,66,68,70,72,75,76,77,78,80,81,84,85,87,88,90,91,92,93,95,96,99,100,102,104,105,108,110,112,114,115,116,117,119,120,126,130,132,133,135,136,138,140,143,144,145,150,153,154,155,156,160,161,162,165,168,171,174
77 174 count=44 nodes=10910 memo=5551 lexmin=19,27,28,35,36,38,39,42,45,46,48,50,51,55,56,58,60,62,63,66,68,70,72,75,76,77,78,80,81,84,85,87,88,90,91,92,93,95,96,99,100,102,104,105,108,110,112,114,115,116,117,119,120,126,130,132,133,135,136,138,140,143,144,145,150,152,153,154,155,156,160,161,162,165,168,171,174
78 175 count=5 nodes=6761 memo=3443 lexmin=19,27,35,36,38,39,40,42,45,46,48,51,52,55,56,58,60,62,63,65,66,68,70,72,75,76,77,78,80,81,84,85,87,88,90,91,92,93,95,96,99,100,102,105,108,110,112,114,115,116,117,119,120,126,130,132,133,135,136,138,140,143,144,145,150,152,153,154,155,156,160,161,162,165,168,171,174,175
79 180 count=10 nodes=26728 memo=13611 lexmin=22,27,33,35,36,38,39,40,42,44,46,51,55,56,57,58,60,62,63,66,68,70,72,75,76,77,78,80,81,84,85,87,88,90,91,92,93,95,96,99,100,102,104,105,108,110,112,114,115,116,117,119,120,126,130,132,133,135,136,138,140,143,144,145,150,153,154,155,156,160,161,162,165,168,171,174,175,176,180
80 182 count=19 nodes=28196 memo=14406 lexmin=22,26,33,34,38,39,42,44,45,46,52,54,55,56,57,58,60,62,63,65,66,68,70,72,75,76,77,78,80,81,84,85,87,88,90,91,92,93,95,96,99,100,102,104,105,110,112,114,115,116,117,119,120,126,130,132,133,135,138,140,143,144,145,150,153,154,155,156,160,161,162,165,168,170,171,174,175,176,180,182
81 187 count=321 nodes=71193 memo=36066 lexmin=16,23,26,38,39,42,45,48,52,54,55,56,57,58,60,62,63,65,66,68,69,70,72,75,76,77,78,80,81,84,85,87,88,90,91,92,93,95,96,99,100,104,105,110,112,114,115,116,117,119,120,126,130,132,133,135,136,138,140,143,144,145,150,153,154,155,156,160,161,162,165,168,170,171,174,175,176,180,182,184,187
82 189 count=519 nodes=55633 memo=28177 lexmin=16,23,26,36,38,39,45,48,52,55,56,57,58,60,62,63,65,66,68,69,70,72,75,76,77,78,80,81,84,85,87,88,90,91,92,93,95,96,99,100,104,105,108,110,112,114,115,116,117,119,120,126,130,132,133,135,136,138,140,143,144,145,150,153,154,155,156,160,161,162,165,168,170,171,174,175,176,180,182,184,187,189
83 190 count=227 nodes=45733 memo=23191 lexmin=16,23,26,36,39,40,45,48,52,55,56,57,58,60,62,63,65,66,68,69,70,72,75,76,77,78,80,81,84,85,87,88,90,91,92,93,96,99,100,104,105,108,110,112,114,115,116,117,119,120,126,130,132,133,135,136,138,140,143,144,145,150,152,153,154,155,156,160,161,162,165,168,170,171,174,175,176,180,182,184,187,189,190
84 192 count=2390 nodes=77545 memo=39227 lexmin=15,23,26,36,39,45,48,52,55,56,57,58,60,62,63,64,65,66,68,69,70,72,75,76,77,78,80,81,84,85,87,88,90,91,92,93,96,99,100,104,105,108,110,112,114,115,116,117,119,120,126,130,132,133,135,136,138,140,143,144,145,150,152,153,154,155,156,160,161,162,165,168,170,171,174,175,176,180,182,184,187,189,190,192
85 192 count=11 nodes=7862 memo=3996 lexmin=23,24,26,36,39,40,45,48,52,55,56,57,58,60,62,63,64,65,66,68,69,70,72,75,76,77,78,80,81,84,85,87,88,90,91,92,93,96,99,100,104,105,108,110,112,114,115,116,117,119,120,126,130,132,133,135,136,138,140,143,144,145,150,152,153,154,155,156,160,161,162,165,168,170,171,174,175,176,180,182,184,187,189,190,192
86 195 count=25 nodes=8430 memo=4299 lexmin=21,23,35,36,39,42,45,48,52,55,56,57,58,60,62,63,64,65,66,68,69,70,72,75,76,77,78,80,81,84,85,87,88,90,91,92,93,96,99,100,104,105,108,110,112,114,115,116,117,119,120,126,130,132,133,135,136,138,140,143,144,145,150,152,153,154,155,156,160,161,162,165,168,170,171,174,175,176,180,182,184,187,189,190,192,195
87 196 count=1567 nodes=113973 memo=57504 lexmin=17,23,34,39,40,42,48,49,52,55,57,58,60,62,63,64,65,66,69,70,72,75,76,77,78,80,81,84,85,87,88,90,91,92,93,96,98,99,100,102,104,105,108,110,112,114,115,116,117,119,120,126,130,132,133,135,136,138,140,143,144,145,150,152,153,154,155,156,160,161,162,165,168,170,171,174,175,176,180,182,184,187,189,190,192,195,196
88 196 count=8 nodes=15898 memo=8076 lexmin=23,27,35,39,42,45,48,49,52,54,55,56,57,58,60,62,64,65,66,68,69,70,72,75,76,77,78,80,81,84,85,87,88,90,91,92,93,96,98,99,100,104,105,108,110,112,114,115,116,117,119,120,126,130,132,133,135,136,138,140,143,144,145,150,152,153,154,155,156,160,161,162,165,168,170,171,174,175,176,180,182,184,187,189,190,192,195,196
89 198 count=8 nodes=11201 memo=5706 lexmin=23,27,39,40,42,44,48,49,52,54,55,57,58,60,62,63,64,65,66,68,69,70,72,75,76,77,78,80,81,84,85,87,88,90,91,92,93,96,98,99,100,104,105,108,110,112,114,115,116,117,119,120,126,130,132,133,135,136,138,140,143,144,145,150,152,153,154,155,156,160,161,162,165,168,170,171,174,175,176,180,182,184,187,189,190,192,195,196,198
90 200 count=7 nodes=6980 memo=3565 lexmin=23,27,39,42,44,48,49,50,52,54,55,57,58,60,62,63,64,65,66,68,69,70,72,75,76,77,78,80,81,84,85,87,88,90,91,92,93,96,98,99,100,104,105,108,110,112,114,115,116,117,119,120,126,130,132,133,135,136,138,140,143,144,145,150,152,153,154,155,156,160,161,162,165,168,170,171,174,175,176,180,182,184,187,189,190,192,195,196,198,200
91 204 count=11 nodes=11359 memo=5799 lexmin=23,27,35,39,40,44,48,50,52,54,55,56,57,60,62,63,64,65,66,69,70,72,75,76,77,78,80,81,84,85,88,90,91,92,93,96,99,100,102,104,105,108,110,112,114,115,116,117,119,120,126,130,132,133,135,136,138,140,143,144,145,147,150,152,153,154,155,156,160,161,162,165,168,170,171,174,175,176,180,182,184,187,189,190,192,195,196,198,200,203,204
92 207 count=24 nodes=10846 memo=5528 lexmin=27,35,36,39,40,44,46,48,50,52,54,55,56,57,60,62,63,64,65,66,69,70,72,75,76,77,78,80,81,84,85,88,90,91,93,96,99,100,102,104,105,108,110,112,114,115,116,117,119,120,126,130,132,133,135,136,138,140,143,144,145,147,150,152,153,154,155,156,160,161,162,165,168,170,171,174,175,176,180,182,184,187,189,190,192,195,196,198,200,203,204,207
93 209 count=134 nodes=50071 memo=25328 lexmin=24,33,36,40,42,44,45,46,50,52,55,56,57,60,62,63,64,65,66,69,70,72,75,76,77,78,80,81,84,85,88,90,91,93,95,96,99,100,102,104,105,108,110,112,114,115,116,117,119,120,126,130,132,135,136,138,140,143,144,145,147,150,152,153,154,155,156,160,161,162,165,168,170,171,174,175,176,180,182,184,187,189,190,192,195,196,198,200,203,204,207,208,209
94 210 count=45 nodes=36611 memo=18557 lexmin=27,33,35,36,42,44,46,50,52,54,55,56,57,60,62,63,64,65,66,69,70,72,75,76,77,78,80,81,84,85,88,90,91,93,95,96,99,100,102,104,105,108,110,112,114,115,116,117,119,120,126,130,132,135,136,138,140,143,144,145,147,150,152,153,154,155,156,160,161,162,165,168,170,171,174,175,176,180,182,184,187,189,190,192,195,196,198,200,203,204,207,208,209,210
95 220 count=166 nodes=141015 memo=70816 lexmin=27,28,35,40,42,46,49,50,52,56,57,58,60,62,63,64,65,66,69,70,72,75,76,77,78,80,81,84,85,87,88,90,91,93,95,96,98,99,100,102,104,105,108,110,112,114,115,116,117,119,120,126,130,132,135,136,138,140,143,144,145,150,152,153,154,155,156,160,161,162,165,168,170,171,174,175,176,180,182,184,187,189,190,192,195,196,198,200,204,207,208,209,210,216,220
96 221 count=92 nodes=123199 memo=62025 lexmin=26,27,35,39,40,42,46,50,52,56,57,60,62,63,64,65,66,68,69,70,72,75,76,77,78,80,81,84,85,88,90,91,93,95,96,99,100,102,104,105,108,110,112,114,115,116,117,119,120,126,130,132,135,136,138,140,143,144,145,147,150,152,153,154,155,156,160,161,162,165,168,170,171,174,175,176,180,182,184,187,189,190,192,195,196,198,200,203,204,207,208,209,210,216,220,221
97 222 count=115717 nodes=868767 memo=430384 lexmin=14,27,40,42,46,49,50,56,57,60,62,63,64,65,66,68,69,70,72,75,76,77,78,80,81,84,85,88,90,91,93,95,96,98,99,100,102,104,105,108,110,112,114,115,116,117,119,120,126,130,132,135,136,138,140,143,144,145,148,150,152,153,154,155,156,160,161,162,165,168,170,171,174,175,176,180,182,184,185,187,189,190,192,195,196,198,200,203,204,207,208,209,210,216,220,221,222
98 222 count=793 nodes=226823 memo=113515 lexmin=21,27,40,42,46,49,50,56,57,58,60,62,63,64,65,66,68,69,70,72,75,76,77,78,80,81,84,85,87,88,90,91,93,95,96,98,99,100,102,104,105,108,110,112,114,115,116,117,119,120,126,130,132,135,136,138,140,143,144,145,148,150,152,153,154,155,156,160,161,162,165,168,170,171,174,175,176,180,182,184,185,187,189,190,192,195,196,198,200,204,207,208,209,210,216,220,221,222
99 224 count=90 nodes=165726 memo=83139 lexmin=26,27,32,39,40,46,50,52,56,57,60,62,63,64,65,66,68,69,70,72,75,76,77,78,80,81,84,85,88,90,91,93,95,96,99,100,102,104,105,108,110,112,114,115,116,117,119,120,126,130,132,135,136,138,140,143,144,145,147,148,150,152,153,154,155,156,160,161,162,165,168,170,171,174,175,176,180,182,184,185,187,189,190,192,195,196,198,200,203,204,207,208,209,210,216,220,221,222,224
100 228 count=11071 nodes=660543 memo=330013 lexmin=20,25,32,42,46,49,50,54,57,60,62,63,64,65,66,68,69,70,72,75,76,77,78,80,81,84,85,88,90,91,93,95,96,98,99,100,102,104,105,110,112,114,115,116,117,119,120,126,130,132,133,135,136,138,140,143,144,145,148,150,152,153,154,155,156,160,161,162,165,168,170,171,174,175,176,180,182,184,185,187,189,190,192,195,196,198,200,203,204,207,208,209,210,216,220,221,222,224,225,228
101 228 count=31 nodes=155166 memo=78168 lexmin=25,27,32,42,45,46,49,50,57,60,62,63,64,65,66,68,69,70,72,75,76,77,78,80,81,84,85,88,90,91,93,95,96,98,99,100,102,104,105,108,110,112,114,115,116,117,119,120,126,130,132,133,135,136,138,140,143,144,145,148,150,152,153,154,155,156,160,161,162,165,168,170,171,174,175,176,180,182,184,185,187,189,190,192,195,196,198,200,203,204,207,208,209,210,216,220,221,222,224,225,228
102 231 count=300 nodes=316250 memo=157924 lexmin=23,25,44,45,46,50,54,55,56,57,60,62,63,64,65,66,68,69,70,72,75,76,77,78,80,81,84,85,88,90,91,92,93,95,99,100,102,104,105,108,110,112,114,116,117,119,120,126,130,132,133,135,136,138,140,143,144,145,147,148,150,152,153,154,155,156,160,161,162,165,168,170,171,174,175,176,180,182,184,185,187,190,192,195,196,198,200,203,204,207,208,209,210,216,220,221,222,224,225,228,230,231
103 234 count=11 nodes=297768 memo=147829 lexmin=23,29,32,44,46,50,54,55,56,57,60,62,63,64,66,68,69,70,72,75,76,77,78,80,81,84,85,87,88,90,91,92,93,95,96,99,102,104,105,108,110,112,114,117,119,120,126,130,132,133,135,136,138,140,143,144,145,147,148,150,152,153,154,155,156,160,161,162,165,168,170,171,174,175,176,180,182,184,185,187,190,192,195,196,198,200,203,204,207,208,209,210,216,220,221,222,224,225,228,230,231,232,234
104 235 count=94543 nodes=1553807 memo=762788 lexmin=18,29,32,44,50,54,55,56,57,60,62,63,64,66,68,69,70,72,75,76,77,78,80,81,84,85,87,88,90,91,93,95,96,99,102,104,105,108,110,112,114,115,117,119,120,126,130,132,133,135,136,138,140,141,143,144,145,147,148,150,152,153,154,155,156,160,161,162,165,168,170,171,174,175,176,180,182,184,185,187,188,190,192,195,196,198,200,203,204,208,209,210,216,220,221,222,224,225,228,230,231,232,234,235
105 235 count=188 nodes=478231 memo=237075 lexmin=23,29,32,44,46,50,54,55,56,57,60,62,63,64,66,68,70,72,75,76,77,78,80,81,84,85,87,88,90,91,93,95,96,99,102,104,105,108,110,112,114,115,117,119,120,126,130,132,133,135,136,138,140,141,143,144,145,147,148,150,152,153,154,155,156,160,161,162,165,168,170,171,174,175,176,180,182,184,185,187,188,190,192,195,196,198,200,203,204,207,208,209,210,216,220,221,222,224,225,228,230,231,232,234,235
106 238 count=185 nodes=420654 memo=209217 lexmin=25,29,32,44,50,51,54,55,56,57,60,62,63,64,66,68,69,72,75,76,77,78,80,81,84,85,87,88,90,91,93,95,96,99,100,102,104,105,110,112,114,115,117,119,120,126,130,132,133,135,136,138,140,141,143,144,145,147,148,150,152,153,154,155,156,160,161,162,165,168,170,171,174,175,176,180,182,184,185,187,188,189,190,192,195,196,198,200,203,204,208,209,210,216,220,221,222,224,225,228,230,231,232,234,235,238
107 240 count=42 nodes=320048 memo=159027 lexmin=27,29,32,44,48,50,51,55,57,60,62,63,64,66,68,69,70,72,75,76,77,78,80,81,84,85,87,88,90,91,92,93,95,96,99,102,104,105,108,110,112,114,117,119,120,126,130,132,133,135,136,138,140,141,143,144,145,147,148,150,152,153,154,155,156,160,162,165,168,170,171,174,175,176,180,182,184,185,187,188,189,190,192,195,196,198,200,203,204,207,208,209,210,216,220,221,222,224,225,228,230,231,232,234,235,238,240
108 245 count=310 nodes=272805 memo=136138 lexmin=25,29,32,48,50,51,54,55,57,60,62,63,64,66,68,69,70,72,75,76,78,80,81,84,85,87,88,90,91,93,95,96,98,99,100,102,104,105,110,112,114,115,117,119,120,126,130,132,133,135,136,138,140,141,143,144,145,147,148,150,152,153,154,155,156,160,161,162,165,168,170,171,174,175,176,180,182,184,185,187,188,189,190,192,195,196,198,200,203,204,208,209,210,216,220,221,222,224,225,228,230,231,232,234,235,238,240,245
109 246 count=5547 nodes=528478 memo=262462 lexmin=23,27,41,46,48,50,51,55,57,60,62,63,64,66,68,69,70,72,75,76,78,80,81,84,85,88,90,91,92,93,95,98,99,102,104,105,108,110,112,114,116,117,119,120,126,130,132,133,135,136,138,140,141,143,144,145,147,148,150,152,153,154,155,156,160,161,162,165,168,170,171,174,175,176,180,182,184,185,187,188,189,190,192,195,196,198,200,203,204,205,207,208,209,210,216,220,221,222,224,225,228,230,231,234,235,238,240,245,246
110 246 count=2 nodes=97005 memo=48785 lexmin=29,41,44,48,50,51,54,55,56,57,60,62,63,64,66,68,69,70,72,75,76,77,78,80,81,84,85,87,88,90,91,92,93,95,98,99,102,104,105,108,110,112,114,117,119,120,126,130,132,133,135,136,138,140,141,143,144,145,147,148,150,152,153,154,155,156,160,162,165,168,170,171,174,175,176,180,182,184,185,187,188,190,192,195,196,198,200,203,204,205,207,208,209,210,216,220,221,222,224,225,228,230,231,232,234,235,238,240,245,246
111 248 count=1279315 nodes=1998889 memo=963049 lexmin=18,38,41,44,48,50,51,54,55,56,60,64,66,68,69,70,72,75,76,77,80,81,84,85,88,90,91,92,93,95,98,99,102,104,105,110,112,114,116,117,119,120,124,126,130,132,133,135,136,138,140,141,143,144,145,147,148,150,152,153,154,155,156,160,162,165,168,170,171,174,175,176,180,182,184,185,186,187,188,189,190,192,195,196,198,200,203,204,205,207,208,209,210,216,217,220,221,222,224,225,228,230,231,234,235,238,240,245,246,247,248
112 248 count=6258 nodes=634736 memo=310965 lexmin=23,38,41,44,46,48,50,51,54,55,60,63,64,66,68,69,70,75,76,77,80,81,84,85,88,90,91,92,93,95,98,99,102,104,105,110,112,114,116,117,119,120,124,126,130,132,133,135,136,138,140,141,143,144,145,147,148,150,152,153,154,155,156,160,161,162,165,168,170,171,174,175,176,180,182,184,185,186,187,188,189,190,192,195,196,198,200,203,204,205,207,208,209,210,216,217,220,221,222,224,225,228,230,231,234,235,238,240,245,246,247,248
113 252 count=1369 nodes=478083 memo=234838 lexmin=23,38,41,46,48,50,51,54,55,56,60,63,64,66,68,69,70,72,75,76,80,81,84,85,88,90,91,92,93,95,98,99,102,104,105,110,112,114,116,117,119,120,124,126,130,132,133,135,136,138,140,141,143,144,145,147,148,150,152,153,154,155,156,160,161,162,165,168,170,171,174,175,176,180,182,184,185,186,187,188,189,190,192,195,196,198,200,203,204,205,207,208,209,210,216,217,220,221,222,224,225,228,230,231,234,235,238,240,245,246,247,248,252
114 253 count=1688 nodes=434374 memo=214410 lexmin=23,29,38,41,42,48,50,51,63,64,66,68,69,70,72,75,76,77,80,81,84,85,87,88,90,91,92,93,95,98,99,102,104,105,108,110,112,114,115,117,119,120,124,126,130,132,133,136,138,140,141,143,144,145,147,148,150,152,153,154,155,156,160,161,162,165,168,170,171,174,175,176,180,182,184,185,186,187,188,189,190,192,195,196,198,200,203,204,205,207,208,209,210,216,217,220,221,222,224,225,228,230,231,232,234,235,238,240,245,246,247,248,252,253
115 255 count=10 nodes=195832 memo=96006 lexmin=29,34,38,41,42,48,50,51,54,60,63,64,66,68,70,72,75,76,77,80,81,84,85,87,88,90,91,92,93,95,98,99,102,104,105,110,112,114,117,119,120,124,126,130,132,133,135,136,138,140,141,143,144,145,147,148,150,152,153,154,155,156,160,161,162,165,168,170,171,174,175,176,180,182,184,185,186,187,188,189,190,192,195,196,198,200,203,204,205,207,208,209,210,216,217,220,221,222,224,225,228,230,231,232,234,235,238,240,245,246,247,248,252,253,255
116 260 count=26 nodes=155987 memo=76525 lexmin=29,34,38,41,42,48,50,51,54,63,64,66,68,70,72,75,76,77,78,80,81,84,85,87,88,90,91,92,93,95,98,99,102,104,105,110,112,114,117,119,120,124,126,130,132,133,135,136,138,140,141,143,144,145,147,148,150,152,153,154,155,156,160,161,162,165,168,170,171,174,175,176,180,182,184,185,186,187,188,189,190,192,195,196,198,200,203,204,205,207,208,209,210,216,217,220,221,222,224,225,228,230,231,232,234,235,238,240,245,246,247,248,252,253,255,260
117 261 count=69 nodes=204256 memo=101020 lexmin=23,38,41,42,48,50,54,60,63,64,66,68,69,70,72,75,76,77,78,80,81,84,85,87,88,90,91,92,93,95,98,99,102,104,105,110,112,114,115,116,117,119,120,124,126,130,132,133,135,136,138,140,141,143,144,145,147,148,150,152,154,155,156,160,161,162,165,168,170,171,175,176,180,182,184,185,186,187,188,189,190,192,195,196,198,200,203,204,205,207,208,209,210,216,217,220,221,222,224,225,228,230,231,232,234,235,238,240,245,246,247,248,252,253,255,260,261
118 266 count=1212 nodes=507472 memo=249227 lexmin=23,32,41,44,48,50,54,56,60,63,64,68,69,70,72,75,77,78,80,81,84,85,87,90,91,92,93,95,96,98,99,102,104,105,110,112,114,115,116,117,119,120,124,126,130,132,133,135,136,138,140,141,143,144,145,147,148,150,152,154,155,156,160,161,162,165,168,170,171,175,176,180,182,184,185,186,187,188,189,190,192,195,196,198,200,203,204,205,207,208,209,210,216,217,220,221,222,224,225,228,230,231,232,234,235,238,240,245,246,247,248,252,253,255,260,261,264,266
119 270 count=4046 nodes=388649 memo=190659 lexmin=22,34,41,44,48,50,51,55,56,63,64,68,70,72,75,77,78,80,81,84,85,87,88,90,91,92,93,95,98,99,102,104,105,108,110,112,114,116,117,119,120,124,126,130,132,133,135,136,138,140,141,143,144,145,147,148,150,152,153,154,155,156,160,161,162,165,168,170,171,175,176,180,182,184,185,186,187,188,189,190,192,195,196,198,200,203,204,205,207,208,209,210,216,217,220,221,222,224,225,228,230,231,232,234,235,238,240,245,246,247,248,252,253,255,260,261,264,266,270
120 270 count=8 nodes=40677 memo=20254 lexmin=32,34,41,44,48,50,51,55,56,63,64,66,68,70,72,75,77,78,80,81,84,85,87,90,91,92,93,95,96,98,99,102,104,105,108,110,112,114,116,117,119,120,124,126,130,132,133,135,136,138,140,141,143,144,145,147,148,150,152,153,154,155,156,160,161,162,165,168,170,171,175,176,180,182,184,185,186,187,188,189,190,192,195,196,198,200,203,204,205,207,208,209,210,216,217,220,221,222,224,225,228,230,231,232,234,235,238,240,245,246,247,248,252,253,255,260,261,264,266,270
121 272 count=1 nodes=21481 memo=10734 lexmin=32,33,41,44,50,51,55,56,60,63,64,66,68,70,72,75,77,78,80,81,84,87,88,90,91,92,93,95,96,98,99,102,104,105,108,110,112,114,116,117,119,120,124,126,130,132,133,135,136,138,140,141,143,144,145,147,148,150,152,153,154,155,156,160,161,162,165,168,170,171,175,176,180,182,184,185,186,187,188,189,190,192,195,196,198,200,203,204,205,207,208,209,210,216,217,220,221,222,224,225,228,230,231,232,234,235,238,240,245,246,247,248,252,253,255,260,261,264,266,270,272
122 275 count=12210 nodes=204689 memo=101997 lexmin=19,32,41,50,51,56,57,63,64,65,68,70,72,75,76,78,80,81,84,87,88,90,91,92,93,95,96,98,99,100,102,104,105,108,110,112,114,116,117,119,120,124,126,130,132,133,135,136,138,140,141,143,144,145,147,148,150,152,153,154,155,156,160,161,162,165,168,170,171,175,176,180,182,184,185,186,187,188,189,190,192,195,196,198,200,203,204,205,207,208,209,210,216,217,220,221,222,224,225,228,230,231,232,234,235,238,240,245,246,247,248,252,253,255,260,261,264,266,270,272,273,275
123 275 count=79 nodes=19359 memo=9816 lexmin=23,32,41,50,51,56,60,63,64,65,68,69,70,72,75,78,80,81,84,87,88,90,91,92,93,95,96,98,99,100,102,104,105,108,110,112,114,115,116,117,119,120,124,126,130,132,133,135,136,138,140,141,143,144,145,147,148,150,152,153,154,155,156,160,161,162,165,168,170,171,175,176,180,182,184,185,186,187,188,189,190,192,195,196,198,200,203,204,205,207,208,209,210,216,217,220,221,222,224,225,228,230,231,232,234,235,238,240,245,246,247,248,252,253,255,260,261,264,266,270,272,273,275
124 276 count=7 nodes=6844 memo=3488 lexmin=32,41,44,50,51,55,56,60,63,64,65,66,68,69,72,75,77,78,80,81,84,87,88,90,91,92,93,95,96,98,99,100,102,104,105,108,110,112,114,116,117,119,120,124,126,130,132,133,135,136,138,140,141,143,144,145,147,148,150,152,153,154,155,156,160,162,165,168,170,171,175,176,180,182,184,185,186,187,188,189,190,192,195,196,198,200,203,204,205,207,208,209,210,216,217,220,221,222,224,225,228,230,231,232,234,235,238,240,245,246,247,248,252,253,255,260,261,264,266,270,272,273,275,276
125 280 count=2 nodes=4310 memo=2214 lexmin=32,41,44,50,51,55,60,63,64,65,66,68,69,70,72,75,77,78,80,81,84,87,88,90,91,92,93,95,96,98,99,100,102,104,105,108,110,112,114,116,117,119,120,124,126,130,132,133,135,136,138,140,141,143,144,145,147,148,150,152,153,154,155,156,160,162,165,168,170,171,175,176,180,182,184,185,186,187,188,189,190,192,195,196,198,200,203,204,205,207,208,209,210,216,217,220,221,222,224,225,228,230,231,232,234,235,238,240,245,246,247,248,252,253,255,260,261,264,266,270,272,273,275,276,280
126 285 count=11 nodes=7345 memo=3750 lexmin=32,41,44,50,51,55,60,63,64,65,66,68,70,72,75,76,77,78,80,81,84,87,88,90,91,93,95,96,98,99,100,102,104,105,108,110,112,114,115,116,117,119,120,124,126,130,132,133,135,136,138,140,141,143,144,145,147,148,150,152,153,154,155,156,160,162,165,168,170,171,175,176,180,182,184,185,186,187,188,189,190,192,195,196,198,200,203,204,205,207,208,209,210,216,217,220,221,222,224,225,228,230,231,232,234,235,238,240,245,246,247,248,252,253,255,260,261,264,266,270,272,273,275,276,280,285
127 286 count=11 nodes=5393 memo=2769 lexmin=32,41,50,51,52,55,60,63,64,65,66,68,70,72,75,76,77,78,80,81,84,87,88,90,91,93,95,96,98,99,100,102,104,105,108,110,112,114,115,116,117,119,120,124,126,130,132,133,135,136,138,140,141,143,144,145,147,148,150,152,153,154,155,156,160,162,165,168,170,171,175,176,180,182,184,185,186,187,188,189,190,192,195,196,198,200,203,204,205,207,208,209,210,216,217,220,221,222,224,225,228,230,231,232,234,235,238,240,245,246,247,248,252,253,255,260,261,264,266,270,272,273,275,276,280,285,286
128 287 count=639 nodes=48110 memo=24300 lexmin=29,41,50,51,52,56,60,63,64,65,68,70,72,75,76,77,78,80,81,82,84,87,88,90,91,93,95,98,99,100,102,104,105,108,110,112,114,115,116,117,119,120,123,124,126,130,132,133,135,136,138,140,141,143,144,147,148,150,152,153,154,155,156,160,162,165,168,170,171,174,175,176,180,182,184,185,186,187,188,189,190,192,195,196,198,200,203,204,205,207,208,209,210,216,217,220,221,222,224,225,228,230,231,232,234,235,238,240,245,246,247,248,252,253,255,260,261,264,266,270,272,273,275,276,280,285,286,287
129 287 count=3 nodes=2063 memo=1068 lexmin=41,50,51,52,55,56,60,63,64,65,66,68,70,72,75,76,77,78,80,81,82,84,87,88,90,91,93,95,98,99,100,102,104,105,108,110,112,114,115,116,117,119,120,123,124,126,130,132,133,135,136,138,140,141,143,144,145,147,148,150,152,153,154,155,156,160,162,165,168,170,171,175,176,180,182,184,185,186,187,188,189,190,192,195,196,198,200,203,204,205,207,208,209,210,216,217,220,221,222,224,225,228,230,231,232,234,235,238,240,245,246,247,248,252,253,255,260,261,264,266,270,272,273,275,276,280,285,286,287
130 288 count=4 nodes=1157 memo=603 lexmin=41,50,51,52,55,56,60,63,64,65,66,68,70,75,76,77,78,80,81,82,84,87,88,90,91,93,95,96,98,99,100,102,104,105,108,110,112,114,115,116,117,119,120,123,124,126,130,132,133,135,136,138,140,141,143,144,145,147,148,150,152,153,154,155,156,160,162,165,168,170,171,175,176,180,182,184,185,186,187,188,189,190,192,195,196,198,200,203,204,205,207,208,209,210,216,217,220,221,222,224,225,228,230,231,232,234,235,238,240,245,246,247,248,252,253,255,260,261,264,266,270,272,273,275,276,280,285,286,287,288
131 294 count=7 nodes=2819 memo=1446 lexmin=41,49,50,51,52,55,58,63,64,65,66,68,72,75,76,77,78,80,81,82,84,88,90,91,93,95,96,98,99,100,102,104,105,108,110,112,114,115,116,117,119,120,123,124,126,130,132,133,135,136,138,140,141,143,144,145,147,148,150,152,153,154,155,156,160,162,165,168,170,171,174,175,176,180,182,184,185,186,187,188,189,190,192,195,196,198,200,203,204,205,207,208,209,210,216,217,220,221,222,224,225,228,230,231,232,234,235,238,240,245,246,247,248,252,253,255,260,264,266,270,272,273,275,276,280,285,286,287,288,290,294
132 296 count=9335 nodes=148669 memo=74773 lexmin=28,41,49,51,52,58,60,64,65,68,70,74,76,77,78,80,81,82,84,88,90,91,93,95,96,98,99,100,102,104,105,108,110,111,112,114,115,116,117,119,120,123,124,126,130,132,133,135,136,138,140,141,143,144,145,147,148,150,152,153,154,155,156,160,162,165,168,170,171,174,175,176,180,182,184,185,186,187,188,189,190,192,195,196,198,200,203,204,205,207,208,209,210,216,217,220,221,222,224,225,228,230,231,232,234,235,238,240,245,246,247,248,252,253,255,259,260,264,266,270,272,273,275,276,280,285,286,287,288,290,294,296
133 296 count=20 nodes=8895 memo=4533 lexmin=41,49,50,51,52,55,58,64,65,66,68,74,75,76,77,78,80,81,82,84,88,90,91,93,95,96,98,99,100,102,104,105,108,110,111,112,114,115,116,117,119,120,123,124,126,130,132,133,135,136,138,140,141,143,144,145,147,148,150,152,153,154,155,156,160,162,165,168,170,171,174,175,176,180,182,184,185,186,187,188,189,190,192,195,196,198,200,203,204,205,207,208,209,210,216,217,220,221,222,224,225,228,230,231,232,234,235,238,240,245,246,247,248,252,253,255,259,260,264,266,270,272,273,275,276,280,285,286,287,288,290,294,296
134 299 count=32 nodes=68611 memo=34610 lexmin=41,46,49,50,51,58,64,65,66,68,69,70,72,74,75,76,77,78,80,81,82,88,90,93,95,96,98,99,100,102,105,108,110,111,112,114,115,116,117,119,120,123,124,126,130,132,133,136,138,140,141,143,144,145,147,148,150,152,153,154,155,156,160,161,162,165,168,170,171,174,175,176,180,182,184,185,186,187,188,189,190,192,195,196,198,200,203,204,205,207,208,209,210,216,217,220,221,222,224,225,228,230,231,232,234,235,238,240,245,246,247,248,252,253,255,259,260,264,266,270,272,273,275,276,280,285,286,287,288,290,294,296,297,299
135 300 count=16 nodes=39936 memo=20196 lexmin=41,46,49,51,54,58,64,65,66,68,69,70,72,74,75,76,77,78,80,81,82,88,90,93,95,96,98,99,100,102,105,110,111,112,114,115,116,117,119,120,123,124,126,130,132,133,135,136,138,140,141,143,144,145,147,148,150,152,153,154,155,156,160,161,162,165,168,170,171,174,175,176,180,182,184,185,186,187,188,189,190,192,195,196,198,200,203,204,205,207,208,209,210,216,217,220,221,222,224,225,228,230,231,232,234,235,238,240,245,246,247,248,252,253,255,259,260,264,266,270,272,273,275,276,280,285,286,287,288,290,294,296,297,299,300
136 301 count=69441 nodes=1033162 memo=515780 lexmin=27,41,43,46,49,55,64,69,72,74,75,76,77,78,80,81,82,84,85,90,91,93,95,96,98,99,100,102,104,105,108,110,111,112,114,115,117,120,123,124,126,129,130,132,133,135,136,138,140,141,143,144,145,147,148,150,152,153,154,155,160,161,162,165,168,170,171,175,176,180,182,184,185,186,187,188,189,190,192,195,196,198,200,203,204,205,207,208,209,210,215,216,217,220,221,222,224,225,228,230,231,232,234,235,238,240,245,246,247,248,252,253,255,258,259,260,261,264,266,270,272,273,275,276,280,285,286,287,288,290,294,296,297,299,300,301
137 301 count=140 nodes=115235 memo=58005 lexmin=41,43,45,46,49,58,64,66,69,74,75,76,77,78,80,81,82,84,85,88,90,91,93,95,96,98,99,100,102,104,105,108,110,111,112,114,115,116,117,120,123,124,126,129,130,132,133,136,138,140,141,143,144,145,147,148,150,152,153,154,155,160,161,162,165,168,170,171,174,175,176,180,182,184,185,186,187,188,189,190,192,195,196,198,200,203,204,205,207,208,209,210,215,216,217,220,221,222,224,225,228,230,231,232,234,235,238,240,245,246,247,248,252,253,255,258,259,260,264,266,270,272,273,275,276,280,285,286,287,288,290,294,296,297,299,300,301
138 304 count=1 nodes=45277 memo=22771 lexmin=41,43,46,49,57,58,64,66,69,72,74,75,76,77,78,81,82,84,85,88,90,91,93,95,96,98,99,100,102,104,105,108,110,111,112,114,115,116,117,120,123,124,126,129,130,132,133,136,138,140,141,143,144,145,147,148,150,152,153,154,155,160,161,162,165,168,170,171,174,175,176,180,182,184,185,186,187,188,189,190,192,195,196,198,200,203,204,205,207,208,209,210,215,216,217,220,221,222,224,225,228,230,231,232,234,235,238,240,245,246,247,248,252,253,255,258,259,260,264,266,270,272,273,275,276,280,285,286,287,288,290,294,296,297,299,300,301,304
139 305 count=456 nodes=404374 memo=201351 lexmin=41,43,45,49,57,58,61,64,66,74,75,76,77,78,81,82,84,85,88,90,91,93,95,96,98,99,100,102,104,105,108,110,111,112,114,115,116,117,120,122,123,124,126,129,130,132,133,136,138,140,141,143,144,145,147,148,150,152,153,154,155,160,161,162,165,168,170,171,174,175,176,180,182,183,185,186,187,188,189,190,192,195,196,198,200,203,204,205,207,208,209,210,215,216,217,220,221,222,224,225,228,230,231,232,234,235,238,240,245,246,247,248,252,253,255,258,259,260,264,266,270,272,273,275,276,280,285,286,287,288,290,294,296,297,299,300,301,304,305
140 306 count=3 nodes=185269 memo=91816 lexmin=41,43,49,57,58,61,64,66,68,70,74,75,76,77,78,81,82,85,88,90,91,93,95,96,98,99,100,102,104,105,108,110,111,112,114,115,116,117,119,120,122,123,124,126,129,130,132,133,136,138,140,141,143,144,145,147,148,150,152,154,155,160,161,162,165,168,170,171,174,175,176,180,182,183,185,186,187,188,189,190,192,195,196,198,200,203,204,205,207,208,209,210,215,216,217,220,221,222,224,225,228,230,231,232,234,235,238,240,245,246,247,248,252,253,255,258,259,260,264,266,270,272,273,275,276,280,285,286,287,288,290,294,296,297,299,300,301,304,305,306
141 308 count=1 nodes=105306 memo=52181 lexmin=41,43,49,57,58,61,64,68,70,74,75,76,77,78,81,82,84,85,88,90,91,93,95,96,98,99,100,102,104,105,108,110,111,112,114,115,116,117,119,120,122,123,124,126,129,130,132,133,136,138,140,141,143,144,145,147,148,150,152,154,155,160,161,162,165,168,170,171,174,175,176,180,182,183,185,186,187,188,189,190,192,195,196,198,200,203,204,205,207,208,209,210,215,216,217,220,221,222,224,225,228,230,231,232,234,235,238,240,245,246,247,248,252,253,255,258,259,260,264,266,270,272,273,275,276,280,285,286,287,288,290,294,296,297,299,300,301,304,305,306,308
142 312 count=4638 nodes=650598 memo=323236 lexmin=38,41,43,49,61,64,65,68,70,74,75,76,77,78,81,82,84,85,88,90,91,93,95,96,98,99,100,102,104,105,108,110,111,112,115,117,119,120,122,123,124,126,129,130,132,133,136,138,140,141,143,144,145,147,148,150,152,154,155,156,160,161,162,165,168,170,171,175,176,180,182,183,185,186,187,188,189,190,192,195,196,198,200,203,204,205,207,208,209,210,215,216,217,220,221,222,224,225,228,230,231,232,234,235,238,240,245,246,247,252,253,255,258,259,260,261,264,266,270,272,273,275,276,279,280,285,286,287,288,290,294,296,297,299,300,301,304,305,306,308,310,312
143 312 count=1 nodes=50224 memo=25113 lexmin=41,43,49,57,61,64,65,68,70,74,75,76,77,78,81,82,84,85,88,90,91,93,95,96,98,99,100,102,104,105,108,110,111,112,114,115,117,119,120,122,123,124,126,129,130,132,133,136,138,140,141,143,144,145,147,148,150,152,154,155,156,160,161,162,165,168,170,171,175,176,180,182,183,185,186,187,188,189,190,192,195,196,198,200,203,204,205,207,208,209,210,215,216,217,220,221,222,224,225,228,230,231,232,234,235,238,240,245,246,247,252,253,255,258,259,260,261,264,266,270,272,273,275,276,279,280,285,286,287,288,290,294,296,297,299,300,301,304,305,306,308,310,312
144 319 count=1461 nodes=472108 memo=235297 lexmin=41,43,44,49,57,61,64,65,68,74,75,76,77,78,81,82,84,88,91,93,95,96,98,99,100,102,104,105,108,110,111,112,114,115,116,117,119,120,122,123,124,126,129,130,132,133,136,138,140,141,143,144,147,148,150,152,153,154,155,156,160,161,162,165,168,171,174,175,176,180,182,183,185,186,187,188,189,190,192,195,196,198,200,203,204,205,207,208,209,210,215,216,217,220,221,222,224,225,228,230,231,232,234,235,238,240,245,246,247,252,253,255,258,259,260,261,264,266,270,272,273,275,276,279,280,285,286,287,288,290,294,296,297,299,300,301,304,305,306,308,310,312,315,319
145 320 count=1014 nodes=295349 memo=147364 lexmin=41,43,44,49,57,61,65,68,74,75,76,77,78,80,81,82,84,88,91,93,95,96,98,99,100,102,104,105,108,110,111,112,114,115,116,117,119,120,122,123,124,126,129,130,132,133,136,138,140,141,143,144,147,148,150,152,153,154,155,156,160,161,162,165,168,171,174,175,176,180,182,183,185,186,187,188,189,190,192,195,196,198,200,203,204,205,207,208,209,210,215,216,217,220,221,222,224,225,228,230,231,232,234,235,238,240,245,246,247,252,253,255,258,259,260,261,264,266,270,272,273,275,276,279,280,285,286,287,288,290,294,296,297,299,300,301,304,305,306,308,310,312,315,319,320
146 322 count=2085 nodes=280603 memo=140644 lexmin=34,41,43,49,57,61,65,74,75,76,78,80,81,82,84,85,88,91,92,93,95,96,98,99,100,102,104,105,108,110,111,112,114,116,117,119,120,122,123,124,126,129,130,132,133,138,140,141,143,144,147,148,150,152,153,154,155,156,160,161,162,165,168,170,171,174,175,176,180,182,183,184,185,186,187,188,189,190,192,195,196,198,200,203,204,205,207,208,209,210,215,216,217,220,221,222,224,225,228,230,231,232,234,235,238,240,245,246,247,252,253,255,258,259,260,261,264,266,270,272,273,275,276,279,280,285,286,287,288,290,294,296,297,299,300,301,304,305,306,308,310,312,315,319,320,322
147 322 count=4 nodes=15968 memo=8118 lexmin=41,43,49,57,61,65,68,72,74,75,76,78,80,81,82,84,85,88,91,92,93,95,96,98,99,100,102,104,105,108,110,111,112,114,116,117,119,120,122,123,124,126,129,130,132,133,136,138,140,141,143,144,147,148,150,152,154,155,156,160,161,162,165,168,170,171,174,175,176,180,182,183,184,185,186,187,188,189,190,192,195,196,198,200,203,204,205,207,208,209,210,215,216,217,220,221,222,224,225,228,230,231,232,234,235,238,240,245,246,247,252,253,255,258,259,260,261,264,266,270,272,273,275,276,279,280,285,286,287,288,290,294,296,297,299,300,301,304,305,306,308,310,312,315,319,320,322
148 324 count=110 nodes=73450 memo=36845 lexmin=38,41,43,49,57,61,65,74,75,76,78,80,82,84,85,88,90,91,92,93,95,96,98,99,100,102,104,105,110,111,112,114,116,117,119,120,122,123,124,126,129,130,132,133,135,138,140,141,143,144,147,148,150,152,153,154,155,156,160,161,162,165,168,170,171,174,175,176,180,182,183,184,185,186,187,188,189,190,192,195,196,198,200,203,204,205,207,208,209,210,215,216,217,220,221,222,224,225,228,230,231,232,234,235,238,240,245,246,247,252,253,255,258,259,260,261,264,266,270,272,273,275,276,279,280,285,286,287,288,290,294,296,297,299,300,301,304,305,306,308,310,312,315,319,320,322,323,324
149 325 count=1 nodes=25072 memo=12495 lexmin=41,43,49,51,54,57,61,68,72,74,78,80,82,84,85,88,90,91,92,93,96,98,99,100,102,104,105,108,110,111,112,114,116,117,119,120,122,123,124,126,129,132,133,135,136,138,140,141,143,144,147,148,150,152,153,154,155,156,160,161,162,165,168,170,171,174,175,176,180,182,183,184,185,186,187,188,189,190,192,195,196,198,200,203,204,205,207,208,209,210,215,216,217,220,221,222,224,225,228,230,231,232,234,235,238,240,245,246,247,252,253,255,258,259,260,261,264,266,270,272,273,275,276,279,280,285,286,287,288,290,294,296,297,299,300,301,304,305,306,308,310,312,315,319,320,322,323,324,325
150 329 count=1626 nodes=480349 memo=238682 lexmin=31,43,49,51,54,57,61,62,68,72,74,78,80,85,88,90,91,92,94,96,98,99,100,102,104,105,108,110,111,112,114,116,117,119,120,122,124,126,129,132,133,135,136,138,140,141,143,144,147,148,150,152,153,154,155,156,160,161,162,165,168,170,171,174,175,176,180,182,183,184,185,186,187,189,190,192,195,196,198,200,203,204,205,207,208,209,210,215,216,217,220,221,222,224,225,228,230,231,232,234,235,238,240,245,246,247,248,252,253,255,258,259,260,261,264,266,270,272,273,275,276,279,280,282,285,286,287,288,290,294,296,297,299,300,301,304,305,306,308,310,312,315,319,320,322,323,324,325,328,329
151 330 count=182 nodes=284805 memo=141656 lexmin=38,43,49,51,54,57,61,68,72,74,76,78,80,85,90,91,92,93,94,95,96,98,99,100,102,104,105,108,110,111,112,114,116,117,119,120,122,124,126,129,132,133,135,136,138,140,141,143,144,147,148,150,152,153,154,155,156,160,161,162,165,168,170,171,174,175,176,180,182,183,184,185,186,187,189,190,192,195,196,198,200,203,204,205,207,208,209,210,215,216,217,220,221,222,224,225,228,230,231,232,234,235,238,240,245,246,247,252,253,255,258,259,260,261,264,266,270,272,273,275,276,279,280,282,285,286,287,288,290,294,296,297,299,300,301,304,305,306,308,310,312,315,319,320,322,323,324,325,328,329,330
152 336 count=15 nodes=234796 memo=116525 lexmin=39,43,49,51,54,57,61,68,70,72,74,78,84,85,90,91,92,93,94,96,98,99,100,102,104,105,108,110,111,112,114,116,117,119,120,122,124,126,129,130,132,133,135,136,138,140,141,143,144,147,148,150,152,153,154,155,156,160,161,162,165,168,170,171,174,175,176,180,182,183,184,185,186,187,189,190,192,195,196,198,200,203,204,205,207,208,209,210,215,216,217,220,221,222,224,225,228,230,231,232,234,235,238,240,245,246,247,252,253,255,258,259,260,261,264,266,270,272,273,275,276,279,280,282,285,286,287,288,290,294,296,297,299,300,301,304,305,306,308,310,312,315,319,320,322,323,324,325,328,329,330,336
153 340 count=24 nodes=218858 memo=109722 lexmin=38,43,49,54,57,61,68,70,72,74,76,78,84,85,90,91,92,93,94,95,96,98,99,100,102,104,105,108,110,111,112,114,116,117,119,120,122,124,126,129,132,133,135,136,138,140,141,143,144,147,148,150,152,153,154,155,156,160,161,162,165,168,170,171,174,175,176,180,182,183,184,185,186,187,189,190,192,195,196,198,200,203,204,205,207,208,209,210,215,216,217,220,221,222,224,225,228,230,231,232,234,235,238,240,245,246,247,252,253,255,258,259,260,261,264,266,270,272,273,275,276,279,280,282,285,286,287,288,290,294,296,297,299,300,301,304,305,306,308,310,312,315,319,320,322,323,324,325,328,329,330,336,340
154 341 count=1057 nodes=440990 memo=221201 lexmin=35,43,49,54,57,61,66,68,72,74,77,78,84,85,88,90,91,92,94,96,98,99,100,102,104,105,108,110,111,112,114,116,117,119,120,122,124,126,129,132,133,135,136,138,140,141,143,144,147,148,150,152,153,154,155,156,160,161,162,165,168,170,171,174,175,176,180,182,183,184,185,186,187,189,190,192,195,196,198,200,203,204,205,207,208,209,210,215,216,217,220,221,222,224,225,228,230,231,232,234,235,238,240,245,246,247,248,252,253,255,258,259,260,261,264,266,270,272,273,275,276,279,280,282,285,286,287,288,290,294,296,297,299,300,301,304,305,306,308,310,312,315,319,320,322,323,324,325,328,329,330,336,340,341
155 342 count=84 nodes=196455 memo=98381 lexmin=38,43,49,54,56,61,66,68,70,72,77,78,85,88,90,91,92,94,95,96,98,99,100,102,104,105,108,110,111,112,114,116,117,119,120,122,124,126,129,132,133,135,136,138,140,141,143,144,147,148,150,152,153,154,155,156,160,161,162,165,168,170,171,174,175,176,180,182,183,184,185,186,187,189,190,192,195,196,198,200,203,204,205,207,208,209,210,215,216,217,220,221,222,224,225,228,230,231,232,234,235,238,240,245,246,247,248,252,253,255,258,259,260,261,264,266,270,272,273,275,276,279,280,282,285,286,287,288,290,294,297,299,300,301,304,305,306,308,310,312,315,319,320,322,323,324,325,328,329,330,333,336,340,341,342
156 344 count=532 nodes=320904 memo=159798 lexmin=38,39,49,54,60,61,66,68,72,77,78,85,88,90,91,92,94,95,96,98,99,100,102,104,105,108,110,111,112,114,116,117,119,120,122,124,126,129,130,132,133,135,136,138,140,141,143,144,147,148,150,152,153,154,155,156,160,161,162,165,168,170,171,172,174,175,176,180,182,183,184,185,186,187,189,190,192,195,196,198,200,203,204,205,207,208,209,210,215,216,217,220,221,222,224,225,228,230,231,232,234,235,238,240,245,246,247,248,252,253,255,258,259,260,261,264,266,270,272,273,275,276,279,280,282,285,286,287,288,290,294,297,299,300,304,305,306,308,310,312,315,319,320,322,323,324,325,328,329,330,333,336,340,341,342,344
157 345 count=94 nodes=188279 memo=93872 lexmin=38,46,49,54,60,61,66,68,72,77,78,85,88,90,91,92,94,95,96,98,99,100,102,104,105,108,110,111,112,114,115,116,117,119,120,122,124,126,129,132,133,135,136,138,140,141,143,144,147,148,150,152,153,154,155,156,160,161,162,165,168,170,171,172,174,175,176,180,182,183,184,185,186,187,189,190,192,195,196,198,200,203,204,205,207,208,209,210,215,216,217,220,221,222,224,225,228,230,231,232,234,235,238,240,245,246,247,248,252,253,255,258,259,260,261,264,266,270,272,273,275,276,279,280,282,285,286,287,288,290,294,297,299,300,304,305,306,308,310,312,315,319,320,322,323,324,325,328,329,330,333,336,340,341,342,344,345
158 350 count=19 nodes=536248 memo=264881 lexmin=38,46,49,54,61,66,68,72,77,78,80,84,85,87,88,90,91,92,94,95,96,98,99,102,104,105,108,110,111,114,115,117,119,120,122,124,126,129,132,133,135,136,138,140,141,143,144,145,147,148,150,152,153,154,155,156,160,161,162,165,168,170,171,172,174,175,176,180,182,183,184,185,186,187,189,190,192,195,196,198,200,203,204,205,207,208,209,210,215,216,217,220,221,222,224,225,228,230,231,234,235,238,240,245,246,247,248,252,253,255,258,259,260,261,264,266,270,272,273,275,276,279,280,282,285,286,287,288,290,294,297,299,300,304,305,306,308,310,312,315,319,320,322,323,324,325,328,329,330,333,336,340,341,342,344,345,348,350
159 351 count=19 nodes=408099 memo=202862 lexmin=38,46,49,61,65,66,68,72,77,78,80,84,85,87,88,90,91,92,94,95,96,98,99,102,104,105,108,110,111,114,115,117,119,120,122,124,126,129,130,132,133,136,138,140,141,143,144,145,147,148,150,152,153,154,155,156,160,161,162,165,168,170,171,172,174,175,176,180,182,183,184,185,186,187,189,190,192,195,196,198,200,203,204,205,207,208,209,210,215,216,217,220,221,222,224,225,228,230,231,234,235,238,240,245,246,247,248,252,253,255,258,259,260,261,264,266,270,272,273,275,276,279,280,282,285,286,287,288,290,294,297,299,300,304,305,306,308,310,312,315,319,320,322,323,324,325,328,329,330,333,336,340,341,342,344,345,348,350,351
160 357 count=459 nodes=1726418 memo=851738 lexmin=38,46,48,49,56,61,65,72,78,80,84,85,87,88,90,91,92,94,95,98,99,102,104,105,108,110,111,112,114,115,117,119,120,122,124,126,129,130,132,133,136,138,140,141,143,144,145,147,148,150,152,153,154,155,156,160,161,162,165,168,170,171,172,174,175,176,180,182,183,184,185,186,187,189,190,192,195,196,198,200,203,204,205,207,208,209,210,215,216,217,220,221,222,224,225,228,230,231,234,235,238,240,245,246,247,248,252,253,255,258,259,260,261,264,266,270,272,273,275,276,279,280,282,285,286,287,288,290,294,297,299,300,304,305,306,308,310,312,315,319,320,322,323,324,325,328,329,330,333,336,340,341,342,344,345,348,350,351,352,357
161 360 count=62 nodes=1212527 memo=599924 lexmin=38,46,49,54,56,61,65,72,74,78,84,85,87,88,90,91,92,94,95,98,99,102,104,105,110,111,112,114,115,117,119,120,122,124,126,129,130,132,133,135,136,138,140,141,143,144,145,147,148,150,152,153,154,155,156,160,161,162,165,168,170,171,172,174,175,176,180,182,183,184,185,186,187,189,190,192,195,196,198,200,203,204,205,207,208,209,210,215,216,217,220,221,222,224,225,228,230,231,234,235,238,240,245,246,247,248,252,253,255,258,259,260,261,264,266,270,272,273,275,276,279,280,282,285,286,287,288,290,294,296,297,299,300,304,305,306,308,310,312,315,319,320,322,323,324,325,328,329,330,336,340,341,342,344,345,348,350,351,352,357,360
162 363 count=70899 nodes=9024504 memo=4518610 lexmin=29,46,49,55,61,63,65,76,78,85,87,88,90,91,92,94,95,98,99,102,104,105,108,110,111,112,114,115,116,117,119,120,121,122,124,126,129,130,132,133,136,138,140,141,143,144,145,147,148,150,152,153,154,155,156,160,161,162,165,168,170,171,172,175,176,180,182,183,184,185,186,187,189,190,192,195,196,198,200,203,204,205,207,208,209,210,215,216,217,220,221,222,224,225,228,230,231,232,234,235,238,240,242,245,246,247,248,252,253,255,258,259,260,261,264,266,270,272,273,275,276,279,280,282,286,287,288,290,294,297,299,300,304,305,306,308,310,312,315,319,320,322,323,324,325,328,329,330,333,336,340,341,342,344,345,348,350,351,352,357,360,363
163 363 count=4 nodes=1394261 memo=699883 lexmin=46,49,55,56,61,65,72,74,76,78,84,85,87,88,90,91,92,94,95,98,99,102,104,105,108,110,111,112,114,115,117,119,120,121,122,124,126,129,130,132,133,136,138,140,141,143,144,145,147,148,150,152,153,154,155,156,160,161,162,165,168,170,171,172,174,175,176,180,182,183,184,185,186,187,189,190,192,195,196,198,200,203,204,205,207,208,209,210,215,216,217,220,221,222,224,225,228,230,231,234,235,238,240,242,245,246,247,248,252,253,255,258,259,260,261,264,266,270,272,273,275,276,279,280,282,286,287,288,290,294,296,297,299,300,304,305,306,308,310,312,315,319,320,322,323,324,325,328,329,330,336,340,341,342,344,345,348,350,351,352,357,360,363
164 368 count=1 nodes=3804960 memo=1904702 lexmin=46,49,61,65,66,69,72,74,76,77,78,80,84,85,87,88,90,92,94,95,98,99,102,105,108,110,111,112,114,115,117,119,120,121,122,124,126,129,130,132,133,136,138,140,141,143,144,145,147,148,150,152,153,154,155,156,160,161,162,165,168,170,171,172,174,175,176,180,182,183,184,185,186,187,189,190,192,195,196,198,200,203,204,205,207,208,209,210,215,216,217,220,221,222,224,225,228,230,231,234,235,238,240,242,245,246,247,248,252,255,258,259,260,261,264,266,270,272,273,275,276,279,280,282,286,287,288,290,294,296,297,299,300,304,305,306,308,310,312,315,319,320,322,323,324,325,328,329,330,336,340,341,342,344,345,348,350,351,352,357,360,363,364,368
165 369 count=3 nodes=4433237 memo=2217384 lexmin=46,49,61,65,66,69,72,76,77,78,80,84,85,87,88,90,92,94,95,98,99,102,105,108,110,111,112,114,115,117,119,120,121,122,123,124,126,129,130,132,133,136,138,140,141,143,144,145,147,148,150,152,153,154,155,156,160,161,162,164,165,168,170,171,172,174,175,176,180,182,183,184,185,186,187,189,190,192,195,196,198,200,203,204,205,207,208,209,210,215,216,217,220,221,222,224,225,228,230,231,234,235,238,240,242,245,246,247,248,252,255,258,259,260,261,264,266,270,272,273,275,276,279,280,282,286,287,288,290,294,297,299,300,304,305,306,308,310,312,315,319,320,322,323,324,325,329,330,333,336,340,341,342,344,345,348,350,351,352,357,360,363,364,368,369
166 371 count=489649433 nodes=456546504 memo=23488102 lexmin=SKIPPED
167 371 count=1206126 nodes=27966250 memo=13910235 lexmin=27,38,49,55,61,65,78,80,84,85,87,88,90,94,95,98,99,102,105,106,108,110,112,114,115,117,119,120,121,122,123,124,126,129,130,132,133,135,136,138,140,141,143,144,145,147,148,150,152,153,154,155,156,160,161,162,164,165,168,170,171,172,174,175,176,180,182,183,184,186,187,189,190,192,195,196,198,200,203,204,205,208,209,210,215,216,217,220,221,222,224,225,228,230,231,234,235,238,240,242,245,246,247,248,252,253,255,258,259,260,261,264,265,266,270,272,273,275,276,279,280,282,285,286,287,288,290,294,296,297,299,300,304,305,306,308,310,312,315,318,319,320,322,323,324,325,329,330,333,336,340,341,342,344,345,348,350,351,352,357,360,363,364,368,369,370,371
168 371 count=202 nodes=6371525 memo=3175293 lexmin=38,49,53,55,61,65,69,72,78,80,84,85,87,88,90,94,95,98,99,102,105,108,110,112,114,115,117,119,120,121,122,123,124,126,129,130,132,133,136,138,140,141,143,144,145,147,148,150,152,153,154,155,156,159,160,161,162,164,165,168,170,171,172,174,175,176,180,182,183,186,187,189,190,192,195,196,198,200,203,204,205,207,208,209,210,212,215,216,217,220,221,222,224,225,228,230,231,234,235,238,240,242,245,246,247,248,252,253,255,258,259,260,261,264,266,270,272,273,275,276,279,280,282,285,286,287,288,290,294,296,297,299,300,304,305,306,308,310,312,315,318,319,320,322,323,324,325,329,330,333,336,340,341,342,344,345,348,350,351,352,357,360,363,364,368,369,370,371
169 374 count=100 nodes=5009651 memo=2477300 lexmin=38,49,53,61,65,69,70,72,77,78,80,84,87,88,90,93,94,95,98,99,102,105,108,110,112,114,115,117,119,120,121,122,123,126,129,130,132,133,136,138,140,141,143,144,145,147,148,150,152,153,154,155,156,159,160,161,162,164,165,168,170,171,172,174,175,176,180,182,183,187,189,190,192,195,196,198,200,203,204,205,207,208,209,210,212,215,216,217,220,221,222,224,225,228,230,231,234,235,238,240,242,245,246,247,248,252,253,255,258,259,260,261,264,266,270,272,273,275,276,279,280,282,285,286,287,288,290,294,296,297,299,300,304,305,306,308,310,312,315,318,319,320,322,323,324,325,329,330,333,336,340,341,342,344,345,348,350,351,352,357,360,363,364,368,369,370,371,372,374
170 375 count=236829 nodes=13113509 memo=6496162 lexmin=27,49,61,65,70,76,77,78,80,84,87,88,90,93,94,95,98,99,100,102,105,106,108,110,112,114,115,117,119,120,121,122,123,126,129,130,132,133,135,136,138,140,141,143,144,145,147,148,150,152,153,154,155,156,160,161,162,164,165,168,170,171,172,174,175,176,180,182,183,184,187,189,190,192,195,196,198,200,203,204,205,208,209,210,215,216,217,220,221,222,224,225,228,230,231,234,235,238,240,242,245,246,247,248,250,252,253,255,258,259,260,261,264,265,266,270,272,273,275,276,279,280,282,286,287,288,290,294,296,297,299,300,304,305,306,308,310,312,315,318,319,320,322,323,324,325,329,330,333,336,340,341,342,344,345,348,350,351,352,357,360,363,364,368,369,370,371,372,374,375
171 375 count=18 nodes=1889432 memo=933273 lexmin=38,49,61,65,69,70,72,77,78,80,84,87,88,90,93,94,95,98,99,100,102,105,106,108,110,112,114,115,117,119,120,121,122,123,126,129,130,132,133,136,138,140,141,143,144,145,147,148,150,152,153,154,155,156,160,161,162,164,165,168,170,171,172,174,175,176,180,182,183,187,189,190,192,195,196,198,200,203,204,205,207,208,209,210,215,216,217,220,221,222,224,225,228,230,231,234,235,238,240,242,245,246,247,248,250,252,253,255,258,259,260,261,264,265,266,270,272,273,275,276,279,280,282,285,286,287,288,290,294,296,297,299,300,304,305,306,308,310,312,315,318,319,320,322,323,324,325,329,330,333,336,340,341,342,344,345,348,350,351,352,357,360,363,364,368,369,370,371,372,374,375
172 377 count=3619 nodes=3748317 memo=1853898 lexmin=38,47,49,52,61,70,77,80,84,87,88,90,93,94,95,98,99,100,102,105,106,108,110,112,114,115,116,117,119,120,121,122,123,126,129,130,132,133,136,138,140,141,143,144,145,147,148,150,152,153,154,155,156,160,161,162,164,165,168,170,171,172,174,175,176,180,182,183,184,187,188,189,190,192,195,196,198,200,203,204,205,208,209,210,215,216,217,220,221,222,224,225,228,230,231,232,234,238,240,242,245,246,247,248,250,252,253,255,258,259,260,264,265,266,270,272,273,275,276,279,280,282,285,286,287,288,290,294,296,297,299,300,304,305,306,308,310,312,315,318,319,320,322,323,324,325,329,330,333,336,340,341,342,344,345,348,350,351,352,357,360,363,364,368,369,370,371,372,374,375,376,377
173 378 count=2784 nodes=2574890 memo=1271059 lexmin=38,47,49,52,61,77,78,80,84,87,88,91,92,93,94,95,98,99,100,102,105,106,110,112,114,116,117,119,120,121,122,123,126,129,130,132,133,135,136,138,140,141,143,144,145,147,148,150,152,153,154,155,156,160,162,164,165,168,170,171,172,174,175,176,180,182,183,184,187,188,189,190,192,195,196,198,200,203,204,205,207,208,209,210,215,216,217,220,221,222,224,225,228,230,231,232,234,238,240,242,245,246,247,248,250,252,253,255,258,259,260,264,265,266,270,272,273,275,276,279,280,282,285,286,287,288,290,294,296,297,299,300,304,305,306,308,310,312,315,318,319,320,322,323,324,325,329,330,333,336,340,341,342,344,345,348,350,351,352,357,360,363,364,368,369,370,371,372,374,375,376,377,378
174 380 count=2541 nodes=1986240 memo=983772 lexmin=45,47,49,57,61,65,77,80,84,87,88,90,91,92,93,94,98,99,100,102,105,106,110,112,114,116,117,119,120,121,122,123,126,129,130,132,133,135,136,138,140,141,143,144,145,147,148,150,152,153,154,155,156,160,162,164,165,168,170,171,172,174,175,176,180,182,183,184,187,188,189,190,192,195,196,198,200,203,204,205,207,208,209,210,215,216,217,220,221,222,224,225,228,230,231,232,234,238,240,242,245,246,247,248,250,252,253,255,258,259,260,264,265,266,270,272,273,275,276,279,280,282,285,286,287,288,290,294,296,297,299,300,304,305,306,308,310,312,315,318,319,320,322,323,324,325,329,330,333,336,340,341,342,344,345,348,350,351,352,357,360,363,364,368,369,370,371,372,374,375,376,377,378,380
175 384 count=53694 nodes=3276022 memo=1624851 lexmin=38,47,49,61,65,72,77,84,87,88,90,91,92,93,94,96,98,99,100,102,105,106,110,112,116,117,119,120,121,122,123,126,128,129,130,132,133,135,136,138,140,141,143,144,145,147,148,150,152,153,154,155,156,160,162,164,165,168,170,171,172,174,175,176,180,182,183,184,187,188,189,190,192,195,196,198,200,203,204,205,207,208,209,210,215,216,217,220,221,222,224,225,228,230,231,232,234,238,240,242,245,246,247,248,250,252,253,255,258,259,260,264,265,266,270,272,273,275,276,279,280,282,285,286,287,288,290,294,296,297,299,300,304,305,306,308,310,312,315,318,319,320,322,323,324,325,329,330,333,336,340,341,342,344,345,348,350,351,352,357,360,363,364,368,369,370,371,372,374,375,376,377,378,380,384
176 384 count=4 nodes=252294 memo=124476 lexmin=47,49,57,61,65,72,77,84,87,88,90,91,92,93,94,96,98,99,100,102,105,106,110,112,114,116,117,119,120,121,122,123,126,128,129,130,132,133,135,136,138,140,141,143,144,145,147,148,150,152,153,154,155,156,160,162,164,165,168,170,171,172,174,175,176,180,182,183,184,187,188,189,190,192,195,196,198,200,203,204,205,207,208,209,210,215,216,217,220,221,222,224,225,228,230,231,232,234,238,240,242,245,246,247,248,250,252,253,255,258,259,260,264,265,266,270,272,273,275,276,279,280,282,285,286,287,288,290,294,296,297,299,300,304,305,306,308,310,312,315,318,319,320,322,323,324,325,329,330,333,336,340,341,342,344,345,348,350,351,352,357,360,363,364,368,369,370,371,372,374,375,376,377,378,380,384
177 387 count=351 nodes=942013 memo=468205 lexmin=47,49,52,57,61,65,66,86,87,88,90,93,94,96,98,99,100,102,104,105,106,110,112,114,115,116,117,119,120,121,122,123,126,128,130,132,133,135,136,138,140,141,143,144,145,147,148,150,152,153,154,155,156,160,161,162,164,165,168,170,171,174,175,176,180,182,183,184,187,188,189,190,192,195,196,198,200,203,204,205,208,209,210,215,216,217,220,221,222,224,225,228,230,231,232,234,238,240,242,245,246,247,248,250,252,253,255,258,259,260,264,265,266,270,272,273,275,276,279,280,282,285,286,287,288,290,294,296,297,299,300,301,304,305,306,308,310,312,315,318,319,320,322,323,324,325,329,330,333,336,340,341,342,344,345,348,350,351,352,357,360,363,364,368,369,370,371,372,374,375,376,377,378,380,384,385,387
178 390 count=431 nodes=644661 memo=320475 lexmin=47,49,52,57,61,66,78,86,87,88,90,93,94,96,98,99,100,102,104,105,106,110,112,114,115,116,117,119,120,121,122,123,126,128,130,132,133,135,136,138,140,141,143,144,145,147,148,150,152,153,154,155,156,160,161,162,164,165,168,170,171,174,175,176,180,182,183,184,187,188,189,190,192,195,196,198,200,203,204,205,208,209,210,215,216,217,220,221,222,224,225,228,230,231,232,234,238,240,242,245,246,247,248,250,252,253,255,258,259,260,264,265,266,270,272,273,275,276,279,280,282,285,286,287,288,290,294,296,297,299,300,301,304,305,306,308,310,312,315,318,319,320,322,323,324,325,329,330,333,336,340,341,342,344,345,348,350,351,352,357,360,363,364,368,369,370,371,372,374,375,376,377,378,380,384,385,387,390
179 391 count=34 nodes=354957 memo=175464 lexmin=47,49,54,57,61,65,66,86,87,88,90,93,94,96,98,99,100,104,105,106,108,110,112,114,116,117,119,120,121,122,123,126,128,130,132,133,135,136,138,140,141,143,144,145,147,148,150,152,153,154,155,156,160,161,162,164,165,168,170,171,174,175,176,180,182,183,184,187,188,189,190,192,195,196,198,200,203,204,205,207,208,209,210,215,216,217,220,221,222,224,225,228,230,231,232,234,238,240,242,245,246,247,248,250,252,253,255,258,259,260,264,265,266,270,272,273,275,276,279,280,282,285,286,287,288,290,294,296,297,299,300,301,304,305,306,308,310,312,315,318,319,320,322,323,324,325,329,330,333,336,340,341,342,344,345,348,350,351,352,357,360,363,364,368,369,370,371,372,374,375,376,377,378,380,384,385,387,390,391
180 392 count=693 nodes=217958 memo=107518 lexmin=47,52,57,61,66,70,72,78,84,86,87,88,93,94,96,98,99,100,104,105,106,110,112,114,116,117,119,120,121,122,123,126,128,130,132,133,135,136,138,140,141,143,144,145,147,148,150,152,153,154,155,156,160,161,162,164,165,168,170,171,174,175,176,180,182,183,184,187,188,189,190,192,195,196,198,200,203,204,205,207,208,209,210,215,216,217,220,221,222,224,225,228,230,231,232,234,238,240,242,245,246,247,248,250,252,253,255,258,259,260,264,265,266,270,272,273,275,276,279,280,282,285,286,287,288,290,294,296,297,299,300,301,304,305,306,308,310,312,315,318,319,320,322,323,324,325,329,330,333,336,340,341,342,344,345,348,350,351,352,357,360,363,364,368,369,370,371,372,374,375,376,377,378,380,384,385,387,390,391,392
181 396 count=67 nodes=112796 memo=55526 lexmin=47,53,57,61,65,72,77,78,86,87,88,90,91,93,94,96,98,99,100,104,105,112,114,116,117,119,120,121,122,123,126,128,130,132,133,135,136,138,140,141,143,144,145,147,148,150,152,153,154,155,156,159,160,161,162,164,165,168,170,171,174,175,176,180,182,183,184,187,188,189,190,192,195,196,198,200,203,204,205,207,208,209,210,212,215,216,217,220,221,222,224,225,228,230,231,232,234,238,240,242,245,246,247,248,250,252,253,255,258,259,260,264,266,270,272,273,275,276,279,280,282,285,286,287,288,290,294,296,297,299,300,301,304,305,306,308,310,312,315,318,319,320,322,323,324,325,329,330,333,336,340,341,342,344,345,348,350,351,352,357,360,363,364,368,369,370,371,372,374,375,376,377,378,380,384,385,387,390,391,392,396
182 399 count=27 nodes=80270 memo=39868 lexmin=47,55,57,61,65,72,76,86,87,88,90,93,94,95,96,98,99,100,104,105,106,110,112,114,116,117,119,120,121,122,123,126,128,130,132,133,135,136,138,140,141,143,144,145,147,148,150,152,153,154,155,156,160,161,162,164,165,168,170,171,174,175,176,180,182,183,184,187,188,189,190,192,195,196,198,200,203,204,205,207,208,209,210,215,216,217,220,221,222,224,225,228,230,231,232,234,238,240,242,245,246,247,248,250,252,253,255,258,259,260,264,265,266,270,272,273,275,276,279,280,282,285,286,287,288,290,294,296,297,299,300,301,304,305,306,308,310,312,315,318,319,320,322,323,324,325,329,330,333,336,340,341,342,344,345,348,350,351,352,357,360,363,364,368,369,370,371,372,374,375,376,377,378,380,384,385,387,390,391,392,396,399
183 402 count=131735884 nodes=25061114 memo=12439197 lexmin=SKIPPED
184 402 count=365578 nodes=4542426 memo=2261151 lexmin=35,47,61,65,77,78,80,84,86,87,88,91,93,94,96,98,99,100,104,105,106,112,116,117,119,120,121,122,123,126,128,130,132,133,134,135,136,138,140,141,143,144,145,147,148,152,153,154,155,156,160,161,162,164,165,168,170,171,174,175,176,180,182,183,184,187,188,189,190,192,195,196,198,200,203,204,205,207,208,209,210,215,216,217,220,221,222,224,225,228,230,231,232,234,238,240,242,245,246,247,248,250,252,253,255,258,259,260,264,265,266,268,270,272,273,275,276,279,280,282,285,286,287,288,290,294,296,297,299,300,301,304,305,306,308,310,312,315,318,319,320,322,323,324,325,329,330,333,335,336,340,341,342,344,345,348,350,351,352,357,360,363,364,368,369,370,371,372,374,375,376,377,378,380,384,385,387,390,391,392,396,399,400,402
185 402 count=109 nodes=388042 memo=193208 lexmin=47,55,57,61,65,76,80,86,87,88,93,94,95,96,98,99,100,104,105,106,110,112,114,116,117,119,120,121,122,123,126,128,130,132,133,134,135,136,138,140,141,143,144,145,147,148,152,153,154,155,156,160,161,162,164,165,168,170,171,174,175,176,180,182,183,184,187,188,189,190,192,195,196,198,200,203,204,205,207,208,209,210,215,216,217,220,221,222,224,225,228,230,231,232,234,238,240,242,245,246,247,248,250,252,253,255,258,259,260,264,265,266,268,270,272,273,275,276,279,280,282,285,286,287,288,290,294,296,297,299,300,301,304,305,306,308,310,312,315,318,319,320,322,323,324,325,329,330,333,335,336,340,341,342,344,345,348,350,351,352,357,360,363,364,368,369,370,371,372,374,375,376,377,378,380,384,385,387,390,391,392,396,399,400,402
186 403 count=8493 nodes=1105456 memo=553728 lexmin=42,47,61,62,77,78,80,86,87,88,91,93,94,96,98,99,100,104,105,106,112,116,117,119,120,121,122,123,124,126,128,130,132,133,134,135,136,138,140,141,143,144,145,147,148,152,153,154,155,156,160,161,162,164,165,168,170,171,174,175,176,180,182,183,184,186,187,188,189,190,192,195,196,198,200,203,204,205,207,208,209,210,215,216,217,220,221,222,224,225,228,230,231,232,234,238,240,242,245,246,247,248,250,252,253,255,258,259,260,264,265,266,268,270,272,273,275,276,279,280,282,285,286,287,288,290,294,296,297,299,300,301,304,305,306,308,310,312,315,318,319,320,322,323,324,325,329,330,333,335,336,340,341,342,344,345,348,350,351,352,357,360,363,364,368,369,370,371,372,374,375,376,377,378,380,384,385,387,390,391,392,396,399,400,402,403
187 405 count=895 nodes=662840 memo=332237 lexmin=47,50,55,61,62,80,81,86,87,88,93,94,96,98,99,104,105,106,108,110,112,116,117,119,120,121,122,123,124,126,128,130,132,133,134,136,138,140,141,143,144,145,147,148,150,152,153,154,155,156,160,161,162,164,165,168,170,171,174,175,176,180,182,183,184,186,187,188,189,190,192,195,196,198,200,203,204,205,207,208,209,210,215,216,217,220,221,222,224,225,228,230,231,232,234,238,240,242,245,246,247,248,250,252,253,255,258,259,260,264,265,266,268,270,272,273,275,276,279,280,282,285,286,287,288,290,294,296,297,299,300,301,304,305,306,308,310,312,315,318,319,320,322,323,324,325,329,330,333,335,336,340,341,342,344,345,348,350,351,352,357,360,363,364,368,369,370,371,372,374,375,376,377,378,380,384,385,387,390,391,392,396,399,400,402,403,405
188 406 count=181 nodes=353383 memo=177170 lexmin=47,55,61,62,72,80,84,86,87,88,93,94,96,98,99,100,104,105,106,108,110,112,116,117,119,120,121,122,123,124,126,128,130,132,133,134,135,136,138,140,141,143,144,145,147,148,152,153,154,155,156,160,161,164,165,168,170,171,174,175,176,180,182,183,184,186,187,188,189,190,192,195,196,198,200,203,204,205,207,208,209,210,215,216,217,220,221,222,224,225,228,230,231,234,238,240,242,245,246,247,248,250,252,253,255,258,259,260,261,264,265,266,268,270,272,273,275,276,279,280,282,285,286,287,288,290,294,296,297,299,300,301,304,305,306,308,310,312,315,318,319,320,322,323,324,325,329,330,333,335,336,340,341,342,344,345,348,350,351,352,357,360,363,364,368,369,370,371,372,374,375,376,377,378,380,384,385,387,390,391,392,396,399,400,402,403,405,406
189 408 count=412 nodes=707770 memo=351746 lexmin=37,61,62,80,81,84,85,86,87,88,93,94,96,98,100,102,104,105,106,108,110,111,112,116,117,119,120,121,122,123,124,126,128,130,132,133,134,138,140,141,143,144,145,147,148,152,153,154,155,156,160,161,162,164,165,168,170,171,174,175,176,180,182,183,184,185,186,187,189,190,192,195,196,198,200,203,204,205,207,208,209,210,215,216,217,220,221,224,225,228,230,231,234,235,238,240,242,245,246,247,248,250,252,253,255,258,259,260,261,264,265,266,268,270,272,273,275,276,279,280,282,285,286,287,288,290,294,296,297,299,300,301,304,305,306,308,310,312,315,318,319,320,322,323,324,325,329,330,333,335,336,340,341,342,344,345,348,350,351,352,357,360,363,364,368,369,370,371,372,374,375,377,378,380,384,385,387,390,391,392,396,399,400,402,403,405,406,407,408
190 410 count=29 nodes=369968 memo=183690 lexmin=47,61,62,66,80,81,84,85,86,87,93,94,96,98,99,100,102,104,105,106,108,110,112,116,117,119,120,121,122,123,124,126,128,130,132,133,134,138,140,141,143,144,145,147,152,153,154,155,156,160,161,162,164,165,168,170,171,174,175,176,180,182,183,184,185,186,187,188,189,190,192,195,196,198,200,203,204,205,207,208,209,210,215,216,217,220,221,222,224,225,228,230,231,234,238,240,242,245,246,247,248,250,252,253,255,258,259,260,261,264,265,266,268,270,272,273,275,276,279,280,282,285,286,287,288,290,294,297,299,300,301,304,305,306,308,310,312,315,318,319,320,322,323,324,325,328,329,330,333,335,336,340,341,342,344,345,348,350,351,352,357,360,363,364,368,370,371,372,374,375,376,377,378,380,384,385,387,390,391,392,396,399,400,402,403,405,406,407,408,410
191 413 count=19071116 nodes=21356331 memo=10564135 lexmin=27,47,61,62,81,86,87,88,90,93,94,96,98,100,104,105,106,108,110,116,117,120,121,122,123,124,126,128,130,132,133,134,135,136,138,140,141,143,144,145,147,152,153,154,155,156,160,161,162,164,165,168,170,171,174,175,176,177,180,182,183,184,185,186,187,188,189,190,192,195,196,198,200,203,204,205,207,208,209,210,215,216,217,220,221,222,224,225,228,230,231,234,238,240,242,245,246,247,248,250,252,253,255,258,259,260,261,264,265,266,268,270,272,273,275,276,279,280,282,285,286,287,288,290,294,295,297,299,300,301,304,305,306,308,310,312,315,318,319,320,322,323,324,325,328,329,330,333,335,336,340,341,342,344,345,348,350,351,352,354,357,360,363,364,368,370,371,372,374,375,376,377,378,380,384,385,387,390,391,392,396,399,400,402,403,405,406,407,408,410,413
192 413 count=35469 nodes=3033184 memo=1505109 lexmin=37,47,61,62,66,81,86,87,93,94,96,98,99,100,104,105,106,108,110,111,116,117,120,121,122,123,124,126,128,130,132,133,134,136,138,140,141,143,144,145,147,148,152,153,154,155,156,160,161,162,164,165,168,170,171,174,175,176,177,180,182,183,184,185,186,187,188,189,190,192,195,196,198,200,203,204,205,207,208,209,210,215,216,217,220,221,224,225,228,230,231,234,238,240,242,245,246,247,248,250,252,253,255,258,259,260,261,264,265,266,268,270,272,273,275,276,279,280,282,285,286,287,288,290,294,295,296,297,299,300,301,304,305,306,308,310,312,315,318,319,320,322,323,324,325,328,329,330,333,335,336,340,341,342,344,345,348,350,351,352,354,357,360,363,364,368,370,371,372,374,375,376,377,378,380,384,385,387,390,391,392,396,399,400,402,403,405,406,407,408,410,413
193 413 count=1 nodes=192325 memo=95599 lexmin=61,62,78,80,84,85,86,87,88,91,93,94,96,98,100,102,104,105,106,108,110,111,112,116,117,119,120,121,122,123,124,126,128,130,132,133,134,135,138,140,141,143,144,145,147,148,152,153,154,155,156,160,161,164,165,168,170,171,174,175,176,177,180,182,183,184,185,186,187,189,190,192,195,196,198,200,203,204,205,207,208,209,210,215,216,217,220,221,222,224,225,228,230,231,234,235,238,240,242,245,246,247,248,250,252,253,255,258,260,261,264,265,266,268,270,272,273,275,276,279,280,282,285,286,287,288,290,294,295,297,299,300,301,304,305,306,308,310,312,315,318,319,320,322,323,324,325,328,329,330,333,335,336,340,341,342,344,345,348,350,351,352,354,357,360,363,364,368,370,371,372,374,375,377,378,380,384,385,387,390,391,392,396,399,400,402,403,405,406,407,408,410,413
194 414 count=9 nodes=204404 memo=102419 lexmin=47,61,62,80,81,84,86,87,88,90,93,94,96,98,100,104,105,106,108,110,112,115,116,117,120,121,122,123,124,126,128,130,132,133,134,136,138,140,141,143,144,145,147,152,153,154,155,156,160,161,162,164,165,168,170,171,174,175,176,177,180,182,183,184,185,186,187,188,189,190,192,195,196,198,200,203,204,205,207,208,209,210,215,216,217,220,221,222,224,225,228,230,231,234,238,240,242,245,246,247,248,250,252,253,255,258,259,260,261,264,265,266,268,270,272,273,275,276,279,280,282,285,286,287,288,290,294,295,297,299,300,301,304,305,306,308,310,312,315,318,319,320,322,323,324,325,328,329,330,333,335,336,340,341,342,344,345,348,350,351,352,354,357,360,363,364,368,370,371,372,374,375,376,377,378,380,384,385,387,390,391,392,396,399,400,402,403,405,406,407,408,410,413,414
195 416 count=1 nodes=100782 memo=50531 lexmin=61,62,81,84,85,86,87,88,90,91,93,94,98,100,102,104,105,106,108,110,111,112,115,116,117,119,120,121,122,123,124,126,128,130,132,133,134,138,140,141,143,144,145,147,148,152,153,154,155,156,160,161,162,164,165,168,170,171,174,175,176,177,180,182,183,184,185,186,187,189,190,192,195,196,198,200,203,204,205,207,208,209,210,215,216,217,220,221,222,224,225,228,230,231,234,235,238,240,242,245,246,247,248,250,252,253,255,258,260,261,264,265,266,268,270,272,273,275,276,279,280,282,285,286,287,288,290,294,295,297,299,300,301,304,305,306,308,310,312,315,318,319,320,322,323,324,325,328,329,330,333,335,336,340,341,342,344,345,348,350,351,352,354,357,360,363,364,368,370,371,372,374,375,377,378,380,384,385,387,390,391,392,396,399,400,402,403,405,406,407,408,410,413,414,416
196 420 count=957 nodes=880080 memo=441254 lexmin=37,61,76,77,86,87,88,91,94,95,98,99,100,104,105,106,108,110,111,112,114,115,116,117,120,121,122,123,124,126,128,130,132,133,134,135,136,138,140,141,143,144,145,147,148,152,153,154,156,160,161,164,165,168,170,171,174,175,176,177,180,182,183,184,185,186,187,189,190,192,195,196,198,200,203,204,205,207,208,209,210,215,216,217,220,221,224,225,228,230,231,234,235,238,240,242,245,246,247,248,250,252,253,255,258,259,260,261,264,265,266,268,270,272,273,275,276,279,280,282,285,286,287,288,290,294,295,296,297,299,300,301,304,305,306,308,310,312,315,318,319,320,322,323,324,325,328,329,330,333,335,336,340,341,342,344,345,348,350,351,352,354,357,360,363,364,368,370,371,372,374,375,377,378,380,384,385,387,390,391,392,396,399,400,402,403,405,406,407,408,410,413,414,416,418,420
197 423 count=564 nodes=601965 memo=301818 lexmin=47,50,61,76,77,81,86,87,88,91,95,98,99,104,105,106,108,110,112,114,115,116,117,120,121,122,123,124,126,128,130,132,133,134,136,138,140,143,144,145,147,150,152,153,154,156,160,161,162,164,165,168,170,171,174,175,176,177,180,182,183,184,185,186,187,188,189,190,192,195,196,198,200,203,204,205,207,208,209,210,215,216,217,220,221,222,224,225,228,230,231,234,235,238,240,242,245,246,247,248,250,252,253,255,258,259,260,261,264,265,266,268,270,272,273,275,276,279,280,282,285,286,287,288,290,294,295,297,299,300,301,304,305,306,308,310,312,315,318,319,320,322,323,324,325,328,329,330,333,335,336,340,341,342,344,345,348,350,351,352,354,357,360,363,364,368,370,371,372,374,375,376,377,378,380,384,385,387,390,391,392,396,399,400,402,403,405,406,407,408,410,413,414,416,418,420,423
198 424 count=4 nodes=116258 memo=58604 lexmin=61,62,76,81,86,87,88,91,93,94,95,98,99,100,104,105,106,108,110,112,114,115,116,117,120,121,122,123,124,126,128,130,132,133,134,136,138,140,141,143,144,145,147,148,152,153,154,155,156,159,160,161,162,164,165,168,170,171,174,175,176,177,180,182,183,184,186,187,189,190,192,195,196,198,200,203,204,205,207,208,209,210,215,216,217,220,221,222,224,225,228,230,231,234,235,238,240,242,245,246,247,248,250,252,253,255,258,259,260,261,264,265,266,268,270,272,273,275,276,279,280,282,285,286,287,288,290,294,295,296,297,299,300,301,304,305,306,308,310,312,315,318,319,320,322,323,324,325,328,330,333,335,336,340,341,342,344,345,348,350,351,352,354,357,360,363,364,368,370,372,374,375,376,377,378,380,384,385,387,390,391,392,396,399,400,402,403,405,406,408,410,413,414,416,418,420,423,424
199 427 count=1907 nodes=785630 memo=392731 lexmin=47,51,76,81,84,86,87,88,91,95,98,99,102,104,105,106,108,110,112,114,115,116,117,119,120,121,123,124,126,128,130,132,133,134,136,138,140,143,144,145,147,148,150,152,153,154,156,159,160,161,162,164,165,168,171,174,175,176,177,180,182,183,184,186,187,188,189,190,192,195,196,198,200,203,204,205,207,208,209,210,215,216,217,220,221,222,224,225,228,230,231,234,235,238,240,242,244,245,246,247,248,250,252,253,255,258,259,260,261,264,265,266,268,270,272,273,275,276,279,280,282,285,286,287,288,290,294,295,296,297,299,300,301,304,306,308,310,312,315,318,319,320,322,323,324,325,328,329,330,333,335,336,340,341,342,344,345,348,350,351,352,354,357,360,363,364,368,370,372,374,375,376,377,378,380,384,385,387,390,391,392,396,399,400,402,403,405,406,408,410,413,414,416,418,420,423,424,425,427
200 429 count=390 nodes=433352 memo=216784 lexmin=47,62,63,76,81,84,86,87,88,90,93,95,98,104,105,106,108,110,112,114,115,116,117,120,121,123,124,126,128,130,132,133,134,138,140,143,144,145,147,150,152,153,154,155,156,159,160,161,162,164,165,168,170,171,174,175,176,177,180,182,183,184,185,186,187,188,189,190,192,195,196,198,200,203,204,205,207,208,209,210,215,216,217,220,221,222,224,225,228,230,231,234,235,238,240,242,244,245,246,247,248,250,252,253,255,258,259,260,261,264,265,266,268,270,272,273,275,276,279,280,282,285,286,287,288,290,294,295,297,299,300,301,304,306,308,310,312,315,318,319,320,322,323,324,325,328,329,330,333,335,336,340,341,342,344,345,348,350,351,352,354,357,360,363,364,368,370,372,374,375,376,377,378,380,384,385,387,390,391,392,396,399,400,402,403,405,406,407,408,410,413,414,416,418,420,423,424,425,427,429
201 432 count=23647 nodes=1260883 memo=627486 lexmin=37,47,68,76,81,86,87,88,95,98,102,104,106,108,110,111,114,115,116,117,119,120,121,123,124,126,128,130,132,133,134,135,136,138,140,143,144,145,147,148,150,152,154,156,159,160,161,162,164,165,168,170,171,172,174,175,176,177,180,182,183,184,185,186,187,188,189,190,192,195,196,198,200,203,204,205,207,208,209,210,215,216,217,220,221,224,225,228,230,231,234,235,238,240,242,244,245,246,247,248,250,252,253,255,258,259,260,261,264,265,266,268,270,272,273,275,276,279,280,282,285,286,287,288,290,294,295,296,297,299,300,301,304,306,308,310,312,315,318,319,320,322,323,324,325,328,329,330,333,335,336,340,341,342,344,345,348,350,351,352,354,357,360,363,364,368,370,372,374,375,376,377,378,380,384,385,390,391,392,396,399,400,402,403,405,406,407,408,410,413,414,416,418,420,423,424,425,427,429,430,432
202 432 count=3 nodes=49612 memo=24879 lexmin=47,62,76,80,81,86,87,88,90,93,95,98,104,105,106,108,110,112,114,115,116,117,120,121,123,124,126,128,130,132,133,134,135,138,140,143,144,145,147,150,152,153,154,155,156,159,160,161,162,164,165,168,170,171,172,174,175,176,177,180,182,183,184,185,186,187,188,189,190,192,195,196,198,200,203,204,205,207,208,209,210,215,216,217,220,221,222,224,225,228,230,231,234,235,238,240,242,244,245,246,247,248,250,252,253,255,258,259,260,261,264,265,266,268,270,272,273,275,276,279,280,282,285,286,287,288,290,294,295,297,299,300,301,304,306,308,310,312,315,318,319,320,322,323,324,325,328,329,330,333,335,336,340,341,342,344,345,348,350,351,352,354,357,360,363,364,368,370,372,374,375,376,377,378,380,384,385,390,391,392,396,399,400,402,403,405,406,407,408,410,413,414,416,418,420,423,424,425,427,429,430,432
203 435 count=208 nodes=142309 memo=70858 lexmin=47,66,68,76,81,86,87,93,95,98,99,102,104,105,106,108,110,114,115,116,117,119,120,121,123,124,126,128,130,132,133,134,135,136,138,140,143,144,145,147,150,152,154,155,156,159,160,161,162,164,165,168,170,171,172,174,175,176,177,180,182,183,184,185,186,187,188,189,190,192,195,196,198,200,203,204,205,207,208,209,210,215,216,217,220,221,222,224,225,228,230,231,232,234,235,238,240,242,244,245,246,247,250,252,253,255,258,259,260,264,265,266,268,270,272,273,275,276,279,280,282,285,286,287,288,290,294,295,297,299,300,301,304,306,308,310,312,315,318,319,320,322,323,324,325,328,329,330,333,335,336,340,341,342,344,345,348,350,351,352,354,357,360,363,364,368,370,372,374,375,376,377,378,380,384,385,390,391,392,396,399,400,402,403,405,406,407,408,410,413,414,416,418,420,423,424,425,427,429,430,432,434,435
204 437 count=208 nodes=123503 memo=62108 lexmin=47,66,68,81,86,87,92,93,95,98,99,102,104,105,106,108,110,114,115,116,117,119,120,121,123,124,126,128,130,132,133,134,135,136,138,140,143,144,145,147,150,152,154,155,156,159,160,161,162,164,165,168,170,171,172,174,175,176,177,180,182,183,184,185,186,187,188,189,190,192,195,196,198,200,203,204,205,207,208,209,210,215,216,217,220,221,222,224,225,228,230,231,232,234,235,238,240,242,244,245,246,247,250,252,253,255,258,259,260,264,265,266,268,270,272,273,275,276,279,280,282,285,286,287,288,290,294,295,297,299,300,301,304,306,308,310,312,315,318,319,320,322,323,324,325,328,329,330,333,335,336,340,341,342,344,345,348,350,351,352,354,357,360,363,364,368,370,372,374,375,376,377,378,380,384,385,390,391,392,396,399,400,402,403,405,406,407,408,410,413,414,416,418,420,423,424,425,427,429,430,432,434,435,437
205 441 count=4268 nodes=782411 memo=390444 lexmin=43,47,68,81,86,88,92,93,95,99,102,104,105,106,108,110,114,115,116,117,120,121,123,124,126,128,129,130,132,133,134,135,136,138,140,143,144,145,147,150,152,153,154,155,156,159,160,161,162,164,165,168,170,171,174,175,176,177,180,182,183,184,185,186,188,189,190,192,195,196,198,200,203,204,205,207,208,209,210,215,216,217,220,221,222,224,225,228,230,231,232,234,235,238,240,242,244,245,246,247,250,252,253,255,258,259,260,261,264,265,266,268,270,272,273,275,276,279,280,282,285,286,287,288,294,295,297,299,300,301,304,306,308,310,312,315,318,319,320,322,323,324,325,328,329,330,333,335,336,340,341,342,344,345,348,350,351,352,354,357,360,363,364,368,370,372,374,375,376,377,378,380,384,385,387,390,391,392,396,399,400,402,403,405,406,407,408,410,413,414,416,418,420,423,424,425,427,429,430,432,434,435,437,440,441
206 442 count=1957 nodes=544868 memo=273144 lexmin=43,47,77,81,85,86,88,92,93,95,99,102,105,106,108,114,115,116,117,119,120,121,123,124,126,128,129,130,132,133,134,135,138,140,143,144,145,147,150,152,153,154,155,156,159,160,161,162,164,165,168,170,171,174,175,176,177,180,182,183,184,185,186,187,188,189,190,192,195,196,198,200,203,204,205,207,208,209,210,215,216,217,220,221,222,224,225,228,230,231,232,234,235,238,240,242,244,245,246,247,250,252,253,255,258,259,260,261,264,265,266,268,270,272,273,275,276,279,280,282,285,286,287,288,294,295,297,299,300,301,304,306,308,310,312,315,318,319,320,322,323,324,325,328,329,330,333,335,336,340,341,342,344,345,348,350,351,352,354,357,360,363,364,368,370,372,374,375,376,377,378,380,384,385,387,390,391,392,396,399,400,402,403,405,406,407,408,410,413,414,416,418,420,423,424,425,427,429,430,432,434,435,437,440,441,442
207 444 count=19774 nodes=907576 memo=455683 lexmin=41,47,81,86,87,88,90,92,93,95,99,105,106,108,111,114,115,116,117,120,121,123,124,126,128,130,132,133,134,135,136,138,140,143,144,145,147,148,150,152,153,154,155,156,159,160,161,162,164,165,168,170,171,172,174,175,176,177,180,182,183,184,185,186,187,188,189,190,192,195,196,198,200,203,204,207,208,209,210,215,216,217,220,221,222,224,225,228,230,231,232,234,235,238,240,242,244,245,246,247,250,252,253,255,258,259,260,264,265,266,268,270,272,273,275,276,279,280,282,285,286,287,288,290,294,295,296,297,299,300,301,304,306,308,310,312,315,318,319,320,322,323,324,325,328,329,330,333,335,336,340,341,342,344,345,348,350,351,352,354,357,360,363,364,368,369,370,372,374,375,376,377,378,380,384,385,390,391,392,396,399,400,402,403,405,406,408,410,413,414,416,418,420,423,424,425,427,429,430,432,434,435,437,440,441,442,444
208 444 count=10 nodes=34287 memo=17490 lexmin=47,77,81,85,86,87,92,93,95,99,102,105,106,108,110,111,114,115,116,117,119,120,121,123,124,126,128,130,132,133,134,135,138,140,143,144,145,147,148,150,152,153,154,155,156,159,160,161,162,164,165,168,170,171,172,174,175,176,177,180,182,183,184,185,186,187,188,189,190,192,195,196,198,200,203,204,205,207,208,209,210,215,216,217,220,221,222,224,225,228,230,231,232,234,235,238,240,242,244,245,246,247,250,252,253,255,258,259,260,264,265,266,268,270,272,273,275,276,279,280,282,285,286,287,288,290,294,295,296,297,299,300,301,304,306,308,310,312,315,318,319,320,322,323,324,325,328,329,330,333,335,336,340,341,342,344,345,348,350,351,352,354,357,360,363,364,368,370,372,374,375,376,377,378,380,384,385,390,391,392,396,399,400,402,403,405,406,408,410,413,414,416,418,420,423,424,425,427,429,430,432,434,435,437,440,441,442,444
209 450 count=4 nodes=270614 memo=136455 lexmin=47,77,81,86,87,90,92,93,95,99,100,105,106,108,110,111,112,114,115,116,117,120,121,123,124,126,128,130,132,133,134,135,136,138,140,143,144,145,147,148,152,153,154,155,156,159,160,161,162,164,165,168,170,171,172,174,175,176,177,180,182,183,184,185,186,187,188,189,190,195,196,198,200,203,204,205,207,208,209,210,215,216,217,220,221,222,224,225,228,230,231,232,234,235,238,240,242,244,245,246,247,250,252,253,255,258,259,260,264,265,266,268,270,272,273,275,276,279,280,282,285,286,287,288,290,294,295,296,297,299,300,301,304,306,308,310,312,315,318,319,320,322,323,324,325,328,329,330,333,335,336,340,341,342,344,345,348,350,351,352,354,357,360,363,364,368,370,372,374,375,376,377,378,380,384,385,390,391,392,396,399,400,402,403,405,406,408,410,413,414,416,418,420,423,424,425,427,429,430,432,434,435,437,440,441,442,444,448,450
210 455 count=498 nodes=2013062 memo=1005711 lexmin=43,64,80,81,86,92,93,94,95,99,100,105,106,108,111,112,114,115,116,120,121,123,124,126,128,129,130,132,133,134,135,136,138,140,141,143,144,145,147,148,152,153,154,155,156,159,160,161,162,164,165,168,170,171,174,175,176,177,180,182,183,184,185,186,187,189,190,192,195,196,198,200,203,204,205,207,208,209,210,215,216,217,220,221,222,224,225,228,230,231,232,234,235,238,240,242,244,245,246,247,250,252,253,255,258,259,260,261,264,265,266,268,270,272,273,275,276,279,280,282,285,286,288,294,295,296,297,299,300,301,304,306,308,310,312,315,318,319,320,322,323,324,325,328,330,333,335,336,340,341,342,344,345,348,350,351,352,354,357,360,363,364,368,369,370,372,374,375,376,377,378,380,384,385,387,390,391,392,396,399,400,402,403,405,406,408,410,413,414,416,418,420,423,424,425,427,429,430,432,434,435,437,440,441,442,444,448,450,451,455
211 456 count=47 nodes=1111785 memo=555895 lexmin=47,64,80,81,85,86,87,92,93,99,100,102,105,106,108,111,112,114,115,116,119,120,121,124,126,128,130,132,133,134,135,138,140,143,144,145,147,148,152,153,154,155,156,159,160,161,162,164,165,168,170,171,172,174,175,176,177,180,182,183,184,185,186,187,188,189,190,192,195,196,198,200,203,204,207,208,209,210,215,216,217,220,221,222,224,225,228,230,231,232,234,235,238,240,242,244,245,246,247,250,252,253,255,258,259,260,264,265,266,268,270,272,273,275,276,279,280,282,285,286,287,288,290,294,295,296,297,299,300,301,304,306,308,310,312,315,318,319,320,322,323,324,325,328,329,330,333,335,336,340,341,342,344,345,348,350,351,352,354,357,360,363,364,368,369,370,372,374,375,376,377,378,380,384,385,390,391,392,396,399,400,402,403,405,406,408,410,413,414,416,418,420,423,424,425,427,429,430,432,434,435,437,440,441,442,444,448,450,451,455,456
212 460 count=474 nodes=3198181 memo=1593041 lexmin=47,64,65,69,80,86,92,93,99,100,104,105,106,108,111,112,114,115,116,119,120,121,124,126,128,130,132,133,134,135,136,138,140,143,144,145,147,148,152,153,154,155,156,159,160,161,164,165,168,170,171,172,174,175,176,177,180,182,183,184,185,186,187,188,189,190,192,195,196,198,200,203,204,207,208,209,210,215,216,217,220,221,222,224,225,228,230,231,232,234,235,238,240,242,244,245,246,247,250,252,253,255,258,259,260,261,264,265,266,268,270,272,273,275,276,279,280,282,285,286,287,288,294,295,296,297,299,300,301,304,306,308,310,312,315,318,319,320,322,323,324,325,328,329,330,333,335,336,340,341,342,344,345,348,350,351,352,354,357,360,363,364,368,369,370,372,374,375,376,377,378,380,384,385,390,391,392,396,399,400,402,403,405,406,408,410,413,414,416,418,420,423,424,425,427,429,430,432,434,435,437,440,441,442,444,448,450,451,455,456,459,460
213 462 count=70 nodes=1943563 memo=968361 lexmin=47,64,69,70,86,88,92,93,99,100,105,106,108,110,111,114,115,116,119,120,121,123,124,126,128,130,132,133,134,135,136,138,140,143,144,145,147,148,152,153,154,155,156,159,160,161,164,165,168,170,171,172,174,175,176,177,180,182,183,184,185,186,187,188,189,190,192,195,196,198,200,203,204,205,207,208,209,210,215,216,217,220,221,222,224,225,228,230,231,232,234,235,238,240,242,244,245,246,247,250,252,253,255,258,259,260,261,264,265,266,268,270,272,273,275,276,279,280,282,285,286,288,294,295,296,297,299,300,301,304,306,308,310,312,315,318,319,320,322,323,324,325,328,329,330,333,335,336,340,341,342,344,345,348,350,351,352,354,357,360,363,364,368,369,370,372,374,375,376,377,378,380,384,385,390,391,392,396,399,400,402,403,405,406,408,410,413,414,416,418,420,423,424,425,427,429,430,432,434,435,437,440,441,442,444,448,450,451,455,456,459,460,462
214 465 count=15053 nodes=7928918 memo=3918709 lexmin=43,47,64,69,84,86,87,92,100,104,106,108,111,112,114,115,117,119,120,121,124,126,128,129,130,132,133,134,135,136,138,140,143,144,145,147,148,152,153,154,155,156,159,160,161,164,165,168,170,171,174,175,176,177,180,182,183,184,185,186,187,188,189,190,192,195,196,198,200,203,204,207,208,209,210,215,216,217,220,221,222,224,225,228,230,231,234,235,238,240,242,244,245,246,247,248,250,252,253,255,258,259,260,261,264,265,266,268,270,272,273,275,276,279,280,282,285,286,287,288,290,294,295,296,297,299,300,301,304,306,308,310,312,315,318,319,320,322,323,324,325,328,329,330,333,335,336,340,341,342,344,345,348,350,351,352,354,357,360,363,364,368,369,370,372,374,375,376,377,378,380,384,385,387,390,391,392,396,399,400,402,405,406,408,410,413,414,416,418,420,423,424,425,427,429,430,432,434,435,437,440,441,442,444,448,450,451,455,456,459,460,462,464,465
215 468 count=1271 nodes=4812182 memo=2380802 lexmin=47,58,64,69,84,86,91,92,93,100,105,106,108,111,112,114,115,116,117,119,120,121,126,128,130,132,133,134,135,136,138,140,143,144,145,147,148,152,153,154,156,159,160,161,164,165,168,170,171,172,174,175,176,177,180,182,183,184,185,186,187,188,189,190,192,195,196,198,200,203,204,207,208,209,210,215,216,217,220,221,222,224,225,228,230,231,232,234,235,238,240,242,244,245,246,247,248,250,252,253,255,258,259,260,261,264,265,266,268,270,272,273,275,276,279,280,282,285,286,287,288,290,294,295,296,297,299,300,301,304,306,308,310,312,315,318,319,320,322,323,324,325,328,329,330,333,335,336,340,341,342,344,345,348,350,351,352,354,357,360,363,364,368,369,370,372,374,375,376,378,380,384,385,390,391,392,396,399,400,402,403,405,406,408,410,413,414,416,418,420,423,424,425,427,429,430,432,434,435,437,440,441,442,444,448,450,451,455,456,459,460,462,464,465,468
216 470 count=979 nodes=4033751 memo=1995034 lexmin=58,64,67,69,81,86,92,93,94,100,104,105,106,108,111,112,114,115,116,119,120,121,126,128,130,132,133,134,136,138,140,141,143,144,145,147,148,152,153,154,156,159,160,161,162,164,165,168,170,171,172,174,175,176,177,180,182,183,184,185,186,187,188,189,190,192,195,196,198,200,201,203,204,207,208,209,210,215,216,217,220,221,222,224,225,228,230,231,232,234,238,240,242,244,245,246,247,248,250,252,253,255,258,259,260,261,264,265,266,268,270,272,273,275,276,279,280,282,285,286,287,288,290,294,295,296,297,299,300,301,304,306,308,310,312,315,318,319,320,322,323,324,325,328,329,330,333,336,340,341,342,344,345,348,350,351,352,354,357,360,363,364,368,369,370,372,374,375,378,380,384,385,390,391,392,396,399,400,402,403,405,406,408,410,413,414,416,418,420,423,424,425,427,429,430,432,434,435,437,440,441,442,444,448,450,451,455,456,459,460,462,464,465,468,469,470
217 473 count=16 nodes=1703939 memo=845990 lexmin=64,67,69,77,87,92,93,99,100,104,105,106,108,110,111,112,114,115,117,119,120,121,123,126,128,129,130,132,133,134,135,136,138,140,141,143,144,145,147,148,152,153,154,159,160,161,164,165,168,170,171,174,175,176,177,180,182,183,184,185,186,187,188,189,190,192,195,196,198,200,201,203,204,205,207,208,209,210,215,216,217,220,221,222,224,225,228,230,231,234,235,238,240,242,244,245,246,247,248,250,252,253,255,258,259,260,261,264,265,266,268,270,272,273,275,276,279,280,282,285,286,288,290,294,295,296,297,299,300,301,304,306,308,310,312,315,318,319,320,322,323,324,325,328,330,333,336,340,341,342,344,345,348,350,351,352,354,357,360,363,364,368,369,370,372,374,375,376,377,378,380,384,385,390,391,392,396,399,400,402,403,405,406,408,410,413,414,416,418,420,424,425,427,429,430,432,434,435,437,440,441,442,444,448,450,451,455,456,459,460,462,464,465,468,469,470,473
218 475 count=11 nodes=623044 memo=306289 lexmin=64,67,69,77,87,92,93,99,100,104,105,106,108,110,111,112,115,117,119,120,121,123,126,128,129,130,132,133,134,135,136,138,140,141,143,144,145,147,148,150,152,153,154,159,160,161,164,165,168,170,171,174,175,176,177,180,182,183,184,185,186,187,188,189,190,192,195,196,198,200,201,203,204,205,207,208,209,210,215,216,217,220,221,222,224,225,228,230,231,234,235,238,240,242,244,245,246,247,248,250,252,253,255,258,259,260,261,264,265,266,268,270,272,273,275,276,279,280,282,285,286,288,290,294,295,296,297,299,300,301,304,306,308,310,312,315,318,319,320,322,323,324,325,328,330,333,336,340,341,342,344,345,348,350,351,352,354,357,360,363,364,368,369,370,372,374,375,376,377,378,380,384,385,390,391,392,396,399,400,402,403,405,406,408,410,413,414,416,418,420,424,425,427,429,430,432,434,435,437,440,441,442,444,448,450,451,455,456,459,460,462,464,465,468,469,470,473,475
219 477 count=706 nodes=3218057 memo=1587498 lexmin=53,58,67,69,88,92,93,94,99,100,102,104,106,108,111,115,116,119,120,121,126,128,129,130,132,133,134,135,136,138,140,141,143,144,145,147,148,150,152,153,154,156,159,160,161,164,165,168,170,171,174,175,176,177,180,182,183,184,185,186,187,188,189,190,195,196,198,200,201,203,204,207,208,209,210,212,215,216,217,220,221,222,224,225,228,230,231,232,234,238,240,242,244,245,246,247,248,250,252,253,255,258,259,260,261,264,266,268,270,272,273,275,276,279,280,282,285,286,287,288,290,294,295,296,297,299,300,301,304,306,308,310,312,315,318,319,320,322,323,324,325,328,329,330,333,336,340,341,342,344,345,348,350,351,352,354,357,360,363,364,368,369,370,371,372,374,375,378,380,384,385,390,391,392,396,399,400,402,403,405,406,408,410,413,414,416,418,420,423,424,425,427,429,430,432,434,435,437,440,441,442,444,448,450,451,455,456,459,460,462,464,465,468,469,470,473,475,476,477
220 480 count=43 nodes=1755562 memo=867066 lexmin=53,64,67,69,87,88,92,93,94,96,99,100,102,106,108,111,115,119,120,121,126,128,129,132,133,134,135,136,138,140,141,143,144,145,147,148,150,152,153,154,156,159,160,161,164,165,168,170,171,174,175,176,177,180,182,183,184,185,186,187,188,189,190,192,195,196,198,200,201,203,204,207,208,209,210,212,215,216,217,220,221,222,224,225,228,230,231,234,238,240,242,244,245,246,247,248,250,252,253,255,258,259,260,261,264,266,268,270,272,273,275,276,279,280,282,285,286,287,288,290,294,295,296,297,299,300,301,304,306,308,310,312,315,318,319,320,322,323,324,325,328,329,330,333,336,340,341,342,344,345,348,350,351,352,354,357,360,363,364,368,369,370,371,372,374,375,377,378,380,384,385,390,391,392,396,399,400,402,403,405,406,408,410,413,414,416,418,420,423,424,425,427,429,430,432,434,435,437,440,441,442,444,448,450,451,455,456,459,460,462,464,465,468,469,470,473,475,476,477,480
221 483 count=3637 nodes=4692580 memo=2300199 lexmin=43,53,64,67,87,92,93,94,96,100,102,105,106,108,110,115,117,119,120,121,126,128,129,130,133,134,135,136,138,140,141,143,144,145,147,150,152,153,154,156,159,160,161,164,165,168,170,171,172,174,175,176,177,180,182,183,185,186,187,188,189,190,192,195,196,198,200,201,203,204,207,208,209,210,212,215,216,217,220,221,224,225,228,230,231,234,238,240,242,244,245,246,247,248,250,252,253,255,259,260,261,264,266,268,270,272,273,275,276,279,280,282,285,286,287,288,290,294,295,296,297,299,300,301,304,306,308,310,312,315,318,319,320,322,323,324,325,328,329,330,333,336,340,341,342,344,345,348,350,351,352,354,357,360,363,364,368,369,370,371,372,374,375,377,378,380,384,385,387,390,391,392,396,399,400,402,403,405,406,407,408,410,413,414,416,418,420,423,424,425,427,429,430,432,434,435,437,440,441,442,444,448,450,451,455,456,459,460,462,464,465,468,469,470,473,475,476,477,480,481,483
222 486 count=4569 nodes=13648932 memo=6648608 lexmin=43,53,64,67,87,92,93,94,96,100,102,105,106,110,115,117,119,120,121,126,128,129,130,133,134,135,136,138,140,141,143,144,145,147,150,152,153,154,156,159,160,161,162,164,165,168,170,171,172,174,175,176,177,180,182,183,185,186,187,188,189,190,192,195,196,198,200,201,203,204,207,208,209,210,212,215,216,217,220,221,224,225,228,230,231,234,238,240,242,243,244,245,246,247,248,250,252,253,255,259,260,261,264,266,268,270,272,273,275,276,279,280,282,285,286,287,288,290,294,295,296,297,299,300,301,304,306,308,310,312,315,318,319,320,322,323,325,328,329,330,333,336,340,341,342,344,345,348,350,351,352,354,357,360,363,364,368,369,370,371,372,374,375,377,378,380,384,385,387,390,391,392,396,399,400,402,403,405,406,407,408,410,413,414,416,418,420,423,424,425,427,429,430,432,434,435,437,440,441,442,444,448,450,451,455,456,459,460,462,464,465,468,469,470,473,475,476,477,480,481,483,486
223 490 count=22 nodes=8190302 memo=3998170 lexmin=53,64,67,80,81,87,92,93,94,96,100,102,105,106,108,110,112,115,117,119,120,121,126,128,129,130,133,134,136,138,140,141,143,144,145,150,152,153,154,156,159,160,161,164,165,168,170,171,174,175,176,177,180,182,183,185,186,187,188,189,190,192,195,196,198,200,201,203,204,207,208,209,210,212,215,216,217,220,221,224,225,228,230,231,234,238,240,242,243,244,245,246,247,248,250,252,253,255,258,259,260,261,264,266,268,270,272,273,275,276,279,280,282,285,286,287,288,290,294,295,296,297,299,300,301,304,306,308,310,312,315,318,319,320,322,323,324,325,328,329,330,333,336,340,341,342,344,345,348,350,351,352,354,357,360,363,364,368,369,370,371,372,374,375,377,378,380,384,385,390,391,392,396,399,400,402,403,405,406,407,408,410,413,414,416,418,420,423,424,425,427,429,430,432,434,435,437,440,441,442,444,448,450,451,455,456,459,460,462,464,465,468,469,470,473,475,476,477,480,481,483,486,490
224 493 count=3349 nodes=23521557 memo=11485390 lexmin=41,53,64,67,85,92,93,96,100,102,105,106,110,115,116,117,119,120,121,123,126,128,129,130,133,134,135,136,138,140,141,143,144,150,152,153,154,156,159,160,161,162,165,168,170,171,174,175,176,177,180,182,183,185,186,187,188,189,190,192,195,196,198,200,201,203,204,205,207,208,209,210,212,215,216,217,220,221,224,225,228,230,231,232,234,235,238,240,242,243,244,245,246,247,248,250,252,253,255,258,259,260,261,264,266,268,270,272,273,275,276,279,280,282,285,286,287,288,290,294,295,296,297,299,300,301,304,306,308,310,312,315,318,319,320,322,323,325,328,330,333,336,340,341,342,344,345,348,350,351,352,354,357,360,363,364,368,369,370,371,372,374,375,376,377,378,380,384,385,390,391,392,396,399,400,402,403,405,406,407,408,410,413,414,416,418,420,424,425,427,429,430,432,434,435,437,440,441,442,444,448,450,451,455,456,459,460,462,464,465,468,469,470,473,475,476,477,480,481,483,486,490,492,493
225 494 count=53 nodes=11341821 memo=5488277 lexmin=53,64,67,81,82,85,92,93,94,96,100,102,104,105,106,108,110,115,116,117,119,120,121,126,128,129,134,136,138,140,141,143,144,150,152,153,154,156,159,160,161,164,165,168,170,171,174,175,176,177,180,182,183,185,186,187,188,189,190,192,195,196,198,200,201,203,204,205,207,208,209,210,212,215,216,217,220,221,224,225,228,230,231,232,234,238,240,242,243,244,245,246,247,248,250,252,253,255,258,259,260,261,264,266,268,270,272,273,275,276,279,280,282,285,286,287,288,290,294,295,296,297,299,300,301,304,306,308,310,312,315,318,319,320,322,323,324,325,328,329,330,333,336,340,341,342,344,345,348,350,351,352,354,357,360,363,364,368,369,370,371,372,374,375,377,378,380,384,385,390,391,392,396,399,400,402,403,405,406,407,408,413,414,416,418,420,423,424,425,427,429,430,432,434,435,437,440,441,442,444,448,450,451,455,456,459,460,462,464,465,468,469,470,473,475,476,477,480,481,483,486,490,492,493,494
226 496 count=2751 nodes=34681249 memo=16831281 lexmin=53,55,67,82,85,92,93,94,96,100,102,104,105,106,110,115,116,117,119,121,124,126,128,129,132,134,135,136,138,140,141,143,144,150,152,153,154,155,156,159,160,161,162,164,165,168,170,171,174,175,176,177,180,182,183,185,186,187,188,189,190,195,196,198,200,201,203,204,205,207,208,209,210,212,215,216,217,220,221,224,225,228,230,231,232,234,238,240,242,243,244,245,246,247,250,252,253,255,258,259,260,261,264,266,268,270,272,273,275,276,279,280,282,285,286,287,288,290,294,295,296,297,299,300,301,304,306,308,310,312,315,318,319,320,322,323,325,328,329,330,333,336,340,341,342,344,345,348,350,351,352,354,357,360,363,364,368,369,370,371,372,374,375,377,378,380,384,385,390,391,392,396,399,400,402,403,405,406,407,408,413,414,416,418,420,423,424,425,427,429,430,432,434,435,437,440,441,442,444,448,450,451,455,456,459,460,462,464,465,468,469,470,473,475,476,477,480,481,483,486,490,492,493,494,495,496
227 497 count=15364794 nodes=720219045 memo=23488102 lexmin=39,53,67,82,85,92,93,94,96,100,102,104,106,115,116,117,119,121,124,126,128,129,130,132,134,135,136,138,140,141,143,144,150,152,153,154,155,156,159,160,161,162,164,168,170,171,174,175,176,177,180,182,183,185,186,187,188,189,190,195,196,198,200,201,203,204,205,207,208,209,210,212,213,215,216,217,220,221,224,225,228,230,231,232,234,238,240,242,243,244,245,246,247,250,252,253,255,258,259,260,261,264,266,268,270,272,273,275,276,279,280,282,285,286,287,288,290,294,295,296,297,299,300,301,304,306,308,310,312,315,318,319,320,322,323,325,328,329,330,333,336,340,341,342,344,345,348,350,351,352,354,355,357,360,363,364,368,369,370,371,372,374,375,377,378,380,384,385,390,391,392,396,399,400,402,403,405,406,407,408,413,414,416,418,420,423,424,425,427,429,430,432,434,435,437,440,441,442,444,448,450,451,455,456,459,460,462,464,465,468,469,470,473,475,476,477,480,481,483,486,490,492,493,494,495,496,497
228 497 count=3666 nodes=52118234 memo=4974745 lexmin=53,55,67,82,85,92,93,94,96,100,102,104,106,110,115,116,117,119,121,124,126,128,129,132,134,135,136,138,140,141,143,144,150,152,153,154,155,156,159,160,161,162,164,165,168,170,171,174,175,176,177,180,182,183,185,186,187,188,189,190,195,196,198,200,201,203,204,205,207,208,209,210,212,213,215,216,217,220,221,224,225,228,230,231,232,234,238,240,242,243,244,245,246,247,250,252,253,255,258,259,260,261,264,266,268,270,272,273,275,276,279,280,282,285,286,287,288,290,294,295,296,297,299,300,301,304,306,308,310,312,315,318,319,320,322,323,325,328,329,330,333,336,340,341,342,344,345,348,350,351,352,354,355,357,360,363,364,368,369,370,371,372,374,375,377,378,380,384,385,390,391,392,396,399,400,402,403,405,406,407,408,413,414,416,418,420,423,424,425,427,429,430,432,434,435,437,440,441,442,444,448,450,451,455,456,459,460,462,464,465,468,469,470,473,475,476,477,480,481,483,486,490,492,493,494,495,496,497
229 500 count=3531 nodes=50773458 memo=4853429 lexmin=53,55,67,82,85,92,93,94,96,102,104,106,110,115,116,117,119,121,124,125,126,128,129,132,134,135,136,138,140,141,143,144,150,152,153,154,155,156,159,160,161,162,164,165,168,170,171,174,175,176,177,180,182,183,185,186,187,188,189,190,195,196,198,200,201,203,204,205,207,208,209,210,212,213,215,216,217,220,221,224,225,228,230,231,232,234,238,240,242,243,244,245,246,247,250,252,253,255,258,259,260,261,264,266,268,270,272,273,275,276,279,280,282,285,286,287,288,290,294,295,296,297,299,300,301,304,306,308,310,312,315,318,319,320,322,323,325,328,329,330,333,336,340,341,342,344,345,348,350,351,352,354,355,357,360,363,364,368,369,370,371,372,374,375,377,378,380,384,385,390,391,392,396,399,400,402,403,405,406,407,408,413,414,416,418,420,423,424,425,427,429,430,432,434,435,437,440,441,442,444,448,450,451,455,456,459,460,462,464,465,468,469,470,473,475,476,477,480,481,483,486,490,492,493,494,495,496,497,500
230 504 count=333 nodes=31114863 memo=3073285 lexmin=53,64,67,77,82,85,92,93,96,102,104,112,115,116,117,119,120,121,124,125,126,128,129,132,134,135,136,138,140,141,143,144,150,152,153,154,155,156,160,161,162,164,165,168,170,171,174,175,176,177,180,182,183,185,186,187,188,189,190,192,195,196,198,200,201,203,204,205,207,208,209,210,213,215,216,217,220,221,224,225,228,230,231,232,234,235,238,240,242,243,244,245,246,247,250,252,253,255,258,259,260,261,264,265,266,268,270,272,273,275,276,279,280,282,285,286,287,288,290,294,295,296,297,299,300,301,304,306,308,310,312,315,318,319,320,322,323,325,328,330,333,336,340,341,342,344,345,348,350,351,352,354,355,357,360,363,364,368,369,370,371,372,374,375,376,377,378,380,384,385,390,391,392,396,399,400,402,403,405,406,407,408,413,414,416,418,420,424,425,427,429,430,432,434,435,437,440,441,442,444,448,450,451,455,456,459,460,462,464,465,468,469,470,473,475,476,477,480,481,483,486,490,492,493,494,495,496,497,500,504
231 510 count=34757 nodes=116954562 memo=10511119 lexmin=41,53,67,69,91,93,96,102,104,106,110,115,116,117,119,120,121,123,124,125,126,128,129,130,132,134,135,136,140,141,144,150,152,153,154,155,156,159,160,161,162,165,168,170,171,174,175,176,177,180,182,183,184,185,186,188,189,190,195,196,198,200,201,203,204,205,207,208,209,210,212,213,215,216,217,220,221,224,225,228,230,231,232,234,235,238,240,242,243,244,245,246,247,250,252,253,255,258,259,260,261,264,266,268,270,272,273,275,276,279,280,282,285,286,287,288,290,294,295,296,297,299,300,301,304,306,308,310,312,315,318,319,320,322,323,325,328,330,333,336,340,341,342,344,345,348,350,351,352,354,355,357,360,363,364,368,369,370,371,372,374,375,376,377,378,380,384,385,390,391,392,396,399,400,402,403,405,406,407,408,410,413,414,416,418,420,424,425,427,429,430,432,434,435,437,440,441,442,444,448,450,451,455,456,459,460,462,464,465,468,469,470,473,475,476,477,480,481,483,486,490,492,493,494,495,496,497,500,504,506,510
234 511 count=5305 nodes=49459156 memo=4599524 lexmin=53,63,73,82,93,96,99,102,104,105,106,110,116,117,119,120,121,124,125,126,128,129,132,134,135,136,138,140,141,143,144,146,150,152,153,154,155,156,159,160,161,162,164,165,168,170,171,174,175,176,177,180,182,183,184,185,186,188,189,190,195,196,198,200,203,204,205,207,208,209,210,212,213,215,216,217,220,221,224,225,228,230,231,232,234,235,238,240,242,243,244,245,246,247,250,252,253,255,258,259,260,261,264,266,268,270,272,273,275,276,279,280,282,285,286,287,288,290,292,294,295,296,297,299,300,301,304,306,308,310,312,315,318,319,320,323,325,328,330,333,335,336,340,341,342,344,345,348,350,351,352,354,355,357,360,363,364,365,368,369,370,371,372,374,375,376,377,378,380,384,385,390,391,392,396,399,400,402,403,405,406,407,408,413,414,416,418,420,424,425,427,429,430,432,434,435,437,438,440,441,442,444,448,450,451,455,456,459,460,462,464,465,468,470,473,475,476,477,480,481,483,486,490,492,493,494,495,496,497,500,504,506,510,511
235 513 count=41 nodes=24298126 memo=2365856 lexmin=53,67,73,81,82,93,94,96,99,102,104,106,108,116,117,119,120,121,124,125,126,128,129,134,135,136,138,140,141,143,144,146,150,153,154,155,156,159,160,161,164,165,168,170,171,174,175,176,177,180,182,183,184,185,186,188,189,190,195,196,198,200,201,203,204,205,207,208,209,210,212,213,215,216,217,220,221,224,225,228,230,231,232,234,238,240,242,243,244,245,246,247,250,252,253,255,258,259,260,261,264,266,268,270,272,273,275,276,279,280,282,285,286,287,288,290,292,294,295,296,297,299,300,301,304,306,308,310,312,315,318,319,320,323,324,325,328,329,330,333,336,340,341,342,344,345,348,350,351,352,354,355,357,360,363,364,365,368,369,370,371,372,374,375,377,378,380,384,385,390,391,392,396,399,400,402,403,405,406,407,408,413,414,416,418,420,423,424,425,427,429,430,432,434,435,437,438,440,441,442,444,448,450,451,455,456,459,460,462,464,465,468,469,470,473,475,476,477,480,481,483,486,490,492,493,494,495,496,497,500,504,506,510,511,513
236 516 count=41 nodes=26117699 memo=2495640 lexmin=53,67,73,81,82,93,94,96,99,102,104,106,108,116,117,119,120,121,124,125,126,128,134,135,136,138,140,141,143,144,146,150,153,154,155,156,159,160,161,164,165,168,170,171,172,174,175,176,177,180,182,183,184,185,186,188,189,190,195,196,198,200,201,203,204,205,207,208,209,210,212,213,215,216,217,220,221,224,225,228,230,231,232,234,238,240,242,243,244,245,246,247,250,252,253,255,258,259,260,261,264,266,268,270,272,273,275,276,279,280,282,285,286,287,288,290,292,294,295,296,297,299,300,301,304,306,308,310,312,315,318,319,320,323,324,325,328,329,330,333,336,340,341,342,344,345,348,350,351,352,354,355,357,360,363,364,365,368,369,370,371,372,374,375,377,378,380,384,385,390,391,392,396,399,400,402,403,405,406,407,408,413,414,416,418,420,423,424,425,427,429,430,432,434,435,437,438,440,441,442,444,448,450,451,455,456,459,460,462,464,465,468,469,470,473,475,476,477,480,481,483,486,490,492,493,494,495,496,497,500,504,506,510,511,513,516
237 517 count=4037 nodes=59899612 memo=5423543 lexmin=53,64,67,73,81,82,93,94,96,102,104,106,112,116,117,119,120,121,124,125,128,132,134,136,138,140,141,143,144,146,150,153,154,155,156,159,160,164,165,168,170,171,172,174,175,176,177,180,182,183,184,185,186,188,189,190,192,195,196,198,200,201,203,204,205,208,209,210,212,213,215,216,217,220,221,224,225,228,230,231,232,234,235,238,240,242,243,244,245,246,247,250,252,253,255,258,259,260,261,264,266,268,270,272,273,275,276,279,280,285,286,287,288,290,292,294,295,296,297,299,300,301,304,306,308,310,312,315,318,319,320,322,323,324,325,328,329,330,333,336,340,341,342,344,345,348,350,351,352,354,355,357,360,363,364,365,368,369,370,371,372,374,375,376,377,378,380,384,385,390,391,392,396,399,400,402,403,405,406,407,408,413,414,416,418,420,423,424,425,427,429,430,432,434,435,437,438,440,441,442,444,448,450,451,455,456,459,460,462,464,465,468,469,470,473,475,476,477,480,481,483,486,490,492,493,494,495,496,497,500,504,506,510,511,513,516,517
238 518 count=12716 nodes=73283137 memo=6454643 lexmin=53,64,73,74,81,82,93,94,96,102,104,111,112,116,117,119,120,121,124,125,128,132,134,136,138,140,141,143,144,146,148,150,153,154,155,156,160,164,165,168,170,171,172,174,175,176,177,180,182,183,184,185,186,188,189,190,192,195,196,198,200,203,204,205,208,209,210,213,215,216,217,220,221,222,224,225,228,230,231,232,234,235,238,240,242,243,244,245,246,247,250,252,253,255,258,259,260,261,264,265,266,268,270,272,273,275,276,279,280,285,286,287,288,290,292,294,295,296,297,299,300,301,304,306,308,310,312,315,318,319,320,322,323,324,325,328,329,330,333,335,336,340,341,342,344,345,348,350,351,352,354,355,357,360,363,364,365,368,369,370,371,372,374,375,376,377,378,380,384,385,390,391,392,396,399,400,402,403,405,406,407,408,413,414,416,418,420,423,424,425,427,429,430,432,434,435,437,438,440,441,442,444,448,450,451,455,456,459,460,462,464,465,468,470,473,475,476,477,480,481,483,486,490,492,493,494,495,496,497,500,504,506,510,511,513,516,517,518
239 520 count=7009 nodes=45519861 memo=4148849 lexmin=53,64,73,74,81,82,93,94,96,102,111,112,116,117,119,120,121,124,125,128,130,132,134,136,138,140,141,143,144,146,148,150,153,154,155,156,160,164,165,168,170,171,172,174,175,176,177,180,182,183,184,185,186,188,189,190,192,195,196,198,200,203,204,205,208,209,210,213,215,216,217,220,221,222,224,225,228,230,231,232,234,235,238,240,242,243,244,245,246,247,250,252,253,255,258,259,260,261,264,265,266,268,270,272,273,275,276,279,280,285,286,287,288,290,292,294,295,296,297,299,300,301,304,306,308,310,312,315,318,319,320,322,323,324,325,328,329,330,333,335,336,340,341,342,344,345,348,350,351,352,354,355,357,360,363,364,365,368,369,370,371,372,374,375,376,377,378,380,384,385,390,391,392,396,399,400,402,403,405,406,407,408,413,414,416,418,420,423,424,425,427,429,430,432,434,435,437,438,440,441,442,444,448,450,451,455,456,459,460,462,464,465,468,470,473,475,476,477,480,481,483,486,490,492,493,494,495,496,497,500,504,506,510,511,513,516,517,518,520
240 522 count=195 nodes=19494948 memo=1902059 lexmin=53,67,73,74,81,82,93,94,96,102,106,111,117,119,121,124,125,126,128,130,132,134,136,138,140,141,143,144,145,146,148,150,153,154,155,156,159,160,164,165,168,170,171,172,175,176,177,180,182,183,184,185,186,188,189,190,195,196,198,200,201,203,204,205,208,209,210,212,213,215,216,217,220,221,222,224,225,228,230,231,232,234,235,238,240,242,243,244,245,246,247,250,252,253,255,258,259,260,261,264,266,268,270,272,273,275,276,279,280,285,286,287,288,290,292,294,295,296,297,299,300,301,304,306,308,310,312,315,318,319,320,322,323,324,325,328,329,330,333,336,340,341,342,344,345,348,350,351,352,354,355,357,360,363,364,365,368,369,370,371,372,374,375,376,377,378,380,384,385,390,391,392,396,399,400,402,403,405,406,407,408,413,414,416,418,420,423,424,425,427,429,430,432,434,435,437,438,440,441,442,444,448,450,451,455,456,459,460,462,464,465,468,469,470,473,475,476,477,480,481,483,486,490,492,493,494,495,496,497,500,504,506,510,511,513,516,517,518,520,522
233 511 count=22036741 nodes=345435860 memo=23488102 lexmin=SKIPPED
242 527 count=1626 nodes=18907125 memo=1824404 lexmin=53,64,73,74,81,82,94,96,100,106,110,111,112,117,121,124,125,126,128,130,134,136,138,140,141,143,144,145,146,148,150,153,154,156,159,160,164,165,168,170,171,172,175,176,177,180,182,183,184,185,186,187,188,189,190,192,195,196,198,200,203,204,205,208,209,210,212,213,215,216,217,220,221,222,224,225,228,230,231,232,234,235,238,240,242,243,244,245,246,247,248,250,252,253,255,258,259,260,261,264,266,268,270,272,273,275,276,279,280,285,286,287,288,290,292,294,295,296,297,299,300,301,304,306,308,310,312,315,318,319,320,322,323,324,325,328,329,330,333,335,336,340,341,342,344,345,348,350,351,352,354,355,357,360,363,364,365,368,369,370,371,372,374,375,376,377,378,380,384,385,390,391,392,396,399,400,402,403,405,406,407,408,413,414,416,418,420,423,424,425,427,429,430,432,434,435,437,438,440,441,442,444,448,450,451,455,456,459,460,462,464,465,468,470,473,475,476,477,480,481,483,486,490,492,493,494,495,496,497,500,504,506,510,511,513,516,517,518,520,522,525,527
243 528 count=93 nodes=10676138 memo=1067712 lexmin=53,73,74,81,82,88,94,96,100,106,108,111,112,117,121,124,125,126,128,130,134,135,136,138,140,141,143,144,145,146,148,150,153,154,156,159,160,164,165,168,170,171,172,175,176,177,180,182,183,184,185,186,187,188,189,190,195,196,198,200,203,204,205,208,209,210,212,213,215,216,217,220,221,222,224,225,228,230,231,232,234,235,238,240,242,243,244,245,246,247,248,250,252,253,255,258,259,260,261,264,266,268,270,272,273,275,276,279,280,285,286,287,288,290,292,294,295,296,297,299,300,301,304,306,308,310,312,315,318,319,320,322,323,324,325,328,329,330,333,335,336,340,341,342,344,345,348,350,351,352,354,355,357,360,363,364,365,368,369,370,371,372,374,375,376,377,378,380,384,385,390,391,392,396,399,400,402,403,405,406,407,408,413,414,416,418,420,423,424,425,427,429,430,432,434,435,437,438,440,441,442,444,448,450,451,455,456,459,460,462,464,465,468,470,473,475,476,477,480,481,483,486,490,492,493,494,495,496,497,500,504,506,510,511,513,516,517,518,520,522,525,527,528
244 530 count=145215 nodes=72671622 memo=6935534 lexmin=41,73,74,81,88,94,96,100,108,111,112,117,120,121,123,124,125,126,128,130,134,135,136,138,140,141,143,144,145,146,148,150,153,154,156,159,160,165,168,170,171,172,175,176,177,180,182,183,184,185,186,187,188,189,190,195,196,198,200,203,204,205,208,209,210,212,213,215,216,217,220,221,222,224,225,228,230,231,232,234,235,238,240,242,243,244,245,246,247,248,250,252,253,255,258,259,260,261,264,265,266,268,270,272,273,275,276,279,280,285,286,287,288,290,292,294,295,296,297,299,300,301,304,306,308,310,312,315,318,319,320,322,323,324,325,328,329,330,333,335,336,340,341,342,344,345,348,350,351,352,354,355,357,360,363,364,365,368,369,370,371,372,374,375,376,377,378,380,384,385,390,391,392,396,399,400,402,403,405,406,407,408,410,413,414,416,418,420,423,425,427,429,430,432,434,435,437,438,440,441,442,444,448,450,451,455,456,459,460,462,464,465,468,470,473,475,476,477,480,481,483,486,490,492,493,494,495,496,497,500,504,506,510,511,513,516,517,518,520,522,525,527,528,530
245 530 count=2 nodes=6068327 memo=662382 lexmin=73,74,81,82,88,94,96,100,108,110,111,112,117,120,121,124,125,126,128,130,132,134,135,136,138,140,141,143,144,145,146,148,150,153,154,156,159,160,164,165,168,170,171,172,175,176,177,180,182,183,184,185,186,187,188,189,190,195,196,198,200,203,204,205,208,209,210,212,213,215,216,217,220,221,222,224,225,228,230,231,232,234,235,238,240,242,243,244,245,246,247,248,250,252,253,255,258,259,260,261,264,265,266,268,270,272,273,275,276,279,280,285,286,287,288,290,292,294,295,296,297,299,300,301,304,306,308,310,312,315,318,319,320,322,323,324,325,328,329,330,333,335,336,340,341,342,344,345,348,350,351,352,354,355,357,360,363,364,365,368,369,370,371,372,374,375,376,377,378,380,384,385,390,391,392,396,399,400,402,403,405,406,407,408,413,414,416,418,420,423,425,427,429,430,432,434,435,437,438,440,441,442,444,448,450,451,455,456,459,460,462,464,465,468,470,473,475,476,477,480,481,483,486,490,492,493,494,495,496,497,500,504,506,510,511,513,516,517,518,520,522,525,527,528,530
246 531 count=484 nodes=20841477 memo=2142857 lexmin=64,73,74,81,82,94,96,100,108,110,111,117,118,120,121,124,125,128,130,132,134,135,136,138,140,141,143,144,145,146,148,150,153,156,159,160,164,165,168,170,171,172,175,176,177,180,182,183,184,185,186,187,188,189,190,192,195,196,198,200,203,204,205,208,209,210,212,213,215,216,217,220,221,222,224,225,228,230,231,232,234,235,236,238,240,242,243,244,245,246,247,248,250,252,253,255,258,259,260,261,264,265,266,268,270,272,273,275,276,279,280,285,286,287,288,290,292,294,295,296,297,299,300,301,304,306,308,310,312,315,318,319,320,322,323,324,325,328,329,330,333,335,336,340,341,342,344,345,348,350,351,352,355,357,360,363,364,365,368,369,370,371,372,374,375,376,377,378,380,384,385,390,391,392,396,399,400,402,403,405,406,407,408,413,414,416,418,420,423,425,427,429,430,432,434,435,437,438,440,441,442,444,448,450,451,455,456,459,460,462,464,465,468,470,472,473,475,476,477,480,481,483,486,490,492,493,494,495,496,497,500,504,506,510,511,513,516,517,518,520,522,525,527,528,530,531
247 532 count=33 nodes=12749264 memo=1339874 lexmin=73,74,81,82,88,94,96,100,108,111,112,117,118,120,121,124,125,128,130,133,134,135,136,138,140,141,143,144,145,146,148,150,152,153,154,156,159,160,164,165,168,170,171,172,175,176,177,180,182,183,184,185,186,187,188,189,195,196,198,200,203,204,205,208,209,210,212,213,215,216,217,220,221,222,224,225,228,230,231,232,234,235,236,238,240,242,243,244,245,246,247,248,250,252,253,255,258,259,260,261,264,265,266,268,270,272,273,275,276,279,280,285,286,287,288,290,292,294,295,296,297,299,300,301,304,306,308,310,312,315,318,319,320,322,323,324,325,328,329,330,333,335,336,340,341,342,344,345,348,350,351,352,355,357,360,363,364,365,368,369,370,371,372,374,375,376,377,378,380,384,385,390,391,392,396,399,400,402,403,405,406,407,408,413,414,416,418,420,423,425,427,429,430,432,434,435,437,438,440,441,442,444,448,450,451,455,456,459,460,462,464,465,468,470,472,473,475,476,477,480,481,483,486,490,492,493,494,495,496,497,500,504,506,510,511,513,516,517,518,520,522,525,527,528,530,531,532
241 527 count=6962131 nodes=172300746 memo=14138278 lexmin=41,53,64,73,74,81,94,96,100,110,111,112,117,121,123,124,125,126,128,130,134,136,138,140,141,143,144,145,146,148,150,153,154,156,160,165,168,170,171,172,175,176,177,180,182,183,184,185,186,187,188,189,190,192,195,196,198,200,203,204,205,208,209,210,213,215,216,217,220,221,222,224,225,228,230,231,232,234,235,238,240,242,243,244,245,246,247,248,250,252,253,255,258,259,260,261,264,265,266,268,270,272,273,275,276,279,280,285,286,287,288,290,292,294,295,296,297,299,300,301,304,306,308,310,312,315,318,319,320,322,323,324,325,328,329,330,333,335,336,340,341,342,344,345,348,350,351,352,354,355,357,360,363,364,365,368,369,370,371,372,374,375,376,377,378,380,384,385,390,391,392,396,399,400,402,403,405,406,407,408,410,413,414,416,418,420,423,424,425,427,429,430,432,434,435,437,438,440,441,442,444,448,450,451,455,456,459,460,462,464,465,468,470,473,475,476,477,480,481,483,486,490,492,493,494,495,496,497,500,504,506,510,511,513,516,517,518,520,522,525,527
249 535 count=80705 nodes=111501139 memo=10397359 lexmin=54,73,74,82,94,96,100,107,111,118,120,121,124,125,126,128,132,133,134,135,136,138,140,141,143,144,145,146,148,150,152,153,154,156,159,160,161,162,164,165,168,170,171,172,175,177,180,182,183,184,185,186,187,188,189,195,196,198,200,203,204,205,207,208,209,210,212,213,215,216,217,220,221,222,224,225,228,230,231,232,234,235,236,238,240,242,243,244,245,246,247,248,250,252,253,255,258,259,260,261,264,265,266,268,270,272,273,275,276,279,280,285,286,287,288,290,292,294,295,296,297,299,300,301,304,306,308,310,312,315,318,319,320,321,323,325,328,329,330,333,335,336,340,341,342,344,345,348,350,351,352,355,357,360,363,364,365,368,369,370,371,372,374,375,376,377,378,380,384,385,390,391,392,396,399,400,402,403,405,406,407,408,410,413,414,416,418,420,423,425,427,428,429,430,432,434,435,437,438,440,441,442,444,448,450,455,456,459,460,462,464,465,468,470,472,473,475,476,477,480,481,483,486,490,492,493,494,495,496,497,500,504,506,510,511,513,516,517,518,520,522,525,527,528,530,531,532,533,535
250 535 count=1 nodes=9671003 memo=1036712 lexmin=73,74,81,82,94,96,100,107,108,111,118,120,121,124,125,126,128,132,133,134,135,136,138,140,141,143,144,145,146,148,150,152,153,154,156,159,160,161,164,165,168,170,171,172,175,177,180,182,183,184,185,186,187,188,189,195,196,198,200,203,204,205,207,208,209,210,212,213,215,216,217,220,221,222,224,225,228,230,231,232,234,235,236,238,240,242,243,244,245,246,247,248,250,252,253,255,258,259,260,261,264,265,266,268,270,272,273,275,276,279,280,285,286,287,288,290,292,294,295,296,297,299,300,301,304,306,308,310,312,315,318,319,320,321,323,324,325,328,329,330,333,335,336,340,341,342,344,345,348,350,351,352,355,357,360,363,364,365,368,369,370,371,372,374,375,376,377,378,380,384,385,390,391,392,396,399,400,402,403,405,406,407,408,410,413,414,416,418,420,423,425,427,428,429,430,432,434,435,437,438,440,441,442,444,448,450,455,456,459,460,462,464,465,468,470,472,473,475,476,477,480,481,483,486,490,492,493,494,495,496,497,500,504,506,510,511,513,516,517,518,520,522,525,527,528,530,531,532,533,535
251 539 count=11439 nodes=29656886 memo=3000446 lexmin=64,69,73,74,81,82,94,107,111,114,115,118,120,121,124,125,126,128,132,136,140,141,143,144,145,146,147,148,152,153,154,156,159,161,164,165,168,170,171,172,175,176,177,180,182,183,184,185,186,187,188,189,190,192,195,196,198,200,203,204,205,207,208,210,212,213,215,216,217,220,221,222,224,225,228,230,231,232,234,235,236,238,240,242,243,244,245,246,247,248,250,252,253,255,258,259,260,261,264,265,266,268,270,272,273,275,276,279,280,285,286,287,288,290,292,294,295,296,297,299,300,301,304,306,308,310,312,315,318,319,320,321,322,323,324,325,328,329,330,333,335,336,340,341,342,344,345,348,350,351,352,355,357,360,363,364,365,368,369,370,371,372,374,375,376,377,378,380,384,385,390,391,392,396,399,400,403,405,406,407,408,410,413,414,416,418,420,423,425,427,428,429,430,432,434,435,437,438,440,441,442,444,448,450,455,456,459,460,462,464,465,468,469,470,472,473,475,476,477,480,481,483,486,490,492,493,494,495,496,497,500,504,506,510,511,513,516,517,518,520,522,525,527,528,530,531,532,533,535,536,539
252 540 count=2947 nodes=17859421 memo=1867862 lexmin=64,69,73,74,82,94,107,111,114,115,118,120,121,124,125,126,128,132,135,136,140,141,143,144,145,146,147,148,152,153,154,156,159,161,162,164,165,168,170,171,172,175,176,177,180,182,183,184,185,186,187,188,189,190,192,195,196,198,200,203,204,205,207,208,210,212,213,215,216,217,220,221,222,224,225,228,230,231,232,234,235,236,238,240,242,243,244,245,246,247,248,250,252,253,255,258,259,260,261,264,265,266,268,270,272,273,275,276,279,280,285,286,287,288,290,292,294,295,296,297,299,300,301,304,306,308,310,312,315,318,319,320,321,322,323,325,328,329,330,333,335,336,340,341,342,344,345,348,350,351,352,355,357,360,363,364,365,368,369,370,371,372,374,375,376,377,378,380,384,385,390,391,392,396,399,400,403,405,406,407,408,410,413,414,416,418,420,423,425,427,428,429,430,432,434,435,437,438,440,441,442,444,448,450,455,456,459,460,462,464,465,468,469,470,472,473,475,476,477,480,481,483,486,490,492,493,494,495,496,497,500,504,506,510,511,513,516,517,518,520,522,525,527,528,530,531,532,533,535,536,539,540
253 544 count=46 nodes=8920809 memo=982106 lexmin=69,73,74,82,85,94,100,107,111,114,115,118,121,124,125,126,128,132,135,140,141,143,144,145,146,147,148,150,152,153,154,156,159,160,161,162,164,165,168,170,171,172,175,176,177,180,182,183,184,185,186,187,188,189,190,195,196,198,200,203,204,205,207,208,210,212,213,215,216,217,220,221,222,224,225,228,230,231,232,234,235,236,238,240,242,243,244,245,246,247,248,250,252,253,255,258,259,260,261,264,265,266,268,270,272,273,275,276,279,280,285,286,287,288,290,292,294,295,296,297,299,300,301,304,306,308,310,312,315,318,319,320,321,322,323,325,328,329,330,333,335,336,340,341,342,344,345,348,350,351,352,355,357,360,363,364,365,368,369,370,371,372,374,375,376,377,378,380,384,385,390,391,392,396,399,400,403,405,406,407,408,410,413,414,416,418,420,423,425,427,428,429,430,432,434,435,437,438,440,441,442,444,448,450,455,456,459,460,462,464,465,468,469,470,472,473,475,476,477,480,481,483,486,490,492,493,494,495,496,497,500,504,506,510,511,513,516,517,518,520,522,525,527,528,530,531,532,533,535,536,539,540,544
254 546 count=22 nodes=4927868 memo=558382 lexmin=73,74,82,85,94,99,100,107,110,111,118,121,124,125,126,128,130,132,133,135,138,140,141,143,144,145,146,147,148,150,152,153,154,156,159,160,162,164,165,168,170,171,172,175,176,177,180,182,183,184,185,186,187,188,189,195,196,198,200,203,204,205,208,209,210,212,213,215,216,217,220,221,222,224,225,228,230,231,232,234,235,236,238,240,242,243,244,245,246,247,248,250,252,253,255,258,259,260,261,264,265,266,268,270,272,273,275,276,279,280,285,286,287,288,290,292,294,295,296,297,299,300,301,304,306,308,310,312,315,318,319,320,321,322,323,325,328,329,330,333,335,336,340,341,342,344,345,348,350,351,352,355,357,360,363,364,365,368,369,370,371,372,374,375,376,377,378,380,384,385,390,391,392,396,399,400,403,405,406,407,408,410,413,414,416,418,420,423,425,427,428,429,430,432,434,435,437,438,440,441,442,444,448,450,455,456,459,460,462,464,465,468,469,470,472,473,475,476,477,480,481,483,486,490,492,493,494,495,496,497,500,504,506,510,511,513,516,517,518,520,522,525,527,528,530,531,532,533,535,536,539,540,544,546
255 549 count=262121 nodes=94512538 memo=9027099 lexmin=51,73,74,82,94,99,100,107,111,118,119,121,124,125,128,130,133,135,136,138,140,141,143,144,145,146,147,148,150,152,154,156,159,160,162,164,165,168,170,171,172,175,176,177,180,182,183,184,185,186,187,188,189,195,196,198,200,203,204,205,208,209,210,212,213,215,216,217,220,221,222,224,225,228,230,231,232,234,235,236,238,240,242,243,244,245,246,247,248,250,252,253,255,258,259,260,261,264,265,266,268,270,272,273,275,276,279,280,285,286,287,288,290,292,294,295,296,297,299,300,301,304,305,306,308,310,312,315,318,319,320,321,322,323,325,328,329,330,333,335,336,340,341,342,344,345,348,350,351,352,355,357,360,363,364,365,366,368,369,370,371,372,374,375,376,377,378,380,384,385,390,391,392,396,399,400,403,405,406,407,408,410,413,414,416,418,420,423,425,428,429,430,432,434,435,437,438,440,441,442,444,448,450,455,456,459,460,462,464,465,468,469,470,472,473,475,476,477,480,481,483,486,488,490,492,493,494,495,496,497,500,504,506,510,511,513,516,517,518,520,522,525,527,528,530,531,532,533,535,536,539,540,544,546,549
256 549 count=43 nodes=7313260 memo=813180 lexmin=73,74,82,85,94,99,100,107,111,118,120,121,124,125,126,128,130,133,135,138,141,143,144,145,146,147,148,150,152,153,154,156,159,160,161,162,164,165,168,170,171,172,175,176,177,180,182,183,184,185,186,187,188,189,195,196,198,200,203,204,205,207,208,209,210,212,213,215,216,217,220,221,222,224,225,228,230,231,232,234,235,236,238,240,242,243,244,245,246,247,248,250,252,253,255,258,259,260,261,264,265,266,268,270,272,273,275,276,279,280,285,286,287,288,290,292,294,295,296,297,299,300,301,304,305,306,308,310,312,315,318,319,320,321,323,325,328,329,330,333,335,336,340,341,342,344,345,348,350,351,352,355,357,360,363,364,365,366,368,369,370,371,372,374,375,376,377,378,380,384,385,390,391,392,396,399,400,403,405,406,407,408,410,413,414,416,418,420,423,425,428,429,430,432,434,435,437,438,440,441,442,444,448,450,455,456,459,460,462,464,465,468,469,470,472,473,475,476,477,480,481,483,486,488,490,492,493,494,495,496,497,500,504,506,510,511,513,516,517,518,520,522,525,527,528,530,531,532,533,535,536,539,540,544,546,549
257 551 count=22 nodes=23859306 memo=2521606 lexmin=73,74,82,85,87,94,107,111,112,116,118,121,124,125,126,128,130,132,135,138,140,141,143,144,145,146,147,148,150,153,154,156,159,160,161,162,164,165,168,170,171,172,175,177,180,182,183,184,185,186,187,188,189,190,195,196,198,200,203,204,205,207,208,209,210,212,213,215,216,217,220,221,222,224,228,230,231,232,234,235,236,238,240,242,243,244,245,246,247,248,250,252,253,255,258,259,260,261,264,265,266,268,270,272,273,275,276,279,280,285,286,287,288,290,292,294,295,296,297,299,300,301,304,305,306,308,310,312,315,318,319,320,321,323,325,328,329,330,333,335,336,340,341,342,344,345,348,350,351,352,355,357,360,363,364,365,366,368,369,370,371,372,374,375,376,377,378,380,384,385,390,391,392,396,399,400,403,405,406,407,408,410,413,414,416,418,420,423,425,428,429,430,432,434,435,437,438,440,441,442,444,448,450,455,456,459,460,462,464,465,468,469,470,472,473,475,476,477,480,481,483,486,488,490,492,493,494,495,496,497,500,504,506,510,511,513,516,517,518,520,522,525,527,528,530,531,532,533,535,536,539,540,544,546,549,550,551
258 555 count=4 nodes=48093375 memo=4835618 lexmin=73,82,85,87,92,94,107,111,112,115,116,118,121,124,125,126,128,130,132,135,138,140,141,143,144,145,146,147,148,150,153,154,156,159,160,161,162,164,165,168,170,171,172,175,177,180,182,183,186,187,188,189,190,195,196,198,200,203,204,205,207,208,209,210,212,213,215,216,217,220,221,222,224,228,230,231,232,234,235,236,238,240,242,243,244,245,246,247,248,250,252,253,255,258,259,260,261,264,265,266,268,270,272,273,275,276,279,280,285,286,287,288,290,292,294,295,296,297,299,300,301,304,305,306,308,310,312,315,318,319,320,321,322,323,325,328,329,330,333,335,336,340,341,342,344,345,348,350,351,352,355,357,360,363,364,365,366,368,369,370,371,372,374,375,376,377,378,380,384,385,390,391,392,396,399,400,403,405,406,407,408,410,413,414,416,418,420,423,425,428,429,430,432,434,435,437,438,440,441,442,444,448,450,455,456,459,460,462,464,465,468,469,470,472,473,475,476,477,480,481,483,486,488,490,492,493,494,495,496,497,500,504,506,510,511,513,516,517,520,522,525,527,528,530,531,532,533,535,536,539,540,544,546,549,550,551,552,555
259 560 count=190670 nodes=947707945 memo=23488102 lexmin=64,73,82,85,86,87,93,94,107,112,116,118,121,125,126,128,132,135,140,141,143,144,145,146,147,148,150,153,154,155,156,159,160,161,162,164,165,168,170,171,172,175,177,180,182,183,184,187,188,189,190,192,195,196,198,200,203,204,205,207,208,209,210,212,213,215,216,217,220,221,222,224,228,230,231,232,234,235,236,238,240,242,243,244,245,246,247,248,250,252,253,255,258,259,260,261,264,265,266,268,270,272,273,275,279,280,285,286,287,288,290,292,294,295,296,297,299,300,301,304,305,306,308,310,312,315,318,319,320,321,322,323,325,328,329,330,333,335,336,340,341,342,344,345,348,350,351,352,355,357,360,363,364,365,366,368,369,370,371,372,374,375,376,377,378,380,384,385,387,390,391,392,396,399,400,403,405,406,407,408,410,413,414,416,418,420,423,425,428,429,432,434,435,437,438,440,441,442,444,448,450,455,456,459,460,462,464,465,468,469,470,472,473,475,476,477,480,483,486,488,490,492,493,494,495,496,497,500,504,506,510,511,513,516,517,518,520,522,525,527,528,530,531,532,533,535,536,539,540,544,546,549,550,551,552,555,558,559,560
260 561 count=277828 nodes=250013786 memo=22911636 lexmin=63,73,82,92,93,94,99,107,112,115,118,119,121,125,126,128,129,132,135,136,138,140,141,143,144,146,147,148,150,153,154,155,156,159,160,161,162,164,165,168,171,172,174,175,176,177,180,182,183,187,188,189,190,195,196,198,200,204,205,207,208,209,210,212,213,216,217,220,221,222,224,228,230,231,232,234,235,236,238,240,242,243,244,245,246,247,248,250,252,253,255,258,259,260,261,264,265,266,268,270,272,273,275,276,279,280,285,286,287,288,290,292,294,295,296,297,299,300,304,305,306,308,310,312,315,318,319,320,321,322,323,325,328,329,330,333,335,336,340,341,342,344,345,348,350,351,352,355,357,360,363,364,365,366,368,369,370,371,372,374,375,376,377,378,380,384,385,387,390,391,392,396,399,400,403,405,406,407,408,410,413,414,416,418,420,423,425,428,429,430,432,434,435,437,438,440,441,442,444,448,450,455,456,459,460,462,464,465,468,469,470,472,473,475,476,477,480,483,486,488,490,492,493,494,495,496,497,500,504,506,510,511,513,516,517,518,520,522,525,527,528,530,531,532,533,535,536,539,540,544,546,549,550,551,552,555,558,559,560,561
261 564 count=277828 nodes=251835627 memo=22985204 lexmin=63,73,82,92,93,94,99,107,112,115,118,119,121,125,126,128,129,132,135,136,138,140,141,143,144,146,147,148,150,153,154,155,156,159,160,161,162,164,165,168,171,172,174,175,176,177,180,182,183,187,189,190,195,196,198,200,204,205,207,208,209,210,212,213,216,217,220,221,222,224,228,230,231,232,234,235,236,238,240,242,243,244,245,246,247,248,250,252,253,255,258,259,260,261,264,265,266,268,270,272,273,275,276,279,280,282,285,286,287,288,290,292,294,295,296,297,299,300,304,305,306,308,310,312,315,318,319,320,321,322,323,325,328,329,330,333,335,336,340,341,342,344,345,348,350,351,352,355,357,360,363,364,365,366,368,369,370,371,372,374,375,376,377,378,380,384,385,387,390,391,392,396,399,400,403,405,406,407,408,410,413,414,416,418,420,423,425,428,429,430,432,434,435,437,438,440,441,442,444,448,450,455,456,459,460,462,464,465,468,469,470,472,473,475,476,477,480,483,486,488,490,492,493,494,495,496,497,500,504,506,510,511,513,516,517,518,520,522,525,527,528,530,531,532,533,535,536,539,540,544,546,549,550,551,552,555,558,559,560,561,564
262 567 count=988919 nodes=168349446 memo=16010663 lexmin=63,73,82,92,93,94,99,100,107,112,115,118,119,121,125,126,128,129,132,136,138,140,141,143,144,146,147,148,150,153,154,155,156,159,160,161,164,165,168,171,172,174,176,177,180,182,183,187,189,190,195,196,198,200,204,205,207,208,209,210,212,213,216,217,220,221,222,224,225,228,230,231,232,234,235,236,238,240,242,243,244,245,246,247,248,250,252,253,255,258,259,260,261,264,265,266,268,270,272,273,275,276,279,280,282,285,286,287,288,290,292,294,295,296,297,299,300,304,305,306,308,310,312,315,318,319,320,321,322,323,324,325,328,329,330,333,335,336,340,341,342,344,345,348,350,351,352,355,357,360,363,364,365,366,368,369,370,371,372,374,375,376,377,378,380,384,385,387,390,391,392,396,399,400,403,405,406,407,408,410,413,414,416,418,420,423,425,428,429,430,432,434,435,437,438,440,441,442,444,448,450,455,456,459,460,462,464,465,468,469,470,472,473,475,476,477,480,483,486,488,490,492,493,494,495,496,497,500,504,506,510,511,513,516,517,518,520,522,525,527,528,530,531,532,533,535,536,539,540,544,546,549,550,551,552,555,558,559,560,561,564,567
263 568 count=1200863 nodes=176188456 memo=16689335 lexmin=63,73,82,92,93,94,99,102,107,112,115,118,119,121,125,126,128,129,132,138,140,141,142,143,144,146,147,148,153,154,155,156,159,160,161,164,165,168,170,171,172,174,176,177,180,182,183,187,189,190,195,196,198,200,204,205,207,208,209,210,212,213,216,217,220,221,222,224,225,228,230,231,232,234,235,236,238,240,242,243,244,245,246,247,248,250,252,253,255,258,259,260,261,264,265,266,268,270,272,273,275,276,279,280,282,285,286,287,288,290,292,294,295,296,297,299,300,304,305,306,308,310,312,315,318,319,320,321,322,323,324,325,328,329,330,333,335,336,340,341,342,344,345,348,350,351,352,357,360,363,364,365,366,368,369,370,371,372,374,375,376,377,378,380,384,385,387,390,391,392,396,399,400,403,405,406,407,408,410,413,414,416,418,420,423,425,426,428,429,430,432,434,435,437,438,440,441,442,444,448,450,455,456,459,460,462,464,465,468,469,470,472,473,475,476,477,480,483,486,488,490,492,493,494,495,496,497,500,504,506,510,511,513,516,517,518,520,522,525,527,528,530,531,532,533,535,536,539,540,544,546,549,550,551,552,555,558,559,560,561,564,567,568
264 570 count=1199391 nodes=120391125 memo=11644428 lexmin=63,73,82,92,93,94,99,107,112,115,118,119,121,125,126,128,129,132,136,138,140,141,142,143,144,146,147,148,152,153,154,155,156,159,160,161,164,165,168,171,172,174,176,177,180,182,183,187,189,190,195,196,198,200,204,205,207,208,209,210,212,213,216,217,220,221,222,224,225,228,230,231,232,234,235,236,238,240,242,243,244,245,246,247,248,250,252,253,255,258,259,260,261,264,265,266,268,270,272,273,275,276,279,280,282,285,286,287,288,290,292,294,295,296,297,299,300,304,305,306,308,310,312,315,318,319,320,321,322,323,324,325,328,329,330,333,335,336,340,341,342,344,345,348,350,351,352,357,360,363,364,365,366,368,369,370,371,372,374,375,376,377,378,380,384,385,387,390,391,392,396,399,400,403,405,406,407,408,410,413,414,416,418,420,423,425,426,428,429,430,432,434,435,437,438,440,441,442,444,448,450,455,456,459,460,462,464,465,468,469,470,472,473,475,476,477,480,483,486,488,490,492,493,494,495,496,497,500,504,506,510,511,513,516,517,518,520,522,525,527,528,530,531,532,533,535,536,539,540,544,546,549,550,551,552,555,558,559,560,561,564,567,568,570
265 572 count=85217 nodes=74230001 memo=7383995 lexmin=64,73,82,86,92,93,94,104,107,115,118,119,121,125,126,128,132,138,140,141,142,143,144,146,147,148,152,153,154,155,156,159,160,161,164,165,168,170,171,172,174,176,177,180,182,183,189,190,192,195,196,198,200,204,205,207,208,209,210,212,213,215,216,217,220,221,222,224,225,228,230,231,232,234,235,236,238,240,242,243,244,245,246,247,248,250,252,253,255,258,259,260,261,264,265,266,268,270,272,273,275,276,279,280,282,285,286,287,288,290,292,294,295,296,297,299,300,301,304,305,306,308,310,312,315,318,319,320,321,322,323,324,325,328,329,330,333,335,336,340,341,342,344,345,348,350,351,352,357,360,363,364,365,366,368,369,370,371,372,374,375,376,377,378,380,384,385,387,390,391,392,396,399,400,403,405,406,407,408,410,413,414,416,418,420,423,425,426,428,429,432,434,435,437,438,440,441,442,444,448,450,455,456,459,460,462,464,465,468,469,470,472,473,475,476,477,480,483,486,488,490,492,493,494,495,496,497,500,504,506,510,511,513,516,517,518,520,522,525,527,528,530,531,532,533,535,536,539,540,544,546,549,550,551,552,555,558,559,560,561,564,567,568,570,572
266 574 count=209110 nodes=112678162 memo=10968503 lexmin=64,73,86,92,93,94,100,107,112,115,118,119,121,125,126,128,130,132,136,138,140,141,142,143,144,146,147,148,150,152,153,154,155,159,160,161,165,168,171,172,174,177,180,182,183,187,189,190,192,195,196,198,200,204,205,207,208,209,210,212,213,215,216,217,220,221,222,224,225,228,230,231,232,234,235,236,238,240,242,243,244,245,247,248,250,252,253,255,258,259,260,261,264,265,266,268,270,272,273,275,276,279,280,282,285,286,287,288,290,292,294,295,296,297,299,300,301,304,305,306,308,310,312,315,318,319,320,321,322,323,324,325,328,329,330,333,335,336,340,341,342,344,345,348,350,351,352,357,360,363,364,365,366,368,369,370,371,372,374,375,376,377,378,380,384,385,387,390,391,392,396,399,400,403,405,406,407,408,410,413,414,416,418,420,423,425,426,428,429,432,434,435,437,438,440,441,442,444,448,450,451,455,456,459,460,462,464,465,468,469,470,472,473,475,476,477,480,483,486,488,490,492,493,494,495,496,497,500,504,506,510,511,513,516,517,518,520,522,525,527,528,530,531,532,533,535,536,539,540,544,546,549,550,551,552,555,558,559,560,561,564,567,568,570,572,574
267 575 count=694736 nodes=75731572 memo=7583567 lexmin=60,73,93,94,100,102,104,107,111,117,118,119,121,125,128,129,130,132,138,140,141,142,143,144,146,147,148,150,152,153,154,155,156,159,160,161,165,168,170,171,172,174,175,177,180,182,183,184,187,189,190,195,196,198,200,204,205,208,209,210,212,213,216,217,220,221,222,224,225,228,230,231,232,234,235,236,238,240,242,243,244,245,247,248,250,252,253,255,258,259,260,261,264,265,266,268,270,272,273,275,276,279,280,282,285,286,287,288,290,292,294,295,296,297,299,300,304,305,306,308,310,312,315,318,319,320,321,322,323,324,325,328,329,330,333,335,336,340,341,342,344,345,348,350,351,352,357,360,363,364,365,366,368,369,370,371,372,374,375,376,377,378,380,384,385,387,390,391,392,396,399,400,403,405,406,407,408,410,413,414,416,418,420,423,425,426,428,429,430,432,434,435,437,438,440,441,442,444,448,450,451,455,456,459,460,462,464,465,468,469,470,472,473,475,476,477,480,481,483,486,488,490,492,493,494,495,496,497,500,504,506,510,511,513,516,517,520,522,525,527,528,530,531,532,533,535,536,539,540,544,546,549,550,551,552,555,558,559,560,561,564,567,568,570,572,574,575
268 575 count=4 nodes=3811968 memo=433413 lexmin=73,93,94,100,102,104,107,108,111,117,118,119,121,125,128,129,130,132,135,138,140,141,142,143,144,146,147,148,150,152,153,154,155,156,159,160,161,165,168,170,171,172,174,175,177,180,182,183,184,187,189,190,195,196,198,200,204,205,208,209,210,212,213,216,217,220,221,222,224,225,228,230,231,232,234,235,236,238,240,242,243,244,245,247,248,250,252,253,255,258,259,260,261,264,265,266,268,270,272,273,275,276,279,280,282,285,286,287,288,290,292,294,295,296,297,299,300,304,305,306,308,310,312,315,318,319,320,321,322,323,324,325,328,329,330,333,335,336,340,341,342,344,345,348,350,351,352,357,360,363,364,365,366,368,369,370,371,372,374,375,376,377,378,380,384,385,387,390,391,392,396,399,400,403,405,406,407,408,410,413,414,416,418,420,423,425,426,428,429,430,432,434,435,437,438,440,441,442,444,448,450,451,455,456,459,460,462,464,465,468,469,470,472,473,475,476,477,480,481,483,486,488,490,492,493,494,495,496,497,500,504,506,510,511,513,516,517,520,522,525,527,528,530,531,532,533,535,536,539,540,544,546,549,550,551,552,555,558,559,560,561,564,567,568,570,572,574,575
269 576 count=168 nodes=1949025 memo=234473 lexmin=73,86,93,94,100,102,104,107,108,112,118,119,121,125,128,132,135,138,140,141,142,143,144,146,147,148,150,152,153,154,155,156,159,160,161,165,168,170,171,172,174,175,177,180,182,183,184,187,189,190,192,195,196,198,200,204,205,208,209,210,212,213,215,216,217,220,221,222,224,225,228,230,231,232,234,235,236,238,240,242,243,244,245,247,248,250,252,253,255,258,259,260,261,264,265,266,268,270,272,273,275,276,279,280,282,285,286,287,288,290,292,294,295,296,297,299,300,301,304,305,306,308,310,312,315,318,319,320,321,322,323,324,325,328,329,330,333,335,336,340,341,342,344,345,348,350,351,352,357,360,363,364,365,366,368,369,370,371,372,374,375,376,377,378,380,384,385,387,390,391,392,396,399,400,403,405,406,407,408,410,413,414,416,418,420,423,425,426,428,429,432,434,435,437,438,440,441,442,444,448,450,451,455,456,459,460,462,464,465,468,469,470,472,473,475,476,477,480,483,486,488,490,492,493,494,495,496,497,500,504,506,510,511,513,516,517,518,520,522,525,527,528,530,531,532,533,535,536,539,540,544,546,549,550,551,552,555,558,559,560,561,564,567,568,570,572,574,575,576
270 580 count=38 nodes=1244596 memo=152533 lexmin=73,93,94,100,102,104,107,108,112,116,118,119,121,125,128,129,132,135,138,140,141,142,143,144,146,147,148,150,152,153,154,155,156,159,160,161,165,168,170,171,172,175,177,180,182,183,184,187,189,190,192,195,196,198,200,203,204,205,208,209,210,212,213,216,217,220,221,222,224,225,228,230,231,232,234,235,236,238,240,242,243,244,245,247,248,250,252,253,255,258,259,260,261,264,265,266,268,270,272,273,275,276,279,280,282,285,286,287,288,290,292,294,295,296,297,299,300,304,305,306,308,310,312,315,318,319,320,321,322,323,324,325,328,329,330,333,335,336,340,341,342,344,345,348,350,351,352,357,360,363,364,365,366,368,369,370,371,372,374,375,376,377,378,380,384,385,387,390,391,392,396,399,400,403,405,406,407,408,410,413,414,416,418,420,423,425,426,428,429,430,432,434,435,437,438,440,441,442,444,448,450,451,455,456,459,460,462,464,465,468,469,470,472,473,475,476,477,480,483,486,488,490,492,493,494,495,496,497,500,504,506,510,511,513,516,517,518,520,522,525,527,528,530,531,532,533,535,536,539,540,544,546,549,550,551,552,555,558,559,560,561,564,567,568,570,572,574,575,576,580
271 581 count=5113703 nodes=52026013 memo=5583237 lexmin=43,73,86,93,94,107,112,116,118,119,121,125,128,129,130,132,136,138,140,141,142,143,144,146,147,148,152,153,154,155,159,160,161,165,168,171,172,175,177,180,182,183,184,187,189,190,192,195,196,198,200,203,204,205,208,209,210,212,213,215,216,217,220,221,222,224,225,228,230,231,232,234,235,236,238,240,242,243,244,245,247,248,250,252,253,255,258,259,260,261,264,265,266,268,270,272,273,275,276,279,280,282,285,286,287,288,290,292,294,295,296,297,299,300,301,304,305,306,308,310,312,315,318,319,320,321,322,323,324,325,328,329,330,332,333,335,336,340,341,342,344,345,348,350,351,352,357,360,363,364,365,366,368,369,370,371,372,374,375,376,377,378,380,384,385,387,390,391,392,396,399,400,403,405,406,407,408,410,413,414,415,416,418,420,423,425,426,428,429,430,432,434,435,437,438,440,441,442,444,448,450,451,455,456,459,460,462,464,465,468,469,470,472,473,475,476,477,480,483,486,488,490,492,493,494,495,496,497,500,504,506,510,511,513,516,517,518,520,522,525,527,528,530,531,532,533,535,536,539,540,544,546,549,550,551,552,555,558,559,560,561,564,567,568,570,572,574,575,576,580,581
272 581 count=398 nodes=2196935 memo=272465 lexmin=73,86,93,94,100,102,104,107,112,116,118,119,121,125,128,132,138,140,141,142,143,144,146,147,148,150,152,153,154,155,156,159,160,161,165,168,170,171,172,175,177,180,182,183,184,187,189,190,192,195,196,198,200,203,204,205,208,209,210,212,213,215,216,217,220,221,222,224,225,228,230,231,232,234,235,236,238,240,242,243,244,245,247,248,250,252,253,255,258,259,260,261,264,265,266,268,270,272,273,275,276,279,280,282,285,286,287,288,290,292,294,295,296,297,299,300,301,304,305,306,308,310,312,315,318,319,320,321,322,323,324,325,328,329,330,332,333,335,336,340,341,342,344,345,348,350,351,352,357,360,363,364,365,366,368,369,370,371,372,374,375,376,377,378,380,384,385,387,390,391,392,396,399,400,403,405,406,407,408,410,413,414,415,416,418,420,423,425,426,428,429,432,434,435,437,438,440,441,442,444,448,450,451,455,456,459,460,462,464,465,468,469,470,472,473,475,476,477,480,483,486,488,490,492,493,494,495,496,497,500,504,506,510,511,513,516,517,518,520,522,525,527,528,530,531,532,533,535,536,539,540,544,546,549,550,551,552,555,558,559,560,561,564,567,568,570,572,574,575,576,580,581
273 582 count=4753050 nodes=50729976 memo=5421122 lexmin=43,73,86,93,97,107,112,116,118,119,121,125,128,129,130,132,136,138,140,142,143,144,146,147,148,152,153,154,155,159,160,161,165,168,171,172,175,177,180,182,183,184,187,188,189,190,192,195,196,198,200,203,204,205,208,209,210,212,213,215,216,217,220,221,222,224,225,228,230,231,232,234,236,238,240,242,243,244,245,247,248,250,252,253,255,258,259,260,261,264,265,266,268,270,272,273,275,276,279,280,282,285,286,287,288,290,292,294,295,296,297,299,300,301,304,305,306,308,310,312,315,318,319,320,321,322,323,324,325,328,329,330,332,333,335,336,340,341,342,344,345,348,350,351,352,357,360,363,364,365,366,368,369,370,371,372,374,375,376,377,378,380,384,385,387,388,390,391,392,396,399,400,403,405,406,407,408,410,413,414,415,416,418,420,423,425,426,428,429,430,432,434,435,437,438,440,441,442,444,448,450,451,455,456,459,460,462,464,465,468,469,470,472,473,475,476,477,480,483,485,486,488,490,492,493,494,495,496,497,500,504,506,510,511,513,516,517,518,520,522,525,527,528,530,531,532,533,535,536,539,540,544,546,549,550,551,552,555,558,559,560,561,564,567,568,570,572,574,575,576,580,581,582
274 582 count=398 nodes=2071417 memo=255225 lexmin=73,86,93,94,97,100,107,112,116,118,119,121,125,128,130,132,136,138,140,141,142,143,144,146,147,148,150,152,153,154,155,159,160,161,165,168,171,172,175,177,180,182,183,184,187,189,190,192,195,196,198,200,203,204,205,208,209,210,212,213,215,216,217,220,221,222,224,225,228,230,231,232,234,235,236,238,240,242,243,244,245,247,248,250,252,253,255,258,259,260,261,264,265,266,268,270,272,273,275,276,279,280,282,285,286,287,288,290,292,294,295,296,297,299,300,301,304,305,306,308,310,312,315,318,319,320,321,322,323,324,325,328,329,330,332,333,335,336,340,341,342,344,345,348,350,351,352,357,360,363,364,365,366,368,369,370,371,372,374,375,376,377,378,380,384,385,387,388,390,391,392,396,399,400,403,405,406,407,408,410,413,414,415,416,418,420,423,425,426,428,429,432,434,435,437,438,440,441,442,444,448,450,451,455,456,459,460,462,464,465,468,469,470,472,473,475,476,477,480,483,485,486,488,490,492,493,494,495,496,497,500,504,506,510,511,513,516,517,518,520,522,525,527,528,530,531,532,533,535,536,539,540,544,546,549,550,551,552,555,558,559,560,561,564,567,568,570,572,574,575,576,580,581,582
275 585 count=44627 nodes=7911566 memo=928870 lexmin=70,73,93,94,97,100,107,116,117,118,119,121,125,128,129,130,138,140,141,142,143,144,146,147,148,150,152,153,154,155,156,159,160,161,165,168,170,171,172,175,176,177,180,182,183,184,189,190,192,195,196,198,200,203,204,205,208,209,210,213,216,217,220,221,222,224,225,228,230,231,232,234,235,236,238,240,242,243,244,245,247,248,250,252,253,255,258,259,260,261,264,265,266,268,270,272,273,275,276,279,280,282,285,286,287,288,290,292,294,295,296,297,299,300,304,305,306,308,310,312,315,319,320,321,322,323,324,325,328,329,330,332,333,335,336,340,341,342,344,345,348,350,351,352,357,360,363,364,365,366,368,369,370,371,372,374,375,376,377,378,380,384,385,387,388,390,391,392,396,399,400,403,405,406,407,408,410,413,414,415,416,418,420,423,424,425,426,428,429,430,432,434,435,437,438,440,441,442,444,448,450,451,455,456,459,460,462,464,465,468,469,470,472,473,475,476,477,480,483,485,486,488,490,492,493,494,495,496,497,500,504,506,510,511,513,516,517,518,520,522,525,527,528,530,531,532,533,535,536,539,540,544,546,549,550,551,552,555,558,559,560,561,564,567,568,570,572,574,575,576,580,581,582,583,585
276 588 count=1463 nodes=3834465 memo=464784 lexmin=73,77,93,97,98,102,107,116,117,118,119,121,125,128,129,130,132,138,140,142,143,144,146,147,148,152,153,154,155,156,159,160,161,165,168,170,171,172,175,176,177,180,182,183,184,187,188,189,190,192,195,196,198,200,203,204,205,208,209,210,213,216,217,220,221,222,224,225,228,230,231,232,234,236,238,240,242,243,244,245,247,248,250,252,253,255,258,259,260,261,264,265,266,268,270,272,273,275,276,279,280,282,285,286,287,288,290,292,294,295,296,297,299,300,304,305,306,308,310,312,315,319,320,321,322,323,324,325,328,329,330,332,333,335,336,340,341,342,344,345,348,350,351,352,357,360,363,364,365,366,368,369,370,371,372,374,375,376,377,378,380,384,385,387,388,390,391,392,396,399,400,403,405,406,407,408,410,413,414,415,416,418,420,423,424,425,426,428,429,430,432,434,435,437,438,440,441,442,444,448,450,451,455,456,459,460,462,464,465,468,469,470,472,473,475,476,477,480,483,485,486,488,490,492,493,494,495,496,497,500,504,506,510,511,513,516,517,518,520,522,525,527,528,530,531,532,533,535,536,539,540,544,546,549,550,551,552,555,558,559,560,561,564,567,568,570,572,574,575,576,580,581,582,583,585,588
277 589 count=56293 nodes=14833251 memo=1673048 lexmin=63,73,97,98,107,116,117,118,119,121,124,125,126,128,129,130,133,138,140,142,143,144,146,147,148,152,153,154,155,156,159,160,161,165,168,170,171,172,175,176,177,180,182,183,184,186,188,189,190,192,195,196,198,200,203,204,205,208,209,210,213,216,217,220,221,222,224,225,228,230,231,232,234,236,238,240,242,243,244,245,247,248,250,252,253,255,258,259,260,261,264,265,266,268,270,272,273,275,276,279,280,282,285,286,287,288,290,292,294,295,296,297,299,300,304,305,306,308,310,312,315,319,320,321,322,323,324,325,328,329,330,332,333,335,336,340,341,342,344,345,348,350,351,352,357,360,363,364,365,366,368,369,370,371,372,374,375,376,377,378,380,384,385,387,388,390,391,392,396,399,400,403,405,406,407,408,410,413,414,415,416,418,420,423,424,425,426,428,429,430,432,434,435,437,438,440,441,442,444,448,450,451,455,456,459,460,462,464,465,468,469,470,472,473,475,476,477,480,483,485,486,488,490,492,493,494,495,496,497,500,504,506,510,511,513,516,517,518,520,522,525,527,528,530,531,532,533,535,536,539,540,544,546,549,550,551,552,555,558,559,560,561,564,567,568,570,572,574,575,576,580,581,582,583,585,588,589
278 592 count=168337 nodes=19157724 memo=2135157 lexmin=59,73,77,97,98,107,112,116,119,121,124,125,128,129,132,133,136,138,140,142,143,144,146,147,152,153,154,155,159,160,161,165,168,171,172,175,176,177,180,182,183,184,185,186,187,188,189,190,192,195,196,198,200,203,204,205,208,209,210,213,216,217,220,221,222,224,225,228,230,231,232,234,236,238,240,242,243,244,245,247,248,250,252,253,255,258,259,260,261,264,265,266,268,270,272,273,275,276,279,280,282,285,286,287,288,290,292,294,295,297,299,300,304,305,306,308,310,312,315,319,320,321,322,323,324,325,328,329,330,332,333,335,336,340,341,342,344,345,348,350,351,352,354,357,360,363,364,365,366,368,369,370,371,372,374,375,376,377,378,380,384,385,387,388,390,391,392,396,399,400,403,405,406,407,408,410,413,414,415,416,418,420,423,424,425,426,428,429,430,432,434,435,437,438,440,441,442,444,448,450,451,455,456,459,460,462,464,465,468,469,470,472,473,475,476,477,480,481,483,485,486,488,490,492,493,494,495,496,497,500,504,506,510,511,513,516,517,518,520,522,525,527,528,530,532,533,535,536,539,540,544,546,549,550,551,552,555,558,559,560,561,564,567,568,570,572,574,575,576,580,581,582,583,585,588,589,590,592
279 594 count=45682 nodes=10609106 memo=1222988 lexmin=59,73,85,97,98,107,112,116,121,124,125,128,129,132,133,135,136,138,140,142,143,144,146,147,152,153,154,155,159,160,161,165,168,170,171,172,175,176,177,180,182,183,184,185,186,188,189,190,192,195,196,198,200,203,204,205,208,209,210,213,216,217,220,221,222,224,225,228,230,231,232,234,236,238,240,242,243,244,245,247,248,250,252,253,255,258,259,260,261,264,265,266,268,270,272,273,275,276,279,280,282,285,286,287,288,290,292,294,295,297,299,300,304,305,306,308,310,312,315,319,320,321,322,323,324,325,328,329,330,332,333,335,336,340,341,342,344,345,348,350,351,352,354,357,360,363,364,365,366,368,369,370,371,372,374,375,376,377,378,380,384,385,387,388,390,391,392,396,399,400,403,405,406,407,408,410,413,414,415,416,418,420,423,424,425,426,428,429,430,432,434,435,437,438,440,441,442,444,448,450,451,455,456,459,460,462,464,465,468,469,470,472,473,475,476,477,480,481,483,485,486,488,490,492,493,494,495,496,497,500,504,506,510,511,513,516,517,518,520,522,525,527,528,530,532,533,535,536,539,540,544,546,549,550,551,552,555,558,559,560,561,564,567,568,570,572,574,575,576,580,581,582,583,585,588,589,590,592,594
280 595 count=1024 nodes=4941163 memo=591608 lexmin=73,85,86,94,97,98,107,110,116,120,121,124,125,126,128,133,135,138,140,141,142,143,146,147,152,153,154,155,159,160,161,165,168,170,171,172,175,176,180,182,183,184,185,186,187,189,190,192,195,196,198,200,203,204,205,208,209,210,213,215,216,217,220,221,222,224,225,228,230,231,232,234,235,238,240,242,243,244,245,247,248,250,252,253,255,258,259,260,261,264,265,266,268,270,272,273,275,276,279,280,282,285,286,287,288,290,292,294,295,297,299,300,301,304,305,306,308,310,312,315,319,320,321,322,323,324,325,328,329,330,332,333,335,336,340,341,342,344,345,348,350,351,352,357,360,363,364,365,366,368,369,370,371,372,374,375,376,377,378,380,384,385,387,388,390,391,392,396,399,400,403,405,406,407,408,410,413,414,415,416,418,420,423,424,425,426,428,429,432,434,435,437,438,440,441,442,444,448,450,451,455,456,459,460,462,464,465,468,469,470,472,473,475,476,477,480,481,483,485,486,488,490,492,493,494,495,496,497,500,504,506,510,511,513,516,517,518,520,522,525,527,528,530,531,532,533,535,536,539,540,544,546,549,550,551,552,555,558,559,560,561,564,567,568,570,572,574,575,576,580,581,582,583,585,588,589,590,592,594,595
281 598 count=438 nodes=3349001 memo=409289 lexmin=73,85,94,97,98,107,110,112,116,121,124,125,126,128,129,133,135,138,140,141,142,143,144,146,147,152,153,154,155,156,159,160,161,165,168,170,171,172,175,176,180,183,185,186,187,189,190,192,195,196,198,200,203,204,205,207,208,209,210,213,216,217,220,221,222,224,225,228,230,231,232,234,235,238,240,242,243,244,245,247,248,250,252,253,255,258,259,260,261,264,265,266,268,270,272,273,275,276,279,280,282,285,286,287,288,290,292,294,295,297,299,300,304,305,306,308,310,312,315,319,320,321,322,323,324,325,328,329,330,332,333,335,336,340,341,342,344,345,348,350,351,352,357,360,363,364,365,366,368,369,370,371,372,374,375,376,377,378,380,384,385,387,388,390,391,392,396,399,400,403,405,406,407,408,410,413,414,415,416,418,420,423,424,425,426,428,429,430,432,434,435,437,438,440,441,442,444,448,450,451,455,456,459,460,462,464,465,468,469,470,472,473,475,476,477,480,481,483,485,486,488,490,492,493,494,495,496,497,500,504,506,510,511,513,516,517,518,520,522,525,527,528,530,531,532,533,535,536,539,540,544,546,549,550,551,552,555,558,559,560,561,564,567,568,570,572,574,575,576,580,581,582,583,585,588,589,590,592,594,595,598
282 600 count=219 nodes=1613117 memo=195561 lexmin=73,85,97,98,104,107,110,116,117,121,124,125,126,128,129,130,133,135,138,142,143,146,147,150,152,153,154,155,156,159,160,161,165,168,170,171,172,175,176,180,182,183,185,186,187,188,189,190,192,195,196,198,200,203,204,205,207,208,209,210,213,216,217,220,221,222,224,225,228,230,231,232,234,238,240,242,243,244,245,247,248,250,252,253,255,258,259,260,261,264,265,266,268,270,272,273,275,276,279,280,282,285,286,287,288,290,292,294,295,297,299,300,304,305,306,308,310,312,315,319,320,321,322,323,324,325,328,329,330,332,333,335,336,340,341,342,344,345,348,350,351,352,357,360,363,364,365,366,368,369,370,371,372,374,375,376,377,378,380,384,385,387,388,390,391,392,396,399,400,403,405,406,407,408,410,413,414,415,416,418,420,423,424,425,426,428,429,430,432,434,435,437,438,440,441,442,444,448,450,451,455,456,459,460,462,464,465,468,469,470,472,473,475,476,477,480,481,483,485,486,488,490,492,493,494,495,496,497,500,504,506,510,511,513,516,517,518,520,522,525,527,528,530,531,532,533,535,536,539,540,544,546,549,550,551,552,555,558,559,560,561,564,567,568,570,572,574,575,576,580,581,582,583,585,588,589,590,592,594,595,598,600
283 603 count=5196 nodes=7082301 memo=809529 lexmin=59,97,98,107,110,112,116,118,121,124,125,126,128,129,133,134,135,138,140,142,143,144,147,150,152,153,154,155,156,159,160,161,165,168,170,171,172,175,176,177,180,183,185,186,187,188,189,190,192,195,196,198,200,201,203,205,207,208,209,210,213,215,216,217,220,221,222,224,225,228,230,231,232,234,236,238,240,242,243,244,245,247,248,250,252,253,255,259,260,261,264,265,266,268,270,272,273,275,276,279,280,282,285,286,287,288,290,294,295,297,299,300,301,304,305,306,308,310,312,315,319,320,321,322,323,324,325,328,329,330,332,333,336,340,341,342,344,345,348,350,351,352,354,357,360,363,364,366,368,369,370,371,372,374,375,376,377,378,380,384,385,388,390,391,392,396,399,400,403,405,406,407,408,410,414,415,416,418,420,423,424,425,426,428,429,430,432,434,435,437,438,440,441,442,444,448,450,451,455,456,459,460,462,464,465,468,469,470,472,473,475,476,477,480,481,483,485,486,488,490,492,493,494,495,496,497,500,504,506,510,511,513,516,517,518,520,522,525,527,528,530,531,532,533,535,536,539,540,544,546,549,550,551,552,555,558,559,560,561,564,567,568,570,572,574,575,576,580,581,582,583,584,585,588,589,590,592,594,595,598,600,602,603
284 605 count=801014 nodes=38059613 memo=3989096 lexmin=59,67,73,85,97,98,107,116,124,125,128,130,132,133,134,135,138,140,142,144,146,147,150,152,153,155,159,160,161,165,168,170,171,175,177,180,182,183,185,186,187,188,189,190,192,195,196,198,200,201,203,204,205,207,208,209,210,213,216,217,220,221,222,224,225,228,230,231,232,234,236,238,240,242,243,244,245,247,248,250,252,253,255,258,259,260,261,264,265,266,270,272,273,275,276,279,280,282,285,286,287,288,290,292,294,295,297,299,300,304,305,306,308,310,312,315,319,320,321,322,323,324,325,328,329,330,332,333,335,336,340,341,342,344,345,348,350,351,352,354,357,360,363,364,365,366,368,369,370,371,372,374,375,376,377,378,380,384,385,387,388,390,391,392,396,399,400,402,403,405,406,407,408,410,413,414,415,416,418,420,423,424,425,426,428,429,430,432,434,435,437,438,440,441,442,444,448,450,451,455,456,459,460,462,464,465,468,469,470,472,473,475,476,477,480,481,483,484,485,486,488,490,492,493,494,495,496,497,500,504,506,510,511,513,516,517,518,520,522,525,527,528,530,532,533,535,536,539,540,544,546,549,550,551,552,555,558,559,560,561,564,567,568,570,572,574,575,576,580,581,582,583,585,588,589,590,592,594,595,598,600,602,603,605
285 608 count=12652 nodes=19888804 memo=2163520 lexmin=59,67,97,98,107,110,114,116,118,124,125,126,128,129,130,133,134,135,138,142,144,147,150,152,153,154,155,159,161,165,168,170,171,172,175,176,177,180,182,183,185,186,187,188,189,190,192,195,196,198,200,201,203,205,207,208,209,210,213,215,216,217,220,221,222,224,225,228,230,231,232,234,236,238,240,242,243,244,245,247,248,250,252,253,255,259,260,261,264,265,266,270,272,273,275,276,279,280,282,285,286,287,288,290,294,295,297,299,300,301,304,305,306,308,310,312,315,319,320,321,322,323,324,325,328,329,330,332,333,335,336,340,341,342,344,345,348,350,351,352,354,357,360,363,364,366,368,369,370,371,372,374,375,376,377,378,380,384,385,388,390,391,392,396,399,400,402,403,405,406,407,408,410,414,415,416,418,420,423,424,425,426,428,429,430,432,434,435,437,438,440,441,442,444,448,450,451,455,456,459,460,462,464,465,468,469,470,472,473,475,476,477,480,481,483,484,485,486,488,490,492,493,494,495,496,497,500,504,506,510,511,513,516,517,518,520,522,525,527,528,530,531,532,533,535,536,539,540,544,546,549,550,551,552,555,558,559,560,561,564,567,568,570,572,574,575,576,580,581,582,583,584,585,588,589,590,592,594,595,598,600,602,603,605,608
286 609 count=73333 nodes=29789777 memo=3149994 lexmin=59,67,85,97,98,107,110,114,116,124,125,128,130,133,134,135,138,142,144,145,147,150,152,153,154,155,159,161,165,168,170,171,174,175,176,177,180,182,183,185,186,187,188,189,190,192,195,196,198,200,201,203,204,205,207,208,209,210,213,216,217,220,221,222,224,225,228,230,231,232,234,236,238,240,242,243,244,245,247,248,250,252,253,255,258,259,260,261,264,265,266,270,272,273,275,276,279,280,282,285,286,287,288,290,294,295,297,299,300,304,305,306,308,310,312,315,319,320,321,322,323,324,325,328,329,330,332,333,335,336,340,341,342,344,345,348,350,351,352,354,357,360,363,364,366,368,369,370,371,372,374,375,376,377,378,380,384,385,387,388,390,391,392,396,399,400,402,403,405,406,407,408,410,413,414,415,416,418,420,423,424,425,426,428,429,430,432,434,435,437,438,440,441,442,444,448,450,451,455,456,459,460,462,464,465,468,469,470,472,473,475,476,477,480,481,483,484,485,486,488,490,492,493,494,495,496,497,500,504,506,510,511,513,516,517,518,520,522,525,527,528,530,532,533,535,536,539,540,544,546,549,550,551,552,555,558,559,560,561,564,567,568,570,572,574,575,576,580,581,582,583,584,585,588,589,590,592,594,595,598,600,602,603,605,608,609
287 610 count=826 nodes=8797156 memo=995721 lexmin=59,97,98,107,110,114,116,118,124,125,126,128,129,130,133,134,135,138,140,142,144,145,147,150,152,153,154,155,159,161,165,168,170,171,172,174,175,176,177,180,182,185,186,187,188,189,190,192,195,196,198,200,201,203,205,207,208,209,210,213,215,216,217,220,221,222,224,225,228,230,231,232,234,236,238,240,242,243,244,245,247,248,250,252,253,255,259,260,261,264,265,266,268,270,272,273,275,276,279,280,282,285,286,287,288,290,294,295,297,299,300,301,304,306,308,310,312,315,319,320,321,322,323,324,325,328,329,330,332,333,336,340,341,342,344,345,348,350,351,352,354,357,360,363,364,366,368,369,370,371,372,374,375,376,377,378,380,384,385,388,390,391,392,396,399,400,403,405,406,407,408,410,414,415,416,418,420,423,424,425,426,427,428,429,430,432,434,435,437,438,440,441,442,444,448,450,451,455,456,459,460,462,464,465,468,469,470,472,473,475,476,477,480,481,483,484,485,486,488,490,492,493,494,495,496,497,500,504,506,510,511,513,516,517,518,520,522,525,527,528,530,531,532,533,535,536,539,540,544,546,549,550,551,552,555,558,559,560,561,564,567,568,570,572,574,575,576,580,581,582,583,584,585,588,589,590,592,594,595,598,600,602,603,605,608,609,610
288 612 count=21564 nodes=10482049 memo=1206823 lexmin=59,67,97,98,107,110,114,116,120,124,125,128,133,134,135,136,138,142,144,145,147,150,152,153,154,155,156,159,161,165,168,170,171,174,175,176,177,180,182,185,186,187,188,189,190,192,195,196,198,200,201,203,204,205,207,208,209,210,213,216,217,220,221,222,224,225,228,230,231,232,234,235,236,238,240,242,243,244,245,247,248,250,252,253,255,258,259,260,261,264,265,266,270,272,273,275,276,279,280,282,285,286,287,288,290,294,295,297,299,300,304,306,308,310,312,315,319,320,321,322,323,324,325,328,330,332,333,335,336,340,341,342,344,345,348,350,351,352,354,357,360,363,364,366,368,369,370,371,372,374,375,376,377,378,380,384,385,387,388,390,391,392,396,399,400,402,403,405,406,407,408,410,413,414,415,416,418,420,424,425,426,427,428,429,430,432,434,435,437,438,440,441,442,444,448,450,451,455,456,459,460,462,464,465,468,469,470,472,473,475,476,477,480,481,483,484,485,486,488,490,492,493,494,495,496,497,500,504,506,510,511,513,516,517,518,520,522,525,527,528,530,532,533,535,536,539,540,544,546,549,550,551,552,555,558,559,560,561,564,567,568,570,572,574,575,576,580,581,582,583,584,585,588,589,590,592,594,595,598,600,602,603,605,608,609,610,611,612
289 615 count=436 nodes=2734647 memo=342964 lexmin=61,97,98,107,110,114,116,120,122,123,124,125,128,133,134,135,136,138,142,144,145,147,150,152,153,154,155,156,159,161,165,168,170,171,174,175,176,180,182,183,185,186,187,188,189,190,192,195,196,198,200,201,203,204,205,207,208,209,210,213,216,217,220,221,222,224,225,228,230,231,232,234,235,238,240,242,243,244,245,246,247,248,250,252,253,255,258,259,260,261,264,265,266,268,270,272,273,275,276,279,280,282,285,286,287,288,290,294,295,297,299,300,304,305,306,308,310,312,315,319,320,321,322,323,324,325,328,330,332,333,336,340,341,342,344,345,348,350,351,352,357,360,363,364,366,368,370,371,372,374,375,376,377,378,380,384,385,387,388,390,391,392,396,399,400,403,405,406,407,408,410,413,414,415,416,418,420,424,425,426,427,428,429,430,432,434,435,437,438,440,441,442,444,448,450,451,455,456,459,460,462,464,465,468,469,470,472,473,475,476,477,480,481,483,484,485,486,488,490,492,493,494,495,496,497,500,504,506,510,511,513,516,517,518,520,522,525,527,528,530,531,532,533,535,536,539,540,544,546,549,550,551,552,555,558,559,560,561,564,567,568,570,572,574,575,576,580,581,582,583,584,585,588,589,590,592,594,595,598,600,602,603,605,608,609,610,611,612,615
290 616 count=27 nodes=1224327 memo=163083 lexmin=67,97,98,107,114,116,123,124,125,126,128,129,130,132,133,134,135,136,138,140,142,144,145,147,150,152,153,154,155,159,161,168,170,171,172,174,175,176,180,182,185,186,187,188,189,190,192,195,196,198,200,201,203,204,205,207,208,209,210,213,215,216,217,220,221,222,224,225,228,230,231,232,234,238,240,242,243,244,245,246,247,248,250,252,253,255,259,260,261,264,265,266,270,272,273,275,276,279,280,282,285,286,287,288,290,294,295,297,299,300,301,304,306,308,310,312,315,319,320,321,322,323,324,325,328,329,330,332,333,335,336,340,341,342,344,345,348,350,351,352,357,360,363,364,366,368,370,371,372,374,375,376,377,378,380,384,385,388,390,391,392,396,399,400,402,403,405,406,407,408,410,413,414,415,416,418,420,423,424,425,426,427,428,429,430,432,434,435,437,438,440,441,442,444,448,450,451,455,456,459,460,462,464,465,468,469,470,472,473,475,476,477,480,481,483,484,485,486,488,490,492,493,494,495,496,497,500,504,506,510,511,513,516,517,518,520,522,525,527,528,530,531,532,533,535,536,539,540,544,546,549,550,551,552,555,558,559,560,561,564,567,568,570,572,574,575,576,580,581,582,583,584,585,588,589,590,592,594,595,598,600,602,603,605,608,609,610,612,615,616
291 621 count=34 nodes=1945692 memo=248478 lexmin=67,97,98,107,114,115,116,120,123,125,126,128,129,132,133,134,136,138,140,142,144,145,147,150,152,153,154,156,159,161,168,170,171,172,174,175,176,180,182,184,185,186,187,188,189,190,192,195,196,198,200,201,203,204,205,207,208,209,210,213,215,216,217,220,221,222,224,225,228,230,231,232,234,238,240,242,243,244,245,246,247,248,250,252,253,255,259,260,261,264,265,266,270,272,273,275,276,279,280,282,285,286,287,288,290,294,295,297,299,300,301,304,306,308,310,312,315,319,320,321,322,323,324,325,328,329,330,332,333,335,336,340,341,342,344,345,348,350,351,352,357,360,363,364,366,368,370,371,372,374,375,376,377,378,380,384,385,388,390,391,392,396,399,400,402,405,406,407,408,410,413,414,415,416,418,420,423,424,425,426,427,428,429,430,432,434,435,437,438,440,441,442,444,448,450,451,455,456,459,460,462,464,465,468,469,470,472,473,475,476,477,480,481,483,484,485,486,488,490,492,493,494,495,496,497,500,504,506,510,511,513,516,517,518,520,522,525,527,528,530,531,532,533,535,536,539,540,544,546,549,550,551,552,555,558,559,560,561,564,567,568,570,572,574,575,576,580,581,582,583,584,585,588,589,590,592,594,595,598,600,602,603,605,608,609,610,612,615,616,620,621
292 623 count=33650232 nodes=196940616 memo=19125492 lexmin=SKIPPED
293 623 count=7627 nodes=11983695 memo=1386114 lexmin=59,97,98,107,114,115,116,120,123,125,128,132,133,134,136,138,140,142,144,145,147,150,152,153,154,156,159,161,168,170,171,174,175,176,177,178,180,182,184,185,186,187,188,189,190,192,195,196,198,200,201,203,204,205,207,208,209,210,213,216,217,220,221,222,224,225,228,230,231,232,234,236,238,240,242,243,244,245,246,247,248,250,252,253,255,258,259,260,261,264,265,266,268,270,272,273,275,276,279,280,282,285,286,287,288,290,294,295,297,299,300,304,306,308,310,312,315,319,320,321,322,323,324,325,328,329,330,332,333,336,340,341,342,344,345,348,350,351,352,354,356,357,360,363,364,366,368,370,371,372,374,375,376,377,378,380,384,385,387,388,390,391,392,396,399,400,405,406,407,408,410,413,414,415,416,418,420,423,424,425,426,427,428,429,430,432,434,435,437,438,440,441,442,444,448,450,451,455,456,459,460,462,464,465,468,469,470,472,473,475,476,477,480,481,483,484,485,486,488,490,492,493,494,495,496,497,500,504,506,510,511,513,516,517,518,520,522,525,527,528,530,532,533,534,535,536,539,540,544,546,549,550,551,552,555,558,559,560,561,564,567,568,570,572,574,575,576,580,581,582,583,584,585,588,589,590,592,594,595,598,600,602,603,605,608,609,610,612,615,616,620,621,623
294 624 count=743 nodes=5819752 memo=701965 lexmin=61,97,98,107,114,115,116,122,123,125,128,130,132,133,134,138,140,142,143,144,145,147,150,152,154,156,159,161,165,168,170,171,174,175,178,180,182,183,184,185,186,187,188,189,190,192,195,196,198,200,201,203,204,205,207,208,209,210,213,216,217,220,221,222,224,225,228,230,231,232,234,238,240,242,243,244,245,246,247,248,250,252,253,255,258,259,260,261,264,265,266,268,270,272,273,275,276,279,280,282,285,286,287,288,290,294,295,297,299,300,304,305,306,308,310,312,315,319,320,321,322,323,324,325,328,329,330,332,333,336,340,341,342,344,345,348,350,351,352,356,357,360,363,364,366,368,370,371,372,374,375,376,377,378,380,384,385,387,388,390,391,392,396,399,400,405,406,407,408,410,413,414,415,416,418,420,423,424,425,426,427,428,429,430,432,434,435,437,438,440,441,442,444,448,450,451,455,456,459,460,462,464,465,468,469,470,472,473,475,476,477,480,481,483,484,485,486,488,490,492,493,494,495,496,497,500,504,506,510,511,513,516,517,518,520,522,525,527,528,530,531,532,533,534,535,536,539,540,544,546,549,550,551,552,555,558,559,560,561,564,567,568,570,572,574,575,576,580,581,582,583,584,585,588,589,590,592,594,595,598,600,602,603,605,608,609,610,612,615,616,620,621,623,624
295 627 count=1 nodes=2003149 memo=264367 lexmin=95,97,98,107,114,115,116,123,125,128,129,130,132,133,134,136,138,140,142,143,145,147,150,152,153,156,159,161,165,168,170,171,172,174,175,176,178,180,182,184,185,186,187,188,189,190,192,195,196,198,200,201,203,204,205,207,208,209,210,213,215,216,217,220,221,222,224,225,228,230,231,232,234,238,240,242,243,244,245,246,247,248,250,252,253,255,259,260,261,264,265,266,268,270,272,273,275,276,279,280,282,285,286,287,288,290,294,295,297,299,300,301,304,306,308,310,312,315,319,320,321,322,323,324,325,328,329,330,332,333,336,340,341,342,344,345,348,350,351,352,356,357,360,363,364,366,368,370,371,372,374,375,376,377,378,380,384,385,388,390,391,392,396,399,400,405,406,407,408,410,413,414,415,416,418,420,423,424,425,426,427,428,429,430,432,434,435,437,438,440,441,442,444,448,450,451,455,456,459,460,462,464,465,468,469,470,472,473,475,476,477,480,481,483,484,485,486,488,490,492,493,494,495,496,497,500,504,506,510,511,513,516,517,518,520,522,525,527,528,530,531,532,533,534,535,536,539,540,544,546,549,550,551,552,555,558,559,560,561,564,567,568,570,572,574,575,576,580,581,582,583,584,585,588,589,590,592,594,595,598,600,602,603,605,608,609,610,612,615,616,620,621,623,624,627
296 630 count=1 nodes=8696865 memo=1060403 lexmin=95,97,98,107,114,115,116,119,123,125,128,130,132,133,134,136,138,140,142,143,145,147,148,150,152,153,155,156,159,161,165,168,170,171,174,175,176,178,180,182,184,187,188,189,190,192,195,196,198,200,201,203,204,205,207,208,209,210,213,216,217,220,221,222,224,225,228,230,231,232,234,235,238,240,242,243,244,245,246,247,248,250,252,253,255,258,259,260,261,264,265,266,268,270,272,273,275,276,279,280,282,285,286,287,288,290,294,295,297,299,300,304,306,308,310,312,315,319,320,321,322,323,324,325,328,330,332,333,336,340,341,342,344,345,348,350,351,352,356,357,360,363,364,366,368,370,371,372,374,375,376,377,378,380,384,385,387,388,390,391,392,396,399,400,403,405,406,407,408,410,413,414,415,416,418,420,424,425,426,427,428,429,430,432,434,435,437,438,440,441,442,444,448,450,451,455,456,459,460,462,464,465,468,469,470,472,473,475,476,477,480,481,483,484,485,486,488,490,492,493,494,495,496,497,500,504,506,510,511,513,516,517,518,520,522,525,528,530,531,532,533,534,535,536,539,540,544,546,549,550,551,552,555,558,559,560,561,564,567,568,570,572,574,575,576,580,581,582,583,584,585,588,589,590,592,594,595,598,600,602,603,605,608,609,610,611,612,615,616,620,621,623,624,627,629,630
248 535 count=139326199 nodes=7878998711 memo=23488102 lexmin=SKIPPED
298 636 count=1588188 nodes=413219764 memo=23488102 lexmin=57,79,97,98,107,115,116,123,125,128,130,132,133,134,136,138,142,143,145,147,148,150,153,155,156,158,161,165,168,171,174,175,176,178,180,182,184,187,188,189,190,192,195,196,198,200,201,203,204,205,207,208,209,210,212,213,216,217,220,221,222,224,225,228,230,231,232,234,235,237,238,240,242,243,244,245,246,247,248,250,252,253,255,258,259,260,261,264,265,266,268,270,272,273,275,276,279,280,282,285,286,287,288,290,294,295,297,299,300,304,306,308,310,312,315,316,319,320,321,322,323,324,325,328,330,332,333,336,340,341,342,344,345,348,350,351,352,356,357,360,363,364,366,368,370,371,372,374,375,376,377,378,380,384,385,387,388,390,391,392,396,399,400,403,405,406,407,408,410,413,414,415,416,418,420,424,425,426,427,428,429,430,432,434,435,437,438,440,441,442,444,448,450,451,455,456,459,460,462,464,465,468,469,470,472,473,475,476,477,480,481,483,484,485,486,488,490,492,493,494,495,496,497,500,504,506,510,511,513,516,517,518,520,522,525,528,530,531,532,533,534,535,536,539,540,544,546,549,550,551,552,553,555,558,559,560,561,564,567,568,570,572,574,575,576,580,581,582,583,584,585,588,589,590,592,594,595,598,600,602,603,605,608,609,610,611,612,615,616,620,621,623,624,627,629,630,632,636
297 632 count=1601284 nodes=499057843 memo=23488102 lexmin=57,79,97,98,107,115,116,123,125,128,130,132,133,134,136,138,142,143,145,147,148,150,153,155,156,158,159,161,165,168,171,174,175,176,178,180,182,184,187,188,189,190,192,195,196,198,200,201,203,204,205,207,208,209,210,213,216,217,220,221,222,224,225,228,230,231,232,234,235,237,238,240,242,243,244,245,246,247,248,250,252,253,255,258,259,260,261,264,265,266,268,270,272,273,275,276,279,280,282,285,286,287,288,290,294,295,297,299,300,304,306,308,310,312,315,316,319,320,321,322,323,324,325,328,330,332,333,336,340,341,342,344,345,348,350,351,352,356,357,360,363,364,366,368,370,371,372,374,375,376,377,378,380,384,385,387,388,390,391,392,396,399,400,403,405,406,407,408,410,413,414,415,416,418,420,424,425,426,427,428,429,430,432,434,435,437,438,440,441,442,444,448,450,451,455,456,459,460,462,464,465,468,469,470,472,473,475,476,477,480,481,483,484,485,486,488,490,492,493,494,495,496,497,500,504,506,510,511,513,516,517,518,520,522,525,528,530,531,532,533,534,535,536,539,540,544,546,549,550,551,552,553,555,558,559,560,561,564,567,568,570,572,574,575,576,580,581,582,583,584,585,588,589,590,592,594,595,598,600,602,603,605,608,609,610,611,612,615,616,620,621,623,624,627,629,630,632
300 638 count=12284 nodes=52056354 memo=5595805 lexmin=59,79,97,107,111,115,118,119,123,125,128,134,136,138,140,142,143,147,150,152,153,154,155,156,158,161,165,168,170,171,175,176,177,178,180,182,184,185,187,188,189,190,192,195,198,200,201,203,204,205,207,208,210,212,213,216,217,220,221,222,224,225,228,230,231,232,234,235,236,237,238,240,242,243,244,245,246,247,248,250,252,253,255,258,259,260,261,264,265,266,268,270,272,273,275,276,279,280,282,285,286,287,288,290,294,295,296,297,299,300,304,306,308,310,312,315,316,319,320,321,322,323,324,325,328,330,332,333,336,340,341,342,344,345,348,350,351,352,354,356,357,360,363,364,366,368,371,372,374,375,376,377,378,380,384,385,387,388,390,391,392,396,399,400,403,405,406,407,408,410,414,415,416,418,420,424,425,426,427,428,429,430,432,434,435,437,438,440,441,442,444,448,450,451,455,456,459,460,462,464,465,468,469,470,472,473,475,476,477,480,481,483,484,485,486,488,490,492,493,494,495,496,497,500,504,506,510,511,513,516,517,518,520,522,525,528,530,531,532,533,534,535,536,539,540,544,546,549,550,551,552,553,555,558,559,560,561,564,567,568,570,572,574,575,576,580,581,582,583,584,585,588,589,590,592,594,595,598,600,602,603,605,608,609,610,611,612,615,616,620,621,623,624,627,629,630,632,636,637,638
299 637 count=290609 nodes=154291390 memo=15549395 lexmin=57,79,97,107,115,116,119,123,125,128,132,133,134,136,138,140,142,143,145,147,148,150,153,155,156,158,161,165,168,170,171,174,175,176,178,180,182,184,187,188,189,190,192,195,198,200,201,203,204,205,207,208,209,210,212,213,216,217,220,221,222,224,225,228,230,231,232,234,235,237,238,240,242,243,244,245,246,247,248,250,252,253,255,258,259,260,261,264,265,266,268,270,272,273,275,276,279,280,282,285,286,287,288,290,294,295,297,299,300,304,306,308,310,312,315,316,319,320,321,322,323,324,325,328,330,332,333,336,340,341,342,344,345,348,350,351,352,356,357,360,363,364,366,368,370,371,372,374,375,376,377,378,380,384,385,387,388,390,391,392,396,399,400,403,405,406,407,408,410,413,414,415,416,418,420,424,425,426,427,428,429,430,432,434,435,437,438,440,441,442,444,448,450,451,455,456,459,460,462,464,465,468,469,470,472,473,475,476,477,480,481,483,484,485,486,488,490,492,493,494,495,496,497,500,504,506,510,511,513,516,517,518,520,522,525,528,530,531,532,533,534,535,536,539,540,544,546,549,550,551,552,553,555,558,559,560,561,564,567,568,570,572,574,575,576,580,581,582,583,584,585,588,589,590,592,594,595,598,600,602,603,605,608,609,610,611,612,615,616,620,621,623,624,627,629,630,632,636,637
301 639 count=179847 nodes=118511824 memo=12138012 lexmin=59,67,79,97,102,107,115,123,125,128,134,138,140,142,143,147,148,150,152,153,154,155,156,158,161,165,168,170,171,175,176,177,178,180,182,184,187,188,189,190,192,195,198,200,201,203,204,205,207,208,210,212,213,216,217,220,221,222,224,225,228,230,231,232,234,235,236,237,238,240,242,243,244,245,246,247,248,250,252,253,255,258,259,260,261,264,265,266,270,272,273,275,276,279,280,282,284,285,286,287,288,290,294,295,297,299,300,304,306,308,310,312,315,316,319,320,321,322,323,324,325,328,330,332,333,335,336,340,341,342,344,345,348,350,351,352,354,355,356,357,360,363,364,366,368,370,371,372,374,375,376,377,378,380,384,385,387,388,390,391,392,396,399,400,402,403,405,406,407,408,410,413,414,415,416,418,420,424,425,427,428,429,430,432,434,435,437,438,440,441,442,444,448,450,451,455,456,459,460,462,464,465,468,469,470,472,473,475,476,477,480,481,483,484,485,486,488,490,492,493,494,495,496,497,500,504,506,510,511,513,516,517,518,520,522,525,528,530,532,533,534,535,536,539,540,544,546,549,550,551,552,553,555,558,559,560,561,564,567,568,570,572,574,575,576,580,581,582,583,584,585,588,589,590,592,594,595,598,600,602,603,605,608,609,610,611,612,615,616,620,621,623,624,627,629,630,632,636,637,638,639
302 640 count=120340 nodes=66313412 memo=7027396 lexmin=59,67,79,97,102,107,115,123,125,134,138,140,142,143,147,148,150,152,153,154,155,156,158,160,161,165,168,170,171,175,176,177,178,180,182,184,187,188,189,190,192,195,198,200,201,203,204,205,207,208,210,212,213,216,217,220,221,222,224,225,228,230,231,232,234,235,236,237,238,240,242,243,244,245,246,247,248,250,252,253,255,258,259,260,261,264,265,266,270,272,273,275,276,279,280,282,284,285,286,287,288,290,294,295,297,299,300,304,306,308,310,312,315,316,319,320,321,322,323,324,325,328,330,332,333,335,336,340,341,342,344,345,348,350,351,352,354,355,356,357,360,363,364,366,368,370,371,372,374,375,376,377,378,380,384,385,387,388,390,391,392,396,399,400,402,403,405,406,407,408,410,413,414,415,416,418,420,424,425,427,428,429,430,432,434,435,437,438,440,441,442,444,448,450,451,455,456,459,460,462,464,465,468,469,470,472,473,475,476,477,480,481,483,484,485,486,488,490,492,493,494,495,496,497,500,504,506,510,511,513,516,517,518,520,522,525,528,530,532,533,534,535,536,539,540,544,546,549,550,551,552,553,555,558,559,560,561,564,567,568,570,572,574,575,576,580,581,582,583,584,585,588,589,590,592,594,595,598,600,602,603,605,608,609,610,611,612,615,616,620,621,623,624,627,629,630,632,636,637,638,639,640
303 644 count=63747 nodes=45985807 memo=4959153 lexmin=59,67,79,97,107,111,119,123,125,134,136,138,142,143,147,150,152,153,154,155,156,158,160,161,165,168,170,171,175,176,177,178,180,182,184,185,187,188,189,190,192,195,198,200,201,203,204,205,207,208,210,212,213,216,217,220,221,222,224,225,228,230,231,232,234,235,236,237,238,240,242,243,244,245,246,247,248,250,252,253,255,258,259,260,261,264,265,266,270,272,273,275,276,279,280,282,284,285,286,287,288,290,294,295,296,297,299,300,304,306,308,310,312,315,316,319,320,321,322,323,324,325,328,330,332,333,335,336,340,341,342,344,345,348,350,351,352,354,355,356,357,360,363,364,366,368,371,372,374,375,376,377,378,380,384,385,387,388,390,391,392,396,399,400,402,403,405,406,407,408,410,413,414,415,416,418,420,424,425,427,428,429,430,432,434,435,437,438,440,441,442,444,448,450,451,455,456,459,460,462,464,465,468,469,470,472,473,475,476,477,480,481,483,484,485,486,488,490,492,493,494,495,496,497,500,504,506,510,511,513,516,517,518,520,522,525,528,530,532,533,534,535,536,539,540,544,546,549,550,551,552,553,555,558,559,560,561,564,567,568,570,572,574,575,576,580,581,582,583,584,585,588,589,590,592,594,595,598,600,602,603,605,608,609,610,611,612,615,616,620,621,623,624,627,629,630,632,636,637,638,639,640,644
305 645 count=2184 nodes=8628422 memo=1007116 lexmin=59,79,97,107,111,119,123,125,134,136,138,140,142,143,147,150,152,153,154,155,156,158,160,161,165,168,170,171,175,176,177,178,180,182,184,185,187,188,189,190,192,195,198,200,201,203,204,205,207,208,210,212,213,215,216,217,220,221,222,224,225,228,230,231,232,234,235,236,237,238,240,242,243,244,245,246,247,248,250,252,253,255,258,259,260,261,264,265,266,268,270,272,273,275,276,279,280,282,284,285,286,287,288,290,294,295,296,297,299,300,301,304,306,308,310,312,315,316,319,320,321,322,323,324,325,328,330,332,333,336,340,341,342,344,345,348,350,351,352,354,355,356,357,360,363,364,366,368,371,372,374,375,376,377,378,380,384,385,387,388,390,391,392,396,399,400,403,405,406,407,408,410,413,414,415,416,418,420,424,425,427,428,429,430,432,434,435,437,438,440,441,442,444,448,450,451,455,456,459,460,462,464,465,468,469,470,472,473,475,476,477,480,481,483,484,485,486,488,490,492,493,494,495,496,497,500,504,506,510,511,513,516,517,518,520,522,525,528,530,532,533,534,535,536,539,540,544,546,549,550,551,552,553,555,558,559,560,561,564,567,568,570,572,574,575,576,580,581,582,583,584,585,588,589,590,592,594,595,598,600,602,603,605,608,609,610,611,612,615,616,620,621,623,624,627,629,630,632,636,637,638,639,640,644,645
306 646 count=412 nodes=4310720 memo=516200 lexmin=61,79,97,107,111,122,123,125,126,132,134,136,138,140,142,143,147,150,152,154,156,158,160,161,165,168,170,171,175,176,178,180,182,183,184,185,186,187,188,189,192,195,200,201,203,204,205,207,208,209,210,212,213,215,216,217,220,221,222,224,225,228,230,231,232,234,237,238,240,242,243,244,245,246,247,248,250,252,253,255,258,259,260,261,264,265,266,268,270,272,273,275,276,279,280,282,284,285,286,287,288,290,294,295,296,297,299,300,301,304,305,306,308,310,312,315,316,319,320,321,322,323,324,325,328,329,330,332,333,336,340,341,342,344,345,348,350,351,352,355,356,357,360,363,364,366,368,371,372,374,375,376,377,378,380,384,385,387,388,390,391,392,396,399,400,405,406,407,408,410,413,414,415,416,418,420,423,424,425,427,428,429,430,432,434,435,437,438,440,441,442,444,448,450,451,455,456,459,460,462,464,465,468,469,470,472,473,475,476,477,480,481,483,484,485,486,488,490,492,493,494,495,496,497,500,504,506,510,511,513,516,517,518,520,522,525,527,528,530,531,532,533,534,535,536,539,540,544,546,549,550,551,552,553,555,558,559,560,561,564,567,568,570,572,574,575,576,580,581,582,583,584,585,588,589,590,592,594,595,598,600,602,603,605,608,609,610,612,615,616,620,621,623,624,627,629,630,632,636,637,638,639,640,644,645,646
308 649 count=58300 nodes=49281252 memo=5030138 lexmin=61,67,79,97,107,118,122,123,125,134,136,138,142,147,148,150,152,158,160,161,162,165,168,170,171,175,176,177,178,180,182,183,184,186,187,188,189,192,195,198,200,201,203,204,205,207,208,209,210,212,213,215,216,217,220,221,222,224,225,228,230,231,232,234,235,236,237,238,240,242,243,244,245,246,247,248,250,252,253,255,258,259,260,261,264,265,266,270,272,273,275,276,279,280,282,284,285,286,287,288,290,294,295,297,299,300,301,304,305,306,308,310,312,315,316,319,320,321,322,323,324,325,328,330,332,333,335,336,340,341,342,344,345,348,350,351,352,354,355,356,357,360,363,364,366,368,370,371,372,374,375,376,377,378,380,384,385,387,388,390,391,392,396,399,400,402,405,406,407,408,410,413,414,415,416,418,420,424,425,427,428,429,430,432,434,435,437,438,440,441,442,444,448,450,451,455,456,459,460,462,464,465,468,469,470,472,473,475,476,477,480,481,483,484,485,486,488,490,492,493,494,495,496,497,500,504,506,510,511,513,516,517,518,520,522,525,527,528,530,531,532,533,534,535,536,539,540,544,546,549,550,551,552,553,555,558,559,560,561,564,568,570,572,574,575,576,580,581,582,583,584,585,588,589,590,592,594,595,598,600,602,603,605,608,609,610,611,612,615,616,620,621,623,624,627,629,630,632,636,637,638,639,640,644,645,646,648,649
309 649 count=4 nodes=1214394 memo=148238 lexmin=79,81,97,107,118,123,125,126,132,134,136,138,140,142,143,147,148,150,152,154,156,158,160,161,165,168,170,171,175,176,177,178,180,182,184,186,187,188,189,192,195,198,200,201,203,204,205,207,208,209,210,212,213,215,216,217,220,221,222,224,225,228,230,231,232,234,236,237,238,240,242,243,244,245,246,247,248,250,252,253,255,258,259,260,261,264,265,266,268,270,272,273,275,276,279,280,282,284,285,286,287,288,290,294,295,297,299,300,301,304,306,308,310,312,315,316,319,320,321,322,323,324,325,328,329,330,332,333,336,340,341,342,344,345,348,350,351,352,354,355,356,357,360,363,364,366,368,370,371,372,374,375,376,377,378,380,384,385,387,388,390,391,392,396,399,400,405,406,407,408,410,413,414,415,416,418,420,423,424,425,427,428,429,430,432,434,435,437,438,440,441,442,444,448,450,451,455,456,459,460,462,464,465,468,469,470,472,473,475,476,477,480,481,483,484,485,486,488,490,492,493,494,495,496,497,500,504,506,510,511,513,516,517,518,520,522,525,527,528,530,531,532,533,534,535,536,539,540,544,546,549,550,551,552,553,555,558,559,560,561,564,567,568,570,572,574,575,576,580,581,582,583,584,585,588,589,590,592,594,595,598,600,602,603,605,608,609,610,612,615,616,620,621,623,624,627,629,630,632,636,637,638,639,640,644,645,646,648,649
310 651 count=7549 nodes=25894929 memo=2716249 lexmin=61,79,81,97,107,118,122,123,125,134,136,138,140,142,147,148,152,155,156,158,160,161,165,168,170,171,175,176,177,178,182,183,184,186,187,188,189,192,195,198,200,201,203,204,205,207,208,209,210,212,213,215,216,220,221,222,224,225,228,230,231,232,234,235,236,237,238,240,242,243,244,245,246,247,248,250,252,253,255,258,259,260,261,264,265,266,268,270,272,273,275,276,279,280,282,284,285,286,287,288,290,294,295,297,299,300,301,304,305,306,308,310,312,315,316,319,320,321,322,323,324,325,328,330,332,333,336,340,341,342,344,345,348,350,351,352,354,355,356,357,360,363,364,366,368,370,371,372,374,375,376,377,378,380,384,385,387,388,390,391,392,396,399,400,403,405,406,407,408,410,413,414,415,416,418,420,424,425,427,428,429,430,432,434,435,437,438,440,441,442,444,448,450,451,455,456,459,460,462,464,465,468,469,470,472,473,475,476,477,480,481,483,484,485,486,488,490,492,493,494,495,496,497,500,504,506,510,511,513,516,517,518,520,522,525,527,528,530,531,532,533,534,535,536,539,540,544,546,549,550,551,552,553,555,558,559,560,561,564,567,568,570,572,574,575,576,580,581,582,583,584,585,588,589,590,592,594,595,598,600,602,603,605,608,609,610,611,612,615,616,620,621,623,624,627,629,630,632,636,637,638,639,640,644,645,646,648,649,650,651
311 656 count=7425 nodes=21295508 memo=2264275 lexmin=61,79,81,97,107,118,122,125,134,136,138,140,142,144,147,148,152,155,156,158,160,161,165,168,170,171,175,176,177,178,182,183,184,186,187,188,189,192,195,198,200,201,203,204,205,207,208,209,210,212,213,215,216,220,221,222,224,225,228,230,231,232,234,235,236,237,238,240,242,243,244,245,246,247,248,250,252,253,255,258,259,260,261,264,265,266,268,270,272,273,275,276,279,280,282,284,285,286,287,288,290,294,295,297,299,300,301,304,305,306,308,310,312,315,316,319,320,321,322,323,324,325,330,332,333,336,340,341,342,344,345,348,350,351,352,354,355,356,357,360,363,364,366,368,369,370,371,372,374,375,376,377,378,380,384,385,387,388,390,391,392,396,399,400,403,405,406,407,408,410,413,414,415,416,418,420,424,425,427,428,429,430,432,434,435,437,438,440,441,442,444,448,450,451,455,456,459,460,462,464,465,468,469,470,472,473,475,476,477,480,481,483,484,485,486,488,490,492,493,494,495,496,497,500,504,506,510,511,513,516,517,518,520,522,525,527,528,530,531,532,533,534,535,536,539,540,544,546,549,550,551,552,553,555,558,559,560,561,564,567,568,570,572,574,575,576,580,581,582,583,584,585,588,589,590,592,594,595,598,600,602,603,605,608,609,610,611,612,615,616,620,621,623,624,627,629,630,632,636,637,638,639,640,644,645,646,648,649,650,651,656
312 657 count=478617 nodes=91743409 memo=9040815 lexmin=54,79,97,107,118,125,134,135,136,138,140,142,144,146,147,148,152,155,156,158,160,161,162,165,168,170,171,175,176,177,178,180,182,184,186,187,188,189,192,195,198,200,201,203,204,205,207,208,209,210,212,213,215,216,220,221,222,224,225,228,230,231,232,234,235,236,237,238,240,242,243,244,245,246,247,248,250,252,253,255,258,259,260,261,264,265,266,268,270,272,273,275,276,279,280,282,284,285,286,287,288,290,294,295,297,299,300,301,304,306,308,310,312,315,316,319,320,321,322,323,325,330,332,333,336,340,341,342,344,345,348,350,351,352,354,355,356,357,360,363,364,365,366,368,369,370,371,372,374,375,376,377,378,380,384,385,387,388,390,391,392,396,399,400,403,405,406,407,408,410,413,414,415,416,418,420,424,425,427,428,429,430,432,434,435,437,438,440,441,442,444,448,450,451,455,456,459,460,462,464,465,468,469,470,472,473,475,476,477,480,481,483,484,485,486,488,490,492,493,494,495,496,497,500,504,506,510,511,513,516,517,518,520,522,525,527,528,530,531,532,533,534,535,536,539,540,544,546,549,550,551,552,553,555,558,559,560,561,564,567,568,570,572,574,575,576,580,581,582,583,584,585,588,589,590,592,594,595,598,600,602,603,605,608,609,610,611,612,615,616,620,621,623,624,627,629,630,632,636,637,638,639,640,644,645,646,648,649,650,651,656,657
313 657 count=59 nodes=3495517 memo=403001 lexmin=67,79,81,97,107,118,125,134,136,138,140,142,144,146,147,148,152,155,156,158,160,161,165,168,170,171,175,176,177,178,180,182,184,186,187,188,189,192,195,198,200,201,203,204,205,207,208,209,210,212,213,215,216,220,221,222,224,225,228,230,231,232,234,235,236,237,238,240,242,243,244,245,246,247,248,250,252,253,255,258,259,260,261,264,265,266,270,272,273,275,276,279,280,282,284,285,286,287,288,290,294,295,297,299,300,301,304,306,308,310,312,315,316,319,320,321,322,323,324,325,330,332,333,335,336,340,341,342,344,345,348,350,351,352,354,355,356,357,360,363,364,365,366,368,369,370,371,372,374,375,376,377,378,380,384,385,387,388,390,391,392,396,399,400,402,403,405,406,407,408,410,413,414,415,416,418,420,424,425,427,428,429,430,432,434,435,437,438,440,441,442,444,448,450,451,455,456,459,460,462,464,465,468,469,470,472,473,475,476,477,480,481,483,484,485,486,488,490,492,493,494,495,496,497,500,504,506,510,511,513,516,517,518,520,522,525,527,528,530,531,532,533,534,535,536,539,540,544,546,549,550,551,552,553,555,558,559,560,561,564,567,568,570,572,574,575,576,580,581,582,583,584,585,588,589,590,592,594,595,598,600,602,603,605,608,609,610,611,612,615,616,620,621,623,624,627,629,630,632,636,637,638,639,640,644,645,646,648,649,650,651,656,657
314 658 count=26 nodes=1714126 memo=201767 lexmin=67,79,94,97,107,118,125,134,136,138,141,142,144,146,147,148,152,155,156,158,160,161,162,165,168,170,171,175,176,177,178,180,182,184,186,187,189,192,195,198,200,201,203,204,205,207,208,209,210,212,213,215,216,220,221,222,224,225,228,230,231,232,234,236,237,238,240,242,243,244,245,246,247,248,250,252,253,255,258,259,260,261,264,265,266,270,272,273,275,276,279,280,282,284,285,286,287,288,290,294,295,297,299,300,301,304,306,308,310,312,315,316,319,320,321,322,323,324,325,329,330,332,333,335,336,340,341,342,344,345,348,350,351,352,354,355,356,357,360,363,364,365,366,368,369,370,371,372,374,375,376,377,378,380,384,385,387,388,390,391,392,396,399,400,402,403,405,406,407,408,410,413,414,415,416,418,420,423,424,425,427,428,429,430,432,434,435,437,438,440,441,442,444,448,450,451,455,456,459,460,462,464,465,468,469,470,472,473,475,476,477,480,481,483,484,485,486,488,490,492,493,494,495,496,497,500,504,506,510,511,513,516,517,518,520,522,525,527,528,530,531,532,533,534,535,536,539,540,544,546,549,550,551,552,553,555,558,559,560,561,564,568,570,572,574,575,576,580,581,582,583,584,585,588,589,590,592,594,595,598,600,602,603,605,608,609,610,611,612,615,616,620,621,623,624,627,629,630,632,636,637,638,639,640,644,645,646,648,649,650,651,656,657,658
315 660 count=1 nodes=691101 memo=85492 lexmin=79,94,97,107,118,125,132,134,136,138,140,141,142,144,146,147,148,152,154,155,156,158,160,161,162,168,170,171,175,176,177,178,180,182,184,186,187,189,192,195,198,200,201,203,204,205,207,208,209,210,212,213,215,216,220,221,222,224,225,228,230,231,232,234,236,237,238,240,242,243,244,245,246,247,248,250,252,253,255,258,259,260,261,264,265,266,268,270,272,273,275,276,279,280,282,284,285,286,287,288,290,294,295,297,299,300,301,304,306,308,310,312,315,316,319,320,321,322,323,324,325,329,330,332,333,336,340,341,342,344,345,348,350,351,352,354,355,356,357,360,363,364,365,366,368,369,370,371,372,374,375,376,377,378,380,384,385,387,388,390,391,392,396,399,400,403,405,406,407,408,410,413,414,415,416,418,420,423,424,425,427,428,429,430,432,434,435,437,438,440,441,442,444,448,450,451,455,456,459,460,462,464,465,468,469,470,472,473,475,476,477,480,481,483,484,485,486,488,490,492,493,494,495,496,497,500,504,506,510,511,513,516,517,518,520,522,525,527,528,530,531,532,533,534,535,536,539,540,544,546,549,550,551,552,553,555,558,559,560,561,564,568,570,572,574,575,576,580,581,582,583,584,585,588,589,590,592,594,595,598,600,602,603,605,608,609,610,611,612,615,616,620,621,623,624,627,629,630,632,636,637,638,639,640,644,645,646,648,649,650,651,656,657,658,660
316 664 count=1 nodes=2322805 memo=276138 lexmin=79,83,94,97,107,118,119,125,134,138,141,142,144,146,147,148,152,154,155,158,160,161,162,165,168,170,171,175,176,177,178,180,182,184,186,189,192,195,198,200,201,203,204,205,207,208,209,210,212,213,215,216,220,221,222,224,225,228,230,231,232,234,236,237,238,240,242,243,244,245,246,247,248,249,250,252,253,255,258,259,260,261,264,265,266,268,270,272,273,275,276,279,280,282,284,285,286,287,288,290,294,295,297,299,300,301,304,306,308,310,312,315,316,319,320,321,322,323,324,325,329,330,332,333,336,340,341,342,344,345,348,350,351,352,354,355,356,357,360,363,364,365,366,368,369,370,371,372,374,375,376,377,378,380,384,385,387,388,390,391,392,396,399,400,403,405,406,407,408,410,413,414,415,416,418,420,423,424,425,427,428,429,430,432,434,435,437,438,440,441,442,444,448,450,451,455,456,459,460,462,464,465,468,469,470,472,473,475,476,477,480,481,483,484,485,486,488,490,492,493,494,495,496,497,498,500,504,506,510,511,513,516,517,518,520,522,525,527,528,530,531,532,533,534,535,536,539,540,544,546,549,550,551,552,553,555,558,559,560,561,564,568,570,572,574,575,576,580,582,583,584,585,588,589,590,592,594,595,598,600,602,603,605,608,609,610,611,612,615,616,620,621,623,624,627,629,630,632,636,637,638,639,640,644,645,646,648,649,650,651,656,657,658,660,663,664
317 665 count=2 nodes=1265645 memo=153782 lexmin=79,83,94,97,107,118,125,133,134,138,141,142,144,146,147,148,152,154,155,158,160,161,162,165,168,171,175,176,177,178,180,182,184,186,189,190,192,195,198,200,201,203,204,205,207,208,209,210,212,213,215,216,220,221,222,224,225,228,230,231,232,234,236,237,238,240,242,243,244,245,246,247,248,249,250,252,253,255,258,259,260,261,264,265,266,268,270,272,273,275,276,279,280,282,284,285,286,287,288,290,294,295,297,299,300,301,304,306,308,310,312,315,316,319,320,321,322,323,324,325,329,330,332,333,336,340,341,342,344,345,348,350,351,352,354,355,356,357,360,363,364,365,366,368,369,370,371,372,374,375,376,377,378,380,384,385,387,388,390,391,392,396,399,400,403,405,406,407,408,410,413,414,415,416,418,420,423,424,425,427,428,429,430,432,434,435,437,438,440,441,442,444,448,450,451,455,456,459,460,462,464,465,468,469,470,472,473,475,476,477,480,481,483,484,485,486,488,490,492,493,494,495,496,497,498,500,504,506,510,511,513,516,517,518,520,522,525,527,528,530,531,532,533,534,535,536,539,540,544,546,549,550,551,552,553,555,558,559,560,561,564,568,570,572,574,575,576,580,582,583,584,585,588,589,590,592,594,595,598,600,602,603,605,608,609,610,611,612,615,616,620,621,623,624,627,629,630,632,636,637,638,639,640,644,645,646,648,649,650,651,656,657,658,660,663,664,665
318 667 count=35071 nodes=43756069 memo=4464924 lexmin=67,79,83,97,107,111,118,125,133,134,140,142,144,146,147,148,152,155,158,160,161,162,168,171,174,175,176,177,178,182,184,186,188,189,190,192,195,198,200,201,203,204,205,207,208,209,210,212,213,215,220,221,222,224,225,228,230,231,232,234,235,236,237,238,240,242,243,244,245,246,247,248,249,250,252,253,255,258,259,260,261,264,265,266,270,272,273,275,276,279,280,284,285,286,287,288,290,294,295,296,297,299,300,301,304,306,308,310,312,315,316,319,320,321,322,323,325,329,330,332,333,335,336,340,341,342,344,345,348,350,351,352,354,355,356,357,360,363,364,365,366,368,369,370,371,372,374,375,376,377,378,380,384,385,387,388,390,391,392,396,399,400,402,403,405,406,407,408,410,413,414,415,416,418,420,423,424,425,427,428,429,430,432,434,435,437,438,440,441,442,444,448,450,451,455,456,459,460,462,464,465,468,469,470,472,473,475,476,477,480,481,483,484,485,486,488,490,492,493,494,495,496,497,498,500,504,506,510,511,513,516,518,520,522,525,527,528,530,531,532,533,534,535,536,539,540,544,546,549,550,551,552,553,555,558,559,560,561,564,567,568,570,572,574,575,576,580,582,583,584,585,588,589,590,592,594,595,598,600,602,603,605,608,609,610,611,612,615,616,620,621,623,624,627,629,630,632,636,637,638,639,640,644,645,646,648,649,650,651,656,657,658,660,663,664,665,666,667
319 670 count=724 nodes=10095406 memo=1107027 lexmin=79,81,83,97,107,111,118,125,133,134,140,142,144,146,147,148,152,155,158,160,161,171,174,175,176,177,178,180,182,184,186,188,189,190,192,195,198,200,201,203,204,205,207,208,209,210,212,213,215,216,220,221,222,224,225,228,230,231,232,234,235,236,237,238,240,242,243,244,245,246,247,248,249,250,252,253,255,258,259,260,261,264,265,266,268,270,272,273,275,276,279,280,284,285,286,287,288,290,294,295,296,297,299,300,301,304,306,308,310,312,315,316,319,320,321,322,323,324,325,329,330,332,333,335,336,340,341,342,344,345,348,350,351,352,354,355,356,357,360,363,364,365,366,368,369,370,371,372,374,375,376,377,378,380,384,385,387,388,390,391,392,396,399,400,402,403,405,406,407,408,410,413,414,415,416,418,420,423,424,425,427,428,429,430,432,434,435,437,438,440,441,442,444,448,450,451,455,456,459,460,462,464,465,468,470,472,473,475,476,477,480,481,483,484,485,486,488,490,492,493,494,495,496,497,498,500,504,506,510,511,513,516,518,520,522,525,527,528,530,531,532,533,534,535,536,539,540,544,546,549,550,551,552,553,555,558,559,560,561,564,567,568,570,572,574,575,576,580,582,583,584,585,588,589,590,592,594,595,598,600,602,605,608,609,610,611,612,615,616,620,621,623,624,627,629,630,632,636,637,638,639,640,644,645,646,648,649,650,651,656,657,658,660,663,664,665,666,667,670
320 671 count=49 nodes=4204662 memo=481144 lexmin=79,83,97,107,111,118,122,125,133,134,142,146,147,148,152,154,155,158,160,161,162,165,168,171,174,175,177,178,180,182,183,184,186,188,189,190,192,195,198,200,201,203,204,205,207,208,209,210,212,213,215,220,221,222,224,225,228,230,231,232,234,235,236,237,238,240,242,243,244,245,246,247,248,249,250,252,253,255,258,259,260,261,264,265,266,268,270,272,273,275,276,279,280,284,285,286,287,288,290,294,295,296,297,299,300,301,304,306,308,310,312,315,316,319,320,321,322,323,325,329,330,332,333,335,336,340,341,342,344,345,348,350,351,352,354,355,356,357,360,363,364,365,366,368,369,370,371,372,374,375,376,377,378,380,384,385,387,388,390,391,392,396,399,400,402,403,405,406,407,408,410,413,414,415,416,418,420,423,424,425,427,428,429,430,432,434,435,437,438,440,441,442,444,448,450,451,455,456,459,460,462,464,465,468,470,472,473,475,476,477,480,481,483,484,485,486,488,490,492,493,494,495,496,497,498,500,504,506,510,511,513,516,518,520,522,525,527,528,530,531,532,533,534,535,536,539,540,544,546,549,550,551,552,553,555,558,559,560,561,564,567,568,570,572,574,575,576,580,582,583,584,585,588,589,590,592,594,595,598,600,602,605,608,609,610,611,612,615,616,620,621,623,624,627,629,630,632,636,637,638,639,640,644,645,646,648,649,650,651,656,657,658,660,663,664,665,666,667,670,671
321 672 count=3 nodes=1745649 memo=209306 lexmin=83,97,107,111,118,122,125,133,134,142,144,146,147,148,152,153,154,155,161,162,165,168,170,171,174,175,176,177,178,180,182,183,184,186,187,188,189,190,192,195,198,200,201,203,204,205,207,208,209,210,212,213,215,220,221,222,224,225,228,230,231,232,234,235,236,237,240,242,243,244,245,246,247,248,249,250,252,253,255,258,259,260,261,264,265,266,268,270,272,273,275,276,279,280,284,285,286,287,288,290,294,295,296,297,299,300,301,304,306,308,310,312,315,319,320,321,322,323,325,329,330,332,333,335,336,340,341,342,344,345,348,350,351,352,354,355,356,357,360,363,364,365,366,368,369,370,371,372,374,375,376,377,378,380,384,385,387,388,390,391,392,395,396,399,400,402,403,405,406,407,408,410,413,414,415,416,418,420,423,424,425,427,428,429,430,432,434,435,437,438,440,441,442,444,448,450,451,455,456,459,460,462,464,465,468,470,472,473,475,476,477,480,481,483,484,485,486,488,490,492,493,494,495,496,497,498,500,504,506,510,511,513,516,518,520,522,525,527,528,530,531,532,533,534,535,536,539,540,544,546,549,550,551,552,555,558,559,560,561,564,567,568,570,572,574,575,576,580,582,583,584,585,588,589,590,592,594,595,598,600,602,605,608,609,610,611,612,615,616,620,621,623,624,627,629,630,632,636,637,638,639,640,644,645,646,648,649,650,651,656,657,658,660,663,664,665,666,667,670,671,672
304 645 count=10488216 nodes=170950489 memo=17086094 lexmin=47,67,79,97,107,123,125,126,134,136,138,140,141,142,143,147,148,150,152,153,154,155,156,158,160,161,165,168,171,175,176,178,180,182,184,187,189,190,192,195,198,200,201,203,204,205,207,208,210,212,213,215,216,217,220,221,222,224,225,228,230,231,232,234,235,237,238,240,242,243,244,245,246,247,248,250,252,253,255,258,259,260,261,264,265,266,270,272,273,275,276,279,280,282,284,285,286,287,288,290,294,295,297,299,300,301,304,306,308,310,312,315,316,319,320,321,322,323,324,325,328,329,330,332,333,335,336,340,341,342,344,345,348,350,351,352,355,356,357,360,363,364,366,368,370,371,372,374,375,377,378,380,384,385,387,388,390,391,392,396,399,400,402,403,405,406,407,408,410,413,414,415,416,418,420,423,424,425,427,428,429,430,432,434,435,437,438,440,441,442,444,448,450,451,455,456,459,460,462,464,465,468,469,470,472,473,475,476,477,480,481,483,484,485,486,488,490,492,493,494,495,496,497,500,504,506,510,511,513,516,517,518,520,522,525,528,530,531,532,533,534,535,536,539,540,544,546,549,550,551,552,553,555,558,559,560,561,564,567,568,570,572,574,575,576,580,581,582,583,584,585,588,589,590,592,594,595,598,600,602,603,605,608,609,610,611,612,615,616,620,621,623,624,627,629,630,632,636,637,638,639,640,644,645
323 676 count=743 nodes=32714997 memo=3425297 lexmin=79,83,97,107,111,117,118,122,125,133,134,142,146,147,148,152,154,155,156,158,161,162,165,171,174,177,178,183,184,186,188,189,190,192,195,198,200,201,203,204,205,207,208,209,210,212,213,215,216,220,221,222,224,225,228,230,231,232,234,235,236,237,238,240,242,243,244,245,246,247,248,249,250,252,253,255,258,259,260,261,264,265,266,268,270,272,273,275,276,279,280,284,285,286,287,288,290,294,295,296,297,299,300,301,304,306,308,310,312,315,316,319,320,321,322,323,325,329,330,332,333,335,336,338,340,341,342,344,345,348,350,351,352,354,355,356,357,360,363,364,365,366,368,369,370,371,372,374,375,376,377,378,380,384,385,387,388,390,391,392,396,399,400,402,403,405,406,407,408,410,413,414,415,416,418,420,423,424,425,427,428,429,430,432,434,435,437,438,440,441,442,444,448,450,451,455,456,459,460,462,464,465,468,470,472,473,475,476,477,480,481,483,484,485,486,488,490,492,493,494,495,496,497,498,500,504,506,507,510,511,513,516,518,520,522,525,527,528,530,531,532,533,534,535,536,539,540,544,546,549,550,551,552,553,555,558,559,560,561,564,567,568,570,572,574,575,576,580,582,583,584,585,588,589,590,592,594,595,598,600,602,605,608,609,610,611,612,615,616,620,621,623,624,627,629,630,632,636,637,638,639,640,644,645,646,648,649,650,651,656,657,658,660,663,664,665,666,667,670,671,672,675,676
324 680 count=435 nodes=17930021 memo=1900820 lexmin=83,91,97,107,111,118,122,125,133,134,142,144,146,147,148,152,154,155,161,162,165,168,171,174,176,177,178,183,184,186,187,188,189,190,192,195,198,200,201,203,204,205,207,208,209,210,212,213,215,216,220,221,222,224,225,228,230,231,232,234,235,236,237,238,240,242,243,244,245,246,247,248,249,250,252,253,255,258,259,260,261,264,265,266,268,270,272,273,275,276,279,280,284,285,286,287,288,290,294,295,296,297,299,300,301,304,306,308,310,312,315,319,320,321,322,323,325,329,330,332,333,335,336,338,340,341,342,344,345,348,350,351,352,354,355,356,357,360,363,364,365,366,368,369,370,371,372,374,375,376,377,378,380,384,385,387,388,390,391,392,395,396,399,400,402,403,405,406,407,408,410,413,414,415,416,418,420,423,424,425,427,428,429,430,432,434,435,437,438,440,441,442,444,448,450,451,455,456,459,460,462,464,465,468,470,472,473,475,476,477,480,481,483,484,485,486,488,490,492,493,494,495,496,497,498,500,504,506,507,510,511,513,516,518,520,522,525,527,528,530,531,532,533,534,535,536,539,540,544,546,549,550,551,552,555,558,559,560,561,564,567,568,570,572,574,575,576,580,582,583,584,585,588,589,590,592,594,595,598,600,602,605,608,609,610,611,612,615,616,620,621,623,624,627,629,630,632,636,637,638,639,640,644,645,646,648,649,650,651,656,657,658,660,663,664,665,666,667,670,671,672,675,676,680
325 684 count=9607 nodes=59739404 memo=6047258 lexmin=79,83,91,97,107,118,122,125,134,140,142,146,147,148,152,155,156,158,161,162,168,174,177,178,180,182,183,184,185,187,188,189,190,192,195,198,200,201,203,204,205,207,208,209,210,212,213,215,216,217,220,221,222,224,225,228,230,231,232,234,235,236,237,238,240,242,243,244,245,246,247,248,249,250,252,253,255,258,259,260,261,264,265,266,268,270,272,273,275,276,280,284,285,286,287,288,290,294,295,296,297,299,300,301,304,306,308,310,312,315,316,319,320,321,322,323,325,329,330,332,333,335,336,338,340,341,342,344,345,348,350,351,352,354,355,356,357,360,363,364,365,366,368,369,370,371,372,374,375,376,377,378,380,384,385,387,388,390,391,392,396,399,400,402,403,405,406,408,410,413,414,415,416,418,420,423,424,425,427,428,429,430,432,434,435,437,438,440,441,442,444,448,450,451,455,456,459,460,462,464,465,468,470,472,473,475,476,477,480,481,483,484,485,486,488,490,492,493,494,495,496,497,498,500,504,506,507,510,511,513,516,518,520,522,525,527,528,530,531,532,533,534,535,536,539,540,544,546,549,550,551,552,553,555,558,559,560,561,564,567,568,570,572,574,575,576,580,582,583,584,585,588,589,590,592,594,595,598,600,602,605,608,609,610,611,612,615,616,620,621,623,624,627,629,630,632,636,637,638,639,640,644,645,646,648,649,650,651,656,657,658,660,663,664,665,666,667,670,671,672,675,676,680,682,684
322 676 count=7191525 nodes=779284732 memo=23488102 lexmin=62,83,94,97,107,111,117,118,122,125,133,134,141,142,146,147,148,152,156,161,162,165,171,174,177,178,183,184,186,189,190,192,195,198,200,201,203,204,205,207,208,209,210,212,213,215,216,217,220,221,222,224,225,228,230,231,232,234,236,237,238,240,242,243,244,245,246,247,248,249,250,252,253,255,258,259,260,261,264,265,266,268,270,272,273,275,276,279,280,282,284,285,286,287,288,290,294,295,296,297,299,300,301,304,306,308,310,312,315,319,320,321,322,323,325,329,330,332,333,335,336,338,340,341,342,344,345,348,350,351,352,354,355,356,357,360,363,364,365,366,368,369,370,371,372,374,375,376,377,378,380,384,385,387,388,390,391,392,395,396,399,400,402,403,405,406,407,408,410,413,414,415,416,418,420,423,424,425,427,428,429,430,432,434,435,437,438,440,441,442,444,448,450,451,455,456,459,460,462,464,465,468,470,472,473,475,476,477,480,481,483,484,485,486,488,490,492,493,494,495,496,497,498,500,504,506,507,510,511,513,516,517,518,520,522,525,527,528,530,531,532,533,534,535,536,539,540,544,546,549,550,551,552,555,558,559,560,561,564,567,568,570,572,574,575,576,580,582,583,584,585,588,589,590,592,594,595,598,600,602,605,608,609,610,611,612,615,616,620,621,623,624,627,629,630,632,636,637,638,639,640,644,645,646,648,649,650,651,656,657,658,660,663,664,665,666,667,670,671,672,675,676
327 685 count=598085 nodes=193018568 memo=18883198 lexmin=74,83,94,97,107,118,122,125,130,134,137,141,142,143,146,147,148,152,155,161,162,174,176,177,178,180,182,183,184,187,189,190,192,195,198,200,201,203,204,205,207,209,210,212,213,215,216,217,220,221,224,225,228,230,231,232,234,236,237,238,240,242,243,244,245,246,247,248,249,250,252,253,255,258,259,260,261,264,265,266,268,270,272,273,274,275,276,280,282,284,285,286,287,288,290,294,295,296,297,299,300,301,304,306,308,310,312,315,319,320,321,322,323,325,329,330,332,333,335,336,338,340,341,342,344,345,348,350,351,352,354,355,356,357,360,363,364,365,366,368,369,370,371,372,374,375,376,377,378,380,384,385,387,388,390,391,392,395,396,399,400,402,403,405,406,407,408,410,411,413,414,415,416,418,420,423,424,425,427,428,429,430,432,434,435,437,438,440,441,442,444,448,450,451,455,456,459,460,462,464,465,468,470,472,473,475,476,477,480,481,483,484,485,486,488,490,492,493,494,495,496,497,498,500,504,506,507,510,511,513,516,517,518,520,522,525,527,528,530,531,532,533,534,535,536,539,540,544,546,548,549,550,551,552,555,558,559,560,561,564,567,568,570,572,574,575,576,580,582,583,584,585,588,589,590,592,594,595,598,600,602,605,608,609,610,611,612,615,616,620,621,623,624,627,629,630,632,636,637,638,639,640,644,645,646,648,649,650,651,656,657,658,660,663,664,665,666,667,670,671,672,675,676,680,682,684,685
328 685 count=5 nodes=10500146 memo=1198672 lexmin=83,94,97,107,111,118,122,125,130,134,137,141,142,143,146,147,148,152,155,161,162,174,176,177,178,180,182,183,184,187,189,190,192,195,198,200,201,203,204,205,207,209,210,212,213,215,216,217,220,221,222,224,225,228,230,231,232,234,236,237,238,240,242,243,244,245,246,247,248,249,250,252,253,255,258,259,260,261,264,265,266,268,270,272,273,274,275,276,280,282,284,285,286,287,288,290,294,295,296,297,299,300,301,304,306,308,310,312,315,319,320,321,322,323,325,329,330,332,333,335,336,338,340,341,342,344,345,348,350,351,352,354,355,356,357,360,363,364,365,366,368,369,370,371,372,374,375,376,377,378,380,384,385,387,388,390,391,392,395,396,399,400,402,403,405,406,407,408,410,411,413,414,415,416,418,420,423,424,425,427,428,429,430,432,434,435,437,438,440,441,442,444,448,450,451,455,456,459,460,462,464,465,468,470,472,473,475,476,477,480,481,483,484,485,486,488,490,492,493,494,495,496,497,498,500,504,506,507,510,511,513,516,517,518,520,522,525,527,528,530,531,532,533,534,535,536,539,540,544,546,548,549,550,551,552,555,558,559,560,561,564,567,568,570,572,574,575,576,580,582,583,584,585,588,589,590,592,594,595,598,600,602,605,608,609,610,611,612,615,616,620,621,623,624,627,629,630,632,636,637,638,639,640,644,645,646,648,649,650,651,656,657,658,660,663,664,665,666,667,670,671,672,675,676,680,682,684,685
329 690 count=1794 nodes=26894757 memo=3006632 lexmin=79,83,94,97,106,107,111,118,122,125,134,137,141,142,146,147,148,155,158,162,174,177,178,180,182,183,184,187,189,190,192,195,198,200,201,203,204,205,207,208,210,212,213,215,216,217,220,221,222,224,225,228,230,231,232,234,236,237,238,240,242,243,244,245,246,247,248,249,250,252,253,255,258,259,260,261,264,266,268,270,272,273,274,275,276,280,282,284,285,286,287,288,290,294,295,296,297,299,300,301,304,306,308,310,312,315,316,318,319,320,321,322,323,325,329,330,332,333,335,336,338,340,341,342,344,345,348,350,351,352,354,355,356,357,360,363,364,365,366,368,369,370,371,372,374,375,376,377,378,380,384,385,387,388,390,391,392,396,399,400,402,403,405,406,407,408,410,411,413,414,415,416,418,420,423,424,425,427,428,429,430,432,434,435,437,438,440,441,442,444,448,450,451,455,456,459,460,462,464,465,468,470,472,473,475,476,477,480,481,483,484,485,486,488,490,492,493,494,495,496,497,498,500,504,506,507,510,511,513,516,517,518,520,522,525,527,528,530,531,532,533,534,535,536,539,540,544,546,548,549,550,551,552,553,555,558,559,560,561,564,567,568,570,572,574,575,576,580,582,583,584,585,588,589,590,592,594,595,598,600,602,605,608,609,610,611,612,615,616,620,621,623,624,627,629,630,632,636,637,638,639,640,644,645,646,648,649,650,651,656,657,658,660,663,664,665,666,667,670,671,672,675,676,680,682,684,685,689,690
330 693 count=267 nodes=12478537 memo=1429092 lexmin=79,83,97,106,107,118,122,125,134,137,142,146,147,148,152,154,155,158,162,168,174,177,178,182,183,184,185,187,188,189,190,192,195,198,200,201,203,204,205,207,208,209,210,212,213,215,216,217,220,221,222,224,225,228,230,231,232,234,235,236,237,238,240,242,243,244,245,246,247,248,249,250,252,253,255,258,259,260,261,264,266,268,270,272,273,274,275,276,280,284,285,286,287,288,290,294,295,296,297,299,300,301,304,306,308,310,312,315,316,318,319,320,321,322,323,325,329,330,332,333,335,336,338,340,341,342,344,345,348,350,351,352,354,355,356,357,360,363,364,365,366,368,369,370,371,372,374,375,376,377,378,380,384,385,387,388,390,391,392,396,399,400,402,403,405,406,408,410,411,413,414,415,416,418,420,423,424,425,427,428,429,430,432,434,435,437,438,440,441,442,444,448,450,451,455,456,459,460,462,464,465,468,470,472,473,475,476,477,480,481,483,484,485,486,488,490,492,493,494,495,496,497,498,500,504,506,507,510,511,513,516,518,520,522,525,527,528,530,531,532,533,534,535,536,539,540,544,546,548,549,550,551,552,553,555,558,559,560,561,564,567,568,570,572,574,575,576,580,582,583,584,585,588,589,590,592,594,595,598,600,602,605,608,609,610,611,612,615,616,620,621,623,624,627,629,630,632,636,637,638,639,640,644,645,646,648,649,650,651,656,657,658,660,663,664,665,666,667,670,671,672,675,676,680,682,684,685,689,690,693
331 696 count=9 nodes=3459589 memo=421133 lexmin=83,97,106,107,111,118,122,125,134,137,142,144,145,146,147,148,152,155,162,165,174,176,177,178,180,182,183,184,187,188,189,190,192,195,198,200,201,203,204,205,207,208,209,212,213,215,216,217,220,221,222,224,225,228,230,231,232,234,235,236,237,238,240,242,243,244,245,246,247,248,249,250,252,253,255,258,259,260,261,264,266,268,270,272,273,274,275,276,280,284,285,286,287,288,290,294,295,296,297,299,300,301,304,306,308,310,312,315,318,319,320,321,322,323,325,329,330,332,333,335,336,338,340,341,342,344,345,348,350,351,352,354,355,356,357,360,363,364,365,366,368,369,370,371,372,374,375,376,377,378,380,384,385,387,388,390,391,392,395,396,399,400,402,403,405,406,407,408,410,411,413,414,415,416,418,420,423,424,425,427,428,429,430,432,434,435,437,438,440,441,442,444,448,450,451,455,456,459,460,462,464,465,468,470,472,473,475,476,477,480,481,483,484,485,486,488,490,492,493,494,495,496,497,498,500,504,506,507,510,511,513,516,518,520,522,525,527,528,530,531,532,533,534,535,536,539,540,544,546,548,549,550,551,552,555,558,559,560,561,564,567,568,570,572,574,575,576,580,582,583,584,585,588,589,590,592,594,595,598,600,602,605,608,609,610,611,612,615,616,620,621,623,624,627,629,630,632,636,637,638,639,640,644,645,646,648,649,650,651,656,657,658,660,663,664,665,666,667,670,671,672,675,676,680,682,684,685,689,690,693,696
332 700 count=2461 nodes=17071423 memo=1932221 lexmin=79,83,97,106,107,118,122,125,134,137,142,145,146,147,148,155,158,162,170,174,175,177,178,180,182,183,184,185,187,188,189,190,192,195,198,200,201,203,204,207,208,210,212,213,215,216,217,220,221,222,224,225,228,230,231,232,234,235,236,237,238,240,242,243,244,245,246,247,248,249,250,252,253,255,258,259,260,261,264,266,268,270,272,273,274,275,276,280,284,285,286,287,288,290,294,295,296,297,299,300,301,304,306,308,310,312,315,316,318,319,320,321,322,323,325,328,329,330,332,333,335,336,338,340,341,342,344,345,348,350,351,352,354,355,356,357,360,363,364,365,366,368,370,371,372,374,375,376,377,378,380,384,385,387,388,390,391,392,396,399,400,402,403,405,406,408,410,411,413,414,415,416,418,420,423,424,425,427,428,429,430,432,434,435,437,438,440,441,442,444,448,450,451,455,456,459,460,462,464,465,468,470,472,473,475,476,477,480,481,483,484,485,486,488,490,492,493,494,495,496,497,498,500,504,506,507,510,511,513,516,518,520,522,525,527,528,530,531,532,533,534,535,536,539,540,544,546,548,549,550,551,552,553,555,558,559,560,561,564,567,568,570,572,574,575,576,580,582,583,584,585,588,589,590,592,594,595,598,600,602,605,608,609,610,611,612,615,616,620,621,623,624,627,629,630,632,636,637,638,639,640,644,645,646,648,649,650,651,656,657,658,660,663,664,665,666,667,670,671,672,675,676,680,682,684,685,689,690,693,696,697,700
333 702 count=15 nodes=5758268 memo=681826 lexmin=83,97,106,107,118,122,125,134,137,142,145,146,147,148,152,154,155,162,168,170,174,175,177,178,180,182,183,184,185,187,188,189,190,192,198,200,201,203,204,207,208,209,210,212,213,215,216,217,220,221,222,224,225,228,230,231,232,234,235,236,237,238,240,242,243,244,245,246,247,248,249,250,252,253,255,258,259,260,261,264,266,268,270,272,273,274,275,276,280,284,285,286,287,288,290,294,295,296,297,299,300,301,304,306,308,310,312,315,318,319,320,321,322,323,324,325,328,329,330,332,333,335,336,338,340,341,342,344,345,348,350,351,352,354,355,356,357,360,363,364,365,366,368,370,371,372,374,375,376,377,378,380,384,385,387,388,390,391,392,395,396,399,400,402,403,405,406,408,410,411,413,414,415,416,418,420,423,424,425,427,428,429,430,432,434,435,437,438,440,441,442,444,448,450,451,455,456,459,460,462,464,465,468,470,472,473,475,476,477,480,481,483,484,485,486,488,490,492,493,494,495,496,497,498,500,504,506,507,510,511,513,516,518,520,522,525,527,528,530,531,532,533,534,535,536,539,540,544,546,548,549,550,551,552,555,558,559,560,561,564,568,570,572,574,575,576,580,582,583,584,585,588,589,590,592,594,595,598,600,602,605,608,609,610,611,612,615,616,620,621,623,624,627,629,630,632,636,637,638,639,640,644,645,646,648,649,650,651,656,657,658,660,663,664,665,666,667,670,671,672,675,676,680,682,684,685,689,690,693,696,697,700,702
334 704 count=21 nodes=22353381 memo=2556792 lexmin=83,97,106,107,118,122,125,133,134,137,142,145,146,147,148,152,154,155,162,165,170,171,174,175,177,178,180,182,183,184,187,188,189,190,198,200,201,203,204,205,207,208,209,210,212,213,215,217,220,221,222,224,225,230,231,232,234,235,236,237,238,240,242,243,244,245,246,247,248,249,250,252,253,255,258,259,260,261,264,266,268,270,272,273,274,275,276,280,284,285,286,287,288,290,294,295,297,299,300,301,304,306,308,310,312,315,318,319,320,321,322,323,325,328,329,330,332,333,335,336,338,340,341,342,344,345,348,350,351,352,354,355,356,357,360,363,364,365,366,368,369,370,371,372,374,375,376,377,378,380,384,385,387,388,390,391,392,395,396,399,400,402,403,405,406,407,408,410,411,413,414,415,416,418,420,423,424,425,427,428,429,430,432,434,435,437,438,440,441,442,444,448,450,451,455,456,459,460,462,464,465,468,470,472,473,475,476,477,480,481,483,484,485,486,488,490,493,494,495,496,497,498,500,504,506,507,510,511,513,516,518,520,522,525,527,528,530,531,532,533,534,535,536,539,540,544,546,548,549,550,551,552,555,558,559,560,561,564,567,568,570,572,574,575,576,580,582,583,584,585,588,589,590,592,594,595,598,600,602,605,608,609,610,611,612,615,616,620,621,623,624,627,629,630,632,636,637,638,639,640,644,645,646,648,649,650,651,656,657,658,660,663,664,665,666,667,670,671,672,675,676,680,682,684,685,689,690,693,696,697,700,702,703,704
335 705 count=18 nodes=22632162 memo=2587083 lexmin=83,97,106,107,118,122,125,134,137,141,142,144,145,146,147,148,155,156,162,165,170,174,175,177,178,180,183,184,187,188,189,190,195,198,200,201,203,204,205,207,208,209,210,212,213,215,217,220,221,222,224,225,228,230,231,232,234,235,236,237,238,240,242,243,244,245,246,247,248,249,250,252,253,255,258,259,260,261,264,266,268,270,272,273,274,275,276,280,282,284,285,286,287,288,290,294,295,297,299,300,301,306,308,310,312,315,318,319,320,321,322,323,325,328,329,330,332,333,335,336,338,340,341,342,344,345,348,350,351,352,354,355,356,357,360,363,364,365,366,368,369,370,371,372,374,375,376,377,378,380,384,385,387,388,390,391,392,395,396,399,400,402,403,405,406,407,408,410,411,413,414,415,416,418,420,423,424,425,427,428,429,430,432,434,435,437,438,440,441,442,444,448,450,451,455,456,459,460,462,464,465,468,470,472,473,475,476,477,480,481,483,484,485,486,488,490,493,494,495,496,497,498,500,504,506,507,510,511,513,516,517,518,520,522,525,527,528,530,531,532,533,534,535,536,539,540,544,546,548,549,550,551,552,555,558,559,560,561,564,567,568,570,572,574,575,576,580,582,583,584,585,588,589,590,592,594,595,598,600,602,605,608,609,610,612,615,616,620,621,623,624,627,629,630,632,636,637,638,639,640,644,645,646,648,649,650,651,656,657,658,660,663,664,665,666,667,670,671,672,675,676,680,682,684,685,689,690,693,696,697,700,702,703,704,705
336 712 count=984 nodes=79674028 memo=8481921 lexmin=81,97,106,107,118,122,125,134,137,141,142,144,145,146,147,148,155,156,158,165,170,174,175,177,180,183,184,187,188,189,190,195,198,200,201,203,204,205,207,208,209,210,212,213,215,216,217,220,221,222,224,225,228,230,231,232,234,235,236,237,238,240,242,243,244,245,246,247,248,250,252,253,255,258,259,260,261,264,266,268,270,272,273,274,275,276,280,282,284,285,286,287,288,290,294,295,297,299,300,301,306,308,310,312,315,318,319,320,321,322,323,324,325,328,329,330,332,333,335,336,338,340,341,342,344,345,348,350,351,352,354,355,356,357,360,363,364,365,366,368,369,370,371,372,374,375,376,377,378,380,384,385,387,388,390,391,392,396,399,400,402,403,405,406,407,408,410,411,413,414,415,416,418,420,423,424,425,427,428,429,430,432,434,435,437,438,440,441,442,444,445,448,450,451,455,456,459,460,462,464,465,468,470,472,473,474,475,476,477,480,481,483,484,485,486,488,490,493,494,495,496,497,500,504,506,507,510,511,513,516,517,518,520,522,525,527,528,530,531,532,533,534,535,536,539,540,544,546,548,549,550,551,552,553,555,558,559,560,561,564,567,568,570,572,574,575,576,580,581,582,583,584,585,588,589,590,592,594,595,598,600,602,605,608,609,610,612,615,616,620,621,624,627,629,630,636,637,638,639,640,644,645,646,648,649,650,651,656,657,658,660,663,665,666,667,670,671,672,675,676,680,682,684,685,689,690,693,696,697,700,702,703,704,705,711,712
337 713 count=302 nodes=56617657 memo=6218522 lexmin=83,97,106,107,118,122,125,132,134,137,141,142,145,146,147,148,154,156,158,162,168,170,174,175,176,177,183,186,187,188,189,190,195,198,200,201,203,204,207,208,209,210,212,213,215,217,220,221,222,224,225,228,230,231,232,234,235,236,237,238,240,242,243,244,245,246,247,249,250,252,253,255,258,259,260,261,264,266,268,270,272,273,274,275,276,279,280,282,284,285,286,287,288,290,294,295,297,299,300,301,306,308,310,312,315,318,319,320,321,322,323,325,328,329,330,332,333,335,336,338,340,341,342,344,345,348,350,351,352,354,355,356,357,360,363,364,365,366,368,370,371,372,374,375,376,377,378,380,384,385,387,388,390,391,392,396,399,400,402,403,405,406,407,408,410,411,413,414,415,416,418,420,423,424,425,427,428,429,430,432,434,435,437,438,440,441,442,444,445,448,450,451,455,456,459,460,462,464,465,468,470,472,473,474,475,476,477,480,481,483,484,485,486,488,490,492,493,494,495,496,497,498,500,504,506,507,510,511,513,516,517,518,520,522,525,527,528,530,531,532,533,534,535,536,539,540,544,546,548,549,550,551,552,553,555,558,559,560,561,564,567,568,570,572,574,575,576,580,582,583,584,585,588,589,590,592,594,595,598,600,602,605,608,609,610,612,615,616,620,621,624,627,629,630,636,637,638,639,640,644,645,646,648,649,650,651,656,657,658,660,663,664,665,666,667,670,671,672,675,676,680,682,684,685,689,690,693,696,697,700,702,703,704,705,711,712,713
338 715 count=30202 nodes=460238719 memo=23488102 lexmin=79,83,97,106,107,114,118,122,125,134,137,141,142,145,146,147,148,153,154,162,170,174,177,180,182,183,187,188,189,190,195,198,201,203,204,205,207,208,209,210,212,213,215,220,221,222,224,225,228,230,231,232,234,235,236,237,238,240,242,243,244,245,246,248,249,250,252,253,255,258,259,260,261,264,266,268,270,272,273,274,275,276,279,280,282,284,285,286,287,288,290,294,295,297,299,300,301,304,306,308,310,312,315,318,319,320,321,322,323,325,328,329,330,332,333,335,336,338,340,341,342,344,345,348,350,351,352,354,355,356,357,360,363,364,365,366,368,369,370,371,372,374,375,376,377,378,380,384,385,387,388,390,391,392,395,396,399,400,402,403,405,406,407,408,410,411,413,414,415,416,418,420,423,424,425,427,428,429,430,432,434,435,437,438,440,441,442,444,445,448,450,451,455,456,459,460,462,464,465,468,470,472,473,475,476,477,480,481,483,484,485,486,488,490,493,494,495,496,497,498,500,504,506,507,510,511,513,516,517,518,520,522,525,527,528,530,531,532,533,534,535,536,539,540,544,546,548,549,550,551,552,553,555,558,559,560,561,564,567,568,570,572,574,575,576,580,582,583,584,585,588,589,590,592,594,595,598,600,602,605,608,609,610,612,615,616,620,621,624,627,629,630,632,636,637,638,639,640,644,645,646,648,649,650,651,656,657,658,660,663,664,665,666,667,670,671,672,675,676,680,682,684,685,689,690,693,696,697,700,702,703,704,705,711,712,713,714,715
339 720 count=2756 nodes=158965587 memo=16414947 lexmin=81,97,106,107,114,118,122,125,134,137,141,142,145,146,147,148,153,158,165,170,174,175,176,177,180,182,183,187,188,189,190,195,200,201,203,204,205,207,208,209,210,212,213,215,216,220,221,222,224,225,228,230,231,232,234,235,236,237,238,240,242,243,244,245,246,248,250,252,253,255,258,259,260,261,264,266,268,270,272,273,274,275,276,279,280,282,284,285,286,287,288,290,294,295,297,299,300,301,304,306,308,310,312,315,318,319,320,321,322,323,324,325,328,329,330,332,333,335,336,338,340,341,342,344,345,348,350,351,352,354,355,356,357,360,363,364,365,366,368,369,370,371,372,374,375,376,377,378,380,384,385,387,388,390,391,392,396,399,400,402,403,405,406,407,408,410,411,413,414,415,416,418,420,423,424,425,427,428,429,430,432,434,435,437,438,440,441,442,444,445,448,450,451,455,456,459,460,462,464,465,468,470,472,473,474,475,476,477,480,481,483,484,485,486,488,490,493,494,495,496,497,500,504,506,507,510,511,513,516,517,518,520,522,525,527,528,530,531,532,533,534,535,536,539,540,544,546,548,549,550,551,552,553,555,558,559,560,561,564,567,568,570,572,574,575,576,580,581,582,583,584,585,588,589,590,592,594,595,598,600,602,605,608,609,610,612,615,616,620,621,624,627,629,630,636,637,638,639,640,644,645,646,648,649,650,651,656,657,658,660,663,665,666,667,670,671,672,675,676,680,682,684,685,689,690,693,696,697,700,702,703,704,705,711,712,713,714,715,720
341 721 count=3553 nodes=196417502 memo=19507198 lexmin=81,97,106,107,118,122,125,134,137,141,142,145,146,147,148,153,156,158,165,170,174,175,176,177,180,183,187,188,189,190,195,200,201,203,204,205,206,207,209,210,212,213,215,216,220,221,222,224,225,228,230,231,232,234,235,236,237,238,240,242,243,244,245,246,247,248,250,252,253,255,258,259,260,261,264,266,268,270,272,273,274,275,276,279,280,282,284,285,286,287,288,290,294,295,297,299,300,301,306,308,309,310,312,315,318,319,320,321,322,323,324,325,328,329,330,332,333,335,336,338,340,341,342,344,345,348,350,351,352,354,355,356,357,360,363,364,365,366,368,369,370,371,372,374,375,376,377,378,380,384,385,387,388,390,391,392,396,399,400,402,403,405,406,407,408,410,411,412,413,414,415,416,418,420,423,424,425,427,428,429,430,432,434,435,437,438,440,441,442,444,445,448,450,451,455,456,459,460,462,464,465,468,470,472,473,474,475,476,477,480,481,483,484,485,486,488,490,493,494,495,496,497,500,504,506,507,510,511,513,516,517,518,520,522,525,527,528,530,531,532,533,534,535,536,539,540,544,546,548,549,550,551,552,553,555,558,559,560,561,564,567,568,570,572,574,575,576,580,581,582,583,584,585,588,589,590,592,594,595,598,600,602,605,608,609,610,612,615,616,620,621,624,627,629,630,636,637,638,639,640,644,645,646,648,649,650,651,656,657,658,660,663,665,666,667,670,671,672,675,676,680,682,684,685,689,690,693,696,697,700,702,703,704,705,711,712,713,714,715,720,721
307 649 count=101994190 nodes=1076112587 memo=46976204 lexmin=SKIPPED
375 792 count=22 nodes=54974433 memo=5989613 lexmin=97,106,127,137,142,146,150,152,158,159,162,164,165,166,168,171,172,175,177,182,183,185,186,189,192,195,198,200,201,203,205,206,207,208,209,210,212,213,217,220,221,222,224,225,228,230,231,232,234,235,237,238,240,242,243,244,245,247,248,250,252,253,254,255,256,258,259,260,261,264,265,266,268,270,272,273,274,275,276,279,280,282,285,286,287,288,290,294,295,296,297,299,300,301,304,305,306,308,309,310,312,315,318,319,320,322,323,325,329,330,332,333,335,336,338,340,341,342,345,348,350,351,352,355,356,357,360,363,364,365,368,369,370,371,372,374,375,376,377,378,380,384,385,387,388,390,391,392,395,396,399,400,402,403,405,406,407,408,410,411,412,413,414,416,418,420,423,424,425,426,427,429,430,432,434,435,437,438,440,441,442,444,445,448,450,451,455,456,459,460,462,464,465,468,470,472,473,474,475,476,477,480,481,483,484,485,486,490,492,493,494,495,496,497,498,500,504,506,507,508,510,511,513,516,517,518,520,522,525,527,528,531,532,533,534,535,539,540,544,546,548,549,550,551,552,555,558,559,560,561,567,568,570,572,574,575,576,580,582,583,584,585,588,589,590,594,595,598,600,602,603,605,608,609,610,611,612,615,616,620,621,624,627,629,630,632,635,636,637,638,639,640,642,644,645,646,648,649,650,651,656,657,658,660,663,664,665,666,667,670,671,672,675,676,680,682,684,685,688,689,690,693,696,697,700,702,703,704,705,708,710,711,712,713,714,715,720,721,725,728,731,732,735,736,737,738,740,741,742,744,747,748,749,750,752,754,756,759,760,762,765,767,768,770,774,775,777,779,780,781,782,783,784,790,792
377 795 count=60 nodes=90423780 memo=9586435 lexmin=97,127,136,137,142,146,148,150,152,158,162,164,166,170,171,172,175,176,177,180,182,186,187,189,192,195,200,201,203,204,205,206,207,208,209,210,212,213,215,217,220,221,222,224,225,228,230,231,232,234,235,237,238,240,242,243,245,247,248,250,252,253,254,255,256,258,259,260,261,264,266,268,270,272,273,274,275,276,279,280,282,285,286,287,288,290,294,295,296,297,299,300,301,304,305,306,308,309,310,312,315,318,319,320,322,323,325,329,330,332,333,335,336,338,340,341,342,344,345,348,350,351,352,355,356,357,360,363,364,365,366,368,369,370,372,374,375,376,377,378,380,384,385,387,388,390,391,392,395,396,399,400,402,403,405,406,407,408,410,411,412,413,414,416,418,420,423,424,425,426,427,429,430,432,434,435,437,438,440,441,442,444,445,448,450,451,455,456,459,460,462,464,465,468,470,472,473,474,475,476,477,480,483,484,485,486,488,490,492,493,494,495,496,497,498,500,504,506,507,508,510,511,513,516,517,518,520,522,525,527,528,530,531,532,533,534,535,539,540,544,546,548,550,551,552,555,558,560,561,567,568,570,572,574,575,576,580,582,583,584,585,588,589,590,592,594,595,598,600,602,603,605,608,609,610,611,612,615,616,620,621,624,627,629,630,632,635,636,637,638,639,640,642,644,645,646,648,649,650,651,656,657,658,660,663,664,665,666,667,670,671,672,675,676,680,682,684,685,688,689,690,693,696,697,700,702,703,704,705,708,710,711,712,713,714,715,720,721,725,728,731,732,735,736,737,738,740,741,742,744,747,748,749,750,752,754,756,759,760,762,765,767,768,770,774,775,777,779,780,781,782,783,784,790,792,793,795
387 810 count=12 nodes=23451079 memo=2822730 lexmin=97,127,137,141,142,146,148,152,155,158,160,164,166,171,172,175,177,178,180,186,187,188,189,190,192,195,198,203,204,205,206,208,210,212,213,216,217,219,220,221,222,224,225,228,231,232,234,235,237,240,242,243,245,247,248,250,252,253,254,255,256,258,259,260,261,264,266,267,270,272,273,274,275,276,279,280,282,285,286,287,288,290,292,294,295,296,297,299,300,301,303,304,305,306,308,309,310,312,315,318,319,320,322,323,324,325,329,330,332,333,335,336,338,340,341,342,345,348,350,351,352,355,357,360,363,364,365,366,368,369,370,372,374,375,376,377,378,380,384,385,387,388,390,391,392,395,396,399,400,403,405,406,407,408,410,411,412,413,414,416,418,420,424,425,426,427,429,430,432,434,435,437,438,440,441,442,444,448,450,451,455,456,459,460,462,464,465,468,469,470,472,473,474,475,476,477,480,483,484,485,486,488,490,492,493,494,495,496,497,498,500,504,506,507,508,510,511,513,516,517,518,520,522,525,527,528,530,531,532,533,534,535,536,539,540,544,546,548,550,551,552,555,558,559,560,561,564,567,568,570,572,574,575,576,580,582,583,584,585,588,589,590,592,594,595,598,600,602,603,605,608,609,610,611,612,615,616,620,621,624,627,629,630,632,635,636,637,638,639,640,642,644,645,646,648,649,650,651,656,657,658,660,663,664,665,666,667,670,671,672,675,676,680,682,684,685,688,689,690,693,696,697,700,702,703,704,705,707,708,710,711,712,713,714,715,720,721,725,728,730,731,732,735,736,737,738,740,741,742,744,747,748,749,750,752,754,756,759,760,762,765,767,768,770,774,775,777,779,780,781,782,783,784,790,792,793,795,798,799,800,801,803,804,805,806,808,810
407 855 count=5932 nodes=106028755 memo=11224291 lexmin=89,97,103,127,129,137,142,146,155,158,164,169,170,176,178,182,183,185,196,198,200,205,206,207,210,216,217,219,221,224,225,228,230,231,232,234,235,236,237,238,240,243,244,245,246,247,248,249,250,252,253,254,255,256,259,260,261,264,265,266,270,272,273,274,275,276,279,280,282,284,285,286,287,288,292,294,295,296,297,299,300,301,303,304,305,306,308,309,312,315,319,320,322,323,324,325,328,330,333,335,336,338,340,341,342,344,345,348,350,351,352,354,355,356,357,360,364,365,366,368,369,370,371,372,374,375,376,377,378,380,384,385,387,388,390,391,392,395,396,399,400,403,405,406,407,408,410,411,412,413,414,415,416,418,420,423,424,425,426,427,429,430,432,434,435,437,438,440,441,442,444,448,450,451,455,456,459,460,462,464,465,468,469,470,472,473,474,475,476,477,480,481,483,484,485,486,488,490,492,493,494,495,496,497,498,500,504,506,508,510,511,513,515,516,517,518,520,522,525,527,528,530,531,532,533,534,535,536,539,540,544,546,548,549,550,551,552,555,558,559,560,561,564,567,568,570,572,574,575,576,580,581,582,583,584,585,588,589,590,592,594,595,598,600,602,603,605,608,609,610,611,612,615,616,618,620,621,623,624,627,629,630,632,635,637,638,639,640,642,644,645,646,648,650,651,656,657,658,660,663,665,666,667,670,671,672,675,676,680,682,684,685,688,689,690,693,696,697,700,702,703,704,705,707,708,710,711,712,713,714,715,720,725,726,728,730,731,732,735,736,737,738,740,741,742,744,747,748,749,750,752,754,756,759,760,762,765,767,768,770,774,775,777,779,780,781,782,783,784,790,792,795,798,799,800,801,803,804,805,806,808,810,812,814,816,817,819,820,824,825,826,828,830,832,833,836,837,840,845,846,847,848,850,851,852,854,855
408 858 count=1194 nodes=45661722 memo=4916750 lexmin=97,103,106,121,127,129,137,142,146,155,158,159,164,169,170,176,183,185,196,200,205,206,207,216,217,219,220,221,224,225,228,230,231,232,234,236,237,238,240,242,243,244,245,246,247,248,249,250,252,253,254,255,256,259,260,261,264,266,270,272,273,274,275,276,279,280,284,285,286,287,288,292,294,295,296,297,299,300,301,303,304,305,306,308,309,312,315,318,319,320,322,323,324,325,328,329,330,333,335,336,338,340,341,342,344,345,348,350,351,352,354,355,356,357,360,363,364,365,366,368,369,370,371,372,374,375,376,377,378,380,384,385,387,388,390,391,392,395,396,399,400,403,405,406,407,408,410,411,412,413,414,415,416,418,420,423,424,425,426,427,429,430,432,434,435,437,438,440,441,442,444,445,448,450,451,455,456,459,460,462,464,465,468,469,470,472,473,474,475,476,477,480,481,483,484,485,486,488,490,492,493,494,495,496,497,498,500,504,506,508,510,511,513,515,516,517,518,520,522,525,527,528,530,531,532,533,534,535,536,539,540,544,546,548,549,550,551,552,555,558,559,560,561,564,567,568,570,572,574,575,576,580,581,582,583,584,585,588,589,590,592,594,595,598,600,602,603,605,608,609,610,611,612,615,616,618,620,621,624,627,629,630,632,635,636,637,638,639,640,642,644,645,646,648,650,651,656,657,658,660,663,665,666,667,670,671,672,675,676,680,682,684,685,688,689,690,693,696,697,700,702,703,704,705,707,708,710,711,712,713,714,715,720,725,726,728,730,731,732,735,736,737,738,740,741,742,744,747,748,749,750,752,754,756,759,760,762,765,767,768,770,774,775,777,779,780,781,782,783,784,790,792,795,798,799,800,803,804,805,806,808,810,812,814,816,817,819,820,824,825,826,828,830,832,833,836,837,840,845,846,847,848,850,851,852,854,855,858
409 860 count=478 nodes=48528927 memo=5194924 lexmin=97,103,106,121,127,137,142,146,155,158,159,164,169,170,176,183,185,196,200,205,206,207,215,216,217,219,220,221,224,225,228,230,231,232,234,236,237,238,240,242,243,244,245,246,247,248,249,250,252,253,254,255,256,258,259,260,261,264,266,270,272,273,274,275,276,279,280,284,285,286,287,288,292,294,295,296,297,299,300,301,303,304,305,306,308,309,312,315,318,319,320,322,323,324,325,328,329,330,333,335,336,338,340,341,342,344,345,348,350,351,352,354,355,356,357,360,363,364,365,366,368,369,370,371,372,374,375,376,377,378,380,384,385,387,388,390,391,392,395,396,399,400,403,405,406,407,408,410,411,412,413,414,415,416,418,420,423,424,425,426,427,429,430,432,434,435,437,438,440,441,442,444,445,448,450,451,455,456,459,460,462,464,465,468,469,470,472,473,474,475,476,477,480,481,483,484,485,486,488,490,492,493,494,495,496,497,498,500,504,506,508,510,511,513,515,517,518,520,522,525,527,528,530,531,532,533,534,535,536,539,540,544,546,548,549,550,551,552,555,558,559,560,561,564,567,568,570,572,574,575,576,580,581,582,583,584,585,588,589,590,592,594,595,598,600,602,603,605,608,609,610,611,612,615,616,618,620,621,624,627,629,630,632,635,636,637,638,639,640,642,644,645,646,648,650,651,656,657,658,660,663,665,666,667,670,671,672,675,676,680,682,684,685,688,689,690,693,696,697,700,702,703,704,705,707,708,710,711,712,713,714,715,720,725,726,728,730,731,732,735,736,737,738,740,741,742,744,747,748,749,750,752,754,756,759,760,762,765,767,768,770,774,775,777,779,780,781,782,783,784,790,792,795,798,799,800,803,804,805,806,808,810,812,814,816,817,819,820,824,825,826,828,830,832,833,836,837,840,845,846,847,848,850,851,852,854,855,858,860
410 864 count=24 nodes=49716750 memo=5320818 lexmin=97,103,121,127,137,142,146,153,155,158,164,169,176,178,183,185,189,196,200,204,205,206,207,210,215,216,217,219,220,221,225,228,230,231,232,234,235,236,237,238,240,242,243,244,245,247,248,249,250,252,253,254,255,256,258,259,260,261,264,265,266,267,270,272,273,274,275,276,279,280,282,284,285,286,287,288,292,294,295,296,297,299,300,301,303,304,305,306,308,309,312,315,319,320,322,323,324,325,330,333,335,336,338,340,341,342,344,345,348,350,351,352,354,355,357,360,363,364,365,366,368,369,370,371,372,374,375,376,377,378,380,384,385,387,388,390,391,392,395,396,399,400,403,405,406,407,408,410,411,412,413,414,415,416,418,420,423,424,425,426,427,429,430,432,434,435,437,438,440,441,442,444,448,450,451,455,456,459,460,462,464,465,468,469,470,472,473,474,475,476,477,480,481,483,484,485,486,488,490,492,493,494,495,496,497,498,500,504,506,508,510,511,513,515,517,518,520,522,525,527,528,530,531,532,533,534,535,536,539,540,544,546,548,549,550,551,552,555,558,559,560,561,564,567,568,570,572,574,575,576,580,581,582,583,584,585,588,589,590,592,594,595,598,600,602,603,605,608,609,610,611,612,615,616,618,620,621,624,627,629,630,632,635,637,638,639,640,642,644,645,646,648,650,651,656,657,658,660,663,665,666,667,670,671,672,675,676,680,682,684,685,688,689,690,693,696,697,700,702,703,704,705,707,708,710,711,712,713,714,715,720,725,726,728,730,731,732,735,736,737,738,740,741,742,744,747,748,749,750,752,754,756,759,760,762,765,767,768,770,774,775,777,779,780,781,782,783,784,790,792,795,798,799,800,801,803,804,805,806,808,810,812,814,816,817,819,820,824,825,826,828,830,832,833,836,837,840,845,846,847,848,850,851,852,854,855,858,860,861,864
411 868 count=12 nodes=36196876 memo=3956891 lexmin=97,103,121,127,137,142,146,153,158,160,164,169,176,178,183,185,189,196,200,204,205,206,207,210,215,216,219,220,221,224,225,228,230,231,232,234,235,236,237,238,240,242,243,244,245,247,249,250,252,253,254,255,256,258,259,260,261,264,265,266,267,270,272,273,274,275,276,279,280,282,284,285,286,287,288,292,294,295,296,297,299,300,301,303,304,305,306,308,309,310,312,315,319,320,322,323,324,325,330,333,335,336,338,340,341,342,344,345,348,350,351,352,354,355,357,360,363,364,365,366,368,369,370,371,372,374,375,376,377,378,380,384,385,387,388,390,391,392,395,396,399,400,403,405,406,407,408,410,411,412,413,414,415,416,418,420,423,424,425,426,427,429,430,432,434,435,437,438,440,441,442,444,448,450,451,455,456,459,460,462,464,465,468,469,470,472,473,474,475,476,477,480,481,483,484,485,486,488,490,492,493,494,495,496,497,498,500,504,506,508,510,511,513,515,517,518,520,522,525,527,528,530,531,532,533,534,535,536,539,540,544,546,548,549,550,551,552,555,558,559,560,561,564,567,568,570,572,574,575,576,580,581,582,583,584,585,588,589,590,592,594,595,598,600,602,603,605,608,609,610,611,612,615,616,618,620,621,624,627,629,630,632,635,637,638,639,640,642,644,645,646,648,650,651,656,657,658,660,663,665,666,667,670,671,672,675,676,680,682,684,685,688,689,690,693,696,697,700,702,703,704,705,707,708,710,711,712,713,714,715,720,725,726,728,730,731,732,735,736,737,738,740,741,742,744,747,748,749,750,752,754,756,759,760,762,765,767,768,770,774,775,777,779,780,781,782,783,784,790,792,795,798,799,800,801,803,804,805,806,808,810,812,814,816,817,819,820,824,825,826,828,830,832,833,836,837,840,845,846,847,848,850,851,852,854,855,858,860,861,864,868
