# A101877 lower-bound certificate: n K F  then lines  p x lambda  (sum over p of lambda <= floor(2^F/x))
10 22788 48
2 2 140737488355328
2 4 70368744177664
2 6 23456248059221
2 8 35184372088832
2 10 14073748835533
2 12 11728124029611
2 14 10052677739666
2 16 17592186044416
2 18 7818749353074
2 20 7036874417766
2 22 6397158561606
2 24 5864062014805
2 26 5412980321359
2 28 5026338869833
2 30 3127499741230
2 32 8796093022208
2 34 4139337892804
2 36 3909374676537
2 38 3703618114614
2 40 3518437208883
2 42 2233928386593
2 44 3198579280803
2 46 3059510616420
2 48 2932031007403
2 50 2814749767107
2 52 2706490160679
2 54 2606249784358
2 56 2513169434917
2 58 2426508419919
2 60 1563749870616
2 62 2269959489602
2 64 4398046511104
2 66 1421590791469
2 68 2069668946402
2 70 1340357031956
2 72 1954687338268
2 74 1901857950748
2 76 1851809057307
2 78 1202884515858
2 80 1759218604442
2 82 1716310833602
2 84 1116964193296
2 86 1636482422736
2 88 1599289640401
2 90 1042499913743
2 92 1529755308210
2 94 1497207322929
2 96 1466015503701
2 98 1436096819952
2 100 1407374883553
2 102 919852865068
2 104 1353245080340
2 106 1327712154296
2 108 1303124892179
2 110 852954474882
2 112 1256584717458
2 114 823026247693
2 116 1213254209960
2 118 1192690579282
2 120 781874935308
2 122 1153585970126
2 124 1134979744801
2 126 744642795532
2 128 2199023255552
2 130 721730709515
2 132 710795395735
2 134 1050279763846
2 136 1034834473201
2 138 679891248094
2 140 670178515979
2 142 991109072925
2 144 977343669134
2 146 963955399694
2 148 950928975374
2 150 625499948247
2 152 925904528653
2 154 609253196344
2 156 601442257930
2 158 890743597186
2 160 879609302221
2 162 868749928119
2 164 858155416801
2 166 847816194912
2 168 558482096648
2 170 551911719041
2 172 818241211368
2 174 539224093316
2 176 799644820201
2 178 790660046940
2 180 521249956872
2 182 515521935368
2 184 764877654105
2 186 504435442135
2 188 748603661465
2 190 493815748615
2 192 733007751851
2 194 725450970904
2 196 718048409976
2 198 473863597157
2 200 703687441777
2 202 696720239383
2 204 459926432535
2 206 683191691045
2 208 676622540170
2 210 335089257991
2 212 663856077148
2 214 657651814745
2 216 651562446089
2 218 645584808969
2 220 426477237441
2 222 422635100166
2 224 628292358729
2 226 622732249360
2 228 411513123847
2 230 407934748856
2 232 606627104980
2 234 400961505287
2 236 596345289641
2 238 394222656458
2 240 390937467655
2 242 581559869237
2 244 576792985063
2 246 381402407467
2 248 567489872401
2 250 562949953421
2 252 372321397766
2 254 554084599824
2 256 1099511627776
2 258 363662760608
2 260 360865354757
2 262 537165986089
2 264 355397697868
2 266 352725534725
2 268 525139881923
2 270 347499971249
2 272 517417236600
2 274 513640468450
2 276 339945624048
2 278 506249958113
2 280 335089257990
2 282 332712738430
2 284 495554536462
2 286 328059413417
2 288 488671834567
2 290 323534455989
2 292 481977699847
2 294 319132626656
2 296 475464487687
2 298 472273450857
2 300 312749974124
2 302 466018173362
2 304 462952264327
2 306 306617621689
2 308 304626598173
2 310 302661265280
2 312 300721128965
2 314 448208561641
2 316 445371798593
2 318 295047145399
2 320 439804651110
2 322 291381963469
2 324 434374964060
2 326 431710086980
2 328 429077708400
2 330 213238618720
2 332 423908097456
2 334 421369725615
2 336 279241048324
2 338 416383101643
2 340 275955859520
2 342 274342082565
2 344 409120605684
2 346 406755746692
2 348 269612046659
2 350 268071406391
2 352 399822410100
2 354 265042350952
2 356 395330023470
2 358 393121475853
2 360 260624978437
2 362 388777592142
2 364 257760967685
2 366 256352437807
2 368 382438827053
2 370 253581060101
2 372 252217721068
2 374 250868963200
2 376 374301830732
2 378 248214265178
2 380 246907874308
2 382 368422744386
2 384 366503875925
2 386 364604892112
2 388 362725485452
2 390 180432677380
2 392 359024204988
2 394 357201747095
2 396 236931798579
2 398 353611779787
2 400 351843720888
2 402 233395503078
2 404 348360119691
2 406 231096039992
2 408 229963216268
2 410 228841444480
2 412 341595845523
2 414 226630416031
2 416 338311270085
2 418 224461703917
2 420 167544628995
2 422 333501157240
2 424 331928038574
2 426 220246460651
2 428 328825907372
2 430 218197656366
2 432 325781223045
2 434 216186618058
2 436 322792404485
2 438 214212311043
2 440 213238618720
2 442 212273738093
2 444 211317550083
2 446 315554906626
2 448 314146179365
2 450 208499982749
2 452 311366124680
2 454 309994467743
2 456 205756561924
2 458 307287092479
2 460 203967374428
2 462 152313299088
2 464 303313552490
2 466 302011777587
2 468 200480752644
2 470 199627643057
2 472 298172644821
2 474 197943021598
2 476 197111328230
2 478 294429891957
2 480 195468733828
2 482 291986490364
2 484 290779934618
2 486 289583309373
2 488 288396492531
2 490 191479575994
2 492 190701203734
2 494 189929134084
2 496 283744936200
2 498 188403598869
2 500 281474976711
2 502 280353562461
2 504 186160698884
2 506 185424885844
2 508 277042299912
2 510 137977929760
2 512 549755813888
2 514 273808343104
2 516 181831380304
2 518 181129328643
2 520 180432677379
2 522 179741364439
2 524 268582993045
2 526 267561764934
2 528 177698848934
2 530 177028287240
2 532 176362767363
2 534 175702232654
2 536 262569940961
2 538 261593844527
2 540 173749985625
2 542 259663262648
2 544 258708618300
2 546 128880483844
2 548 256820234225
2 550 170590894976
2 552 169972812024
2 554 254038787645
2 556 253124979056
2 558 168145147379
2 560 167544628995
2 562 250422577145
2 564 166356369215
2 566 248652806281
2 568 247777268231
2 570 123453937156
2 572 164029706709
2 574 163458174630
2 576 244335917284
2 578 243490464283
2 580 161767227995
2 582 161211326868
2 584 240988849924
2 586 240166362381
2 588 159566313328
2 590 159025410572
2 592 237732243843
2 594 157954532385
2 596 236136725428
2 598 156897980329
2 600 156374987062
2 602 155855468832
2 604 233009086681
2 606 154826719864
2 608 231476132163
2 610 153811462684
2 612 153308810845
2 614 229214150416
2 616 152313299087
2 618 151820375789
2 620 151330632640
2 622 226266058449
2 624 150360564482
2 626 224820268938
2 628 224104280821
2 630 111696419331
2 632 222685899296
2 634 221983420119
2 636 147523572700
2 638 147061116360
2 640 219902325555
2 642 146144847721
2 644 145690981734
2 646 145239926063
2 648 217187482030
2 650 144346141904
2 652 215855043490
2 654 143463290882
2 656 214538854200
2 658 142591173612
2 660 106619309360
2 662 212594393286
2 664 211954048728
2 666 140878366722
2 668 210684862807
2 670 140037301846
2 672 139620524162
2 674 208809329904
2 676 208191550821
2 678 138384944302
2 680 137977929760
2 682 137573302400
2 684 137171041283
2 686 205156688565
2 688 204560302842
2 690 101983687214
2 692 203377873346
2 694 202791769964
2 696 134806023330
2 698 201629639478
2 700 134035703196
2 702 133653835095
2 704 199911205050
2 706 199344884356
2 708 132521175477
2 710 132147876391
2 712 197665011735
2 714 98555664115
2 716 196560737926
2 718 196013214980
2 720 130312489219
2 722 194927269190
2 724 194388796071
2 726 129235526497
2 728 128880483843
2 730 128527386627
2 732 128176218904
2 734 191740447351
2 736 191219413526
2 738 127134135823
2 740 126790530051
2 742 126448776600
2 744 126108860534
2 746 188656150610
2 748 125434481600
2 750 125099989649
2 752 187150915366
2 754 124436329227
2 756 124107132589
2 758 185669509704
2 760 123453937155
2 762 123129911072
2 764 184211372193
2 766 183730402553
2 768 183251937963
2 770 91387979453
2 772 182302446056
2 774 121220920204
2 776 181362742726
2 778 180896514596
2 780 90216338690
2 782 119980808487
2 784 179512102494
2 786 119370219132
2 788 178600873547
2 790 118765812958
2 792 118465899290
2 794 177251244780
2 796 176805889894
2 798 88181383682
2 800 175921860444
2 802 175483152563
2 804 116697751539
2 806 116408178955
2 808 174180059846
2 810 115833323749
2 812 115548019996
2 814 115264118227
2 816 114981608134
2 818 172050719261
2 820 114420722240
2 822 114142326322
2 824 170797922761
2 826 113589578979
2 828 113315208016
2 830 113042159322
2 832 169155635042
2 834 112499990693
2 836 112230851959
2 838 167944496844
2 840 83772314497
2 842 167146660755
2 844 166750578620
2 846 110904246144
2 848 165964019287
2 850 110382343808
2 852 110123230326
2 854 109865330488
2 856 164412953686
2 858 82014853356
2 860 109098828183
2 862 163268547976
2 864 162890611522
2 866 162514420734
2 868 108093309030
2 870 80883613998
2 872 161396202242
2 874 107351249700
2 876 107106155522
2 878 160293266920
2 880 106619309360
2 882 106377542220
2 884 106136869046
2 886 158845923652
2 888 105658775042
2 890 105421339592
2 892 157777453313
2 894 104949655747
2 896 157073089682
2 898 156723260975
2 900 104249991374
2 902 104018838400
2 904 155683062340
2 906 103559594081
2 908 154997233872
2 910 77328290305
2 912 102878280962
2 914 153979746559
2 916 153643546239
2 918 102205873897
2 920 101983687214
2 922 152643696698
2 924 76156649545
2 926 151984328677
2 928 151656776245
2 930 75665316320
2 932 151005888793
2 934 150682535712
2 936 100240376322
2 938 100026644177
2 940 99813821529
2 942 99601902588
2 944 149086322410
2 946 99180752893
2 948 98971510799
2 950 98763149723
2 952 98555664115
2 954 98349048467
2 956 147214945978
2 958 146907607887
2 960 97734366914
2 962 97531176962
2 964 145993245182
2 966 72845490867
2 968 145389967309
2 970 96726796121
2 972 144791654687
2 974 144494341227
2 976 144198246266
2 978 95935574885
2 980 95739787998
2 982 143317197918
2 984 95350601868
2 986 95157192938
2 988 94964567042
2 990 71079539574
2 992 141872468100
2 994 94391340279
2 996 94201799435
2 998 141019527410
2 1000 140737488355
2 1002 93637716803
2 1004 140176781230
2 1006 139898099757
2 1008 93080349442
2 1010 92896031919
2 1012 92712442923
2 1014 92529578144
2 1016 138521149956
2 1018 138249006243
2 1020 68988964880
2 1022 91805276162
2 1024 274877906944
2 1026 91447360855
2 1028 136904171552
2 1030 91092225474
2 1032 90915690152
2 1034 90739837753
2 1036 90564664321
2 1038 90390165932
2 1040 90216338689
2 1042 135064768095
2 1044 89870682219
2 1046 134548268026
2 1048 134291496522
2 1050 67017851600
2 1052 133780882467
2 1054 89018019200
2 1056 88849424468
2 1058 133022200714
2 1060 88514143621
2 1062 88347450317
2 1064 88181383681
2 1066 88015940186
2 1068 87851116328
2 1070 87686908633
2 1072 131284970481
2 1074 87360327967
2 1076 130796922263
2 1078 87036170906
2 1080 86874992813
2 1082 130071615855
2 1084 129831631324
2 1086 86395020477
2 1088 129354309150
2 1090 86077974529
2 1092 64440241923
2 1094 128644870526
2 1096 128410117113
2 1098 85450812603
2 1100 85295447488
2 1102 85140646314
2 1104 84986406013
2 1106 84832723542
2 1108 127019393822
2 1110 63395265027
2 1112 126562489528
2 1114 126335267823
2 1116 84072573690
2 1118 83922175526
2 1120 83772314497
2 1122 62717240800
2 1124 125211288572
2 1126 124988888415
2 1128 83178184607
2 1130 83030966581
2 1132 124326403141
2 1134 82738088392
2 1136 123888634116
2 1138 123670903651
2 1140 61726968579
2 1142 123237730609
2 1144 82014853355
2 1146 81871720975
2 1148 81729087315
2 1150 81586949771
2 1152 122167958642
2 1154 121956229077
2 1156 121745232141
2 1158 81023309358
2 1160 80883613997
2 1162 80744399516
2 1164 80605663435
2 1166 80467403291
2 1168 120494424962
2 1170 60144225795
2 1172 120083181191
2 1174 119878610183
2 1176 79783156664
2 1178 79647701390
2 1180 79512705286
2 1182 79378166021
2 1184 118866121922
2 1186 118665673150
2 1188 78977266193
2 1190 59133398470
2 1192 118068362714
2 1194 78580395508
2 1196 78448990165
2 1198 117477035355
2 1200 78187493532
2 1202 117086096801
2 1204 77927734416
2 1206 77798501026
2 1208 116504543341
2 1210 77541315898
2 1212 77413359932
2 1214 115928738349
2 1216 115738066082
2 1218 57774009998
2 1220 76905731343
2 1222 76779862714
2 1224 76654405422
2 1226 114794036179
2 1228 114607075208
2 1230 57210361120
2 1232 76156649544
2 1234 114049828489
2 1236 75910187895
2 1238 113681331466
2 1240 75665316320
2 1242 75543472011
2 1244 113133029225
2 1246 75300956852
2 1248 75180282241
2 1250 112589990684
2 1252 112410134469
2 1254 56115425981
2 1256 112052140410
2 1258 74582664735
2 1260 55848209667
2 1262 111519404402
2 1264 111342949648
2 1266 74111368276
2 1268 110991710059
2 1270 73877946643
2 1272 73761786351
2 1274 73645990768
2 1276 73530558180
2 1278 73415486883
2 1280 109951162778
2 1282 109779632102
2 1284 73072423861
2 1286 109438171349
2 1288 72845490867
2 1290 54549414091
2 1292 72619963032
2 1294 108761582964
2 1296 108593741015
2 1298 72284277532
2 1300 72173070952
2 1302 54046654515
2 1304 107927521745
2 1306 107762242232
2 1308 71731645441
2 1310 71622131479
2 1312 107269427100
2 1314 71404103681
2 1316 71295586806
2 1318 106781098904
2 1320 53309654680
2 1322 106458009346
2 1324 106297196643
2 1326 53068434523
2 1328 105977024364
2 1330 52908830211
2 1332 70439183361
2 1334 70333577390
2 1336 105342431404
2 1338 70123312584
2 1340 70018650923
2 1342 69914301221
2 1344 69810262081
2 1346 104559798184
2 1348 104404664952
2 1350 69499994250
2 1352 104095775411
2 1354 103942015033
2 1356 69192472151
2 1358 69090568658
2 1360 68988964880
2 1362 68887659499
2 1364 68786651200
2 1366 103028908020
2 1368 68585520642
2 1370 68485395794
2 1372 102578344282
2 1374 68286020552
2 1376 102280151421
2 1378 68087802785
2 1380 50991843607
2 1382 101836098665
2 1384 101688936673
2 1386 50771099696
2 1388 101395884982
2 1390 67499994415
2 1392 67403011665
2 1394 67306307200
2 1396 100814819739
2 1398 67113728353
2 1400 67017851599
2 1402 100383372579
2 1404 66826917548
2 1406 66731857922
2 1408 99955602525
2 1410 49906910765
2 1412 99672442178
2 1414 66354308513
2 1416 66260587739
2 1418 99250697007
2 1420 66073938196
2 1422 65981007200
2 1424 98832505868
2 1426 65795927236
2 1428 49277832057
2 1430 49208912013
2 1432 98280368963
2 1434 65428864879
2 1436 98006607490
2 1438 97870297883
2 1440 65156244610
2 1442 65065875338
2 1444 97463634595
2 1446 64885886748
2 1448 97194398035
2 1450 64706891199
2 1452 64617763249
2 1454 96793320740
2 1456 64440241922
2 1458 96527769791
2 1460 64263693314
2 1462 64175781285
2 1464 64088109452
2 1466 96001015249
2 1468 95870223675
2 1470 47869893999
2 1472 95609706763
2 1474 63653319022
2 1476 63567067911
2 1478 95221575342
2 1480 63395265026
2 1482 47482283522
2 1484 63224388301
2 1486 94708942366
2 1488 63054430268
2 1490 62969793448
2 1492 94328075305
2 1494 62801199623
2 1496 62717240800
2 1498 62633506166
2 1500 62549994825
2 1502 93700058825
2 1504 93575457683
2 1506 62300791659
2 1508 62218164613
2 1510 62135756448
2 1512 62053566294
2 1514 92957389931
2 1516 92834754852
2 1518 46356221463
2 1520 61726968578
2 1522 92468783413
2 1524 61564955536
2 1526 61484267522
2 1528 92105686096
2 1530 45992643254
2 1532 91865201276
2 1534 61163619451
2 1536 91625968981
2 1538 91506819477
2 1540 45693989728
2 1542 60846298468
2 1544 91151223028
2 1546 91033304240
2 1548 60610460102
2 1550 60532253056
2 1552 90681371363
2 1554 45282332162
2 1556 90448257298
2 1558 60221432759
2 1560 45108169346
2 1562 60067216542
2 1564 59990404244
2 1566 59913788146
2 1568 89756051247
2 1570 59761141552
2 1572 59685109566
2 1574 89413906198
2 1576 89300436774
2 1578 59458169986
2 1580 59382906479
2 1582 59307833273
2 1584 59232949645
2 1586 59158254878
2 1588 88625622390
2 1590 44257071812
2 1592 88402944947
2 1594 88292025317
2 1596 44090691842
2 1598 58714012665
2 1600 87960930222
2 1602 58567410885
2 1604 87741576281
2 1606 58421539376
2 1608 58348875769
2 1610 43707294521
2 1612 58204089478
2 1614 58131965451
2 1616 87090029923
2 1618 86982378464
2 1620 57916661875
2 1622 86767871982
2 1624 57774009998
2 1626 57702947255
2 1628 57632059114
2 1630 57561344931
2 1632 57490804068
2 1634 57420435886
2 1636 86025359630
2 1638 42960161282
2 1640 57210361120
2 1642 85711016051
2 1644 57071163161
2 1646 85502726826
2 1648 85398961381
2 1650 42647723744
2 1652 56794789490
2 1654 85089170711
2 1656 56657604009
2 1658 84883889237
2 1660 56521079662
2 1662 56453063921
2 1664 84577817521
2 1666 56317522351
2 1668 56249995347
2 1670 56182630083
2 1672 56115425980
2 1674 56048382459
2 1676 83972248422
2 1678 83872162309
2 1680 41886157250
2 1682 83672704135
2 1684 83573330377
2 1686 55649461589
2 1688 83375289310
2 1690 55517746887
2 1692 55452123072
2 1694 55386654213
2 1696 82982009643
2 1698 55256179174
2 1700 55191171904
2 1702 55126317414
2 1704 55061615163
2 1706 82495596926
2 1708 54932665244
2 1710 41151312386
2 1712 82206476843
2 1714 82110553299
2 1716 41007426679
2 1718 81919376225
2 1720 54549414091
2 1722 40864543657
2 1724 81634273988
2 1726 81539680391
2 1728 81445305761
2 1730 54234099560
2 1732 81257210367
2 1734 54108992064
2 1736 54046654515
2 1738 53984460436
2 1740 40441807000
2 1742 53860500710
2 1744 80698101121
2 1746 53737108957
2 1748 53675624850
2 1750 53614281278
2 1752 53553077762
2 1754 80238020727
2 1756 80146633460
2 1758 53370302752
2 1760 53309654680
2 1762 79873716433
2 1764 53188771110
2 1766 79692802013
2 1768 53068434523
2 1770 39756352644
2 1772 79422961826
2 1774 79333420719
2 1776 52829387522
2 1778 52769961888
2 1780 52710669796
2 1782 52651510795
2 1784 78888726657
2 1786 52533590278
2 1788 52474827874
2 1790 52416196781
2 1792 78536544841
2 1794 39224495083
2 1796 78361630487
2 1798 52182976773
2 1800 52124995687
2 1802 52067143307
2 1804 52009419200
2 1806 38963867208
2 1808 77841531170
2 1810 51837012286
2 1812 51779797040
2 1814 77584061938
2 1816 77498616936
2 1818 51608906622
2 1820 38664145154
2 1822 77243407440
2 1824 51439140482
2 1826 51382799692
2 1828 76989873280
2 1830 38452865673
2 1832 76821773120
2 1834 51158665343
2 1836 51102936948
2 1838 76570994753
2 1840 50991843607
2 1842 50936477870
2 1844 76321848349
2 1846 50826106305
2 1848 38078324772
2 1850 50716212021
2 1852 75992164339
2 1854 50606791929
2 1856 75828388122
2 1858 75746764454
2 1860 37832658160
2 1862 50389362104
2 1864 75502944397
2 1866 50281346322
2 1868 75341267856
2 1870 37630344480
2 1872 50120188162
2 1874 75100047148
2 1876 50013322089
2 1878 49960059764
2 1880 49906910764
2 1882 74780812091
2 1884 49800951294
2 1886 49748140105
2 1888 74543161205
2 1890 37232139778
2 1892 49590376447
2 1894 74307016027
2 1896 49485755399
2 1898 49433610242
2 1900 49381574862
2 1902 49329648915
2 1904 49277832057
2 1906 73839185916
2 1908 49174524233
2 1910 49123032586
2 1912 73607472989
2 1914 36765279091
2 1916 73453803943
2 1918 48918139853
2 1920 48867183458
2 1922 73224499665
2 1924 48765588482
2 1926 48714949241
2 1928 72996622591
2 1930 48613985616
2 1932 36422745435
2 1934 72770159439
2 1936 72694983655
2 1938 36309981518
2 1940 48363398060
2 1942 72470385353
2 1944 72395827343
2 1946 48214281725
2 1948 72247170614
2 1950 36086535477
2 1952 72099123133
2 1954 72025326692
2 1956 47967787442
2 1958 47918790724
2 1960 47869893999
2 1962 47821096962
2 1964 71658598959
2 1966 71585701096
2 1968 47675300934
2 1970 47626899613
2 1972 47578596469
2 1974 35647793403
2 1976 47482283522
2 1978 47434273124
2 1980 35539769788
2 1982 71007814508
2 1984 70936234050
2 1986 47243198509
2 1988 47195670139
2 1990 47148237306
2 1992 47100899717
2 1994 70580485635
2 1996 70509763705
2 1998 46959455574
2 2000 70368744178
2 2002 35149222868
2 2004 46818858402
2 2006 46772179581
2 2008 70088390615
2 2010 35009325463
2 2012 69949049878
2 2014 46586391380
2 2016 46540174722
2 2018 69741074507
2 2020 46448015960
2 2022 46402073312
2 2024 46356221462
2 2026 69465690205
2 2028 46264789072
2 2030 34664406001
2 2032 69260574978
2 2034 46128314768
2 2036 69124503121
2 2038 69056667495
2 2040 34494482440
2 2042 68921394885
2 2044 45902638082
2 2046 34393325600
2 2048 137438953472
2 2050 45768288896
2 2052 45723680427
2 2054 45679158830
2 2056 68452085776
2 2058 45590375237
2 2060 45546112737
2 2062 68252904149
2 2064 45457845076
2 2066 68120759126
2 2068 45369918877
2 2070 33994562406
2 2072 45282332161
2 2074 45238665495
2 2076 45195082967
2 2078 67727376494
2 2080 45108169345
2 2082 45064837771
2 2084 67532384048
2 2086 44978423891
2 2088 44935341110
2 2090 33669255588
2 2092 67274134013
2 2094 44806586551
2 2096 67145748261
2 2098 67081738968
2 2100 33508925801
2 2102 66954085802
2 2104 66890441234
2 2106 44551278365
2 2108 44509009600
2 2110 44466820966
2 2112 44424712234
2 2114 44382683178
2 2116 66511100357
2 2118 44298863190
2 2120 44257071811
2 2122 66323038810
2 2124 44173725159
2 2126 66198254165
2 2128 44090691841
2 2130 33036969098
2 2132 44007970093
2 2134 43966725509
2 2136 43925558164
2 2138 65826701756
2 2140 43843454316
2 2142 32851888038
2 2144 65642485240
2 2146 43720872432
2 2148 43680163984
2 2150 43639531274
2 2152 65398461132
2 2154 43558492219
2 2156 43518085453
2 2158 43477753585
2 2160 43437496407
2 2162 43397313708
2 2164 65035807928
2 2166 43317170931
2 2168 64915815662
2 2170 32427992710
2 2172 43197510239
2 2174 64736655177
2 2176 64677154575
2 2178 43078508833
2 2180 43038987265
2 2182 64499307221
2 2184 32220120961
2 2186 64381284701
2 2188 64322435263
2 2190 32131846657
2 2192 64205058556
2 2194 64146530700
2 2196 42725406302
2 2198 42686529680
2 2200 42647723744
2 2202 42608988300
2 2204 42570323157
2 2206 63797592183
2 2208 42493203007
2 2210 31841060716
2 2212 42416361772
2 2214 42378045274
2 2216 63509696911
2 2218 63452429376
2 2220 31697632513
2 2222 42225469054
2 2224 63281244764
2 2226 31612194152
2 2228 63167633912
2 2230 42073987550
2 2232 42036286845
2 2234 62997980463
2 2236 41961087763
2 2238 41923589025
2 2240 41886157249
2 2242 41848792256
2 2244 31358620400
2 2246 62661392856
2 2248 62605644286
2 2250 41699996551
2 2252 62494444208
2 2254 41625994781
2 2256 41589092304
2 2258 62328382797
2 2260 41515483291
2 2262 31109082308
2 2264 62163201570
2 2266 41405557033
2 2268 41369044196
2 2270 41332595699
2 2272 61944317058
2 2274 41259891045
2 2276 61835451826
2 2278 41187441720
2 2280 30863484289
2 2282 41115246379
2 2284 61618865304
2 2286 41043303692
2 2288 41007426678
2 2290 40971612331
2 2292 40935860487
2 2294 40900170985
2 2296 40864543657
2 2298 40828978345
2 2300 40793474886
2 2302 61137049677
2 2304 61083979321
2 2306 61031001021
2 2308 60978114539
2 2310 24370127856
2 2312 60872616071
2 2314 40546669075
2 2316 40511654679
2 2318 40476700706
2 2320 40441806999
2 2322 40406973402
2 2324 40372199759
2 2326 60506228872
2 2328 40302831718
2 2330 40268237012
2 2332 40233701645
2 2334 40199225467
2 2336 60247212481
2 2338 40130450059
2 2340 30072112897
2 2342 57231700376
2 2344 60041590595
2 2346 29995202124
2 2348 59939305092
2 2350 39925528612
2 2352 39891578332
2 2354 39857685742
2 2356 39823850696
2 2358 39790073044
2 2360 39756352644
2 2362 59584034020
2 2364 39689083011
2 2366 39655533491
2 2368 59433060961
2 2370 29691453241
2 2372 59332836575
2 2374 59282851034
2 2376 39488633096
2 2378 39455421462
2 2380 29566699235
2 2382 39389165508
2 2384 59034181357
2 2386 58984697550
2 2388 39290197754
2 2390 39257318928
2 2392 39224495082
2 2394 29393794561
2 2396 58738517678
2 2398 39126352060
2 2400 39093746766
2 2402 58591793653
2 2404 58543048401
2 2406 38996256125
2 2408 38963867208
2 2410 38931532049
2 2412 38899250514
2 2414 38867022468
2 2416 58252271670
2 2418 29102044739
2 2420 38770657949
2 2422 38738642542
2 2424 38706679967
2 2426 58012155134
2 2428 57964369174
2 2430 38611107917
2 2432 57869033041
2 2434 57821482480
2 2436 28887004999
2 2438 38484410270
2 2440 38452865672
2 2442 28816029559
2 2444 38389931357
2 2446 38455699094
2 2448 38327202711
2 2450 38295915200
2 2452 57397018089
2 2454 38233493169
2 2456 57303537604
2 2458 57256911455
2 2460 28605180560
2 2462 57163886416
2 2464 38078324772
2 2466 38047442108
2 2468 57024914244
2 2470 28489370113
2 2472 37955093948
2 2474 53573996852
2 2476 56840665733
2 2478 28397394747
2 2480 37832658160
2 2482 37802172537
2 2484 37771736005
2 2486 37741348446
2 2488 56566514612
2 2490 28260539831
2 2492 37650478427
2 2494 37620285580
2 2496 37590141121
2 2498 56340067396
2 2500 56294995342
2 2502 37499996897
2 2504 56205067235
2 2506 37440140558
2 2508 28057712990
2 2510 37380474996
2 2512 56026070205
2 2514 37320999300
2 2516 37291332368
2 2518 55892568846
2 2520 27924104833
2 2522 37202613893
2 2524 55759702201
2 2526 37143702391
2 2528 55671474824
2 2530 27813732878
2 2532 37055684139
2 2534 37026437348
2 2536 55495855030
2 2538 36968082048
2 2540 36938973322
2 2542 36909910400
2 2544 36880893176
2 2546 36851921539
2 2548 36822995384
2 2550 27595585952
2 2552 36765279091
2 2554 55104733107
2 2556 36707743442
2 2558 55018564642
2 2560 54975581389
2 2562 27466332622
2 2564 54889816051
2 2566 54847033654
2 2568 36536211930
2 2570 36507779081
2 2572 54719085675
2 2574 27338284452
2 2576 36422745434
2 2578 54591733264
2 2580 27274707047
2 2582 54507160478
2 2584 36309981517
2 2586 36281899550
2 2588 54380791482
2 2590 27169399297
2 2592 54296870507
2 2594 54255007076
2 2596 36142138766
2 2598 36114315719
2 2600 36086535477
2 2602 54088196908
2 2604 27023327257
2 2606 47672969910
2 2608 53963760872
2 2610 26961204668
2 2612 53881121116
2 2614 53839896081
2 2616 35865822721
2 2618 26878817487
2 2620 35811065739
2 2622 26837812426
2 2624 53634713550
2 2626 35729243045
2 2628 35702051841
2 2630 35674901991
2 2632 35647793403
2 2634 35620725982
2 2636 53390549452
2 2638 53350071401
2 2640 26654827340
2 2642 53269299150
2 2644 53229004673
2 2646 35459180740
2 2648 53148598321
2 2650 35405657449
2 2652 26534217263
2 2654 53028443239
2 2656 52988512182
2 2658 35299094146
2 2660 26454415105
2 2662 52869079022
2 2664 35219591681
2 2666 35193170382
2 2668 35166788695
2 2670 26355334898
2 2672 52671215702
2 2674 35087880419
2 2676 35061656293
2 2678 35035471336
2 2680 35009325462
2 2682 34983218583
2 2684 34957150611
2 2686 34931121458
2 2688 34905131041
2 2690 34879179270
2 2692 52279899092
2 2694 34827391329
2 2696 52202332476
2 2698 34775756946
2 2700 34749997126
2 2702 34724275439
2 2704 52047887705
2 2706 26004709600
2 2708 51971007517
2 2710 34621768353
2 2712 34596236076
2 2714 34570741429
2 2716 34545284330
2 2718 34519864694
2 2720 34494482440
2 2722 51703706229
2 2724 34443829749
2 2726 34418559149
2 2728 34393325600
2 2730 20620877417
2 2732 51514454010
2 2734 51476769698
2 2736 34292760321
2 2738 51401566236
2 2740 34242697898
2 2742 34217721458
2 2744 51289172141
2 2746 49436391607
2 2748 34143010276
2 2750 34118178995
2 2752 51140075711
2 2754 34068624632
2 2756 34043901392
2 2758 34019214009
2 2760 25495921805
2 2762 50954919752
2 2764 50918049333
2 2766 33920821489
2 2768 50844468336
2 2770 33871838353
2 2772 25385549849
2 2774 33822996481
2 2776 50697942491
2 2778 33774295262
2 2780 33749997208
2 2782 33725734090
2 2784 33701505832
2 2786 33677312362
2 2788 33653153600
2 2790 25221772108
2 2792 50407409869
2 2794 33580884839
2 2796 33556864176
2 2798 30103058094
2 2800 33508925800
2 2802 33485007936
2 2804 50191686289
2 2806 33437274497
2 2808 33413458775
2 2810 33389676953
2 2812 33365928961
2 2814 25006661046
2 2816 49977801263
2 2818 49942330857
2 2820 24953455382
2 2822 33247693918
2 2824 49836221089
2 2826 33200634196
2 2828 33177154256
2 2830 33153707504
2 2832 33130293870
2 2834 33106913281
2 2836 49625348503
2 2838 24795188224
2 2840 33036969098
2 2842 33013720000
2 2844 32990503600
2 2846 49450979745
2 2848 49416252934
2 2850 24690787433
2 2852 32897963618
2 2854 49312364525
2 2856 24638916030
2 2858 49243347920
2 2860 24604456006
2 2862 32783016156
2 2864 49140184482
2 2866 49105892657
2 2868 32714432440
2 2870 24518726195
2 2872 49003303745
2 2874 32646135087
2 2876 48935148941
2 2878 41689572353
2 2880 32578122305
2 2882 32555514309
2 2884 32532937670
2 2886 24382794241
2 2888 48731817298
2 2890 32465395239
2 2892 32442943375
2 2894 48630783813
2 2896 48597199018
2 2898 24281830289
2 2900 32353445600
2 2902 48496722383
2 2904 32308881624
2 2906 38016430165
2 2908 48396660370
2 2910 24181699030
2 2912 32220120961
2 2914 32198006946
2 2916 48263884896
2 2918 48230804782
2 2920 32131846657
2 2922 32109853606
2 2924 32087890643
2 2926 24049468278
2 2928 32044054727
2 2930 32022181652
2 2932 48000507625
2 2934 31978524962
2 2936 47935111838
2 2938 31934987147
2 2940 23934946999
2 2942 16582616579
2 2944 47804853382
2 2946 31848266205
2 2948 31826659511
2 2950 31805082114
2 2952 31783533956
2 2954 31762014975
2 2956 47610787671
2 2958 23789298236
2 2960 31697632513
2 2962 47514344482
2 2964 23741141761
2 2966 37538761190
2 2968 31612194151
2 2970 23693179860
2 2972 47354471183
2 2974 47322625540
2 2976 31527215134
2 2978 47259062577
2 2980 31484896725
2 2982 23597835071
2 2984 47164037653
2 2986 47132447540
2 2988 31400599812
2 2990 23534697050
2 2992 31358620400
2 2994 31337672759
2 2996 31316753083
2 2998 35550194461
2 3000 31274997412
2 3002 31254161306
2 3004 46850029413
2 3006 31212572269
2 3008 46787728842
2 3010 23378320327
2 3012 31150395830
2 3014 31129725361
2 3016 31109082307
2 3018 31088466613
2 3020 31067878224
2 3022 -1525485
2 3024 31026783147
2 3026 31006276351
2 3028 46478694965
2 3030 23224007980
2 3032 46417377426
2 3034 30924519525
2 3036 23178110731
2 3038 30883802580
2 3040 30863484289
2 3042 30843192714
2 3044 46234391707
2 3046 46204034260
2 3048 30782477768
2 3050 30762292538
2 3052 30742133761
2 3054 30722001387
2 3056 46052843048
2 3058 30681815643
2 3060 22996321628
2 3062 9442334726
2 3064 45932600638
2 3066 22951319041
2 3068 30581809725
2 3070 30561886722
2 3072 45812984491
2 3074 30522118490
2 3076 45753409738
2 3078 30482453618
2 3080 22846994865
2 3082 30442891707
2 3084 30423149235
2 3086 45605148527
2 3088 45575611514
2 3090 22773056368
2 3092 45516652120
2 3094 22743614797
2 3096 30305230052
2 3098 13278246316
2 3100 30266126528
2 3102 22684959439
2 3104 45340685681
2 3106 45311490134
2 3108 22641166081
2 3110 30168807793
2 3112 45224128649
2 3114 30130055311
2 3116 30110716380
2 3118 43969494948
2 3120 22554084673
2 3122 30052848250
2 3124 30033608271
2 3126 30014392910
2 3128 29995202123
2 3130 29976035859
2 3132 29956894073
2 3134 44906665078
2 3136 44878025624
2 3138 29899615118
2 3140 29880570776
2 3142 44792326020
2 3144 29842554784
2 3146 29823583039
2 3148 44706953099
2 3150 22339283868
2 3152 44650218387
2 3154 29747936664
2 3156 29729084994
2 3158 -53902855
2 3160 29691453240
2 3162 22254504800
2 3164 29653916636
2 3166 1799550069
2 3168 29616474822
2 3170 29597789349
2 3172 29579127439
2 3174 29560489048
2 3176 44312811195
2 3178 29523282642
2 3180 22128535907
2 3182 29486169779
2 3184 44201472473
2 3186 29449150107
2 3188 44146012659
2 3190 22059167456
2 3192 22045345921
2 3194 42939215823
2 3196 29357006333
2 3198 22003985046
2 3200 43980465111
2 3202 43952994489
2 3204 29283705442
2 3206 29265437380
2 3208 43870788141
2 3210 21921727158
2 3212 29210769689
2 3214 43788888723
2 3216 29174437885
2 3218 43734458780
2 3220 21853647260
2 3222 29120109323
2 3224 29102044739
2 3226 6915178932
2 3228 29065982725
2 3230 21785988910
2 3232 43545014961
2 3234 21759042728
2 3236 43491189232
2 3238 -58112322
2 3240 28958330937
2 3242 42323011242
2 3244 43383935991
2 3246 28904803524
2 3248 28887004999
2 3250 28869228381
2 3252 28851473628
2 3254 43250611050
2 3256 28816029558
2 3258 28798340159
2 3260 28780672465
2 3262 28763026438
2 3264 28745402034
2 3266 28727799215
2 3268 28710217944
2 3270 21519493633
2 3272 43012679815
2 3274 11369605144
2 3276 21480080641
2 3278 28622633385
2 3280 28605180560
2 3282 21735428392
2 3284 42855508025
2 3286 28552949556
2 3288 28535581581
2 3290 21388676044
2 3292 42751363413
2 3294 28483604201
2 3296 42699480690
2 3298 28449057683
2 3300 21323861872
2 3302 28414594864
2 3304 28397394746
2 3306 21285161578
2 3308 42544585355
2 3310 28345919106
2 3312 28328802005
2 3316 42441944619
2 3318 21208180886
2 3320 28260539831
2 3322 28243525658
2 3324 28226531961
2 3328 42288908761
2 3330 21131755009
2 3332 28158761176
2 3334 -108976194
2 3336 28124997674
2 3338 42162219399
2 3340 28091315042
2 3342 28074503962
2 3344 28057712990
2 3346 28040942091
2 3348 28024191230
2 3350 28007460369
2 3352 41986124211
2 3354 20980543881
2 3356 41936081155
2 3358 27940736223
2 3360 20943078625
2 3362 41861239844
2 3364 41836352068
2 3366 20905746934
2 3368 41786665189
2 3370 27841243987
2 3372 27824730795
2 3374 27808237178
2 3376 41687644655
2 3378 27775308538
2 3380 27758873444
2 3382 27742457788
2 3384 27726061537
2 3386 41564526980
2 3388 27693327107
2 3390 20757741646
2 3392 41491004822
2 3394 41466555202
2 3396 27628089588
2 3398 41417742306
2 3400 27595585952
2 3402 27579362798
2 3404 27563158707
2 3406 27546973646
2 3408 27530807581
2 3410 20635995360
2 3412 41247798463
2 3414 27482423034
2 3416 27466332622
2 3418 4960525248
2 3420 20575656193
2 3422 27418174237
2 3424 41103238422
2 3426 27386162358
2 3428 41055276650
2 3430 27354225143
2 3432 20503713339
2 3434 27322362330
2 3436 40959688113
2 3438 27290573658
2 3440 27274707046
2 3444 20432271830
2 3446 4611514546
2 3448 40817136994
2 3450 20396737445
2 3452 40769840196
2 3454 27164155252
2 3456 40722652881
2 3458 20349550081
2 3460 27117049780
2 3462 24954759954
2 3464 40628605183
2 3466 -130093035
2 3468 27054496032
2 3470 27038902663
2 3472 27023327257
2 3474 27007769786
2 3476 26992230219
2 3478 26976708521
2 3480 20220903500
2 3482 4239713931
2 3484 26930250355
2 3486 20186099881
2 3488 40349050561
2 3490 26883951931
2 3492 26868554479
2 3494 32496736623
2 3496 26837812426
2 3498 20116850824
2 3500 26807140639
2 3502 26791831022
2 3504 26776538881
2 3506 3940544464
2 3508 40119010364
2 3510 20048075265
2 3512 40073316730
2 3514 26700339283
2 3516 26685151377
2 3518 40004971107
2 3520 26654827340
2 3522 26639691153
2 3524 39936858217
2 3526 26609470289
2 3528 26594385556
2 3530 26579317914
2 3532 39846401007
2 3534 19911925348
2 3536 26534217262
2 3538 26519217704
2 3540 19878176322
2 3542 19866952056
2 3544 39711480913
2 3546 26459388675
2 3548 39666710359
2 3550 26429575279
2 3552 26414693761
2 3554 39599743488
2 3556 26384980944
2 3558 26370149590
2 3560 26355334898
2 3562 26340536844
2 3564 26325755398
2 3568 39444363328
2 3570 15768906259
2 3572 26266795139
2 3576 26237413937
2 3580 26208098390
2 3582 26193465170
2 3584 39268272421
2 3586 26164247697
2 3588 19612247541
2 3590 26135095331
2 3592 39180815244
2 3594 25436336519
2 3596 26091488386
2 3598 26076985058
2 3600 26062497844
2 3604 26033571654
2 3606 25452492928
2 3608 26004709600
2 3610 25990302560
2 3612 19481933604
2 3614 25961536314
2 3616 38920765585
2 3618 25932833675
2 3620 25918506144
2 3622 29691097
2 3624 25889898520
2 3626 25875618378
2 3628 38792030969
2 3630 19385328976
2 3632 38749308468
2 3634 25818654992
2 3636 25804453311
2 3638 25790267246
2 3640 19332072577
2 3642 25761941855
2 3644 38621703720
2 3646 4018939693
2 3648 25719570241
2 3650 25705477325
2 3652 25691399847
2 3654 19258003334
2 3656 38494936640
2 3658 25649259770
2 3660 19226432836
2 3664 38410886560
2 3666 19194965680
2 3668 25579332672
2 3670 25565392980
2 3672 25551468474
2 3674 25537559128
2 3676 38285497376
2 3678 25509785818
2 3680 25495921804
2 3682 25482072852
2 3684 25468238935
2 3686 25454420033
2 3688 38160924174
2 3690 19070120374
2 3692 25413053153
2 3694 -36715372
2 3696 19039162387
2 3698 38057730761
2 3700 25358106011
2 3702 24721715828
2 3704 37996082169
2 3706 25317051332
2 3708 25303395965
2 3710 18967316492
2 3712 37914194061
2 3714 25262518104
2 3716 37873382227
2 3718 25235339494
2 3720 18916329080
2 3724 25194681053
2 3726 25181157338
2 3728 37751472198
2 3730 25154153416
2 3732 25140673161
2 3736 37670633928
2 3738 18825239215
2 3740 18815172240
2 3742 2938977797
2 3744 25060094081
2 3748 37550023574
2 3750 25019997931
2 3752 25006661045
2 3754 1935392896
2 3756 24980029882
2 3760 24953455382
2 3762 18705141995
2 3764 36479682382
2 3766 24913699480
2 3768 24900475648
2 3770 18665449386
2 3772 24874070052
2 3774 18645666186
2 3776 37271580603
2 3780 18616069889
2 3782 24808300434
2 3784 24795188223
2 3786 24782089867
2 3788 37153508014
2 3790 24755934627
2 3792 24742877700
2 3794 24729834539
2 3796 24716805121
2 3798 24703789425
2 3800 24690787432
2 3804 23924383058
2 3806 24651863437
2 3808 24638916029
2 3810 18469486663
2 3812 36919592958
2 3814 -9208122
2 3816 24587262117
2 3818 24574382461
2 3820 24561516293
2 3822 18411497693
2 3824 36803736495
2 3828 18382639547
2 3830 24497387007
2 3832 36726901972
2 3834 24471828961
2 3836 24459069926
2 3838 24446324190
2 3840 24433591729
2 3842 24420872525
2 3844 36612249832
2 3846 22327340752
2 3848 24382794241
2 3850 18277595891
2 3852 24357474620
2 3854 24344834519
2 3856 36498311295
2 3858 24319593633
2 3860 24306992808
2 3864 18211372719
2 3866 36403902834
2 3868 36385079720
2 3870 18183138031
2 3872 36347491827
2 3874 24219151327
2 3876 18154990760
2 3878 24194170253
2 3880 24181699030
2 3882 24169240659
2 3884 36235192676
2 3886 24144362387
2 3888 36197913672
2 3890 24119535280
2 3892 24107140863
2 3894 18071069383
2 3896 36123585307
2 3898 36105050886
2 3900 18043267740
2 3902 36068039045
2 3904 36049561566
2 3906 18015551507
2 3908 36012663346
2 3910 17997121273
2 3912 23983893721
2 3914 23971638282
2 3916 23959395363
2 3918 23947164941
2 3920 23934946999
2 3922 23922741520
2 3924 23910548481
2 3926 23898367866
2 3928 35829299479
2 3930 17905532871
2 3932 34574329261
2 3934 23849769253
2 3936 23837650468
2 3938 23825543991
2 3940 23813449806
2 3942 23801367895
2 3944 23789298235
2 3948 17823896703
2 3950 23753162592
2 3952 23741141761
2 3954 23729133091
2 3956 23717136562
2 3958 35557728235
2 3960 17769884894
2 3962 23203802977
2 3964 32312575381
2 3966 23657335410
2 3968 35468117025
2 3970 23633499304
2 3972 23621599255
2 3974 35414566773
2 3976 23597835070
2 3978 17689478175
2 3980 23574118653
2 3982 23562278312
2 3984 23550449859
2 3988 35290242817
2 3990 14109021389
2 3992 35254881853
2 3996 23479727787
2 4000 35184372089
2 4002 17583394347
2 4004 17574611435
2 4006 35131674577
2 4008 23409429202
2 4010 23397753675
2 4012 23386089791
2 4014 23374437529
2 4016 35044195308
2 4018 23351167804
2 4020 17504662733
2 4022 -15228628
2 4024 34974524939
2 4026 17478575307
2 4028 23293195690
2 4030 17461226843
2 4032 23270087361
2 4034 34887825571
2 4036 34870537254
2 4038 20818316868
2 4040 23224007980
2 4042 23212516635
2 4044 23201036656
2 4046 23189568028
2 4048 23178110731
2 4050 23166664751
2 4052 34732845102
2 4056 23132394537
2 4060 17332203000
2 4062 23098225564
2 4064 34630287489
2 4066 23075502273
2 4068 23064157385
2 4070 17289617734
2 4072 34562251561
2 4074 17272642165
2 4076 34528333748
2 4080 17247241220
2 4082 22985054443
2 4084 34460697443
2 4086 22962553166
2 4088 22951319041
2 4090 22940095902
2 4092 17196662800
2 4094 22917682520
2 4096 68719476736
2 4098 22895312894
2 4100 22884144448
2 4102 22872986894
2 4104 22861840214
2 4108 22839579415
2 4110 17121348949
2 4112 34226042888
2 4114 22806269383
2 4116 22795187618
2 4118 22784116620
2 4120 22773056368
2 4122 22762006850
2 4124 34126452075
2 4126 34109909926
2 4128 22728922538
2 4130 17038436849
2 4132 34060379563
2 4134 17021950696
2 4136 22684959438
2 4140 16997281203
2 4142 22652098560
2 4144 22641166080
2 4146 22630244149
2 4148 22619332748
2 4150 22608431864
2 4152 22597541484
2 4154 22586661588
2 4156 33863688247
2 4158 16923699899
2 4160 22554084672
2 4164 22532418886
2 4168 33766192024
2 4170 16874998606
2 4172 22489211946
2 4174 33717654134
2 4176 22467670556
2 4180 16834627795
2 4182 16826576800
2 4184 33637067007
2 4186 16810497893
2 4188 21558942131
2 4190 22392599579
2 4192 33572874131
2 4194 22371242784
2 4196 33540869484
2 4200 16754462900
2 4202 22328651176
2 4204 33477042901
2 4206 21329896098
2 4208 33445220617
2 4210 21446907490
2 4212 22275639183
2 4214 22265066976
2 4216 22254504800
2 4218 16682964480
2 4220 22233410484
2 4224 22212356118
2 4228 22191341590
2 4230 16635636922
2 4232 33255550178
2 4234 22159894247
2 4236 22149431595
2 4238 22138978820
2 4240 22128535906
2 4242 16588577128
2 4244 33161519405
2 4246 22097266189
2 4248 22086862579
2 4250 22076468762
2 4252 31931518646
2 4254 22055710447
2 4256 22045345920
2 4260 16518484550
2 4264 22003985046
2 4266 21993669066
2 4268 21983362755
2 4270 16479799573
2 4272 21962779083
2 4276 32913350878
2 4278 16448981810
2 4280 21921727158
2 4284 16425944019
2 4286 32836558179
2 4288 32821242620
2 4290 13122376539
2 4292 21860436216
2 4294 21850254364
2 4296 21840081993
2 4298 21829919087
2 4300 21819765637
2 4302 21809621627
2 4304 32699230566
2 4308 15548490320
2 4310 21769139730
2 4312 21759042727
2 4314 21748955085
2 4316 21738876793
2 4318 21728807836
2 4320 21718748204
2 4324 21698656854
2 4326 16266468835
2 4328 32517903964
2 4330 20243829317
2 4332 21658585466
2 4334 21648590733
2 4336 32457907831
2 4338 21628628917
2 4340 16213996355
2 4342 21608703879
2 4344 21598755120
2 4346 21588815517
2 4348 29763473216
2 4350 16176722800
2 4352 32338577288
2 4354 21549148425
2 4356 21539254416
2 4360 21519493632
2 4362 21509626831
2 4364 17683534046
2 4366 21489920348
2 4368 16110060480
2 4370 16102687457
2 4372 8904255465
2 4374 32175923264
2 4376 32161217631
2 4378 21431016958
2 4380 16065923328
2 4382 21411454185
2 4384 32102529278
2 4386 16043945323
2 4388 32073265350
2 4390 21372435589
2 4392 21362703151
2 4394 32029469357
2 4396 21343264840
2 4398 21333558944
2 4400 21323861872
2 4402 21314173611
2 4404 21304494150
2 4408 21285161578
2 4410 15956631335
2 4412 31240104857
2 4416 21246601504
2 4418 31855474956
2 4420 15920530359
2 4422 15913329755
2 4424 21208180886
2 4428 21189022637
2 4430 21179456488
2 4432 31754848456
2 4434 21160350077
2 4436 31726214688
2 4438 21141278107
2 4440 15848816256
2 4444 21112734528
2 4446 15827427840
2 4448 31640622382
2 4450 21084267919
2 4452 15806097077
2 4454 21065332789
2 4456 31583816956
2 4458 17935636602
2 4460 21036993775
2 4462 21027564374
2 4464 21018143422
2 4466 15756548182
2 4468 31498990232
2 4470 15742448364
2 4472 20980543881
2 4476 20961794512
2 4480 20943078624
2 4482 20933733209
2 4484 20924396129
2 4488 15679310200
2 4490 20896434797
2 4492 29043113616
2 4494 15658376543
2 4496 31302822143
2 4498 20859269061
2 4500 20849998276
2 4504 31247222104
2 4506 17396339543
2 4508 20812997391
2 4510 15602825760
2 4512 20794546153
2 4514 20785332795
2 4516 29686711781
2 4518 20766930553
2 4520 20757741645
2 4522 15561420651
2 4524 15554541154
2 4526 20730223650
2 4528 31081600785
2 4530 15533939112
2 4532 20702778517
2 4536 20684522098
2 4540 20666297850
2 4542 18302476242
2 4544 30972158529
2 4546 99292631
2 4548 20629945523
2 4550 15465658061
2 4552 30917725913
2 4554 15452073821
2 4556 20593720861
2 4558 20584684564
2 4560 15431742144
2 4564 20557623190
2 4566 15074332009
2 4568 30809432652
2 4570 20530632875
2 4572 20521651846
2 4576 20503713339
2 4578 15371066880
2 4580 20485806165
2 4582 20476864303
2 4584 20467930244
2 4588 20450085493
2 4590 15330881085
2 4592 20432271829
2 4596 20414489173
2 4598 20405609448
2 4600 20396737444
2 4602 15290904864
2 4604 28566530133
2 4606 20370167660
2 4608 30541989660
2 4610 19895712713
2 4612 30515500511
2 4614 20334848773
2 4616 30489057269
2 4620 12185063930
2 4624 30436308035
2 4626 20282099489
2 4628 20273334538
2 4630 20264577158
2 4632 20255827340
2 4634 20247085076
2 4636 20238350353
2 4638 20229623165
2 4640 20220903499
2 4642 20212191349
2 4644 20203486701
2 4646 20194789547
2 4648 20186099880
2 4650 15133063264
2 4652 30253114436
2 4654 20160075686
2 4656 20151415859
2 4658 20142763469
2 4660 20134118507
2 4662 15094110720
2 4664 20116850823
2 4668 20099612734
2 4670 20091004762
2 4672 30123606240
2 4674 15055358190
2 4676 20065225029
2 4680 15036056448
2 4684 28796893690
2 4686 15016804135
2 4688 30020795298
2 4690 15003996627
2 4692 14997601063
2 4696 29969652546
2 4698 19971262716
2 4700 19962764307
2 4704 19945789166
2 4706 19937312418
2 4708 19928842871
2 4710 14940285388
2 4712 19911925348
2 4716 19895036523
2 4718 19886602848
2 4720 19878176322
2 4722 19869756934
2 4724 25402451009
2 4726 19852939535
2 4728 19844541505
2 4730 14877112936
2 4732 19827766746
2 4734 19819389995
2 4736 29716530480
2 4738 19802657712
2 4740 14845726622
2 4744 29666418287
2 4746 14826958318
2 4748 29641425517
2 4750 19752629945
2 4752 19744316548
2 4756 19727710731
2 4758 14789563721
2 4760 14783349617
2 4764 19190099489
2 4768 29517090679
2 4770 14752357272
2 4772 29492348775
2 4774 14739996687
2 4776 19645098877
2 4780 19628659465
2 4782 19620450071
2 4784 19612247541
2 4788 14696897280
2 4790 19587681052
2 4792 29369258839
2 4794 14678503168
2 4796 19563176030
2 4800 19546873384
2 4802 29308098366
2 4804 28172029258
2 4806 19522470296
2 4808 29271524200
2 4810 14629676544
2 4812 18626483196
2 4814 19490027469
2 4816 19481933604
2 4818 14605384846
2 4820 19465766024
2 4824 19449625257
2 4826 19441564906
2 4828 19433511235
2 4830 11655278541
2 4832 29126135835
2 4836 14551022369
2 4838 19393342753
2 4840 19385328975
2 4842 19377321818
2 4844 19369321271
2 4848 19353339984
2 4850 19345359224
2 4852 29006077567
2 4854 19329417437
2 4856 28982184587
2 4858 19313501902
2 4860 19305553958
2 4862 14473209416
2 4864 28934516520
2 4866 19281749330
2 4868 28910741240
2 4870 19265912164
2 4872 14443502501
2 4876 19242205136
2 4878 19234315753
2 4880 19226432836
2 4884 14408014779
2 4886 19202822808
2 4888 19194965679
2 4890 14390336234
2 4892 3937972353
2 4896 19163601356
2 4898 19155776284
2 4900 19147957600
2 4902 14355108972
2 4904 28698509045
2 4906 19124539796
2 4908 19116746585
2 4910 18952440200
2 4912 28651768802
2 4914 14320053760
2 4916 1065352394
2 4920 14302590280
2 4922 19062371443
2 4924 6858694326
2 4926 9804327891
2 4928 19039162387
2 4930 14273578942
2 4932 19023721055
2 4936 28512457122
2 4938 18089952923
2 4940 14244685056
2 4942 18985227082
2 4944 18977546974
2 4948 9977168461
2 4950 14215907916
2 4952 28420332867
2 4956 14198697373
2 4958 18923959710
2 4960 18916329080
2 4962 4790793284
2 4964 18901086269
2 4966 18893474071
2 4968 18885868003
2 4970 14158701044
2 4972 18870674223
2 4974 18863086497
2 4976 28283257306
2 4978 18847929337
2 4980 14130269915
2 4982 18832796516
2 4984 18825239214
2 4986 18817687975
2 4988 18810142790
2 4990 17789544016
2 4992 18795070560
2 4994 18787543500
2 4996 28170033698
2 4998 14079380590
2 5000 28147497671
2 5002 18757495449
2 5004 18749998449
2 5008 28102533617
2 5010 14045657521
2 5012 18720070280
2 5014 18712603159
2 5016 14028856496
2 5018 18697686776
2 5020 18690237498
2 5022 18682794153
2 5024 28013035103
2 5026 18667925236
2 5028 18660499650
2 5030 18653079968
2 5032 18645666185
2 5034 14494508930
2 5036 27946284423
2 5038 18623460150
2 5040 13962052416
2 5044 18601306946
2 5046 18593934252
2 5048 27879851101
2 5050 18579206384
2 5052 18571851196
2 5054 18564501828
2 5056 27835737412
2 5058 18549820529
2 5060 13906866439
2 5064 18527842070
2 5066 18520527485
2 5068 18513218674
2 5070 13879436722
2 5072 27747927515
2 5074 18491326811
2 5076 18484041025
2 5080 18469486662
2 5082 13846663554
2 5084 18454955200
2 5088 18440446588
2 5090 18433200833
2 5092 18425960769
2 5094 16932290315
2 5096 18411497693
2 5100 13797792976
2 5104 18382639546
2 5106 13781579353
2 5108 27552366554
2 5110 13770791424
2 5112 18353871722
2 5116 7784250227
2 5118 18332354873
2 5120 27487790694
2 5122 18318038313
2 5124 13733166311
2 5126 18303744096
2 5128 27444908026
2 5130 13717104128
2 5132 26577598098
2 5134 18275222486
2 5136 18268105965
2 5138 18260994987
2 5140 18253889540
2 5142 17753966643
2 5144 27359542837
2 5146 18232606342
2 5148 13669142227
2 5150 18218445095
2 5152 18211372718
2 5154 18204305829
2 5156 15307102620
2 5160 13637353525
2 5162 18176093033
2 5164 23371118136
2 5166 13621514553
2 5168 18154990759
2 5170 13610975665
2 5172 18140949775
2 5174 18133937426
2 5176 27190395741
2 5178 13480062245
2 5180 13584699648
2 5184 27148435254
2 5188 27127503538
2 5190 13219760528
2 5192 18071069383
2 5194 18064110944
2 5196 18057157859
2 5198 18050210127
2 5200 18043267739
2 5202 18036330688
2 5204 7231811126
2 5206 18022472577
2 5208 13511663630
2 5210 17218156385
2 5212 17179546141
2 5214 13496115111
2 5216 26981880436
2 5220 13480602335
2 5222 17967252439
2 5224 26940560558
2 5226 13465125179
2 5228 117315450
2 5230 17939769070
2 5232 17932911360
2 5236 13439408745
2 5238 17912369653
2 5240 17905532870
2 5244 13418906213
2 5246 17885053801
2 5248 26817356775
2 5250 13403570321
2 5252 17864621523
2 5254 17857821135
2 5256 17851025920
2 5258 17844235876
2 5260 17837450996
2 5262 17830671274
2 5264 17823896702
2 5268 17810362991
2 5270 13352702880
2 5272 26695274726
2 5274 17790100917
2 5276 33036053
2 5278 13332463847
2 5280 13327413670
2 5282 17763156425
2 5284 10883276
2 5286 16838991100
2 5288 26614502336
2 5290 17736293429
2 5292 17729590371
2 5296 26574299161
2 5298 15431916971
2 5300 17702828725
2 5302 17696150931
2 5304 13267108633
2 5306 17682810449
2 5308 26514221619
2 5310 13252117549
2 5312 26494256091
2 5316 17649547073
2 5320 13227207552
2 5322 11092071569
2 5324 26434539511
2 5328 17609795840
2 5330 13202391029
2 5332 17596585192
2 5334 13192490472
2 5336 17583394347
2 5338 17576806340
2 5340 13177667449
2 5344 26335607851
2 5346 17550503599
2 5348 17543940210
2 5350 17537381727
2 5352 17530828147
2 5356 17517735669
2 5358 13133397571
2 5360 17504662732
2 5362 17498133577
2 5364 17491609292
2 5368 17478575306
2 5370 13104049195
2 5372 17465560729
2 5376 17452565520
2 5380 17439589635
2 5382 13074831694
2 5384 26139949546
2 5388 17413695665
2 5390 13055425638
2 5392 26101166238
2 5394 13045744193
2 5396 17387878473
2 5400 17374998563
2 5402 17368565760
2 5404 17362137720
2 5406 13016785827
2 5408 26023943853
2 5410 17100387102
2 5412 13002354800
2 5416 25985503758
2 5418 12987955736
2 5420 17310884177
2 5424 17298118039
2 5428 17285370714
2 5430 12411456411
2 5432 17272642165
2 5434 12949713688
2 5436 17259932348
2 5440 17247241220
2 5442 9131738258
2 5444 24591794258
2 5446 17228239485
2 5448 17221914875
2 5450 17215594907
2 5452 17209279575
2 5454 17202968874
2 5456 17196662800
2 5460 10310438708
2 5464 25757227005
2 5466 17165201653
2 5468 25738384849
2 5470 14241289314
2 5472 17146380160
2 5474 12855086625
2 5476 25700783118
2 5478 12845699925
2 5480 17121348949
2 5484 16459741960
2 5486 17102623448
2 5488 25644586071
2 5490 12817621891
2 5492 25065776883
2 5494 17077719737
2 5496 17071505139
2 5500 17059089498
2 5502 12789666336
2 5504 25570037855
2 5508 17034312316
2 5510 12771096949
2 5512 17021950696
2 5514 15891909044
2 5516 17009607005
2 5518 17003441871
2 5520 12747960904
2 5522 16991124998
2 5524 25477459876
2 5526 16978825958
2 5528 25459024666
2 5530 12724908531
2 5532 14725452577
2 5536 25422234168
2 5538 12706526578
2 5540 16935919176
2 5542 16929807333
2 5544 12692774926
2 5546 16917596869
2 5548 16911498240
2 5550 12679053007
2 5552 25348971246
2 5556 16034740852
2 5558 16881070932
2 5560 16874998605
2 5562 16868930643
2 5564 16862867046
2 5566 16856807805
2 5568 16850752916
2 5570 16401965781
2 5572 16838656181
2 5574 15744925887
2 5576 16826576800
2 5580 12610886054
2 5584 25203704935
2 5586 12597340528
2 5588 16790442420
2 5590 12588326330
2 5592 16778432088
2 5596 10741029339
2 5598 14668743513
2 5600 16754462900
2 5604 16742503968
2 5608 25095843145
2 5610 10034758528
2 5612 16718637248
2 5614 15923686043
2 5616 16706729388
2 5618 21535519268
2 5620 14656891243
2 5622 16688899366
2 5624 16682964480
2 5626 16677033815
2 5628 12503330524
2 5630 14572721731
2 5632 24988900631
2 5634 16653353256
2 5636 24971165429
2 5640 12476727691
2 5642 12472304890
2 5644 16623846959
2 5646 15707234579
2 5648 24918110544
2 5650 16606193316
2 5652 16600317099
2 5654 15291709076
2 5656 16588577128
2 5658 12437035026
2 5660 16576853752
2 5662 16570998277
2 5664 16565146935
2 5668 16553456640
2 5670 12410713261
2 5672 17240474826
2 5676 12397594113
2 5678 16524302965
2 5680 16518484550
2 5682 15263131733
2 5684 16506860000
2 5688 16495251801
2 5690 16489453820
2 5692 10624336
2 5694 12358402560
2 5696 24708126467
2 5698 12349726955
2 5700 12345393716
2 5704 16448981810
2 5706 16443216305
2 5708 33374991
2 5710 14094282881
2 5712 12319458015
2 5716 24621673960
2 5718 16408707981
2 5720 12302228003
2 5724 16391508079
2 5726 15694896932
2 5728 24570092241
2 5730 12280758146
2 5732 24552946329
2 5734 16362921562
2 5736 16215856733
2 5738 16351514856
2 5740 12259363097
2 5742 12255093032
2 5744 24501651872
2 5746 16328749084
2 5748 16323067544
2 5750 16317389954
2 5752 24467574471
2 5754 11976550820
2 5756 2978476545
2 5760 16289061152
2 5762 16283407192
2 5764 16277757154
2 5766 15182067361
2 5768 16266468835
2 5770 15093222107
2 5772 12191397120
2 5776 24365908649
2 5778 16238316414
2 5780 16232697620
2 5782 16227082711
2 5784 16221471688
2 5786 16215864542
2 5788 24315391907
2 5790 12153496405
2 5792 24298599509
2 5796 12140915146
2 5798 16182302905
2 5800 16176722800
2 5802 16171146542
2 5804 22998822696
2 5808 16154440812
2 5810 12111659928
2 5812 5260741434
2 5814 12103327174
2 5816 24198330185
2 5820 12090849515
2 5822 16115594683
2 5824 16110060480
2 5826 11065613151
2 5828 16099003473
2 5830 12070110495
2 5832 24131942448
2 5836 24115402391
2 5838 12053570432
2 5840 16065923328
2 5842 16060423183
2 5844 16054926803
2 5846 16049434184
2 5848 16043945322
2 5850 12028845160
2 5852 12024734139
2 5856 16022027364
2 5858 16016557227
2 5860 16011090826
2 5862 14838019718
2 5864 6949046387
2 5866 15994713985
2 5868 15989262482
2 5870 12238681267
2 5872 23967555919
2 5874 11979697683
2 5876 15967493573
2 5880 11967473501
2 5882 15951205753
2 5884 6035013999
2 5886 15940365654
2 5888 23902426691
2 5890 11947155209
2 5892 15442531187
2 5894 15558594462
2 5896 15913329755
2 5898 3710733
2 5900 15902541057
2 5902 15897152193
2 5904 15891766979
2 5908 15881007488
2 5910 11906724903
2 5912 23805393835
2 5916 11894649118
2 5918 15854172396
2 5920 15848816256
2 5922 11882597801
2 5924 23757172241
2 5928 11870570880
2 5930 14102883735
2 5932 6811543300
2 5934 11858568282
2 5936 15806097076
2 5940 11846589931
2 5944 23677235591
2 5946 12754198340
2 5948 23661312770
2 5950 11826679695
2 5952 15763607568
2 5954 15758312436
2 5956 19000330693
2 5958 15747732837
2 5960 15742448363
2 5962 15737167433
2 5964 11798917537
2 5966 15726616199
2 5968 23582018826
2 5970 11218786142
2 5972 23566223770
2 5974 15705556117
2 5976 15700299907
2 5978 15695047213
2 5980 11767348526
2 5982 15684552363
2 5984 15679310200
2 5986 15674071541
2 5988 13823939454
2 5990 8423132771
2 5992 15658376542
2 5994 15653151858
2 5996 19760147223
2 6000 15637498706
2 6004 15627080653
2 6006 9373126099
2 6008 20644823957
2 6010 11354334248
2 6012 15606286135
2 6014 15601096149
2 6016 23393864421
2 6018 11693044897
2 6020 11689160163
2 6024 14412146808
2 6026 15570028582
2 6028 15564862680
2 6030 11669775156
2 6032 15554541153
2 6034 15549385522
2 6036 15544233306
2 6040 15533939112
2 6042 11646597846
2 6044 110632555
2 6048 15513391574
2 6050 15508263180
2 6052 15503138175
2 6054 12908833817
2 6056 23239347483
2 6058 15487783467
2 6060 11612003991
2 6062 15321044357
2 6064 23208688713
2 6066 13280939559
2 6068 15462259762
2 6070 14839128336
2 6072 11589055365
2 6076 15441901291
2 6078 14269211609
2 6080 15431742144
2 6084 15421596357
2 6086 15416528466
2 6088 18009490577
2 6090 9243841602
2 6092 7211277
2 6094 14594353647
2 6096 15391238884
2 6100 15381146269
2 6102 15376104923
2 6104 15371066880
2 6106 15366032139
2 6108 15361000694
2 6110 11516979407
2 6112 23026421524
2 6114 15345926110
2 6116 15340907822
2 6118 11501919612
2 6120 11498160814
2 6124 711789518
2 6126 10896926423
2 6128 22966300319
2 6130 15305871491
2 6132 11475659520
2 6136 15290904863
2 6138 11464441868
2 6140 13546811839
2 6142 15275967477
2 6144 22906492245
2 6146 15266025422
2 6148 15261059246
2 6150 11442072224
2 6152 22876704869
2 6154 15246180085
2 6156 15241226809
2 6160 11423497432
2 6162 11419789709
2 6164 15221445854
2 6168 15211574618
2 6170 7318979309
2 6172 108178607
2 6174 15196791746
2 6176 22787805757
2 6180 11386528184
2 6182 13463629588
2 6184 22758326060
2 6186 9395221286
2 6188 11371807400
2 6190 15157510862
2 6192 15152615026
2 6194 15147722350
2 6196 13128408732
2 6198 13282383044
2 6200 15133063264
2 6202 15128183206
2 6204 11342479719
2 6206 15118432524
2 6208 22670342841
2 6210 11331520803
2 6212 22655745067
2 6214 15098968818
2 6216 11320583040
2 6220 15084403897
2 6222 11309666376
2 6224 22612064324
2 6226 15069867048
2 6228 15065027655
2 6230 11295143529
2 6232 15055358190
2 6234 11699602016
2 6236 22568551693
2 6240 11277042336
2 6244 15026424125
2 6246 15021612591
2 6248 15016804135
2 6250 22517998137
2 6252 13507693500
2 6254 15002397225
2 6256 14997601062
2 6258 11244605975
2 6260 14988017929
2 6262 14983230955
2 6264 14978447037
2 6266 14973666173
2 6268 22453332539
2 6270 8978468159
2 6272 22439012812
2 6276 14949807559
2 6278 14945044957
2 6280 14940285388
2 6282 14434170397
2 6284 22396163010
2 6286 14926024856
2 6288 14921277392
2 6290 11187399711
2 6292 14911791520
2 6294 10968606014
2 6296 22353476549
2 6298 14897585304
2 6300 11169641935
2 6302 14888129520
2 6304 22325109193
2 6306 13629147240
2 6308 14873968333
2 6310 14869253920
2 6312 13728862702
2 6314 11144875545
2 6316 -121169810
2 6318 14850426123
2 6320 14845726621
2 6322 14841030091
2 6324 11127252400
2 6328 14826958318
2 6330 11116705242
2 6332 845951261
2 6336 14808237411
2 6340 14525710051
2 6342 11095670795
2 6344 14789563720
2 6346 14784902653
2 6348 14780244525
2 6350 14775589329
2 6352 22156405598
2 6354 12799447819
2 6356 14761641321
2 6358 14756997835
2 6360 11064267953
2 6364 14743084890
2 6366 13570844633
2 6368 22100736237
2 6370 11046898615
2 6372 14724575054
2 6376 20272173789
2 6378 13245407978
2 6380 11029583729
2 6384 11022672960
2 6386 14692294431
2 6388 23746436
2 6390 11012323033
2 6392 14678503167
2 6394 14673911830
2 6396 11001992523
2 6398 14664737768
2 6400 21990232556
2 6402 10991681378
2 6404 -106470557
2 6408 14641852721
2 6410 13877507886
2 6412 14632718690
2 6414 -133102834
2 6416 21935394070
2 6420 10960863579
2 6422 14609933392
2 6424 14605384845
2 6426 10950629346
2 6428 21894444361
2 6430 14591756181
2 6432 14587218942
2 6436 115102816
2 6438 10930218109
2 6440 10926823630
2 6444 14560054661
2 6446 13695530372
2 6448 14551022369
2 6450 10909882818
2 6452 -4128729
2 6454 12432642229
2 6456 14532991363
2 6460 10892994456
2 6462 12049759518
2 6464 21772507481
2 6466 14510515348
2 6468 10879521364
2 6470 13960218982
2 6472 21745594616
2 6474 10869438397
2 6476 -116213686
2 6478 14483635727
2 6480 14479165469
2 6482 13948185199
2 6484 21705349839
2 6486 10849328427
2 6488 21691967996
2 6490 10842641632
2 6492 10085489721
2 6494 14447950760
2 6496 14443502500
2 6498 14439056977
2 6500 14434614190
2 6504 14425736815
2 6508 87758885
2 6510 8647464723
2 6512 14408014779
2 6516 14399170079
2 6520 14390336233
2 6522 9547784211
2 6524 14381513219
2 6526 14377105767
2 6528 14372701018
2 6530 14368298964
2 6532 14363899608
2 6534 14359502944
2 6536 14355108972
2 6538 14350717688
2 6540 10759746816
2 6544 21506339908
2 6546 8618237168
2 6548 11408536798
2 6550 14324426297
2 6552 10740040320
2 6554 14315683893
2 6556 14311316693
2 6558 4270950819
2 6560 14302590280
2 6562 14298231063
2 6564 8571794619
2 6566 14289520597
2 6568 14357420253
2 6570 10710615552
2 6572 14276474778
2 6574 14272131464
2 6576 14267790790
2 6578 10697589570
2 6580 10694338023
2 6582 14254784601
2 6584 21375681706
2 6586 14246126973
2 6588 14241802100
2 6590 11959074087
2 6592 21349740345
2 6594 10671632420
2 6596 14224528841
2 6600 10661930936
2 6604 14207297432
2 6606 13344687211
2 6608 14198697373
2 6610 13403921885
2 6612 10642580789
2 6616 9449482195
2 6618 4805601
2 6620 14172959553
2 6622 10626509240
2 6624 14164401003
2 6628 63539987
2 6630 8490949526
2 6632 18449913370
2 6634 14143049780
2 6636 10604090444
2 6640 14130269915
2 6642 14126015092
2 6644 14121762829
2 6648 14113265980
2 6650 10581766044
2 6652 112118857
2 6654 14100539861
2 6656 21144454380
2 6660 10565877504
2 6664 14079380589
2 6666 10556367264
2 6668 16247223
2 6670 10550036609
2 6672 14062498837
2 6674 14058284723
2 6676 -13787266
2 6678 10537398052
2 6680 14045657521
2 6682 11715286416
2 6684 14037251981
2 6688 14028856496
2 6690 9265586626
2 6692 14020471046
2 6696 14012095616
2 6698 14007911652
2 6700 14003730185
2 6702 11366627606
2 6704 20993062106
2 6706 13028847498
2 6708 10490271942
2 6710 10487145185
2 6712 16827979955
2 6714 13974529676
2 6716 13970368112
2 6720 10471539312
2 6724 20930619922
2 6726 10462198066
2 6728 19586371260
2 6730 12444866385
2 6732 10452873468
2 6734 10449768960
2 6736 20893332594
2 6738 8991095855
2 6740 13920621994
2 6744 13912365398
2 6748 13904118590
2 6750 13899998851
2 6752 20843822328
2 6754 13891766693
2 6756 10253879605
2 6758 13883544280
2 6760 13879436722
2 6762 10406498696
2 6764 13871228895
2 6766 13867128619
2 6768 13863030769
2 6770 4518711579
2 6772 19304783873
2 6774 13850751733
2 6776 13846663553
2 6780 9965125817
2 6784 20745502411
2 6786 10369694102
2 6788 20733277601
2 6790 10363585300
2 6792 13814044794
2 6794 13809978252
2 6796 20708871153
2 6798 10351389259
2 6800 13797792976
2 6802 13793735996
2 6804 13789681400
2 6806 13785629186
2 6808 13781579353
2 6810 8617791870
2 6812 13773486824
2 6816 13765403791
2 6818 10386512541
2 6820 10317997680
2 6822 12690966634
2 6824 20623899231
2 6828 12057212537
2 6830 4755635938
2 6832 13733166311
2 6834 10296860432
2 6836 101142368
2 6838 13721116151
2 6840 10287828096
2 6842 13273698452
2 6844 13709087118
2 6846 10278811597
2 6848 20551619211
2 6850 13697079160
2 6852 6489444259
2 6854 13689085532
2 6856 19800951749
2 6858 13681101230
2 6860 13677112572
2 6862 13673126238
2 6864 10251856669
2 6868 13661181165
2 6870 10059115264
2 6872 20479844056
2 6874 10056783535
2 6876 13645286829
2 6878 13641319023
2 6880 13637353524
2 6882 10225042748
2 6886 11369662392
2 6888 10216135915
2 6890 10213170419
2 6892 -17701361
2 6894 12882972873
2 6896 18495637692
2 6900 10198368722
2 6902 10195413529
2 6904 20384920098
2 6906 13586011039
2 6908 13582077626
2 6910 5564697738
2 6912 20361326440
2 6916 10174775040
2 6918 9922764376
2 6920 13558524891
2 6924 13550692121
2 6928 20314302592
2 6930 8123375952
2 6932 -21324415
2 6936 12960608322
2 6940 13519451332
2 6942 10136667269
2 6944 13511663629
2 6946 13507773142
2 6948 13503884893
2 6950 13499998883
2 6952 13496115110
2 6954 10119175178
2 6956 13488354261
2 6958 13484477183
2 6960 10110451751
2 6964 -24460408
2 6966 13468991134
2 6968 13465125178
2 6970 10095946080
2 6972 10093049940
2 6974 13453540613
2 6976 20174525280
2 6978 9753454941
2 6980 12492861613
2 6984 13434277240
2 6986 11405487810
2 6988 96166930
2 6990 10067059255
2 6992 13418906213
2 6994 12051565181
2 6996 10058425412
2 7000 13403570320
2 7002 12608362745
2 7004 13395915512
2 7006 13392091384
2 7008 13388269440
2 7010 12216841240
2 7012 -7704769
2 7014 9862567992
2 7016 20059505182
2 7018 13369192396
2 7020 10024037632
2 7024 20036658365
2 7026 6847335525
2 7028 13350169642
2 7030 10009778688
2 7032 13342575689
2 7036 -41140465
2 7038 9998400708
2 7040 13327413670
2 7042 13323628548
2 7044 13319845577
2 7046 10725455234
2 7048 19968429108
2 7050 9981382155
2 7052 13304735144
2 7056 13297192778
2 7060 12271404074
2 7062 9964421437
2 7064 18257895911
2 7068 9955962675
2 7070 9953146279
2 7072 13267108632
2 7074 13263357681
2 7076 13259608852
2 7080 9939088162
2 7084 9933476028
2 7086 9723331996
2 7088 19855740456
2 7090 12692100855
2 7092 13229694338
2 7096 17806807105
2 7098 9913883373
2 7100 13214787640
2 7102 13211066213
2 7104 13207346880
2 7106 9902722233
2 7108 -13643701
2 7110 9897151082
2 7112 13192490472
2 7116 9666333729
2 7120 13177667449
2 7122 13173966897
2 7124 13170268423
2 7126 13166572023
2 7128 13162877700
2 7130 9869389085
2 7134 9863855367
2 7136 19722181664
2 7138 13144437131
2 7140 7884453129
2 7144 13133397570
2 7146 13129721836
2 7150 9841782403
2 7152 13118706968
2 7154 13115039452
2 7158 13107710568
2 7160 13104049195
2 7164 12378542285
2 7168 19634136210
2 7170 9668043740
2 7172 13082123849
2 7174 13078476755
2 7176 9806123772
2 7178 13071188666
2 7180 10109869792
2 7182 9797931520
2 7184 19590407622
2 7188 7828058591
2 7190 10440550496
2 7192 13045744193
2 7194 9781588016
2 7196 13038492530
2 7198 13034869720
2 7200 13031248923
2 7202 13027630136
2 7206 10419051404
2 7208 13016785827
2 7210 9759881302
2 7212 12098842647
2 7216 13002354800
2 7218 11018034361
2 7220 12995151280
2 7222 12991552512
2 7224 9740966802
2 7228 12980768158
2 7230 9732883012
2 7232 19460382792
2 7236 12966416838
2 7238 9722125475
2 7240 11820370538
2 7242 9716755619
2 7244 16153079
2 7248 12944949260
2 7250 12941378240
2 7252 12937809190
2 7254 9700681580
2 7256 11443995700
2 7258 11545626673
2 7260 9692664488
2 7264 19374654234
2 7266 9684660637
2 7268 12909327496
2 7270 8214766563
2 7272 12902226655
2 7276 12895133623
2 7278 10258666423
2 7280 9666036288
2 7282 9480685502
2 7284 12176180633
2 7288 19310851860
2 7290 12870369306
2 7292 2486871023
2 7294 11936905941
2 7296 12859785120
2 7298 12856260927
2 7300 12852738663
2 7302 12849218330
2 7304 12845699924
2 7306 12842183443
2 7308 9629001667
2 7310 9626367194
2 7312 19077423796
2 7314 9621102568
2 7316 12824629886
2 7320 9613216419
2 7322 7035640452
2 7326 9605343187
2 7328 19205443280
2 7330 12800135367
2 7332 9597482840
2 7334 12793154109
2 7336 12789666336
2 7338 1932951142
2 7340 12782696490
2 7344 12775734237
2 7348 12768779564
2 7350 9573978801
2 7352 19142748688
2 7356 10936549716
2 7358 8702792834
2 7360 12747960903
2 7362 12177858028
2 7364 11239944350
2 7366 12737577008
2 7368 11830515058
2 7370 9547997853
2 7372 12727210017
2 7374 447951783
2 7376 19080462087
2 7378 9537644915
2 7380 9535060188
2 7384 12706526577
2 7386 3359552150
2 7388 -58021754
2 7390 12696210046
2 7392 9519581195
2 7396 4705930063
2 7398 12682480703
2 7400 12679053006
2 7404 7224327294
2 7406 12668781021
2 7408 18998041085
2 7410 7597165364
2 7412 12658525666
2 7414 12655110903
2 7416 12651697982
2 7420 9483658247
2 7422 4963984233
2 7424 18957097031
2 7426 12634660954
2 7428 12631259053
2 7430 10551123956
2 7432 18936691113
2 7434 9465798249
2 7436 12617669748
2 7440 9458164540
2 7442 18911245412
2 7446 9450543135
2 7448 12597340527
2 7450 12593958690
2 7452 12590578669
2 7456 18875736099
2 7458 9435337113
2 7460 12577076708
2 7462 9430279307
2 7464 11517706549
2 7470 9420179944
2 7472 18835316964
2 7474 12553517828
2 7476 9412619607
2 7480 9407586120
2 7482 9405071395
2 7484 2075595209
2 7486 12533394636
2 7488 12530047040
2 7490 9395025927
2 7494 10065015330
2 7496 18775011787
2 7498 12513335855
2 7500 12509998966
2 7502 12506663855
2 7504 12503330523
2 7506 12499998967
2 7508 -4293367
2 7510 9177860997
2 7512 12490014941
2 7514 12486690476
2 7518 8209938609
2 7520 12476727691
2 7524 9352570997
2 7526 12466780792
2 7528 17435144167
2 7530 6914171209
2 7532 12456849740
2 7536 12450237824
2 7540 9332724694
2 7542 11844994651
2 7544 12437035026
2 7546 12433738702
2 7548 9322833094
2 7550 12427151290
2 7552 18635790301
2 7554 12420570856
2 7560 9308034944
2 7562 12407430871
2 7564 12404150217
2 7566 9300653473
2 7568 12397594112
2 7570 2372409021
2 7572 11490520322
2 7574 9835908070
2 7576 18576754007
2 7578 9215753903
2 7580 10693660816
2 7582 12374702221
2 7584 12371438851
2 7588 8873466859
2 7590 7416995436
2 7592 12358402560
2 7596 12351894713
2 7598 12348643359
2 7600 12345393716
2 7602 9256609338
2 7608 9568201921
2 7610 725454628
2 7612 12325931719
2 7614 12322694017
2 7616 12319458014
2 7618 12316223713
2 7620 8492706439
2 7622 12309760199
2 7624 17700020085
2 7626 9227477600
2 7628 18450116460
2 7630 9222640128
2 7632 12293631058
2 7634 12290410302
2 7636 12287191231
2 7638 9212980386
2 7640 10877279117
2 7644 9205748848
2 7648 18401868247
2 7650 9198528652
2 7654 12258295302
2 7656 9191319773
2 7658 7324541366
2 7660 12248693504
2 7662 9828349314
2 7664 18363450986
2 7668 12235914481
2 7670 9174542919
2 7672 12229534963
2 7674 3924723403
2 7676 12223162095
2 7678 11410805857
2 7680 15362512824
2 7682 11632156654
2 7684 12210436263
2 7686 9155444208
2 7688 18306124916
2 7690 12200909264
2 7692 11407257539
2 7696 12191397120
2 7698 12188229702
2 7700 9138797945
2 7704 12178737310
2 7708 12172417260
2 7710 1914213256
2 7712 18249155648
2 7714 9122212107
2 7716 9606793210
2 7718 12156645795
2 7720 12153496405
2 7722 9112761486
2 7728 9105686359
2 7730 11160253869
2 7734 2674461986
2 7736 18192539860
2 7738 12125225154
2 7740 9091569015
2 7742 12118960507
2 7744 18173745914
2 7746 8230240226
2 7748 12109575664
2 7750 12106450611
2 7752 9077495381
2 7756 9582546971
2 7758 11517568241
2 7760 12090849515
2 7764 9185201961
2 7766 10572678715
2 7768 -194489449
2 7770 7245173148
2 7772 12072181194
2 7774 12069075411
2 7776 18098956836
2 7780 12059767641
2 7782 12056668239
2 7784 12053570431
2 7786 12050474216
2 7788 9035534693
2 7790 9033214915
2 7792 18061792653
2 7794 10622137490
2 7796 18052525443
2 7798 11530571817
2 7800 9021633871
2 7802 12025761631
2 7804 -455167066
2 7806 3546807142
2 7808 18024780783
2 7810 9010082481
2 7812 9007775753
2 7816 16950347057
2 7818 8261211371
2 7820 8998560638
2 7824 11991946861
2 7826 8991661664
2 7828 11985819141
2 7830 8987068224
2 7832 11979697682
2 7836 11973582470
2 7840 11967473500
2 7842 -118670684
2 7844 11961370760
2 7848 11955274240
2 7850 11952228311
2 7852 11949183933
2 7854 7167684666
2 7856 15877088156
2 7860 8066359231
2 7864 10532684734
2 7866 8945937477
2 7868 11546724964
2 7870 10754245724
2 7872 11918825234
2 7874 11915797847
2 7876 11912771996
2 7878 8932310762
2 7880 11906724903
2 7882 10088165365
2 7884 11900683948
2 7888 11894649117
2 7890 7750628643
2 7896 8911948353
2 7898 10560312777
2 7900 11876581297
2 7902 8503349095
2 7904 11870570880
2 7906 11867567953
2 7908 5863345498
2 7910 8896174993
2 7912 11858568282
2 7914 32533805
2 7916 17778864118
2 7918 11849582248
2 7920 8884942448
2 7922 11843599121
2 7924 11840609824
2 7926 -80556867
2 7928 16502415132
2 7930 8873738233
2 7932 10363352534
2 7936 17734058513
2 7938 11819726913
2 7940 10271117436
2 7942 11813773890
2 7944 9518449290
2 7946 11807826862
2 7948 17707283386
2 7950 8851414364
2 7952 11798917536
2 7954 11795950747
2 7956 8844739087
2 7958 11790021643
2 7960 11787059326
2 7962 9194915758
2 7964 11781139157
2 7966 11778181300
2 7968 11775224929
2 7970 866527127
2 7974 10202156229
2 7976 17645121409
2 7980 7054510696
2 7982 11754571816
2 7984 17627440926
2 7986 11748684227
2 7990 8807101901
2 7992 11739863894
2 7994 10613059156
2 7998 8798292596
2 8000 17592186044
2 8004 8791697175
2 8008 8787305717
2 8010 8785111634
2 8012 17565837288
2 8016 11704714601
2 8018 11701794992
2 8020 8260634321
2 8022 7021257436
2 8024 11693044896
2 8028 11687218765
2 8030 8763230907
2 8032 17522097654
2 8034 8758867836
2 8036 11675583902
2 8040 8752331366
2 8046 11661072861
2 8048 17487262470
2 8050 8741458904
2 8052 8739287653
2 8056 11646597846
2 8058 8732780366
2 8060 8730613423
2 8062 11637930072
2 8064 11635043680
2 8066 11632158720
2 8070 7873876090
2 8072 13710797981
2 8074 7030116745
2 8076 6965492880
2 8078 8080038756
2 8080 11612003991
2 8082 11609130443
2 8084 11606258317
2 8086 9090321201
2 8088 11240383193
2 8090 10686926799
2 8092 11594784014
2 8094 8693939236
2 8096 11589055365
2 8100 11583332376
2 8104 17366422551
2 8106 7624690586
2 8110 10103734427
2 8112 11566197269
2 8118 8668236534
2 8120 8666101501
2 8122 11551956690
2 8124 9592307202
2 8126 10115302777
2 8128 17315143745
2 8130 8168130061
2 8132 11537751137
2 8134 11534914217
2 8136 11532078693
2 8138 11529244562
2 8140 8644808867
2 8142 8642685357
2 8144 17281125780
2 8148 8636321082
2 8150 11512268986
2 8152 17264166874
2 8154 11506621565
2 8160 8623620610
2 8162 8621507496
2 8164 11492527222
2 8166 8869519392
2 8168 17230348721
2 8170 8613065385
2 8172 11481276583
2 8174 11478467365
2 8176 11475659520
2 8178 8604639789
2 8180 10555741683
2 8184 8598331400
2 8188 11458841260
2 8190 6873625808
2 8194 11450450603
2 8196 11447656448
2 8200 11442072224
2 8202 6074716506
2 8204 10576486706
2 8206 11433706098
2 8208 11430920108
2 8210 7847626215
2 8214 11422570276
2 8216 11419789708
2 8218 9285902324
2 8220 7920730669
2 8224 17113021444
2 8226 7290658121
2 8228 11403134692
2 8230 -55608451
2 8232 11397593809
2 8234 10645532758
2 8236 11392058310
2 8238 8238305655
2 8240 11386528184
2 8242 8965463352
2 8244 11381003425
2 8246 8533682293
2 8248 17063226037
2 8250 8529544751
2 8252 17054954963
2 8256 11364461269
2 8260 8519218424
2 8262 11356208212
2 8264 9942799575
2 8268 8510975348
2 8270 4179804149
2 8272 11342479719
2 8274 6101311333
2 8280 8498640601
2 8282 11328784380
2 8284 11326049280
2 8286 5876644911
2 8288 11320583040
2 8290 8546792959
2 8292 1893082209
2 8294 8484295176
2 8296 11309666375
2 8298 8062212523
2 8300 11304215932
2 8302 10800134229
2 8304 11298770742
2 8308 11293330794
2 8310 6386007030
2 8312 -51581952
2 8316 8461849949
2 8320 11277042336
2 8322 8455749120
2 8326 11268915714
2 8328 11266209443
2 8330 8447628354
2 8334 11258098421
2 8336 15383593057
2 8338 8890534884
2 8340 7523824050
2 8342 11247301875
2 8344 11244605974
2 8346 8431433523
2 8348 16858827067
2 8350 10163577378
2 8352 11233835278
2 8356 16842686495
2 8358 8419328090
2 8360 8417313899
2 8362 11220400890
2 8364 8413288400
2 8366 11215036128
2 8368 15354621908
2 8370 8407257371
2 8372 8405248946
2 8374 11204321977
2 8376 10452801462
2 8378 11198972576
2 8380 11196299790
2 8382 8395221210
2 8384 16786437065
2 8386 8329137595
2 8388 11185621392
2 8390 10186619401
2 8392 9480950291
2 8394 4152558
2 8398 8379226505
2 8400 8377231451
2 8404 10564713384
2 8406 10250945648
2 8408 15488982955
2 8410 8455044518
2 8412 8862813001
2 8414 9893531287
2 8416 16722610308
2 8418 8359318624
2 8420 8518604519
2 8424 11137819591
2 8426 9967567475
2 8428 11132533488
2 8430 6705555850
2 8432 11127252400
2 8436 8341482240
2 8440 11116705242
2 8442 8335553682
2 8446 11108807985
2 8448 11106178059
2 8450 11103549377
2 8454 11098295746
2 8456 11095670795
2 8460 8317818462
2 8464 16627775089
2 8466 8311923481
2 8468 11079947124
2 8470 8307998134
2 8472 8772469169
2 8474 11072101988
2 8476 10493091134
2 8478 11066878065
2 8480 11064267953
2 8484 8294288564
2 8488 -456589650
2 8490 7200698190
2 8492 9129867847
2 8494 11046031580
2 8496 11043431290
2 8498 8516104732
2 8500 11038234382
2 8502 6224656376
2 8504 16549563541
2 8508 8835853477
2 8510 8268947614
2 8512 11022672960
2 8514 8265062741
2 8520 8259242275
2 8526 8253430001
2 8528 11001992523
2 8530 10088689260
2 8532 10996834533
2 8534 10781229188
2 8536 10991681377
2 8538 3163544
2 8540 8239899788
2 8544 10981389542
2 8550 8230262479
2 8552 16456675439
2 8554 8226413862
2 8556 8224490905
2 8558 9926738984
2 8560 10960863579
2 8562 52849315
2 8568 8212972011
2 8570 10948073773
2 8572 16418279090
2 8574 -976093434
2 8576 16410621310
2 8580 6561188269
2 8582 9455285734
2 8584 10930218109
2 8586 10927672053
2 8588 10925127183
2 8590 5244515246
2 8592 10920040997
2 8596 10914959544
2 8598 111359411
2 8600 10909882818
2 8602 8180509671
2 8604 8253467480
2 8606 8609926242
2 8608 15362854800
2 8610 6538326985
2 8614 10892151410
2 8616 9265883879
2 8618 10887095874
2 8620 8714788283
2 8622 10882045029
2 8624 10879521363
2 8626 10876998868
2 8628 5807066056
2 8630 8697592261
2 8632 10869438396
2 8634 54598569
2 8636 10864403918
2 8638 1333236024
2 8640 10859374102
2 8642 10856860939
2 8646 8138878577
2 8648 10849328427
2 8650 10846819913
2 8652 8133234417
2 8656 15431114531
2 8658 8127598080
2 8660 731951253
2 8662 10831793148
2 8664 10829292734
2 8666 10826793474
2 8668 10678194274
2 8670 8116348810
2 8672 16228953916
2 8676 10814314459
2 8680 8106998177
2 8682 10806840848
2 8684 10804351940
2 8686 10801864177
2 8688 5012622252
2 8690 8097669066
2 8692 10794407759
2 8694 8093943431
2 8696 12910233118
2 8700 8088361401
2 8702 10782003246
2 8704 16169288644
2 8706 8800824348
2 8708 9924156489
2 8710 8079075108
2 8712 10769627208
2 8718 138861997
2 8720 10759746816
2 8722 10757279550
2 8724 2933839187
2 8728 16124826805
2 8730 8060566344
2 8732 10744960175
2 8734 10249676705
2 8736 8055030240
2 8738 10155030280
2 8740 8051343728
2 8742 8049501736
2 8744 14642437524
2 8748 16087961632
2 8750 10722856256
2 8752 14721497830
2 8754 10717956618
2 8756 10715508479
2 8758 10713061457
2 8760 8032961664
2 8762 6891467846
2 8764 10705727092
2 8766 10033613197
2 8768 16051264639
2 8770 10698402764
2 8772 8021972661
2 8774 10693525443
2 8776 -74549685
2 8778 6413191542
2 8780 6940454578
2 8784 10681351575
2 8786 10678920127
2 8788 14112831334
2 8790 6564752353
2 8792 10671632420
2 8796 3418013518
2 8798 10664354654
2 8800 10661930936
2 8802 10659508321
2 8804 10657086806
2 8806 7990999793
2 8808 9796588174
2 8810 9482220422
2 8814 7983746788
2 8816 10642580789
2 8820 7978315667
2 8822 8499451166
2 8824 -154513110
2 8826 2121724968
2 8830 9920916640
2 8832 10623300752
2 8834 8946874265
2 8836 8881437158
2 8838 6721132873
2 8840 7960265179
2 8844 7956664879
2 8848 10604090444
2 8850 7951270530
2 8854 10596904478
2 8856 10594511319
2 8858 10592119241
2 8860 8739174099
2 8862 7940503746
2 8864 15877424228
2 8866 7936921293
2 8868 10580175039
2 8870 1887386741
2 8872 639892183
2 8874 7929766078
2 8876 10246361749
2 8878 10568257743
2 8880 7924408128
2 8886 22446870
2 8888 10556367264
2 8890 7702466119
2 8892 7913713920
2 8896 15820311191
2 8898 3231265397
2 8900 10542133959
2 8904 7903048538
2 8906 10535031691
2 8908 10345502695
2 8910 7897726620
2 8912 15791908478
2 8916 8006139875
2 8918 8940736230
2 8920 10107525831
2 8922 10516139010
2 8924 10513782187
2 8928 10509071711
2 8930 7880038543
2 8932 7878274092
2 8934 7787160240
2 8936 15749495116
2 8938 10497313968
2 8940 7871224183
2 8942 10048163940
2 8944 10490271941
2 8946 7865945023
2 8950 9220942924
2 8952 10480897256
2 8954 10478556203
2 8958 10473877231
2 8960 10471539312
2 8964 10466866605
2 8968 10462198065
2 8970 6275919213
2 8974 6775180340
2 8976 7839655100
2 8980 10448217398
2 8982 7647659150
2 8984 10662911736
2 8988 7829188273
2 8990 7827446518
2 8992 15651411072
2 8994 -107818537
2 8996 10429634531
2 8998 8228171365
2 9000 10424999138
2 9002 10422682986
2 9006 7813540326
2 9008 15623611052
2 9010 7810071498
2 9012 7154154986
2 9016 10406498695
2 9018 9749832434
2 9020 7801412880
2 9022 9231969511
2 9024 10397273077
2 9028 10392666398
2 9030 6234218754
2 9032 15582095699
2 9036 9973167674
2 9040 10378870823
2 9042 7782431340
2 9044 7780710327
2 9048 7777270578
2 9050 8558549725
2 9052 10365111826
2 9054 10362822204
2 9056 15540800393
2 9058 8067350934
2 9060 7766969556
2 9062 7411782628
2 9064 10351389258
2 9066 5733031
2 9070 2019507257
2 9072 10342261049
2 9074 8363432018
2 9078 7751569089
2 9080 10080067466
2 9082 10330873403
2 9084 10328598881
2 9086 7744744022
2 9088 15486079264
2 9090 7741335993
2 9092 15479266207
2 9096 9054913905
2 9100 7732829032
2 9102 7731129881
2 9104 15458862956
2 9106 10303645095
2 9108 7726036910
2 9110 10299120993
2 9112 10296860431
2 9114 7720950647
2 9116 10292342282
2 9118 10290084695
2 9120 7715871072
2 9126 10281064238
2 9128 9541283348
2 9130 7707419955
2 9132 3354857726
2 9136 15404716326
2 9138 12029320
2 9140 9872965428
2 9142 10263070690
2 9144 10260825924
2 9146 10258582138
2 9150 7690573134
2 9152 10251856669
2 9154 10249616806
2 9156 7685533440
2 9158 10245140014
2 9160 10242903083
2 9162 10240667129
2 9164 10238432152
2 9168 7008944372
2 9170 5886187004
2 9174 7499565360
2 9176 10225042747
2 9178 7996149470
2 9180 7665440542
2 9184 10216135914
2 9186 74398260
2 9190 9121777531
2 9192 10207244586
2 9196 10202804724
2 9198 7509080192
2 9200 10198368722
2 9202 10196152167
2 9204 7645452432
2 9208 -762586627
2 9210 6063824008
2 9212 10185083830
2 9214 9492335584
2 9216 15270994830
2 9218 10178454354
2 9220 -42230182
2 9222 7630529623
2 9224 -240557052
2 9226 8721175484
2 9228 7196916940
2 9230 7623915947
2 9232 15244528635
2 9234 8882193194
2 9238 10156418299
2 9240 6092531965
2 9246 7610722927
2 9248 15218154018
2 9250 10143242405
2 9252 10141049745
2 9254 7510723032
2 9256 10136667269
2 9258 135829204
2 9260 9555890302
2 9262 3789052704
2 9264 8917268142
2 9266 10125727633
2 9268 9363766144
2 9270 7591018790
2 9272 10119175177
2 9276 9137291551
2 9280 10110451750
2 9282 6064963947
2 9284 10106095675
2 9288 10101743350
2 9290 10099568595
2 9292 10097394774
2 9294 -8060281
2 9296 10093049940
2 9300 7566531632
2 9304 10670903620
2 9306 7561653146
2 9308 9693710443
2 9310 7558404317
2 9312 10075707929
2 9316 9104423505
2 9318 -1196049193
2 9320 10067059254
2 9322 10064899403
2 9324 7547055360
2 9328 10058425411
2 9330 6015117513
2 9334 8864108459
2 9336 5805608133
2 9338 7535740436
2 9340 9290921454
2 9342 10043351770
2 9344 15061803120
2 9348 7527679096
2 9350 7526068896
2 9352 10032612515
2 9354 7315613754
2 9360 7518028224
2 9362 10021896202
2 9366 6260301801
2 9368 9766120253
2 9370 10013339621
2 9372 7508402069
2 9374 10009066807
2 9376 12255721458
2 9378 4981093929
2 9380 7501998313
2 9384 7498800531
2 9386 5835814579
2 9390 7494008966
2 9392 13113468236
2 9394 7490817990
2 9396 9985631359
2 9398 9656109404
2 9400 9981382154
2 9402 9979258906
2 9408 9972894583
2 9410 6439858179
2 9412 9003906152
2 9414 5892156902
2 9416 9964421436
2 9418 9717408359
2 9420 6874804245
2 9422 6147112490
2 9424 9955962675
2 9426 9953850228
2 9428 14927608014
2 9430 7462221017
2 9432 9797432102
2 9434 9945409396
2 9436 9943301424
2 9438 7455895760
2 9440 9939088162
2 9444 9934878467
2 9448 9369129162
2 9450 7446427956
2 9452 9926469768
2 9454 9424498209
2 9456 9605432113
2 9460 7438556469
2 9462 7436984168
2 9464 9913883373
2 9468 7046380441
2 9470 8343393651
2 9472 14858265240
2 9474 -117042747
2 9476 9901328857
2 9478 7942433948
2 9480 7422863312
2 9482 8022664783
2 9486 7418168268
2 9488 13178103604
2 9490 7415041536
2 9492 7413479159
2 9494 9882556588
2 9496 14820712759
2 9498 -32572076
2 9500 9876314972
2 9504 9872158274
2 9506 9870081238
2 9510 6225738102
2 9512 9863855366
2 9514 9861781820
2 9516 7394781862
2 9520 7391674810
2 9522 9853496349
2 9526 9717391540
2 9528 9847291378
2 9530 9845224790
2 9534 4701302748
2 9536 14758545339
2 9538 9836967105
2 9540 7376178637
2 9542 7043210216
2 9544 14746174388
2 9546 7371542447
2 9548 7369998345
2 9550 9824606518
2 9552 9822549439
2 9554 7987839947
2 9558 9816383369
2 9560 9672970245
2 9562 5849547050
2 9564 4609135788
2 9568 9806123771
2 9570 5882444655
2 9576 7348448640
2 9580 9143105770
2 9582 12629865
2 9584 4264193303
2 9588 7339251585
2 9590 6611042288
2 9592 9781588016
2 9594 7334661682
2 9600 9773436692
2 9604 10290363376
2 9606 107037674
2 9608 8365769109
2 9610 9763266623
2 9612 9761235148
2 9614 7319403390
2 9616 14230156053
2 9618 6829645981
2 9620 7314838272
2 9622 4356959688
2 9624 6680657913
2 9628 9745013735
2 9630 7307242386
2 9632 9740966802
2 9636 7302692424
2 9638 9734902702
2 9640 9732883012
2 9642 9730864161
2 9646 7295121729
2 9648 9724812628
2 9650 9722797124
2 9652 9720782453
2 9654 132587853
2 9656 9716755618
2 9658 1753301263
2 9660 5827639270
2 9664 14563067918
2 9666 9706703108
2 9670 7634554876
2 9672 7275511186
2 9674 1875542509
2 9676 9696671376
2 9678 -57296156
2 9680 8786042758
2 9682 9690662284
2 9684 9688660909
2 9686 9366027639
2 9688 9540134859
2 9690 5809597044
2 9694 9678666416
2 9696 9676669992
2 9698 9674674390
2 9700 9672679612
2 9702 7253014242
2 9704 14503038784
2 9706 9666700211
2 9708 8404649862
2 9710 7704630249
2 9712 11966364801
2 9714 -108869529
2 9716 9656750952
2 9718 9654763557
2 9720 9652776979
2 9724 7236604709
2 9726 7013898543
2 9728 14467258260
2 9730 6505455685
2 9732 8175559495
2 9734 9638893800
2 9736 10246074079
2 9738 4291864469
2 9740 8757295111
2 9744 7221751252
2 9746 9627025677
2 9750 7217307095
2 9752 9621102568
2 9756 8046556692
2 9758 7211390057
2 9760 9613216419
2 9762 89250581
2 9766 9436421732
2 9768 7204007389
2 9770 8702852280
2 9772 7516628193
2 9774 8082594228
2 9776 9597482839
2 9780 7195168117
2 9782 9591596018
2 9784 10825918415
2 9786 5725441438
2 9790 6852987930
2 9792 9581800679
2 9794 9579844010
2 9796 9577888143
2 9798 7181949806
2 9800 9573978801
2 9802 9572025325
2 9804 7177554487
2 9808 14349254522
2 9810 7173164544
2 9812 9562269899
2 9814 8119107081
2 9816 7738183024
2 9820 8827793285
2 9822 -100839096
2 9824 14325884401
2 9828 7160026880
2 9830 -14473431
2 9832 14314227864
2 9834 7155658347
2 9840 7151295140
2 9842 7149841920
2 9844 9531185722
2 9846 1160775277
2 9848 563034603
2 9850 9525379923
2 9852 4348609684
2 9854 8168743813
2 9856 9519581194
2 9858 7138237390
2 9860 7136789471
2 9864 9292477796
2 9870 5405090847
2 9872 9715767281
2 9876 159630209
2 9878 9498379453
2 9880 7122342528
2 9882 9494534734
2 9884 7207617260
2 9888 9488773488
2 9890 7115140969
2 9894 7112264422
2 9896 12741189463
2 9898 9479186931
2 9900 7107953958
2 9904 14210166433
2 9906 5663160737
2 9910 8002393430
2 9912 7099348686
2 9916 9461979855
2 9918 7095053860
2 9920 9458164540
2 9922 9456258037
2 9924 -114560226
2 9926 7437807551
2 9928 9450543134
2 9930 5534200360
2 9932 7057941135
2 9936 9442934001
2 9940 7079350523
2 9942 100820575
2 9944 9435337112
2 9948 8343854813
2 9950 8111436286
2 9952 13183435364
2 9954 7069393629
2 9956 9423964668
2 9958 8667490999
2 9960 7065134959
2 9962 5988634335
2 9964 9416398258
2 9966 7060881416
2 9968 9412619607
2 9970 9410731419
2 9972 7326891430
2 9976 9405071395
2 9978 -66673097
2 9980 6603070059
2 9982 7049563633
2 9984 9397535280
2 9988 8889288486
2 9990 7043918336
2 9992 14085016849
2 9994 8466114932
2 9996 7039690296
2 10000 14073748836
2 10002 117767240
2 10004 9378747725
2 10008 8980655593
2 10010 5623875660
2 10014 106438353
2 10016 11138802534
2 10020 6852859258
2 10024 9360035140
2 10026 8974111132
2 10028 9356301579
2 10030 7015826939
2 10032 7014428248
2 10034 7412659019
2 10036 7129065872
2 10038 5827897600
2 10040 6222362962
2 10044 9341397077
2 10048 14006517551
2 10050 7001865093
2 10052 5759674889
2 10054 6359348406
2 10056 9330249826
2 10058 9328394536
2 10060 9326539985
2 10062 6993514627
2 10064 9322833093
2 10066 3595079023
2 10068 2335144212
2 10070 6987958709
2 10072 13973142212
2 10074 6985184058
2 10076 9311730075
2 10080 6981026208
2 10086 9302497743
2 10088 9300653473
2 10090 6709627194
2 10092 8736835714
2 10094 9295125048
2 10096 10054345723
2 10098 6968582311
2 10100 9289603193
2 10104 2944877649
2 10106 8116975671
2 10108 8659972695
2 10110 5636519847
2 10112 13917868706
2 10114 7493554605
2 10116 9274910265
2 10120 6953433219
2 10122 6952059295
2 10126 9265750764
2 10128 8764049428
2 10130 8094483590
2 10132 9260263742
2 10134 5998364352
2 10136 9256609338
2 10138 8102767957
2 10140 6939718362
2 10142 8431666853
2 10144 4703539020
2 10146 4899247493
2 10148 9245663405
2 10150 6932881202
2 10152 9242020513
2 10158 9236561551
2 10160 9063854778
2 10164 6923331778
2 10166 6921969721
2 10168 9227477600
2 10170 6124937659
2 10176 9220223295
2 10178 -311795916
2 10180 9216600416
2 10182 -790420322
2 10184 9212980385
2 10186 4129806077
2 10188 8147079500
2 10190 9207555666
2 10192 9205748847
2 10194 9203942735
2 10200 6898896488
2 10206 9193120933
2 10208 9191319773
2 10210 -101903916
2 10212 6890789678
2 10216 12298703660
2 10218 6318480397
2 10220 6885395712
2 10222 8694490512
2 10224 9176935861
2 10230 5502932096
2 10232 -17891050
2 10234 6875976566
2 10236 -1071414978
2 10240 15594449492
2 10242 7900748823
2 10244 6562818268
2 10246 9157231334
2 10248 6866583157
2 10250 8970062223
2 10252 9151872048
2 10254 -14241006
2 10256 12808147744
2 10258 8785358483
2 10260 6858552064
2 10262 7448039819
2 10264 8873619250
2 10266 6854543559
2 10268 9137611243
2 10270 6851873826
2 10272 9134052983
2 10274 9132274892
2 10276 6725931558
2 10278 4333313071
2 10280 8373159230
2 10282 9125169445
2 10284 9123394811
2 10286 8652667382
2 10288 13679771419
2 10290 6838556286
2 10292 9116303171
2 10296 6834571115
2 10298 6759615230
2 10300 9109222547
2 10302 6830590582
2 10304 9105686359
2 10308 9102152915
2 10310 9100387221
2 10312 13647933316
2 10314 8722006760
2 10318 5147250910
2 10320 6818676762
2 10322 4897813494
2 10324 9088046517
2 10328 -838256019
2 10330 56622986
2 10332 6810757276
2 10336 9077495380
2 10338 -64895750
2 10340 6805487832
2 10344 6054217324
2 10346 7504512974
2 10348 9066968713
2 10350 6798912483
2 10352 13102374891
2 10354 8681520782
2 10356 3360349741
2 10360 6792349824
2 10362 6385432767
2 10366 9051224410
2 10368 13574217627
2 10370 6785799825
2 10374 5426546688
2 10376 -12654811
2 10380 4412711490
2 10382 7096203400
2 10384 9035534692
2 10386 7920780771
2 10388 9032055472
2 10390 6315463201
2 10392 2417435565
2 10396 8641048207
2 10398 9836848
2 10400 9021633870
2 10402 830543324
2 10404 9018165345
2 10406 9016432081
2 10408 12261990371
2 10410 5499666810
2 10412 8450410345
2 10414 8555851047
2 10416 6755831815
2 10420 6850012588
2 10422 6389661755
2 10424 11899684451
2 10426 5694279522
2 10428 6748057555
2 10430 6746763585
2 10432 13490940218
2 10434 6744177131
2 10438 7171672725
2 10440 6740301167
2 10442 8985346891
2 10444 6639480651
2 10446 -123640547
2 10448 13470280279
2 10450 6733851118
2 10452 6732562591
2 10456 13459974020
2 10458 6728699961
2 10460 7254057578
2 10464 8966455680
2 10470 4419062615
2 10472 6719704372
2 10476 7695380377
2 10478 8954475304
2 10480 8498049123
2 10482 8951058218
2 10486 8947643738
2 10488 6709453106
2 10490 6719140298
2 10492 8942526900
2 10494 6705616943
2 10496 13408678388
2 10498 8937415911
2 10500 6701785162
2 10502 8934011831
2 10504 8932310761
2 10506 6697957756
2 10508 8928910568
2 10510 7461896269
2 10512 8925512960
2 10514 2764617464
2 10516 8922117938
2 10518 61340226
2 10520 6750510583
2 10524 8915335637
2 10526 5047670203
2 10528 8911948352
2 10530 6682691757
2 10534 8059053946
2 10536 5674626273
2 10538 7488284458
2 10540 6676351440
2 10542 5512033714
2 10544 7582943081
2 10548 8895050459
2 10550 8893364193
2 10552 13337517850
2 10554 -99816884
2 10556 6666231925
2 10560 6663706835
2 10564 8881578213
2 10566 6110325372
2 10568 -40449970
2 10570 6657402478
2 10572 7707248945
2 10574 6619551650
2 10576 13307251168
2 10578 6652367572
2 10580 8868146714
2 10582 6649852976
2 10584 8864795186
2 10586 8863120370
2 10590 4828651290
2 10592 12487235028
2 10596 5625242700
2 10598 6498363234
2 10600 8851414363
2 10602 6637308449
2 10604 8848075466
2 10608 6633554316
2 10610 6996607865
2 10612 7573341013
2 10614 6629804426
2 10616 13257110810
2 10620 6626058776
2 10622 8200447525
2 10624 13247128045
2 10626 5297853882
2 10630 -847849237
2 10632 8228858108
2 10634 7638483452
2 10638 8388128201
2 10640 6613603776
2 10642 8816481136
2 10644 3620449219
2 10648 13217269755
2 10650 6607393820
2 10654 5779186595
2 10656 8804897920
2 10660 6601195516
2 10662 89100782
2 10664 8798292596
2 10668 3008564093
2 10670 6595008827
2 10672 8791697174
2 10674 8139315107
2 10676 8788403170
2 10678 4741333885
2 10680 6588833726
2 10682 8783466790
2 10686 6024308269
2 10688 13167803925
2 10690 13714515
2 10692 8517445742
2 10696 8381188685
2 10700 8768690863
2 10704 4802328147
2 10706 8763776596
2 10710 5256302086
2 10712 8758867835
2 10714 5876710702
2 10716 6566698787
2 10718 8753964569
2 10720 8752331366
2 10724 8247708335
2 10726 8747435414
2 10728 8745804646
2 10730 6558130866
2 10736 8739287653
2 10738 6553244941
2 10740 4979795081
2 10742 7379893583
2 10744 8732780365
2 10746 8731155057
2 10750 8727906255
2 10752 9846545584
2 10754 3820824183
2 10758 5737782528
2 10760 8135939627
2 10764 6537415847
2 10766 8096898411
2 10768 8096945192
2 10770 3576095961
2 10776 8706847833
2 10778 5920147924
2 10780 6527712820
2 10782 7207372790
2 10784 12344828744
2 10788 6522872098
2 10790 6338150499
2 10792 8693939236
2 10794 5291677041
2 10800 8687499281
2 10802 6256250093
2 10804 8684282880
2 10808 6197905225
2 10810 6509597056
2 10812 6508392913
2 10816 13011971926
2 10818 3625419521
2 10820 1482642547
2 10822 8669838499
2 10824 6501177400
2 10830 5329967204
2 10832 1751079693
2 10836 6493977868
2 10840 7656521573
2 10842 5217893504
2 10846 6487990429
2 10848 8649059020
2 10850 6485598543
2 10854 8644277893
2 10856 8642685357
2 10858 8641093409
2 10860 5768146295
2 10864 8636321082
2 10866 -45967603
2 10868 6474856845
2 10870 -26498454
2 10872 8629966174
2 10878 6468904595
2 10880 8623620610
2 10884 3497746676
2 10888 -630818673
2 10890 6303886730
2 10892 7789673991
2 10894 7524849865
2 10896 5576375732
2 10900 8607797454
2 10902 6454663749
2 10904 8604639788
2 10906 6452296369
2 10908 8601484438
2 10910 -7475021
2 10912 8598331400
2 10914 5771625435
2 10918 8593606178
2 10920 5155219356
2 10922 8590458912
2 10926 6653706788
2 10928 5436063908
2 10930 2608614309
2 10932 8582600827
2 10934 6435773203
2 10936 -251539721
2 10938 1183079783
2 10940 4224734994
2 10944 8573190080
2 10946 5947117430
2 10948 6427543314
2 10950 6426369332
2 10952 12850391559
2 10956 6422849962
2 10960 8560674474
2 10962 6419334444
2 10968 3777763457
2 10970 8552870761
2 10972 7426001683
2 10974 6412314943
2 10976 12822293035
2 10978 5103360916
2 10980 6408810945
2 10982 8543525063
2 10984 1915912027
2 10988 8538859869
2 10990 6402979452
2 10992 8107967762
2 10994 8235643669
2 10998 6398321895
2 11000 8529544750
2 11004 6394833169
2 11008 12785018928
2 11010 6178320081
2 11016 8517156158
2 11018 8515610114
2 11020 6385548474
2 11022 4661001203
2 11024 8510975348
2 11026 8008073095
2 11028 -213911578
2 11030 -34569726
2 11032 5859445181
2 11034 7290021289
2 11036 8501720936
2 11040 6373980453
2 11044 7532452563
2 11046 4732227581
2 11048 12738729938
2 11050 6368212145
2 11052 7370309626
2 11056 1219678002
2 11058 6363605010
2 11060 6362454267
2 11064 6375352677
2 11066 7974189448
2 11070 6356706791
2 11072 12212965126
2 11074 8299473851
2 11076 6353263290
2 11078 7714907450
2 11080 5199400206
2 11082 -28122885
2 11084 7406571173
2 11086 8463376532
2 11088 6346387464
2 11090 684765296
2 11092 8293010120
2 11094 -13068061
2 11096 8455749120
2 11098 7331172246
2 11100 6339526503
2 11102 6338384451
2 11104 12674485623
2 11106 7208144979
2 11110 5870490635
2 11112 5565617375
2 11116 6303184351
2 11118 5602576257
2 11120 8437499303
2 11122 8435982040
2 11124 8434465322
2 11128 8431433523
2 11130 5057951067
2 11132 8428403903
2 11134 7217723521
2 11136 8425376458
2 11140 7478256139
2 11142 7510115705
2 11144 5972919048
2 11148 -481816069
2 11150 7672305281
2 11152 8413288400
2 11154 6308834874
2 11158 3980693514
2 11160 6305443028
2 11168 10853404184
2 11170 5766807121
2 11172 6298670265
2 11174 8396723845
2 11176 8182193046
2 11178 8393719112
2 11180 6294163165
2 11184 8389216044
2 11186 6290787071
2 11190 5877756924
2 11192 89284100
2 11194 6748112757
2 11196 6183535758
2 11198 6181618979
2 11200 8377231451
2 11206 6080511327
2 11208 8371251984
2 11210 4713110352
2 11214 6091567198
2 11216 11287862716
2 11218 8363789646
2 11220 5017379264
2 11222 8154459832
2 11224 8359318624
2 11226 968825164
2 11228 5365454395
2 11230 3205417593
2 11232 8353364694
2 11234 6602922151
2 11236 12525586361
2 11240 8104924226
2 11242 6259450648
2 11244 7443925071
2 11248 8341482240
2 11250 8339999311
2 11252 8338516908
2 11254 8337035032
2 11256 6251665263
2 11258 7847406945
2 11260 4042807448
2 11262 -130805964
2 11264 12494450316
2 11266 7243319301
2 11268 7074077255
2 11270 6243899217
2 11272 12485582714
2 11274 8322245188
2 11280 6238363847
2 11284 6236152446
2 11286 6235047333
2 11288 8311923480
2 11290 5486183697
2 11292 -66999305
2 11296 4528295797
2 11298 4864921102
2 11300 7644757332
2 11304 8300158550
2 11308 6354715289
2 11310 4977453169
2 11312 8294288564
2 11316 6218517513
2 11320 6184427166
2 11322 6215222062
2 11324 8285499139
2 11326 -57313980
2 11328 8282573467
2 11330 6210833557
2 11336 7885946900
2 11340 6205356630
2 11342 7999165247
2 11344 12406337126
2 11346 6202075108
2 11350 7102811334
2 11352 6198797058
2 11354 8263606856
2 11356 8262151483
2 11358 8260696623
2 11360 8259242275
2 11362 6193341331
2 11364 7088726677
2 11368 8253430001
2 11370 5180931699
2 11374 8249076160
2 11376 8247625901
2 11380 8244726910
2 11382 4344320471
2 11384 -133610451
2 11388 6179201280
2 11390 6178116260
2 11392 12354063233
2 11394 7543710619
2 11396 6174863477
2 11398 7328333511
2 11400 6172696859
2 11408 8224490905
2 11410 6013281550
2 11412 4967104799
2 11414 7510138778
2 11416 -18151763
2 11418 5436279285
2 11420 2301797473
2 11424 6159729007
2 11426 8076615887
2 11430 5103759778
2 11432 8529478337
2 11436 4474247701
2 11438 6152189559
2 11440 6151114003
2 11442 -109119053
2 11446 8197186113
2 11448 8195754040
2 11450 8194322466
2 11452 4982851229
2 11454 6143595616
2 11456 12285046120
2 11458 6492213069
2 11460 4389666404
2 11462 5508403722
2 11464 -156404497
2 11466 6137165897
2 11468 8181460781
2 11470 6135025649
2 11472 5207677829
2 11476 8175757428
2 11480 6129681550
2 11484 6127546517
2 11488 12250825936
2 11490 4505433541
2 11492 8164374542
2 11494 468463530
2 11496 5705941413
2 11500 7508191890
2 11502 8157276321
2 11504 8812801213
2 11506 4486208553
2 11508 4702486264
2 11510 6006478156
2 11512 12225285646
2 11514 6111581047
2 11518 7495210046
2 11520 8144530576
2 11522 4904366994
2 11524 8141703597
2 11526 5834168817
2 11528 6843612618
2 11530 4497786508
2 11532 -29557427
2 11534 8134644723
2 11536 8133234417
2 11538 -198329011
2 11540 4816182550
2 11542 7829442118
2 11544 6095698560
2 11546 7994222923
2 11550 4874025573
2 11552 12182954324
2 11554 8120563636
2 11556 4686017699
2 11560 8116348810
2 11562 6086208632
2 11564 8113541356
2 11568 7054751228
2 11570 6082000361
2 11572 7381245696
2 11574 5651531563
2 11576 12157695953
2 11578 6854192050
2 11580 4083565756
2 11584 12149299754
2 11590 6071505108
2 11592 6070457573
2 11594 6069410400
2 11596 6474125912
2 11600 8088361401
2 11604 6608093654
2 11606 4604224973
2 11608 10147955525
2 11610 6061046010
2 11616 8077220406
2 11618 8075829940
2 11620 5603049860
2 11622 5553429379
2 11624 12107492116
2 11628 6051663588
2 11630 -405922955
2 11632 45310027
2 11634 6048542565
2 11638 7084431528
2 11640 6045424759
2 11644 8057797342
2 11646 4412382735
2 11648 8055030240
2 11650 8053647402
2 11652 -94352485
2 11656 8049501736
2 11658 5544571853
2 11660 6035055249
2 11662 7149296581
2 11664 12065971224
2 11666 8042601770
2 11670 3196916322
2 11672 -375176465
2 11674 8037090307
2 11676 5362021024
2 11680 8032961664
2 11682 6023689795
2 11684 8030211592
2 11688 6612256473
2 11690 4062233625
2 11692 8024717093
2 11694 -732327231
2 11696 8021972661
2 11700 6014422580
2 11704 6012367069
2 11706 8015119789
2 11710 3901679427
2 11712 8011013682
2 11716 8008278614
2 11718 6005183837
2 11720 3749703667
2 11724 4933757215
2 11726 6001086833
2 11728 12000126906
2 11730 4799232341
2 11732 7513116117
2 11736 7994631241
2 11740 6546337366
2 11742 5668316789
2 11744 9646030771
2 11746 -48446039
2 11748 5709821774
2 11750 7985105722
2 11752 7421566853
2 11754 7982388314
2 11760 5983736752
2 11764 7975602876
2 11766 5980685381
2 11768 11959337896
2 11770 5199377363
2 11772 7478664082
2 11774 5267512931
2 11776 14934169789
2 11778 5974591966
2 11780 5973577604
2 11782 6552579706
2 11784 3622864911
2 11786 7960715445
2 11788 6565162071
2 11790 5182727176
2 11792 7956664878
2 11796 6672778217
2 11798 7952618431
2 11800 7951270529
2 11802 4690558101
2 11804 7110524495
2 11808 7945883490
2 11810 5935222981
2 11814 4900401384
2 11816 7940503745
2 11818 1813039259
2 11820 3177137518
2 11822 5997287194
2 11824 8610842289
2 11826 7933789299
2 11830 5948330024
2 11832 5947324560
2 11834 7928425912
2 11836 7136606838
2 11840 7924408128
2 11842 7272335016
2 11844 5941298902
2 11848 -554291541
2 11850 5491509850
2 11856 5935285440
2 11858 7912379173
2 11860 7409686424
2 11862 2145016749
2 11864 1951061842
2 11866 567628748
2 11868 5929284141
2 11870 4398690424
2 11872 7903048538
2 11880 5923294965
2 11882 6089308482
2 11886 3628133361
2 11888 -44623773
2 11890 5918313220
2 11892 3399126002
2 11894 6545712373
2 11896 11830656385
2 11898 4260201140
2 11900 5913339849
2 11902 2301556443
2 11904 7881803784
2 11908 7725150809
2 11910 4164075094
2 11912 11814765644
2 11914 5906391152
2 11916 7114090025
2 11918 7872545079
2 11920 7871224182
2 11922 7869903727
2 11924 5796185187
2 11926 7867264149
2 11928 5077128822
2 11930 7864626340
2 11932 7863308100
2 11934 5896492727
2 11936 11791009413
2 11938 7859356027
2 11940 4732497091
2 11942 6945999854
2 11944 11783111885
2 11946 5890569580
2 11948 7852778059
2 11950 7203819339
2 11952 7850149954
2 11954 6823850279
2 11956 7847523606
2 11960 5883674263
2 11964 7842276182
2 11966 5338766350
2 11968 7839655100
2 11970 4703007132
2 11972 7837035771
2 11976 7308626455
2 11978 7692924686
2 11980 3245505662
2 11982 7830495097
2 11984 7645400452
2 11986 3711092932
2 11988 7826575929
2 11990 4955171008
2 11992 -20280070
2 11998 667482310
2 12000 7818749353
2 12002 3855057863
2 12006 5861131449
2 12008 7813540326
2 12010 5210891969
2 12012 4686563051
2 12016 5553309691
2 12018 7807038796
2 12020 -445449373
2 12024 7803143068
2 12026 5576753791
2 12028 7800548074
2 12030 2818420989
2 12032 11696932210
2 12034 4837789227
2 12036 5846522448
2 12038 6781282291
2 12040 5844580081
2 12042 6972104536
2 12046 5919410700
2 12048 7787598957
2 12050 7786306411
2 12052 7785014291
2 12054 5837791951
2 12056 7099957530
2 12060 5692381391
2 12062 7778560127
2 12064 7777270577
2 12066 97312583
2 12068 7774692762
2 12070 5830053370
2 12072 6207908166
2 12078 5826191769
2 12080 7766969556
2 12082 -93099364
2 12084 5823298923
2 12088 11642743908
2 12090 4656327158
2 12096 7756695788
2 12098 6747265966
2 12100 7754131591
2 12104 7751569088
2 12108 7749008279
2 12110 3916821756
2 12112 4426123388
2 12114 2425905822
2 12116 6843367122
2 12118 7742613652
2 12120 5434824290
2 12122 5805044069
2 12124 6273466770
2 12126 5803129160
2 12128 9496993923
2 12130 7734954019
2 12132 6255523696
2 12136 7731129881
2 12138 5042811080
2 12140 700630613
2 12142 7727309525
2 12144 5794527684
2 12150 6867990121
2 12152 7720950646
2 12154 7719680126
2 12156 5253676925
2 12160 7715871072
2 12166 5784049333
2 12168 7710798179
2 12170 -470309255
2 12172 5803407822
2 12176 4697316524
2 12180 4621920803
2 12184 -881869096
2 12186 4812842968
2 12188 6056016504
2 12190 5772661541
2 12192 6246510571
2 12194 5379986513
2 12198 5099204231
2 12200 7690573134
2 12204 6708043058
2 12206 4521006924
2 12208 7118893745
2 12210 4610564729
2 12212 7683016069
2 12214 6754316241
2 12216 3506917645
2 12218 7679243104
2 12220 5758489705
2 12222 5757547388
2 12224 10178790745
2 12228 7672963055
2 12230 -145756604
2 12232 6639628202
2 12236 5750959806
2 12238 7166821664
2 12240 5749080408
2 12246 5746263613
2 12248 11490650584
2 12250 7659183041
2 12252 101547969
2 12254 -26868155
2 12256 10582625548
2 12258 6135085258
2 12260 4828668402
2 12264 5737829760
2 12270 -35502309
2 12272 7645452431
2 12274 6588222020
2 12276 5732220934
2 12278 7641716261
2 12280 5049291459
2 12282 4828896018
2 12284 7637983739
2 12288 13303800268
2 12290 441086579
2 12292 5889217470
2 12294 5454541760
2 12296 7630529623
2 12298 5721966513
2 12300 5721036112
2 12304 9154322790
2 12306 4354742955
2 12308 7253609333
2 12310 1691581748
2 12312 7620613405
2 12314 6417409800
2 12320 5711748717
2 12322 7614428847
2 12324 3808446430
2 12328 7610722927
2 12330 4068871685
2 12334 6551035998
2 12336 2735403228
2 12338 7604554404
2 12340 176635707
2 12342 3732572514
2 12344 11401287132
2 12348 7598395874
2 12350 5697874023
2 12352 9770119250
2 12354 5387886686
2 12358 7592247309
2 12360 4965381371
2 12362 -21243654
2 12364 5382243666
2 12366 6894706541
2 12368 11379163030
2 12370 44516311
2 12372 5207617182
2 12374 7041104863
2 12376 5685903701
2 12380 7578755431
2 12382 7577531274
2 12384 7576307514
2 12386 -273458237
2 12388 7573861175
2 12390 3961077500
2 12392 -1075753036
2 12396 4125966029
2 12400 7566531632
2 12402 5673983566
2 12404 5613146891
2 12408 5671239861
2 12410 5670325882
2 12412 6945451136
2 12416 11335171420
2 12418 4472592039
2 12420 5665760403
2 12424 -1105005128
2 12426 4972138784
2 12428 5358740518
2 12430 4742037324
2 12432 5660291520
2 12438 4753976774
2 12440 5972217208
2 12444 5654833189
2 12446 7367677431
2 12448 9559886373
2 12450 5511922596
2 12452 5978556880
2 12454 6687804753
2 12456 7348726008
2 12460 5420597244
2 12462 5373480773
2 12464 7527679096
2 12466 5788270357
2 12468 5333262309
2 12470 5643042837
2 12472 -1036977994
2 12474 5641233300
2 12478 6991609883
2 12480 5638521168
2 12488 4830709101
2 12490 5057009338
2 12492 7510806296
2 12496 7508402068
2 12500 -606780163
2 12502 5628598959
2 12504 5327654427
2 12506 6524878198
2 12508 7501198613
2 12510 4262381496
2 12512 7498800531
2 12516 5622302987
2 12518 6517686252
2 12520 7494008965
2 12522 7492812031
2 12524 7491615477
2 12528 7489223518
2 12530 5366807172
2 12532 7486833086
2 12536 11226666270
2 12540 4489234079
2 12544 11219506406
2 12546 5608858934
2 12550 6130600507
2 12552 4683975897
2 12556 7472522478
2 12558 4482799441
2 12560 7470142694
2 12562 4388864246
2 12564 4740182746
2 12566 5022090064
2 12568 11198081505
2 12570 5598149897
2 12572 7463012428
2 12576 5879180951
2 12578 7459452397
2 12580 5593699855
2 12582 7457080928
2 12584 7455895760
2 12586 5591033227
2 12588 -184587548
2 12590 7452342514
2 12592 11176738275
2 12596 7448792652
2 12600 5584820967
2 12604 6761590950
2 12606 4635577339
2 12608 11162554597
2 12610 5434290993
2 12612 7439342868
2 12614 5578622497
2 12616 7436984167
2 12618 3757012371
2 12620 6534102348
2 12624 5891607164
2 12626 6588229017
2 12628 5572437772
2 12630 3346463794
2 12632 11141346450
2 12636 7425213062
2 12638 7424038000
2 12640 7422863311
2 12642 5566266744
2 12644 6992103199
2 12648 5563626200
2 12650 5562746576
2 12654 5560988160
2 12656 6481714342
2 12660 4888681283
2 12662 4690114564
2 12664 -87321411
2 12670 4037113110
2 12672 7404118706
2 12680 1814635564
2 12682 6638504022
2 12684 5547835397
2 12688 7394781861
2 12690 5545212307
2 12692 7123849567
2 12694 4916354461
2 12696 7390122263
2 12698 5808563278
2 12700 6082492547
2 12702 5539973562
2 12704 11078202799
2 12708 3965045003
2 12710 5536486560
2 12712 5665463604
2 12714 5389642853
2 12716 7378498918
2 12720 5532133976
2 12726 4967216522
2 12728 7371542446
2 12730 5227639905
2 12732 -62650588
2 12736 10879479565
2 12738 4445268492
2 12740 5523449309
2 12742 5235090518
2 12744 7362287527
2 12750 4144286508
2 12752 4719852460
2 12754 2345040592
2 12756 -27445546
2 12760 5514791864
2 12762 5365158051
2 12766 4880709704
2 12768 5511336480
2 12770 4305609644
2 12772 7346147216
2 12776 -181615423
2 12780 4823154808
2 12782 5121289257
2 12784 7339251584
2 12786 7338103569
2 12788 6799380380
2 12790 250002422
2 12792 5500996263
2 12796 6028736504
2 12798 7064635413
2 12800 10995116278
2 12802 7328932374
2 12804 5495840690
2 12806 4691224368
2 12808 -277020602
2 12810 4394613221
2 12814 7322069006
2 12816 7320926361
2 12818 5489838054
2 12820 5278624284
2 12824 1797187019
2 12826 7315218482
2 12828 6403354310
2 12830 2474798658
2 12832 7901239579
2 12834 5482993936
2 12838 7308380763
2 12840 5096374935
2 12844 7304966696
2 12848 7302692423
2 12850 2574187510
2 12852 5475314673
2 12856 10947222181
2 12860 5276042841
2 12862 6810502728
2 12864 7293609471
2 12866 6204787256
2 12870 4374125513
2 12872 8127715469
2 12874 7129167162
2 12876 5465109056
2 12878 6038956446
2 12880 5463411815
2 12882 3985083976
2 12886 5883996182
2 12888 6530734702
2 12890 44731571
2 12892 7277768557
2 12894 4702898846
2 12896 7275511185
2 12900 5454941409
2 12904 10906500957
2 12906 6236824067
2 12908 5163894768
2 12910 3385159294
2 12912 6690097404
2 12914 30403111
2 12920 5446497228
2 12922 5192572789
2 12924 3324695644
2 12926 5401180444
2 12928 10886253740
2 12930 2954181049
2 12932 7255257675
2 12934 6575597629
2 12936 5439760683
2 12940 4844176809
2 12942 2756978465
2 12944 8445130015
2 12948 5434719198
2 12950 5433879860
2 12952 10866081559
2 12954 4298844102
2 12956 7241817863
2 12958 5430525096
2 12960 7239582734
2 12964 5698050369
2 12968 10852674919
2 12970 7234000944
2 12972 5424664215
2 12974 4984175258
2 12976 10845983998
2 12978 4731270422
2 12980 5421320817
2 12984 4513367982
2 12986 7225087959
2 12988 6418418078
2 12990 979647456
2 12992 7221751251
2 12994 7220639698
2 12996 6678203076
2 12998 7218417622
2 13000 7217307095
2 13002 2244004436
2 13006 -698081916
2 13008 3721417997
2 13010 20212247
2 13014 7209542973
2 13016 10812652762
2 13018 5850022743
2 13020 4323732361
2 13022 6037505389
2 13024 7204007389
2 13026 3054955798
2 13030 -116476274
2 13032 6892520406
2 13034 6890337831
2 13038 5397203880
2 13040 5806866654
2 13044 9007171
2 13046 5522892090
2 13048 7190756609
2 13050 5392240933
2 13052 5609132564
2 13054 6896709864
2 13056 7186350509
2 13060 7184149482
2 13062 129931438
2 13064 7181949805
2 13066 7180850471
2 13068 7179751472
2 13070 -22317702
2 13072 7177554487
2 13076 6420777916
2 13078 7174261527
2 13080 4838547995
2 13082 7172067898
2 13086 4032784383
2 13088 8554024999
2 13090 4300610800
2 13092 96098545
2 13098 5372480089
2 13100 6707495836
2 13104 5370020160
2 13108 6067858207
2 13110 4294049991
2 13112 6099673730
2 13114 7154567047
2 13116 127991586
2 13118 7152385443
2 13120 7151295140
2 13122 10725307755
2 13124 6696335427
2 13128 2945899992
2 13130 4721576106
2 13132 7144760298
2 13134 4819691974
2 13136 38003638
2 13140 4992060118
2 13144 7138237390
2 13146 3187772522
2 13148 5242091106
2 13150 7134980398
2 13152 5617669334
2 13156 5348794786
2 13158 5347981775
2 13160 5347169011
2 13164 5649912684
2 13166 3640580406
2 13168 8359744044
2 13170 1487634836
2 13172 7123063487
2 13174 5644502488
2 13176 7120901050
2 13178 5028833901
2 13180 5911769420
2 13182 5215756512
2 13184 10674870173
2 13186 6204777037
2 13188 4489897481
2 13190 50727058
2 13192 7112264421
2 13194 726501206
2 13200 5330965468
2 13202 5330157869
2 13206 4568767011
2 13208 5834338671
2 13210 38725382
2 13212 3855345094
2 13216 7099348686
2 13220 4936938464
2 13222 3970460172
2 13224 5321290396
2 13226 6135103738
2 13230 5318877113
2 13232 10636146339
2 13234 7089692629
2 13236 2121750387
2 13240 4139161309
2 13244 5313254620
2 13246 6758992531
2 13248 7082200502
2 13250 7081131490
2 13254 32694115
2 13258 -81384210
2 13260 4245474765
2 13262 4466165778
2 13264 7582297514
2 13266 5077468731
2 13268 6118449016
2 13270 4481276359
2 13272 5089017058
2 13280 7065134958
2 13282 6281503221
2 13284 7063007547
2 13286 5296458240
2 13288 7060881415
2 13290 2320944466
2 13294 6673683906
2 13296 4964106922
2 13298 7055571684
2 13300 5290883023
2 13302 -63492093
2 13304 10578584513
2 13308 -20399797
2 13310 4460027796
2 13312 10572227190
2 13314 2392147422
2 13320 5282938752
2 13328 7039690295
2 13330 5278975557
2 13332 4487704272
2 13334 7036522592
2 13336 10553200986
2 13338 5275809280
2 13340 5275018304
2 13342 3894522798
2 13344 6493673882
2 13348 7029142361
2 13350 4886316507
2 13352 10540554850
2 13354 2708777919
2 13356 5268699027
2 13360 5422083323
2 13362 3669076327
2 13364 5608941194
2 13366 5782416050
2 13368 1773196444
2 13370 3785702447
2 13374 1077895005
2 13376 7014428248
2 13380 4413329717
2 13384 6306698281
2 13386 4983706471
2 13390 4548903295
2 13392 7006047808
2 13394 5697380499
2 13396 2472330678
2 13398 4201746184
2 13400 7001865092
2 13404 4366851999
2 13408 9014527757
2 13410 5247482788
2 13412 5850117332
2 13414 2419988808
2 13416 5245135971
2 13420 5243572592
2 13424 80586551
2 13426 5563100842
2 13428 5423056351
2 13430 5239668220
2 13432 6985184057
2 13440 5235769656
2 13442 5234990641
2 13446 5529466490
2 13448 10465309961
2 13450 1824129888
2 13452 4012232900
2 13454 3085568016
2 13456 10459088017
2 13460 4647946352
2 13462 6398397053
2 13464 5226436734
2 13468 5224884480
2 13470 5224108699
2 13472 10446666297
2 13476 4247523318
2 13478 6010460752
2 13480 3995151203
2 13482 4549787508
2 13486 6957214315
2 13488 5315434726
2 13490 4916215215
2 13494 3035066241
2 13496 6952059295
2 13498 5431714868
2 13500 6949999426
2 13502 6194389021
2 13504 8872215143
2 13508 3490285294
2 13510 4231121287
2 13512 6013658005
2 13514 6942799486
2 13516 6941772140
2 13518 781547436
2 13520 6939718362
2 13524 5203249349
2 13528 6935614448
2 13530 4160753536
2 13532 6653537243
2 13534 6932539696
2 13536 6931515385
2 13538 279598050
2 13540 3518551606
2 13542 5196333201
2 13544 -874137479
2 13546 3600958638
2 13548 5447896249
2 13550 4396394194
2 13552 6923331777
2 13554 5783819309
2 13560 4161057258
2 13566 4149712174
2 13568 10372751205
2 13570 5185611215
2 13572 5184847051
2 13574 1055068599
2 13576 -898630424
2 13578 5182555913
2 13580 4422016256
2 13584 4803022688
2 13588 6904989126
2 13590 5177979704
2 13592 10354435576
2 13594 -110737544
2 13596 4275170017
2 13598 -61232005
2 13600 6898896488
2 13604 4957315810
2 13608 4026212577
2 13610 4273634394
2 13612 6892814594
2 13616 6890789677
2 13618 6889777665
2 13620 3743962208
2 13622 6182964237
2 13624 5290901035
2 13626 52241362
2 13630 5162783872
2 13632 6498691183
2 13634 2102416047
2 13636 5411616819
2 13638 -9979305
2 13640 5158998840
2 13642 4660202529
2 13644 2342835030
2 13648 5710352334
2 13650 4124175486
2 13656 6870605759
2 13660 -149756539
2 13662 5150691274
2 13664 6866583156
2 13668 4942081616
2 13670 4408569645
2 13672 10293847890
2 13674 5146171142
2 13676 4914499374
2 13678 -14301252
2 13680 5143914048
2 13684 4834567161
2 13688 6854543559
2 13690 4121725242
2 13692 3674090627
2 13694 6291408843
2 13696 10275809605
2 13698 10815574
2 13700 6475093003
2 13702 5135654956
2 13704 4436413374
2 13706 4010288582
2 13708 5933819102
2 13710 1985527350
2 13712 8287594091
2 13716 5740362183
2 13720 3674024196
2 13724 6836563119
2 13728 5125928336
2 13730 1867163641
2 13734 4623817353
2 13736 6830590582
2 13740 2343258838
2 13744 10239922028
2 13746 4846031454
2 13748 4045852033
2 13750 6823635799
2 13752 5842000792
2 13754 5765666703
2 13756 6820659511
2 13760 6818676762
2 13762 770527327
2 13764 5112521375
2 13768 10222072077
2 13770 5110293697
2 13772 5482575818
2 13774 6023929389
2 13776 5108067957
2 13780 5106585211
2 13784 10210206642
2 13786 4883761617
2 13788 6303471271
2 13790 2108276059
2 13792 8297592147
2 13794 4609883617
2 13800 5099184362
2 13802 6797927274
2 13804 5097706766
2 13806 4913372733
2 13808 758731708
2 13810 5883265636
2 13812 -754794676
2 13816 6791038814
2 13818 3968674347
2 13820 1864568454
2 13824 10180663220
2 13826 3445772963
2 13830 1300446080
2 13832 5087387520
2 13836 2436938709
2 13838 5085181687
2 13840 4433132088
2 13842 6160246147
2 13846 5082243551
2 13848 4277982207
2 13850 5005087803
2 13856 7828274882
2 13858 6770456937
2 13860 4061687978
2 13862 5094908648
2 13864 -1021528531
2 13870 3850938715
2 13872 5786103978
2 13874 6762649002
2 13878 4942328348
2 13880 4440936251
2 13882 2873171956
2 13884 4911077600
2 13886 5418625892
2 13888 6755831814
2 13890 2524415771
2 13892 6753886571
2 13896 6079181087
2 13900 5125474327
2 13902 2930843942
2 13904 5081480365
2 13906 4469337450
2 13908 5059587589
2 13910 4231045805
2 13912 6744177130
2 13914 5765687691
2 13916 6742238591
2 13920 5055225877
2 13926 4606267039
2 13928 10104644483
2 13930 4751448526
2 13932 6734495568
2 13936 6562518066
2 13938 4137973725
2 13940 5047973040
2 13944 4146000359
2 13946 2133312138
2 13948 3898790990
2 13950 5044354422
2 13952 10087262640
2 13956 -500967325
2 13958 6721951014
2 13960 4419062614
2 13962 3296522393
2 13968 5069366490
2 13970 3396925807
2 13972 2343052047
2 13974 3191776820
2 13976 2286915139
2 13978 6712333113
2 13980 5033529627
2 13984 6709453106
2 13986 5031370240
2 13988 5345263970
2 13990 59187766
2 13992 5029212707
2 14000 5286199556
2 14004 -49475579
2 14006 6698914197
2 14008 5846180407
2 14010 3545271574
2 14012 6031820867
2 14014 5021317553
2 14016 6694134720
2 14018 6693179643
2 14020 2923850159
2 14022 5018452732
2 14028 3927011699
2 14030 5015591175
2 14032 10029752591
2 14036 6684596198
2 14040 5012018816
2 14042 4415170247
2 14048 69159331
2 14050 4179553989
2 14052 5427446435
2 14056 5209269235
2 14058 4619273979
2 14060 5004889344
2 14062 6672236683
2 14064 3590304743
2 14066 156917732
2 14070 3100541155
2 14072 10001242777
2 14074 5751641564
2 14076 4999200355
2 14080 6663706835
2 14084 4324587343
2 14088 1898948750
2 14090 6658977448
2 14092 43558436
2 14094 6657087573
2 14096 -846763520
2 14098 3427190590
2 14100 4990691077
2 14102 5739004768
2 14104 6652367572
2 14110 4558742242
2 14112 6648596390
2 14118 4325199399
2 14120 2167638491
2 14122 4384034335
2 14124 3880501771
2 14126 4052824357
2 14128 4454492585
2 14130 3720036274
2 14134 5256760482
2 14136 4977981339
2 14140 3511257968
2 14142 6634492451
2 14144 6633554316
2 14146 4079612839
2 14148 5250638520
2 14150 3786960802
2 14152 6629804426
2 14154 1154947794
2 14160 4969544081
2 14162 6125251416
2 14166 2006950220
2 14168 4966738015
2 14170 3716498497
2 14172 -844198735
2 14174 3870896546
2 14176 -451852555
2 14178 3431621004
2 14180 2609669446
2 14182 6615780020
2 14184 5920019249
2 14186 4713880303
2 14190 3625297563
2 14192 5710569875
2 14194 6610186856
2 14196 4956941686
2 14198 5798448099
2 14200 6607393820
2 14202 4126679180
2 14204 6605533107
2 14208 6603673440
2 14210 4952058002
2 14212 4951361118
2 14214 3604803661
2 14216 9899935872
2 14220 4208844608
2 14222 1749371649
2 14224 6142590595
2 14230 -100753626
2 14232 1839940956
2 14234 4425059888
2 14238 4023154495
2 14240 6588833725
2 14244 173749293
2 14246 1198475522
2 14248 6585134212
2 14250 4702638036
2 14252 3969396721
2 14256 6581438850
2 14260 4934694544
2 14266 3763078495
2 14268 4931927685
2 14270 92551238
2 14272 9861090832
2 14274 4929854573
2 14276 3712484318
2 14278 6571297958
2 14280 3942226566
2 14282 5734701982
2 14288 6566698786
2 14290 6565779723
2 14292 2421153181
2 14294 2732308830
2 14300 4920891201
2 14304 6559353484
2 14306 4520600102
2 14308 6557519727
2 14310 4917452424
2 14314 2626696677
2 14316 6553855284
2 14320 6271997531
2 14322 3930665786
2 14326 4911960364
2 14328 5952450865
2 14330 -130903515
2 14336 9817068105
2 14338 5257444425
2 14340 3441849697
2 14342 5771847939
2 14344 6541061925
2 14346 3676287708
2 14348 4864894795
2 14350 4903745241
2 14352 4903061886
2 14356 6535594333
2 14360 3390470166
2 14362 4658755412
2 14364 4898965760
2 14366 6531044985
2 14368 9795203811
2 14370 3287246635
2 14376 2572050498
2 14378 4063115085
2 14380 1284518933
2 14382 4892834390
2 14384 6522872097
2 14388 4406553132
2 14390 44895781
2 14392 5214757669
2 14396 6517434860
2 14398 5002601139
2 14400 6515624462
2 14402 4296753608
2 14404 5236637629
2 14406 6512910748
2 14410 3669606162
2 14412 -23508059
2 14416 6508392913
2 14418 6271970648
2 14420 4204205577
2 14424 1352602173
2 14430 3901247080
2 14432 6501177400
2 14434 5345058564
2 14436 3390363707
2 14440 5016629677
2 14442 3612448012
2 14444 6336999326
2 14446 6494876938
2 14448 4870483401
2 14450 5788288753
2 14454 4482134216
2 14456 4970720670
2 14460 2731454996
2 14462 84000481
2 14464 9183916348
2 14470 6484104509
2 14472 6483208420
2 14476 4414281939
2 14478 3584508068
2 14480 3953355570
2 14482 3075737894
2 14484 4495130151
2 14490 3885092847
2 14496 6472474630
2 14498 6471581753
2 14500 6470689121
2 14504 6468904595
2 14508 4850340791
2 14510 4490004580
2 14512 4216726524
2 14514 4848335688
2 14516 5168972769
2 14518 4846999875
2 14520 4228295468
2 14522 6460886396
2 14526 5307467361
2 14528 9056329989
2 14530 -54329066
2 14532 1949313737
2 14534 6455551964
2 14536 6454663749
2 14540 3065925942
2 14542 2767880949
2 14544 5696532400
2 14546 4076820270
2 14550 4344821060
2 14552 5164904894
2 14554 3432616685
2 14556 6445795016
2 14558 2239569675
2 14560 4833018144
2 14562 6443139146
2 14564 4775170295
2 14568 2137405334
2 14570 4166908562
2 14574 1310811022
2 14576 218399255
2 14578 5733538382
2 14580 6435184654
2 14582 849490260
2 14586 3859522513
2 14588 -25475934
2 14590 -847418284
2 14592 6429892560
2 14596 6428130464
2 14598 6427249777
2 14600 5497729362
2 14602 6425489127
2 14604 -495172231
2 14606 5662340203
2 14608 6422849962
2 14610 -16138303
2 14612 3747934004
2 14616 4814500833
2 14620 4813183597
2 14624 9139493284
2 14626 6236422014
2 14628 4810551285
2 14630 3847914925
2 14632 6412314943
2 14634 137930028
2 14638 4356708984
2 14640 4660507118
2 14644 3514048497
2 14650 4209062341
2 14652 4802671595
2 14654 3355872506
2 14656 5642117569
2 14658 1820083567
2 14660 2566872485
2 14664 4460843501
2 14668 5467605224
2 14670 2861355347
2 14672 6394833169
2 14674 4795471187
2 14676 11175516
2 14678 5242122589
2 14680 151655382
2 14686 6388737045
2 14688 6387867119
2 14690 3668530638
2 14694 4582123660
2 14696 4235384494
2 14700 4786989402
2 14704 8447506775
2 14706 4785036326
2 14710 -127703293
2 14712 3229466780
2 14714 4911264429
2 14716 3701227705
2 14718 2098631989
2 14720 6373980452
2 14722 2097209898
2 14724 5176879741
2 14726 2249399060
2 14728 3391946521
2 14730 68796064
2 14732 5092905345
2 14734 6367924002
2 14736 5107000879
2 14740 4151720708
2 14742 4773351254
2 14744 5741326789
2 14746 5531210907
2 14748 -11417703
2 14750 6361016424
2 14752 5423442093
2 14756 4768822457
2 14758 6357568250
2 14760 4767530094
2 14762 6355845566
2 14766 3968624395
2 14768 6353263289
2 14770 4272783501
2 14772 -25506107
2 14774 5536229966
2 14776 9524735270
2 14778 2230123935
2 14780 4187521556
2 14782 2103487144
2 14784 4759790597
2 14790 3806287719
2 14792 -74852956
2 14794 6342097623
2 14796 5369891541
2 14798 6340383311
2 14800 6339526503
2 14806 4122014223
2 14808 14843040
2 14810 105003612
2 14812 5356870479
2 14814 5422882283
2 14816 8972507772
2 14818 5338956965
2 14820 3798582684
2 14824 6093743383
2 14826 1454995195
2 14828 3076531425
2 14830 -10846663
2 14832 5710830236
2 14840 4741829123
2 14842 5957982229
2 14844 99654439
2 14846 173090490
2 14848 9478548515
2 14850 4738635973
2 14852 6317330477
2 14854 3584662964
2 14856 6315629527
2 14858 4736084547
2 14860 515058399
2 14864 6470990276
2 14868 4732899124
2 14870 6309683405
2 14872 6308834874
2 14874 4170858515
2 14878 5805970142
2 14880 4729082270
2 14882 4839280465
2 14886 124925502
2 14890 -118621598
2 14892 4725271567
2 14894 2530801941
2 14896 6298670264
2 14898 2930889789
2 14900 5129370909
2 14904 6295289334
2 14906 4146035304
2 14910 2861347342
2 14912 8527144386
2 14916 4333611702
2 14920 4738282600
2 14922 6287695499
2 14924 4715139655
2 14926 4542215227
2 14928 3226375048
2 14930 -993865916
2 14934 3330942013
2 14938 3586853022
2 14940 3943285992
2 14942 6279279363
2 14944 3910195335
2 14946 3769636589
2 14948 5728900070
2 14950 4706939412
2 14952 3680679559
2 14958 5431750191
2 14960 4703793060
2 14964 3442476843
2 14966 5358486027
2 14970 2299330882
2 14972 4848975281
2 14976 6265023520
2 14980 3432499936
2 14982 3573018308
2 14986 3419665525
2 14988 3805007841
2 14990 92939080
2 14992 986094122
2 14994 4693126864
2 14996 6256667927
2 15000 6254999483
2 15002 3734680392
2 15004 3634820460
2 15006 4467067378
2 15008 6251665262
2 15010 4065845977
2 15012 4989940628
2 15016 9372501888
2 15020 2931190408
2 15022 4684379189
2 15024 216386029
2 15026 183824862
2 15028 6243345238
2 15030 3704365809
2 15032 9362525835
2 15036 2740465383
2 15038 6239193526
2 15040 6238363846
2 15042 3987264935
2 15048 4676285498
2 15050 4675664067
2 15052 5446597020
2 15054 2351323008
2 15056 3989869935
2 15060 3131920954
2 15062 4577928844
2 15064 4678233150
2 15066 4573116155
2 15070 4669458804
2 15072 5379200184
2 15078 3043242133
2 15080 4666362348
2 15084 4738163255
2 15086 3773718019
2 15088 6218517513
2 15090 4663269994
2 15092 5512079056
2 15096 4661416548
2 15100 6213575646
2 15102 -9672572
2 15104 9317895151
2 15106 4165507763
2 15108 6210285428
2 15110 98101938
2 15114 1202344751
2 15120 4654017472
2 15124 5652716152
2 15128 6202075108
2 15130 3483333017
2 15132 3959440882
2 15134 4054373734
2 15136 6198797057
2 15138 2773526343
2 15140 -39369366
2 15142 4251188497
2 15144 4327947196
2 15148 36910072
2 15150 3744276986
2 15152 9288377003
2 15156 2858971101
2 15158 4366971120
2 15160 3895754963
2 15162 3076916972
2 15164 5155723339
2 15168 6185719426
2 15170 4638677930
2 15174 1455305840
2 15176 3555872834
2 15180 3708497720
2 15184 6179201280
2 15190 4632570389
2 15192 6175947356
2 15194 1740337518
2 15196 5995798236
2 15198 3925341576
2 15200 6172696859
2 15202 64784118
2 15204 2008541726
2 15210 4626478907
2 15216 4232387359
2 15218 518853254
2 15220 8577047
2 15222 4622831704
2 15224 3983214835
2 15226 3478635834
2 15228 6161347009
2 15230 6160537901
2 15232 6159729007
2 15236 3152156738
2 15238 3457654035
2 15240 2985886639
2 15244 5770129626
2 15246 3825075159
2 15248 9229898239
2 15250 4488061601
2 15252 4613738800
2 15254 5302632689
2 15256 9225058230
2 15260 3733610785
2 15262 3161330402
2 15264 6146815529
2 15266 6146010234
2 15268 2627640697
2 15270 2197704483
2 15272 6143595615
2 15274 -304501248
2 15276 3550505577
2 15280 3751583172
2 15282 3983231586
2 15288 4602874425
2 15290 3025831733
2 15296 2373236530
2 15300 4599264326
2 15302 3479654002
2 15308 5305339135
2 15310 -1149845278
2 15312 4595659886
2 15314 4595059697
2 15316 55391165
2 15318 4593859785
2 15320 5397660177
2 15322 3216311534
2 15324 -807553634
2 15326 4878689656
2 15328 7318847628
2 15330 2548343479
2 15334 4589066400
2 15336 5932603961
2 15340 4587271461
2 15344 6114767482
2 15348 1374863
2 15350 4852318489
2 15352 4680161764
2 15354 5200061294
2 15356 3271028283
2 15358 6109193401
2 15360 6108397932
2 15364 3698143301
2 15366 3087944552
2 15368 4723838010
2 15370 4578317774
2 15372 4577722105
2 15376 4673710275
2 15378 3675411412
2 15380 3129947187
2 15384 2418845732
2 15386 5692469622
2 15390 4572368044
2 15392 6095698560
2 15394 4604483784
2 15396 5248196122
2 15400 4569398974
2 15402 4568805621
2 15408 5867062170
2 15410 3971095309
2 15414 2450772157
2 15416 6086208631
2 15418 6085419137
2 15420 2794915127
2 15422 -661464507
2 15424 8213854160
2 15426 5589440229
2 15428 4561106053
2 15430 6080686470
2 15432 5320122014
2 15436 1900740333
2 15438 3580631556
2 15440 5099228172
2 15442 4511752673
2 15444 4556380744
2 15450 3863725419
2 15456 4552843179
2 15458 6069672159
2 15460 2553733751
2 15462 1615951852
2 15464 9100975708
2 15466 4549899405
2 15468 117417320
2 15470 3638978368
2 15472 -110716937
2 15476 6062612578
2 15478 5603885412
2 15480 4545784509
2 15484 6059480254
2 15486 3456334823
2 15488 9086872957
2 15490 6057133134
2 15492 -76917462
2 15494 2434144129
2 15496 6054787832
2 15498 4540504853
2 15500 6053225306
2 15502 6052444345
2 15504 4538747690
2 15510 1282373338
2 15512 3930655030
2 15516 -167868937
2 15520 6045424758
2 15522 3051119015
2 15526 6043088513
2 15528 406146748
2 15530 6041532019
2 15532 1591045274
2 15534 1264240312
2 15536 3284996023
2 15538 2356948141
2 15540 3622586576
2 15542 5386132586
2 15544 6036090598
2 15548 6034537706
2 15550 2572243035
2 15552 9049478418
2 15554 4081420804
2 15560 3588613045
2 15562 4556669960
2 15564 -216246694
2 15566 4586995231
2 15568 3672012262
2 15570 3305925940
2 15572 1928407490
2 15574 55216798
2 15576 4517767348
2 15580 4516607459
2 15582 4355216721
2 15584 8066313495
2 15588 5959892
2 15590 2135818349
2 15592 9026262722
2 15594 3084490595
2 15596 -150874632
2 15598 6015193759
2 15600 4510816935
2 15602 5034731117
2 15604 6012880816
2 15606 5307319934
2 15610 3037019731
2 15612 -3504451
2 15614 5358295103
2 15616 9012390392
2 15618 4069038446
2 15620 4120984386
2 15622 5654333007
2 15624 4503887876
2 15626 2336943860
2 15630 820381678
2 15632 9003165836
2 15636 -221761497
2 15638 -881911941
2 15640 4499280319
2 15642 3587981373
2 15648 4758713269
2 15650 4745668678
2 15652 4011589957
2 15656 5608159097
2 15660 4493534113
2 15662 4289160169
2 15664 4783797026
2 15666 3701333751
2 15672 5986791235
2 15674 3112656447
2 15678 4045638463
2 15680 5983736751
2 15684 -39846302
2 15686 4486085950
2 15688 5980685381
2 15690 589353607
2 15694 4099742314
2 15696 5000117089
2 15698 3285346913
2 15700 5976114155
2 15704 5974591966
2 15708 3583842333
2 15710 -1305882120
2 15712 4294037513
2 15714 5472960916
2 15718 3241797437
2 15720 3391547696
2 15722 -116627663
2 15728 6909227841
2 15730 3989296581
2 15732 4472968738
2 15736 1917019105
2 15738 3473963676
2 15740 5960927081
2 15742 4410987349
2 15744 5959412618
2 15748 4857710492
2 15750 4178733226
2 15752 3027688621
2 15756 3305122810
2 15760 4170215779
2 15762 3842177064
2 15764 2183615952
2 15768 5950341974
2 15770 3055230916
2 15774 2671431910
2 15776 5947324559
2 15778 5106412204
2 15780 1097769114
2 15782 3150695878
2 15786 5943557092
2 15790 -180696824
2 15792 4455974176
2 15794 5940546552
2 15796 3249270831
2 15800 5409194394
2 15804 2081313603
2 15806 -1114214676
2 15808 5935285440
2 15810 3560720768
2 15812 4957565488
2 15816 3653877505
2 15818 2107079902
2 15820 2546639070
2 15822 3710137540
2 15824 5929284141
2 15826 5223947974
2 15828 -4915896
2 15830 -186679386
2 15832 8889432059
2 15834 3555323692
2 15836 4743897247
2 15840 4442471224
2 15844 5921799561
2 15846 3214055163
2 15848 3331885566
2 15850 2386424177
2 15852 -9832030
2 15856 6064979898
2 15858 2181580581
2 15860 3526145454
2 15862 3814031462
2 15864 4067869876
2 15870 3184534862
2 15872 14947401296
2 15876 5909863457
2 15878 3520915767
2 15880 640975569
2 15884 4521069135
2 15886 5906143287
2 15888 4423396518
2 15890 1214119570
2 15892 5903913431
2 15894 11442014
2 15900 3807670406
2 15904 5899458768
2 15906 -85465416
2 15908 3418489047
2 15910 4422925469
2 15912 4422369545
2 15914 5511694824
2 15916 5197625827
2 15918 1880892616
2 15920 3112168723
2 15922 5297450915
2 15924 5892049250
2 15928 5688897556
2 15930 4417372518
2 15932 5889090650
2 15934 2661659776
2 15936 5607585398
2 15938 1730330881
2 15940 348047918
2 15946 3653163790
2 15948 3942758007
2 15950 4411833493
2 15952 8822560704
2 15958 3949752027
2 15960 3527255348
2 15962 4187515055
2 15964 5041096775
2 15966 15024386
2 15968 5265923197
2 15970 5875077786
2 15972 2736317828
2 15974 5873606626
2 15976 8809306983
2 15980 3957292568
2 15982 3400056290
2 15984 5869931948
2 15988 -208647873
2 15990 3520637608
2 15994 1855358735
2 15996 4399146299
2 15998 2923679316
2 16000 8796093022
2 16002 2859110001
2 16006 5861863817
2 16008 4395848589
2 16010 5860399265
2 16014 2829993099
2 16016 4393652858
2 16020 2915076200
2 16024 8782918644
2 16030 2640824404
2 16032 3443692983
2 16036 4950372884
2 16038 5348809413
2 16040 1340941371
2 16042 204929364
2 16044 2450552051
2 16046 4269366117
2 16048 5846522448
2 16050 3135845981
2 16054 3808746846
2 16056 3793729860
2 16058 4382161179
2 16060 4381615453
2 16064 3417781520
2 16066 3995736577
2 16068 2901954302
2 16070 -1427509313
2 16072 5837791951
2 16074 4102420120
2 16080 3871682419
2 16082 4375621451
2 16086 2480238381
2 16088 8747979137
2 16090 5831261172
2 16092 4580997935
2 16094 4773827254
2 16096 8743631235
2 16100 4370729452
2 16102 4390941184
2 16104 3751607049
2 16110 3577537038
2 16112 5823298923
2 16114 1520829201
2 16116 3520471454
2 16120 4365306713
2 16124 3429995610
2 16126 -122977864
2 16128 7156864518
2 16130 5816800511
2 16132 4938370081
2 16136 8721956393
2 16140 1915661759
2 16142 3291176502
2 16144 8717634313
2 16146 4358277232
2 16148 4738979534
2 16150 4357197784
2 16152 -180493801
2 16154 4925115863
2 16156 4210129452
2 16160 5243692808
2 16164 4339250050
2 16166 5535245341
2 16168 5803129159
2 16170 3481446837
2 16172 879944950
2 16176 3663968235
2 16180 3628042712
2 16182 4348581399
2 16184 4709703572
2 16188 2747605975
2 16190 -1723054326
2 16192 5794527683
2 16198 4344285972
2 16200 5791666188
2 16206 3254453004
2 16208 8683211276
2 16210 2067481247
2 16212 2831083376
2 16214 5001941243
2 16218 3839057004
2 16220 5784524800
2 16224 5783098635
2 16226 4336789362
2 16230 413372824
2 16232 8670372619
2 16236 4334118268
2 16238 2076092627
2 16240 4333050752
2 16244 3861094611
2 16248 121826796
2 16250 3613583517
2 16252 3898299882
2 16254 4329318580
2 16256 7396435778
2 16258 391000723
2 16260 3430638324
2 16262 4493492273
2 16264 4569028358
2 16268 5381129708
2 16270 -779887836
2 16272 5379018558
2 16274 4063012126
2 16276 3172365670
2 16280 4322404435
2 16282 2070124292
2 16284 4321342680
2 16286 -295471605
2 16288 262694274
2 16290 2059816247
2 16296 2753952054
2 16298 3918316946
2 16300 5240968534
2 16302 3453256984
2 16304 8632083437
2 16306 3121787465
2 16308 5753310782
2 16310 3064915472
2 16318 4492237939
2 16320 4311810305
2 16324 4310753749
2 16326 3193963945
2 16328 5746263612
2 16330 3141561446
2 16332 4484797392
2 16336 8615174361
2 16338 1656029674
2 16340 4306532692
2 16344 4263722435
2 16346 1196407320
2 16348 5739233682
2 16350 3812379981
2 16352 5737829760
2 16354 4302846043
2 16356 4302319894
2 16360 4062932274
2 16362 4743288775
2 16366 3176253686
2 16368 4299165700
2 16370 -81356483
2 16376 5002734054
2 16378 4974140054
2 16380 3436812904
2 16388 3456226519
2 16390 3392870398
2 16392 5723828224
2 16394 466034100
2 16398 5721733885
2 16400 5721036112
2 16402 5720338511
2 16404 5719641078
2 16406 3413420705
2 16408 3743167082
2 16410 326149528
2 16412 3329754613
2 16414 2198428985
2 16416 5715460054
2 16420 394339701
2 16422 3428023102
2 16426 3969823317
2 16428 259419082
2 16430 3578152138
2 16432 5709894855
2 16434 3348748152
2 16436 -19364743
2 16440 1848218507
2 16448 6185069499
2 16450 4082725606
2 16452 4879276828
2 16454 -35386889
2 16456 5426188274
2 16458 2547916013
2 16460 403763000
2 16464 2997209333
2 16468 5043533814
2 16470 3295020599
2 16472 5696029156
2 16476 -131985808
2 16478 3414363427
2 16480 5322086385
2 16482 3181074281
2 16484 2410635325
2 16488 5346323502
2 16490 3767487046
2 16492 4266841148
2 16496 2218196859
2 16498 5124872572
2 16500 2464626524
2 16502 4261515476
2 16506 3292826461
2 16510 2360740804
2 16512 5682230635
2 16514 2942046304
2 16520 3959460885
2 16522 72686033
2 16524 3808632461
2 16528 -376171460
2 16530 3405625854
2 16534 147790565
2 16536 4255487674
2 16540 84702527
2 16542 4584237101
2 16544 5671239860
2 16548 3096576933
2 16550 1829786303
2 16554 3194875852
2 16558 -30794044
2 16560 4249320302
2 16562 5665076214
2 16564 4877818607
2 16566 2297573811
2 16568 4741732678
2 16570 5662341113
2 16572 -98066325
2 16576 5660291520
2 16578 1559922107
2 16580 2669789087
2 16584 13892866
2 16588 4242147588
2 16590 2133250088
2 16592 5654833188
2 16596 99722469
2 16598 1667727319
2 16600 5652107966
2 16604 -106810445
2 16606 3381761624
2 16608 5196141048
2 16610 4236528850
2 16614 3668869165
2 16616 5263095923
2 16618 252171459
2 16620 2343544582
2 16624 -654142666
2 16626 3562780494
2 16630 4915225164
2 16632 4230924976
2 16638 3148517676
2 16640 5638521168
2 16642 5637843543
2 16644 3060266123
2 16646 4227366585
2 16650 4226351003
2 16652 3910571725
2 16654 -33076827
2 16656 4383566226
2 16660 4223814177
2 16666 1336500109
2 16668 2942403206
2 16670 5628373860
2 16672 106949314
2 16674 2297008784
2 16676 4002075047
2 16678 3897923712
2 16680 2969211158
2 16682 1148923421
2 16684 5057011242
2 16686 4168555086
2 16688 4895616411
2 16690 5621629253
2 16692 3746107922
2 16694 2773880414
2 16696 8429413534
2 16698 3090334384
2 16700 4640742977
2 16702 -195286841
2 16704 5616917640
2 16710 3296869325
2 16712 8421343248
2 16714 2513097274
2 16716 2975181493
2 16718 2311295539
2 16720 4208656949
2 16722 4350812585
2 16724 5610200446
2 16728 4206644200
2 16730 2956602820
2 16732 5607518064
2 16736 6631217258
2 16740 4203628685
2 16742 35141578
2 16744 4202624473
2 16748 4951426232
2 16750 5388463911
2 16752 -8539291
2 16756 5599486289
2 16758 4199113510
2 16760 3415879984
2 16762 975385942
2 16764 2928300560
2 16766 3367102975
2 16768 8393218533
2 16770 2189278587
2 16772 3355068019
2 16776 4425202259
2 16780 -123246504
2 16784 8385217371
2 16786 2689037590
2 16788 -125380170
2 16790 2905919194
2 16794 1496316479
2 16796 4189613254
2 16798 4587340143
2 16800 4188615727
2 16802 2860880258
2 16808 3424882694
2 16810 66814602
2 16812 3594089224
2 16814 -130835147
2 16816 6903945554
2 16820 19565493
2 16822 4100037458
2 16824 960127569
2 16826 5078840084
2 16828 578371924
2 16830 3344919510
2 16832 7169645102
2 16834 2201237680
2 16836 4179659312
2 16840 68245766
2 16842 2679700432
2 16848 5568909796
2 16850 1504767411
2 16852 2422984466
2 16854 -123507904
2 16856 5566266744
2 16860 16684625
2 16864 5563626200
2 16866 5562966456
2 16870 3380756217
2 16872 4170741120
2 16874 3870908025
2 16878 3080030787
2 16880 3427504440
2 16882 -44401282
2 16884 3376666305
2 16890 532521618
2 16892 4814401277
2 16896 9391508697
2 16898 3253600174
2 16900 4086459518
2 16902 4824431176
2 16906 4766522959
2 16908 5549147873
2 16910 3420351386
2 16912 5547835397
2 16918 2554459834
2 16920 4158909231
2 16926 3325947970
2 16928 8313887545
2 16930 3153733651
2 16932 3259315881
2 16936 5539973562
2 16938 104422768
2 16940 3066310632
2 16942 4248909656
2 16944 2726164822
2 16946 4035881285
2 16948 5125079937
2 16950 3518914303
2 16952 5534744706
2 16954 3592003865
2 16956 5533439033
2 16958 4094511971
2 16960 5532133976
2 16962 72935609
2 16966 3005918814
2 16968 3397819479
2 16970 5528874028
2 16974 4145678342
2 16976 -129094348
2 16978 5526268833
2 16980 1538562909
2 16982 5524967156
2 16984 4534057488
2 16986 2893211076
2 16988 5339420235
2 16992 5521715646
2 16994 3206678949
2 16996 -336800388
2 17000 5519117191
2 17004 4138364160
2 17006 2002016756
2 17008 7025243276
2 17010 3080919805
2 17014 4063093148
2 17016 -119603235
2 17018 3317767565
2 17020 4134473808
2 17024 5511336480
2 17028 4132531372
2 17030 1784825877
2 17034 713168030
2 17038 1297511314
2 17040 3438735281
2 17046 4336614973
2 17048 8255366515
2 17050 4127199072
2 17052 4126715002
2 17056 5500996262
2 17060 4588982799
2 17062 5499061789
2 17064 5146391492
2 17066 3396643097
2 17068 3027288821
2 17070 -46771825
2 17072 5197284590
2 17076 -11075482
2 17080 2870411399
2 17082 1772247348
2 17088 4703680917
2 17090 5490052208
2 17094 3293260523
2 17098 3365393538
2 17100 4115131239
2 17102 3024620153
2 17104 8228337720
2 17108 3752046381
2 17110 4112726136
2 17112 4112245452
2 17114 4437939500
2 17116 2083237416
2 17118 2380096164
2 17120 4642742779
2 17122 -124441709
2 17124 129424688
2 17130 1259345730
2 17134 1990577515
2 17136 4106486007
2 17138 4106006781
2 17140 -65897081
2 17144 8209139545
2 17148 1690124459
2 17150 4910713617
2 17152 8205310655
2 17154 1739463037
2 17158 2525272856
2 17160 3280594134
2 17164 1738329424
2 17168 5465109055
2 17170 3222675502
2 17172 5463836027
2 17174 3561751308
2 17176 4340846156
2 17178 182869155
2 17180 3491505451
2 17182 4584785805
2 17184 4112736810
2 17186 4403400479
2 17190 876847213
2 17192 4318888133
2 17196 5456210295
2 17200 5454941409
2 17202 3064744383
2 17204 4090254837
2 17206 1577497829
2 17208 3451086672
2 17212 2658077550
2 17214 4087878715
2 17216 7188047158
2 17220 2291643463
2 17222 3124574726
2 17226 4085031012
2 17228 4946417547
2 17232 948304735
2 17234 76238808
2 17236 5222355114
2 17238 3377396976
2 17240 2275533975
2 17242 5441653650
2 17244 4025815585
2 17248 5439760682
2 17250 2515139003
2 17252 2758981520
2 17256 3181444239
2 17260 45409671
2 17262 1845330977
2 17264 5189822158
2 17266 76887806
2 17268 -16484716
2 17270 2825084794
2 17272 3476182790
2 17276 96655768
2 17278 2753699138
2 17280 5429687052
2 17284 4168371614
2 17286 3254320527
2 17290 3255928016
2 17292 3039925005
2 17296 5424664214
2 17298 4300169443
2 17300 1826195876
2 17302 -7588142
2 17304 3471278761
2 17306 910411757
2 17310 972238710
2 17312 91271560
2 17314 5419024618
2 17316 4063799040
2 17318 -109284533
2 17320 2358700128
2 17324 5415896574
2 17328 2971872528
2 17330 5414021480
2 17332 3948081566
2 17334 4633496640
2 17336 3079040763
2 17340 2934306837
2 17342 4057706390
2 17344 1840968401
2 17346 4056770680
2 17350 5407780533
2 17352 3175096685
2 17358 2013948280
2 17360 4053499090
2 17364 -409456660
2 17366 -26573115
2 17368 3854373785
2 17370 1364841175
2 17372 5262259654
2 17374 3639451343
2 17376 4646151215
2 17380 2961146098
2 17384 5397203879
2 17388 4046971717
2 17390 3851496675
2 17392 4818151221
2 17394 2612707567
2 17400 4044180702
2 17402 2479507420
2 17404 1865224188
2 17406 1844769516
2 17408 9175762017
2 17410 5389143724
2 17412 4138986214
2 17416 2874220694
2 17420 3633931507
2 17422 585895985
2 17424 5384813604
2 17430 2173791367
2 17434 132566506
2 17436 -93623971
2 17440 5379873408
2 17442 4034442392
2 17444 4637622493
2 17446 3005633111
2 17448 49993600
2 17450 3212884183
2 17456 8062413403
2 17458 4030744885
2 17460 2780744678
2 17464 4639444868
2 17466 1640695390
2 17468 4134549694
2 17470 5370634931
2 17472 4027515120
2 17476 3451304652
2 17478 3752662735
2 17480 4025671865
2 17484 3850060622
2 17486 -295230583
2 17488 6594776937
2 17490 2088148909
2 17496 8043980816
2 17498 3896725762
2 17500 5361428129
2 17504 2224259554
2 17508 5358978309
2 17510 3172855924
2 17512 2336491715
2 17514 2989923129
2 17516 5356530728
2 17518 1182270113
2 17520 2539001215
2 17524 1954126068
2 17526 2113657372
2 17528 2458495454
2 17530 5352252837
2 17532 1976788979
2 17534 4596450910
2 17536 8025632320
2 17538 1595211616
2 17540 -463675702
2 17542 3904174036
2 17544 3855163197
2 17546 2344491748
2 17548 3853562109
2 17550 4009615055
2 17552 6540836720
2 17554 3965705001
2 17556 3206595771
2 17560 -7098781
2 17568 5340675788
2 17570 2748834562
2 17572 4303311024
2 17574 2678599717
2 17576 -400562898
2 17578 3661295581
2 17580 222333875
2 17582 5336423174
2 17584 4162106974
2 17586 2184222464
2 17592 41669581
2 17594 2646137459
2 17596 3092106499
2 17598 -95130927
2 17600 5330965468
2 17602 251623729
2 17604 4271421667
2 17608 2263775566
2 17610 41233358
2 17612 3995499898
2 17616 946662902
2 17618 4201651346
2 17620 -959527164
2 17622 3089947319
2 17626 -489775289
2 17628 2761271903
2 17630 3991420544
2 17632 5321290395
2 17640 3989157833
2 17644 58826110
2 17646 2936522079
2 17648 7974699023
2 17650 1997886382
2 17652 -31922276
2 17654 3409596070
2 17658 4064763565
2 17660 -20793720
2 17664 6168474071
2 17666 537513003
2 17668 1424868003
2 17670 3185908057
2 17672 917568419
2 17676 3358928112
2 17680 3980132589
2 17682 1655697520
2 17686 3706268619
2 17688 3401934164
2 17690 3382544208
2 17694 -234616021
2 17696 4735405527
2 17700 3975635265
2 17702 3528283679
2 17706 2155428825
2 17708 5298452239
2 17710 3178712331
2 17712 5297255659
2 17714 149636754
2 17716 5296059621
2 17720 2713520854
2 17724 2295908292
2 17728 7295941519
2 17730 2231636147
2 17732 3968460646
2 17736 1474292164
2 17738 5289491050
2 17740 2187238417
2 17744 18665622
2 17746 560194653
2 17748 3964883039
2 17750 941112765
2 17752 2661842914
2 17754 2355434656
2 17756 4288457693
2 17758 1320803841
2 17760 3962204064
2 17762 3195069508
2 17766 3739673111
2 17772 5279371609
2 17776 4730324789
2 17780 3186364020
2 17782 2627825005
2 17784 3956856960
2 17790 497018939
2 17792 7910155596
2 17794 3954633257
2 17796 46674737
2 17798 273461970
2 17800 4509417682
2 17802 3952856095
2 17806 539351946
2 17808 3698540127
2 17810 2207013302
2 17812 4763032580
2 17816 4064367309
2 17818 5265742073
2 17820 3948863311
2 17822 3037696503
2 17824 2650524693
2 17832 90257093
2 17834 4137150276
2 17836 4526973124
2 17838 4500061719
2 17840 1500752278
2 17842 -566382623
2 17844 5258069505
2 17848 4290626166
2 17850 3153781254
2 17854 4055208864
2 17856 5254535856
2 17860 3511607426
2 17862 1548264553
2 17864 3939137046
2 17868 -572111354
2 17872 5558704086
2 17874 2547881301
2 17876 5248656984
2 17878 -336866142
2 17880 3230821796
2 17884 3447682245
2 17886 875569019
2 17888 5245135970
2 17892 3228182218
2 17894 3184423424
2 17898 3931654050
2 17900 2680555449
2 17904 3282310478
2 17906 -31259646
2 17908 5239278101
2 17910 1816307899
2 17914 5237523291
2 17916 -575938469
2 17918 4068745634
2 17920 10730503966
2 17922 3188669012
2 17928 4827827256
2 17930 3013913491
2 17934 3305725026
2 17936 5231099033
2 17940 3137959608
2 17946 5228184121
2 17948 3063756766
2 17950 5019441543
2 17952 3919827550
2 17954 1261462675
2 17958 3128516516
2 17960 3758793528
2 17962 -470117917
2 17964 2683055997
2 17966 968521486
2 17968 -521241892
2 17970 9365879
2 17974 3915029720
2 17976 2013145710
2 17978 3103601492
2 17980 3913723260
2 17982 962766365
2 17984 2225329516
2 17986 3739077275
2 17988 1504228120
2 17990 1752000824
2 17992 2023207171
2 17996 3395314966
2 18000 5028283242
2 18004 -651789932
2 18012 2638061053
2 18016 4922316938
2 18018 3124375369
2 18020 3291410601
2 18024 379095307
2 18030 202696813
2 18032 5203249348
2 18034 2174752367
2 18036 1404654468
2 18038 2162049508
2 18040 3900706440
2 18042 434617124
2 18044 5199788974
2 18046 -613664392
2 18048 5198636539
2 18050 3297787261
2 18054 3610539386
2 18056 5196333200
2 18060 2139589348
2 18062 -44582934
2 18064 6313568233
2 18070 2773200240
2 18072 986392830
2 18074 -621718943
2 18078 3634701090
2 18080 3664657112
2 18084 3314817393
2 18088 3890355163
2 18090 3185134757
2 18094 2962346995
2 18096 3888635289
2 18100 4173251406
2 18102 410207089
2 18104 5182555913
2 18106 32897022
2 18108 3251680907
2 18110 5180838887
2 18112 5585724459
2 18116 1259214086
2 18120 3883484778
2 18122 3883056186
2 18124 3759146849
2 18126 3669171119
2 18128 4469277223
2 18130 3881342758
2 18132 -99630709
2 18140 -3932689
2 18142 3252935351
2 18144 5171130525
2 18146 2619920276
2 18148 1966938790
2 18150 3150379221
2 18154 2437162764
2 18156 3029865817
2 18158 5167143531
2 18160 5166574463
2 18162 1441534873
2 18164 3988361307
2 18166 3133766491
2 18168 71210094
2 18170 3082318889
2 18172 1525151840
2 18174 2815961251
2 18176 7743039632
2 18178 3508831163
2 18180 2836390202
2 18186 87105243
2 18190 3212320306
2 18192 3473179883
2 18194 1151802669
2 18198 2880502272
2 18200 3866414516
2 18202 3290880106
2 18204 3865564942
2 18208 7729431478
2 18210 1595292497
2 18212 5151822548
2 18214 2301341267
2 18216 3863018455
2 18220 -149367044
2 18224 5002144222
2 18226 3887806405
2 18228 3860475323
2 18232 5146171142
2 18234 3977998246
2 18236 1257619288
2 18238 1664523181
2 18240 3857935536
2 18242 -260266388
2 18250 4168117697
2 18252 5140532119
2 18256 3751104336
2 18258 2059819073
2 18260 3007791250
2 18262 3076486641
2 18264 603494351
2 18270 3081280534
2 18272 5731682738
2 18276 -28882903
2 18278 3849914880
2 18280 2222770415
2 18282 1667597047
2 18284 5131535345
2 18286 4199092100
2 18288 3825110845
2 18290 3363148090
2 18292 3767020564
2 18298 5127609151
2 18300 3352463588
2 18304 5125928335
2 18306 4136555425
2 18308 3778013910
2 18312 3116080144
2 18316 3846157797
2 18318 2213253248
2 18320 3042261840
2 18324 1601063127
2 18326 3839831070
2 18328 4204909808
2 18330 2401523171
2 18334 2632800129
2 18336 1900243725
2 18338 2737807824
2 18340 2122583254
2 18342 5115308704
2 18348 2575168100
2 18350 41947467
2 18352 5112521374
2 18354 2086380249
2 18356 2666014444
2 18358 2374786992
2 18360 3832720271
2 18368 5108067957
2 18370 2887609867
2 18372 -125337657
2 18378 3516241621
2 18380 5104732984
2 18382 2878542653
2 18384 -58807852
2 18386 1526993191
2 18390 530645063
2 18392 4908923994
2 18394 -20609185
2 18396 2701352271
2 18400 5099184362
2 18404 2252575181
2 18408 3329903238
2 18410 2173483217
2 18414 3821480622
2 18416 1195255782
2 18420 2361537592
2 18422 5093094792
2 18424 5092541916
2 18426 2570422524
2 18428 341116177
2 18430 3404111501
2 18432 8128320394
2 18434 2328557823
2 18436 2855347351
2 18438 98474565
2 18440 3717036774
2 18444 3124378955
2 18446 1266455604
2 18448 1110226375
2 18450 3814024076
2 18452 3636361251
2 18456 3148288796
2 18458 258536839
2 18460 2386110804
2 18462 2246369231
2 18464 3550022137
2 18466 5080959181
2 18468 4187851058
2 18470 5079858812
2 18476 4373418855
2 18480 3046265984
2 18486 2750611953
2 18490 -33874399
2 18492 2904836851
2 18494 -48698108
2 18496 6882390433
2 18500 5071621203
2 18502 140257229
2 18504 2048313995
2 18506 2180409447
2 18508 2441294015
2 18510 45171202
2 18512 3560578991
2 18516 -104734918
2 18518 2909148925
2 18520 5066144289
2 18522 671386586
2 18524 106659713
2 18526 5064503522
2 18528 3363273758
2 18530 2145078831
2 18532 5062863817
2 18536 -62365745
2 18538 3795918881
2 18540 3113035586
2 18542 3610051860
2 18544 5059587588
2 18546 -125068010
2 18550 3198124851
2 18552 1542252592
2 18558 2138406431
2 18560 5055225876
2 18564 3032481975
2 18568 4642266407
2 18570 2324062546
2 18574 2425059495
2 18576 5050871675
2 18578 -706830650
2 18580 -619557009
2 18582 2756098700
2 18584 4648646844
2 18588 83357453
2 18590 2939382195
2 18592 3697352655
2 18594 -279297179
2 18598 -274857630
2 18600 3783265816
2 18602 2461997114
2 18606 409742299
2 18608 6097963438
2 18612 3280954966
2 18614 138268079
2 18616 2476720051
2 18618 618100850
2 18620 3779202160
2 18624 4123547696
2 18626 687632314
2 18630 3777173602
2 18632 2153802296
2 18634 2445967643
2 18636 5034610016
2 18640 3783991132
2 18642 1968555698
2 18644 2750658436
2 18648 3773527680
2 18650 2755575653
2 18656 5029212706
2 18658 2559783422
2 18660 1271404295
2 18662 2206488341
2 18666 2292409175
2 18668 1109079207
2 18672 812048377
2 18676 3767870218
2 18678 1437606491
2 18680 5022751191
2 18684 3068353228
2 18688 7530901560
2 18690 1762499779
2 18694 -117169937
2 18696 3763839548
2 18700 3763034448
2 18702 3767304208
2 18704 3164116896
2 18706 20880444
2 18708 -776587314
2 18718 -2603488
2 18720 3759014112
2 18722 3758612553
2 18724 5010948102
2 18732 1928834518
2 18734 3756204985
2 18736 -139863535
2 18738 2067158438
2 18740 5006669811
2 18744 2776681005
2 18746 1406580328
2 18748 4083241442
2 18750 1279528941
2 18752 7505198824
2 18756 27591640
2 18758 2310959868
2 18760 2738238621
2 18762 2880031032
2 18766 -462400057
2 18768 3749400265
2 18770 4998667675
2 18772 3516131812
2 18774 1824943042
2 18778 3087405796
2 18780 834540208
2 18784 19946112
2 18786 2835084076
2 18788 3178769301
2 18792 4992815680
2 18796 3803738592
2 18798 3590871902
2 18800 4990691077
2 18802 2482561300
2 18804 4989629453
2 18810 2992822722
2 18814 1573621351
2 18816 4986447292
2 18820 -475001121
2 18824 1692962981
2 18828 2674514797
2 18830 2476996068
2 18832 3562702722
2 18834 2362021542
2 18836 2688493170
2 18840 3735071347
2 18844 -43611269
2 18846 3045469756
2 18848 4977981338
2 18850 3733089879
2 18852 -835951971
2 18854 2405242090
2 18858 3731506215
2 18860 3731110510
2 18864 4173802541
2 18868 3996142958
2 18870 2387391163
2 18872 1488461425
2 18876 2664970464
2 18880 4969544081
2 18882 3843071906
2 18886 2785546982
2 18888 3799830796
2 18894 886609893
2 18896 4741219253
2 18898 548071344
2 18900 3723213979
2 18902 2963060931
2 18904 3938248602
2 18906 1550497001
2 18908 4578128053
2 18910 3051573728
2 18912 3337511941
2 18914 3881562722
2 18918 4959561911
2 18920 3719278234
2 18924 2335143168
2 18928 4956941686
2 18930 -335143596
2 18936 1581493023
2 18938 262023733
2 18940 2140054087
2 18942 1070518387
2 18944 9531627130
2 18948 -75131929
2 18950 1268145920
2 18952 3862975993
2 18954 4448783588
2 18956 32980758
2 18960 2623743221
2 18962 1876613755
2 18964 3065194682
2 18966 2622569089
2 18970 1358210484
2 18972 3709084134
2 18974 166772453
2 18976 5125709509
2 18980 2947744374
2 18984 1127227981
2 18986 -124272943
2 18988 1175409024
2 18990 2228088799
2 18992 997122224
2 18996 88670053
2 18998 3257227210
2 19000 2628800475
2 19006 3702448920
2 19008 4936079137
2 19012 4089121890
2 19018 1012328891
2 19020 14336365
2 19024 4931927684
2 19026 3698556932
2 19028 3692146210
2 19030 626816159
2 19032 3196032479
2 19034 1707239032
2 19038 1349005492
2 19040 3695837405
2 19044 3362539688
2 19046 2993038674
2 19050 2575632785
2 19052 76326433
2 19054 1043910540
2 19056 2988988553
2 19058 3663070131
2 19060 1192506105
2 19062 290929808
2 19068 1936388571
2 19072 7379272670
2 19074 2521641024
2 19076 1058631276
2 19080 2787564706
2 19082 2876597833
2 19084 1583800690
2 19088 7373087194
2 19090 1073747968
2 19092 3685771223
2 19096 3684999172
2 19098 1898745276
2 19100 3063463833
2 19104 2670679167
2 19106 2842627562
2 19108 3268383224
2 19110 2945839633
2 19114 4217819399
2 19116 4583598901
2 19118 3372791259
2 19120 345199567
2 19124 -58433670
2 19126 2764036287
2 19128 -9197621
2 19134 2270650775
2 19136 4903061885
2 19138 -910327590
2 19140 2941222327
2 19142 407928812
2 19150 3998952790
2 19152 3674224320
2 19154 4239206176
2 19158 201985869
2 19160 1388816622
2 19162 3112175456
2 19164 -104384976
2 19166 -575704994
2 19168 -4238450
2 19170 2205459173
2 19176 3114665073
2 19178 3557256328
2 19180 2152634430
2 19182 1457344192
2 19184 4297646195
2 19186 1130223902
2 19188 3667330841
2 19190 2499340192
2 19194 494362249
2 19198 3669022111
2 19200 7406836059
2 19206 3041615573
2 19208 -48222678
2 19210 3507307747
2 19212 -135170138
2 19214 2058890368
2 19216 -1001133000
2 19220 3416318141
2 19222 3065700407
2 19224 3631079080
2 19228 3659701695
2 19230 684088647
2 19232 3234198285
2 19234 3318418187
2 19236 132402238
2 19240 3657419136
2 19242 -169078968
2 19244 1896229689
2 19248 2976378602
2 19250 2964633322
2 19256 3143023672
2 19260 2854489723
2 19264 4870483401
2 19266 2738177080
2 19270 2137367858
2 19272 2186031042
2 19274 1085269009
2 19276 4052197023
2 19278 3221797935
2 19280 4866441506
2 19282 20257623
2 19284 -947445005
2 19290 1746490621
2 19292 3439983341
2 19294 4862910347
2 19296 1542041926
2 19300 1907102621
2 19304 3599255133
2 19306 206104426
2 19308 538191
2 19312 3950037592
2 19314 3643406038
2 19316 147757251
2 19318 2847553950
2 19320 2913819637
2 19328 7281533959
2 19332 3774493323
2 19334 4852849500
2 19338 2198091219
2 19340 -319056966
2 19342 -2756166
2 19344 3637755593
2 19346 4849839360
2 19348 129542519
2 19350 2931837311
2 19352 3877568633
2 19356 31951052
2 19360 4341848979
2 19362 133523993
2 19364 1887898100
2 19366 868599157
2 19368 3457086312
2 19370 2732348089
2 19372 3374661813
2 19376 3426492928
2 19380 2904798522
2 19382 -362730727
2 19386 4363831607
2 19388 3243490831
2 19390 -129060043
2 19392 3670726560
2 19396 4046857834
2 19398 939552783
2 19400 4269700111
2 19402 1843797795
2 19404 3626507121
2 19406 1814302594
2 19408 4618595784
2 19410 84952543
2 19412 4833350106
2 19414 1962529134
2 19416 2367621260
2 19418 2940513298
2 19420 302937897
2 19422 2805208663
2 19424 -321637010
2 19426 226831648
2 19428 -108600682
2 19430 2657443583
2 19432 4828375476
2 19434 2916118638
2 19436 4169042453
2 19440 2527953175
2 19446 1720639164
2 19448 3618302356
2 19450 1409371741
2 19452 -780924816
2 19454 1401841324
2 19456 7233629130
2 19458 3616442809
2 19460 2585245420
2 19462 171964527
2 19464 -1004604198
2 19468 4064865972
2 19470 989922676
2 19472 7227685310
2 19474 1780661264
2 19476 158106338
2 19480 802998633
2 19482 713359186
2 19488 3610875627
2 19490 4814006786
2 19492 2494723424
2 19494 2544020211
2 19500 2818174188
2 19502 1816348150
2 19504 4810551285
2 19510 4809071874
2 19512 1045826639
2 19514 -84527389
2 19516 3605695030
2 19520 4313785231
2 19522 93486389
2 19524 128567262
2 19526 -265212232
2 19530 2882488243
2 19532 1486544098
2 19536 3602003696
2 19540 1732631583
2 19544 1705681570
2 19546 2655713894
2 19548 3470899001
2 19550 3599424256
2 19552 4614525092
2 19558 1855220019
2 19560 1590638975
2 19564 2521266535
2 19566 -546553888
2 19568 3633691904
2 19570 2642933778
2 19572 2427769869
2 19578 177170091
2 19580 2176594415
2 19584 4790900340
2 19586 4790411122
2 19588 3487802104
2 19590 -656593857
2 19592 4788944072
2 19594 2363953668
2 19596 2341436409
2 19598 -235118059
2 19600 4786989401
2 19602 3963611032
2 19604 4786012663
2 19608 3588777245
2 19610 1631902002
2 19614 1199476142
2 19616 5914568405
2 19618 670828404
2 19620 3019942577
2 19624 2989583543
2 19628 233968664
2 19630 3584755181
2 19632 46692615
2 19638 3422177531
2 19640 138360004
2 19642 2117249955
2 19644 -114240040
2 19646 3397619375
2 19648 1551957219
2 19650 1493674661
2 19654 -107880665
2 19656 3580013440
2 19660 3093360591
2 19662 2578965846
2 19664 -48148548
2 19668 1887321909
2 19670 1515247389
2 19674 36174465
2 19680 3575647570
2 19682 4062255343
2 19684 3574920960
2 19686 1296555114
2 19688 3228964777
2 19690 805475952
2 19692 25390641
2 19694 2372890513
2 19696 -14672152
2 19698 2404771712
2 19700 3363689765
2 19704 32594419
2 19706 3075112171
2 19708 1329895305
2 19710 2482516748
2 19712 5880053421
2 19716 509988277
2 19720 3568394735
2 19722 1197787334
2 19726 4756412463
2 19728 3685870831
2 19734 2852690553
2 19738 2271726087
2 19740 1795838857
2 19744 3477504669
2 19746 -833341096
2 19750 3517416561
2 19752 2422054681
2 19754 2262677192
2 19756 4749189727
2 19758 2848855692
2 19760 3561171264
2 19762 4747747812
2 19764 4747267368
2 19768 1300915302
2 19770 -149496621
2 19776 1688749610
2 19778 3557930235
2 19780 3557570484
2 19782 1993002321
2 19786 6972393
2 19788 2765652850
2 19792 2317743146
2 19796 4113993101
2 19798 1636464434
2 19800 3553976980
2 19808 5138374937
2 19810 825486828
2 19812 2901089603
2 19818 786169523
2 19820 1988452745
2 19822 2790256104
2 19824 2830420004
2 19826 583660699
2 19830 -528801658
2 19832 3855047432
2 19834 1980101671
2 19836 3547526931
2 19838 1289642335
2 19840 5738048800
2 19844 3513674421
2 19848 275333657
2 19850 2969340087
2 19852 2098088666
2 19854 47988357
2 19856 3042987629
2 19860 2010238004
2 19864 3466891092
2 19866 2588838760
2 19872 4721467001
2 19874 323606850
2 19880 2690678373
2 19884 -13880080
2 19886 2022943236
2 19888 3192890258
2 19890 1849518194
2 19894 3312647075
2 19896 -533995225
2 19900 2268414689
2 19902 882385934
2 19904 4969278695
2 19906 564386369
2 19908 2883962057
2 19910 832442619
2 19912 2312551201
2 19916 -96418505
2 19918 4743879
2 19920 2408699912
2 19922 50509556
2 19924 2837327646
2 19926 3862752968
2 19928 884245970
2 19932 3530440708
2 19936 3579518605
2 19940 4705365710
2 19942 4704893805
2 19944 2052336510
2 19950 2821804281
2 19952 4702535698
2 19954 2161304392
2 19956 -81214634
2 19958 43922907
2 19960 2512060242
2 19962 -248418527
2 19964 3524781816
2 19966 1473588355
2 19968 14611809128
2 19970 4698297058
2 19976 3360104309
2 19978 793714207
2 19980 3521959168
2 19982 253568015
2 19984 -742408308
2 19988 2685403271
2 19992 3519845149
2 19994 3018636016
2 19998 1171568918
2 20000 7036874418
2 20002 868361146
2 20004 -103997736
2 20006 -1123034426
2 20008 1004913458
2 20010 2813343097
2 20016 4687499612
2 20020 2811937830
2 20022 1573791013
2 20026 3513869181
2 20028 185312005
2 20030 -1128653807
2 20032 5773034031
2 20034 2916550590
2 20038 2845073366
2 20040 2019055278
2 20042 255866361
2 20046 594613895
2 20048 1815206341
2 20050 49024024
2 20052 316256757
2 20054 2982618936
2 20056 4678150790
2 20060 3055133364
2 20062 4676751682
2 20064 3507214125
2 20066 2208738023
2 20068 2612919626
2 20070 1546528630
2 20072 1014099570
2 20076 73868728
2 20080 40019845
2 20086 1963032702
2 20088 4670698538
2 20090 2521876855
2 20094 2076557405
2 20096 7003258776
2 20098 -75776344
2 20100 2746351618
2 20102 3103237152
2 20104 1755675348
2 20106 -1026410636
2 20108 39566292
2 20110 4665588873
2 20112 1640765726
2 20114 842776033
2 20116 1223314489
2 20118 317475675
2 20120 3099061506
2 20124 2805871459
2 20126 1635106177
2 20128 4661416547
2 20130 1232363564
2 20132 -155797397
2 20136 283179174
2 20140 3218600282
2 20142 2309947332
2 20144 6986571106
2 20146 -1155625410
2 20148 2232533174
2 20150 3492245370
2 20152 839711249
2 20160 3490513104
2 20162 -117336322
2 20170 4651710076
2 20172 -47895462
2 20174 2642172092
2 20176 4118448327
2 20178 3487399356
2 20180 -76953172
2 20184 -165436591
2 20188 3919679803
2 20190 1194431543
2 20192 4201862891
2 20194 86178575
2 20196 3484291157
2 20200 3439246984
2 20202 1666353432
2 20208 1838277301
2 20210 2990358749
2 20212 3951158090
2 20214 4641584656
2 20216 2372821308
2 20218 378297534
2 20220 1132935327
2 20224 6958934353
2 20228 1799064574
2 20230 1244555378
2 20232 1465974945
2 20234 3987411632
2 20240 3476716611
2 20242 1254065047
2 20244 1581734634
2 20246 50244783
2 20250 549835727
2 20252 3183980222
2 20254 3474313429
2 20256 2501112335
2 20258 -1181373865
2 20260 2166312915
2 20262 289922718
2 20264 -30930299
2 20268 2154285939
2 20272 2008541726
2 20274 1402194319
2 20276 3215110389
2 20280 2209800325
2 20284 1366223766
2 20286 3468832899
2 20288 562115395
2 20290 4624198730
2 20292 2304888973
2 20294 1106437533
2 20296 4622831703
2 20298 1893346698
2 20300 3466440602
2 20304 4621010257
2 20306 1901207854
2 20310 38374795
2 20314 -477975405
2 20316 3140801159
2 20320 2977164745
2 20322 -776674984
2 20328 690183290
2 20330 1983845726
2 20332 3460984860
2 20336 4613738800
2 20340 2410512611
2 20342 -1200499135
2 20350 3457923549
2 20352 5819270376
2 20356 2297971850
2 20358 801202060
2 20360 83329576
2 20364 4607395023
2 20366 58796801
2 20368 3889312245
2 20370 862174321
2 20372 3041377231
2 20374 3777414987
2 20376 24856686
2 20378 3913343815
2 20380 -1120726297
2 20382 1566740353
2 20384 4602874424
2 20388 4601971367
2 20394 2745672791
2 20398 2695205531
2 20400 3449448244
2 20406 1832317972
2 20410 2756872311
2 20412 4138616686
2 20414 268771674
2 20416 4595659886
2 20418 1632134055
2 20420 9922472
2 20424 3445394839
2 20426 4593409979
2 20430 1361732674
2 20432 -162159496
2 20434 -161073577
2 20436 1096151535
2 20438 2853416572
2 20440 2901372443
2 20444 2436346280
2 20448 3883677635
2 20450 879662178
2 20454 -275024764
2 20458 923865314
2 20460 2751466048
2 20462 -770359245
2 20464 6877320580
2 20466 120620174
2 20468 2527264619
2 20470 1960172761
2 20472 1758821375
2 20474 384732989
2 20480 14115346795
2 20482 3435638325
2 20484 3320344984
2 20488 3262488841
2 20490 578250633
2 20492 1496896599
2 20496 2522817184
2 20498 190920582
2 20500 4057778743
2 20502 1868078325
2 20504 4575936024
2 20508 30807251
2 20510 -196785598
2 20512 5395911835
2 20514 69933628
2 20516 447271374
2 20520 3429276032
2 20522 325150287
2 20524 422735116
2 20526 1302471889
2 20528 -303080896
2 20532 2831356353
2 20536 4568805621
2 20538 2370445015
2 20540 2511630644
2 20544 2757927314
2 20548 -213407124
2 20550 1583143061
2 20552 1104698195
2 20554 1490777958
2 20556 222424259
2 20558 -92159165
2 20560 10277780
2 20562 1159649174
2 20564 3113474054
2 20566 1520157341
2 20568 736997617
2 20570 2510216744
2 20572 2669391089
2 20574 4174039678
2 20576 4938437283
2 20580 2015171315
2 20582 2885472358
2 20584 3390543149
2 20586 604534577
2 20590 2959673715
2 20592 3417285557
2 20594 4555938247
2 20596 1377775361
2 20600 3468790269
2 20604 1513846865
2 20608 5468730739
2 20610 1575748542
2 20614 -714221004
2 20616 2581290160
2 20618 3790858597
2 20620 107628797
2 20622 1418120038
2 20624 57266622
2 20628 2354385189
2 20630 4547987990
2 20634 1601477025
2 20636 2918480488
2 20638 1894328110
2 20640 1944023211
2 20644 227622706
2 20646 3408347584
2 20648 3782373960
2 20650 2430167339
2 20654 4542703217
2 20656 5757410444
2 20658 1241276687
2 20660 662373542
2 20664 3405378638
2 20670 1996825536
2 20672 4538747690
2 20676 11941739
2 20678 3636906100
2 20680 2488437648
2 20682 2911327128
2 20688 901674673
2 20692 74897665
2 20696 1257418725
2 20698 520102689
2 20700 3399456241
2 20702 230423471
2 20704 458283992
2 20706 2718776941
2 20708 2641666385
2 20710 2420294753
2 20712 139291188
2 20718 2383541879
2 20720 3396174912
2 20722 2963587683
2 20724 2339534791
2 20726 747429262
2 20730 -133961736
2 20732 3443040877
2 20734 -1287701419
2 20736 6787108813
2 20740 1915420295
2 20746 3391918644
2 20748 2713273344
2 20750 2615153144
2 20752 -393276459
2 20754 2346449766
2 20758 2209098198
2 20760 1451583421
2 20762 -2886116
2 20764 2410798280
2 20768 3856722959
2 20770 1319866189
2 20772 1018138918
2 20774 2846021472
2 20776 3038548120
2 20780 3537638403
2 20784 17762879
2 20786 -90143354
2 20790 2707791986
2 20792 2742323166
2 20794 2679465232
2 20796 16224144
2 20800 9205257279
2 20804 1468377791
2 20806 2047127517
2 20808 3839411334
2 20812 3973981731
2 20816 102423162
2 20818 4506916718
2 20820 1311729785
2 20822 1721459738
2 20824 2409160115
2 20826 1913573919
2 20828 2694483423
2 20832 3377915907
2 20834 4503455518
2 20838 3376943285
2 20840 2347853652
2 20842 -163928990
2 20844 840972840
2 20846 -74639933
2 20848 -302164628
2 20850 2397479692
2 20852 -110731454
2 20856 2124490282
2 20860 1809173307
2 20862 2722323635
2 20864 6745470109
2 20868 1667881958
2 20870 4495687219
2 20874 656265631
2 20876 3703915745
2 20878 2679587571
2 20880 3370150583
2 20882 91892194
2 20884 1323424144
2 20888 3025047064
2 20892 48091480
2 20894 263512363
2 20896 6735140140
2 20898 713107754
2 20900 3366925560
2 20902 4488804528
2 20904 1888801678
2 20910 2245471488
2 20912 -548205246
2 20916 845378562
2 20920 523166902
2 20922 459237580
2 20928 2974463119
2 20930 2689679665
2 20934 4481942880
2 20938 1958671934
2 20940 52419536
2 20942 174982684
2 20944 3359852187
2 20950 -42219269
2 20952 4478092414
2 20956 4477237652
2 20958 42288425
2 20960 2469102716
2 20962 1218780388
2 20964 70355593
2 20966 4475102178
2 20970 1454237993
2 20972 3312164801
2 20976 3354726553
2 20978 23452223
2 20980 -149068053
2 20982 66997963
2 20984 3659717677
2 20986 4470837332
2 20988 2375288440
2 20992 8370004097
2 20996 3150449843
2 21000 2700157825
2 21004 1799878357
2 21006 1929055740
2 21008 4312149972
2 21010 1731437864
2 21012 2099440384
2 21014 2678988803
2 21016 3599849173
2 21018 1870543229
2 21020 2998290549
2 21022 -177907369
2 21024 3962884873
2 21028 2559058035
2 21030 -90941404
2 21032 1364939481
2 21034 -710911519
2 21036 63015897
2 21038 132777569
2 21040 3071817790
2 21042 1600197459
2 21046 3402106814
2 21048 4457667818
2 21050 -123224785
2 21052 1823951575
2 21054 2427991830
2 21056 4095839041
2 21060 2614659302
2 21068 1971328854
2 21070 3339760047
2 21072 1190448170
2 21074 1858926195
2 21076 3605826965
2 21078 104951112
2 21080 3338175720
2 21082 1378706684
2 21084 1049538509
2 21086 2984319290
2 21088 168964394
2 21090 1549022696
2 21094 894085536
2 21096 191683482
2 21098 1238869688
2 21100 2829991549
2 21104 6668758925
2 21106 2578632640
2 21108 -79013845
2 21112 3333115962
2 21114 3332800238
2 21120 9036198697
2 21122 226564974
2 21126 132856331
2 21128 2975989332
2 21132 305805559
2 21136 -104728472
2 21138 884722515
2 21140 3328701239
2 21142 549654607
2 21144 1058500649
2 21146 1878945382
2 21148 117738106
2 21150 2416403721
2 21152 4020701976
2 21154 4435331013
2 21156 3326183786
2 21158 2622566117
2 21160 2532624931
2 21164 3324926488
2 21166 409813847
2 21168 4432397593
2 21170 2478065410
2 21172 290376881
2 21180 21853916
2 21182 2154492602
2 21184 5089079310
2 21186 2121626603
2 21190 823646172
2 21192 -711896571
2 21196 221604695
2 21200 3967763402
2 21204 3318654226
2 21206 307666027
2 21208 4424037734
2 21210 1404633847
2 21216 3316777159
2 21220 1946603771
2 21222 3090959622
2 21224 19470808
2 21228 2227213777
2 21230 1612271329
2 21232 6628555405
2 21238 3313341379
2 21240 1835549772
2 21242 2690439237
2 21244 1698479212
2 21248 6784273030
2 21250 4415293752
2 21252 2648926943
2 21258 264565978
2 21260 2947901774
2 21264 2561832623
2 21266 106608881
2 21268 1066124676
2 21270 89490566
2 21274 4410312693
2 21276 2053945867
2 21280 3306801888
2 21284 2937385492
2 21286 235155827
2 21288 1580840128
2 21294 1403179367
2 21296 5520946442
2 21298 1513872856
2 21300 2396571342
2 21306 1550188208
2 21308 268521108
2 21310 4402862142
2 21312 4402448960
2 21318 2640725930
2 21320 3300597759
2 21322 -1412492870
2 21324 24551327
2 21328 4399146299
2 21330 2175182793
2 21336 2261060461
2 21338 2437909635
2 21340 1877247786
2 21344 4395848588
2 21346 57064124
2 21348 1453395112
2 21350 2541378988
2 21352 3338216970
2 21356 2617620130
2 21358 2712040481
2 21360 2692903336
2 21362 166767850
2 21364 1857233135
2 21366 -303891250
2 21372 1398279977
2 21376 4995725636
2 21378 65841349
2 21380 3597967424
2 21384 3368633411
2 21386 2909735956
2 21390 2631837090
2 21392 3130045671
2 21394 60571764
2 21398 -165147581
2 21400 2965509645
2 21402 3287951790
2 21406 1972465176
2 21408 110921260
2 21412 3375849415
2 21414 920269501
2 21420 2628151043
2 21424 3291745482
2 21428 2233346892
2 21432 2305829362
2 21434 4377390700
2 21436 3127443790
2 21438 1930950042
2 21440 3288477248
2 21442 4008742693
2 21448 3393696135
2 21450 2624475308
2 21452 807290887
2 21454 3123771482
2 21456 4372902324
2 21460 172068867
2 21462 3065731701
2 21470 1056399336
2 21472 3878125080
2 21474 -1443640229
2 21476 2299102441
2 21480 714948072
2 21482 1747416629
2 21484 779738695
2 21488 3432883193
2 21490 673984194
2 21492 1298526203
2 21494 158199778
2 21500 463017701
2 21502 139857302
2 21504 6545376770
2 21508 1268710228
2 21510 960209346
2 21514 3101054477
2 21516 2103418743
2 21518 886300556
2 21520 -7457974
2 21522 1912114726
2 21526 1649273989
2 21528 3268707925
2 21532 -22643171
2 21534 1338066971
2 21536 1612815186
2 21538 114649238
2 21540 118560198
2 21546 2724651761
2 21550 2051743656
2 21552 2888108746
2 21554 139225018
2 21556 907217602
2 21560 3263856411
2 21564 378401390
2 21566 119755158
2 21568 3474778820
2 21570 100835983
2 21574 2570852541
2 21576 799856211
2 21580 2557853309
2 21582 1359080912
2 21584 3562580414
2 21586 342273948
2 21588 1593958229
2 21590 1318698353
2 21594 449555765
2 21600 4343749641
2 21602 4343347480
2 21604 1172322832
2 21606 346369988
2 21608 3582365046
2 21614 298157074
2 21616 3117428314
2 21618 499556283
2 21620 2844017097
2 21622 -115499568
2 21624 2796252678
2 21626 44951073
2 21630 701186589
2 21632 6505985963
2 21634 2458048437
2 21636 135552460
2 21638 2488588772
2 21640 131185698
2 21644 99269353
2 21646 258604200
2 21648 3250588700
2 21650 36454247
2 21654 1044308131
2 21658 3249087830
2 21660 1538821166
2 21664 -7246466
2 21666 1346439704
2 21670 1328070926
2 21672 3246988934
2 21680 15068345
2 21682 1930599128
2 21684 1193657453
2 21686 4326523668
2 21690 1984235482
2 21692 3243995216
2 21696 2943149388
2 21698 18654105
2 21700 2830994910
2 21708 2192979005
2 21710 1603862386
2 21712 4034200432
2 21714 1681843132
2 21716 2752437822
2 21720 713542303
2 21726 2713548341
2 21728 3403854272
2 21730 2376172621
2 21732 -34132408
2 21736 3237428424
2 21740 -115562693
2 21742 -1497497071
2 21744 4314983088
2 21746 553144043
2 21750 2399356852
2 21754 1150420440
2 21756 1617761749
2 21758 3234154987
2 21760 5831363093
2 21762 3233560527
2 21768 69975004
2 21770 172210756
2 21774 844099727
2 21776 -667753508
2 21780 2253368132
2 21784 24239433
2 21788 552069927
2 21792 2880874779
2 21794 2265065757
2 21798 1489108623
2 21800 3390116924
2 21802 -15994690
2 21804 1977793381
2 21808 4302319894
2 21810 260094997
2 21812 3226148184
2 21814 276564515
2 21816 3510262858
2 21820 9950050
2 21824 4299165700
2 21826 -104643194
2 21828 1804275410
2 21830 2496801476
2 21834 -1515680408
2 21836 3536188484
2 21838 1260836396
2 21840 2577609680
2 21842 44953724
2 21844 1859813067
2 21846 215084529
2 21850 3220537493
2 21852 396849627
2 21854 2512893335
2 21856 -71834119
2 21860 -136578223
2 21862 1630468174
2 21864 4291300413
2 21866 2959103131
2 21868 2317361989
2 21870 4290123103
2 21872 -843596044
2 21876 -18661152
2 21880 1879889611
2 21882 1061522529
2 21886 172207694
2 21888 5668366752
2 21890 1650444058
2 21892 1200223752
2 21894 2121654955
2 21896 3213771658
2 21900 2562449910
2 21902 2044322612
2 21904 6425195780
2 21906 -1529804309
2 21910 752138836
2 21912 1733945365
2 21918 1104027840
2 21920 3128321979
2 21922 1849023141
2 21924 1744352051
2 21926 -418271096
2 21930 1428540313
2 21934 4277605191
2 21936 1080775437
2 21938 4276825246
2 21940 2798955764
2 21942 2229514158
2 21944 3375131250
2 21948 1934552524
2 21950 118537126
2 21952 5984833457
2 21956 133856447
2 21960 2303880862
2 21962 1323262972
2 21964 2684202488
2 21966 746017396
2 21968 -199465058
2 21970 4270595914
2 21976 3145562365
2 21978 3201781064
2 21980 2145505110
2 21982 -44506001
2 21984 2241080010
2 21988 47393600
2 21990 392081320
2 21994 -1546941273
2 21996 2508275091
2 21998 79988958
2 22000 3669782026
2 22002 1159431929
2 22008 1388311059
2 22010 224475498
2 22014 1376265
2 22016 9963705530
2 22018 2905434510
2 22020 59120341
2 22022 1730068728
2 22032 4258578079
2 22034 2693983047
2 22036 -962116806
2 22040 3192774238
2 22042 893289012
2 22044 707486676
2 22046 3695742318
2 22048 3095300699
2 22050 3191326268
2 22052 3198731158
2 22056 3130076585
2 22058 2508216210
2 22060 452604034
2 22064 2607588888
2 22066 2498126388
2 22068 2581130912
2 22072 3374368716
2 22074 10539897
2 22078 2396799567
2 22080 3186990226
2 22082 467406111
2 22086 -126944172
2 22088 1289010313
2 22090 -433002598
2 22092 572099695
2 22096 -639897601
2 22098 1586628903
2 22100 3184106072
2 22102 482155833
2 22104 -99870227
2 22106 -1148978915
2 22110 1080817593
2 22112 94252976
2 22116 1716487335
2 22120 1617018648
2 22122 51143218
2 22126 3180364466
2 22128 2506330137
2 22132 3734853091
2 22134 2335794454
2 22140 3178353397
2 22144 6030965759
2 22148 3689998757
2 22150 2231771875
2 22152 1612423159
2 22154 2265621204
2 22156 2104852959
2 22158 76013708
2 22160 1448276836
2 22162 342103500
2 22164 19451979
2 22168 1342577168
2 22170 -175554408
2 22172 4231688266
2 22176 3173193733
2 22178 1406276089
2 22180 133483305
2 22184 4008206393
2 22188 77877019
2 22190 1245060120
2 22192 3978660647
2 22194 1854087504
2 22196 29220218
2 22198 -26833131
2 22200 3169763251
2 22202 4225970284
2 22204 1919653732
2 22208 132226762
2 22212 -25847634
2 22214 256023549
2 22218 1265746829
2 22220 2059842982
2 22222 22443138
2 22224 531997742
2 22230 2532388456
2 22232 3132579298
2 22236 1475140353
2 22240 2152079137
2 22242 34935407
2 22244 1518492908
2 22246 2624019063
2 22248 2739753045
2 22250 2370389608
2 22256 3226721277
2 22258 969675104
2 22260 1279437040
2 22264 3126354826
2 22266 -124600039
2 22268 3004278567
2 22270 1864533959
2 22272 6711765219
2 22274 2432545901
2 22278 1191289716
2 22280 178712481
2 22282 438631921
2 22284 1689119898
2 22286 -922665850
2 22288 2742491293
2 22290 -182392446
2 22294 1707134344
2 22296 1860406290
2 22300 722011334
2 22302 2559350657
2 22304 2741329029
2 22306 1436695346
2 22308 1894358582
2 22310 1589926169
2 22316 -298583456
2 22320 3152721514
2 22330 2521047709
2 22334 2231207355
2 22336 4037234492
2 22338 1982572610
2 22340 1386118382
2 22344 1684019961
2 22348 4198361922
2 22350 2421803097
2 22352 2483672947
2 22356 67071160
2 22358 -980272391
2 22360 1245633156
2 22366 1014247902
2 22368 4194608022
2 22372 2585262125
2 22374 2165102969
2 22378 966126943
2 22380 320001836
2 22382 750868621
2 22384 -117628091
2 22386 1823855292
2 22388 20125347
2 22392 46325711
2 22396 162921268
2 22400 7317032700
2 22402 -63016748
2 22406 155262263
2 22410 250309186
2 22412 861925216
2 22414 4185999475
2 22416 1565432889
2 22418 -1396669652
2 22420 2520622642
2 22422 432863343
2 22428 1067969944
2 22432 846125907
2 22436 255719564
2 22438 264594653
2 22440 2508689632
2 22442 790906062
2 22444 2069197993
2 22446 2942545430
2 22448 3333740583
2 22450 4179286959
2 22452 -3553991
2 22454 944010258
2 22456 89093126
2 22458 1059953615
2 22460 -19868253
2 22462 4177054236
2 22464 4176682348
2 22466 36685802
2 22468 1149739829
2 22470 1247968445
2 22472 2747139726
2 22474 -725943608
2 22480 1265444125
2 22482 4173338326
2 22484 1652245708
2 22488 4172224842
2 22490 1415587179
2 22494 631133312
2 22496 4170741120
2 22498 -1567942306
2 22500 2605791169
2 22504 3045390885
2 22506 438589909
2 22508 714789674
2 22512 2211526362
2 22516 551368287
2 22518 166662470
2 22520 -13693707
2 22524 -15009427
2 22526 1359287325
2 22528 6740048137
2 22530 776115122
2 22532 659530827
2 22534 129373801
2 22536 1708319163
2 22538 866265917
2 22540 3121949610
2 22542 1488123412
2 22544 6242791357
2 22550 3120565152
2 22554 1878673818
2 22560 1951573488
2 22562 7189692
2 22568 3118076224
2 22570 2061815304
2 22572 3117523666
2 22576 2771504716
2 22578 553404988
2 22580 2677745904
2 22582 -1364390307
2 22584 1112801457
2 22586 8111626
2 22590 852430609
2 22592 5063423247
2 22594 1550279615
2 22596 1990344868
2 22600 2721740649
2 22606 1620923001
2 22608 1143416399
2 22610 2489827307
2 22616 2652416067
2 22618 -92871534
2 22620 2488726586
2 22624 2664846605
2 22626 216138102
2 22630 772306617
2 22632 2194952489
2 22638 1529061157
2 22640 165879100
2 22644 3107611032
2 22646 2221646798
2 22648 2975141133
2 22650 3106787823
2 22652 1677284923
2 22654 1552469606
2 22656 5106437616
2 22660 2607661090
2 22662 4140190286
2 22672 3866549954
2 22678 3102951945
2 22680 1625198699
2 22682 -213597016
2 22684 1605108330
2 22686 1302129781
2 22688 -316281721
2 22692 158242766
2 22694 4134352350
2 22698 2260501962
2 22700 2065493866
2 22704 2819371463
2 22708 4131803429
2 22710 69529995
2 22712 2149762528
2 22714 1433130442
2 22716 -37557207
2 22718 -28879554
2 22720 3339141776
2 22722 -51743454
2 22724 3096670665
2 22726 -384765283
2 22728 -1373141213
2 22730 4127804323
2 22734 1395624272
2 22736 4126715001
2 22740 7809172
2 22742 34653851
2 22746 379670174
2 22748 2760690650
2 22750 911656119
2 22752 3364036557
2 22754 76577446
2 22760 3144843424
2 22762 -111526983
2 22764 606553499
2 22768 6181372468
2 22770 4805537178
2 22774 105990357
2 22776 2033616024
2 22778 4119105814
2 22780 1524849644
2 22784 6188052644
2 22788 2639818621
3 3 93824992236885
3 6 23456248059221
3 9 31274997412295
3 12 11728124029610
3 15 9382499223689
3 18 7818749353073
3 21 6701785159778
3 24 5864062014805
3 27 10424999137431
3 30 3127499741229
3 33 4264772374404
3 36 3909374676536
3 39 3608653547573
3 42 2233928386592
3 45 3127499741230
3 48 2932031007402
3 51 2759558595203
3 54 2606249784357
3 57 2469078743076
3 60 1563749870614
3 63 2233928386593
3 66 1421590791467
3 69 2039673744280
3 72 1954687338268
3 75 1876499844738
3 78 1202884515857
3 81 3474999712477
3 84 1116964193296
3 87 1617672279946
3 90 1042499913743
3 93 1513306326401
3 96 1466015503701
3 99 1421590791468
3 102 919852865067
3 105 893571354637
3 108 1303124892178
3 111 1267905300498
3 114 823026247691
3 117 1202884515858
3 120 781874935307
3 123 1144207222401
3 126 744642795530
3 129 1090988281824
3 132 710795395733
3 135 1042499913743
3 138 679891248093
3 141 998138215286
3 144 977343669134
3 147 957397879968
3 150 625499948245
3 153 919852865068
3 156 601442257928
3 159 885141436197
3 162 868749928119
3 165 568636316587
3 168 558482096648
3 171 823026247692
3 174 539224093315
3 177 795127052855
3 180 521249956871
3 183 769057313417
3 186 504435442133
3 189 744642795531
3 192 733007751850
3 195 481153806343
3 198 473863597155
3 201 700186509230
3 204 459926432533
3 207 679891248093
3 210 335089257988
3 213 660739381950
3 216 651562446089
3 219 642636933129
3 222 422635100166
3 225 625499948246
3 228 411513123845
3 231 406168797562
3 234 400961505285
3 237 593829064790
3 240 390937467653
3 243 1158333237492
3 246 381402407467
3 249 565210796608
3 252 372321397765
3 255 367941146027
3 258 363662760608
3 261 539224093315
3 264 355397697866
3 267 527106697960
3 270 347499971247
3 273 343681290245
3 276 339945624046
3 279 504435442134
3 282 332712738428
3 285 329210499078
3 288 488671834567
3 291 483633980603
3 294 319132626656
3 297 473863597156
3 300 312749974122
3 303 464480159589
3 306 306617621689
3 309 455461127364
3 312 300721128964
3 315 297857118213
3 318 295047145399
3 321 438434543163
3 324 434374964059
3 327 430389872646
3 330 213238618720
3 333 422635100166
3 336 279241048324
3 339 415154832907
3 342 274342082563
3 345 271956499238
3 348 269612046657
3 351 400961505286
3 354 265042350951
3 357 262815104305
3 360 260624978435
3 363 387706579491
3 366 256352437805
3 369 381402407467
3 372 252217721066
3 375 375299968948
3 378 248214265176
3 381 369389733216
3 384 366503875925
3 387 363662760608
3 390 180432677378
3 393 358110657393
3 396 236931798577
3 399 235150356484
3 402 233395503076
3 405 347499971248
3 408 229963216266
3 411 342426978967
3 414 226630416031
3 417 337499972075
3 420 167544628994
3 423 332712738429
3 426 220246460649
3 429 218706275611
3 432 325781223044
3 435 215689637326
3 438 214212311043
3 441 319132626656
3 444 211317550083
3 447 314848967238
3 450 208499982748
3 453 310678782241
3 456 205756561922
3 459 306617621689
3 462 152313299085
3 465 201774176854
3 468 200480752642
3 471 298805707761
3 474 197943021596
3 477 295047145399
3 480 195468733826
3 483 194254642313
3 486 289583309373
3 489 287806724653
3 492 190701203733
3 495 189545438863
3 498 188403598869
3 501 280913150410
3 504 186160698882
3 507 277588734429
3 510 137977929760
3 513 274342082564
3 516 181831380304
3 519 271170497794
3 522 179741364438
3 525 178714270928
3 528 177698848933
3 531 265042350952
3 534 175702232653
3 537 262080983902
3 540 173749985623
3 543 259185061428
3 546 128880483841
3 549 256352437806
3 552 169972812023
3 555 169054040067
3 558 168145147377
3 561 167245975468
3 564 166356369214
3 567 248214265177
3 570 123453937153
3 573 245615162924
3 576 244335917283
3 579 243069928075
3 582 161211326867
3 585 160384602115
3 588 159566313328
3 591 238134498063
3 594 157954532385
3 597 235741186525
3 600 156374987061
3 603 233395503077
3 606 154826719862
3 609 154064026662
3 612 153308810844
3 615 152560962988
3 618 151820375787
3 621 226630416031
3 624 150360564482
3 627 149641135945
3 630 111696419329
3 633 222334104827
3 636 147523572699
3 639 220246460650
3 642 146144847721
3 645 145465104243
3 648 217187482029
3 651 144124412038
3 654 143463290882
3 657 214212311043
3 660 106619309360
3 663 141515825395
3 666 140878366722
3 669 210369937751
3 672 139620524162
3 675 208499982749
3 678 138384944302
3 681 206662978495
3 684 137171041281
3 687 204858061653
3 690 101983687214
3 693 135389599188
3 696 134806023328
3 699 201341185058
3 702 133653835095
3 705 133085095372
3 708 132521175475
3 711 197943021597
3 714 98555664114
3 717 196286594638
3 720 130312489217
3 723 194657660243
3 726 129235526497
3 729 386111079164
3 732 128176218902
3 735 127653050663
3 738 127134135822
3 741 126619422723
3 744 126108860533
3 747 188403598869
3 750 125099989649
3 753 186902374974
3 756 124107132588
3 759 123616590563
3 762 123129911072
3 765 122647048677
3 768 183251937962
3 771 182538895403
3 774 121220920202
3 777 120752885763
3 780 90216338689
3 783 179741364438
3 786 119370219130
3 789 178374509956
3 792 118465899288
3 795 118018858160
3 798 88181383681
3 801 175702232653
3 804 116697751538
3 807 174395896351
3 810 115833323749
3 813 173108841765
3 816 114981608133
3 819 114560430083
3 822 114142326322
3 825 113727263318
3 828 113315208015
3 831 169359191763
3 834 112499990691
3 837 168145147378
3 840 83772314497
3 843 166948384763
3 846 110904246142
3 849 165768537521
3 852 110123230324
3 855 109736833026
3 858 82014853353
3 861 108972116419
3 864 162890611522
3 867 162326976188
3 870 80883613997
3 873 161211326868
3 876 107106155521
3 879 160110908254
3 882 106377542218
3 885 106016940381
3 888 105658775041
3 891 157954532385
3 894 104949655745
3 897 104598653554
3 900 104249991374
3 903 103903645888
3 906 103559594080
3 909 154826719863
3 912 102878280961
3 915 102540975122
3 918 102205873896
3 921 152809433611
3 924 76156649542
3 927 151820375788
3 930 75665316320
3 933 150844038966
3 936 100240376321
3 939 149880179292
3 942 99601902586
3 945 99285706072
3 948 98971510798
3 951 147988946746
3 954 98349048466
3 957 98040744239
3 960 97734366913
3 963 146144847721
3 966 72845490867
3 969 96826617376
3 972 144791654686
3 975 96230761269
3 978 95935574884
3 981 143463290882
3 984 95350601866
3 987 95060782408
3 990 71079539573
3 993 141729595524
3 996 94201799434
3 999 140878366722
3 1002 93637716803
3 1005 93358201232
3 1008 93080349441
3 1011 139206219936
3 1014 92529578142
3 1017 138384944302
3 1020 68988964880
3 1023 91715534934
3 1026 91447360854
3 1029 136771125710
3 1032 90915690152
3 1035 90652166413
3 1038 90390165931
3 1041 135194513310
3 1044 89870682219
3 1047 134419759652
3 1050 67017851597
3 1053 133653835095
3 1056 88849424466
3 1059 132896589571
3 1062 88347450317
3 1065 88098584261
3 1068 87851116326
3 1071 87605034769
3 1074 87360327967
3 1077 130675476653
3 1080 86874992811
3 1083 129951512793
3 1086 86395020475
3 1089 129235526497
3 1092 64440241920
3 1095 85684924417
3 1098 85450812601
3 1101 127826964900
3 1104 84986406011
3 1107 127134135822
3 1110 63395265024
3 1113 84299184401
3 1116 84072573688
3 1119 125770767074
3 1122 62717240800
3 1125 125099989649
3 1128 83178184607
3 1131 82957552819
3 1134 82738088392
3 1137 123779673136
3 1140 61726968576
3 1143 123129911072
3 1146 81871720974
3 1149 122486935035
3 1152 122167958641
3 1155 60925319635
3 1158 81023309358
3 1161 121220920203
3 1164 80605663433
3 1167 120597676397
3 1170 60144225792
3 1173 79987205658
3 1176 79783156664
3 1179 119370219131
3 1182 79378166021
3 1185 79177208640
3 1188 78977266192
3 1191 118167496520
3 1194 78580395508
3 1197 78383452161
3 1200 78187493530
3 1203 116988768375
3 1206 77798501025
3 1209 77605452637
3 1212 77413359931
3 1215 115833323749
3 1218 57774009998
3 1221 76842745486
3 1224 76654405422
3 1227 114700479507
3 1230 57210361120
3 1233 114142326322
3 1236 75910187893
3 1239 75726385986
3 1242 75543472010
3 1245 75361439549
3 1248 75180282241
3 1251 112499990692
3 1254 56115425978
3 1257 111962997896
3 1260 55848209664
3 1263 111431107170
3 1266 74111368275
3 1269 110904246143
3 1272 73761786349
3 1275 73588229206
3 1278 73415486883
3 1281 73243553660
3 1284 73072423860
3 1287 72902091870
3 1290 54549414091
3 1293 108845698651
3 1296 108593741014
3 1299 108342947156
3 1302 54046654514
3 1305 71896545776
3 1308 71731645441
3 1311 71567499799
3 1314 71404103681
3 1317 106862177946
3 1320 53309654680
3 1323 106377542219
3 1326 53068434523
3 1329 105897282434
3 1332 70439183361
3 1335 70280893062
3 1338 70123312583
3 1341 104949655746
3 1344 69810262081
3 1347 104482173983
3 1350 69499994249
3 1353 69345892268
3 1356 69192472151
3 1359 103559594080
3 1362 68887659498
3 1365 51552193539
3 1368 68585520640
3 1371 102653164373
3 1374 68286020550
3 1377 102205873896
3 1380 50991843607
3 1383 101762464465
3 1386 50771099695
3 1389 101322885785
3 1392 67403011664
3 1395 67258058951
3 1398 67113728352
3 1401 100455023808
3 1404 66826917547
3 1407 66684429451
3 1410 49906910764
3 1413 99601902587
3 1416 66260587737
3 1419 66120501930
3 1422 65981007198
3 1425 65842099816
3 1428 49277832057
3 1431 98349048466
3 1434 65428864879
3 1437 97938405258
3 1440 65156244608
3 1443 65020784642
3 1446 64885886747
3 1449 64751547438
3 1452 64617763248
3 1455 64484530747
3 1458 96527769791
3 1461 96329560818
3 1464 64088109451
3 1467 95935574884
3 1470 47869893998
3 1473 95544798612
3 1476 63567067911
3 1479 63438128626
3 1482 47482283520
3 1485 63181812954
3 1488 63054430266
3 1491 62927560187
3 1494 62801199623
3 1497 94013018273
3 1500 62549994824
3 1503 93637716803
3 1506 62300791657
3 1509 93265399838
3 1512 62053566294
3 1515 61930687945
3 1518 46356221460
3 1521 92529578143
3 1524 61564955536
3 1527 92166004162
3 1530 45992643253
3 1533 61203517442
3 1536 91625968981
3 1539 91447360855
3 1542 60846298467
3 1545 60728150315
3 1548 60610460101
3 1551 60493225170
3 1554 45282332160
3 1557 90390165931
3 1560 45108169344
3 1563 90043178730
3 1566 59913788146
3 1569 89698845351
3 1572 59685109565
3 1575 59571423643
3 1578 59458169985
3 1581 59345346134
3 1584 59232949644
3 1587 88681467143
3 1590 44257071809
3 1593 88347450317
3 1596 44090691840
3 1599 58677293457
3 1602 58567410884
3 1605 58457939089
3 1608 58348875769
3 1611 87360327967
3 1614 58131965450
3 1617 58024113938
3 1620 57916661874
3 1623 86714410570
3 1626 57702947255
3 1629 86395020476
3 1632 57490804066
3 1635 57385316354
3 1638 42960161280
3 1641 85763247017
3 1644 57071163161
3 1647 85450812602
3 1650 42647723744
3 1653 56760430875
3 1656 56657604007
3 1659 56555149028
3 1662 56453063921
3 1665 56351346690
3 1668 56249995345
3 1671 84223511882
3 1674 56048382459
3 1677 55948117017
3 1680 41886157248
3 1683 55748658490
3 1686 55649461587
3 1689 83325925610
3 1692 55452123071
3 1695 55353977722
3 1698 55256179173
3 1701 82738088392
3 1704 55061615162
3 1707 82447269101
3 1710 41151312384
3 1713 82158487073
3 1716 41007426676
3 1719 81871720975
3 1722 40864543657
3 1725 54391299848
3 1728 81445305761
3 1731 81304152718
3 1734 54108992062
3 1737 81023309358
3 1740 40441806998
3 1743 53829599678
3 1746 53737108955
3 1749 53644935527
3 1752 53553077760
3 1755 53461534038
3 1758 53370302751
3 1761 79919073456
3 1764 53188771109
3 1767 53098467593
3 1770 39756352642
3 1773 79378166021
3 1776 52829387520
3 1779 79110448766
3 1782 52651510795
3 1785 39422265648
3 1788 52474827872
3 1791 78580395508
3 1794 39224495082
3 1797 78318023570
3 1800 52124995687
3 1803 78057397868
3 1806 38963867208
3 1809 77798501026
3 1812 51779797040
3 1815 51694210600
3 1818 51608906620
3 1821 77285825566
3 1824 51439140480
3 1827 51354675555
3 1830 38452865670
3 1833 51186575144
3 1836 51102936948
3 1839 76529357453
3 1842 50936477870
3 1845 50853654330
3 1848 38078324771
3 1851 76033218993
3 1854 50606791929
3 1857 75787554311
3 1860 37832658160
3 1863 75543472010
3 1866 50281346322
3 1869 50200637902
3 1872 50120188160
3 1875 75059993790
3 1878 49960059764
3 1881 49880378649
3 1884 49800951293
3 1887 49721776490
3 1890 37232139776
3 1893 74346269601
3 1896 49485755399
3 1899 74111368276
3 1902 49329648915
3 1905 49251964430
3 1908 49174524233
3 1911 49097327179
3 1914 36765279089
3 1917 73415486883
3 1920 48867183456
3 1923 73186421402
3 1926 48714949240
3 1929 72958780900
3 1932 36422745433
3 1935 48488368081
3 1938 36309981515
3 1941 72507721976
3 1944 72395827343
3 1947 48189518356
3 1950 36086535475
3 1953 48041470680
3 1956 47967787442
3 1959 71841494822
3 1962 47821096960
3 1965 47748087653
3 1968 47675300933
3 1971 71404103681
3 1974 35647793403
3 1977 71187399269
3 1980 35539769786
3 1983 70972006231
3 1986 47243198507
3 1989 47171941799
3 1992 47100899717
3 1995 35272553474
3 1998 46959455574
3 2001 46889051593
3 2004 46818858401
3 2007 70123312584
3 2010 35009325461
3 2013 46609534147
3 2016 46540174720
3 2019 69706532123
3 2022 46402073312
3 2025 69499994250
3 2028 46264789071
3 2031 69294676689
3 2034 46128314767
3 2037 46060379105
3 2040 34494482440
3 2043 68887659498
3 2046 34393325600
3 2049 68685938680
3 2052 45723680427
3 2055 45656930530
3 2058 45590375236
3 2061 68286020551
3 2064 45457845076
3 2067 45391868524
3 2070 33994562404
3 2073 67890732443
3 2076 45195082965
3 2079 45129866397
3 2082 45064837769
3 2085 44999996278
3 2088 44935341109
3 2091 44870871468
3 2094 44806586550
3 2097 67113728353
3 2100 33508925798
3 2103 66922248386
3 2106 44551278365
3 2109 44487905281
3 2112 44424712233
3 2115 44361698457
3 2118 44298863190
3 2121 44236205675
3 2124 44173725158
3 2127 66167131338
3 2130 33036969097
3 2133 65981007199
3 2136 43925558163
3 2139 43863951491
3 2142 32851888038
3 2145 32805941343
3 2148 43680163983
3 2151 65428864879
3 2154 43558492217
3 2157 65246865255
3 2160 43437496405
3 2163 43377250225
3 2166 43317170931
3 2169 64885886748
3 2172 43197510237
3 2175 43137927465
3 2178 43078508832
3 2181 64528880493
3 2184 32220120960
3 2187 128703693054
3 2190 32131846656
3 2193 42783854189
3 2196 42725406300
3 2199 64000676833
3 2202 42608988300
3 2205 42551016888
3 2208 42493203005
3 2211 42435546015
3 2214 42378045274
3 2217 63481050228
3 2220 31697632512
3 2223 42206474241
3 2226 31612194149
3 2229 63139294910
3 2232 42036286844
3 2235 41979862299
3 2238 41923589024
3 2241 62801199623
3 2244 31358620400
3 2247 41755670778
3 2250 41699996549
3 2253 62466705883
3 2256 41589092303
3 2259 62300791658
3 2262 31109082306
3 2265 41423837632
3 2268 41369044196
3 2271 61971593287
3 2274 41259891045
3 2277 41205530188
3 2280 30863484288
3 2283 61645855609
3 2286 41043303690
3 2289 40989511681
3 2292 40935860487
3 2295 40882349559
3 2298 40828978345
3 2301 40775746300
3 2304 61083979320
3 2307 61004546318
3 2310 24370127853
3 2313 60846298468
3 2316 40511654679
3 2319 60688869493
3 2322 40406973400
3 2325 40354835372
3 2328 40302831716
3 2331 40250961921
3 2334 40199225465
3 2337 40147621839
3 2340 30072112896
3 2343 40044811027
3 2346 29995202121
3 2349 59913788146
3 2352 39891578332
3 2355 39840761036
3 2358 39790073043
3 2361 59609270799
3 2364 39689083010
3 2367 59458169985
3 2370 29691453239
3 2373 39538555516
3 2376 39488633096
3 2379 39438836586
3 2382 39389165506
3 2385 39339619387
3 2388 39290197754
3 2391 58861350211
3 2394 29393794560
3 2397 39142675109
3 2400 39093746765
3 2403 58567410884
3 2406 38996256125
3 2409 38947692918
3 2412 38899250512
3 2415 29138196349
3 2418 29102044738
3 2421 58131965450
3 2424 38706679965
3 2427 57988252310
3 2430 38611107916
3 2433 57845247988
3 2436 28887004999
3 2439 57702947255
3 2442 28816029556
3 2445 38374229955
3 2448 38327202711
3 2451 38280290590
3 2454 38233493169
3 2457 38186810027
3 2460 28605180560
3 2463 57140677367
3 2466 38047442107
3 2469 57001817884
3 2472 37955093946
3 2475 37909087773
3 2478 28397394744
3 2481 56726113807
3 2484 37771736005
3 2487 56589259491
3 2490 28260539830
3 2493 56453063921
3 2496 37590141120
3 2499 37545014902
3 2502 37499996897
3 2505 37455086721
3 2508 28057712989
3 2511 56048382459
3 2514 37320999298
3 2517 55914774873
3 2520 27924104832
3 2523 55781802757
3 2526 37143702389
3 2529 55649461588
3 2532 37055684137
3 2535 37011831257
3 2538 36968082047
3 2541 36924436142
3 2544 36880893174
3 2547 55256179174
3 2550 27595585952
3 2553 36750878275
3 2556 36707743441
3 2559 54997064617
3 2562 27466332622
3 2565 36578944343
3 2568 36536211930
3 2571 54740368866
3 2574 27338284451
3 2577 54612917484
3 2580 27274707045
3 2583 36324038807
3 2586 36281899550
3 2589 54359786928
3 2592 54296870507
3 2595 36156066373
3 2598 36114315718
3 2601 54108992063
3 2604 27023327257
3 2607 35989640290
3 2610 26961204665
3 2613 35907000474
3 2616 35865822720
3 2619 53737108956
3 2622 26837812424
3 2625 35742854186
3 2628 35702051840
3 2631 53492013818
3 2634 35620725982
3 2637 53370302751
3 2640 26654827340
3 2643 53249144289
3 2646 35459180739
3 2649 53128534675
3 2652 26534217261
3 2655 35338980128
3 2658 35299094144
3 2661 52888947146
3 2664 35219591680
3 2667 35179974592
3 2670 26355334898
3 2673 52651510795
3 2676 35061656291
3 2679 35022393520
3 2682 34983218581
3 2685 34944131188
3 2688 34905131040
3 2691 34866217852
3 2694 34827391327
3 2697 34788651182
3 2700 34749997124
3 2703 34711428871
3 2706 26004709600
3 2709 34634548630
3 2712 34596236075
3 2715 34558008191
3 2718 34519864693
3 2721 51722707959
3 2724 34443829749
3 2727 51608906621
3 2730 20620877414
3 2733 51495604960
3 2736 34292760320
3 2739 34255199795
3 2742 34217721457
3 2745 34180325042
3 2748 34143010275
3 2751 34105776895
3 2754 34068624632
3 2757 51047329835
3 2760 25495921803
3 2763 50936477870
3 2766 33920821488
3 2769 33884070869
3 2772 25385549847
3 2775 33810808013
3 2778 33774295261
3 2781 50606791929
3 2784 33701505832
3 2787 50497842969
3 2790 25221772106
3 2793 33592908069
3 2796 33556864176
3 2799 50281346322
3 2802 33485007936
3 2805 25086896320
3 2808 33413458773
3 2811 50066698099
3 2814 25006661043
3 2817 49960059764
3 2820 24953455382
3 2823 49853874727
3 2826 33200634195
3 2829 33165426736
3 2832 33130293868
3 2835 33095235358
3 2838 24795188223
3 2841 49538010685
3 2844 32990503599
3 2847 32955740161
3 2850 24690787430
3 2853 49329648915
3 2856 24638916028
3 2859 49226123944
3 2862 32783016155
3 2865 32748688391
3 2868 32714432439
3 2871 32680248081
3 2874 32646135085
3 2877 32612093236
3 2880 32578122304
3 2883 48816333110
3 2886 24382794240
3 2889 48714949240
3 2892 32442943373
3 2895 32409323743
3 2898 24281830289
3 2901 48513439626
3 2904 32308881624
3 2907 32275539125
3 2910 24181699030
3 2913 44982547241
3 2916 48263884895
3 2919 32142854484
3 2922 32109853606
3 2925 32076920424
3 2928 32044054725
3 2931 48016884461
3 2934 31978524961
3 2937 31945860483
3 2940 23934946999
3 2943 47821096961
3 2946 31848266203
3 2949 47723800731
3 2952 31783533955
3 2955 31751266409
3 2958 23789298234
3 2961 31686927470
3 2964 23741141760
3 2967 31622848749
3 2970 23693179857
3 2973 47338543005
3 2976 31527215133
3 2979 47243198508
3 2982 23597835069
3 2985 31432158203
3 2988 31400599811
3 2991 47053657090
3 2994 31337672757
3 2997 46959455574
3 3000 31274997412
3 3003 23432815246
3 3006 31212572267
3 3009 31181453053
3 3012 31150395828
3 3015 31119400410
3 3018 31088466612
3 3021 31057594253
3 3024 31026783147
3 3027 46494049671
3 3030 23224007979
3 3033 46402073312
3 3036 23178110730
3 3039 46310460137
3 3042 30843192714
3 3045 23109603999
3 3048 30782477768
3 3051 46128314767
3 3054 30722001387
3 3057 46037778330
3 3060 22996321626
3 3063 45947596590
3 3066 22951319040
3 3069 30571844979
3 3072 45812984490
3 3075 30512192598
3 3078 30482453618
3 3081 30452772554
3 3084 30423149233
3 3087 45590375237
3 3090 22773056368
3 3093 45501936099
3 3096 30305230050
3 3099 45413839418
3 3102 22684959438
3 3105 30217388804
3 3108 22641166080
3 3111 30159110330
3 3114 30130055310
3 3117 44424897754
3 3120 22554084672
3 3123 45064837770
3 3126 30014392910
3 3129 29985615928
3 3132 29956894073
3 3135 22446170393
3 3138 29899615116
3 3141 44806586551
3 3144 29842554782
3 3147 44721159312
3 3150 22339283865
3 3153 44636057201
3 3156 29729084992
3 3159 44551278365
3 3162 22254504800
3 3165 29644547310
3 3168 29616474822
3 3171 29588455452
3 3174 29560489047
3 3177 44298863190
3 3180 22128535904
3 3183 44215359207
3 3186 29449150105
3 3189 44132169444
3 3192 22045345920
3 3195 29366194753
3 3198 22003985046
3 3201 29311150340
3 3204 29283705442
3 3207 43884467838
3 3210 21921727158
3 3213 29201678256
3 3216 29174437884
3 3219 29147248287
3 3222 29120109322
3 3225 29093020849
3 3228 29065982725
3 3231 43558492218
3 3234 21759042726
3 3237 28985169058
3 3240 28958330937
3 3243 28931542472
3 3246 28904803523
3 3249 43317170931
3 3252 28851473627
3 3255 21618661807
3 3258 28798340158
3 3261 42466884262
3 3264 28745402033
3 3267 43078508832
3 3270 21519493632
3 3273 42999538147
3 3276 21480080640
3 3279 42920856467
3 3282 21735428390
3 3285 28561641473
3 3288 28535581580
3 3291 42764353800
3 3294 28483604200
3 3297 28457686454
3 3300 21323861872
3 3303 42608988300
3 3306 21285161578
3 3309 42531728122
3 3312 28328802003
3 3315 21227373810
3 3318 21208180885
3 3321 42378045274
3 3324 28226531960
3 3327 42301619584
3 3330 21131755008
3 3333 28150312703
3 3336 28124997672
3 3339 28099728133
3 3342 28074503960
3 3345 28049325034
3 3348 28024191229
3 3351 41998653642
3 3354 20980543881
3 3357 41923589025
3 3360 20943078624
3 3363 27899194837
3 3366 20905746933
3 3369 41774261904
3 3372 27824730793
3 3375 41699996550
3 3378 27775308536
3 3381 27750663188
3 3384 27726061535
3 3387 41552255198
3 3390 20757741645
3 3393 27652517607
3 3396 27628089586
3 3399 27603704690
3 3402 27579362797
3 3405 27555063800
3 3408 27530807581
3 3411 41259891045
3 3414 27482423033
3 3417 27458294480
3 3420 20575656192
3 3423 27410164254
3 3426 27386162357
3 3429 41043303691
3 3432 20503713338
3 3435 27314408221
3 3438 27290573658
3 3441 27266780657
3 3444 20432271828
3 3447 40828978345
3 3450 20396737442
3 3453 40758033118
3 3456 40722652880
3 3459 40687334014
3 3462 24954759953
3 3465 20308439878
3 3468 27054496031
3 3471 27031112717
3 3474 27007769786
3 3477 26984467138
3 3480 20220903499
3 3483 40406973401
3 3486 20186099878
3 3489 40337485914
3 3492 26868554477
3 3495 26845491341
3 3498 20116850822
3 3501 40199225466
3 3504 26776538880
3 3507 26753633373
3 3510 20048075264
3 3513 40061909580
3 3516 26685151375
3 3519 26662401886
3 3522 26639691151
3 3525 26617019074
3 3528 26594385554
3 3531 26571790496
3 3534 19911925347
3 3537 39790073044
3 3540 19878176321
3 3543 39722689347
3 3546 26459388673
3 3549 26437022327
3 3552 26414693760
3 3555 26392402880
3 3558 26370149588
3 3561 39521900690
3 3564 26325755397
3 3567 26303614308
3 3570 15768906258
3 3573 39389165507
3 3576 26237413936
3 3579 39323131700
3 3582 26193465169
3 3585 26024751837
3 3588 19612247541
3 3591 26127817387
3 3594 25436336517
3 3597 26084234707
3 3600 26062497843
3 3603 39061195769
3 3606 25452492927
3 3609 38996256125
3 3612 19481933604
3 3615 25954354699
3 3618 25932833675
3 3621 25911348313
3 3624 25889898520
3 3627 25868484213
3 3630 19385328974
3 3633 25825761696
3 3636 25804453310
3 3639 38674770089
3 3642 25761941855
3 3645 38611107916
3 3648 25719570240
3 3651 38547654986
3 3654 19258003332
3 3657 25656273514
3 3660 19226432835
3 3663 25614248496
3 3666 19194965678
3 3669 25339502029
3 3672 25551468474
3 3675 25530610133
3 3678 25509785817
3 3681 38233493169
3 3684 25468238935
3 3687 38171274303
3 3690 19070120373
3 3693 36160343255
3 3696 19039162385
3 3699 38047442107
3 3702 24721715826
3 3705 18992913409
3 3708 25303395964
3 3711 10071341016
3 3714 25262518103
3 3717 25242128662
3 3720 18916329080
3 3723 25201448358
3 3726 25181157336
3 3729 25160898964
3 3732 25140673161
3 3735 25120479849
3 3738 18825239212
3 3741 25080190388
3 3744 25060094080
3 3747 37560044931
3 3750 25019997929
3 3753 37499996897
3 3756 24980029882
3 3759 24960093706
3 3762 18705141992
3 3765 24920316663
3 3768 24900475646
3 3771 37320999299
3 3774 18645666183
3 3777 37261712564
3 3780 18616069888
3 3783 24801742595
3 3786 24782089867
3 3789 37143702390
3 3792 24742877699
3 3795 18542488585
3 3798 24703789425
3 3801 24684291565
3 3804 23924383057
3 3807 36968082048
3 3810 18469486660
3 3813 24606606934
3 3816 24587262116
3 3819 24567947692
3 3822 18411497691
3 3825 24529409735
3 3828 18382639544
3 3831 36736488738
3 3834 24471828961
3 3837 22384855985
3 3840 24433591728
3 3843 24414517886
3 3846 22327340751
3 3849 36564689102
3 3852 24357474620
3 3855 24338519387
3 3858 24319593633
3 3861 24300697290
3 3864 18211372716
3 3867 15577924718
3 3870 18183138030
3 3873 36338106986
3 3876 18154990757
3 3879 36281899550
3 3882 24169240658
3 3885 18112932865
3 3888 36197913671
3 3891 36170004717
3 3894 18071069383
3 3897 36114315719
3 3900 18043267737
3 3903 7143954904
3 3906 18015551504
3 3909 30156424316
3 3912 23983893721
3 3915 23965515259
3 3918 23947164940
3 3921 35893264054
3 3924 23910548480
3 3927 17919211657
3 3930 17905532869
3 3933 23855833267
3 3936 23837650466
3 3939 23819495364
3 3942 23801367893
3 3945 23783267994
3 3948 17823896701
3 3951 35620725982
3 3954 23729133089
3 3957 35566714267
3 3960 17769884893
3 3963 32818839572
3 3966 23657335410
3 3969 35459180740
3 3972 23621599253
3 3975 23603771633
3 3978 17689478174
3 3981 35352295492
3 3984 23550449858
3 3987 35299094145
3 3990 14109021389
3 3993 35246052681
3 3996 23479727787
3 3999 23462113588
3 4002 17583394347
3 4005 23426964355
3 4008 23409429200
3 4011 23391920279
3 4014 23374437527
3 4017 23356980891
3 4020 17504662730
3 4023 34983218582
3 4026 17478575304
3 4029 23287414306
3 4032 23270087360
3 4035 23252786180
3 4038 20818316867
3 4041 34827391328
3 4044 23201036656
3 4047 23183837963
3 4050 23166664749
3 4053 23149516960
3 4056 23132394535
3 4059 23115297422
3 4062 23098225562
3 4065 23081178902
3 4068 23064157383
3 4071 23047160952
3 4074 17272642164
3 4077 34519864693
3 4080 17247241220
3 4083 34469137486
3 4086 22962553166
3 4089 22945706099
3 4092 17196662800
3 4095 17184064513
3 4098 22895312893
3 4101 34317846466
3 4104 22861840213
3 4107 34267710824
3 4110 17121348948
3 4113 34217721458
3 4116 22795187618
3 4119 25861691115
3 4122 22762006850
3 4125 22745452664
3 4128 22728922538
3 4131 34068624632
3 4134 17021950696
3 4137 22679476006
3 4140 16997281202
3 4143 33969946501
3 4146 22630244147
3 4149 33920821488
3 4152 22597541482
3 4155 22581225569
3 4158 16923699898
3 4161 22548664320
3 4164 22532418884
3 4167 33774295262
3 4170 16874998603
3 4173 22483822726
3 4176 22467670554
3 4179 22451541575
3 4182 16826576800
3 4185 22419352985
3 4188 21558942131
3 4191 22387256559
3 4194 22371242784
3 4197 19124248802
3 4200 16754462899
3 4203 33485007936
3 4206 21329896097
3 4209 22291516332
3 4212 22275639182
3 4215 22259784635
3 4218 16682964480
3 4221 22228143150
3 4224 22212356116
3 4227 33294887238
3 4230 16635636921
3 4233 22165129280
3 4236 22149431595
3 4239 33200634196
3 4242 16588577128
3 4245 22102471670
3 4248 22086862579
3 4251 22071275520
3 4254 22055710445
3 4257 22040167310
3 4260 16518484548
3 4263 22009146667
3 4266 21993669066
3 4269 32967319830
3 4272 21962779081
3 4275 21947366605
3 4278 16448981808
3 4281 30028192838
3 4284 16425944019
3 4287 32828898613
3 4290 13122376536
3 4293 32783016155
3 4296 21840081991
3 4299 32737261771
3 4302 21809621626
3 4305 16345817465
3 4308 15548490318
3 4311 32646135086
3 4314 21748955085
3 4317 2494647439
3 4320 21718748202
3 4323 21703676206
3 4326 16266468834
3 4329 21673594880
3 4332 21658585465
3 4335 21643596825
3 4338 21628628915
3 4341 32420522542
3 4344 21598755118
3 4347 21583849147
3 4350 16176722799
3 4353 31604461679
3 4356 21539254416
3 4359 5211867650
3 4362 21509626831
3 4365 21494843583
3 4368 16110060480
3 4371 21465337963
3 4374 32175923263
3 4377 32153869855
3 4380 16065923328
3 4383 32109853606
3 4386 16043945320
3 4389 16032978851
3 4392 21362703150
3 4395 21348121101
3 4398 21333558944
3 4401 31978524961
3 4404 21304494150
3 4407 21289991431
3 4410 15956631332
3 4413 10518100899
3 4416 21246601502
3 4419 31848266204
3 4422 15913329755
3 4425 21203388076
3 4428 21189022637
3 4431 21174676650
3 4434 21160350075
3 4437 21146042875
3 4440 15848816256
3 4443 31676229655
3 4446 15827427840
3 4449 6982063591
3 4452 15806097074
3 4455 21060604318
3 4458 17935636600
3 4461 31548417027
3 4464 21018143422
3 4467 29591694788
3 4470 15742448361
3 4473 20975853395
3 4476 20961794512
3 4479 31421631694
3 4482 20933733207
3 4485 15689798035
3 4488 15679310200
3 4491 31337672758
3 4494 15658376541
3 4497 23614012568
3 4500 20849998274
3 4503 20836107537
3 4506 17396339542
3 4509 31212572268
3 4512 20794546151
3 4515 15585546883
3 4518 20766930552
3 4521 20753150241
3 4524 15554541153
3 4527 31088466613
3 4530 15533939112
3 4533 -25214092
3 4536 20684522098
3 4539 20670850901
3 4542 18302476241
3 4545 20643562649
3 4548 20629945522
3 4551 20616346350
3 4554 15452073820
3 4557 20589201721
3 4560 15431742144
3 4563 30843192714
3 4566 15074332009
3 4569 -4262416
3 4572 20521651845
3 4575 20508195025
3 4578 15371066880
3 4581 30722001387
3 4584 20467930243
3 4587 20454543762
3 4590 15330881084
3 4593 8372223241
3 4596 20414489172
3 4599 20401172480
3 4602 15290904862
3 4605 20374591148
3 4608 30541989660
3 4611 20348078993
3 4614 20334848772
3 4617 30482453618
3 4620 12185063926
3 4623 20295261137
3 4626 20282099489
3 4629 30403432352
3 4632 20255827339
3 4635 20242716773
3 4638 20229623164
3 4641 15162409866
3 4644 20203486700
3 4647 13231979109
3 4650 15133063264
3 4653 20164408390
3 4656 20151415858
3 4659 30207660089
3 4662 15094110720
3 4665 20112538530
3 4668 20099612732
3 4671 30130055310
3 4674 15055358189
3 4677 27376548591
3 4680 15036056448
3 4683 20035232168
3 4686 15016804135
3 4689 30014392910
3 4692 14997601060
3 4695 19984023906
3 4698 19971262715
3 4701 29937776719
3 4704 19945789166
3 4707 29899615117
3 4710 14940285388
3 4713 29861550680
3 4716 19895036521
3 4719 19882388693
3 4722 19869756932
3 4725 19857141214
3 4728 19844541505
3 4731 19831957777
3 4734 19819389995
3 4737 15106803
3 4740 14845726619
3 4743 19781782045
3 4746 14826958318
3 4749 691511456
3 4752 19744316548
3 4755 19731859566
3 4758 14789563719
3 4761 29560489048
3 4764 19190099488
3 4767 19682188428
3 4770 14752357269
3 4773 19657446520
3 4776 19645098877
3 4779 29449150106
3 4782 19620450070
3 4785 14706111638
3 4788 14696897280
3 4791 -12738311
3 4794 14678503165
3 4797 19559097820
3 4800 19546873382
3 4803 29301996326
3 4806 19522470294
3 4809 19510291587
3 4812 18626483195
3 4815 19485979696
3 4818 14605384843
3 4821 29192592482
3 4824 19449625256
3 4827 26350406628
3 4830 11655278538
3 4833 29120109322
3 4836 14551022369
3 4839 7005048190
3 4842 19377321816
3 4845 14523992607
3 4848 19353339982
3 4851 19341371313
3 4854 19329417436
3 4857 67679742
3 4860 19305553958
3 4863 26307542844
3 4866 19281749329
3 4869 28904803523
3 4872 14443502499
3 4875 19246152255
3 4878 19234315751
3 4881 -15383886
3 4884 14408014778
3 4887 28798340159
3 4890 14390336232
3 4893 19175350959
3 4896 19163601355
3 4899 19151866144
3 4902 14355108971
3 4905 19128438784
3 4908 19116746584
3 4911 11569288562
3 4914 14320053760
3 4917 19081755590
3 4920 14302590280
3 4923 28587749006
3 4926 9804327889
3 4929 19035299703
3 4932 19023721053
3 4935 14259117361
3 4938 18089952923
3 4941 28483604201
3 4944 18977546973
3 4947 18966038455
3 4950 14215907914
3 4953 18943063243
3 4956 14198697372
3 4959 18920143625
3 4962 4790793283
3 4965 18897279403
3 4968 18885868002
3 4971 -52129333
3 4974 18863086497
3 4977 18851716343
3 4980 14130269915
3 4983 18829017106
3 4986 18817687973
3 4989 -52472103
3 4992 18795070560
3 4995 18783782230
3 4998 14079380587
3 5001 -84733766
3 5004 18749998448
3 5007 28108146266
3 5010 14045657520
3 5013 28074503961
3 5016 14028856494
3 5019 18693961394
3 5022 18682794153
3 5025 18671640246
3 5028 18660499649
3 5031 18649372340
3 5034 14494508928
3 5037 18627157482
3 5040 13962052416
3 5043 27907493229
3 5046 18593934252
3 5049 18582886164
3 5052 18571851194
3 5055 18560829326
3 5058 18549820529
3 5061 18538824785
3 5064 18527842068
3 5067 27775308537
3 5070 13879436721
3 5073 18494971858
3 5076 18484041023
3 5079 26798960990
3 5082 13846663553
3 5085 18451325908
3 5088 18440446587
3 5091 27644370135
3 5094 16932290315
3 5097 27611828204
3 5100 13797792976
3 5103 27579362797
3 5106 13781579353
3 5109 18364649097
3 5112 18353871720
3 5115 13757330240
3 5118 18332354872
3 5121 27482423034
3 5124 13733166311
3 5127 4875348093
3 5130 13717104128
3 5133 18278782824
3 5136 18268105965
3 5139 27386162358
3 5142 17753966643
3 5145 18236150095
3 5148 13669142225
3 5151 18214908219
3 5154 18204305827
3 5157 27290573658
3 5160 13637353522
3 5166 13621514552
3 5169 4666750474
3 5172 18140949775
3 5175 18130433283
3 5178 13480062243
3 5181 18109436835
3 5184 27148435253
3 5187 13566366720
3 5190 13219760526
3 5193 27101384239
3 5196 18057157859
3 5199 -16738747
3 5202 18036330687
3 5205 18025935109
3 5208 13511663628
3 5211 27007769786
3 5214 13496115108
3 5217 17984472348
3 5220 13480602332
3 5223 4334803360
3 5226 13465125177
3 5229 17943199892
3 5232 17932911360
3 5235 17922634620
3 5238 17912369651
3 5241 -90265993
3 5244 13418906212
3 5247 17881645177
3 5250 13403570319
3 5253 17861220682
3 5256 17851025920
3 5259 4172836740
3 5262 17830671272
3 5265 17820511346
3 5268 17810362991
3 5271 17220519530
3 5274 17790100917
3 5277 84008914
3 5280 13327413670
3 5283 26639691152
3 5286 16838991098
3 5289 17739646860
3 5292 17729590369
3 5295 17719545276
3 5298 15431916970
3 5301 17699489199
3 5304 13267108630
3 5307 17679478470
3 5310 13252117547
3 5313 13244634703
3 5316 17649547072
3 5319 26459388674
3 5322 11092071568
3 5325 17619716853
3 5328 17609795840
3 5331 101216198
3 5334 13192490472
3 5337 26370149589
3 5340 13177667449
3 5343 17560357897
3 5346 17550503598
3 5352 17530828145
3 5355 13140755216
3 5358 13133397569
3 5364 17491609290
3 5370 13104049195
3 5373 26193465169
3 5376 17452565520
3 5379 17442831797
3 5382 13074831694
3 5385 15427715513
3 5388 17413695663
3 5391 24787628353
3 5394 13045744193
3 5397 17384656705
3 5400 17374998562
3 5406 13016785826
3 5409 26019132623
3 5412 13002354800
3 5415 17326868373
3 5418 12987955736
3 5421 17307690876
3 5424 17298118037
3 5427 25932833675
3 5430 12411456410
3 5433 110768182
3 5436 17259932346
3 5439 17250412253
3 5442 9131738256
3 5445 17231403534
3 5448 17221914874
3 5451 17212436661
3 5454 17202968873
3 5457 17193511497
3 5460 10310438707
3 5463 25761941855
3 5466 17165201653
3 5469 1525477588
3 5472 17146380160
3 5475 17136984884
3 5478 12845699922
3 5481 17118225185
3 5484 16459741958
3 5487 17099506513
3 5490 12817621890
3 5496 17071505137
3 5499 17062191714
3 5502 12789666335
3 5505 16187936419
3 5508 17034312316
3 5511 17025039420
3 5514 15891909042
3 5517 25509785818
3 5520 12747960901
3 5523 16988048567
3 5526 16978825956
3 5529 16969613355
3 5532 14725452577
3 5535 16951218110
3 5538 12706526575
3 5541 -111740998
3 5544 12692774923
3 5547 4878681867
3 5550 12679053004
3 5553 25344406331
3 5556 16034740850
3 5559 16878034222
3 5562 16868930643
3 5565 12644877662
3 5568 16850752916
3 5571 25262518104
3 5574 15744925887
3 5577 16823559663
3 5580 12610886053
3 5586 12597340525
3 5589 25181157337
3 5592 16778432088
3 5595 16769435611
3 5598 14668743513
3 5604 16742503968
3 5607 16733545968
3 5610 10034758528
3 5613 954963036
3 5616 16706729386
3 5622 16688899366
3 5625 25019997930
3 5628 12503330521
3 5631 1758173765
3 5634 16653353254
3 5640 12476727691
3 5643 16626792883
3 5646 15707234578
3 5649 16609132987
3 5652 16600317097
3 5655 12443632924
3 5658 12437035026
3 5661 16573925498
3 5664 16565146934
3 5670 12410713258
3 5673 16538866955
3 5676 12397594111
3 5679 24782089867
3 5682 15263131733
3 5685 12967623266
3 5688 16495251799
3 5691 16486556359
3 5694 12358402560
3 5697 24703789425
3 5700 12345393715
3 5706 16443216305
3 5709 16434575625
3 5712 12319458014
3 5715 16417321476
3 5718 16408707981
3 5721 -133234742
3 5724 16391508077
3 5727 16382921642
3 5730 12280758146
3 5733 16365775727
3 5736 16215856731
3 5742 12255093029
3 5745 16331591338
3 5748 16323067542
3 5751 24471828961
3 5754 11976550820
3 5757 16297549459
3 5760 16289061152
3 5763 16280581683
3 5766 15182067360
3 5769 24395473801
3 5772 12191397120
3 5775 12185063929
3 5778 16238316413
3 5781 16229889680
3 5784 16221471686
3 5787 24319593633
3 5790 12153496403
3 5796 12140915144
3 5799 24269268556
3 5802 16171146542
3 5805 16162789361
3 5808 16154440812
3 5811 16146100885
3 5814 12103327171
3 5817 16129446835
3 5820 12090849515
3 5823 24169240659
3 5826 11065613150
3 5829 16096241592
3 5832 24131942447
3 5835 15901166743
3 5838 12053570431
3 5841 16063172786
3 5844 16054926803
3 5847 24070033924
3 5850 12028845158
3 5853 24045359364
3 5856 16022027362
3 5859 16013823561
3 5862 14838019716
3 5865 11998080850
3 5868 15989262480
3 5871 15981092188
3 5874 11979697680
3 5877 23947164941
3 5880 11967473499
3 5883 15948494347
3 5886 15940365653
3 5889 15932245243
3 5892 15442531185
3 5895 15916029218
3 5898 3710731
3 5901 15899846169
3 5904 15891766977
3 5907 15883695994
3 5910 11906724903
3 5913 23801367894
3 5916 11894649117
3 5922 11882597801
3 5925 15835441729
3 5928 11870570880
3 5931 23729133090
3 5934 11858568280
3 5937 23705152157
3 5940 11846589928
3 5943 15787479765
3 5946 12754198340
3 5949 23657335410
3 5952 15763607566
3 5955 15755666204
3 5958 15747732835
3 5964 11798917534
3 5967 15723980600
3 5970 11218786142
3 5973 15708185541
3 5976 15700299905
3 5982 15684552363
3 5985 11757517824
3 5988 13823939452
3 5994 15653151858
3 6000 15637498706
3 6003 15629683864
3 6006 9373126097
3 6009 -550704317
3 6012 15606286133
3 6015 15598502450
3 6018 11693044894
3 6021 23374437528
3 6024 14412146807
3 6027 15567445204
3 6030 11669775153
3 6033 87988717
3 6036 15544233306
3 6039 15536511382
3 6042 11646597844
3 6045 11640817896
3 6048 15513391573
3 6051 23258550381
3 6054 12908833817
3 6057 19160616902
3 6060 11612003989
3 6063 15475011091
3 6066 13280939557
3 6069 15459712019
3 6072 11589055365
3 6075 23166664750
3 6078 14269211608
3 6084 15421596357
3 6090 9243841599
3 6093 20884894304
3 6096 15391238884
3 6099 15383668181
3 6102 15376104922
3 6105 11526411824
3 6108 15361000693
3 6111 15353459703
3 6114 15345926110
3 6120 11498160813
3 6123 15323369630
3 6126 10896926423
3 6129 22962553166
3 6132 11475659520
3 6135 15293397268
3 6138 11464441866
3 6141 15278455014
3 6144 22906492245
3 6147 22895312893
3 6150 11442072224
3 6153 15248657930
3 6156 15241226809
3 6162 11419789707
3 6165 15218976844
3 6168 15211574616
3 6171 15204179589
3 6174 15196791745
3 6177 15189411079
3 6180 11386528184
3 6183 22762006850
3 6186 9395221286
3 6189 22739939951
3 6192 15152615025
3 6195 11358957900
3 6198 13282383043
3 6201 15130622842
3 6204 11342479719
3 6210 11331520801
3 6213 15101399040
3 6216 11320583040
3 6219 13231979177
3 6222 11309666373
3 6225 15072287910
3 6228 15065027655
3 6231 15057774392
3 6234 11699602014
3 6237 15043288799
3 6240 11277042336
3 6246 15021612589
3 6252 13507693500
3 6255 14999998760
3 6258 11244605972
3 6264 14978447036
3 6270 8978468156
3 6273 14956957156
3 6276 14949807558
3 6279 11206998597
3 6282 14434170397
3 6285 14928399720
3 6288 14921277391
3 6291 22371242784
3 6294 10968606014
3 6300 11169641932
3 6303 14885767451
3 6306 13629147238
3 6309 22307416129
3 6312 13728862701
3 6315 13878085652
3 6318 14850426121
3 6321 14843377984
3 6324 11127252400
3 6327 14829301760
3 6330 11116705241
3 6336 14808237411
3 6342 11095670794
3 6345 14787232819
3 6348 14780244523
3 6351 14773262831
3 6354 12799447819
3 6357 14759319214
3 6360 11064267952
3 6363 14745401893
3 6366 13570844631
3 6369 14731510793
3 6372 14724575052
3 6375 14717645841
3 6378 13245407976
3 6381 22055710446
3 6384 11022672960
3 6390 11012323032
3 6396 11001992523
3 6399 21993669066
3 6402 10991681377
3 6405 10986533051
3 6408 14641852721
3 6414 -133102836
3 6417 14621317163
3 6420 10960863579
3 6426 10950629346
3 6429 21891038786
3 6432 14587218942
3 6435 10935313782
3 6438 10930218107
3 6441 14566836243
3 6444 14560054661
3 6447 14553279392
3 6450 10909882818
3 6453 21809621626
3 6456 14532991362
3 6462 12049759516
3 6465 14512759820
3 6468 10879521363
3 6471 21748955085
3 6474 10869438396
3 6477 14485871892
3 6480 14479165468
3 6486 10849328427
3 6489 14459083409
3 6492 10085489719
3 6495 14445726288
3 6498 14439056977
3 6501 12649996056
3 6504 14425736813
3 6507 21628628916
3 6510 8647464722
3 6513 14405802585
3 6516 14399170079
3 6519 14392543678
3 6522 9547784209
3 6525 14379309155
3 6528 14372701016
3 6531 13867455674
3 6534 14359502944
3 6540 10759746816
3 6543 21509626831
3 6546 8618237167
3 6549 14326613566
3 6552 10740040320
3 6555 10735124972
3 6558 4270950817
3 6561 42901231018
3 6564 8571794617
3 6567 14287344639
3 6570 10710615552
3 6573 14274302791
3 6576 14267790790
3 6579 14261284731
3 6582 14254784599
3 6585 14248290394
3 6588 14241802100
3 6591 21352979571
3 6594 10671632420
3 6597 18699936118
3 6600 10661930936
3 6603 14209449074
3 6606 13344687211
3 6612 10642580789
3 6615 14183672297
3 6618 4805601
3 6624 14164401001
3 6627 21236983304
3 6630 8490949523
3 6633 14145182005
3 6636 10604090442
3 6642 14126015091
3 6645 14119637659
3 6648 14113265980
3 6651 17868495447
3 6654 14100539861
3 6657 13250926566
3 6660 10565877504
3 6666 10556367263
3 6669 14068824748
3 6672 14062498836
3 6675 14056178612
3 6678 10537398049
3 6681 14043555193
3 6684 14037251980
3 6687 1113837498
3 6690 9265586624
3 6693 14018376250
3 6696 14012095614
3 6699 10504365454
3 6702 11366627606
3 6705 13993287434
3 6708 10490271940
3 6714 13974529674
3 6720 10471539312
3 6723 20933733208
3 6726 10462198063
3 6732 10452873466
3 6735 13930956531
3 6738 8991095855
3 6741 13918556927
3 6744 13912365396
3 6747 13906179374
3 6750 13899998849
3 6756 10253879604
3 6759 20822235294
3 6762 10406498695
3 6765 10401883840
3 6768 13863030767
3 6771 13856888530
3 6774 13850751732
3 6777 20766930553
3 6780 9965125815
3 6783 10374280433
3 6786 10369694102
3 6789 13820149100
3 6792 13814044793
3 6795 13807945878
3 6798 10351389258
3 6804 13789681398
3 6810 8617791867
3 6813 20657197762
3 6816 13765403790
3 6819 13188899
3 6822 12690966634
3 6825 10310438708
3 6828 12057212535
3 6831 13735176729
3 6834 10296860429
3 6837 13723123043
3 6840 10287828096
3 6846 10278811594
3 6849 20207882685
3 6852 6489444257
3 6855 10274207739
3 6858 13681101230
3 6864 10251856669
3 6867 13663170560
3 6870 10059115262
3 6873 13651242870
3 6876 13645286829
3 6882 10225042745
3 6885 13627449854
3 6888 10216135914
3 6894 12882972872
3 6897 13603739631
3 6900 10198368721
3 6903 13591915434
3 6906 13586011039
3 6909 13580111773
3 6912 20361326440
3 6915 13568328596
3 6918 9922764375
3 6921 20334848773
3 6924 13550692119
3 6930 8123375951
3 6936 12960608320
3 6939 20282099489
3 6942 10136667268
3 6945 11611682776
3 6948 13503884893
3 6951 12902718268
3 6954 10119175176
3 6957 20229623164
3 6960 10110451749
3 6963 13474794233
3 6966 13468991133
3 6969 13463193032
3 6972 10093049939
3 6975 13451611790
3 6978 9753454941
3 6981 13440050457
3 6984 13434277238
3 6987 13428508979
3 6990 10067059252
3 6993 13416987308
3 6996 10058425411
3 7002 12608362743
3 7005 12639422247
3 7008 13388269440
3 7011 13382540614
3 7014 9862567990
3 7020 10024037632
3 7026 6847335525
3 7029 13348270343
3 7032 13342575687
3 7035 10002664419
3 7038 9998400707
3 7044 13319845575
3 7047 19971262715
3 7050 9981382152
3 7056 13297192777
3 7059 13291541613
3 7062 9964421435
3 7065 13280253678
3 7068 9955962673
3 7074 13263357681
3 7077 13257735232
3 7080 9939088160
3 7083 19869756933
3 7086 9723331994
3 7089 13235293023
3 7092 13229694336
3 7095 9918075290
3 7098 9913883372
3 7101 19819389995
3 7104 13207346880
3 7107 13201771808
3 7110 9897151079
3 7116 9666333728
3 7119 13179518506
3 7122 13173966896
3 7125 13168419963
3 7128 13162877698
3 7134 9863855365
3 7137 13146278863
3 7140 7884453129
3 7146 13129721835
3 7152 13118706968
3 7155 13113206462
3 7158 13107710566
3 7161 9826664457
3 7164 12378542283
3 7170 9668043737
3 7173 9360757590
3 7176 9806123770
3 7182 9797931520
3 7185 11643247106
3 7188 7828058590
3 7191 13047558371
3 7194 9781588014
3 7200 13031248921
3 7203 8174412456
3 7206 10419051403
3 7209 19522470295
3 7212 12098842647
3 7215 9753117696
3 7218 11018034359
3 7221 12993351646
3 7224 9740966802
3 7227 12982564306
3 7230 9732883012
3 7236 12966416837
3 7239 12961043272
3 7242 9716755616
3 7245 9712732117
3 7248 12944949260
3 7254 9700681579
3 7257 12928895169
3 7260 9692664487
3 7263 19377321817
3 7266 9684660635
3 7272 12902226655
3 7275 12896906150
3 7278 10258666421
3 7281 19329417437
3 7284 12176180632
3 7287 12875667934
3 7290 12870369305
3 7293 9648806279
3 7296 12859785120
3 7299 19281749329
3 7302 12849218328
3 7305 11612503298
3 7308 9629001666
3 7314 9621102567
3 7317 19234315752
3 7320 9613216417
3 7326 9605343185
3 7329 12801881872
3 7332 9597482839
3 7335 12791409985
3 7338 1932951140
3 7344 12775734237
3 7347 12770517523
3 7350 9573978799
3 7353 12760096864
3 7356 10936549714
3 7359 11683507664
3 7362 12177858028
3 7365 11606245506
3 7368 11830515057
3 7371 12728936677
3 7374 447951783
3 7380 9535060186
3 7383 12708247629
3 7386 3359552150
3 7389 6229093631
3 7392 9519581192
3 7395 9515719296
3 7398 12682480702
3 7404 7224327293
3 7407 18089952923
3 7410 7597165363
3 7413 10350360145
3 7416 12651697982
3 7422 4963984232
3 7425 12636362592
3 7428 12631259051
3 7434 9465798248
3 7437 12615973139
3 7440 9458164540
3 7443 9218234709
3 7446 9450543134
3 7449 12595649382
3 7452 12590578668
3 7455 9439134030
3 7458 9435337111
3 7461 18863086497
3 7464 11517706548
3 7467 12565286224
3 7470 9420179943
3 7473 12555197677
3 7476 9412619606
3 7479 18817687974
3 7482 9405071395
3 7485 12535069103
3 7488 12530047040
3 7491 12525029001
3 7494 10065015328
3 7497 12515004968
3 7500 12509998964
3 7503 12504996966
3 7506 12499998965
3 7512 12490014941
3 7515 11791301336
3 7518 8209938608
3 7521 12475068773
3 7524 9352570996
3 7527 11227771162
3 7530 6914171207
3 7533 18682794153
3 7536 12450237823
3 7539 9705200097
3 7542 11844994650
3 7545 9669251703
3 7548 9322833091
3 7551 14695961461
3 7554 12420570854
3 7557 10935050207
3 7560 9308034944
3 7566 9300653473
3 7569 18033802840
3 7572 11490520321
3 7575 12386137589
3 7578 9215753901
3 7581 12376334553
3 7584 12371438849
3 7587 18549820529
3 7590 7416995433
3 7596 12351894712
3 7599 12347018323
3 7602 9256609336
3 7605 12337277087
3 7608 9568201919
3 7611 12327551207
3 7614 12322694015
3 7620 8492706438
3 7623 12308145382
3 7626 9227477600
3 7632 12293631058
3 7635 12288800556
3 7638 9212980384
3 7641 18418726391
3 7644 9205748845
3 7650 9198528650
3 7656 9191319772
3 7659 12250292759
3 7662 9828349314
3 7665 9180527616
3 7668 12235914480
3 7674 3924723403
3 7677 18332354872
3 7680 10643937384
3 7683 12212025543
3 7686 9155444207
3 7689 12202496064
3 7692 11407257539
3 7695 12192981447
3 7698 12188229700
3 7701 12183481657
3 7704 12178737310
3 7707 8300005139
3 7710 1914213256
3 7713 18246789622
3 7716 9606793209
3 7719 12155070896
3 7722 9112761483
3 7725 12145630063
3 7728 9105686358
3 7731 18204305828
3 7734 2674461984
3 7740 9091569015
3 7743 12117395356
3 7746 8230240225
3 7749 12108012936
3 7752 9077495378
3 7755 9073983776
3 7758 11517568239
3 7761 11148271795
3 7764 9185201961
3 7767 4727794357
3 7770 7245173145
3 7776 18098956835
3 7782 12056668239
3 7785 12052022124
3 7788 9035534691
3 7791 12042740629
3 7794 10622137489
3 7797 12033473418
3 7800 9021633868
3 7803 18036330688
3 7806 3546807140
3 7809 11868695724
3 7812 9007775752
3 7815 9622162387
3 7818 8261211370
3 7821 11996546764
3 7824 11991946860
3 7830 8987068221
3 7833 11155278344
3 7836 11973582470
3 7839 11969000159
3 7842 262027579
3 7845 11291925728
3 7848 11955274240
3 7854 7167684662
3 7857 17912369652
3 7860 8066359228
3 7866 8945937474
3 7869 11923369200
3 7872 11918825233
3 7875 11914284729
3 7878 8932310761
3 7881 11905214089
3 7884 11900683946
3 7887 11896157252
3 7890 7750628640
3 7893 17830671273
3 7896 8911948350
3 7902 8503349094
3 7905 8901801920
3 7908 5863345496
3 7911 17790100917
3 7914 32533804
3 7917 8888309231
3 7920 8884942446
3 7923 11842104284
3 7926 -80556868
3 7929 17749714763
3 7932 10363352534
3 7935 11824195619
3 7938 11819726913
3 7944 9518449288
3 7947 17004721263
3 7950 8851414361
3 7953 11797433954
3 7956 8844739087
3 7959 11788540299
3 7962 9194915757
3 7965 11779660042
3 7968 11775224929
3 7974 10202156227
3 7980 7054510694
3 7983 17629649049
3 7986 11748684227
3 7992 11739863893
3 7995 8801594019
3 7998 8798292595
3 8001 11726658198
3 8004 8791697173
3 8007 11717870893
3 8010 8785111632
3 8016 11704714600
3 8019 17550503598
3 8022 7021257435
3 8025 11691587819
3 8028 11687218763
3 8034 8758867833
3 8037 11674131174
3 8040 8752331365
3 8043 11665422384
3 8046 11661072860
3 8052 8739287652
3 8055 11648043730
3 8058 8732780364
3 8064 11635043680
3 8070 7873876088
3 8073 11622072618
3 8076 6965492878
3 8082 11609130442
3 8085 8703617092
3 8088 11240383193
3 8091 11596217061
3 8094 8693939236
3 8100 11583332374
3 8103 11579043840
3 8106 7624690583
3 8109 11570476290
3 8112 11566197267
3 8115 8880461631
3 8118 8668236533
3 8124 9592307201
3 8127 11544849543
3 8130 8168130060
3 8136 11532078691
3 8142 8642685357
3 8145 11519336064
3 8148 8636321082
3 8151 8633142459
3 8154 11506621564
3 8160 8623620610
3 8163 3279021410
3 8166 8869519392
3 8169 10694113912
3 8172 11481276583
3 8175 11477063271
3 8178 8604639786
3 8181 17202968874
3 8184 8598331400
3 8190 6873625804
3 8196 11447656446
3 8199 17165201653
3 8202 6074716506
3 8205 7356131075
3 8208 11430920106
3 8211 8570057749
3 8214 11422570274
3 8217 11418399932
3 8220 7920730669
3 8226 7290658120
3 8229 11401748966
3 8232 11397593809
3 8235 11393441680
3 8238 8238305654
3 8241 11385146492
3 8244 11381003425
3 8250 8529544748
3 8253 11368592298
3 8256 11364461269
3 8262 11356208210
3 8265 8514064632
3 8268 8510975348
3 8271 17015776612
3 8274 6101311332
3 8277 11335627913
3 8280 8498640601
3 8283 11327416665
3 8286 5876644910
3 8289 16978825957
3 8292 1893082207
3 8295 8483272354
3 8298 8062212523
3 8304 11298770741
3 8307 11294690291
3 8310 6386007030
3 8313 11286538223
3 8316 8461849949
3 8319 11278397914
3 8322 8455749120
3 8325 11270269339
3 8328 11266209442
3 8334 11258098420
3 8337 11254047288
3 8340 7523824047
3 8343 16868930643
3 8346 8431433522
3 8349 11087785709
3 8352 11233835277
3 8355 8737531459
3 8358 8419328090
3 8361 11932431926
3 8364 8413288400
3 8370 8407257368
3 8376 10452801461
3 8379 11197636023
3 8382 8395221209
3 8385 8392217553
3 8388 11185621392
3 8394 2557817
3 8397 16225277165
3 8400 8377231449
3 8406 10250945648
3 8412 8862813001
3 8415 8362298774
3 8418 8359318624
3 8421 2549735440
3 8424 11137819591
3 8427 16700781815
3 8430 6705555850
3 8433 15788374754
3 8436 8341482240
3 8439 11118022543
3 8442 8335553681
3 8445 6820338303
3 8448 11106178058
3 8451 16653353255
3 8454 11098295746
3 8460 8317818460
3 8463 8314869926
3 8466 8311923479
3 8469 16617958242
3 8472 8772469168
3 8475 11070795544
3 8478 11066878065
3 8481 6640144292
3 8484 8294288564
3 8487 11055142246
3 8490 7200698190
3 8493 11047332185
3 8496 11043431289
3 8502 6224656376
3 8505 11031745120
3 8508 8835853475
3 8514 8265062741
3 8517 10594440156
3 8520 8259242274
3 8523 16512670228
3 8526 8253429999
3 8532 10996834533
3 8535 10992969214
3 8538 3163544
3 8541 10985246720
3 8544 10981389540
3 8547 8233151304
3 8550 8230262476
3 8556 8224490904
3 8559 16443216305
3 8562 52849313
3 8565 10954464943
3 8568 8212972009
3 8574 -976093435
3 8577 -586184171
3 8580 6561188268
3 8586 10927672051
3 8589 9734824020
3 8592 10920040995
3 8595 8758949362
3 8598 104129497
3 8601 10908614376
3 8604 8253467480
3 8607 10901009903
3 8610 6538326985
3 8613 10893416027
3 8616 9265883878
3 8619 10885832724
3 8622 10882045028
3 8625 10878259970
3 8628 5807066055
3 8631 10870697746
3 8634 54598569
3 8640 10859374101
3 8643 10855604794
3 8646 8138878577
3 8649 16272111037
3 8652 8133234417
3 8655 9672945260
3 8658 8127598080
3 8664 10829292732
3 8667 16238316413
3 8670 8116348809
3 8673 10818055142
3 8676 10814314457
3 8679 10810576362
3 8682 10806840847
3 8685 10803107915
3 8688 5012622251
3 8694 8093943429
3 8697 10368731319
3 8700 8088361399
3 8703 16171146542
3 8706 8800824347
3 8712 10769627208
3 8715 8074439953
3 8718 138861997
3 8721 10758513043
3 8724 2933839186
3 8730 8060566343
3 8733 10743729789
3 8736 8055030240
3 8739 14489016119
3 8742 8049501736
3 8745 8046740329
3 8748 16087961631
3 8754 10717956618
3 8757 10714284829
3 8760 8032961664
3 8763 10355837410
3 8766 10033613196
3 8769 10699622789
3 8772 8021972660
3 8775 10692306808
3 8778 6413191540
3 8784 10681351575
3 8787 10677704818
3 8790 6564752351
3 8793 16005628154
3 8796 3418013518
3 8799 9524126216
3 8802 10659508320
3 8805 -117595469
3 8808 9796588174
3 8811 10648620162
3 8814 7983746786
3 8820 7978315666
3 8823 9482528602
3 8826 2121724966
3 8829 15940365654
3 8832 10623300751
3 8835 7964770141
3 8838 6721132872
3 8841 7786671224
3 8844 7956664877
3 8847 15907933577
3 8850 7951270528
3 8853 10598101461
3 8856 10594511318
3 8862 7940503743
3 8865 10583755470
3 8868 10580175037
3 8874 7929766078
3 8877 10569448265
3 8880 7924408128
3 8883 10562309157
3 8886 -10638027
3 8892 7913713920
3 8895 9161665047
3 8898 3231265396
3 8901 10540949584
3 8904 7903048537
3 8910 7897726619
3 8916 8006139874
3 8919 -431904880
3 8922 10516139008
3 8925 7884453129
3 8928 10509071711
3 8931 10505541623
3 8934 7787160240
3 8937 15747732836
3 8940 7871224180
3 8943 10272300869
3 8946 7865945023
3 8949 10484410799
3 8952 10480897256
3 8955 7682172073
3 8958 10473877231
3 8961 10470370745
3 8964 10466866603
3 8967 10463364809
3 8970 6275919213
3 8973 15684552363
3 8976 7839655100
3 8979 10449381027
3 8982 7647659150
3 8985 8301417566
3 8988 7829188270
3 8991 15653151858
3 8994 -107818537
3 9000 10424999137
3 9006 7813540326
3 9009 7810938416
3 9012 7154154986
3 9015 9617173688
3 9018 9749832432
3 9021 10400730766
3 9024 10397273075
3 9027 10393817685
3 9030 6234218753
3 9036 9973167674
3 9039 10196423500
3 9042 7782431340
3 9045 10373133470
3 9048 7777270576
3 9051 9138211986
3 9054 10362822204
3 9060 7766969556
3 9063 10352531418
3 9066 5733030
3 9072 10342261049
3 9075 10338842121
3 9078 7751569087
3 9081 15498016557
3 9084 10328598881
3 9087 10325188977
3 9090 7741335993
3 9093 8046992176
3 9096 9054913905
3 9099 15467357771
3 9102 7731129881
3 9105 10304776742
3 9108 7726036910
3 9114 7720950644
3 9117 -274046676
3 9120 7715871072
3 9126 10281064238
3 9129 10277685643
3 9132 3354857726
3 9135 7703201333
3 9138 11064185
3 9141 8721745991
3 9144 10260825922
3 9150 7690573134
3 9153 15376104922
3 9156 7685533440
3 9159 10244021426
3 9162 10240667129
3 9165 7677986272
3 9168 7008944370
3 9171 12532179128
3 9174 7499565357
3 9177 7667946407
3 9180 7665440542
3 9186 74398259
3 9189 13726818641
3 9192 10207244586
3 9195 5447735281
3 9198 7509080192
3 9204 7645452431
3 9207 10190614993
3 9210 6063824006
3 9213 10183978317
3 9216 15270994830
3 9219 6673610434
3 9222 7630529622
3 9225 10170730867
3 9228 7196916940
3 9231 8440233925
3 9234 12718067232
3 9240 6092531963
3 9243 10150924185
3 9246 7610722926
3 9252 10141049744
3 9255 7758873301
3 9258 -276443421
3 9261 15196791746
3 9264 8917268140
3 9270 7591018789
3 9273 10118083925
3 9276 9137291551
3 9279 13470768598
3 9282 6064963945
3 9285 10105007242
3 9288 10101743350
3 9291 10098481568
3 9294 -36386083
3 9297 1464891213
3 9300 7566531632
3 9303 9434720714
3 9306 7561653146
3 9309 10078955015
3 9312 10075707929
3 9315 10072462936
3 9318 -1196049195
3 9321 9928859032
3 9324 7547055360
3 9330 6015117512
3 9333 10053036778
3 9336 5805608132
3 9339 8868803378
3 9342 10043351770
3 9345 7530095685
3 9348 7527679094
3 9351 13926660541
3 9354 7315613752
3 9360 7518028224
3 9366 6260301799
3 9369 15021612590
3 9372 7508402067
3 9375 15011998758
3 9378 4981093927
3 9381 10001598149
3 9384 7498800530
3 9387 9995205309
3 9390 7494008964
3 9393 9988820636
3 9396 9985631357
3 9399 9982444115
3 9402 9979258906
3 9405 7482056797
3 9408 9972894583
3 9414 5892156902
3 9417 9963363304
3 9420 6874804245
3 9423 14935528850
3 9426 9953850226
3 9429 9950683237
3 9432 9797432100
3 9435 7458266475
3 9438 7455895759
3 9441 13781107308
3 9444 9934878466
3 9447 9931723535
3 9450 7446427955
3 9453 9925419680
3 9456 9605432112
3 9459 14878685734
3 9462 7436984165
3 9465 9912835948
3 9468 7046380440
3 9471 7429917030
3 9474 -96182800
3 9477 14850426122
3 9480 7422863309
3 9483 9894020062
3 9486 7418168266
3 9492 7413479159
3 9495 9881515770
3 9498 -60056909
3 9504 9872158274
3 9510 6225738101
3 9513 9862818485
3 9516 7394781859
3 9519 9234323550
3 9522 9853496349
3 9525 9850392887
3 9528 9847291376
3 9531 14222834591
3 9534 4701302746
3 9537 9837998558
3 9540 7376178634
3 9546 7371542444
3 9549 14738453069
3 9552 9822549438
3 9555 7364599078
3 9558 9816383368
3 9564 4609135788
3 9567 13245407977
3 9570 5882444654
3 9576 7348448640
3 9579 9794862954
3 9582 12629864
3 9585 9788731585
3 9588 7339251582
3 9591 9782607886
3 9594 7334661682
3 9597 8435898380
3 9600 9773436691
3 9603 9770383447
3 9606 107037672
3 9612 9761235147
3 9615 7738354270
3 9618 6829645979
3 9621 13435911637
3 9624 6680657913
3 9630 7307242386
3 9633 9739955595
3 9636 7302692421
3 9639 9733892752
3 9642 9730864160
3 9645 9727837453
3 9648 9724812628
3 9654 -272987630
3 9657 9715749429
3 9660 5827639269
3 9666 9706703107
3 9669 8752808325
3 9672 7275511184
3 9675 9697673616
3 9678 -57296158
3 9681 519905372
3 9684 9688660908
3 9690 5809597042
3 9693 14519497406
3 9696 9676669991
3 9699 9673676898
3 9702 7253014242
3 9705 1641051819
3 9708 8404649862
3 9711 9661723020
3 9714 -108869531
3 9717 9655757151
3 9720 9652776979
3 9723 7123096212
3 9726 7013898542
3 9729 9643847492
3 9732 8175559493
3 9735 7228427753
3 9738 4291864467
3 9741 9631967174
3 9744 7221751249
3 9747 14439056977
3 9750 7217307095
3 9756 8046556690
3 9762 89250579
3 9765 7206220604
3 9768 7204007389
3 9774 8082594227
3 9780 7195168116
3 9783 14385923373
3 9786 5725441438
3 9789 8416098289
3 9792 9581800677
3 9795 9578865976
3 9798 7181949803
3 9801 14359502944
3 9804 7177554485
3 9807 9567145125
3 9810 7173164544
3 9816 7738183024
3 9819 9728973161
3 9822 -100839098
3 9825 9549617531
3 9828 7160026880
3 9831 9543789262
3 9834 7155658346
3 9837 8727265069
3 9840 7151295140
3 9843 9532154042
3 9846 1160775276
3 9849 9526347065
3 9852 4348609682
3 9855 9520547158
3 9858 7138237388
3 9861 9514754309
3 9864 9292477794
3 9867 7131726380
3 9870 5405090845
3 9873 14254784600
3 9876 159630208
3 9879 9497417981
3 9882 9494534733
3 9885 9491653237
3 9888 9488773486
3 9891 9302107665
3 9894 7112264420
3 9900 7107953957
3 9906 5663160735
3 9909 8107485797
3 9912 7099348686
3 9915 7302672005
3 9918 7095053859
3 9924 -114560226
3 9927 100042533
3 9930 5534200360
3 9933 7084339493
3 9936 9442934001
3 9942 100820573
3 9945 7075791272
3 9948 8343854812
3 9951 9428699854
3 9954 7069393628
3 9960 7065134957
3 9963 14126015091
3 9966 7060881414
3 9972 7326891428
3 9975 7054510696
3 9978 -81187878
3 9981 14100539861
3 9984 9397535280
3 9990 7043918336
3 9996 7039690293
3 9999 9383437568
3 10002 117767240
3 10005 7033357741
3 10008 8980655593
3 10011 9372189816
3 10014 106438351
3 10017 9366576045
3 10020 6852859258
3 10023 8867473246
3 10026 8974111130
3 10032 7014428247
3 10035 9349775011
3 10038 5827897597
3 10044 9341397076
3 10047 9184602358
3 10050 7001865092
3 10053 13999551214
3 10056 9330249824
3 10059 7067058781
3 10062 6993514627
3 10065 6991430124
3 10068 2335144211
3 10071 13974529675
3 10074 6985184055
3 10080 6981026208
3 10086 9302497743
3 10089 9299731613
3 10092 8736835714
3 10095 7797764243
3 10098 6968582311
3 10101 6966512640
3 10104 2944877648
3 10107 -503243758
3 10110 5636519844
3 10116 9274910264
3 10122 6952059294
3 10125 13899998850
3 10128 8764049427
3 10131 9261177795
3 10134 5998364350
3 10137 9255696187
3 10140 6939718360
3 10143 9250221063
3 10146 4899247490
3 10149 9060536086
3 10152 9242020511
3 10155 -129681669
3 10158 9236561551
3 10161 13850751733
3 10164 6923331776
3 10170 6124937659
3 10176 9220223293
3 10179 9217505869
3 10182 -790420324
3 10185 6909056868
3 10188 8147079499
3 10191 9206652167
3 10194 9203942734
3 10197 9201234896
3 10200 6898896488
3 10203 9195823997
3 10206 9193120932
3 10209 9190419457
3 10212 6890789676
3 10215 8728200918
3 10218 6318480396
3 10224 9176935860
3 10227 7432681666
3 10230 5502932096
3 10233 13753297015
3 10236 -663362802
3 10242 7900748821
3 10245 4124849652
3 10248 6866583155
3 10251 9152764827
3 10254 -53064151
3 10257 9147410768
3 10260 6858552064
3 10263 3817201351
3 10266 6854543559
3 10269 9136721418
3 10272 9134052982
3 10275 8061326674
3 10278 4333313069
3 10281 9126057022
3 10284 9123394811
3 10287 13681101230
3 10290 6838556285
3 10293 9115417491
3 10296 6834571112
3 10302 6830590582
3 10305 8921014920
3 10308 9102152913
3 10311 4436217274
3 10314 8722006760
3 10317 6766927338
3 10320 6818676761
3 10323 9088926885
3 10329 7916736437
3 10332 6810757276
3 10335 6808780279
3 10338 -64895751
3 10341 13609659448
3 10344 6054217323
3 10350 6798912480
3 10353 6796942354
3 10356 3360349739
3 10359 13586011039
3 10362 6385432765
3 10365 15701079
3 10368 13574217626
3 10374 5426546688
3 10377 12506460055
3 10380 4412711487
3 10386 7920780770
3 10392 2417435564
3 10395 6769479960
3 10398 12109648
3 10404 9018165343
3 10410 5499666809
3 10413 9010370905
3 10416 6755831814
3 10419 9005182095
3 10422 6389661753
3 10425 8999999256
3 10428 6748057554
3 10431 8994822379
3 10434 6744177130
3 10437 8989651455
3 10440 6740301166
3 10446 -123640549
3 10449 13468991134
3 10452 6732562588
3 10455 6730630720
3 10458 6728699959
3 10461 5692586700
3 10464 8966455680
3 10467 7524859869
3 10470 4419062613
3 10476 7695380375
3 10479 7940561149
3 10482 8951058217
3 10485 8948497115
3 10488 6709453106
3 10491 8366981023
3 10494 6705616940
3 10500 6701785159
3 10503 13399741822
3 10506 6697957755
3 10509 8928060924
3 10512 8925512960
3 10515 6071497128
3 10518 61340225
3 10521 8508476621
3 10524 8915335636
3 10527 8912794932
3 10530 6682691754
3 10536 5674626272
3 10539 13353969860
3 10542 5512033713
3 10545 6673185792
3 10548 8895050458
3 10554 -99816885
3 10557 8887467296
3 10560 6663706835
3 10563 8882419032
3 10566 6110325371
3 10569 7567587325
3 10572 7707248944
3 10575 8872339692
3 10578 6652367572
3 10584 8864795184
3 10590 4828651288
3 10593 8857263498
3 10596 5625242700
3 10602 6637308449
3 10605 6635430852
3 10608 6633554315
3 10611 13263357681
3 10614 6629804426
3 10620 6626058773
3 10626 5297853881
3 10629 10534111449
3 10632 8228858108
3 10635 6280555661
3 10638 8388128200
3 10644 3620449219
3 10647 8812340776
3 10650 6607393819
3 10653 8807377475
3 10656 8804897920
3 10659 6601814821
3 10662 -178960090
3 10665 8797467627
3 10668 3008564093
3 10674 8139315105
3 10680 6588833724
3 10683 13173966897
3 10686 6024308266
3 10689 6580606010
3 10692 9290863913
3 10695 6579592724
3 10701 8767871436
3 10704 4802328145
3 10707 8762958088
3 10710 5256302086
3 10716 6566698784
3 10719 13129721836
3 10725 6561188269
3 10728 8745804645
3 10731 8743359635
3 10737 13107710567
3 10740 4979795079
3 10746 8731155056
3 10752 8166151348
3 10755 8384303835
3 10758 5737782525
3 10761 8718984503
3 10764 6537415847
3 10767 8714125777
3 10770 3576095959
3 10773 8709272463
3 10776 8706847831
3 10782 7207372788
3 10785 5548140194
3 10788 6522872096
3 10791 8694744903
3 10794 5291677040
3 10797 8689913147
3 10800 8687499281
3 10803 7923283322
3 10809 11896531021
3 10812 6508392913
3 10815 6506587536
3 10818 3625419520
3 10824 6501177400
3 10827 11199627089
3 10830 5329967202
3 10833 8661035008
3 10836 6493977868
3 10842 5217893503
3 10845 8651451567
3 10848 8649059018
3 10854 8644277891
3 10857 6481416983
3 10860 5768146293
3 10863 8637116105
3 10866 -45967605
3 10872 8629966173
3 10875 8110306693
3 10878 6468904594
3 10881 8622828071
3 10884 3497746675
3 10887 7873049014
3 10890 6303886727
3 10896 5576375732
3 10899 8608587232
3 10902 6454663747
3 10905 8157069933
3 10908 8601484436
3 10914 5771625435
3 10917 12891590030
3 10920 5155219353
3 10923 5807258648
3 10926 6653706786
3 10932 8582600826
3 10935 12870369305
3 10938 1183079783
3 10941 5822897625
3 10944 8573190080
3 10947 8570840617
3 10950 6426369331
3 10953 12849218329
3 10956 6422849961
3 10959 4347807264
3 10962 6419334444
3 10965 6417578129
3 10968 3777763456
3 10971 8552091172
3 10974 6412314942
3 10980 6408810945
3 10983 5701415210
3 10989 8538082832
3 10992 8107967760
3 10995 7863752240
3 10998 6398321892
3 11001 8185300625
3 11004 6394833167
3 11007 -78963614
3 11010 6178320081
3 11016 8517156158
3 11022 4661001203
3 11025 8510203378
3 11028 -213911580
3 11034 7290021289
3 11037 7019167682
3 11040 6373980450
3 11043 12744497723
3 11046 4732227579
3 11049 7373453459
3 11052 7370309625
3 11055 6365331902
3 11058 6363605007
3 11061 966056773
3 11064 6375352677
3 11067 6358429945
3 11070 6356706791
3 11076 6353263287
3 11079 6788763517
3 11082 -28122886
3 11085 7563615419
3 11088 6346387461
3 11094 -17983043
3 11097 12682480702
3 11100 6339526502
3 11106 7208144978
3 11109 7278245577
3 11112 5565617374
3 11115 6330971136
3 11118 5602576257
3 11121 5284911029
3 11124 8434465321
3 11130 5057951063
3 11133 12641470256
3 11136 8425376458
3 11139 8423107303
3 11142 7510115703
3 11145 7049808047
3 11148 -481816070
3 11151 8414042888
3 11154 6308834873
3 11160 6305443026
3 11163 12607496941
3 11169 8400482786
3 11172 6298670262
3 11175 7605493100
3 11178 8393719112
3 11184 8389216044
3 11187 8115917006
3 11190 5877756922
3 11193 6286852871
3 11196 6183535758
3 11205 8373493283
3 11208 8371251984
3 11211 8369011885
3 11214 6091567196
3 11220 5017379264
3 11223 8360063462
3 11226 968825162
3 11229 8205648807
3 11232 8353364693
3 11235 6263350618
3 11241 -146319837
3 11244 7443925071
3 11247 8342223904
3 11250 8339999309
3 11253 8337775903
3 11256 6251665260
3 11259 12499998966
3 11262 275564288
3 11265 2113989162
3 11268 7074077254
3 11271 8324460318
3 11274 8322245186
3 11277 6764372019
3 11280 6238363845
3 11286 6235047330
3 11289 8040137879
3 11292 -66999305
3 11295 7703378777
3 11298 4864921100
3 11304 8300158548
3 11310 4977453169
3 11313 12440333100
3 11316 6218517513
3 11319 5171884728
3 11322 6215222061
3 11325 8284767527
3 11328 8282573467
3 11331 -1136174375
3 11340 6205356629
3 11343 7270457263
3 11346 6202075108
3 11349 8267247533
3 11352 6198797055
3 11355 2065288435
3 11358 8260696622
3 11361 4934341215
3 11364 7088726677
3 11367 9194060429
3 11370 5180931696
3 11373 7624812702
3 11376 8247625899
3 11382 4344320470
3 11385 6180829528
3 11388 6179201280
3 11394 7543710619
3 11397 8232428906
3 11400 6172696857
3 11403 6063843263
3 11412 4967104798
3 11415 -139155127
3 11418 5436279282
3 11421 12543886840
3 11424 6159729007
3 11427 8210815809
3 11430 5103759776
3 11433 8206506800
3 11436 4474247700
3 11439 8202202311
3 11442 -109119055
3 11445 5302508023
3 11448 8195754038
3 11451 7439025939
3 11454 6143595615
3 11457 8189315898
3 11460 4389666404
3 11466 6137165897
3 11472 5207677827
3 11475 8176469913
3 11481 8172196868
3 11484 6127546514
3 11487 1243780290
3 11490 4505433538
3 11493 12245496246
3 11496 5705941412
3 11502 8157276320
3 11505 6116361945
3 11508 4702486262
3 11511 -10913340
3 11514 6111581047
3 11517 7859509853
3 11520 8144530576
3 11523 7453287757
3 11526 5834168814
3 11529 8138172630
3 11532 -29557427
3 11535 -120071584
3 11538 -198329011
3 11544 6095698560
3 11547 -244647960
3 11550 4874025570
3 11556 4686017697
3 11562 6086208629
3 11565 6020386012
3 11568 7054751227
3 11571 6081474738
3 11574 5651531563
3 11577 7647610180
3 11580 4083565753
3 11583 8100232430
3 11592 6070457572
3 11595 8091849267
3 11601 7546492978
3 11604 6608093654
3 11607 8083483436
3 11610 6061046010
3 11613 8079307005
3 11616 8077220406
3 11619 7174255610
3 11622 5553429378
3 11625 8070967074
3 11628 6051663585
3 11634 6048542562
3 11637 12093966517
3 11640 6045424757
3 11646 4412382733
3 11649 4442841527
3 11652 -51048301
3 11655 6037644288
3 11658 5544571850
3 11661 8046050273
3 11664 12065971223
3 11670 3196916319
3 11673 -298690698
3 11676 5362021022
3 11679 7648785358
3 11682 6023689794
3 11685 6022143278
3 11688 6612256472
3 11691 6481353281
3 11694 -732327232
3 11697 4569183274
3 11700 6014422579
3 11703 8017174421
3 11706 8015119787
3 11709 -277087061
3 11712 8011013681
3 11715 6006721654
3 11718 6005183834
3 11724 4933757213
3 11727 -360194028
3 11730 4799232339
3 11736 7994631240
3 11739 5994441111
3 11742 5668316787
3 11745 7988505086
3 11748 5709821773
3 11754 7982388313
3 11760 5983736749
3 11763 11964421351
3 11766 5980685379
3 11772 7478664080
3 11775 7968152208
3 11778 5974591966
3 11781 5973070553
3 11784 3622864909
3 11790 5182727174
3 11796 6672778216
3 11799 7951944422
3 11802 4690558098
3 11805 3331600681
3 11808 7945883488
3 11811 7372644675
3 11814 4900401381
3 11817 7939831789
3 11820 3177137516
3 11823 1542601801
3 11826 7933789297
3 11832 5947324558
3 11835 7787570628
3 11844 5941298900
3 11847 7208796100
3 11850 5491509847
3 11853 10009356669
3 11856 5935285440
3 11859 7911711970
3 11862 2145016747
3 11865 5044529120
3 11868 5929284140
3 11871 11855571422
3 11877 7677415014
3 11880 5923294964
3 11883 7895732748
3 11886 3628133360
3 11889 7894057010
3 11892 3399126001
3 11895 5915825490
3 11898 4260201140
3 11904 7881803783
3 11907 11819726913
3 11910 4164075094
3 11913 6393845964
3 11916 7114090023
3 11919 7871884575
3 11922 7869903727
3 11925 7867923877
3 11928 5077128821
3 11931 7863967164
3 11934 5896492724
3 11937 4618799756
3 11940 4732497091
3 11943 -239448609
3 11946 5890569577
3 11949 4908063031
3 11952 7850149952
3 11955 4984317712
3 11961 11766364715
3 11964 7842276181
3 11970 4703007129
3 11973 7836381212
3 11976 7308626454
3 11979 10660995791
3 11982 7830495095
3 11985 5871401267
3 11988 7826575929
3 11991 4736799074
3 11997 7820704529
3 12000 7818749353
3 12006 5861131449
3 12012 4686563048
3 12015 7808988119
3 12018 7807038794
3 12024 7803143066
3 12027 6184506113
3 12030 2818420986
3 12033 7434192436
3 12036 5846522447
3 12042 6972104534
3 12045 5842153939
3 12048 7787598957
3 12051 7785660298
3 12054 5837791951
3 12060 5692381388
3 12066 106126736
3 12069 11661072861
3 12072 6207908166
3 12075 5827639270
3 12078 5826191768
3 12084 5823298922
3 12087 7762471435
3 12090 4656327158
3 12093 6912701320
3 12096 7756695786
3 12099 7576520148
3 12105 7167073537
3 12108 7749008278
3 12111 4201439581
3 12114 2425905820
3 12117 4227399253
3 12120 5434824287
3 12123 11609130443
3 12126 5803129158
3 12129 5713611677
3 12132 6255523695
3 12135 6821043311
3 12138 5042811078
3 12141 7727945989
3 12144 5794527682
3 12150 9430684507
3 12156 5253676923
3 12159 5393406966
3 12165 7712699733
3 12168 7710798178
3 12177 7705099142
3 12180 4621920799
3 12183 6647077595
3 12186 4812842966
3 12189 3845591843
3 12192 6246510571
3 12195 4015428349
3 12198 5099204228
3 12201 5758614955
3 12204 6708043058
3 12207 5445548069
3 12210 4610564729
3 12213 7682386984
3 12216 3506917643
3 12222 5757547388
3 12225 6871566594
3 12228 7672963055
3 12231 11506621564
3 12240 5749080406
3 12243 5747671665
3 12246 5746263610
3 12249 -330453828
3 12252 101547969
3 12255 5742043590
3 12258 6135085256
3 12261 7652311576
3 12264 5737829760
3 12267 7648568700
3 12270 -35502310
3 12276 5732220933
3 12282 4828896018
3 12285 5728021504
3 12288 9602691977
3 12291 7633633735
3 12294 5454541759
3 12300 5721036112
3 12303 -76257866
3 12306 4354742954
3 12309 7622470733
3 12312 7620613404
3 12315 3792885
3 12321 11422570275
3 12324 3808446427
3 12327 4052052988
3 12330 4068871685
3 12336 2735403227
3 12339 7145720442
3 12342 3732572513
3 12345 15856460
3 12348 7598395872
3 12351 5853053730
3 12354 5387886684
3 12357 384899148
3 12360 4965381371
3 12363 5445106528
3 12366 6894706539
3 12369 5689121530
3 12372 5207617181
3 12375 7581817555
3 12384 7576307512
3 12390 3961077500
3 12393 11356208211
3 12396 4125966029
3 12402 5673983565
3 12405 398063229
3 12408 5671239859
3 12411 7149520532
3 12420 5665760400
3 12423 7552522920
3 12426 4972138784
3 12429 4965921246
3 12432 5660291520
3 12435 -160023685
3 12438 4753976772
3 12441 5656196783
3 12444 5654833186
3 12447 4971662379
3 12450 5511922596
3 12453 2280373561
3 12456 7348726007
3 12462 5373480773
3 12465 6719443691
3 12468 5333262307
3 12474 5641233299
3 12480 5638521168
3 12483 7516221440
3 12489 4745563663
3 12492 7510806294
3 12495 5631752235
3 12501 11258098421
3 12504 5327654426
3 12507 4693624306
3 12510 4262381494
3 12513 7498201250
3 12516 5622302986
3 12519 7110550720
3 12522 7492812029
3 12525 7491017344
3 12528 7489223518
3 12537 6765656890
3 12540 4489234078
3 12543 6965101301
3 12546 5608858933
3 12549 7476690751
3 12552 4683975897
3 12555 7473117661
3 12558 4482799437
3 12561 7469547986
3 12564 4740182746
3 12567 5422715647
3 12570 5598149894
3 12573 6274404294
3 12576 5879180949
3 12579 2411399651
3 12582 7457080928
3 12585 4267317750
3 12588 -184587548
3 12591 65423350
3 12597 5586151003
3 12600 5584820966
3 12606 4635577337
3 12609 11161669312
3 12612 7439342866
3 12615 7437573702
3 12618 3757012371
3 12621 4824381910
3 12624 5891607164
3 12627 7430505444
3 12630 3346463793
3 12636 7425213060
3 12639 2438504566
3 12642 5566266744
3 12645 5260112940
3 12648 5563626200
3 12654 5560988160
3 12660 4888681281
3 12663 7409381050
3 12669 7019544590
3 12672 7404118705
3 12675 7402366252
3 12681 -166973478
3 12684 5547835397
3 12690 5545212307
3 12696 7390122261
3 12699 7388376426
3 12702 5539973561
3 12705 5355152881
3 12708 3965045003
3 12711 3477204583
3 12714 5389642850
3 12717 11066878065
3 12720 5532133976
3 12726 4967216521
3 12732 -62650589
3 12735 4952121704
3 12738 4445268492
3 12741 7364021053
3 12744 7362287526
3 12747 3912702367
3 12750 4144286507
3 12753 7357091840
3 12756 -27445548
3 12762 5365158049
3 12765 5512631742
3 12768 5511336480
3 12771 7346722437
3 12780 4823154808
3 12786 7338103569
3 12789 7336382223
3 12792 5500996261
3 12795 4508674607
3 12798 7064635413
3 12801 5820821646
3 12804 5495840688
3 12807 65599581
3 12810 4394613219
3 12816 7320926360
3 12825 7315788869
3 12828 6403354308
3 12831 5484275908
3 12834 5482993936
3 12837 6484504334
3 12840 5096374933
3 12843 7055601766
3 12852 5475314673
3 12855 3365981551
3 12861 7161607561
3 12864 7293609471
3 12870 4374125512
3 12873 3482935302
3 12876 5465109053
3 12879 10927672052
3 12882 3985083973
3 12885 5054663805
3 12888 6530734701
3 12894 4702898843
3 12897 -352848634
3 12900 5454941409
3 12903 5453673113
3 12906 6236824066
3 12909 6316794218
3 12912 6690097404
3 12915 5448605823
3 12921 7261434273
3 12924 3324695642
3 12927 5811805148
3 12930 2954181047
3 12933 162047252
3 12936 5439760681
3 12939 5807853429
3 12942 2756978465
3 12945 -7498064
3 12948 5434719198
3 12951 10866920574
3 12954 4298844102
3 12957 2310687449
3 12960 7239582734
3 12963 7237907294
3 12969 6020837750
3 12972 5424664213
3 12975 5163293582
3 12978 4731270422
3 12984 4513367980
3 12987 7224531628
3 12990 979647453
3 12993 7221195431
3 12996 6678203075
3 12999 7217862315
3 13002 2244004435
3 13005 7214532275
3 13008 3721417995
3 13014 7209542971
3 13020 4323732361
3 13023 -458428377
3 13026 3054955797
3 13029 6748462679
3 13032 6892520405
3 13035 4978467305
3 13038 5397203879
3 13041 7194616383
3 13044 3998844
3 13050 5392240933
3 13053 5938865214
3 13056 7186350508
3 13059 10777049418
3 13062 129931435
3 13065 5386050071
3 13068 7179751472
3 13077 -503054010
3 13080 4838547995
3 13083 7171519700
3 13086 4032784382
3 13092 96098545
3 13095 7164947862
3 13098 5372480086
3 13101 6061267764
3 13104 5370020160
3 13107 5752948309
3 13110 4294049987
3 13113 7155112655
3 13116 127991584
3 13122 10725307754
3 13125 7148570837
3 13128 2945899991
3 13131 10717956618
3 13134 4819691974
3 13137 7142040971
3 13140 4992060118
3 13143 -36842029
3 13146 3187772522
3 13149 8931710609
3 13152 5617669334
3 13155 7132268509
3 13158 5347981773
3 13161 6529523396
3 13164 5649912682
3 13167 5344326285
3 13170 1487634835
3 13176 7120901050
3 13179 6535103144
3 13182 5215756512
3 13185 3335601536
3 13188 4489897481
3 13194 726501204
3 13197 7109569769
3 13200 5330965468
3 13203 10084029344
3 13206 4568767008
3 13209 5327333196
3 13212 3855345094
3 13215 3364894898
3 13221 7096663811
3 13224 5321290394
3 13230 5318877110
3 13233 5041174377
3 13236 2121750386
3 13239 -634746650
3 13245 48669935
3 13248 7082200500
3 13251 837715400
3 13254 32694114
3 13257 5612452910
3 13260 4245474761
3 13266 5077468729
3 13272 5089017057
3 13275 7067796026
3 13281 7064602985
3 13284 7063007545
3 13287 7061412828
3 13290 2320944464
3 13293 7058225550
3 13296 4964106922
3 13299 5291280863
3 13302 -263881194
3 13305 1476580530
3 13308 15254497
3 13311 7048680959
3 13314 2392147420
3 13317 4091209221
3 13320 5282938752
3 13329 10558743218
3 13332 4487704270
3 13335 3462882099
3 13338 5275809280
3 13344 6493673882
3 13347 -1373158
3 13350 4886316505
3 13356 5268699024
3 13359 7023354461
3 13362 3669076324
3 13365 7020201440
3 13368 1773196444
3 13374 1077895005
3 13377 6867617889
3 13380 4413329714
3 13383 10516139009
3 13386 4983706469
3 13392 7006047807
3 13395 5253359030
3 13398 4201746181
3 13401 8587666976
3 13404 4366851999
3 13407 6498337704
3 13410 5247482787
3 13413 4206511243
3 13416 5245135970
3 13419 6524854426
3 13425 6159853597
3 13428 5423056350
3 13431 6985704136
3 13437 -791391993
3 13440 5235769656
3 13446 5529466490
3 13452 4012232897
3 13455 5229932679
3 13461 5720596877
3 13464 5226436733
3 13470 5224108699
3 13473 7002613809
3 13476 4247523318
3 13482 4549787508
3 13485 5218297677
3 13488 5315434725
3 13491 -22691936
3 13494 3035066240
3 13497 5386503187
3 13500 6949999424
3 13503 3135392862
3 13509 6945369180
3 13512 6013658005
3 13515 5206714332
3 13518 781547436
3 13524 5203249347
3 13527 10404190756
3 13530 4160753536
3 13533 5683513470
3 13536 6931515383
3 13542 5196333198
3 13545 5195182295
3 13548 5447896249
3 13554 5783819309
3 13560 4161057257
3 13563 5583751640
3 13566 4149712173
3 13572 5184847051
3 13575 5240933796
3 13578 5182555912
3 13581 10362822204
3 13584 4803022686
3 13587 -145640719
3 13590 5177979704
3 13593 5757881424
3 13596 4275170017
3 13599 10349105696
3 13605 -142241587
3 13608 12632096945
3 13611 4388045815
3 13617 6890283634
3 13620 3743962207
3 13623 5795134197
3 13626 52241361
3 13629 5163162683
3 13632 6498691183
3 13635 6686177947
3 13638 19872625
3 13644 2342835029
3 13650 4124175482
3 13653 6872115451
3 13656 6870605758
3 13659 6869096730
3 13662 5150691273
3 13665 6866080661
3 13668 4942081613
3 13671 6863067241
3 13674 5146171140
3 13677 6190385124
3 13680 5143914048
3 13689 10281064238
3 13692 3674090626
3 13695 5006312676
3 13698 10815574
3 13704 4436413373
3 13707 -997706055
3 13710 1985527348
3 13713 6842047127
3 13716 5740362183
3 13719 5210040911
3 13725 6511472225
3 13728 5125928334
3 13731 6000816415
3 13734 4623817353
3 13737 5919369679
3 13740 2343258837
3 13743 7626777838
3 13746 4846031451
3 13752 5842000791
3 13755 3102129026
3 13761 6818181254
3 13764 5112521372
3 13767 4047552877
3 13770 5110293694
3 13776 5108067957
3 13779 -1051357594
3 13785 5682443077
3 13788 6303471271
3 13794 4609883615
3 13797 6800390828
3 13800 5099184360
3 13803 6344654674
3 13806 4913372731
3 13812 -754794677
3 13815 5668506332
3 13818 3968674345
3 13821 3377557047
3 13824 10180663220
3 13827 5646619794
3 13830 1300446079
3 13833 6782692999
3 13836 2436938707
3 13839 82712484
3 13842 6160246147
3 13845 4619280908
3 13848 4277982205
3 13851 10160817873
3 13857 6016364605
3 13860 4061687975
3 13869 6765087047
3 13872 5786103976
3 13875 6762161603
3 13878 4942328346
3 13881 2416409957
3 13884 4911077600
3 13887 10134477451
3 13890 2524415771
3 13893 -131098161
3 13896 6079181086
3 13899 6577411329
3 13902 2930843940
3 13905 6569048814
3 13908 5059587588
3 13914 5765687690
3 13920 5055225874
3 13923 5054136622
3 13926 4606267036
3 13932 6734495566
3 13935 745174896
3 13938 4137973722
3 13941 10095221889
3 13944 4146000357
3 13950 5044354421
3 13956 -500967325
3 13959 6721469463
3 13962 3296522393
3 13965 5038936211
3 13968 5069366489
3 13974 3191776820
3 13977 10069220030
3 13980 5033529626
3 13983 6261667914
3 13986 5031370240
3 13992 5029212705
3 13995 4016484882
3 14001 5513455211
3 14004 -12153292
3 14007 5023826957
3 14010 3545271573
3 14013 6972316596
3 14016 6694134720
3 14022 5018452729
3 14025 5017379264
3 14028 3927011698
3 14031 -699800324
3 14040 5012018816
3 14043 6681264134
3 14049 4778317365
3 14052 5427446435
3 14055 -118304576
3 14058 4619273978
3 14061 6288654349
3 14064 3590304741
3 14067 10004797637
3 14070 3100541155
3 14076 4999200353
3 14079 5370853872
3 14085 4405532849
3 14088 1898948748
3 14091 4993878660
3 14094 6657087571
3 14097 4941733211
3 14100 4990691076
3 14103 9979258906
3 14112 6648596388
3 14115 5082974811
3 14118 4325199398
3 14121 8436789493
3 14124 3880501768
3 14127 3573664188
3 14130 3720036273
3 14133 1319452930
3 14136 4977981336
3 14139 9953850227
3 14142 6634492450
3 14145 4974814011
3 14148 5250638519
3 14151 6630272930
3 14154 1154947794
3 14157 6627462897
3 14160 4969544080
3 14166 2006950218
3 14172 -539247560
3 14175 6619047072
3 14178 3431621003
3 14181 6616246545
3 14184 5920019248
3 14190 3625297560
3 14193 6610652593
3 14196 4956941686
3 14202 4126679178
3 14205 5040859604
3 14208 6603673440
3 14211 7270495459
3 14214 3604803658
3 14217 2830778897
3 14220 4208844605
3 14223 3147757221
3 14229 6593927348
3 14232 1839940956
3 14235 4943361024
3 14238 4023154494
3 14241 5885841926
3 14244 173749293
3 14247 73963471
3 14250 4702638036
3 14256 6581438849
3 14259 6281498060
3 14265 4835852286
3 14268 4931927682
3 14271 6574521214
3 14274 4929854573
3 14280 3942226564
3 14283 9098915421
3 14289 4053790672
3 14292 2421153179
3 14295 4185478964
3 14301 6307648016
3 14304 6559353484
3 14307 2340061078
3 14310 4917452423
3 14313 3030723095
3 14316 6553855283
3 14319 6552482173
3 14322 3930665782
3 14325 4069757014
3 14328 5952450864
3 14331 5636513658
3 14337 9816383369
3 14340 3441849694
3 14343 5390911606
3 14346 3676287707
3 14352 4903061885
3 14355 4902037214
3 14364 4898965760
3 14370 3287246632
3 14373 8667928740
3 14376 2572050498
3 14382 4892834388
3 14385 3645090027
3 14388 4406553131
3 14391 6519699274
3 14400 6515624460
3 14406 6512910748
3 14409 9767332109
3 14412 -23508061
3 14415 5384976846
3 14418 6271970648
3 14421 4879602259
3 14424 1352602172
3 14427 2687276740
3 14430 3901247078
3 14433 12600201
3 14436 3390363705
3 14442 3612448011
3 14445 6311538746
3 14448 4870483401
3 14454 4482134214
3 14457 6489935134
3 14460 2731454996
3 14463 -274346207
3 14469 4863414486
3 14472 6483208418
3 14475 5491605690
3 14478 3584508066
3 14481 -140084131
3 14484 4495130150
3 14487 -112424528
3 14490 3885092846
3 14496 6472474630
3 14499 8472521476
3 14505 -149462717
3 14508 4850340789
3 14511 28529882
3 14514 4848335688
3 14517 9694667518
3 14520 4228295466
3 14523 6089263817
3 14526 5307467361
3 14529 4548863807
3 14532 1949313734
3 14535 4841330871
3 14541 6265280578
3 14544 5696532399
3 14547 3201029090
3 14550 4344821060
3 14553 6447123772
3 14556 6445795014
3 14559 6444466807
3 14562 6443139145
3 14565 3018409063
3 14568 2137405332
3 14571 9658739164
3 14574 1310811021
3 14577 5921343078
3 14580 6435184652
3 14586 3859522510
3 14589 9646822151
3 14592 6429892560
3 14595 3201649223
3 14598 6427249776
3 14601 6013599333
3 14604 -495172232
3 14607 3565095005
3 14610 -17497862
3 14616 4814500833
3 14619 5086212343
3 14625 4797454360
3 14628 4810551283
3 14634 137930026
3 14637 4807593372
3 14640 4660507115
3 14643 -393963468
3 14649 3987586844
3 14652 4802671592
3 14655 4500802836
3 14658 1820083564
3 14661 8634696662
3 14664 4460843499
3 14670 2861355347
3 14673 6076797808
3 14676 11175515
3 14679 5335799037
3 14685 4363467226
3 14688 6387867118
3 14691 4600869192
3 14694 4582123657
3 14697 6383955381
3 14700 4786989399
3 14703 4903870601
3 14706 4785036323
3 14712 3229466779
3 14715 4764532071
3 14718 2098631986
3 14721 893231822
3 14724 5176879740
3 14730 68796062
3 14733 -452676033
3 14736 5107000877
3 14742 4773351253
3 14745 -18414419
3 14748 -11417704
3 14751 5738306978
3 14760 4767530093
3 14763 4766561280
3 14766 3968624394
3 14769 7830122274
3 14772 -25506107
3 14775 3704894962
3 14778 2230123933
3 14781 5390256858
3 14784 4759790596
3 14787 6020507118
3 14790 3806287717
3 14796 5369891541
3 14805 4753039121
3 14808 12550336
3 14814 5422882282
3 14817 6332252970
3 14820 3798582681
3 14823 9494534734
3 14826 1454995194
3 14832 5710830236
3 14835 3829121044
3 14841 5863922733
3 14844 127538315
3 14847 5614667659
3 14850 4738635971
3 14856 6315629525
3 14859 5261618638
3 14865 3596952068
3 14868 4732899124
3 14874 4170858515
3 14877 6306714543
3 14880 4729082270
3 14883 6097351611
3 14886 145040925
3 14889 3140124275
3 14892 4725271567
3 14895 4443118851
3 14898 2930889786
3 14904 6295289334
3 14910 2861347342
3 14913 9437235188
3 14916 4333611699
3 14922 6287695499
3 14925 3219380316
3 14928 3226375048
3 14931 5916890644
3 14934 3330942013
3 14937 3148796128
3 14940 3943285990
3 14943 3524182956
3 14946 3769636587
3 14949 6276339035
3 14952 3680679559
3 14955 -1004371311
3 14958 5431750189
3 14964 3442476841
3 14967 8676499657
3 14970 2299330880
3 14973 4699709088
3 14976 6265023520
3 14982 3573018305
3 14985 6261260743
3 14988 3805007840
3 14991 5336737563
3 14994 4693126862
3 15000 6254999482
3 15006 4467067377
3 15012 4989940626
3 15015 3749250439
3 15021 9369382089
3 15024 216386028
3 15030 3704365809
3 15036 2740465381
3 15039 2851708120
3 15042 3987264933
3 15045 4677217960
3 15048 4676285498
3 15051 5486424447
3 15054 2351323006
3 15057 5198737442
3 15060 3131920953
3 15066 9536561843
3 15072 5379200182
3 15075 5948501010
3 15078 3043242133
3 15081 5026549447
3 15084 4738163253
3 15087 6081342725
3 15090 4663269991
3 15093 6216457446
3 15096 4661416545
3 15099 460073006
3 15102 -23138790
3 15105 4371496893
3 15108 6210285427
3 15111 6209052494
3 15114 1202344749
3 15120 4654017472
3 15129 5347494196
3 15132 3959440880
3 15135 3610023884
3 15138 2773526343
3 15141 6196750032
3 15144 4327947194
3 15147 6194295388
3 15150 3744276983
3 15156 2858971099
3 15159 5805335072
3 15162 3076916969
3 15165 2729620517
3 15168 6185719424
3 15171 2769960910
3 15174 1455305838
3 15180 3708497716
3 15183 4044621753
3 15189 6177167176
3 15192 6175947356
3 15195 2991582358
3 15198 3925341576
3 15201 4730526426
3 15204 2008541725
3 15207 4822429197
3 15210 4626478907
3 15213 1823196139
3 15216 4232387358
3 15219 5504897210
3 15222 4622831702
3 15225 4621920802
3 15228 6161347007
3 15237 6848358270
3 15240 2985886639
3 15246 3825075156
3 15249 4614646481
3 15252 4613738800
3 15255 4720634290
3 15264 6146815529
3 15267 413763513
3 15270 2197704483
3 15273 -790420323
3 15276 3550505576
3 15279 1059415598
3 15282 3983231584
3 15285 6138370444
3 15288 4602874422
3 15291 9203942735
3 15300 4599264325
3 15309 9193120932
3 15312 4595659886
3 15315 102040379
3 15318 4593859784
3 15324 -807553634
3 15327 5943026256
3 15330 2548343477
3 15333 5140233778
3 15336 5932603961
3 15345 4585776748
3 15348 15234986
3 15351 4583984378
3 15354 5200061293
3 15360 6108397932
3 15363 8183287647
3 15366 3087944552
3 15369 5347256164
3 15372 4577722103
3 15375 6102438520
3 15378 3675411412
3 15384 2418845732
3 15387 4487719030
3 15390 4572368042
3 15393 2809891300
3 15396 5248196121
3 15399 6092927608
3 15402 4568805621
3 15405 4567915883
3 15408 5867062170
3 15411 102282439
3 15414 2450772156
3 15417 7572232213
3 15420 2794915127
3 15423 5913401774
3 15426 5589440228
3 15429 5025095963
3 15432 5320122014
3 15435 5770574228
3 15438 3580631554
3 15444 4556380741
3 15447 3514666777
3 15450 3863725417
3 15453 5407924541
3 15456 4552843179
3 15462 1615951851
3 15465 -285206554
3 15468 117417319
3 15471 9096857886
3 15477 4162654933
3 15480 4545784507
3 15483 3664837128
3 15486 3456334822
3 15492 -76917462
3 15495 2486930628
3 15498 4540504850
3 15504 4538747689
3 15510 1282373338
3 15516 -131893946
3 15519 4785755452
3 15522 3051119015
3 15525 6043477762
3 15528 406146747
3 15531 4968194381
3 15534 1264240312
3 15540 3622586572
3 15543 6036478945
3 15549 6034149608
3 15552 9049478417
3 15555 3769285623
3 15561 4522122240
3 15564 -216246695
3 15570 3305925938
3 15573 4119993794
3 15576 4517767345
3 15579 8415757969
3 15582 4355216719
3 15585 3431028505
3 15588 22618248
3 15594 3084490593
3 15597 -981841236
3 15600 4510816934
3 15603 102460405
3 15606 5307319934
3 15609 6010954722
3 15612 -4248191
3 15615 4023078093
3 15618 4069038445
3 15621 3928605659
3 15624 4503887876
3 15630 820381676
3 15633 6316265634
3 15636 -221761497
3 15639 1329403381
3 15642 3587981372
3 15645 3875564169
3 15648 4758713269
3 15651 5994824117
3 15657 3401346586
3 15660 4493534110
3 15663 4902542826
3 15666 3701333748
3 15669 8981906207
3 15672 5986791235
3 15675 4489234079
3 15678 4045638463
3 15684 -39846303
3 15687 5617818974
3 15690 589353605
3 15696 5000117089
3 15705 2997596937
3 15708 3583842331
3 15714 5472960914
3 15717 5969650204
3 15720 3391547695
3 15723 8951058218
3 15729 5317336234
3 15732 4472968737
3 15735 3737729677
3 15738 3473963676
3 15741 5960548393
3 15744 5959412616
3 15747 1734927217
3 15750 4178733226
3 15753 5114585580
3 15756 3305122808
3 15759 5331462008
3 15762 3842177063
3 15765 -89343913
3 15768 5950341973
3 15771 4046360556
3 15774 2671431910
3 15777 8920421395
3 15780 1097769111
3 15786 5943557090
3 15789 3657316665
3 15792 4455974175
3 15795 12704894006
3 15801 1555747288
3 15804 2081313601
3 15807 5375529514
3 15810 3560720768
3 15813 5140891322
3 15816 3653877504
3 15822 3710137540
3 15825 3919594573
3 15828 -4915896
3 15834 3555323692
3 15840 4442471223
3 15846 3214055162
3 15849 875195077
3 15852 -19512879
3 15855 4438268319
3 15858 2181580580
3 15861 271882079
3 15864 4067869875
3 15867 5913215620
3 15870 3184534862
3 15873 4433235317
3 15876 5909863456
3 15879 5908746914
3 15885 1269939428
3 15888 4423396517
3 15894 22804504
3 15897 4234003690
3 15900 3807670403
3 15903 5899829733
3 15906 -85465419
3 15912 4422369543
3 15915 3163564304
3 15918 1880892613
3 15921 5893159491
3 15924 5892049248
3 15930 4417372515
3 15933 4784909476
3 15936 5607585397
3 15939 4414878235
3 15945 4634750764
3 15948 3942758006
3 15951 3043639115
3 15957 7457879037
3 15960 3527255347
3 15963 4534935975
3 15966 17041059
3 15972 2736317827
3 15975 5873238951
3 15981 2860147144
3 15984 5869931946
3 15990 3520637607
3 15993 8799942997
3 15996 4399146297
3 16002 2859110001
3 16005 3229064116
3 16008 4395848586
3 16011 2310814887
3 16014 2829993097
3 16017 257462043
3 16020 2915076199
3 16023 5392314804
3 16029 5584850873
3 16032 3443692983
3 16035 8586654
3 16038 6852884772
3 16044 2450552051
3 16050 3135845979
3 16056 3793729858
3 16059 5319573477
3 16065 4380251739
3 16068 2901954299
3 16071 169336102
3 16074 4102420117
3 16077 4925252715
3 16080 3871682417
3 16086 2480238381
3 16089 5195055684
3 16092 4580997935
3 16095 3112028387
3 16104 3751607049
3 16107 4368829962
3 16110 3577537037
3 16113 4108620871
3 16116 3520471453
3 16119 5709892532
3 16125 5818604171
3 16128 5147850501
3 16131 3824848082
3 16137 3777632838
3 16140 1915661756
3 16146 4358277231
3 16149 4753972176
3 16152 -180493803
3 16155 -24305526
3 16164 4339250050
3 16167 1679645937
3 16170 3481446836
3 16173 7023350737
3 16176 3663968235
3 16182 4348581397
3 16185 3289694274
3 16188 2747605975
3 16191 3260205802
3 16200 5791666187
3 16203 3096903944
3 16206 3254453004
3 16212 2831083373
3 16215 4339731373
3 16218 3839057001
3 16224 5783098633
3 16227 4201892067
3 16230 413372822
3 16233 -45200109
3 16236 4334118266
3 16245 -135508498
3 16248 121826794
3 16254 4329318578
3 16260 3430638324
3 16263 5385173437
3 16269 4325326953
3 16272 5379018556
3 16275 4323732361
3 16281 8644277892
3 16284 4321342678
3 16287 23756695
3 16290 2059816244
3 16296 2753952054
3 16299 8634731478
3 16302 3453256983
3 16305 41843582
3 16308 5753310782
3 16317 5750137417
3 16320 4311810305
3 16326 3193963943
3 16332 4484797391
3 16335 2882227822
3 16338 1656029673
3 16341 5741692201
3 16344 4263722434
3 16350 3812379980
3 16353 5737478888
3 16356 4302319893
3 16359 4301530912
3 16362 4743288773
3 16365 5733271754
3 16368 4299165700
3 16371 4569513432
3 16377 4883152056
3 16380 3436812902
3 16383 5726972608
3 16389 5244405362
3 16392 5723828223
3 16395 1676627579
3 16398 5721733884
3 16401 3749190054
3 16404 5719641077
3 16410 326149525
3 16416 5715460053
3 16419 4546807315
3 16422 3428023099
3 16425 5712328295
3 16428 259419081
3 16434 3348748151
3 16440 1848218507
3 16443 5706075062
3 16452 4879276828
3 16455 4224434224
3 16458 2547916013
3 16461 5699835505
3 16464 2997209332
3 16467 38648622
3 16470 3295020599
3 16473 4571815806
3 16476 -324062487
3 16482 3181074280
3 16485 3101044531
3 16488 5346323501
3 16491 2037378287
3 16497 5324149580
3 16500 2464626523
3 16506 3292826458
3 16512 5682230634
3 16515 2067084132
3 16524 9417047395
3 16527 4509464973
3 16530 3405625852
3 16533 1755743791
3 16536 4255487674
3 16539 5672954365
3 16542 4584237101
3 16545 -112596783
3 16548 3096576933
3 16551 6684918745
3 16554 3194875851
3 16560 4249320300
3 16566 2297573810
3 16569 4197367686
3 16572 -98066325
3 16575 4245474764
3 16578 1559922107
3 16584 5089121
3 16587 5172296910
3 16590 2133250085
3 16596 99722469
3 16599 3190868637
3 16605 5650406037
3 16608 5196141046
3 16611 4495032866
3 16614 3668869163
3 16617 4270278496
3 16620 2343544582
3 16626 3562780494
3 16629 3410190477
3 16632 4230924974
3 16635 -21232427
3 16638 3148517675
3 16641 8457273503
3 16644 3060266123
3 16647 4377145230
3 16650 4226351001
3 16653 3101722065
3 16656 4383566226
3 16659 2244701733
3 16665 2962488050
3 16668 2942403206
3 16674 2297008781
3 16677 4235556229
3 16680 2969211155
3 16683 5213206596
3 16686 4168555086
3 16692 3746107922
3 16695 4214959222
3 16698 3090334381
3 16701 3762529301
3 16704 5616917638
3 16710 3296869325
3 16713 8420839368
3 16716 2975181493
3 16722 4350812585
3 16725 1585834816
3 16728 4206644200
3 16731 5607853222
3 16737 1704407459
3 16740 4203628684
3 16752 -234646806
3 16755 2786073504
3 16758 4199113508
3 16761 5597815896
3 16764 2928300558
3 16767 8393719112
3 16770 2189278583
3 16776 4425202259
3 16779 3313773771
3 16785 4005442696
3 16788 -66585017
3 16791 3368036923
3 16794 1496316479
3 16797 4675094770
3 16800 4188615724
3 16809 -124069498
3 16812 3594089224
3 16815 4184879227
3 16821 5392495377
3 16824 960127569
3 16827 4793913237
3 16830 3344919509
3 16833 3409618365
3 16836 4179659312
3 16839 8357829346
3 16842 2679700432
3 16845 1331663072
3 16848 5568909795
3 16851 4256888969
3 16854 -123507906
3 16860 16684625
3 16863 3550688878
3 16866 5562966455
3 16872 4170741120
3 16875 8339999310
3 16878 3080030786
3 16881 2650629096
3 16884 3376666303
3 16887 1237542485
3 16890 532521616
3 16896 3633879195
3 16899 2574295986
3 16902 4824431175
3 16905 4162599478
3 16908 5549147873
3 16911 8322245187
3 16920 4158909230
3 16926 3325947970
3 16929 5542264294
3 16932 3259315878
3 16935 -1157091259
3 16938 104422768
3 16944 2726164820
3 16947 3273906403
3 16950 3518914303
3 16956 5533439032
3 16962 72935609
3 16965 4147877643
3 16968 3397819479
3 16974 4145678342
3 16980 1538562909
3 16983 5524641832
3 16986 2893211073
3 16989 4355082259
3 16992 5521715644
3 16995 2681185824
3 17004 4138364160
3 17010 7304858267
3 17013 4261374250
3 17016 -70566409
3 17019 4760113017
3 17025 3310013534
3 17028 4132531370
3 17031 4043756067
3 17034 713168029
3 17037 7204712006
3 17040 3438735281
3 17043 4128894219
3 17046 4336614972
3 17052 4126714999
3 17055 2671069684
3 17061 5499384106
3 17064 5146391491
3 17070 -46771825
3 17073 3496324941
3 17076 -14869990
3 17082 1772247348
3 17085 3783913494
3 17088 4703680916
3 17091 8234596475
3 17094 3293260520
3 17097 4840879146
3 17100 4115131238
3 17112 4112245452
3 17115 2646209469
3 17118 2380096162
3 17121 12113133
3 17124 -274763316
3 17127 4272452564
3 17130 1259345728
3 17136 4106486004
3 17139 3293800827
3 17145 5472440492
3 17148 1690124459
3 17154 1739463037
3 17157 4101459706
3 17160 3280594134
3 17163 8200051760
3 17169 4149987777
3 17172 5463836025
3 17175 -50100250
3 17178 182869153
3 17181 5010977311
3 17184 4112736808
3 17187 3323508901
3 17190 876847211
3 17193 -79906378
3 17196 5456210295
3 17199 5455258575
3 17202 3064744381
3 17205 4090017099
3 17208 3451086671
3 17214 4087878713
3 17220 2291643461
3 17226 4085031009
3 17232 948304735
3 17235 1807773618
3 17238 3377396976
3 17241 273867227
3 17244 4025815585
3 17250 2515139001
3 17253 9378418184
3 17256 3181444239
3 17259 2083580793
3 17262 1845330976
3 17265 -593644460
3 17268 -16484716
3 17271 4688168747
3 17277 3052625640
3 17280 5429687050
3 17283 3100647752
3 17286 3254320524
3 17289 4398482408
3 17292 3039925003
3 17295 2546009412
3 17298 4300169443
3 17301 5423096482
3 17304 3471278759
3 17307 3460839764
3 17310 972238707
3 17313 4374923945
3 17316 4063799040
3 17319 1676667579
3 17325 4061687977
3 17328 2971872527
3 17331 4656144366
3 17334 4633496638
3 17340 2934306835
3 17343 5409963227
3 17346 4056770677
3 17352 3175096683
3 17355 3077146877
3 17358 2013948279
3 17361 4805612834
3 17364 -409456662
3 17367 3681022508
3 17370 1364841172
3 17376 4646151213
3 17385 2787611216
3 17388 4046971714
3 17391 4046273600
3 17394 2612707564
3 17400 4044180699
3 17406 1844769514
3 17409 1978366504
3 17412 4138986214
3 17415 5387596454
3 17424 5384813604
3 17427 4216278189
3 17430 2173791364
3 17433 5382033629
3 17436 -93623971
3 17442 4034442390
3 17445 3151272929
3 17448 49993598
3 17451 3845626183
3 17457 4620053444
3 17460 2780744676
3 17466 1640695389
3 17469 -205590666
3 17472 4027515120
3 17475 5369098268
3 17478 3752662733
3 17484 3850060622
3 17487 4802879710
3 17490 2088148906
3 17493 4275885121
3 17496 8043980815
3 17499 4242631160
3 17505 1723054929
3 17508 5358978309
3 17511 -565874643
3 17514 2989923128
3 17520 2539001215
3 17523 4659351966
3 17526 2113657369
3 17532 1976788977
3 17535 1438806152
3 17538 1595211613
3 17541 -732327232
3 17544 3855163197
3 17550 4009615052
3 17556 3206595770
3 17559 -740552085
3 17565 -940854066
3 17568 5340675787
3 17574 2678599714
3 17577 5337941187
3 17580 222333874
3 17586 2184222463
3 17589 3434084861
3 17592 28229281
3 17595 3999360285
3 17598 -95130928
3 17604 4271421667
3 17610 41233355
3 17613 4612644113
3 17616 946662901
3 17619 99303819
3 17622 3089947318
3 17625 4854074328
3 17628 2761271902
3 17631 7982388314
3 17640 3989157833
3 17646 2936522079
3 17649 5316164783
3 17652 -31922278
3 17655 2566932787
3 17658 4064763563
3 17661 675867291
3 17664 4883238528
3 17667 5310748415
3 17670 3185908055
3 17673 3564878185
3 17676 3358928112
3 17679 3542937976
3 17682 1655697517
3 17685 3314234433
3 17688 3401934161
3 17694 -234616022
3 17697 3185695693
3 17700 3975635264
3 17703 571981052
3 17706 2155428822
3 17712 5297255659
3 17715 383940660
3 17721 2917848394
3 17724 2295908289
3 17727 2224664183
3 17730 2231636147
3 17733 2242093923
3 17736 1474292162
3 17739 7933789298
3 17745 3965553351
3 17748 3964883039
3 17751 4410594979
3 17754 2355434653
3 17760 3962204064
3 17763 4193199364
3 17766 3739673109
3 17772 5279371609
3 17775 4377955965
3 17784 3956856960
3 17787 4744761501
3 17790 497018938
3 17793 164908464
3 17796 49403366
3 17799 1849700682
3 17802 3952856093
3 17805 -89755739
3 17808 3698540125
3 17820 3948863309
3 17823 2576683521
3 17829 358657568
3 17832 90257093
3 17835 3945542146
3 17838 4500061717
3 17841 2072687791
3 17844 5258069504
3 17847 7885778470
3 17850 3153781251
3 17853 630158909
3 17856 5254535855
3 17862 1548264551
3 17865 -43430073
3 17868 -572111354
3 17871 3937594103
3 17874 2547881300
3 17877 4988570848
3 17880 3230821795
3 17886 875569018
3 17889 3642348491
3 17892 3228182216
3 17895 5243084228
3 17898 3931654049
3 17901 5241326867
3 17904 3282310478
3 17907 2963839441
3 17910 1816307898
3 17913 5237815679
3 17916 -575938470
3 17919 3730542600
3 17922 3188669009
3 17925 4040432445
3 17928 4827827254
3 17931 4329184581
3 17934 3305725026
3 17940 3137959606
3 17946 5228184121
3 17949 1548818272
3 17952 3919827550
3 17955 3919172608
3 17958 3128516513
3 17964 2683055996
3 17967 2698704279
3 17970 9365877
3 17973 7830495096
3 17976 2013145709
3 17979 2983629754
3 17982 12573367706
3 17985 2420433988
3 17988 1504228119
3 17997 3256859236
3 18000 5028283240
3 18003 584259696
3 18009 5209894622
3 18012 2638061053
3 18015 -50529269
3 18018 3124375365
3 18024 379095306
3 18030 202696812
3 18036 1404654466
3 18039 2974171711
3 18042 434617124
3 18045 -40401515
3 18048 5198636537
3 18051 157528349
3 18054 3610539384
3 18057 3366118615
3 18060 2139589345
3 18063 3767448984
3 18069 1560108851
3 18072 986392830
3 18075 2921872159
3 18078 3634701088
3 18081 5189148402
3 18084 3314817393
3 18090 3185134756
3 18093 4656548041
3 18096 3888635288
3 18102 410207088
3 18105 2972395980
3 18108 3251680907
3 18117 5178837128
3 18120 3883484778
3 18123 96966724
3 18126 3669171117
3 18132 -115932783
3 18135 3880272634
3 18144 5171130524
3 18147 2694003213
3 18150 3150379218
3 18156 3029865814
3 18162 1441534873
3 18165 1527733896
3 18168 71210093
3 18171 1306825484
3 18174 2815961250
3 18177 3861025836
3 18180 2836390200
3 18183 3870029380
3 18186 87105240
3 18189 4974824490
3 18192 3473179882
3 18195 2523712405
3 18198 2880502271
3 18204 3865564940
3 18207 3903698844
3 18210 1595292496
3 18213 3164794251
3 18216 3863018455
3 18225 7722221583
3 18228 3860475322
3 18231 4370623646
3 18234 3977998244
3 18240 3857935536
3 18249 2800048272
3 18252 5140532119
3 18255 930390791
3 18258 2059819073
3 18264 603494351
3 18270 3081280533
3 18276 -28882904
3 18279 -67521315
3 18282 1667597047
3 18285 3311427945
3 18288 3825110844
3 18291 3847178622
3 18297 4370583603
3 18300 3352463588
3 18306 4136555424
3 18309 2434004934
3 18312 3116080144
3 18315 3842137274
3 18318 2213253246
3 18321 3166632432
3 18324 1601063126
3 18327 5119495402
3 18330 2401523169
3 18333 4499783124
3 18336 1900243723
3 18342 5115308703
3 18345 50010912
3 18348 2575168099
3 18354 2086380245
3 18357 4460394090
3 18360 3832720271
3 18369 3858251381
3 18372 -127638297
3 18375 2879888746
3 18378 3516241621
3 18381 216099651
3 18384 -49433416
3 18387 3476601824
3 18390 530645061
3 18396 2701352271
3 18405 4183492820
3 18408 3329903236
3 18411 3195864505
3 18414 3821480622
3 18417 5094477507
3 18420 2361537591
3 18423 4216326587
3 18426 2570422521
3 18432 7142674436
3 18435 9211561
3 18438 98474565
3 18441 6481164600
3 18444 3124378955
3 18447 3024164981
3 18450 3814024074
3 18456 3148288796
3 18459 3247852278
3 18462 2246369228
3 18465 -167820588
3 18468 6865524694
3 18471 2451034896
3 18480 3046265981
3 18483 4424685987
3 18486 2750611953
3 18492 2904836851
3 18495 4658104528
3 18501 1692419032
3 18504 2048313995
3 18507 3809644080
3 18510 45171200
3 18513 4583818987
3 18516 -104263870
3 18522 671386585
3 18525 3798582683
3 18528 3363273756
3 18531 4578896151
3 18537 3209308845
3 18540 3113035584
3 18543 2439667342
3 18546 -125068013
3 18549 6600687359
3 18552 1542252592
3 18555 43193669
3 18558 2138406429
3 18561 3596087375
3 18564 3032481972
3 18567 7579979984
3 18570 2324062544
3 18573 5051687516
3 18576 5050871675
3 18579 482660556
3 18582 2756098698
3 18585 3373989434
3 18588 83357452
3 18594 -279297180
3 18600 3783265816
3 18603 5043540948
3 18606 409742299
3 18612 3280954966
3 18615 2520158399
3 18618 618100848
3 18624 4123547695
3 18627 172918189
3 18630 3777173600
3 18636 5034610014
3 18639 4004732081
3 18642 1968555696
3 18645 2842370029
3 18648 3773527680
3 18657 533898920
3 18660 1271404295
3 18666 2292409174
3 18669 4387457029
3 18672 812048377
3 18675 4354424632
3 18678 1437606488
3 18681 4121957710
3 18684 3068353228
3 18690 1762499779
3 18693 4130442706
3 18696 3763839547
3 18699 1854041363
3 18702 3767304208
3 18705 3762028558
3 18708 -776587315
3 18711 9330811834
3 18717 106443009
3 18720 3759014112
3 18732 1928834517
3 18735 5008005992
3 18738 2067158437
3 18744 2776681002
3 18750 1279528939
3 18753 3444256837
3 18756 27591639
3 18759 5001598819
3 18762 2880031029
3 18765 3329936760
3 18768 3749400265
3 18774 1824943039
3 18777 4019284158
3 18780 834540207
3 18786 2835084074
3 18792 4992815678
3 18795 1077632298
3 18798 3590871902
3 18801 7485638442
3 18804 4989629453
3 18810 2992822718
3 18816 4986447291
3 18819 4985652385
3 18825 766146342
3 18828 2674514797
3 18834 2362021542
3 18837 3735666199
3 18840 3735071347
3 18843 2569175032
3 18846 3045469754
3 18849 2277493875
3 18852 -835951972
3 18855 366346297
3 18858 3731506213
3 18864 4173802540
3 18867 838540760
3 18870 2387391161
3 18873 7457080928
3 18876 2664970462
3 18879 3727355485
3 18882 3843071905
3 18885 4968228343
3 18888 3799830796
3 18894 886609891
3 18900 3723213977
3 18906 1550497001
3 18909 3516682558
3 18912 3337511941
3 18915 3015471095
3 18918 4959561911
3 18921 2933901790
3 18924 2335143165
3 18927 4870637323
3 18930 -335143596
3 18936 1581493021
3 18939 2597725751
3 18942 1070518385
3 18945 2869141705
3 18948 170776862
3 18954 5952858946
3 18957 2397099911
3 18960 2623743218
3 18963 4947792662
3 18966 2622569086
3 18972 3709084133
3 18975 3708497719
3 18981 4943100588
3 18984 1127227979
3 18990 2228088796
3 18993 926498070
3 18996 88670053
3 19005 852259886
3 19008 4936079137
3 19020 14336363
3 19023 -141443958
3 19026 3698556931
3 19032 3196032476
3 19035 4929077607
3 19038 1349005491
3 19041 43129654
3 19044 3362539687
3 19047 2385212218
3 19050 2575632785
3 19053 4254749605
3 19056 2988988552
3 19062 290929808
3 19065 3690991040
3 19068 1936388570
3 19071 4182244824
3 19074 2521641021
3 19080 2787564705
3 19089 3728029954
3 19092 3685771222
3 19095 2179040318
3 19098 1898745275
3 19104 2670679167
3 19107 3161530182
3 19110 2945839630
3 19113 2253937824
3 19116 4583598901
3 19125 4905881947
3 19128 -68979954
3 19131 4904343330
3 19134 2270650774
3 19140 2941222327
3 19143 5345262898
3 19149 170561127
3 19152 3674224320
3 19155 3333990012
3 19158 201985866
3 19164 -104384978
3 19170 2205459173
3 19173 2696807925
3 19176 3114665072
3 19179 7338103569
3 19182 1457344191
3 19185 1517713180
3 19188 3667330841
3 19194 494362246
3 19197 7331223022
3 19200 3626659489
3 19203 575891293
3 19206 3041615572
3 19209 165832985
3 19212 275399415
3 19215 2202383002
3 19221 4881379337
3 19224 3631079078
3 19227 3659892036
3 19230 684088647
3 19236 132402237
3 19239 3270444626
3 19242 -127733999
3 19245 4029373151
3 19248 2976378601
3 19251 4873772389
3 19257 3041251898
3 19260 2854489723
3 19266 2738177078
3 19272 2186031039
3 19275 140335572
3 19278 4935445323
3 19284 -947445005
3 19290 1746490618
3 19293 3627807112
3 19296 1542041926
3 19299 3773962025
3 19305 3645104595
3 19308 -3024611
3 19311 3984025579
3 19314 3643406035
3 19317 2253429828
3 19320 2913819634
3 19323 3246549259
3 19329 1171063824
3 19332 3774493321
3 19335 -52623990
3 19338 2198091217
3 19341 2471930922
3 19344 3637755592
3 19350 2931837311
3 19356 31951050
3 19359 3417952203
3 19362 133523990
3 19365 -978443912
3 19368 3457086312
3 19371 1155123279
3 19380 2904798521
3 19383 2623722523
3 19386 4363831606
3 19389 295037833
3 19392 3670726558
3 19395 1063739450
3 19398 939552780
3 19401 2915674039
3 19404 3626507121
3 19410 84952540
3 19413 -251808759
3 19416 2367621260
3 19422 2805208663
3 19425 3622586575
3 19428 -108600684
3 19431 3197138938
3 19434 2916118636
3 19437 3620350063
3 19440 9423259119
3 19446 1720639163
3 19452 -780924816
3 19455 18775572
3 19458 3616442809
3 19461 -113059098
3 19464 -1004604199
3 19467 3103862465
3 19470 989922675
3 19476 135805416
3 19479 4816725306
3 19482 713359186
3 19485 711192456
3 19488 3610875624
3 19491 3542505070
3 19494 2544020210
3 19497 254813714
3 19500 2818174186
3 19503 1666484819
3 19509 531735391
3 19512 1045826637
3 19515 55986246
3 19521 7209542972
3 19524 -271991381
3 19527 1092348122
3 19530 2882488240
3 19533 522948308
3 19536 3602003694
3 19539 3570577810
3 19545 3540401223
3 19548 3470898999
3 19551 3394880038
3 19557 4797514560
3 19560 1590638975
3 19566 -583047228
3 19569 3075366635
3 19572 2427769867
3 19575 4793103053
3 19578 177170088
3 19581 3485710542
3 19584 4790900338
3 19590 -656593857
3 19593 632902101
3 19596 2341436406
3 19599 2440768120
3 19602 3963611031
3 19605 -131688819
3 19608 3588777242
3 19614 1199476140
3 19617 -53676698
3 19620 3019942577
3 19623 3870654935
3 19629 121370050
3 19632 46692615
3 19635 2867073865
3 19638 3422177529
3 19644 -117177110
3 19647 4597285524
3 19650 1493674658
3 19656 3580013440
3 19662 2578965845
3 19665 3578374992
3 19668 1887321909
3 19671 3152381603
3 19674 36174463
3 19677 3867732351
3 19680 3575647570
3 19686 1296555111
3 19692 20827950
3 19695 1870043385
3 19698 2404771712
3 19701 -126050752
3 19704 -12359806
3 19710 2482516748
3 19716 509988276
3 19719 -111122661
3 19722 1197787332
3 19725 2401965752
3 19728 3685870830
3 19734 2852690551
3 19737 4753761577
3 19740 1795838856
3 19746 -833341097
3 19749 241049626
3 19752 2422054681
3 19755 1831854817
3 19758 2848855689
3 19761 -389069642
3 19764 4747267366
3 19767 -104427364
3 19770 -114187906
3 19773 -348551069
3 19776 1688749609
3 19779 3953187774
3 19782 1993002319
3 19785 -45664684
3 19788 2765652849
3 19791 178433816
3 19800 3553976978
3 19803 3553438581
3 19809 3890564297
3 19812 2901089600
3 19815 272972524
3 19818 786169522
3 19824 2830420004
3 19830 -528801660
3 19833 -85471862
3 19836 3547526929
3 19839 1334666749
3 19845 4727890765
3 19848 -134261093
3 19851 1405142364
3 19854 142215990
3 19860 2010238004
3 19866 2588838756
3 19869 4442152823
3 19872 4721467000
3 19875 4396161544
3 19881 -277873791
3 19884 -13644993
3 19887 4717905780
3 19890 1849518190
3 19893 206475956
3 19896 -533995225
3 19899 4015207268
3 19902 882385931
3 19905 4713639400
3 19908 2883962057
3 19920 2408699909
3 19923 3041374004
3 19926 6400509155
3 19929 1807504611
3 19932 3530440707
3 19935 -466314186
3 19941 3978443169
3 19944 2052336509
3 19947 2107261298
3 19950 2821804277
3 19953 4625782732
3 19956 -58804615
3 19962 -147869464
3 19965 -468069855
3 19968 -257753104
3 19971 3014060762
3 19980 3521959168
3 19992 3519845146
3 19995 3106987172
3 19998 1171568915
3 20001 4304684425
3 20004 -103997737
3 20007 4689608250
3 20010 2813343095
3 20013 -561407592
3 20016 4687499612
3 20022 1573791011
3 20025 3707872841
3 20028 -90351519
3 20031 -396092328
3 20034 2916550588
3 20040 2019055278
3 20043 3846280569
3 20046 594613895
3 20049 3769060478
3 20052 316256756
3 20055 1264581710
3 20061 160497536
3 20064 3507214123
3 20070 1546528630
3 20076 73868727
3 20079 3913015689
3 20085 2593684581
3 20088 4670698538
3 20091 3264928182
3 20094 2076557403
3 20097 3501455152
3 20100 2746351618
3 20106 -1026410637
3 20112 1640765725
3 20115 3404370288
3 20118 317475672
3 20121 1082410925
3 20124 2805871457
3 20130 1232363561
3 20136 283179172
3 20139 3210573007
3 20142 2309947332
3 20145 1188724765
3 20148 2232533171
3 20160 3490513104
3 20163 2988635308
3 20169 12464562696
3 20172 -47895463
3 20175 2534073036
3 20178 3487399354
3 20181 3183859412
3 20184 -15641164
3 20190 1194431543
3 20193 68553764
3 20196 3484291155
3 20202 1666353432
3 20205 4643652177
3 20208 1838277299
3 20214 4641584656
3 20217 -243433204
3 20220 1132935326
3 20223 3488236896
3 20229 674564702
3 20232 1465974945
3 20235 2217516839
3 20241 3703560286
3 20244 1581734634
3 20247 3580160264
3 20250 3851031804
3 20253 2302786360
3 20256 2501112335
3 20262 289922715
3 20265 970228473
3 20268 2154285938
3 20271 3572548375
3 20274 1402194317
3 20277 1245643477
3 20280 2209800324
3 20286 3468832898
3 20292 2304888972
3 20295 3467294614
3 20298 1893346695
3 20301 297217748
3 20304 4621010255
3 20307 4620327584
3 20310 38374794
3 20313 4618962844
3 20316 3140801158
3 20319 264448344
3 20322 -776674984
3 20325 1085663824
3 20328 690183289
3 20331 4016458401
3 20340 2410512609
3 20349 3458093479
3 20352 2556205066
3 20355 2952590880
3 20358 10190082746
3 20361 2805313866
3 20364 4607395022
3 20367 3550731751
3 20370 862174320
3 20376 79858726
3 20382 1566740351
3 20385 4602648627
3 20388 4601971367
3 20391 3135979137
3 20394 2745672791
3 20397 58034614
3 20400 3449448244
3 20406 1832317970
3 20412 5512448026
3 20415 1975691895
3 20418 1632134054
3 20424 3445394838
3 20427 3127869940
3 20430 1361732671
3 20433 2939876109
3 20436 1096151533
3 20439 5217679773
3 20445 1540407491
3 20448 3883677635
3 20451 1334185517
3 20454 -275024767
3 20457 6879673870
3 20460 2751466048
3 20463 1545459958
3 20466 120620173
3 20472 1758821375
3 20475 3436812903
3 20484 3320344982
3 20490 578250633
3 20493 4578392243
3 20496 2522817181
3 20502 1868078322
3 20505 2120713214
3 20508 30807249
3 20511 2414112188
3 20514 69933626
3 20517 4573036616
3 20520 3429276032
3 20526 1302471886
3 20532 2831356351
3 20535 -264536430
3 20538 2370445013
3 20541 3058858666
3 20544 2757927314
3 20547 20660309
3 20550 1583143059
3 20553 3423769969
3 20556 222424257
3 20559 2696084192
3 20562 1334612646
3 20565 10587883
3 20568 736997616
3 20574 4174039676
3 20580 2015171313
3 20586 604534577
3 20592 3417285556
3 20595 844598697
3 20601 3319034896
3 20604 1513846865
3 20610 1575748540
3 20616 2581290158
3 20619 3089575682
3 20622 1418120038
3 20625 4549090534
3 20628 2354385189
3 20631 -372099113
3 20634 1601477023
3 20640 1944023209
3 20643 2473455946
3 20646 3408347581
3 20655 6327599042
3 20658 1241276687
3 20661 2334687136
3 20664 3405378638
3 20670 1996825535
3 20676 9852567
3 20679 3775407854
3 20682 2911327127
3 20685 1676813695
3 20688 901674671
3 20691 3846584071
3 20700 3399456240
3 20703 2824410925
3 20706 2718776941
3 20709 4530638479
3 20712 139291186
3 20715 -967821865
3 20718 2383541878
3 20724 2339534790
3 20727 4260116315
3 20730 -118142680
3 20736 6787108813
3 20739 8383694
3 20745 80970487
3 20748 2713273344
3 20754 2346449765
3 20757 3390121125
3 20760 1451583420
3 20763 6778282924
3 20769 3238076208
3 20772 1018138918
3 20775 2694871492
3 20784 14331390
3 20787 2197594486
3 20790 2707791983
3 20793 90227904
3 20796 -157402707
3 20805 2805901371
3 20808 3839411332
3 20811 2187197852
3 20817 3218603562
3 20820 1311729783
3 20823 401173827
3 20826 1913573918
3 20829 48528915
3 20832 3377915907
3 20835 1625282927
3 20838 3376943285
3 20844 840972839
3 20850 2397479689
3 20853 3149432863
3 20856 2124490282
3 20859 226207640
3 20862 2722323635
3 20865 2419497536
3 20868 1667881958
3 20871 -143423530
3 20874 656265629
3 20880 3370150583
3 20889 3435613461
3 20892 48091479
3 20895 2812785827
3 20898 9225206336
3 20904 1888801677
3 20907 2688003074
3 20910 2245471488
3 20916 845378559
3 20919 148460273
3 20922 459237579
3 20925 4483870598
3 20928 2974463119
3 20934 4481942879
3 20937 4481300675
3 20940 52419535
3 20943 1711661172
3 20952 4478092412
3 20955 1370327283
3 20958 42288424
3 20961 4334810173
3 20964 70355591
3 20967 3684409380
3 20970 1454237991
3 20976 3354726553
3 20979 4472329102
3 20982 66997961
3 20985 13426369
3 20988 2375288439
3 21000 2700157822
3 21006 1929055740
3 21009 2196944017
3 21012 2099440382
3 21015 2987188109
3 21018 1870543229
3 21021 3347545037
3 21024 3962884873
3 21027 3885721485
3 21030 -90941405
3 21033 4460846872
3 21036 63015895
3 21042 1600197457
3 21045 2219859882
3 21048 4457667818
3 21054 2427991830
3 21060 5521405605
3 21063 2956813116
3 21072 1190448168
3 21075 2163800056
3 21078 104951110
3 21084 1049538509
3 21087 3722736872
3 21090 1549022692
3 21093 2414241023
3 21096 191683482
3 21099 82382786
3 21105 2084682979
3 21108 154387536
3 21111 662691349
3 21114 3332800235
3 21120 1430404991
3 21126 132856331
3 21132 305805559
3 21135 -1373558786
3 21138 884722512
3 21141 7115031352
3 21144 1058500647
3 21147 2567822990
3 21150 2416403720
3 21153 2579566407
3 21156 3326183786
3 21165 292324336
3 21168 4432397592
3 21177 1580130021
3 21180 21853915
3 21183 4429258945
3 21186 2121626600
3 21189 703534085
3 21192 -417978193
3 21195 4426751226
3 21201 2177340711
3 21204 3318654224
3 21210 1404633845
3 21213 6634492451
3 21216 3316777157
3 21219 1760519478
3 21222 4543682250
3 21225 -8028663
3 21228 2227213777
3 21231 1236921499
3 21240 1835549769
3 21243 2482064315
3 21249 5455643874
3 21252 2648926940
3 21255 2061152833
3 21258 264565977
3 21261 1398886605
3 21264 2561832623
3 21267 2880150462
3 21270 89490563
3 21273 -149636976
3 21276 2053945867
3 21279 2346842604
3 21285 2804666644
3 21288 1580840128
3 21291 3685420872
3 21294 1403179364
3 21297 809523238
3 21300 2396571340
3 21303 4431497791
3 21306 1550188205
3 21312 4402448960
3 21315 3301372002
3 21318 2640725928
3 21321 3344605987
3 21324 24551326
3 21330 2175182790
3 21333 -57024153
3 21336 2261060461
3 21345 -129416980
3 21348 1453395111
3 21351 173849447
3 21357 2965110898
3 21360 2692903335
3 21366 -351785982
3 21369 1547754638
3 21372 1398279976
3 21375 3888236983
3 21378 65841346
3 21384 6425610877
3 21390 2631837089
3 21399 1570803335
3 21402 3287951788
3 21405 -2092453
3 21408 110921259
3 21411 3786754506
3 21414 920269499
3 21417 3167186688
3 21420 2628151043
3 21423 3077445729
3 21432 2305829361
3 21435 -1435690602
3 21438 1930950042
3 21441 356068219
3 21450 2624475307
3 21456 4372902322
3 21459 981555030
3 21462 3065731698
3 21465 3987011966
3 21471 7442457
3 21474 -1443640230
3 21480 714948069
3 21483 3275554819
3 21489 3274640245
3 21492 1298526203
3 21495 137130999
3 21504 3272023685
3 21507 1164634915
3 21510 960209343
3 21513 80496230
3 21516 2103418740
3 21519 2293038239
3 21522 1912114724
3 21525 2885106638
3 21528 3268707923
3 21534 1338066971
3 21540 7820649
3 21543 2797524334
3 21546 4889953412
3 21549 4354029989
3 21552 2888108744
3 21555 67796484
3 21564 378401389
3 21567 1797481889
3 21570 100835980
3 21573 4180948168
3 21576 799856210
3 21582 1359080912
3 21585 -26868837
3 21588 1593958229
3 21594 449555763
3 21597 -14702545
3 21600 4343749640
3 21603 -60738483
3 21606 346369985
3 21609 -93387528
3 21615 2584205011
3 21618 525162705
3 21624 2796252676
3 21627 9245314967
3 21630 701186587
3 21636 92596352
3 21645 1785724061
3 21648 3250588700
3 21651 1957478890
3 21654 1044308131
3 21660 1538821163
3 21663 3701216920
3 21666 1346439701
3 21669 4329917958
3 21672 3246988934
3 21675 -443865235
3 21681 4327521435
3 21684 1193657453
3 21690 1984235481
3 21693 -546338442
3 21696 2943149387
3 21705 4322736340
3 21708 4564417086
3 21714 1681843128
3 21717 3578310866
3 21720 713542300
3 21723 163663491
3 21726 2713548338
3 21732 -34132410
3 21735 3237577374
3 21744 4314983086
3 21747 -82310923
3 21750 2399356849
3 21756 1617761749
3 21762 3233560526
3 21765 2334594697
3 21768 69975004
3 21771 4153808591
3 21774 844099725
3 21777 2320609587
3 21780 2253368131
3 21783 816018063
3 21789 3534629965
3 21792 2880874778
3 21795 16724871
3 21798 1489108620
3 21801 3389395041
3 21804 1977793378
3 21810 29214987
3 21813 877930743
3 21816 3510262857
3 21819 1710968149
3 21825 4076662232
3 21828 1804275408
3 21831 661697032
3 21834 -1515680409
3 21837 727860450
3 21840 2577609676
3 21843 5275530709
3 21846 215084526
3 21852 396849625
3 21855 1646942215
3 21861 2727680825
3 21864 4291300413
3 21867 734023019
3 21870 4290123101
3 21873 11427486
3 21876 -91839222
3 21879 3216268761
3 21882 1061522526
3 21885 4287182647
3 21888 3595709184
3 21894 2121654954
3 21897 6427249776
3 21900 2562449908
3 21903 4283659418
3 21906 -1529804309
3 21909 1152527808
3 21912 1733945363
3 21915 1074436421
3 21918 1104027837
3 21924 1744352051
3 21930 1428540312
3 21936 1080775437
3 21939 772244763
3 21942 2229514158
3 21945 2565276616
3 21948 1934552524
3 21951 3320318555
3 21957 171227401
3 21960 2303880860
3 21966 746017396
3 21975 1653751235
3 21978 3201781061
3 21981 914961268
3 21984 2241080009
3 21987 135494035
3 21990 392081318
3 21996 2508275090
3 22002 1159431928
3 22005 2227158899
3 22008 1388311056
3 22011 372713448
3 22014 6178611
3 22017 33879923
3 22020 59120339
3 22029 200215331
3 22032 4258578079
3 22035 1234340423
3 22041 2977258618
3 22044 707486676
3 22050 3191326266
3 22056 3130076583
3 22059 4253365621
3 22065 160675374
3 22068 2581130911
3 22071 4251053068
3 22074 10539894
3 22077 1182634375
3 22080 3186990225
3 22083 1431956764
3 22086 -109603409
3 22089 2244645167
3 22092 572099694
3 22095 5800663
3 22098 1586628900
3 22101 1987677346
3 22104 -21957803
3 22110 1080817589
3 22113 6701095645
3 22116 1716487332
3 22119 148521700
3 22122 196293363
3 22125 271622279
3 22128 2506330137
3 22134 2335794454
3 22137 55883817
3 22140 3178353395
3 22143 2096385429
3 22149 2727044078
3 22152 1612423156
3 22155 1698721882
3 22158 76013706
3 22161 1156872403
3 22164 21541147
3 22167 17400671
3 22170 -175554409
3 22173 2216635575
3 22176 3173193730
3 22185 3171906432
3 22188 77877019
3 22191 4228065082
3 22194 5225690210
3 22197 4226922208
3 22200 3169763251
3 22209 2628618027
3 22212 -9495164
3 22215 -52387389
3 22218 1265746829
3 22221 249799846
3 22224 531997740
3 22227 2383761508
3 22230 2532388454
3 22236 1475140351
3 22239 824665802
3 22242 34935404
3 22245 136178029
3 22248 2739753043
3 22260 1279437036
3 22263 12973842
3 22266 -205681487
3 22269 54824767
3 22272 2963149734
3 22275 4212120864
3 22278 1191289716
3 22281 595608313
3 22284 1689119896
3 22287 3157389697
3 22290 -182392448
3 22296 1860406288
3 22302 2559350654
3 22305 4206455604
3 22308 1894358580
3 22311 3639792354
3 22317 329140925
3 22320 3152721513
3 22323 1488210091
3 22329 4581437013
3 22335 2286458633
3 22338 1982572607
3 22341 -20403871
3 22344 1684019960
3 22347 1968368676
3 22350 2421803096
3 22356 12419111431
3 22359 1600651095
3 22365 2300459281
3 22368 4194608022
3 22374 2165102967
3 22380 320001833
3 22383 3229716178
3 22386 1823855292
3 22389 28249747
3 22392 46325710
3 22395 4189550893
3 22401 2273545008
3 22407 2476188014
3 22410 5495548234
3 22413 2926127387
3 22416 1565432889
3 22419 4185065892
3 22422 432863341
3 22425 3137959608
3 22428 1067969941
3 22437 3261132610
3 22440 2508689632
3 22446 2942545429
3 22449 3388993767
3 22452 -10560529
3 22455 308516070
3 22458 1059953613
3 22464 4176682346
3 22470 1247968442
3 22473 1468000651
3 22479 1008475388
3 22482 4173338325
3 22485 107779864
3 22488 4172224841
3 22491 4171668322
3 22494 631133310
3 22500 2605791167
3 22503 -374478309
3 22506 438589907
3 22509 4168332322
3 22512 2211526361
3 22515 1660100960
3 22518 3408363843
3 22524 -13416174
3 22530 776115122
3 22533 3122919460
3 22536 1708319161
3 22539 3012177799
3 22542 1488123412
3 22545 3395196290
3 22554 1878673818
3 22557 1622894054
3 22560 1951573485
3 22563 2594147771
3 22572 3117523665
3 22575 3117109378
3 22578 553404985
3 22581 2857160839
3 22584 1112801456
3 22590 852430606
3 22593 637681406
3 22596 1990344865
3 22599 6227598051
3 22605 2163979475
3 22608 1143416398
3 22617 1761377356
3 22620 2488726584
3 22626 216138100
3 22629 -259974659
3 22632 2194952487
3 22635 257045778
3 22638 1529061157
3 22644 3107611030
3 22650 3106787822
3 22653 34228409
3 22656 2568681428
3 22659 1326202558
3 22662 4140190284
3 22665 52152422
3 22671 75346111
3 22680 7535117165
3 22686 1302129780
3 22692 158242766
3 22695 1810703740
3 22698 2260501961
3 22701 1850269627
3 22704 2819371460
3 22707 180091581
3 22710 69529994
3 22713 147301031
3 22716 -69118290
3 22722 -51743456
3 22725 2868653675
3 22728 -1170317963
3 22734 1395624272
3 22737 2518501851
3 22740 7809171
3 22743 1851740061
3 22746 379670174
3 22752 3364036555
3 22755 924086480
3 22761 3191806806
3 22764 606553499
3 22770 191442592
3 22776 2033616024
3 22785 2107581943
3 22788 2639818620
5 5 56294995342131
5 10 14073748835532
5 15 9382499223688
5 20 7036874417766
5 25 11258999068426
5 30 3127499741229
5 35 4021071095867
5 40 3518437208883
5 45 3127499741229
5 50 2814749767106
5 55 2558863424642
5 60 1563749870614
5 65 2165192128544
5 70 1340357031955
5 75 1876499844737
5 80 1759218604441
5 85 1655735157122
5 90 1042499913743
5 95 1481447245846
5 100 1407374883553
5 105 893571354637
5 110 852954474880
5 115 1223804246568
5 120 781874935307
5 125 2251799813685
5 130 721730709514
5 135 1042499913743
5 140 670178515977
5 145 970603367968
5 150 625499948245
5 155 907983795841
5 160 879609302220
5 165 568636316587
5 170 551911719040
5 175 804214219173
5 180 521249956871
5 185 760743180299
5 190 493815748615
5 195 481153806343
5 200 703687441776
5 205 686524333441
5 210 335089257988
5 215 654592969095
5 220 426477237440
5 225 625499948245
5 230 407934748856
5 235 598882929172
5 240 390937467653
5 245 574438727981
5 250 562949953421
5 255 367941146027
5 260 360865354757
5 265 531084861718
5 270 347499971247
5 275 511772684928
5 280 335089257988
5 285 329210499076
5 290 323534455989
5 295 477076231713
5 300 312749974122
5 305 461434388050
5 310 302661265280
5 315 297857118212
5 320 439804651110
5 325 433038425709
5 330 213238618720
5 335 420111905538
5 340 275955859520
5 345 271956499237
5 350 268071406391
5 355 396443629170
5 360 260624978435
5 365 385582159878
5 370 253581060099
5 375 375299968947
5 380 246907874307
5 385 243701278538
5 390 180432677378
5 395 356297438874
5 400 351843720888
5 405 347499971247
5 410 228841444480
5 415 339126477965
5 420 167544628994
5 425 331147031424
5 430 218197656364
5 435 215689637326
5 440 213238618720
5 445 316264018776
5 450 208499982748
5 455 206208774147
5 460 203967374428
5 465 201774176853
5 470 199627643057
5 475 296289449169
5 480 195468733826
5 485 290180388362
5 490 191479575993
5 495 189545438862
5 500 281474976710
5 505 278688095753
5 510 137977929760
5 515 273276676418
5 520 180432677378
5 525 178714270927
5 530 177028287239
5 535 263060725898
5 540 173749985623
5 545 258233923588
5 550 170590894976
5 555 169054040066
5 560 167544628994
5 565 249092899744
5 570 123453937153
5 575 244760849314
5 580 161767227994
5 585 160384602114
5 590 159025410570
5 595 157689062583
5 600 156374987061
5 605 232623947695
5 610 153811462683
5 615 152560962986
5 620 151330632640
5 625 450359962737
5 630 111696419329
5 635 221633839930
5 640 219902325555
5 645 145465104243
5 650 144346141902
5 655 214866394436
5 660 106619309360
5 665 141090213890
5 670 140037301846
5 675 208499982748
5 680 137977929760
5 685 205456187380
5 690 101983687214
5 695 202499983245
5 700 134035703195
5 705 133085095371
5 710 132147876389
5 715 131223765366
5 720 130312489217
5 725 194120673594
5 730 128527386625
5 735 127653050662
5 740 126790530049
5 745 188909380343
5 750 125099989649
5 755 186407269345
5 760 123453937153
5 765 122647048675
5 770 91387979451
5 775 181596759168
5 780 90216338689
5 785 179283424656
5 790 118765812958
5 795 118018858159
5 800 175921860444
5 805 116552785388
5 810 115833323749
5 815 172684034792
5 820 114420722240
5 825 113727263317
5 830 113042159321
5 835 168547890246
5 840 83772314497
5 845 166553240657
5 850 110382343808
5 855 109736833025
5 860 109098828182
5 865 162702298677
5 870 80883613997
5 875 160842843835
5 880 106619309360
5 885 106016940380
5 890 105421339592
5 895 157248590341
5 900 104249991374
5 905 155511036857
5 910 77328290305
5 915 102540975122
5 920 101983687214
5 925 152148636060
5 930 75665316320
5 935 100347585280
5 940 99813821528
5 945 99285706070
5 950 98763149723
5 955 147369097754
5 960 97734366913
5 965 145841956845
5 970 96726796120
5 975 96230761268
5 980 95739787996
5 985 142880698838
5 990 71079539573
5 995 141444711915
5 1000 140737488355
5 1005 93358201230
5 1010 92896031917
5 1015 92438415998
5 1020 68988964880
5 1025 137304866688
5 1030 91092225472
5 1035 90652166412
5 1040 90216338689
5 1045 89784681567
5 1050 67017851597
5 1055 133400462896
5 1060 88514143619
5 1065 88098584259
5 1070 87686908632
5 1075 130918593819
5 1080 86874992811
5 1085 86474647224
5 1090 86077974529
5 1095 85684924417
5 1100 85295447488
5 1105 84909495237
5 1110 63395265024
5 1115 126221962651
5 1120 83772314497
5 1125 125099989649
5 1130 83030966581
5 1135 123997787097
5 1140 61726968576
5 1145 122914836992
5 1150 81586949771
5 1155 60925319634
5 1160 80883613997
5 1165 120804711035
5 1170 60144225792
5 1175 119776585834
5 1180 79512705285
5 1185 79177208638
5 1190 59133398468
5 1195 117771956783
5 1200 78187493530
5 1205 116794596146
5 1210 77541315898
5 1215 115833323749
5 1220 76905731341
5 1225 114887745596
5 1230 57210361120
5 1235 75971653633
5 1240 75665316320
5 1245 75361439547
5 1250 112589990684
5 1255 112141424984
5 1260 55848209664
5 1265 74169954338
5 1270 73877946643
5 1275 73588229205
5 1280 109951162777
5 1285 109523337242
5 1290 54549414091
5 1295 72451731457
5 1300 72173070951
5 1305 71896545775
5 1310 71622131478
5 1315 107024705974
5 1320 53309654680
5 1325 106216972344
5 1330 52908830208
5 1335 70280893061
5 1340 70018650923
5 1345 104637537811
5 1350 69499994249
5 1355 103865305059
5 1360 68988964880
5 1365 51552193536
5 1370 68485395793
5 1375 102354536986
5 1380 50991843607
5 1385 101615515058
5 1390 67499994415
5 1395 67258058951
5 1400 67017851597
5 1405 100169030858
5 1410 49906910764
5 1415 99461122513
5 1420 66073938194
5 1425 65842099815
5 1430 49208912012
5 1435 65383269852
5 1440 65156244608
5 1445 97396185713
5 1450 64706891197
5 1455 64484530747
5 1460 64263693312
5 1465 96066544952
5 1470 47869893998
5 1475 95415246343
5 1480 63395265024
5 1485 63181812954
5 1490 62969793447
5 1495 62759192133
5 1500 62549994824
5 1505 62342187534
5 1510 62135756448
5 1515 61930687945
5 1520 61726968576
5 1525 92286877610
5 1530 45992643253
5 1535 91685660166
5 1540 45693989725
5 1545 60728150315
5 1550 60532253056
5 1555 90506423380
5 1560 45108169344
5 1565 89928107575
5 1570 59761141552
5 1575 59571423642
5 1580 59382906479
5 1585 88793368048
5 1590 44257071809
5 1595 58824446544
5 1600 87960930222
5 1605 58457939088
5 1610 43707294520
5 1615 58095970425
5 1620 57916661874
5 1625 86607685142
5 1630 57561344930
5 1635 57385316352
5 1640 57210361120
5 1645 57036469446
5 1650 42647723744
5 1655 85037757314
5 1660 56521079660
5 1665 56351346688
5 1670 56182630081
5 1675 84022381108
5 1680 41886157248
5 1685 83523731962
5 1690 55517746885
5 1695 55353977720
5 1700 55191171904
5 1705 55029320960
5 1710 41151312384
5 1715 82062675426
5 1720 54549414091
5 1725 54391299847
5 1730 54234099558
5 1735 81116707986
5 1740 40441806998
5 1745 80651855791
5 1750 53614281278
5 1755 53461534038
5 1760 53309654680
5 1765 79737953742
5 1770 39756352642
5 1775 79288725834
5 1780 52710669796
5 1785 39422265645
5 1790 52416196780
5 1795 78405285992
5 1800 52124995687
5 1805 77970907676
5 1810 51837012285
5 1815 51694210598
5 1820 38664145152
5 1825 77116431976
5 1830 38452865670
5 1835 76696178940
5 1840 50991843607
5 1845 50853654328
5 1850 50716212019
5 1855 50579510641
5 1860 37832658160
5 1865 75462460244
5 1870 37630344480
5 1875 75059993789
5 1880 49906910764
5 1885 49774531691
5 1890 37232139776
5 1895 74267803881
5 1900 49381574861
5 1905 49251964428
5 1910 49123032584
5 1915 73492161021
5 1920 48867183456
5 1925 48740255708
5 1930 48613985614
5 1935 48488368081
5 1940 48363398060
5 1945 72358605838
5 1950 36086535475
5 1955 47992323396
5 1960 47869893998
5 1965 47748087652
5 1970 47626899612
5 1975 71259487775
5 1980 35539769786
5 1985 70900497912
5 1990 47148237304
5 1995 35272553472
5 2000 70368744177
5 2005 70193261025
5 2010 35009325461
5 2015 46563271582
5 2020 46448015958
5 2025 69499994249
5 2030 34664405998
5 2035 46105647292
5 2040 34494482440
5 2045 68820287704
5 2050 45768288896
5 2055 45656930528
5 2060 45546112736
5 2065 45435831593
5 2070 33994562404
5 2075 67825295593
5 2080 45108169344
5 2085 44999996276
5 2090 33669255587
5 2095 67177798738
5 2100 33508925798
5 2105 66858664302
5 2110 44466820965
5 2115 44361698457
5 2120 44257071809
5 2125 66229406285
5 2130 33036969097
5 2135 43946132195
5 2140 43843454316
5 2145 32805941341
5 2150 43639531272
5 2155 65307419190
5 2160 43437496405
5 2165 65005768293
5 2170 32427992708
5 2175 43137927465
5 2180 43038987264
5 2185 42940499880
5 2190 32131846656
5 2195 64117306768
5 2200 42647723744
5 2205 42551016887
5 2210 31841060713
5 2215 63538369461
5 2220 31697632512
5 2225 63252803755
5 2230 42073987550
5 2235 41979862298
5 2240 41886157248
5 2245 62689304390
5 2250 41699996549
5 2255 41607535360
5 2260 41515483290
5 2265 41423837632
5 2270 41332595699
5 2275 41241754830
5 2280 30863484288
5 2285 61591898624
5 2290 40971612330
5 2295 40882349558
5 2300 40793474885
5 2305 61057478679
5 2310 24370127853
5 2315 60793731471
5 2320 40441806998
5 2325 40354835370
5 2330 40268237011
5 2335 60273014285
5 2340 30072112896
5 2345 40010657670
5 2350 39925528611
5 2355 39840761034
5 2360 39756352642
5 2365 39672301157
5 2370 29691453239
5 2375 59257889834
5 2380 29566699234
5 2385 39339619386
5 2390 39257318927
5 2395 58763043155
5 2400 39093746765
5 2405 39012470785
5 2410 38931532048
5 2415 29138196346
5 2420 38770657949
5 2425 58036077672
5 2430 38611107916
5 2435 57797736491
5 2440 38452865670
5 2445 38374229953
5 2450 38295915198
5 2455 57326879167
5 2460 28605180560
5 2465 38062877175
5 2470 28489370112
5 2475 37909087772
5 2480 37832658160
5 2485 37756536112
5 2490 28260539830
5 2495 56407810964
5 2500 56294995342
5 2505 37455086721
5 2510 37380474994
5 2515 55959239903
5 2520 27924104832
5 2525 55737619151
5 2530 27813732876
5 2535 37011831257
5 2540 36938973321
5 2545 55299602497
5 2550 27595585952
5 2555 36722110465
5 2560 54975581388
5 2565 36578944341
5 2570 36507779080
5 2575 54655335284
5 2580 27274707045
5 2585 36295935101
5 2590 27169399296
5 2595 36156066372
5 2600 36086535475
5 2605 54025907238
5 2610 26961204665
5 2615 53819307210
5 2620 35811065739
5 2625 35742854185
5 2630 35674901991
5 2635 35607207680
5 2640 26654827340
5 2645 53208880286
5 2650 35405657447
5 2655 35338980126
5 2660 26454415104
5 2665 35206376075
5 2670 26355334898
5 2675 52612145180
5 2680 35009325461
5 2685 34944131186
5 2690 34879179270
5 2695 34814468363
5 2700 34749997124
5 2705 52028646342
5 2710 34621768353
5 2715 34558008190
5 2720 34494482440
5 2725 51646784718
5 2730 20620877414
5 2735 51457948210
5 2740 34242697896
5 2745 34180325040
5 2750 34118178995
5 2755 34056258525
5 2760 25495921803
5 2765 33933089417
5 2770 33871838352
5 2775 33810808013
5 2780 33749997207
5 2785 50534107129
5 2790 25221772106
5 2795 33568870211
5 2800 33508925798
5 2805 25086896320
5 2810 33389676952
5 2815 49995555366
5 2820 24953455382
5 2825 49818579949
5 2830 33153707504
5 2835 33095235356
5 2840 33036969097
5 2845 49468361461
5 2850 24690787430
5 2855 49295092244
5 2860 24604456006
5 2865 32748688389
5 2870 24518726194
5 2875 48952169863
5 2880 32578122304
5 2885 48782491631
5 2890 32465395237
5 2895 32409323743
5 2900 32353445598
5 2905 32297759806
5 2910 24181699030
5 2915 32186961316
5 2920 32131846656
5 2925 32076920422
5 2930 32022181650
5 2935 47951444073
5 2940 23934946999
5 2945 31859080557
5 2950 31805082114
5 2955 31751266408
5 2960 31697632512
5 2965 47466269260
5 2970 23693179857
5 2975 31537812517
5 2980 31484896723
5 2985 31432158203
5 2990 23534697049
5 2995 46990814142
5 3000 31274997412
5 3005 46834438721
5 3010 23378320324
5 3015 31119400410
5 3020 31067878224
5 3025 46524789539
5 3030 23224007979
5 3035 46371495339
5 3040 30863484288
5 3045 23109603999
5 3050 30762292536
5 3055 30711945087
5 3060 22996321626
5 3065 45917614472
5 3070 30561886722
5 3075 30512192597
5 3080 22846994862
5 3085 45619931396
5 3090 22773056368
5 3095 45472532587
5 3100 30266126528
5 3105 30217388804
5 3110 30168807793
5 3115 30120382741
5 3120 22554084672
5 3125 90071992547
5 3130 29976035858
5 3135 22446170391
5 3140 29880570776
5 3145 29833065894
5 3150 22339283865
5 3155 44607761761
5 3160 29691453239
5 3165 29644547310
5 3170 29597789349
5 3175 44326767986
5 3180 22128535904
5 3185 29458396308
5 3190 22059167453
5 3195 29366194753
5 3200 43980465111
5 3205 43911852841
5 3210 21921727158
5 3215 43775268540
5 3220 21853647260
5 3225 29093020848
5 3230 21785988909
5 3235 43504633186
5 3240 28958330937
5 3245 28913711014
5 3250 28869228380
5 3255 21618661805
5 3260 28780672465
5 3265 43104896893
5 3270 21519493632
5 3275 42973278887
5 3280 28605180560
5 3285 28561641472
5 3290 21388676041
5 3295 42712439562
5 3300 21323861872
5 3305 42583203738
5 3310 28345919104
5 3315 21227373809
5 3320 28260539830
5 3325 28218042778
5 3330 21131755008
5 3335 28133430956
5 3340 28091315040
5 3345 28049325033
5 3350 28007460369
5 3355 27965720489
5 3360 20943078624
5 3365 41823919274
5 3370 27841243987
5 3375 41699996549
5 3380 27758873442
5 3385 41576806013
5 3390 20757741645
5 3395 27636227463
5 3400 27595585952
5 3405 27555063799
5 3410 20635995360
5 3415 41211563208
5 3420 20575656192
5 3425 41091237476
5 3430 27354225141
5 3435 27314408220
5 3440 27274707045
5 3445 27235121115
5 3450 20396737442
5 3455 40734439466
5 3460 27117049779
5 3465 20308439878
5 3470 27038902661
5 3475 40499996649
5 3480 20220903499
5 3485 26922522880
5 3490 26883951930
5 3495 26845491341
5 3500 26807140639
5 3505 40153349031
5 3510 20048075264
5 3515 26692743169
5 3520 26654827340
5 3525 26617019074
5 3530 26579317914
5 3535 26541723405
5 3540 19878176321
5 3545 39700278803
5 3550 26429575277
5 3555 26392402879
5 3560 26355334898
5 3565 26318370895
5 3570 15768906258
5 3575 26244753073
5 3580 26208098390
5 3585 26024751835
5 3590 26135095330
5 3595 39148119153
5 3600 26062497843
5 3605 26026350135
5 3610 25990302558
5 3615 25954354699
5 3620 25918506142
5 3625 38824134719
5 3630 19385328974
5 3635 38717328296
5 3640 19332072576
5 3645 38611107916
5 3650 25705477325
5 3655 25670312514
5 3660 19226432835
5 3665 38400406100
5 3670 25565392980
5 3675 25530610132
5 3680 25495921803
5 3685 25461327609
5 3690 19070120373
5 3695 38088630137
5 3700 25358106009
5 3705 18992913408
5 3710 18967316489
5 3715 37883576946
5 3720 18916329080
5 3725 37781876069
5 3730 25154153414
5 3735 25120479849
5 3740 18815172240
5 3745 25053402467
5 3750 25019997929
5 3755 37480023530
5 3760 24953455382
5 3765 24920316663
5 3770 18665449383
5 3775 37281453869
5 3780 18616069888
5 3785 37182955972
5 3790 24755934627
5 3795 18542488584
5 3800 24690787430
5 3805 36987513365
5 3810 18469486660
5 3815 24593707009
5 3820 24561516292
5 3825 24529409735
5 3830 24497387007
5 3835 24465447780
5 3840 24433591728
5 3845 21775290801
5 3850 18277595890
5 3855 24338519387
5 3860 24306992807
5 3865 36413321696
5 3870 18183138030
5 3875 36319351834
5 3880 24181699030
5 3885 18112932864
5 3890 24119535279
5 3895 24088573103
5 3900 18043267737
5 3905 24026886617
5 3910 17997121273
5 3915 23965515258
5 3920 23934946999
5 3925 35856684931
5 3930 17905532869
5 3935 35765562479
5 3940 23813449806
5 3945 23783267994
5 3950 23753162591
5 3955 23723133310
5 3960 17769884893
5 3965 23663301951
5 3970 23633499304
5 3975 23603771631
5 3980 23574118652
5 3985 35316810127
5 3990 14109021389
5 3995 23485605066
5 4000 35184372088
5 4005 23426964353
5 4010 23397753675
5 4015 23368615750
5 4020 17504662730
5 4025 23310557078
5 4030 17461226843
5 4035 23252786180
5 4040 23224007979
5 4045 34792951386
5 4050 23166664749
5 4055 34707148793
5 4060 17332202999
5 4065 23081178902
5 4070 17289617734
5 4075 34536806958
5 4080 17247241220
5 4085 22968174354
5 4090 22940095901
5 4095 17184064512
5 4100 22884144448
5 4105 34284406420
5 4110 17121348948
5 4115 34201090730
5 4120 22773056368
5 4125 22745452663
5 4130 17038436846
5 4135 34035668284
5 4140 16997281202
5 4145 33953555695
5 4150 22608431864
5 4155 22581225568
5 4160 22554084672
5 4165 22527008941
5 4170 16874998603
5 4175 33709578049
5 4180 16834627793
5 4185 22419352983
5 4190 22392599579
5 4195 33548864924
5 4200 16754462899
5 4205 33469081654
5 4210 21446907488
5 4215 22259784635
5 4220 22233410482
5 4225 33310648131
5 4230 16635636921
5 4235 22154661685
5 4240 22128535904
5 4245 22102471669
5 4250 22076468761
5 4255 22050526965
5 4260 16518484548
5 4265 32998238770
5 4270 16479799573
5 4275 21947366605
5 4280 21921727158
5 4285 32844221320
5 4290 13122376536
5 4295 32767750490
5 4300 21819765636
5 4305 16345817462
5 4310 21769139730
5 4315 32615872157
5 4320 21718748202
5 4325 32540459735
5 4330 20243829317
5 4335 21643596825
5 4340 16213996354
5 4345 21593784174
5 4350 16176722799
5 4355 21544200284
5 4360 21519493632
5 4365 21494843582
5 4370 16102687454
5 4375 32168568767
5 4380 16065923328
5 4385 32095208291
5 4390 21372435589
5 4395 21348121100
5 4400 21323861872
5 4405 31949486573
5 4410 15956631332
5 4415 31877120805
5 4420 15920530356
5 4425 21203388076
5 4430 21179456486
5 4435 22462605344
5 4440 15848816256
5 4445 21107984755
5 4450 21084267918
5 4455 21060604318
5 4460 21036993775
5 4465 21013436111
5 4470 15742448361
5 4475 31449718068
5 4480 20943078624
5 4485 15689798032
5 4490 20896434796
5 4495 20873190710
5 4500 20849998274
5 4505 20826857322
5 4510 15602825760
5 4515 15585546883
5 4520 20757741645
5 4525 31102207371
5 4530 15533939112
5 4535 31033624775
5 4540 20666297849
5 4545 20643562648
5 4550 15465658061
5 4555 30897362976
5 4560 15431742144
5 4565 20553119877
5 4570 20530632874
5 4575 20508195024
5 4580 20485806165
5 4585 20463466138
5 4590 15330881084
5 4595 30628397901
5 4600 20396737442
5 4605 20374591148
5 4610 19895712713
5 4615 20330442522
5 4620 12185063926
5 4625 30429727212
5 4630 20264577156
5 4635 20242716771
5 4640 20220903499
5 4645 28561409357
5 4650 15133063264
5 4655 20155744842
5 4660 20134118505
5 4665 20112538528
5 4670 20091004761
5 4675 20069517056
5 4680 15036056448
5 4685 30040018859
5 4690 15003996626
5 4695 19984023905
5 4700 19962764305
5 4705 29912324836
5 4710 14940285388
5 4715 19899256043
5 4720 19878176321
5 4725 19857141214
5 4730 14877112933
5 4735 29722806411
5 4740 14845726619
5 4745 19773444096
5 4750 19752629944
5 4755 19731859566
5 4760 14783349617
5 4765 29535674366
5 4770 14752357269
5 4775 29473819551
5 4780 19628659463
5 4785 14706111635
5 4790 19587681051
5 4795 19567255942
5 4800 19546873382
5 4805 29289799866
5 4810 14629676544
5 4815 19485979696
5 4820 19465766024
5 4825 29168391369
5 4830 11655278538
5 4835 29108063776
5 4840 19385328974
5 4845 14523992606
5 4850 19345359224
5 4855 28988154141
5 4860 19305553958
5 4865 19285712690
5 4870 19265912163
5 4875 19246152253
5 4880 19226432835
5 4885 26660067570
5 4890 14390336232
5 4895 19167516290
5 4900 19147957599
5 4905 19128438784
5 4910 18952440199
5 4915 27745740318
5 4920 14302590280
5 4925 28576139768
5 4930 14273578940
5 4935 14259117361
5 4940 14244685056
5 4945 18973709249
5 4950 14215907914
5 4955 26907262742
5 4960 18916329080
5 4965 18897279403
5 4970 14158701041
5 4975 28288942383
5 4980 14130269915
5 4985 28232194254
5 4990 17789544014
5 4995 18783782229
5 5000 28147497671
5 5005 14059689147
5 5010 14045657520
5 5015 18708871833
5 5020 18690237497
5 5025 18671640246
5 5030 18653079967
5 5035 18634556552
5 5040 13962052416
5 5045 27896429803
5 5050 18579206383
5 5055 18560829324
5 5060 13906866438
5 5065 27786276082
5 5070 13879436721
5 5075 18487683200
5 5080 18469486660
5 5085 18451325906
5 5090 18433200832
5 5095 27622666998
5 5100 13797792976
5 5105 27568557954
5 5110 13770791424
5 5115 13757330240
5 5120 27487790694
5 5125 27460973338
5 5130 13717104128
5 5135 18271663532
5 5140 18253889540
5 5145 18236150094
5 5150 18218445094
5 5155 26145943638
5 5160 13637353522
5 5165 27248303651
5 5170 13610975662
5 5175 18130433282
5 5180 13584699648
5 5185 18095466198
5 5190 13219760526
5 5195 26113430567
5 5200 18043267737
5 5205 18025935107
5 5210 17218156385
5 5215 17991369557
5 5220 13480602332
5 5225 17956936313
5 5230 17939769070
5 5235 17922634620
5 5240 17905532869
5 5245 26832695587
5 5250 13403570319
5 5255 26781634321
5 5260 17837450995
5 5265 17820511346
5 5270 13352702880
5 5275 26680092579
5 5280 13327413670
5 5285 17753073272
5 5290 17736293428
5 5295 17719545276
5 5300 17702828723
5 5305 24682751547
5 5310 13252117547
5 5315 25229763171
5 5320 13227207552
5 5325 17619716851
5 5330 13202391027
5 5335 17586690205
5 5340 13177667449
5 5345 25540201342
5 5350 17537381726
5 5355 13140755215
5 5360 17504662730
5 5365 17488348973
5 5370 13104049195
5 5375 26183718764
5 5380 17439589635
5 5385 15427715513
5 5390 13055425635
5 5395 17391101434
5 5400 17374998562
5 5405 17358925483
5 5410 17100387102
5 5415 17326868372
5 5420 17310884176
5 5425 17294929445
5 5430 12411456410
5 5435 24417182454
5 5440 17247241220
5 5445 17231403532
5 5450 17215594905
5 5455 17658989344
5 5460 10310438707
5 5465 8823274776
5 5470 14241289313
5 5475 17136984883
5 5480 17121348948
5 5485 25658612280
5 5490 12817621890
5 5495 17074611872
5 5500 17059089497
5 5505 16187936419
5 5510 12771096946
5 5515 25519036873
5 5520 12747960901
5 5525 16981899048
5 5530 12724908531
5 5535 16951218109
5 5540 16935919176
5 5545 29834242
5 5550 12679053004
5 5555 16890187622
5 5560 16874998603
5 5565 12644877659
5 5570 16401965780
5 5575 25244392530
5 5580 12610886053
5 5585 25199192185
5 5590 12588326328
5 5595 16769435609
5 5600 16754462899
5 5605 16739516902
5 5610 10034758528
5 5615 22291633799
5 5620 14656891243
5 5625 25019997929
5 5630 14572721731
5 5635 16650397913
5 5640 12476727691
5 5645 24931353119
5 5650 16606193316
5 5655 12443632922
5 5660 16576853752
5 5665 16562222813
5 5670 12410713258
5 5675 24799557419
5 5680 16518484548
5 5685 12967623266
5 5690 16489453820
5 5695 16474976689
5 5700 12345393715
5 5705 16446098552
5 5710 14094282880
5 5715 16417321476
5 5720 12302228003
5 5725 24582967398
5 5730 12280758146
5 5735 16360068394
5 5740 12259363097
5 5745 16331591338
5 5750 16317389954
5 5755 20307696698
5 5760 16289061152
5 5765 21182050668
5 5770 15093222106
5 5775 12185063926
5 5780 16232697618
5 5785 16218667630
5 5790 12153496403
5 5795 16190680283
5 5800 16176722799
5 5805 16162789360
5 5810 12111659927
5 5815 21975433023
5 5820 12090849515
5 5825 24160942207
5 5830 12070110493
5 5835 15901166743
5 5840 16065923328
5 5845 16052180024
5 5850 12028845158
5 5855 24037145748
5 5860 16011090825
5 5865 11998080848
5 5870 12238681267
5 5875 23955317167
5 5880 11967473499
5 5885 15943074298
5 5890 11947155208
5 5895 15916029217
5 5900 15902541057
5 5905 20367052214
5 5910 11906724903
5 5915 15862213397
5 5920 15848816256
5 5925 15835441727
5 5930 14102883735
5 5935 12461810188
5 5940 11846589928
5 5945 15782168586
5 5950 11826679693
5 5955 15755666202
5 5960 15742448361
5 5965 23593879020
5 5970 11218786142
5 5975 23554391357
5 5980 11767348524
5 5985 11757517824
5 5990 8423132771
5 5995 15650540824
5 6000 15637498706
5 6005 16800926109
5 6010 11354334247
5 6015 15598502450
5 6020 11689160162
5 6025 23358919229
5 6030 11669775153
5 6035 15546808987
5 6040 15533939112
5 6045 11640817895
5 6050 15508263179
5 6055 15495457018
5 6060 11612003989
5 6065 23204862054
5 6070 14839128336
5 6075 23166664749
5 6080 15431742144
5 6085 23128592992
5 6090 9243841599
5 6095 15393764109
5 6100 15381146268
5 6105 11526411822
5 6110 11516979407
5 6115 12227575263
5 6120 11498160813
5 6125 22977549119
5 6130 15305871490
5 6135 15293397267
5 6140 13546811839
5 6145 17667128197
5 6150 11442072224
5 6155 10803461842
5 6160 11423497431
5 6165 15218976842
5 6170 7318979308
5 6175 15194330727
5 6180 11386528184
5 6185 21274181885
5 6190 15157510862
5 6195 11358957897
5 6200 15133063264
5 6205 15120869016
5 6210 11331520801
5 6215 15096539379
5 6220 15084403896
5 6225 15072287909
5 6230 11295143527
5 6235 15048114232
5 6240 11277042336
5 6245 15857694078
5 6250 22517998136
5 6255 14999998758
5 6260 14988017929
5 6265 14976056224
5 6270 8978468156
5 6275 22428284997
5 6280 14940285388
5 6285 14928399719
5 6290 11187399710
5 6295 22357027539
5 6300 11169641932
5 6305 14881045557
5 6310 14869253920
5 6315 13878085650
5 6320 14845726619
5 6325 14833990868
5 6330 11116705241
5 6335 14810574940
5 6340 14525710050
5 6345 14787232819
5 6350 14775589328
5 6355 14763964160
5 6360 11064267952
5 6365 14740768616
5 6370 11046898615
5 6375 14717645841
5 6380 11029583726
5 6385 20564413626
5 6390 11012323032
5 6395 4340412848
5 6400 21990232555
5 6405 10986533048
5 6410 13877507886
5 6415 21092894732
5 6420 10960863579
5 6425 21904667448
5 6430 14591756179
5 6435 10935313780
5 6440 10926823630
5 6445 5309276478
5 6450 10909882818
5 6455 20746879575
5 6460 10892994454
5 6465 14512759820
5 6470 13960218982
5 6475 14490346292
5 6480 14479165468
5 6485 1822111825
5 6490 10842641629
5 6495 14445726287
5 6500 14434614190
5 6505 20045422037
5 6510 8647464722
5 6515 10938305104
5 6520 14390336232
5 6525 14379309155
5 6530 14368298964
5 6535 21535958432
5 6540 10759746816
5 6545 10751526995
5 6550 14324426295
5 6555 10735124969
5 6560 14302590280
5 6565 14291697218
5 6570 10710615552
5 6575 21404941195
5 6580 10694338020
5 6585 14248290392
5 6590 11959074085
5 6595 21340028560
5 6600 10661930936
5 6605 18613693132
5 6610 13403921885
5 6615 14183672295
5 6620 14172959552
5 6625 21243394469
5 6630 8490949523
5 6635 21211377295
5 6640 14130269915
5 6645 14119637657
5 6650 10581766041
5 6655 21147631609
5 6660 10565877504
5 6665 14077268153
5 6670 10550036608
5 6675 14056178612
5 6680 14045657520
5 6685 13565034337
5 6690 9265586624
5 6695 14014188534
5 6700 14003730184
5 6705 13993287432
5 6710 10487145182
5 6715 13972448583
5 6720 10471539312
5 6725 20927507562
5 6730 12444866384
5 6735 13930956531
5 6740 13920621993
5 6745 13910302779
5 6750 13899998849
5 6755 13346384116
5 6760 13879436721
5 6765 10401883840
5 6770 4518711577
5 6775 20773061012
5 6780 9965125815
5 6785 13828296572
5 6790 10363585298
5 6795 13807945877
5 6800 13797792976
5 6805 20681482492
5 6810 8617791867
5 6815 13767423659
5 6820 10317997680
5 6825 10310438707
5 6830 4755635938
5 6835 12771142582
5 6840 10287828096
5 6845 20560626495
5 6850 13697079158
5 6855 10274207739
5 6860 13677112570
5 6865 -326831644
5 6870 10059115262
5 6875 20470907397
5 6880 13637353522
5 6885 13627449852
5 6890 10213170417
5 6895 13607685604
5 6900 10198368721
5 6905 14024573647
5 6910 5564697736
5 6915 13568328595
5 6920 13558524889
5 6925 20323103012
5 6930 8123375951
5 6935 13529198592
5 6940 13519451330
5 6945 11611682775
5 6950 13499998883
5 6955 13490293637
5 6960 10110451749
5 6965 13470924944
5 6970 10095946080
5 6975 13451611790
5 6980 12492861613
5 6985 13432353935
5 6990 10067059252
5 6995 23629934
5 7000 13403570319
5 7005 12639422246
5 7010 12216841240
5 7015 13374909799
5 7020 10024037632
5 7025 20033806172
5 7030 10009778688
5 7035 10002664417
5 7040 13327413670
5 7045 19976932343
5 7050 9981382152
5 7055 13299077567
5 7060 12271404074
5 7065 13280253678
5 7070 9953146276
5 7075 19892224503
5 7080 9939088160
5 7085 13242765312
5 7090 12692100854
5 7095 9918075289
5 7100 13214787638
5 7105 13205488000
5 7110 9897151079
5 7115 -413580321
5 7120 13177667449
5 7125 13168419963
5 7130 9869389085
5 7135 -58926639
5 7140 7884453129
5 7145 19697339168
5 7150 9841782402
5 7155 13113206462
5 7160 13104049195
5 7165 -551615156
5 7170 9668043737
5 7175 13076653970
5 7180 10109869792
5 7185 11643247105
5 7190 10440550496
5 7195 12348886802
5 7200 13031248921
5 7205 13022205724
5 7210 9759881300
5 7215 9753117696
5 7220 12995151279
5 7225 19479237143
5 7230 9732883012
5 7235 19452313525
5 7240 11820370537
5 7245 9712732115
5 7250 12941378239
5 7255 -424753318
5 7260 9692664487
5 7265 26906593
5 7270 8214766562
5 7275 12896906149
5 7280 9666036288
5 7285 12879202779
5 7290 12870369305
5 7295 19292321913
5 7300 12852738662
5 7305 11612503297
5 7310 9626367192
5 7315 9619787312
5 7320 9613216417
5 7325 19213308990
5 7330 12800135366
5 7335 12791409984
5 7340 12782696490
5 7345 12773994859
5 7350 9573978799
5 7355 5669200904
5 7360 12747960901
5 7365 11606245505
5 7370 9547997853
5 7375 19083049269
5 7380 9535060186
5 7385 12704805990
5 7390 12696210045
5 7395 9515719293
5 7400 12679053004
5 7405 -4633869
5 7410 7597165363
5 7415 6002188
5 7420 9483658244
5 7425 12636362590
5 7430 10551123956
5 7435 -474442642
5 7440 9458164540
5 7445 -221918987
5 7450 12593958689
5 7455 9439134027
5 7460 12577076707
5 7465 -550513842
5 7470 9420179943
5 7475 12551838427
5 7480 9407586120
5 7485 12535069103
5 7490 9395025924
5 7495 13655915
5 7500 12509998964
5 7505 12501664523
5 7510 9177860995
5 7515 11791301336
5 7520 12476727691
5 7525 12468437507
5 7530 6914171207
5 7535 12451890144
5 7540 9332724691
5 7545 9669251703
5 7550 12427151289
5 7555 18628390252
5 7560 9308034944
5 7565 12402510540
5 7570 2372409020
5 7575 12386137589
5 7580 10693660815
5 7585 12369807811
5 7590 7416995433
5 7595 12353521033
5 7600 12345393715
5 7605 12337277085
5 7610 725454626
5 7615 18481613704
5 7620 8492706438
5 7625 18457375522
5 7630 9222640128
5 7635 12288800554
5 7640 10877279117
5 7645 12272726257
5 7650 9198528650
5 7655 18385040935
5 7660 12248693503
5 7665 9180527616
5 7670 9174542917
5 7675 18337132033
5 7680 10643937384
5 7685 12208847397
5 7690 12200909263
5 7695 12192981447
5 7700 9138797945
5 7705 12177156682
5 7710 1914213256
5 7715 18242059411
5 7720 12153496403
5 7725 12145630063
5 7730 11160253867
5 7735 9097445919
5 7740 9091569015
5 7745 18171399400
5 7750 12106450611
5 7755 9073983775
5 7760 12090849515
5 7765 18124596053
5 7770 7245173145
5 7775 18101284676
5 7780 12059767639
5 7785 12052022124
5 7790 9033214913
5 7800 9021633868
5 7805 12021139300
5 7810 9010082481
5 7815 9622162387
5 7820 8998560636
5 7825 17985621515
5 7830 8987068221
5 7835 17962666031
5 7840 11967473499
5 7845 11291925726
5 7850 11952228310
5 7855 17916930408
5 7860 8066359228
5 7865 11929433215
5 7870 10754245722
5 7875 11914284728
5 7880 11906724903
5 7885 11899174666
5 7890 7750628640
5 7895 9248042513
5 7900 11876581295
5 7905 8901801920
5 7910 8896174990
5 7915 17781110342
5 7920 8884942446
5 7925 17758673610
5 7930 8873738231
5 7935 11824195619
5 7940 10271117436
5 7945 9889602251
5 7950 8851414361
5 7955 11794467912
5 7960 11787059326
5 7965 11779660042
5 7970 866527127
5 7975 11764889310
5 7980 7054510694
5 7985 -654391932
5 7990 8807101899
5 7995 8801594018
5 8000 17592186044
5 8005 17581197796
5 8010 8785111632
5 8015 11361996741
5 8020 8260634320
5 8025 11691587817
5 8030 8763230906
5 8035 -73106488
5 8040 8752331365
5 8045 17493783512
5 8050 8741458904
5 8055 11648043728
5 8060 8730613421
5 8065 17450401532
5 8070 7873876088
5 8075 11619194085
5 8080 11612003989
5 8085 8703617090
5 8090 10686926797
5 8095 17385730495
5 8100 11583332374
5 8105 -224382106
5 8110 10103734426
5 8115 8880461630
5 8120 8666101499
5 8125 17321537028
5 8130 8168130060
5 8135 17300244420
5 8140 8644808867
5 8145 11519336063
5 8150 11512268986
5 8155 11505210576
5 8160 8623620610
5 8165 11491119686
5 8170 8613065382
5 8175 11477063270
5 8180 10555741681
5 8185 17194561803
5 8190 6873625804
5 8195 11449053354
5 8200 11442072224
5 8205 7356131075
5 8210 7847626214
5 8215 11421179823
5 8220 7920730669
5 8225 11407293890
5 8230 -26748522
5 8235 11393441680
5 8240 11386528184
5 8245 11379623073
5 8250 8529544748
5 8255 11365837945
5 8260 8519218423
5 8265 8514064631
5 8270 4179804148
5 8275 17007551463
5 8280 8498640601
5 8285 16987023338
5 8290 8546792959
5 8295 8483272354
5 8300 11304215932
5 8305 11297410263
5 8310 6386007030
5 8315 16199048644
5 8320 11277042336
5 8325 11270269337
5 8330 8447628352
5 8335 16885121578
5 8340 7523824047
5 8345 -723774217
5 8350 10163577377
5 8355 8737531459
5 8360 8417313896
5 8365 8902126662
5 8370 8407257368
5 8375 16804476222
5 8380 11196299789
5 8385 8392217552
5 8390 10186619400
5 8395 11176294489
5 8400 8377231449
5 8405 16744495938
5 8410 8455044517
5 8415 8362298773
5 8420 8518604517
5 8425 16704746392
5 8430 6705555850
5 8435 11123294871
5 8440 11116705241
5 8445 6820338301
5 8450 11103549377
5 8455 11096983116
5 8460 8317818460
5 8465 -389478785
5 8470 8307998131
5 8475 11070795544
5 8480 11064267952
5 8485 -1002039896
5 8490 7200698190
5 8495 16567096922
5 8500 11038234380
5 8505 11031745118
5 8510 8268947611
5 8515 10877429970
5 8520 8259242274
5 8525 11005864192
5 8530 10088689259
5 8535 10992969213
5 8540 8239899786
5 8550 8230262476
5 8555 10967269695
5 8560 10960863579
5 8565 10954464943
5 8570 10948073773
5 8575 16412535085
5 8580 6561188268
5 8585 10928944932
5 8590 5244515244
5 8595 8758949362
5 8600 10909882818
5 8605 16355315323
5 8610 6538326985
5 8615 16336330627
5 8620 8714788283
5 8625 10878259969
5 8630 8697592260
5 8635 10865662101
5 8640 10859374101
5 8645 8139820032
5 8650 10846819911
5 8655 9672945258
5 8660 731951252
5 8670 8116348809
5 8675 16223341597
5 8680 8106998177
5 8685 10803107914
5 8690 8097669065
5 8695 10790683409
5 8700 8088361399
5 8705 16167431172
5 8710 8079075106
5 8715 8074439951
5 8720 10759746816
5 8725 16130371158
5 8730 8060566343
5 8735 16111904792
5 8740 8051343727
5 8745 8046740329
5 8750 10722856255
5 8755 10716732409
5 8760 8032961664
5 8770 10698402763
5 8775 10692306807
5 8780 6940454577
5 8785 10680135714
5 8790 6564752351
5 8795 16001988443
5 8800 10661930936
5 8805 -117595471
5 8810 9482220420
5 8815 10643788116
5 8820 7978315666
5 8825 14925791967
5 8830 9920916640
5 8835 7964770138
5 8840 7960265178
5 8845 10607687082
5 8850 7951270528
5 8855 7946780824
5 8860 8739174098
5 8865 10583755469
5 8870 1887386741
5 8875 15857745167
5 8880 7924408128
5 8890 7702466119
5 8895 9161665046
5 8900 10542133959
5 8905 10536214738
5 8910 7897726619
5 8920 10107525830
5 8925 7884453129
5 8930 7880038541
5 8940 7871224180
5 8950 9220942924
5 8955 7682172071
5 8960 10471539312
5 8965 10465699078
5 8970 6275919213
5 8975 15270275767
5 8980 10448217398
5 8985 8301417564
5 8990 7827446515
5 8995 10430794023
5 9000 10424999137
5 9010 7810071495
5 9015 9617173688
5 9020 7801412880
5 9025 15594181535
5 9030 6234218753
5 9035 10384614526
5 9040 10378870822
5 9045 10373133470
5 9050 8558549725
5 9060 7766969556
5 9065 10350247351
5 9070 2019507255
5 9075 10338842119
5 9080 10080067464
5 9085 10327461997
5 9090 7741335993
5 9095 10316106899
5 9100 7732829030
5 9105 10304776742
5 9110 10299120991
5 9115 15440207170
5 9120 7715871072
5 9125 15423286395
5 9130 7707419953
5 9135 7703201333
5 9140 9872965428
5 9145 10259703909
5 9150 7690573134
5 9160 10242903082
5 9165 7677986271
5 9170 5886187003
5 9175 15339235788
5 9180 7665440542
5 9185 6711977475
5 9190 9121777531
5 9195 5447735281
5 9200 10198368721
5 9205 8024614225
5 9210 6063824006
5 9215 10181768014
5 9220 -42230183
5 9225 10170730865
5 9230 7623915945
5 9240 6092531963
5 9245 5279599136
5 9250 10143242403
5 9255 7758873300
5 9260 9555890301
5 9265 10126820534
5 9270 7591018789
5 9275 10115902129
5 9280 10110451749
5 9285 10105007241
5 9290 10099568593
5 9295 10094135798
5 9300 7566531632
5 9310 7558404315
5 9315 10072462934
5 9320 10067059252
5 9325 15092492049
5 9330 6015117512
5 9340 9290921452
5 9345 7530095685
5 9350 7526068896
5 9355 15044092823
5 9360 7518028224
5 9370 10013339619
5 9375 15011998757
5 9380 7501998313
5 9385 14996003021
5 9390 7494008964
5 9395 14980041336
5 9400 9981382152
5 9405 7482056797
5 9410 6439858178
5 9415 9685452725
5 9420 6874804245
5 9425 9954906338
5 9430 7462221015
5 9435 7458266473
5 9440 9939088160
5 9450 7446427955
5 9455 9923320173
5 9460 7438556466
5 9465 9912835946
5 9470 8343393649
5 9475 13992302932
5 9480 7422863309
5 9485 7755103467
5 9490 7415041536
5 9495 9881515770
5 9500 9876314972
5 9510 6225738101
5 9515 9860745375
5 9520 7391674808
5 9525 9850392885
5 9530 9845224788
5 9540 7376178634
5 9545 9829752985
5 9550 9824606516
5 9555 7364599076
5 9560 9672970243
5 9570 5882444654
5 9575 14698432204
5 9580 9143105768
5 9585 9788731584
5 9590 6611042285
5 9595 9778529676
5 9600 9773436691
5 9605 9768349010
5 9610 9763266621
5 9615 7738354270
5 9620 7314838272
5 9625 9748051142
5 9630 7307242386
5 9635 9737933809
5 9640 9732883012
5 9645 9727837453
5 9650 9722797122
5 9660 5827639269
5 9665 14561561134
5 9670 7634554876
5 9675 9697673616
5 9680 8786042758
5 9685 9687660531
5 9690 5809597042
5 9695 6609795357
5 9700 9672679612
5 9705 1641051818
5 9710 7704630249
5 9715 9657744956
5 9720 9652776979
5 9725 14471721168
5 9730 6505455682
5 9735 7228427753
5 9740 8757295109
5 9745 14442020355
5 9750 7217307095
5 9755 14427215618
5 9760 9613216417
5 9765 7206220601
5 9770 8702852280
5 9775 9598464680
5 9780 7195168116
5 9785 9588655314
5 9790 6852987928
5 9795 9578865976
5 9800 9573978799
5 9805 9569096608
5 9810 7173164544
5 9815 9559347147
5 9820 8827793285
5 9825 9549617530
5 9830 -8955051
5 9835 8366012017
5 9840 7151295140
5 9845 9530217597
5 9850 9525379922
5 9855 9520547157
5 9860 7136789470
5 9870 5405090845
5 9875 14251897555
5 9880 7122342528
5 9885 9491653235
5 9890 7115140968
5 9895 14223091294
5 9900 7107953957
5 9905 8557919480
5 9910 8002393430
5 9915 7302672005
5 9920 9458164540
5 9925 13334180853
5 9930 5534200360
5 9940 7079350520
5 9945 7075791269
5 9950 8111436284
5 9955 9424911325
5 9960 7065134957
5 9970 9410731417
5 9975 7054510694
5 9980 6603070058
5 9985 14094891172
5 9990 7043918336
5 10000 14073748835
5 10005 7033357738
5 10010 5623875658
5 10015 14052669831
5 10020 6852859258
5 10025 12066453492
5 10030 7015826936
5 10035 9349775011
5 10040 6222362960
5 10045 9340467122
5 10050 7001865092
5 10060 9326539983
5 10065 6991430121
5 10070 6987958706
5 10075 9312654316
5 10080 6981026208
5 10085 13955130229
5 10090 6709627194
5 10095 7797764243
5 10100 9289603191
5 10105 9285006655
5 10110 5636519844
5 10115 9275827212
5 10120 6953433219
5 10125 13899998849
5 10130 8094483590
5 10140 6939718360
5 10145 13872596191
5 10150 6932881199
5 10155 -129681669
5 10160 9063854777
5 10165 9230200910
5 10170 6124937659
5 10175 9221129458
5 10180 9216600416
5 10185 6909056865
5 10190 9207555666
5 10200 6898896488
5 10205 9194021777
5 10210 -101829300
5 10215 8728200917
5 10220 6885395712
5 10225 12579427185
5 10230 5502932096
5 10235 9167073008
5 10240 11893341202
5 10245 4124849651
5 10250 9520848891
5 10255 9149194758
5 10260 6858552064
5 10270 6851873824
5 10275 8061326672
5 10280 8373159230
5 10285 9122507754
5 10290 6838556285
5 10295 9113646648
5 10300 9109222547
5 10305 8921014920
5 10310 9100387219
5 10315 13643963970
5 10320 6818676761
5 10325 9087166319
5 10330 50968126
5 10335 6808780278
5 10340 6805487831
5 10350 6798912480
5 10355 9060839424
5 10360 6792349824
5 10365 3765435
5 10370 6785799824
5 10375 13565059119
5 10380 4412711487
5 10385 9034664635
5 10390 6315463199
5 10395 6769479959
5 10400 9021633868
5 10410 5499666809
5 10420 6850012588
5 10425 8999999255
5 10430 6746763583
5 10435 13487061654
5 10440 6740301166
5 10445 13474149196
5 10450 6733851117
5 10455 6730630720
5 10460 7254057578
5 10465 6724199159
5 10470 4419062613
5 10475 5839848547
5 10480 8498049121
5 10485 8948497113
5 10490 6719140297
5 10500 6701785159
5 10505 8931460471
5 10510 7461896269
5 10515 6071497127
5 10520 6750510581
5 10525 10567526095
5 10530 6682691754
5 10535 8906026791
5 10540 6676351440
5 10545 6673185792
5 10550 8893364193
5 10560 6663706835
5 10570 6657402476
5 10575 8872339691
5 10580 8868146714
5 10585 8863957699
5 10590 4828651288
5 10595 8187134325
5 10600 8851414361
5 10605 6635430851
5 10610 6996607864
5 10615 8567857160
5 10620 6626058773
5 10625 13245881257
5 10630 -847849239
5 10635 6280555660
5 10640 6613603776
5 10650 6607393819
5 10655 13208586425
5 10660 6601195513
5 10665 8797467626
5 10670 6595008826
5 10675 8789226439
5 10680 6588833724
5 10690 13714514
5 10695 6579592723
5 10700 8768690863
5 10710 5256302086
5 10715 13134623272
5 10720 8752331365
5 10725 6561188268
5 10730 6558130864
5 10735 8740101746
5 10740 4979795079
5 10745 8230609183
5 10750 8727906254
5 10755 8384303834
5 10760 8135939626
5 10770 3576095959
5 10775 13061483838
5 10780 6527712817
5 10785 5548140194
5 10790 6338150496
5 10795 7699615301
5 10800 8687499281
5 10810 6509597056
5 10815 6506587533
5 10820 1482642547
5 10825 11250142943
5 10830 5329967202
5 10835 5696513367
5 10840 7656521573
5 10845 8651451566
5 10850 6485598541
5 10855 3776752545
5 10860 5768146293
5 10865 8635526208
5 10870 -26498455
5 10875 9662143093
5 10880 8623620610
5 10885 5872389358
5 10890 6303886727
5 10900 8607797452
5 10905 8157069932
5 10910 -7475022
5 10915 8595968140
5 10920 5155219353
5 10925 8588099977
5 10930 2608614308
5 10935 12870369305
5 10940 4224734992
5 10945 6459694907
5 10950 6426369331
5 10955 7093726599
5 10960 8560674474
5 10965 6417578128
5 10970 8552870759
5 10975 12113432597
5 10980 6408810945
5 10985 1654416033
5 10990 6402979452
5 10995 7863752238
5 11000 8529544748
5 11005 8525669445
5 11010 6178320081
5 11020 6385548473
5 11025 8510203377
5 11030 -34569727
5 11040 6373980450
5 11045 -374778950
5 11050 6368212142
5 11055 6365331902
5 11060 6362454265
5 11070 6356706791
5 11075 12111758464
5 11080 5199400206
5 11085 7563615418
5 11090 684765294
5 11095 6153971641
5 11100 6339526502
5 11110 5870490635
5 11115 6330971136
5 11120 8437499301
5 11125 12650560751
5 11130 5057951063
5 11135 8426133115
5 11140 7478256139
5 11145 7049808045
5 11150 7672305281
5 11155 8411025750
5 11160 6305443026
5 11165 6302619274
5 11170 5766807120
5 11175 7605493098
5 11180 6294163164
5 11190 5877756922
5 11200 8377231449
5 11205 8373493283
5 11210 4713110351
5 11220 5017379264
5 11225 12537860878
5 11230 3205417591
5 11235 6263350616
5 11240 8104924226
5 11245 6544224617
5 11250 8339999309
5 11260 4042807448
5 11265 2113989160
5 11270 6243899217
5 11275 8321507072
5 11280 6238363845
5 11285 8314133118
5 11290 5486183696
5 11295 7703378777
5 11300 7644757332
5 11305 6224568262
5 11310 4977453169
5 11315 8292089461
5 11320 6184427166
5 11325 8284767526
5 11330 6210833554
5 11340 6205356629
5 11350 7102811332
5 11355 2065288433
5 11360 8259242274
5 11365 12383412966
5 11370 5180931696
5 11375 8248350967
5 11380 8244726910
5 11385 6180829528
5 11390 6178116257
5 11395 8233873825
5 11400 6172696857
5 11410 6013281547
5 11415 -139155128
5 11420 2301797473
5 11425 12168432109
5 11430 5103759776
5 11440 6151114001
5 11445 5302508023
5 11450 8194322466
5 11455 8190745721
5 11460 4389666404
5 11470 6135025647
5 11475 8176469911
5 11480 6129681548
5 11490 4505433538
5 11495 8162243780
5 11500 9459701151
5 11505 6116361945
5 11510 6006478155
5 11515 8148067064
5 11520 8144530576
5 11525 11392029456
5 11530 4497786506
5 11535 -120071584
5 11540 4816182548
5 11550 4874025570
5 11560 8116348809
5 11565 6020386010
5 11570 6082000361
5 11575 11582348017
5 11580 4083565753
5 11585 5992856446
5 11590 6071505105
5 11595 8091849265
5 11600 8088361399
5 11605 8084876539
5 11610 6061046010
5 11615 8077915820
5 11620 5603049858
5 11625 8070967074
5 11630 -405922957
5 11635 7055114087
5 11640 6045424757
5 11645 7085756578
5 11650 8053647402
5 11655 6037644288
5 11660 6035055246
5 11670 3196916319
5 11675 12054602857
5 11680 8032961664
5 11685 6022143275
5 11690 4062233622
5 11700 6014422579
5 11710 3901679427
5 11715 6006721654
5 11720 3749703665
5 11725 8002131534
5 11730 4799232339
5 11740 6546337365
5 11745 7988505086
5 11750 7985105722
5 11760 5983736749
5 11765 5014431614
5 11770 5199377362
5 11775 7968152206
5 11780 5973577604
5 11785 11942086411
5 11790 5182727174
5 11795 2928813887
5 11800 7951270528
5 11805 3331600681
5 11810 5935222980
5 11815 6531109219
5 11820 3177137516
5 11825 7934460232
5 11830 5948330023
5 11835 7787570628
5 11840 7924408128
5 11845 7921063085
5 11850 5491509847
5 11860 7409686423
5 11865 5044529120
5 11870 4398690422
5 11875 11851577967
5 11880 5923294964
5 11890 5918313219
5 11895 5915825487
5 11900 5913339846
5 11910 4164075094
5 11920 7871224180
5 11925 7867923877
5 11930 7864626340
5 11935 5895998675
5 11940 4732497091
5 11950 7203819338
5 11955 4984317712
5 11960 5883674262
5 11970 4703007129
5 11975 11752608631
5 11980 3245505662
5 11985 5871401266
5 11990 4955171005
5 12000 7818749353
5 12005 7359553540
5 12010 5210891967
5 12015 7808988117
5 12020 -374191119
5 12025 7802494158
5 12030 2818420986
5 12035 7796010989
5 12040 5844580081
5 12045 5842153937
5 12050 7786306409
5 12060 5692381388
5 12065 7294002863
5 12070 5830053370
5 12075 5827639269
5 12080 7766969556
5 12090 4656327158
5 12095 7757337101
5 12100 7754131589
5 12105 7167073535
5 12110 3916821755
5 12120 5434824287
5 12125 11607215534
5 12130 7734954017
5 12135 6821043310
5 12140 700630612
5 12145 6465341905
5 12150 6867990121
5 12155 5789283766
5 12160 7715871072
5 12165 7712699731
5 12170 -470309255
5 12175 10994672791
5 12180 4621920799
5 12190 5772661540
5 12195 4015428347
5 12200 7690573134
5 12210 4610564729
5 12215 7681129124
5 12220 5758489703
5 12225 6871566592
5 12230 -125641183
5 12240 5749080406
5 12245 7662310514
5 12250 7659183039
5 12255 5742043588
5 12260 4828668402
5 12265 4164428497
5 12270 -35502310
5 12275 1609138962
5 12280 5049291458
5 12285 5728021504
5 12290 441086578
5 12300 5721036112
5 12305 7120465313
5 12310 1691581748
5 12315 3792885
5 12320 5711748715
5 12325 7612575435
5 12330 4068871685
5 12340 176635707
5 12345 15856459
5 12350 5697874022
5 12355 4857447160
5 12360 4965381371
5 12370 44516310
5 12375 7581817554
5 12380 7578755431
5 12390 3961077500
5 12395 7569583884
5 12400 7566531632
5 12405 398063227
5 12410 5670325880
5 12415 6998363680
5 12420 5665760400
5 12425 7551307222
5 12430 4742037321
5 12435 -160023687
5 12440 5972217208
5 12445 7389085575
5 12450 5511922596
5 12455 7533118607
5 12460 5420597241
5 12465 6719443690
5 12470 5643042837
5 12475 10255898851
5 12480 5638521168
5 12485 7022194422
5 12490 5057009338
5 12495 5631752235
5 12500 23124778299
5 12505 7502998181
5 12510 4262381494
5 12520 7494008964
5 12525 7491017344
5 12530 5366807170
5 12535 7485041264
5 12540 4489234078
5 12545 6529445712
5 12550 6130600505
5 12555 7473117661
5 12560 7470142694
5 12565 6706304953
5 12570 5598149894
5 12575 11191847981
5 12580 5593699855
5 12585 4267317749
5 12590 7452342512
5 12595 6220949572
5 12600 5584820966
5 12610 5434290990
5 12615 7437573700
5 12620 6534102348
5 12625 11147523830
5 12630 3346463793
5 12635 6087059023
5 12640 7422863309
5 12645 5260112938
5 12650 5562746575
5 12660 4888681281
5 12665 7408210995
5 12670 4037113110
5 12675 7402366251
5 12680 1814635564
5 12685 7396530724
5 12690 5545212307
5 12700 6082492547
5 12705 5355152880
5 12710 5536486560
5 12720 5532133976
5 12725 186760284
5 12730 5227639902
5 12735 4952121703
5 12740 5523449307
5 12750 9643609239
5 12760 5514791863
5 12765 5512631741
5 12770 4305609643
5 12775 7344422094
5 12780 4823154808
5 12790 -133675626
5 12795 4508674605
5 12800 10995116277
5 12805 6719947635
5 12810 4394613219
5 12815 7321497639
5 12820 5278624284
5 12825 7315788868
5 12830 2474798657
5 12835 7310088995
5 12840 5096374933
5 12845 3026958612
5 12850 2574187510
5 12855 3365981549
5 12860 5276042839
5 12865 7293042538
5 12870 4374125512
5 12875 10931067057
5 12880 5463411815
5 12885 5054663805
5 12890 44731570
5 12900 5454941409
5 12905 7270437213
5 12910 3385159294
5 12915 5448605820
5 12920 5446497227
5 12925 7259187020
5 12930 2954181047
5 12935 6436537810
5 12940 4844176808
5 12945 -11794935
5 12950 5433879859
5 12960 7239582734
5 12970 7234000943
5 12975 5163293581
5 12980 5421320814
5 12985 7225644377
5 12990 979647453
5 12995 7220084051
5 13000 7217307095
5 13005 7214532275
5 13010 20212245
5 13015 7067629544
5 13020 4323732361
5 13025 8410685564
5 13030 -116476276
5 13035 4978467303
5 13040 5806866654
5 13050 5392240933
5 13055 5348478463
5 13060 7184149482
5 13065 5386050071
5 13070 -22317704
5 13075 4161070435
5 13080 4838547995
5 13090 4300610797
5 13095 7164947860
5 13100 6707495834
5 13110 4294049987
5 13115 7154021520
5 13120 7151295140
5 13125 7148570837
5 13130 4721576103
5 13135 6930100290
5 13140 4992060118
5 13145 6839138252
5 13150 7134980398
5 13155 7132268509
5 13160 5347169010
5 13170 1487634835
5 13175 7121441536
5 13180 5911769418
5 13185 3335601534
5 13190 -45129609
5 13195 5332985539
5 13200 5330965468
5 13205 6273674267
5 13210 38725382
5 13215 3364894898
5 13220 4936938464
5 13225 10641776057
5 13230 5318877110
5 13240 4139161309
5 13245 20876116
5 13250 7081131489
5 13255 7078460373
5 13260 4245474761
5 13265 13308300
5 13270 4481276358
5 13275 7067796025
5 13280 7065134957
5 13290 2320944464
5 13300 5290883020
5 13305 1476580529
5 13310 4460027796
5 13320 5282938752
5 13325 7041275216
5 13330 5278975557
5 13335 3462882096
5 13340 5275018304
5 13345 6240243175
5 13350 4886316505
5 13360 5422083323
5 13365 7020201439
5 13370 3785702445
5 13375 10522429036
5 13380 4413329714
5 13390 4548903294
5 13395 5253359027
5 13400 7001865092
5 13405 5398753774
5 13410 5247482787
5 13420 5243572591
5 13425 6159853596
5 13430 5239668218
5 13440 5235769656
5 13450 1824129888
5 13455 5229932677
5 13460 4647946352
5 13470 5224108699
5 13475 6962893673
5 13480 3995151201
5 13485 5218297677
5 13490 4916215213
5 13500 6949999424
5 13505 6947426304
5 13510 4231121284
5 13515 5206714330
5 13520 6939718360
5 13525 6135744633
5 13530 4160753536
5 13540 3518551604
5 13545 5195182294
5 13550 4396394193
5 13560 4161057257
5 13570 5185611214
5 13575 5240933796
5 13580 4422016255
5 13585 5179885477
5 13590 5177979704
5 13600 6898896488
5 13605 -142241587
5 13610 4273634394
5 13615 1082889073
5 13620 3743962207
5 13625 10329356944
5 13630 5162783872
5 13635 6686177946
5 13640 5158998840
5 13650 4124175482
5 13660 -166507909
5 13665 6866080661
5 13670 4408569645
5 13675 7993993000
5 13680 5143914048
5 13685 5142034650
5 13690 4121725240
5 13695 5006312676
5 13700 6475093002
5 13710 1985527348
5 13715 6634700778
5 13720 3674024195
5 13725 6511472225
5 13730 1867163641
5 13735 6831087896
5 13740 2343258837
5 13750 6823635799
5 13755 3102129026
5 13760 6818676761
5 13770 5110293694
5 13775 6811251705
5 13780 5106585208
5 13785 5682443075
5 13790 2108276058
5 13795 6801376749
5 13800 5099184360
5 13805 6178413222
5 13810 5883265636
5 13815 5668506330
5 13820 1864568453
5 13825 6786617883
5 13830 1300446079
5 13840 4433132086
5 13845 4619280907
5 13850 5005087802
5 13855 6771922933
5 13860 4061687975
5 13865 6767038749
5 13870 3850938715
5 13875 6762161602
5 13880 4440936250
5 13890 2524415771
5 13895 2608720635
5 13900 5125474326
5 13905 6569048814
5 13910 4231045804
5 13915 6742723122
5 13920 5055225874
5 13925 9605462973
5 13930 4751448526
5 13935 745174896
5 13940 5047973040
5 13950 5044354421
5 13960 4419062613
5 13965 5038936210
5 13970 3396925805
5 13975 6713774043
5 13980 5033529626
5 13990 59187764
5 13995 4016484881
5 14000 9532956369
5 14010 3545271573
5 14020 2923850158
5 14025 5017379264
5 14030 5015591174
5 14035 3862180809
5 14040 5012018816
5 14045 -1244800135
5 14050 4179553988
5 14055 -76591260
5 14060 5004889344
5 14065 6094415249
5 14070 3100541155
5 14075 7980446999
5 14080 6663706835
5 14085 4405532847
5 14090 6658977447
5 14100 4990691076
5 14105 4988921955
5 14110 4558742240
5 14115 5082974809
5 14120 2167638490
5 14125 9963715990
5 14130 3720036273
5 14135 2562102365
5 14140 3511257967
5 14145 4974814010
5 14150 3786960800
5 14155 6628399310
5 14160 4969544080
5 14170 3716498497
5 14175 6619047071
5 14180 2609669444
5 14190 3625297560
5 14195 5164883502
5 14200 6607393819
5 14205 5040859604
5 14210 4952057999
5 14220 4208844605
5 14225 9893672292
5 14230 -100753626
5 14235 4943361024
5 14240 6588833724
5 14245 4939890781
5 14250 5644715836
5 14260 4934694542
5 14265 4835852286
5 14270 8895051
5 14275 -110273067
5 14280 3942226564
5 14290 6565779722
5 14295 4185478963
5 14300 4920891201
5 14310 4917452423
5 14315 4734122848
5 14320 6271997530
5 14325 4069757012
5 14330 -133198185
5 14335 6545168626
5 14340 3441849694
5 14345 6540605943
5 14350 4903745238
5 14355 4902037211
5 14360 3390470165
5 14365 6531499634
5 14370 3287246632
5 14375 9790433973
5 14380 1284518932
5 14385 3645090027
5 14390 44895780
5 14400 6515624460
5 14405 6513362877
5 14410 3669606161
5 14415 5384976845
5 14420 4204205576
5 14425 6221658121
5 14430 3901247078
5 14440 5016629675
5 14445 6311538745
5 14450 5788288752
5 14455 6490833085
5 14460 2731454996
5 14465 5759659241
5 14470 6484104508
5 14475 5491605689
5 14480 3953355568
5 14490 3885092846
5 14495 5209380192
5 14500 6470689119
5 14505 -149462719
5 14510 4490004580
5 14520 4228295466
5 14525 6313265967
5 14530 -55540215
5 14535 4841330868
5 14540 3065925942
5 14550 4344821060
5 14555 6446237874
5 14560 4833018144
5 14565 3018409062
5 14570 4166908560
5 14575 6437392263
5 14580 6435184652
5 14590 -847418286
5 14595 3201649221
5 14600 5497729362
5 14605 6096772374
5 14610 -16611474
5 14615 6419773674
5 14620 4813183596
5 14625 9651243534
5 14630 3847914924
5 14640 4660507115
5 14645 5811284443
5 14650 4209062341
5 14655 4500802835
5 14660 2566872485
5 14665 4849077999
5 14670 2861355347
5 14675 53684946
5 14680 107955030
5 14685 4363467225
5 14690 3668530635
5 14700 4786989399
5 14705 4580999293
5 14710 -86196673
5 14715 4764532070
5 14720 6373980450
5 14725 6371816111
5 14730 68796062
5 14735 3736100006
5 14740 4151720706
5 14745 -9251797
5 14750 6361016422
5 14755 5454802980
5 14760 4767530093
5 14770 4272783500
5 14775 3704894960
5 14780 4187521554
5 14790 3806287717
5 14795 4892819972
5 14800 6339526502
5 14805 4753039120
5 14810 104585395
5 14820 3798582681
5 14825 2501064052
5 14830 3993464
5 14835 3829121043
5 14840 4741829122
5 14850 4738635971
5 14860 515058399
5 14865 3596952068
5 14870 6309683405
5 14875 6307562503
5 14880 4729082270
5 14885 4846883083
5 14890 -118621599
5 14895 4443118850
5 14900 5129370907
5 14905 4059841058
5 14910 2861347342
5 14915 6290646479
5 14920 4738282598
5 14925 3219380315
5 14930 -993865918
5 14935 5790703701
5 14940 3943285990
5 14945 6278018885
5 14950 4706939409
5 14955 -1004371311
5 14960 4703793060
5 14965 6269628617
5 14970 2299330880
5 14975 4654197233
5 14980 3432499935
5 14985 6261260743
5 14990 -182724445
5 15000 6254999482
5 15010 4065845975
5 15015 3749250439
5 15020 2931190407
5 15025 4708234116
5 15030 3704365809
5 15035 5748919714
5 15040 6238363845
5 15045 4677217957
5 15050 4675664064
5 15060 3131920953
5 15065 6228011434
5 15070 4669458804
5 15075 5948501010
5 15080 4666362345
5 15085 2890341068
5 15090 4663269991
5 15100 6213575644
5 15105 4371496890
5 15110 102139403
5 15120 4654017472
5 15125 9304957908
5 15130 3483333015
5 15135 3610023882
5 15140 -73325432
5 15145 6195113387
5 15150 3744276983
5 15155 2639584086
5 15160 3895754961
5 15165 2729620517
5 15170 4638677928
5 15175 7390655105
5 15180 3708497716
5 15190 4632570386
5 15195 2991582358
5 15200 6172696857
5 15210 4626478907
5 15215 4317536720
5 15220 8577045
5 15225 4621920799
5 15230 6160537901
5 15235 4188934019
5 15240 2985886639
5 15250 9481252321
5 15255 4720634288
5 15260 3733610785
5 15265 6146412856
5 15270 2197704483
5 15275 6142389017
5 15280 3751583172
5 15285 6138370444
5 15290 3025831732
5 15295 4600767844
5 15300 4599264325
5 15310 -1149845278
5 15315 102040379
5 15320 5397660175
5 15325 7706043277
5 15330 2548343477
5 15340 4587271458
5 15345 4585776746
5 15350 4852318488
5 15355 6110386991
5 15360 6108397932
5 15365 656606876
5 15370 4578317773
5 15375 6102438519
5 15380 3129947185
5 15385 5300884583
5 15390 4572368042
5 15400 4569398972
5 15405 4567915883
5 15410 3971095306
5 15420 2794915127
5 15425 528766682
5 15430 6080686470
5 15435 5770574228
5 15440 5099228170
5 15450 3863725417
5 15455 4032903122
5 15460 2553733750
5 15465 -285206554
5 15470 3638978367
5 15475 9094506517
5 15480 4545784507
5 15485 5559217333
5 15490 6057133133
5 15495 2486930628
5 15500 6053225305
5 15505 4399950218
5 15510 1282373338
5 15515 4896090930
5 15520 6045424757
5 15525 6043477760
5 15530 6041532017
5 15535 6039587527
5 15540 3622586572
5 15550 2572243034
5 15555 3769285621
5 15560 3588613043
5 15565 2759707602
5 15570 3305925938
5 15575 5311400495
5 15580 4516607456
5 15585 3431028503
5 15590 2135818348
5 15600 4510816934
5 15610 3037019729
5 15615 4023078091
5 15620 4120984384
5 15630 820381676
5 15635 6000958890
5 15640 4499280318
5 15645 3875564169
5 15650 4745668676
5 15655 5488809118
5 15660 4493534110
5 15665 4143002492
5 15675 4489234078
5 15680 5983736749
5 15690 589353605
5 15695 5978017983
5 15700 5976114155
5 15705 2997596937
5 15710 -1305882120
5 15715 5970409943
5 15720 3391547695
5 15725 5966613180
5 15730 3989296579
5 15735 3737729676
5 15740 5960927079
5 15745 5959034121
5 15750 5335227414
5 15755 -70246052
5 15760 4170215778
5 15765 -89343914
5 15770 3055230914
5 15775 8921552352
5 15780 1097769111
5 15785 4457950217
5 15790 -180696826
5 15795 2557808670
5 15800 5409194392
5 15805 5395086624
5 15810 3560720768
5 15820 2546639069
5 15825 3919594573
5 15830 -186679387
5 15840 4442471223
5 15850 2386424175
5 15855 4438268317
5 15860 3526145451
5 15865 3956627175
5 15870 3184534862
5 15875 9395701429
5 15880 640975569
5 15885 1269939428
5 15890 1214119569
5 15895 4338590647
5 15900 3807670403
5 15910 4422925466
5 15915 3163564303
5 15920 3112168723
5 15925 5891679262
5 15930 4417372515
5 15940 348047918
5 15945 4634750764
5 15950 4411833490
5 15960 3527255347
5 15965 5876917773
5 15970 5875077785
5 15975 5873238950
5 15980 3957292565
5 15985 736537477
5 15990 3520637607
5 15995 250633825
5 16000 8796093022
5 16005 3229064113
5 16010 5860399265
5 16020 2915076199
5 16025 -300832411
5 16030 2640824401
5 16035 3578327
5 16040 1340941369
5 16050 3135845979
5 16055 5843973357
5 16060 4381615453
5 16065 4380251738
5 16070 -1464002652
5 16075 7909134979
5 16080 3871682417
5 16090 5831261170
5 16095 3112028387
5 16100 4370729452
5 16110 3577537037
5 16115 2392560459
5 16120 4365306710
5 16125 5818604169
5 16130 5816800510
5 16135 2934072257
5 16140 1915661756
5 16150 4357197781
5 16155 -49710067
5 16160 5243692806
5 16165 5804206140
5 16170 3481446836
5 16175 -100565751
5 16180 3628042710
5 16185 3289694272
5 16190 -1039230960
5 16195 5216128599
5 16200 5791666187
5 16205 2911922748
5 16210 2067481246
5 16215 4339731370
5 16220 5784524798
5 16225 5782742203
5 16230 413372822
5 16235 4027394925
5 16240 4333050749
5 16245 -135508500
5 16250 10094369994
5 16260 3430638324
5 16270 -1310782154
5 16275 4323732361
5 16280 4322404433
5 16290 2059816244
5 16300 5240968534
5 16305 41843582
5 16310 3064915470
5 16315 3916530942
5 16320 4311810305
5 16325 8620979379
5 16330 3141561445
5 16335 2882227821
5 16340 4306532691
5 16345 -163125064
5 16350 3812379980
5 16360 4062932273
5 16365 5733271752
5 16370 -81356485
5 16375 8026392762
5 16380 3436812902
5 16385 4622461999
5 16390 3392870395
5 16395 1676627579
5 16400 5721036112
5 16405 4995463004
5 16410 326149525
5 16415 5310202192
5 16420 394339699
5 16425 5712328294
5 16430 3578152138
5 16435 4253681886
5 16440 1848218507
5 16445 4279035827
5 16450 4082725605
5 16455 4224434222
5 16460 403762999
5 16465 4884684251
5 16470 3295020599
5 16475 2541266864
5 16480 5322086385
5 16485 3101044531
5 16490 3767487045
5 16500 9665209927
5 16510 2360740803
5 16515 2067084132
5 16520 3959460883
5 16525 -267751565
5 16530 3405625852
5 16540 84702525
5 16545 -111781793
5 16550 1829786301
5 16555 4250603696
5 16560 4249320300
5 16570 5662341112
5 16575 4245474761
5 16580 2669789087
5 16585 5491431598
5 16590 2133250085
5 16600 5652107966
5 16605 5650406036
5 16610 4236528848
5 16620 2343544582
5 16625 5643608556
5 16630 4915225164
5 16635 15032646
5 16640 5638521168
5 16650 4226351001
5 16660 4223814176
5 16665 2962488049
5 16670 5628373859
5 16675 5626686191
5 16680 2969211155
5 16685 5298868228
5 16690 5621629253
5 16695 4214959219
5 16700 4640742977
5 16705 2754895798
5 16710 3296869325
5 16720 4208656948
5 16725 1585834814
5 16730 2956602818
5 16740 4203628684
5 16745 2826939725
5 16750 5388463909
5 16755 2786073503
5 16760 3415879982
5 16765 2230887545
5 16770 2189278583
5 16775 5333351561
5 16780 -123246504
5 16785 4005442694
5 16790 2905919193
5 16800 4188615724
5 16810 289626826
5 16815 4184879225
5 16820 29815681
5 16825 1449499156
5 16830 3344919509
5 16835 4179907584
5 16840 68245765
5 16845 1331663072
5 16850 1504767410
5 16860 16684625
5 16870 3380756215
5 16875 8339999309
5 16880 3427504438
5 16885 3744396381
5 16890 532521616
5 16895 4465729276
5 16900 4086459517
5 16905 4162599478
5 16910 3420351386
5 16915 4408786928
5 16920 4158909230
5 16925 8315361203
5 16930 3153733649
5 16935 -1025868655
5 16940 3066310629
5 16950 3518914303
5 16960 5532133976
5 16965 4147877640
5 16970 5528874026
5 16975 4267186637
5 16980 1538562909
5 16985 4030663467
5 16995 2681185823
5 17000 5519117190
5 17005 2652683169
5 17010 3080919803
5 17015 5514251674
5 17020 4134473805
5 17025 3310013532
5 17030 1784825874
5 17040 3438735281
5 17045 2872711969
5 17050 4127199072
5 17055 2671069684
5 17060 4588982797
5 17070 -58524029
5 17075 203844495
5 17080 2870411398
5 17085 3783913491
5 17090 5490052208
5 17095 1345176510
5 17100 4115131238
5 17105 227882111
5 17110 4112726135
5 17115 2646209466
5 17120 4642742778
5 17125 9461441451
5 17130 1259345728
5 17135 5475634214
5 17140 -65897082
5 17145 5472440492
5 17150 4910713616
5 17155 5469250496
5 17160 3280594134
5 17170 3222675501
5 17175 -46882474
5 17180 3491505450
5 17185 3537652531
5 17190 876847211
5 17195 4161747089
5 17200 5454941409
5 17205 4090017098
5 17215 3936259943
5 17220 2291643461
5 17225 5447024224
5 17235 1807773617
5 17240 2275533974
5 17250 8771972949
5 17255 4078165413
5 17260 77069797
5 17265 -593644462
5 17270 2825084792
5 17275 24600783
5 17280 5429687050
5 17290 3255928012
5 17295 2546009411
5 17300 1826195874
5 17310 972238707
5 17320 2358700126
5 17325 4061687975
5 17330 5414021479
5 17340 2934306835
5 17350 5407780532
5 17355 3077146876
5 17360 4053499088
5 17365 5403109257
5 17370 1364841172
5 17375 6442117397
5 17380 2961146096
5 17385 2787611214
5 17390 3851496675
5 17395 4817392596
5 17400 4044180699
5 17410 5389143724
5 17415 5387596453
5 17420 3633931506
5 17425 5384504576
5 17430 2173791364
5 17435 1665599180
5 17440 5379873408
5 17445 3151272929
5 17450 3212884183
5 17460 2780744676
5 17465 2466759299
5 17470 5370634930
5 17475 5369098268
5 17480 4025671863
5 17485 3900712409
5 17490 2088148906
5 17500 5361428127
5 17505 1723054927
5 17510 3172855924
5 17515 4314759214
5 17520 2539001215
5 17525 6942981370
5 17530 5352252837
5 17535 1438806149
5 17540 -463675704
5 17545 4628661265
5 17550 4009615052
5 17560 -6395536
5 17565 -600189447
5 17570 2748834561
5 17575 5338548635
5 17580 222333874
5 17595 3999360282
5 17600 5330965468
5 17605 3399721224
5 17610 41233355
5 17615 3485815017
5 17620 -959527166
5 17625 5311708249
5 17630 3991420543
5 17640 3989157833
5 17650 1997886380
5 17655 2566932787
5 17660 -37014301
5 17670 3185908055
5 17675 4518783962
5 17680 3980132589
5 17685 3314234432
5 17690 3382544206
5 17700 3975635264
5 17710 3178712328
5 17715 383940659
5 17720 2713520852
5 17725 5953310329
5 17730 2231636147
5 17740 2187238416
5 17745 3965553348
5 17750 9566131349
5 17755 3799014931
5 17760 3962204064
5 17765 3961088894
5 17775 4377955963
5 17780 3186364018
5 17790 497018938
5 17800 4509417681
5 17805 -89755740
5 17810 2207013300
5 17815 1242875106
5 17820 3948863309
5 17825 5263674180
5 17835 3945542146
5 17840 1500752276
5 17845 4871447452
5 17850 3153781251
5 17860 3511607423
5 17865 -38646336
5 17875 5248950615
5 17880 3230821795
5 17885 4305350257
5 17895 5243084226
5 17900 2680555449
5 17910 1816307898
5 17920 2488402501
5 17925 4040432444
5 17930 3013913490
5 17935 4739871957
5 17940 3137959606
5 17945 5228475467
5 17950 5019441543
5 17955 3919172608
5 17960 3758793528
5 17970 9365877
5 17975 7829623831
5 17980 3913723257
5 17985 2420433985
5 17990 1752000822
5 17995 5213947888
5 18000 5580932224
5 18005 3320616842
5 18015 -66115669
5 18020 3291410598
5 18025 4465267312
5 18030 202696812
5 18040 3900706440
5 18045 -9923599
5 18050 3297787259
5 18055 5196621005
5 18060 2139589345
5 18070 2773200240
5 18075 2921872157
5 18080 3664657112
5 18090 3185134756
5 18095 3397331444
5 18100 4173251405
5 18105 2972395977
5 18110 5180838886
5 18120 3883484778
5 18125 7764826944
5 18130 3881342756
5 18135 3880272631
5 18140 -30152298
5 18145 3116829289
5 18150 3150379218
5 18160 5166574462
5 18165 1527733896
5 18170 3082318887
5 18175 -225538222
5 18180 2836390200
5 18190 3212320304
5 18195 2523712403
5 18200 3866414515
5 18205 -15940001
5 18210 1595292496
5 18220 -149367046
5 18225 7722221583
5 18235 3134885472
5 18240 3857935536
5 18245 4296585642
5 18250 5463074762
5 18255 930390790
5 18260 3007791247
5 18265 1479891527
5 18270 3081280533
5 18275 5134062504
5 18280 2222770414
5 18285 3311427942
5 18290 3363148089
5 18300 3352463588
5 18305 1824089456
5 18315 3842137274
5 18320 3042261840
5 18325 1295396110
5 18330 2401523169
5 18335 2634098009
5 18340 2122583252
5 18345 3789930
5 18350 938987079
5 18360 3832720271
5 18370 2887609867
5 18375 9558588588
5 18380 5104732983
5 18390 530645061
5 18395 2075254390
5 18400 5099184360
5 18405 4183492820
5 18410 2173483215
5 18415 4807888557
5 18420 2361537591
5 18425 4091835346
5 18430 3404111498
5 18435 63793761
5 18440 3717036774
5 18445 3815057967
5 18450 3814024074
5 18460 2386110801
5 18465 -117775194
5 18470 5079858810
5 18475 7617726027
5 18480 3046265981
5 18490 -76181438
5 18495 4658104526
5 18500 5071621201
5 18510 45171200
5 18515 3899903971
5 18520 5066144289
5 18525 3798582681
5 18530 2145078828
5 18535 3444838029
5 18540 3113035584
5 18550 3198124848
5 18555 43193669
5 18560 5055225874
5 18565 13196290
5 18570 2324062544
5 18575 3845140101
5 18580 -687360149
5 18585 3373989433
5 18590 2939382195
5 18600 3783265816
5 18605 7564498165
5 18615 2520158397
5 18620 3779202157
5 18625 7556375214
5 18630 3777173600
5 18640 3783991131
5 18645 2842370027
5 18650 2755575651
5 18655 3772111722
5 18660 1271404295
5 18675 4354424630
5 18680 5022751190
5 18685 4359667833
5 18690 1762499779
5 18700 3763034448
5 18705 3762028558
5 18715 3881035100
5 18720 3759014112
5 18725 4396915367
5 18735 5008005990
5 18740 5006669809
5 18745 4644173793
5 18750 12452940877
5 18755 4780359058
5 18760 2738238619
5 18765 3329936760
5 18770 4998667673
5 18775 7496004706
5 18780 834540207
5 18785 4017156160
5 18795 1077632296
5 18800 4990691076
5 18810 2992822718
5 18815 4067560746
5 18820 -475001123
5 18825 766146341
5 18830 2476996065
5 18840 3735071347
5 18850 3733089876
5 18855 366346295
5 18860 3731110507
5 18865 1610316176
5 18870 2387391161
5 18875 7456290774
5 18880 4969544080
5 18885 4968228341
5 18900 3723213977
5 18905 3017246460
5 18910 3051573725
5 18915 3015471094
5 18920 3719278233
5 18925 5768538380
5 18930 -282463564
5 18935 4834365
5 18940 2140054086
5 18945 2869141703
5 18950 1268145919
5 18955 3912373493
5 18960 2623743218
5 18970 1358210482
5 18975 3708497716
5 18980 2947744374
5 18990 2228088796
5 18995 4216844632
5 19000 9556871508
5 19005 852259884
5 19020 14336363
5 19025 -64146923
5 19030 626816158
5 19035 4929077606
5 19040 3695837404
5 19045 2380721545
5 19050 2575632785
5 19055 3838083075
5 19060 1192506104
5 19065 3690991040
5 19075 4490329556
5 19080 2787564705
5 19085 1633472515
5 19090 1073747968
5 19095 2179040315
5 19100 3063463832
5 19110 2945839630
5 19120 345199565
5 19125 4905881947
5 19135 2686463798
5 19140 2941222327
5 19145 90487350
5 19150 3998952789
5 19155 3333990011
5 19160 1388816620
5 19170 2205459173
5 19175 4893089556
5 19180 2152634427
5 19185 1517713180
5 19190 2499340191
5 19195 1622939672
5 19200 3626659489
5 19205 3220231350
5 19210 3507307745
5 19215 2202382999
5 19220 3416318139
5 19225 7320545558
5 19230 684088647
5 19240 3657419136
5 19245 4029373151
5 19250 5728176746
5 19260 2854489723
5 19270 2137367855
5 19275 140335571
5 19280 4866441506
5 19285 3648884844
5 19290 1746490618
5 19295 3541082072
5 19300 1907102620
5 19305 3645104593
5 19320 2913819634
5 19325 5786224299
5 19335 -52623991
5 19340 -319056967
5 19345 3938011382
5 19350 2931837311
5 19355 4093003275
5 19360 4341848978
5 19365 -978443913
5 19370 2732348086
5 19375 7263870367
5 19380 2904798521
5 19390 -129060046
5 19395 1063739448
5 19400 4269700111
5 19410 84952540
5 19415 382894459
5 19420 302937896
5 19425 3622586572
5 19430 2657443583
5 19435 4827630165
5 19440 2527953174
5 19450 1409371739
5 19455 18775571
5 19460 2585245419
5 19465 2141453326
5 19470 989922675
5 19475 4817714621
5 19480 802998631
5 19485 711192454
5 19490 4814006784
5 19495 2722581763
5 19500 5980091630
5 19505 3964385924
5 19510 4809071872
5 19515 55986246
5 19520 4313785229
5 19525 4304018870
5 19530 2882488240
5 19540 1732631583
5 19545 3540401222
5 19550 3599424254
5 19560 1590638975
5 19565 3596664666
5 19570 2642933777
5 19575 4793103051
5 19580 2176594414
5 19590 -656593857
5 19600 4786989399
5 19605 -129263095
5 19610 1631901999
5 19620 3019942577
5 19625 9378627721
5 19630 3584755179
5 19635 2867073865
5 19640 184320324
5 19650 1493674658
5 19660 3093360591
5 19665 3578374989
5 19670 1515247386
5 19675 7153112496
5 19680 3575647570
5 19685 3774411304
5 19690 805475950
5 19695 1870043383
5 19700 3363689765
5 19705 8529122
5 19710 2482516748
5 19720 3568394735
5 19725 2401965750
5 19740 1795838856
5 19745 1887304409
5 19750 4845626349
5 19755 1831854815
5 19760 3561171264
5 19765 4020291293
5 19770 -132445606
5 19775 3765079617
5 19780 3557570484
5 19785 55114059
5 19795 3262353282
5 19800 3553976978
5 19805 2835991223
5 19810 825486825
5 19815 -138036453
5 19820 1988452744
5 19825 4348649678
5 19830 -528801660
5 19840 4224599005
5 19845 4727890765
5 19850 2969340085
5 19855 2824061130
5 19860 2010238004
5 19865 2523195599
5 19875 5369939892
5 19880 2690678372
5 19885 164440539
5 19890 1849518190
5 19895 3370123003
5 19900 2268414688
5 19905 4713639398
5 19910 832442617
5 19915 17986055
5 19920 2408699909
5 19925 255369346
5 19935 -466314188
5 19940 4705365708
5 19950 2821804277
5 19955 602142182
5 19960 2512060240
5 19965 -468069857
5 19970 4698297057
5 19975 4697121013
5 19980 3521959168
5 19985 1396035796
5 19995 3106987172
5 20000 7036874417
5 20010 2813343095
5 20020 2811937829
5 20025 3707872839
5 20030 -1128653809
5 20040 2019055278
5 20045 3804698057
5 20050 105898609
5 20055 1264581707
5 20060 3055133363
5 20070 1546528630
5 20075 4365580680
5 20080 35720691
5 20085 2593684579
5 20090 2521876853
5 20100 2746351618
5 20110 4665588873
5 20115 3404370288
5 20120 3099061504
5 20125 5424071278
5 20130 1232363561
5 20140 3218600281
5 20145 1188724762
5 20150 3492245368
5 20155 2525092665
5 20160 3490513104
5 20165 1776898980
5 20170 4651710076
5 20175 2534073036
5 20180 -172064632
5 20185 65998861
5 20190 1194431543
5 20195 1058005458
5 20200 3439246982
5 20205 4643652177
5 20210 2990358749
5 20215 335079029
5 20220 1132935326
5 20225 5698531421
5 20230 1244555378
5 20235 2217516838
5 20240 3476716609
5 20250 9499131318
5 20260 2166312914
5 20265 970228470
5 20275 6941429759
5 20280 2209800324
5 20290 4624198730
5 20295 3467294613
5 20300 3466440599
5 20305 3361425203
5 20310 38374794
5 20315 2501622422
5 20320 2977164745
5 20325 1085663823
5 20330 1983845723
5 20335 1442263115
5 20340 2410512609
5 20345 4611697825
5 20350 3457923546
5 20355 2952590877
5 20360 83329576
5 20370 862174320
5 20375 6907361392
5 20380 -1120726297
5 20385 4602648625
5 20400 3449448244
5 20405 2205343532
5 20410 2756872310
5 20415 1975691895
5 20420 -19360732
5 20425 4593634872
5 20430 1361732671
5 20435 4338402804
5 20440 2901372443
5 20445 1540407488
5 20450 879662178
5 20460 2751466048
5 20470 1960172761
5 20475 3436812902
5 20480 -371451448
5 20485 3320121385
5 20490 578250633
5 20500 5614929183
5 20505 2120713214
5 20510 -196785598
5 20515 2225253213
5 20520 3429276032
5 20525 1682044739
5 20535 -359647892
5 20540 2511630643
5 20545 3031366270
5 20550 1583143059
5 20560 14022458
5 20565 11775349
5 20570 2510216743
5 20575 641909016
5 20580 2015171313
5 20585 2616858248
5 20590 2959673712
5 20595 844598697
5 20600 3468790268
5 20605 2241813319
5 20610 1575748540
5 20615 3413472918
5 20620 117003231
5 20625 4549090532
5 20630 4547987990
5 20640 1944023209
5 20650 2430167338
5 20655 3649925405
5 20660 662373540
5 20670 1996825535
5 20675 4318637583
5 20680 2488437646
5 20685 1676813692
5 20700 3399456240
5 20705 2685929728
5 20710 2420294753
5 20715 -926476894
5 20720 3396174912
5 20725 -454432688
5 20730 -118142680
5 20735 3393718072
5 20740 1915420295
5 20745 80970486
5 20750 5535297363
5 20755 -316821576
5 20760 1451583420
5 20770 1319866189
5 20775 2694871490
5 20780 3537638401
5 20790 2707791983
5 20800 2163596762
5 20805 2805901371
5 20815 1216201163
5 20820 1311729783
5 20825 4505401788
5 20835 1625282927
5 20840 2347853651
5 20845 2713328256
5 20850 2397479689
5 20855 3058810383
5 20860 1809173304
5 20865 2419497533
5 20870 4495687217
5 20875 9368915270
5 20880 3370150583
5 20895 2812785827
5 20900 3366925558
5 20905 3398176617
5 20910 2245471488
5 20915 460831788
5 20920 523166901
5 20925 4483870596
5 20930 2689679662
5 20935 3104307459
5 20940 52419535
5 20945 1554561045
5 20950 -126655825
5 20955 1370327280
5 20960 2469102715
5 20965 92623467
5 20970 1454237991
5 20975 -79698259
5 20980 -149068053
5 20985 17993307
5 20995 3351690602
5 21000 5303096850
5 21010 1731437864
5 21015 2987188107
5 21020 2998290549
5 21025 -150585667
5 21030 -90941405
5 21035 67386776
5 21040 3071817788
5 21045 2219859880
5 21050 69205311
5 21060 2614659301
5 21065 1309466876
5 21070 3339760046
5 21075 2163800056
5 21080 3338175720
5 21090 1549022692
5 21100 2829991548
5 21105 2084682977
5 21115 4057195795
5 21120 1430404991
5 21125 6662129626
5 21135 -1373558787
5 21140 3328701238
5 21150 2416403720
5 21160 2532624931
5 21165 292324333
5 21170 2478065407
5 21175 3181393842
5 21180 21853915
5 21185 272031142
5 21190 823646169
5 21195 4426751226
5 21200 3967763400
5 21210 1404633845
5 21220 1946603769
5 21225 -8028665
5 21230 1612271328
5 21235 3007574223
5 21240 1835549769
5 21245 1323363962
5 21250 4415293752
5 21255 2061152833
5 21260 2947901773
5 21270 89490563
5 21275 4410105393
5 21280 3306801888
5 21285 2804666643
5 21300 2396571340
5 21310 4402862141
5 21315 3301371999
5 21320 3300597756
5 21325 1998050472
5 21330 2175182790
5 21335 2430432375
5 21340 1877247786
5 21345 -135327139
5 21350 2541378986
5 21360 2692903335
5 21375 5391945997
5 21380 3597967422
5 21385 2599679691
5 21390 2631837089
5 21395 990716158
5 21400 2965509644
5 21405 -4298137
5 21420 2628151043
5 21425 294812268
5 21435 -1435690604
5 21440 3288477246
5 21450 2624475307
5 21455 2808897653
5 21460 172068866
5 21465 3987011964
5 21470 1056399334
5 21475 4328458533
5 21480 714948069
5 21490 673984194
5 21495 -274928589
5 21500 9628067792
5 21505 3272203870
5 21510 960209343
5 21515 126802009
5 21520 25853196
5 21525 2885106636
5 21535 3507029372
5 21540 60396397
5 21545 4133645526
5 21550 2051743656
5 21555 54434423
5 21560 3263856408
5 21565 3512747945
5 21570 100835980
5 21575 214794312
5 21580 2557853306
5 21585 -60911494
5 21590 1318698352
5 21595 1589721827
5 21600 4343749640
5 21605 3442219765
5 21615 2584205008
5 21620 2844017097
5 21625 4116661770
5 21630 701186587
5 21640 131185697
5 21645 1785724061
5 21650 -155779555
5 21655 3250782870
5 21660 1538821163
5 21665 4330717389
5 21670 1328070923
5 21675 -100099318
5 21680 9276314
5 21690 1984235481
5 21700 2782337123
5 21705 4322736338
5 21710 1603862384
5 21715 2811782820
5 21720 713542300
5 21725 4099612749
5 21730 2376172619
5 21735 3237577371
5 21740 -115562695
5 21750 5743307689
5 21755 878532410
5 21760 3552033911
5 21765 2334594696
5 21770 172210754
5 21775 3608986658
5 21780 2253368131
5 21795 43635272
5 21800 3390116923
5 21805 3042852964
5 21810 29214987
5 21820 4496876
5 21825 4076662231
5 21830 2496801476
5 21835 2017909141
5 21840 2577609676
5 21845 1509038487
5 21850 3220537490
5 21855 1646942214
5 21860 -129269517
5 21870 4290123101
5 21875 10158184399
5 21880 607983182
5 21885 4287182647
5 21890 1650444056
5 21895 4285224583
5 21900 2562449908
5 21905 2748645066
5 21910 752138834
5 21915 1074436421
5 21920 3128321979
5 21925 6419041658
5 21930 1428540312
5 21935 3012397150
5 21940 2798955762
5 21945 2565276616
5 21950 -152932183
5 21960 2303880860
5 21965 1753256869
5 21970 4270595914
5 21975 1653751235
5 21980 2145505110
5 21990 392081318
5 21995 2839481791
5 22000 5454753072
5 22005 2227158899
5 22010 224475496
5 22015 3196399917
5 22020 59120339
5 22025 5333912699
5 22035 1234340421
5 22040 3192774236
5 22050 3191326266
5 22055 456360272
5 22060 452604034
5 22065 85596800
5 22075 4614649250
5 22080 3186990225
5 22085 1424090921
5 22090 -604094223
5 22095 21198839
5 22100 3184106071
5 22110 1080817589
5 22120 1617018645
5 22125 9134423762
5 22135 4238761792
5 22140 3178353395
5 22145 1202219294
5 22150 2231771874
5 22155 1698721880
5 22160 1448276836
5 22165 3174768519
5 22170 -175554409
5 22175 -205908997
5 22180 -200814994
5 22185 3171906431
5 22190 1245060117
5 22195 2259524008
5 22200 3169763251
5 22215 -52387389
5 22220 2059842982
5 22225 2008651019
5 22230 2532388454
5 22240 2152079135
5 22245 136178029
5 22250 4741827689
5 22260 1279437036
5 22265 2569360967
5 22270 1864533959
5 22275 4212120863
5 22280 178712481
5 22290 -107679240
5 22295 3040733893
5 22300 722011334
5 22305 4206455603
5 22310 1589926169
5 22320 3152721513
5 22325 4202687222
5 22330 2521047709
5 22335 2286458632
5 22340 1386118382
5 22345 1788028430
5 22350 2421803096
5 22355 829706585
5 22360 1245633156
5 22365 2300459280
5 22375 4152432219
5 22380 320001833
5 22385 3573385705
5 22395 4189550892
5 22400 2624407237
5 22410 250309186
5 22420 2520622642
5 22425 3137959606
5 22435 676748197
5 22440 2508689632
5 22450 4179286959
5 22455 308516068
5 22460 -19868254
5 22470 2934168137
5 22475 4174638143
5 22480 1265444125
5 22485 101024452
5 22490 1415587179
5 22495 1057475304
5 22500 7298416628
5 22505 1007565912
5 22515 1660100959
5 22520 -60423364
5 22525 1879172565
5 22530 776115122
5 22540 3121949608
5 22545 3395196289
5 22550 3120565152
5 22555 -188398129
5 22560 1951573485
5 22570 2061815303
5 22575 3117109376
5 22580 2677745902
5 22590 852430606
5 22600 2721740649
5 22605 2163979475
5 22610 2489827303
5 22620 2488726584
5 22625 6220441474
5 22630 772306616
5 22635 257045776
5 22640 165879100
5 22645 2514284550
5 22650 3106787822
5 22655 1736548154
5 22660 2607661089
5 22665 52152422
5 22675 154680030
5 22680 1625198697
5 22685 196617329
5 22695 1810703740
5 22700 2065493864
5 22705 1871419758
5 22710 69529994
5 22715 1620417993
5 22720 3339141776
5 22725 2868653673
5 22730 4127804321
5 22740 7809171
5 22750 9637558091
5 22755 924086479
5 22760 3144843424
5 22765 4121458038
5 22770 191442592
5 22775 6179472595
5 22780 1524849641
5 22785 2107581940
7 7 40210710958665
7 14 10052677739666
7 21 6701785159777
7 28 5026338869833
7 35 4021071095866
7 42 2233928386592
7 49 5744387279809
7 56 2513169434916
7 63 2233928386592
7 70 1340357031955
7 77 1827759589030
7 84 1116964193296
7 91 1546565806103
7 98 1436096819952
7 105 893571354637
7 112 1256584717458
7 119 1182667969373
7 126 744642795530
7 133 1058176604175
7 140 670178515977
7 147 957397879968
7 154 609253196343
7 161 874145890406
7 168 558482096648
7 175 804214219173
7 182 515521935367
7 189 744642795530
7 196 718048409976
7 203 693288119977
7 210 335089257988
7 217 648559854172
7 224 628292358729
7 231 406168797562
7 238 394222656457
7 245 574438727980
7 252 372321397765
7 259 543387985928
7 266 352725534725
7 273 343681290245
7 280 335089257988
7 287 490374523886
7 294 319132626656
7 301 467566406496
7 308 304626598171
7 315 297857118212
7 322 291381963468
7 329 427773520837
7 336 279241048324
7 343 820626754258
7 350 268071406391
7 357 262815104305
7 364 257760967683
7 371 379346329799
7 378 248214265176
7 385 243701278537
7 392 359024204988
7 399 235150356483
7 406 231096039992
7 413 340768736938
7 420 167544628994
7 427 329595991464
7 434 216186618057
7 441 319132626656
7 448 314146179364
7 455 206208774147
7 462 152313299085
7 469 300079932527
7 476 197111328228
7 483 194254642312
7 490 191479575993
7 497 283174020836
7 504 186160698882
7 511 275415828484
7 518 181129328642
7 525 178714270927
7 532 176362767362
7 539 261108512719
7 546 128880483841
7 553 254498170624
7 560 167544628994
7 567 248214265176
7 574 163458174628
7 581 242233198546
7 588 159566313328
7 595 157689062583
7 602 155855468832
7 609 154064026661
7 616 152313299085
7 623 225902870554
7 630 111696419329
7 637 220937972300
7 644 145690981734
7 651 144124412038
7 658 142591173612
7 665 141090213890
7 672 139620524162
7 679 207271705973
7 686 205156688564
7 693 135389599187
7 700 134035703195
7 707 199062925538
7 714 98555664114
7 721 195197626013
7 728 128880483841
7 735 127653050662
7 742 126448776599
7 749 187900518498
7 756 124107132588
7 763 184452802563
7 770 91387979451
7 777 120752885761
7 784 179512102494
7 791 177923499817
7 798 88181383681
7 805 116552785387
7 812 115548019996
7 819 114560430081
7 826 113589578979
7 833 168952567053
7 840 83772314497
7 847 166159962639
7 854 109865330488
7 861 108972116419
7 868 108093309028
7 875 160842843834
7 882 106377542218
7 889 158309885664
7 896 157073089682
7 903 103903645888
7 910 77328290305
7 917 153475996025
7 924 76156649542
7 931 151168086311
7 938 100026644175
7 945 99285706070
7 952 98555664114
7 959 146754419557
7 966 72845490867
7 973 144642845175
7 980 95739787996
7 987 95060782408
7 994 94391340278
7 1001 93731260977
7 1008 93080349441
7 1015 92438415996
7 1022 91805276161
7 1029 136771125709
7 1036 90564664321
7 1043 134935271673
7 1050 67017851597
7 1057 133148049532
7 1064 88181383681
7 1071 87605034768
7 1078 87036170906
7 1085 86474647222
7 1092 64440241920
7 1099 128059589040
7 1106 84832723541
7 1113 84299184399
7 1120 83772314497
7 1127 124877984344
7 1134 82738088392
7 1141 123345739137
7 1148 81729087314
7 1155 60925319634
7 1162 80744399515
7 1169 120391350176
7 1176 79783156664
7 1183 118966600469
7 1190 59133398468
7 1197 78383452161
7 1204 77927734416
7 1211 116215927626
7 1218 57774009998
7 1225 114887745596
7 1232 76156649542
7 1239 75726385986
7 1246 75300956851
7 1253 112320421672
7 1260 55848209664
7 1267 111079312041
7 1274 73645990766
7 1281 73243553658
7 1288 72845490867
7 1295 72451731457
7 1302 54046654514
7 1309 71676846629
7 1316 71295586806
7 1323 106377542218
7 1330 52908830208
7 1337 105263641253
7 1344 69810262081
7 1351 104172826318
7 1358 69090568657
7 1365 51552193536
7 1372 102578344282
7 1379 102057642027
7 1386 50771099695
7 1393 101031937082
7 1400 67017851597
7 1407 66684429450
7 1414 66354308512
7 1421 99041159997
7 1428 49277832057
7 1435 65383269851
7 1442 65065875337
7 1449 64751547437
7 1456 64440241920
7 1463 64131915405
7 1470 47869893998
7 1477 95286044926
7 1484 63224388299
7 1491 62927560185
7 1498 62633506166
7 1505 62342187532
7 1512 62053566294
7 1519 92651407739
7 1526 61484267520
7 1533 61203517440
7 1540 45693989725
7 1547 60649639455
7 1554 45282332160
7 1561 90158544750
7 1568 89756051247
7 1575 59571423642
7 1582 59307833272
7 1589 88569847927
7 1596 44090691840
7 1603 87796312137
7 1610 43707294520
7 1617 58024113937
7 1624 57774009998
7 1631 86289079310
7 1638 42960161280
7 1645 57036469444
7 1652 56794789489
7 1659 56555149027
7 1666 56317522351
7 1673 84122826273
7 1680 41886157248
7 1687 83424711533
7 1694 55386654213
7 1701 82738088392
7 1708 54932665244
7 1715 82062675425
7 1722 40864543657
7 1729 54265466882
7 1736 54046654514
7 1743 53829599676
7 1750 53614281278
7 1757 80101017846
7 1764 53188771109
7 1771 52978538813
7 1778 52769961888
7 1785 39422265645
7 1792 78536544841
7 1799 78230955173
7 1806 38963867208
7 1813 77626855133
7 1820 38664145152
7 1827 51354675553
7 1834 51158665341
7 1841 76446218553
7 1848 38078324771
7 1855 50579510639
7 1862 50389362103
7 1869 50200637900
7 1876 50013322087
7 1883 74741098436
7 1890 37232139776
7 1897 74189503614
7 1904 49277832057
7 1911 49097327177
7 1918 48918139852
7 1925 48740255707
7 1932 36422745433
7 1939 72582510756
7 1946 48214281725
7 1953 48041470679
7 1960 47869893998
7 1967 71549307756
7 1974 35647793403
7 1981 71043658938
7 1988 47195670139
7 1995 35272553472
7 2002 35149222865
7 2009 70053503412
7 2016 46540174720
7 2023 69568704081
7 2030 34664405998
7 2037 46060379105
7 2044 45902638080
7 2051 68618960680
7 2058 45590375236
7 2065 45435831591
7 2072 45282332160
7 2079 45129866395
7 2086 44978423891
7 2093 44827994381
7 2100 33508925798
7 2107 66795200928
7 2114 44382683177
7 2121 44236205675
7 2128 44090691840
7 2135 43946132195
7 2142 32851888038
7 2149 65489757262
7 2156 43518085453
7 2163 43377250225
7 2170 32427992708
7 2177 64647445271
7 2184 32220120960
7 2191 64234362554
7 2198 42686529680
7 2205 42551016887
7 2212 42416361770
7 2219 63423834320
7 2226 31612194149
7 2233 42017461818
7 2240 41886157248
7 2247 41755670777
7 2254 41625994781
7 2261 41497121733
7 2268 41369044196
7 2275 41241754829
7 2282 41115246379
7 2289 40989511680
7 2296 40864543657
7 2303 61110502977
7 2310 24370127853
7 2317 60741255225
7 2324 40372199757
7 2331 40250961920
7 2338 40130450058
7 2345 40010657670
7 2352 39891578332
7 2359 59659808544
7 2366 39655533489
7 2373 39538555514
7 2380 29566699234
7 2387 39306657829
7 2394 29393794560
7 2401 117232393465
7 2408 38963867208
7 2415 29138196346
7 2422 38738642542
7 2429 57940505704
7 2436 28887004999
7 2443 57608468422
7 2450 38295915198
7 2457 38186810027
7 2464 38078324771
7 2471 56955681245
7 2478 28397394744
7 2485 37756536111
7 2492 37650478425
7 2499 37545014900
7 2506 37440140557
7 2513 56003775708
7 2520 27924104832
7 2527 55693505483
7 2534 37026437346
7 2541 36924436142
7 2548 36822995383
7 2555 36722110464
7 2562 27466332622
7 2569 54782984957
7 2576 36422745433
7 2583 36324038806
7 2590 27169399296
7 2597 54192332828
7 2604 27023327257
7 2611 53901757317
7 2618 26878817485
7 2625 35742854185
7 2632 35647793403
7 2639 35553236923
7 2646 35459180739
7 2653 53048431344
7 2660 26454415104
7 2667 35179974592
7 2674 35087880417
7 2681 52494400729
7 2688 34905131040
7 2695 34814468362
7 2702 34724275439
7 2709 34634548629
7 2716 34545284328
7 2723 51684718456
7 2730 20620877414
7 2737 34280230996
7 2744 51289172141
7 2751 34105776894
7 2758 34019214009
7 2765 33933089416
7 2772 25385549847
7 2779 50643212794
7 2786 33677312360
7 2793 33592908069
7 2800 33508925798
7 2807 50138043589
7 2814 25006661043
7 2821 33259479701
7 2828 33177154256
7 2835 33095235356
7 2842 33013719998
7 2849 32932605209
7 2856 24638916028
7 2863 49157348360
7 2870 24518726194
7 2877 32612093234
7 2884 32532937668
7 2891 48681248134
7 2898 24281830289
7 2905 32297759806
7 2912 32220120960
7 2919 32142854483
7 2926 24049468276
7 2933 47984141955
7 2940 23934946999
7 2947 47756188787
7 2954 31762014975
7 2961 31686927469
7 2968 31612194149
7 2975 31537812516
7 2982 23597835069
7 2989 47085141638
7 2996 31316753083
7 3003 23432815243
7 3010 23378320324
7 3017 46648156565
7 3024 31026783147
7 3031 46432691638
7 3038 30883802579
7 3045 23109603999
7 3052 30742133760
7 3059 30671785628
7 3066 22951319040
7 3073 45798076263
7 3080 22846994862
7 3087 45590375236
7 3094 22743614795
7 3101 45384549615
7 3108 22641166080
7 3115 30120382740
7 3122 30052848250
7 3129 29985615927
7 3136 44878025623
7 3143 44778074564
7 3150 22339283865
7 3157 29719668114
7 3164 29653916636
7 3171 29588455451
7 3178 29523282642
7 3185 29458396306
7 3192 22045345920
7 3199 43994213303
7 3206 29265437378
7 3213 29201678256
7 3220 21853647260
7 3227 43612484771
7 3234 21759042726
7 3241 43424093908
7 3248 28887004999
7 3255 21618661805
7 3262 28763026436
7 3269 43052153061
7 3276 21480080640
7 3283 42868561790
7 3290 21388676041
7 3297 28457686453
7 3304 28397394744
7 3311 28337357970
7 3318 21208180885
7 3325 28218042778
7 3332 28158761175
7 3339 28099728133
7 3346 28040942091
7 3353 41973602253
7 3360 20943078624
7 3367 27866050561
7 3374 27808237177
7 3381 27750663187
7 3388 27693327106
7 3395 27636227463
7 3402 27579362797
7 3409 41284097493
7 3416 27466332622
7 3423 27410164252
7 3430 27354225141
7 3437 40947770834
7 3444 20432271828
7 3451 27187769412
7 3458 20349550080
7 3465 20308439878
7 3472 27023327257
7 3479 40453431548
7 3486 20186099878
7 3493 40291293546
7 3500 26807140639
7 3507 26753633372
7 3514 26700339281
7 3521 39970885645
7 3528 26594385554
7 3535 26541723405
7 3542 19866952054
7 3549 26437022326
7 3556 26384980944
7 3563 39499716069
7 3570 15768906258
7 3577 39345118355
7 3584 39268272420
7 3591 26127817387
7 3598 26076985057
7 3605 26026350135
7 3612 19481933604
7 3619 25925667930
7 3626 25875618377
7 3633 25825761694
7 3640 19332072576
7 3647 38589933742
7 3654 19258003332
7 3661 38442362293
7 3668 25579332670
7 3675 25530610132
7 3682 25482072850
7 3689 25433719772
7 3696 19039162385
7 3703 38006343061
7 3710 18967316489
7 3717 25242128662
7 3724 25194681051
7 3731 25147411482
7 3738 18825239212
7 3745 25053402466
7 3752 25006661043
7 3759 24960093704
7 3766 24913699478
7 3773 37301216103
7 3780 18616069888
7 3787 30679420528
7 3794 24729834537
7 3801 24684291564
7 3808 24638916028
7 3815 24593707008
7 3822 18411497691
7 3829 36755677293
7 3836 24459069926
7 3843 24414517886
7 3850 18277595890
7 3857 24325898947
7 3864 18211372716
7 3871 36356881518
7 3878 24194170251
7 3885 18112932864
7 3892 24107140862
7 3899 36095790807
7 3906 18015551504
7 3913 23977764437
7 3920 23934946999
7 3927 17919211657
7 3934 23849769251
7 3941 35711110976
7 3948 17823896701
7 3955 23723133308
7 3962 23203802975
7 3969 35459180739
7 3976 23597835069
7 3983 35334543900
7 3990 14109021389
7 3997 35210780174
7 4004 17574611432
7 4011 23391920278
7 4018 23351167804
7 4025 23310557077
7 4032 23270087360
7 4039 34844636879
7 4046 23189568026
7 4053 23149516959
7 4060 17332202999
7 4067 34604742649
7 4074 17272642164
7 4081 22990686655
7 4088 22951319040
7 4095 17184064512
7 4102 22872986893
7 4109 34251031481
7 4116 22795187618
7 4123 22756486111
7 4130 17038436846
7 4137 22679476006
7 4144 22641166080
7 4151 33904478043
7 4158 16923699898
7 4165 22527008940
7 4172 22489211945
7 4179 22451541573
7 4186 16810497892
7 4193 33564867244
7 4200 16754462899
7 4207 33453170515
7 4214 22265066976
7 4221 22228143150
7 4228 22191341588
7 4235 22154661685
7 4242 16588577128
7 4249 33122496671
7 4256 22045345920
7 4263 22009146665
7 4270 16479799573
7 4277 21937103633
7 4284 16425944019
7 4291 30094776732
7 4298 21829919087
7 4305 16345817462
7 4312 21759042726
7 4319 32585665283
7 4326 16266468834
7 4333 32480380419
7 4340 16213996354
7 4347 21583849145
7 4354 21549148423
7 4361 32271838651
7 4368 16110060480
7 4375 32168568766
7 4382 21411454184
7 4389 16032978851
7 4396 21343264840
7 4403 21309332782
7 4410 15956631332
7 4417 31862686972
7 4424 21208180885
7 4431 21174676650
7 4438 21141278106
7 4445 21107984755
7 4452 15806097074
7 4459 31562567471
7 4466 15756548181
7 4473 20975853395
7 4480 20943078624
7 4487 31365609172
7 4494 15658376541
7 4501 31268048957
7 4508 20812997390
7 4515 15585546883
7 4522 15561420649
7 4529 31074737990
7 4536 20684522098
7 4543 20652650724
7 4550 15465658061
7 4557 20589201719
7 4564 20557623189
7 4571 30789212066
7 4578 15371066880
7 4585 20463466136
7 4592 20432271828
7 4599 20401172480
7 4606 20370167658
7 4613 30508885401
7 4620 12185063926
7 4627 30416574099
7 4634 20247085074
7 4641 15162409863
7 4648 20186099878
7 4655 20155744841
7 4662 15094110720
7 4669 20095307826
7 4676 20065225029
7 4683 20035232166
7 4690 15003996626
7 4697 19975514634
7 4704 19945789166
7 4711 29874228053
7 4718 19886602848
7 4725 19857141214
7 4732 19827766744
7 4739 28986798398
7 4746 14826958318
7 4753 29610243710
7 4760 14783349617
7 4767 19682188428
7 4774 14739996685
7 4781 29436830863
7 4788 14696897280
7 4795 19567255940
7 4802 29308098366
7 4809 19510291585
7 4816 19481933604
7 4823 19453657939
7 4830 11655278538
7 4837 29096028190
7 4844 19369321271
7 4851 19341371312
7 4858 19313501901
7 4865 19285712690
7 4872 14443502499
7 4879 19230373487
7 4886 19202822807
7 4893 19175350957
7 4900 19147957599
7 4907 27239749476
7 4914 14320053760
7 4921 19066245120
7 4928 19039162385
7 4935 14259117361
7 4942 18985227081
7 4949 28437560791
7 4956 14198697372
7 4963 28357342002
7 4970 14158701041
7 4977 18851716342
7 4984 18825239212
7 4991 18798836354
7 4998 14079380587
7 5005 14059689146
7 5012 18720070278
7 5019 18693961394
7 5026 18667925236
7 5033 27962942252
7 5040 13962052416
7 5047 27885375145
7 5054 18564501827
7 5061 18538824785
7 5068 18513218673
7 5075 18487683199
7 5082 13846663553
7 5089 21997402493
7 5096 18411497691
7 5103 27579362797
7 5110 13770791424
7 5117 18335937510
7 5124 13733166311
7 5131 27428861500
7 5138 18260994985
7 5145 18236150094
7 5152 18211372716
7 5159 18186662578
7 5166 13621514552
7 5173 27206164383
7 5180 13584699648
7 5187 13566366720
7 5194 18064110942
7 5201 27059697819
7 5208 13511663628
7 5215 17991369556
7 5222 17967252439
7 5229 17943199892
7 5236 13439408742
7 5243 26842931214
7 5250 13403570319
7 5257 26771445379
7 5264 17823896701
7 5271 17220519528
7 5278 13332463845
7 5285 17753073270
7 5292 17729590369
7 5299 25854463971
7 5306 17682810447
7 5313 13244634703
7 5320 13227207552
7 5327 14436955299
7 5334 13192490472
7 5341 26350400366
7 5348 17543940208
7 5355 13140755215
7 5362 17498133576
7 5369 17475319844
7 5376 17452565520
7 5383 26144805565
7 5390 13055425635
7 5397 17384656705
7 5404 17362137719
7 5411 26009515497
7 5418 12987955736
7 5425 17294929444
7 5432 17272642164
7 5439 17250412251
7 5446 17228239485
7 5453 17206123645
7 5460 10310438707
7 5467 17162061870
7 5474 12855086623
7 5481 17118225184
7 5488 25644586070
7 5495 17074611872
7 5502 12789666335
7 5509 25546830342
7 5516 17009607004
7 5523 16988048567
7 5530 12724908531
7 5537 25417642831
7 5544 12692774923
7 5551 16902358537
7 5558 16881070931
7 5565 12644877659
7 5572 16838656180
7 5579 18909642243
7 5586 12597340525
7 5593 16775432191
7 5600 16754462899
7 5607 16733545966
7 5614 15923686042
7 5621 16691868394
7 5628 12503330521
7 5635 16650397912
7 5642 12472304887
7 5649 16609132985
7 5656 16588577128
7 5663 24852108133
7 5670 12410713258
7 5677 24790820566
7 5684 16506859999
7 5691 16486556358
7 5698 12349726952
7 5705 16446098551
7 5712 12319458014
7 5719 16405838825
7 5726 15694896930
7 5733 16365775725
7 5740 12259363097
7 5747 18764673945
7 5754 11976550820
7 5761 24429350522
7 5768 16266468834
7 5775 12185063926
7 5782 16227082711
7 5789 14811635521
7 5796 12140915144
7 5803 23547749487
7 5810 12111659927
7 5817 16129446834
7 5824 16110060480
7 5831 24136081008
7 5838 12053570431
7 5845 16052180023
7 5852 12024734138
7 5859 16013823559
7 5866 15994713985
7 5873 23963474946
7 5880 11967473499
7 5887 23906486896
7 5894 15558594460
7 5901 15899846167
7 5908 15881007487
7 5915 15862213395
7 5922 11882597801
7 5929 23737137520
7 5936 15806097074
7 5943 15787479763
7 5950 11826679693
7 5957 15750376405
7 5964 11798917534
7 5971 23570170550
7 5978 15695047212
7 5985 11757517824
7 5992 15658376541
7 5999 23460158086
7 6006 9373126097
7 6013 21435749766
7 6020 11689160162
7 6027 15567445202
7 6034 15549385521
7 6041 23297051540
7 6048 15513391573
7 6055 15495457016
7 6062 15321044356
7 6069 15459712017
7 6076 15441901289
7 6083 15424131554
7 6090 9243841599
7 6097 15388714489
7 6104 15371066880
7 6111 15353459701
7 6118 11501919610
7 6125 22977549119
7 6132 11475659520
7 6139 22925148779
7 6146 15266025420
7 6153 15248657928
7 6160 11423497431
7 6167 22821061838
7 6174 15196791745
7 6181 22769372004
7 6188 11371807397
7 6195 11358957897
7 6202 15128183204
7 6209 -95511482
7 6216 11320583040
7 6223 22615697952
7 6230 11295143527
7 6237 15043288798
7 6244 15026424125
7 6251 15009597223
7 6258 11244605972
7 6265 14976056222
7 6272 22439012811
7 6279 11206998594
7 6286 14926024854
7 6293 14909421936
7 6300 11169641932
7 6307 14876326660
7 6314 11144875542
7 6321 14843377984
7 6328 14826958318
7 6335 14810574938
7 6342 11095670794
7 6349 16685593621
7 6356 14761641321
7 6363 14745401891
7 6370 11046898615
7 6377 22069544983
7 6384 11022672960
7 6391 14680799913
7 6398 14664737767
7 6405 10986533048
7 6412 14632718689
7 6419 21925142289
7 6426 10950629346
7 6433 13781950467
7 6440 10926823630
7 6447 14553279391
7 6454 12432642228
7 6461 14521744658
7 6468 10879521363
7 6475 14490346291
7 6482 13948185199
7 6489 14459083408
7 6496 14443502499
7 6503 21641932701
7 6510 8647464722
7 6517 21595440902
7 6524 14381513218
7 6531 13867455674
7 6538 14350717686
7 6545 10751526994
7 6552 10740040320
7 6559 21457156328
7 6566 14289520596
7 6573 14274302789
7 6580 10694338020
7 6587 19888466695
7 6594 10671632420
7 6601 14213754316
7 6608 14198697372
7 6615 14183672295
7 6622 10626509238
7 6629 21230576008
7 6636 10604090442
7 6643 14123888640
7 6650 10581766041
7 6657 13250926565
7 6664 14079380587
7 6671 21096910262
7 6678 10537398049
7 6685 13565034337
7 6692 14020471045
7 6699 10504365454
7 6706 13028847498
7 6713 20964917080
7 6720 10471539312
7 6727 20921285618
7 6734 10449768960
7 6741 13918556925
7 6748 13904118588
7 6755 13346384114
7 6762 10406498695
7 6769 20791474125
7 6776 13846663553
7 6783 10374280433
7 6790 10363585298
7 6797 4859493612
7 6804 13789681398
7 6811 20663263596
7 6818 10386512541
7 6825 10310438707
7 6832 13733166311
7 6839 20578664769
7 6846 10278811594
7 6853 13691083065
7 6860 13677112570
7 6867 13663170560
7 6874 10056783534
7 6881 18904781871
7 6888 10216135914
7 6895 13607685603
7 6902 10195413529
7 6909 13580111772
7 6916 10174775040
7 6923 13552649464
7 6930 8123375951
7 6937 19528170608
7 6944 13511663628
7 6951 12902718267
7 6958 13484477182
7 6965 13470924944
7 6972 10093049939
7 6979 20165853038
7 6986 11405487808
7 6993 13416987306
7 7000 13403570319
7 7007 13390180140
7 7014 9862567990
7 7021 13363479881
7 7028 13350169640
7 7035 10002664417
7 7042 13323628548
7 7049 13310397538
7 7056 13297192777
7 7063 19926021288
7 7070 9953146276
7 7077 13257735232
7 7084 9933476027
7 7091 16664194399
7 7098 9913883372
7 7105 13205487999
7 7112 13192490472
7 7119 13179518504
7 7126 13166572023
7 7133 19730476427
7 7140 7884453129
7 7147 15860193570
7 7154 13115039451
7 7161 9826664457
7 7168 19634136210
7 7175 13076653970
7 7182 9797931520
7 7189 13051188237
7 7196 13038492528
7 7203 30903052032
7 7210 9759881300
7 7217 8860921185
7 7224 9740966802
7 7231 4355285777
7 7238 9722125473
7 7245 9712732115
7 7252 12937809188
7 7259 12925332999
7 7266 9684660635
7 7273 17646472391
7 7280 9666036288
7 7287 12875667934
7 7294 11936905941
7 7301 19276467382
7 7308 9629001666
7 7315 9619787310
7 7322 7035640451
7 7329 12801881871
7 7336 12789666335
7 7343 8816134985
7 7350 9573978799
7 7357 19129738801
7 7364 11239944349
7 7371 12728936675
7 7378 9537644914
7 7385 12704805990
7 7392 9519581192
7 7399 19021149933
7 7406 12668781020
7 7413 10350360144
7 7420 9483658244
7 7427 18038715996
7 7434 9465798248
7 7441 18913786904
7 7448 12597340525
7 7455 9439134027
7 7462 9430279305
7 7469 12561921574
7 7476 9412619606
7 7483 16704661100
7 7490 9395025924
7 7497 12515004966
7 7504 12503330521
7 7511 12491677838
7 7518 8209938608
7 7525 12468437506
7 7532 12456849739
7 7539 9705200095
7 7546 12433738700
7 7553 12422215310
7 7560 9308034944
7 7567 12399232488
7 7574 9835908069
7 7581 12376334551
7 7588 8873466857
7 7595 12353521031
7 7602 9256609336
7 7609 17805301337
7 7616 12319458014
7 7623 12308145380
7 7630 9222640128
7 7637 18428373492
7 7644 9205748845
7 7651 12164268241
7 7658 7324541366
7 7665 9180527616
7 7672 12229534963
7 7679 18327580200
7 7686 9155444207
7 7693 18294227006
7 7700 9138797945
7 7707 8300005139
7 7714 9122212104
7 7721 9696289650
7 7728 9105686358
7 7735 9097445918
7 7742 12118960505
7 7749 12108012935
7 7756 9582546969
7 7763 10353706914
7 7770 7245173145
7 7777 12064419730
7 7784 12053570431
7 7791 12042740628
7 7798 11530571815
7 7805 12021139300
7 7812 9007775752
7 7819 17999422990
7 7826 8991661663
7 7833 11155278342
7 7840 11967473499
7 7847 11956797787
7 7854 7167684662
7 7861 12900818624
7 7868 11546724962
7 7875 11914284728
7 7882 10088165364
7 7889 17839712049
7 7896 8911948350
7 7903 17808109371
7 7910 8896174990
7 7917 8888309230
7 7924 11840609822
7 7931 11830159152
7 7938 11819726913
7 7945 9889602249
7 7952 11798917534
7 7959 11788540298
7 7966 11778181300
7 7973 11767840491
7 7980 7054510694
7 7987 17620819877
7 7994 10613059155
7 8001 11726658197
7 8008 8787305716
7 8015 11361996740
7 8022 7021257435
7 8029 11685763138
7 8036 11675583902
7 8043 11665422384
7 8050 8741458904
7 8057 11163986814
7 8064 11635043680
7 8071 16381444247
7 8078 8080038754
7 8085 8703617090
7 8092 11594784013
7 8099 11584762593
7 8106 7624690583
7 8113 11564771630
7 8120 8666101499
7 8127 11544849543
7 8134 11534914216
7 8141 17287493963
7 8148 8636321082
7 8155 11505210574
7 8162 8621507495
7 8169 10694113912
7 8176 11475659520
7 8183 17198764311
7 8190 6873625804
7 8197 17169389820
7 8204 10576486704
7 8211 8570057749
7 8218 9285902323
7 8225 11407293888
7 8232 11397593809
7 8239 11387910212
7 8246 8533682291
7 8253 11368592298
7 8260 8519218423
7 8267 -69671691
7 8274 6101311332
7 8281 16995228638
7 8288 11320583040
7 8295 8483272354
7 8302 10800134227
7 8309 13432267723
7 8316 8461849949
7 8323 11272977561
7 8330 8447628352
7 8337 11254047287
7 8344 11244605972
7 8351 16852770729
7 8358 8419328090
7 8365 8902126661
7 8372 8405248946
7 8379 11197636023
7 8386 8329137594
7 8393 11178957731
7 8400 8377231449
7 8407 -63729659
7 8414 9893531287
7 8421 2549735440
7 8428 11132533488
7 8435 11123294871
7 8442 8335553681
7 8449 11104863562
7 8456 11095670794
7 8463 8314869925
7 8470 8307998131
7 8477 16602275375
7 8484 8294288564
7 8491 16574901467
7 8498 8516104730
7 8505 11031745118
7 8512 11022672960
7 8519 12311127025
7 8526 8253429999
7 8533 10995545791
7 8540 8239899786
7 8547 8233151301
7 8554 8226413862
7 8561 -12880731
7 8568 8212972009
7 8575 16412535085
7 8582 9455285733
7 8589 9734824020
7 8596 10914959543
7 8603 12483576201
7 8610 6538326985
7 8617 99340731
7 8624 10879521363
7 8631 10870697744
7 8638 1333236023
7 8645 8139820032
7 8652 8133234417
7 8659 16253318900
7 8666 10826793472
7 8673 10818055140
7 8680 8106998177
7 8687 10800620726
7 8694 8093943429
7 8701 10783242413
7 8708 9924156487
7 8715 8074439951
7 8722 10757279550
7 8729 10748653024
7 8736 8055030240
7 8743 13642162465
7 8750 10722856255
7 8757 10714284827
7 8764 10705727092
7 8771 16045774525
7 8778 6413191540
7 8785 10680135712
7 8792 10671632420
7 8799 9524126214
7 8806 7990999793
7 8813 15969305385
7 8820 7978315666
7 8827 10629318255
7 8834 8946874264
7 8841 7786671224
7 8848 10604090442
7 8855 7946780821
7 8862 7940503743
7 8869 15868473149
7 8876 10246361749
7 8883 10562309156
7 8890 7702466119
7 8897 10545688687
7 8904 7903048537
7 8911 10529120440
7 8918 13681095013
7 8925 7884453129
7 8932 7878274090
7 8939 11762854040
7 8946 7865945023
7 8953 1059271548
7 8960 10471539312
7 8967 10463364808
7 8974 6775180339
7 8981 -411938588
7 8988 7829188270
7 8995 10430794023
7 9002 10422682985
7 9009 7810938414
7 9016 10406498695
7 9023 -66134351
7 9030 6234218753
7 9037 14517489806
7 9044 7780710324
7 9051 9138211985
7 9058 8067350933
7 9065 10350247351
7 9072 10342261049
7 9079 15501430593
7 9086 7744744021
7 9093 8046992175
7 9100 7732829030
7 9107 13863913819
7 9114 7720950644
7 9121 -116453920
7 9128 9541283346
7 9135 7703201333
7 9142 10263070688
7 9149 15382827452
7 9156 7685533440
7 9163 10239549519
7 9170 5886187003
7 9177 7667946407
7 9184 10216135914
7 9191 10208355157
7 9198 7509080192
7 9205 8024614224
7 9212 10185083829
7 9219 6673610433
7 9226 8721175484
7 9233 15242877543
7 9240 6092531963
7 9247 13970261262
7 9254 7510723030
7 9261 15196791745
7 9268 9363766143
7 9275 10115902127
7 9282 6064963945
7 9289 12561801042
7 9296 10093049939
7 9303 9434720712
7 9310 7558404315
7 9317 15105451149
7 9324 7547055360
7 9331 10055191538
7 9338 7535740434
7 9345 7530095685
7 9352 10032612514
7 9359 15037663036
7 9366 6260301799
7 9373 10010134667
7 9380 7501998313
7 9387 9995205309
7 9394 7490817987
7 9401 9980320417
7 9408 9972894583
7 9415 9685452724
7 9422 6147112489
7 9429 9950683236
7 9436 9943301424
7 9443 9935930556
7 9450 7446427955
7 9457 14294793055
7 9464 9913883372
7 9471 7429917028
7 9478 7942433946
7 9485 7755103467
7 9492 7413479159
7 9499 9877354695
7 9506 9870081236
7 9513 9862818483
7 9520 7391674808
7 9527 14772487494
7 9534 4701302746
7 9541 9833874042
7 9548 7369998342
7 9555 7364599076
7 9562 5849547050
7 9569 -690025992
7 9576 7348448640
7 9583 11211531722
7 9590 6611042285
7 9597 8435898380
7 9604 19017734990
7 9611 -496910702
7 9618 6829645979
7 9625 9748051141
7 9632 9740966802
7 9639 9733892752
7 9646 7295121726
7 9653 14262824507
7 9660 5827639269
7 9667 14558548501
7 9674 1875542508
7 9681 519905371
7 9688 9540134858
7 9695 6609795355
7 9702 7253014242
7 9709 9663713280
7 9716 9656750950
7 9723 7123096212
7 9730 6505455682
7 9737 9635924026
7 9744 7221751249
7 9751 14264895914
7 9758 7211390057
7 9765 7206220601
7 9772 7516628191
7 9779 9594538525
7 9786 5725441438
7 9793 14371233366
7 9800 9573978799
7 9807 9567145124
7 9814 8119107079
7 9821 9553507000
7 9828 7160026880
7 9835 8366012015
7 9842 7149841920
7 9849 9526347064
7 9856 9519581192
7 9863 14269237388
7 9870 5405090845
7 9877 9499341120
7 9884 7207617258
7 9891 9302107664
7 9898 9479186930
7 9905 8557919479
7 9912 7099348686
7 9919 9459118080
7 9926 7437807549
7 9933 7084339492
7 9940 7079350520
7 9947 14148737142
7 9954 7069393628
7 9961 3205344327
7 9968 9412619606
7 9975 7054510694
7 9982 7049563632
7 9989 14089247007
7 9996 7039690293
7 10003 14069527977
7 10010 5623875658
7 10017 9366576044
7 10024 9360035139
7 10031 14030255045
7 10038 5827897597
7 10045 9340467121
7 10052 5759674889
7 10059 7067058780
7 10066 3595079021
7 10073 -109734316
7 10080 6981026208
7 10087 9301575518
7 10094 9295125048
7 10101 6966512640
7 10108 8659972693
7 10115 9275827210
7 10122 6952059294
7 10129 13894509661
7 10136 9256609336
7 10143 9250221062
7 10150 6932881199
7 10157 11879981324
7 10164 6923331776
7 10171 13837133847
7 10178 -311795916
7 10185 6909056865
7 10192 9205748845
7 10199 9199430556
7 10206 9193120932
7 10213 13780229938
7 10220 6885395712
7 10227 7432681665
7 10234 6875976566
7 10241 9161702201
7 10248 6866583155
7 10255 9149194757
7 10262 7448039819
7 10269 9136721417
7 10276 6725931556
7 10283 9124282043
7 10290 6838556285
7 10297 -944915108
7 10304 9105686358
7 10311 4436217272
7 10318 5147250908
7 10325 9087166318
7 10332 6810757276
7 10339 13612292132
7 10346 7504512974
7 10353 6796942352
7 10360 6792349824
7 10367 13575526995
7 10374 5426546688
7 10381 54101516
7 10388 9032055471
7 10395 6769479959
7 10402 830543322
7 10409 13520750154
7 10416 6755831814
7 10423 11588242378
7 10430 6746763583
7 10437 8989651455
7 10444 6639480650
7 10451 13466413583
7 10458 6728699959
7 10465 6724199156
7 10472 6719704371
7 10479 7940561147
7 10486 8947643738
7 10493 -144233236
7 10500 6701785159
7 10507 8929760374
7 10514 2764617464
7 10521 8508476619
7 10528 8911948350
7 10535 8906026790
7 10542 5512033713
7 10549 8894207247
7 10556 6666231922
7 10563 8882419032
7 10570 6657402476
7 10577 -250752193
7 10584 8864795184
7 10591 8858936100
7 10598 6498363234
7 10605 6635430851
7 10612 7573341011
7 10619 8835577008
7 10626 5297853881
7 10633 13235915391
7 10640 6613603776
7 10647 8812340775
7 10654 5779186595
7 10661 -355592584
7 10668 3008564093
7 10675 8789226439
7 10682 8783466788
7 10689 6580606010
7 10696 8381188684
7 10703 8595344489
7 10710 5256302086
7 10717 -424573134
7 10724 8247708335
7 10731 8743359634
7 10738 6553244941
7 10745 8230609181
7 10752 8166151348
7 10759 8720605284
7 10766 8096898411
7 10773 8709272462
7 10780 6527712817
7 10787 8697969060
7 10794 5291677040
7 10801 13030042436
7 10808 6197905223
7 10815 6506587533
7 10822 8669838499
7 10829 8664234209
7 10836 6493977868
7 10843 12979571000
7 10850 6485598541
7 10857 6481416982
7 10864 8636321082
7 10871 -610605192
7 10878 6468904594
7 10885 5872389357
7 10892 7789673990
7 10899 8608587231
7 10906 6452296366
7 10913 12896315253
7 10920 5155219353
7 10927 11262766566
7 10934 6435773200
7 10941 5822897624
7 10948 6427543311
7 10955 7093726597
7 10962 6419334444
7 10976 12822293035
7 10983 5701415210
7 10990 6402979452
7 10997 -758937796
7 11004 6394833167
7 11011 7021905016
7 11018 8515610114
7 11025 8510203377
7 11032 5859445181
7 11039 8499410475
7 11046 4732227579
7 11053 4154855564
7 11060 6362454265
7 11067 6358429942
7 11074 8299473850
7 11081 -335532395
7 11088 6346387461
7 11095 6153971640
7 11102 6338384451
7 11109 7278245576
7 11116 6303184349
7 11123 12652835418
7 11130 5057951063
7 11137 8424619938
7 11144 5972919048
7 11151 8414042887
7 11158 3980693512
7 11165 6302619272
7 11172 6298670262
7 11179 -899409879
7 11186 6290787071
7 11193 6286852870
7 11200 8377231449
7 11207 -998746804
7 11214 6091567196
7 11221 12542330305
7 11228 5365454395
7 11235 6263350616
7 11242 6259450647
7 11249 12511111064
7 11256 6251665260
7 11263 12495559652
7 11270 6243899217
7 11277 6764372017
7 11284 6236152443
7 11291 -1024289754
7 11298 4864921100
7 11305 6224568259
7 11312 8294288564
7 11319 14523707947
7 11326 -57313980
7 11333 12418378925
7 11340 6205356629
7 11347 -487472851
7 11354 8263606855
7 11361 4934341214
7 11368 8253429999
7 11375 8248350965
7 11382 4344320470
7 11389 12357317443
7 11396 6174863476
7 11403 6063843263
7 11410 6013281547
7 11417 12327011330
7 11424 6159729007
7 11431 8207942634
7 11438 6152189559
7 11445 5302508023
7 11452 4982851228
7 11459 12281829859
7 11466 6137165897
7 11473 8177895254
7 11480 6129681548
7 11487 1243780289
7 11494 468463529
7 11501 8157985587
7 11508 4702486262
7 11515 8148067063
7 11522 4904366993
7 11529 8138172628
7 11536 8133234417
7 11543 8128302195
7 11550 4874025570
7 11557 8118455675
7 11564 8113541355
7 11571 6081474736
7 11578 6854192048
7 11585 5992856444
7 11592 6070457572
7 11606 4604224972
7 11613 8079307003
7 11620 5603049858
7 11627 8069578760
7 11634 6048542562
7 11641 12089810872
7 11648 8055030240
7 11655 6037644288
7 11662 9837487847
7 11669 12060801127
7 11676 5362021022
7 11683 -386529261
7 11690 4062233622
7 11697 4569183272
7 11704 6012367069
7 11711 12017546610
7 11718 6005183834
7 11725 8002131534
7 11732 7513116116
7 11739 5994441108
7 11746 -48446041
7 11753 7082542880
7 11760 5983736749
7 11767 -299071325
7 11774 5267512931
7 11781 5973070552
7 11788 6565162069
7 11795 2928813887
7 11802 4690558098
7 11809 11917815933
7 11816 7940503743
7 11823 1542601801
7 11830 5948330023
7 11837 7926416512
7 11844 5941298900
7 11851 9487375856
7 11858 7912379173
7 11865 5044529120
7 11872 7903048537
7 11879 11847587201
7 11886 3628133360
7 11893 -599237002
7 11900 5913339846
7 11907 11819726913
7 11914 5906391151
7 11921 7084780118
7 11928 5077128821
7 11935 5895998674
7 11942 6945999852
7 11949 4908063029
7 11956 7847523606
7 11963 11764397589
7 11970 4703007129
7 11977 7833764068
7 11984 7645400450
7 11991 4736799073
7 11998 667482310
7 12005 16086925153
7 12012 4686563048
7 12019 7806389238
7 12026 5576753789
7 12033 7434192435
7 12040 5844580081
7 12047 11682368088
7 12054 5837791951
7 12061 11668807591
7 12068 7774692760
7 12075 5827639269
7 12082 -269852685
7 12089 7761187215
7 12096 7756695786
7 12103 7752209555
7 12110 3916821755
7 12117 4227399251
7 12124 6273466768
7 12131 11601474599
7 12138 5042811078
7 12145 6465341904
7 12152 7720950644
7 12159 5393406966
7 12166 5784049332
7 12173 7707631006
7 12180 4621920799
7 12187 11548165123
7 12194 5379986513
7 12201 5758614953
7 12208 7118893745
7 12215 7681129122
7 12222 5757547388
7 12229 -97884521
7 12236 5750959805
7 12243 5747671663
7 12250 7659183039
7 12257 6841669244
7 12264 5737829760
7 12278 7641716259
7 12285 5728021504
7 12292 5889217469
7 12299 11443002549
7 12306 4354742954
7 12320 5711748715
7 12327 4052052988
7 12334 6551035996
7 12341 7602705798
7 12348 7598395872
7 12355 4857447159
7 12362 -75722015
7 12369 5689121527
7 12376 5685903698
7 12383 7576919344
7 12390 3961077500
7 12397 7568362688
7 12404 5613146890
7 12411 7149520531
7 12418 4472592037
7 12425 7551307222
7 12432 5660291520
7 12446 7367677431
7 12453 2280373559
7 12460 5420597241
7 12467 7306484938
7 12474 5641233299
7 12488 4830709100
7 12495 5631752235
7 12502 5628598958
7 12516 5622302986
7 12530 5366807170
7 12537 6765656890
7 12544 11219506405
7 12551 5167055060
7 12558 4482799437
7 12565 6706304952
7 12572 7463012427
7 12579 2411399650
7 12586 5591033225
7 12593 11004962186
7 12600 5584820966
7 12614 5578622497
7 12621 4824381910
7 12628 5572437771
7 12635 6087059023
7 12642 5566266744
7 12649 7417581805
7 12656 6481714342
7 12663 7409381050
7 12670 4037113110
7 12677 11101797614
7 12684 5547835397
7 12691 11089550733
7 12698 5808563276
7 12705 5355152880
7 12712 5665463603
7 12719 7376758570
7 12726 4967216521
7 12733 7005400126
7 12740 5523449307
7 12747 3912702365
7 12754 2345040592
7 12761 11028719407
7 12768 5511336480
7 12775 7344422092
7 12782 5121289254
7 12789 7336382221
7 12796 6028736502
7 12803 7328359934
7 12810 4394613219
7 12824 1797187017
7 12831 5484275908
7 12838 7308380763
7 12845 3026958612
7 12852 5475314673
7 12859 6477588383
7 12866 6204787254
7 12873 3482935301
7 12880 5463411815
7 12887 10920888365
7 12894 4702898843
7 12901 7272691438
7 12908 5163894766
7 12915 5448605820
7 12922 5192572786
7 12936 5439760681
7 12943 930144191
7 12950 5433879859
7 12957 2310687447
7 12964 5698050368
7 12971 6997923789
7 12978 4731270422
7 12985 7225644377
7 12992 7221751249
7 12999 7217862315
7 13006 -630278778
7 13013 7210096998
7 13020 4323732361
7 13034 7814765240
7 13041 7194616381
7 13048 7190756609
7 13055 5348478462
7 13062 129931435
7 13076 6420777915
7 13083 7171519700
7 13090 4300610797
7 13097 10745780588
7 13104 5370020160
7 13118 7152385442
7 13125 7148570837
7 13132 7144760298
7 13139 10711430730
7 13146 3187772522
7 13153 10700029526
7 13160 5347169010
7 13167 5344326283
7 13174 5644502486
7 13181 10677299777
7 13188 4489897481
7 13195 5332985538
7 13202 5330157868
7 13209 5327333195
7 13216 7099348686
7 13230 5318877110
7 13237 7088085839
7 13244 5313254619
7 13251 837715398
7 13258 -81384210
7 13265 -3528438
7 13272 5089017057
7 13279 10231021698
7 13286 5296458240
7 13293 7058225550
7 13300 5290883020
7 13314 2392147420
7 13321 6898863776
7 13328 7039690293
7 13335 3462882096
7 13342 3894522797
7 13349 10542923691
7 13356 5268699024
7 13363 7021252133
7 13370 3785702445
7 13377 7306475870
7 13384 6306698279
7 13398 4201746181
7 13405 5398753773
7 13412 5850117331
7 13419 6524854424
7 13426 5563100842
7 13433 6984664055
7 13440 5235769656
7 13447 5988579268
7 13454 3085568014
7 13461 5720596876
7 13468 5224884480
7 13475 6962893672
7 13482 4549787508
7 13489 6955667006
7 13496 6952059294
7 13503 3135392860
7 13510 4231121284
7 13524 5203249347
7 13531 10401115095
7 13538 279598050
7 13545 5195182294
7 13552 6923331776
7 13559 5942237492
7 13566 4149712173
7 13573 7100370726
7 13580 4422016255
7 13587 -145640719
7 13594 -110737544
7 13601 6898389254
7 13608 4026212576
7 13615 1082889073
7 13622 6182964237
7 13629 5163162680
7 13636 5411616818
7 13643 10315728825
7 13650 4124175482
7 13657 10305154013
7 13664 6866583155
7 13671 6863067239
7 13678 -50514528
7 13685 5142034649
7 13692 3674090626
7 13699 6144249214
7 13706 4010288579
7 13713 6842047125
7 13720 13167620465
7 13727 6835069006
7 13734 4623817353
7 13741 6828105104
7 13748 4045852033
7 13755 3102129026
7 13762 770527325
7 13769 9169488367
7 13776 5108067957
7 13783 6807298283
7 13790 2108276058
7 13797 6800390826
7 13804 5097706764
7 13818 3968674345
7 13825 6786617883
7 13832 5087387520
7 13839 82712483
7 13846 5082243548
7 13860 4061687975
7 13867 8219921462
7 13874 6762649000
7 13881 2416409956
7 13888 6755831814
7 13895 2608720634
7 13902 2930843940
7 13909 10118447649
7 13916 6742238591
7 13923 5054136621
7 13930 4751448526
7 13937 4472144739
7 13944 4146000357
7 13958 6721951012
7 13965 5038936210
7 13972 2343052045
7 13979 10067779409
7 13986 5031370240
7 14000 5286199554
7 14007 5023826956
7 14014 5021317552
7 14021 10037621308
7 14028 3927011698
7 14035 3862180808
7 14042 4415170244
7 14049 4778317365
7 14056 5209269234
7 14063 10161648754
7 14070 3100541155
7 14077 9997690442
7 14084 4324587343
7 14091 4993878658
7 14098 3427190589
7 14105 4988921955
7 14112 6648596388
7 14119 9967950163
7 14126 4052824355
7 14133 1319452930
7 14140 3511257967
7 14147 6632147611
7 14154 1154947794
7 14161 9938386297
7 14168 4966738013
7 14175 6619047071
7 14182 6615780019
7 14196 4956941686
7 14203 9908997279
7 14210 4952057999
7 14217 2830778895
7 14224 6142590595
7 14231 5796032183
7 14238 4023154494
7 14245 4939890781
7 14252 3969396720
7 14259 6281498058
7 14266 3763078493
7 14280 3942226564
7 14287 6154828546
7 14294 2732308830
7 14301 6307648016
7 14308 6557519725
7 14315 4734122846
7 14322 3930665782
7 14329 6547909292
7 14336 9817068105
7 14343 5390911605
7 14350 4903745238
7 14357 8722255899
7 14364 4898965760
7 14378 4063115082
7 14385 3645090027
7 14392 5214757668
7 14399 6516076966
7 14406 6512910748
7 14413 6509747606
7 14420 4204205576
7 14427 2687276739
7 14434 5345058563
7 14441 9745688550
7 14448 4870483401
7 14455 6490833084
7 14462 84000480
7 14469 4863414484
7 14476 4414281936
7 14490 3885092846
7 14497 6008698437
7 14504 6468904594
7 14511 80366687
7 14518 4846999874
7 14525 6313265967
7 14532 1949313734
7 14539 6453331882
7 14546 4076820268
7 14553 6447123770
7 14560 4833018144
7 14574 1310811021
7 14588 -25475935
7 14595 3201649221
7 14602 6425489127
7 14609 9633615467
7 14616 4814500833
7 14623 9624392283
7 14630 3847914924
7 14637 4807593371
7 14644 3514048497
7 14651 6403999197
7 14658 1820083564
7 14665 4849077999
7 14672 6394833167
7 14679 5335799036
7 14686 6388737044
7 14700 4786989399
7 14707 2951809384
7 14714 4911264429
7 14721 893231822
7 14728 3391946519
7 14735 3736100006
7 14742 4773351253
7 14749 9542171561
7 14756 4768822457
7 14763 4766561280
7 14770 4272783500
7 14784 4759790596
7 14798 6340383311
7 14805 4753039120
7 14812 5356870479
7 14819 6331398357
7 14826 1454995194
7 14833 6325422521
7 14840 4741829122
7 14847 5614667658
7 14854 3584662962
7 14861 6042455309
7 14868 4732899124
7 14875 6307562503
7 14882 4839280463
7 14889 3140124273
7 14896 6298670262
7 14910 2861347342
7 14917 9434704589
7 14924 4715139652
7 14931 5916890643
7 14938 3586853021
7 14945 6278018885
7 14952 3680679559
7 14966 5358486027
7 14973 4699709088
7 14980 3432499935
7 14994 4693126862
7 15001 9381873765
7 15008 6251665260
7 15015 3749250439
7 15022 4684379189
7 15029 4735071406
7 15036 2740465381
7 15043 8971668897
7 15050 4675664064
7 15057 5198737440
7 15064 4678233148
7 15078 3043242133
7 15085 2890341067
7 15092 7626449940
7 15099 460073006
7 15106 4165507762
7 15113 6208230811
7 15120 4654017472
7 15134 4054373734
7 15141 6196750032
7 15148 36910072
7 15155 2639584084
7 15162 3076916969
7 15169 1824415687
7 15176 3555872833
7 15183 4044621751
7 15190 4632570386
7 15197 5938395944
7 15204 2008541725
7 15211 6168233006
7 15218 518853254
7 15225 4621920799
7 15232 6159729007
7 15239 8161051442
7 15246 3825075156
7 15260 3733610785
7 15267 413763513
7 15274 -120754526
7 15281 6139977242
7 15288 4602874422
7 15295 4600767844
7 15302 3479654000
7 15309 9193120932
7 15316 55391164
7 15323 4910496072
7 15330 2548343477
7 15337 9176337508
7 15344 6114767481
7 15351 4583984377
7 15358 6109193399
7 15365 656606875
7 15372 4577722103
7 15379 9151276959
7 15386 5692469621
7 15393 2809891299
7 15400 4569398972
7 15407 6089763890
7 15414 2450772156
7 15428 4561106052
7 15435 6695001638
7 15442 4511752673
7 15456 4552843179
7 15463 9101564273
7 15470 3638978367
7 15477 4162654932
7 15484 6059480252
7 15498 4540504850
7 15505 4399950216
7 15512 3930655028
7 15519 4785755451
7 15526 6043088511
7 15533 6920554151
7 15540 3622586572
7 15554 4081420802
7 15561 4522122240
7 15568 3672012261
7 15575 5311400495
7 15582 4355216719
7 15589 4964439647
7 15596 -150874633
7 15603 102460403
7 15610 3037019729
7 15617 5030355505
7 15624 4503887876
7 15631 6002494545
7 15638 -881911941
7 15645 3875564169
7 15652 4011589955
7 15666 3701333748
7 15680 5983736749
7 15687 5617818972
7 15694 4099742314
7 15708 3583842331
7 15715 5970409941
7 15722 -247850268
7 15729 5317336233
7 15736 1917019103
7 15743 4673867698
7 15750 4178733226
7 15764 2183615952
7 15771 4046360556
7 15778 7626887641
7 15785 4457950217
7 15792 4455974175
7 15799 5938666514
7 15806 -1114214678
7 15813 5140891322
7 15820 2546639069
7 15827 5928160248
7 15834 3555323692
7 15841 5922921044
7 15848 3331885565
7 15855 4438268317
7 15862 3814031462
7 15876 5909863456
7 15890 1214119569
7 15897 4234003689
7 15904 5899458767
7 15911 8845294976
7 15918 1880892613
7 15925 5891679261
7 15932 5889090650
7 15939 4414878234
7 15946 3653163790
7 15953 5881338447
7 15960 3527255347
7 15974 5873606625
7 15981 2860147143
7 15988 -208647873
7 15995 250633825
7 16002 2859110001
7 16016 4393652858
7 16023 5392314802
7 16030 2640824401
7 16037 5850532658
7 16044 2450552051
7 16058 4382161176
7 16065 4380251738
7 16072 5837791951
7 16086 2480238381
7 16093 5830174129
7 16100 4370729452
7 16107 4368829960
7 16114 1520829199
7 16121 14576198479
7 16128 5147850501
7 16135 2934072256
7 16142 3291176500
7 16149 4753972176
7 16156 4210129450
7 16170 3481446836
7 16184 4709703570
7 16191 3260205801
7 16198 4344285972
7 16205 2911922746
7 16212 2831083373
7 16219 7922741247
7 16226 4336789361
7 16233 -94686347
7 16240 4333050749
7 16247 4864188151
7 16254 4329318578
7 16261 4558905243
7 16268 5381129708
7 16275 4323732361
7 16282 2070124290
7 16289 2214029667
7 16296 2753952054
7 16303 4421110170
7 16310 3064915470
7 16317 5750137417
7 16324 4310753747
7 16338 1656029673
7 16345 -163125066
7 16352 5737829760
7 16359 4301530911
7 16366 3176253684
7 16380 3436812902
7 16394 466034100
7 16401 3749190054
7 16408 3743167081
7 16415 5310202191
7 16422 3428023099
7 16436 -7369623
7 16443 5706075061
7 16450 4082725605
7 16464 11101972048
7 16471 2994475848
7 16478 3414363425
7 16485 3101044531
7 16492 4266841145
7 16499 8530061722
7 16506 3292826458
7 16513 5045629443
7 16520 3959460883
7 16527 4509464972
7 16534 147790563
7 16541 3394796261
7 16548 3096576933
7 16555 4250603695
7 16562 5665076212
7 16569 4197367684
7 16576 5660291520
7 16583 4943515586
7 16590 2133250085
7 16604 -85664562
7 16611 4495032865
7 16618 252171457
7 16625 5643608555
7 16632 4230924974
7 16646 4227366585
7 16653 3101722065
7 16660 4223814176
7 16674 2297008781
7 16688 4895616410
7 16695 4214959219
7 16702 -195286843
7 16709 5615236833
7 16716 2975181493
7 16730 2956602818
7 16737 1704407459
7 16744 4202624473
7 16758 4199113508
7 16765 2230887544
7 16772 3355068017
7 16779 3313773770
7 16786 2689037590
7 16800 4188615724
7 16814 -115248749
7 16821 5392495376
7 16828 578371924
7 16835 4179907584
7 16842 2679700432
7 16849 5162973231
7 16856 5566266744
7 16863 3550688878
7 16870 3380756215
7 16884 3376666303
7 16891 5230060842
7 16898 3253600171
7 16905 4162599478
7 16912 5547835397
7 16926 3325947970
7 16933 3870590591
7 16940 3066310629
7 16947 3273906401
7 16954 3592003863
7 16968 3397819479
7 16975 4267186636
7 16982 5524967155
7 16989 4355082259
7 16996 -336800390
7 17003 7366491437
7 17010 3080919803
7 17017 4135202690
7 17024 5511336480
7 17031 4043756065
7 17038 1297511314
7 17045 2872711968
7 17052 4126714999
7 17066 3396643095
7 17073 3496324941
7 17080 2870411398
7 17094 3293260520
7 17101 7502973336
7 17108 3752046381
7 17115 2646209466
7 17122 -148935541
7 17136 4106486004
7 17143 5067472891
7 17150 6591107852
7 17157 4101459706
7 17164 1738329424
7 17171 2123800166
7 17178 182869153
7 17185 3537652529
7 17192 4318888131
7 17199 5455258575
7 17206 1577497829
7 17220 2291643461
7 17227 5173207217
7 17234 5437748
7 17241 -120165901
7 17248 5439760681
7 17255 4078165411
7 17262 1845330976
7 17276 96655766
7 17283 3100647751
7 17290 3255928012
7 17297 1968058519
7 17304 3471278759
7 17318 -85494388
7 17325 4061687975
7 17332 3948081565
7 17346 4056770677
7 17353 5406845631
7 17360 4053499088
7 17367 3681022508
7 17374 3639451340
7 17381 3906239131
7 17388 4046971714
7 17395 4817392596
7 17402 2479507417
7 17409 1978366502
7 17416 2874220692
7 17423 3576017141
7 17430 2173791364
7 17437 5380799004
7 17444 4637622493
7 17451 3845626183
7 17458 4030744883
7 17465 2466759297
7 17472 4027515120
7 17479 4800568617
7 17486 -248669114
7 17493 7538950429
7 17500 5361428127
7 17507 5359284414
7 17514 2989923128
7 17528 2458495454
7 17535 1438806149
7 17542 3904174036
7 17549 4317390446
7 17556 3206595770
7 17563 3921215612
7 17570 2748834561
7 17577 5337941186
7 17584 4162106974
7 17591 -564112986
7 17598 -45836232
7 17605 3399721224
7 17612 3995499896
7 17619 99303818
7 17626 -489775291
7 17633 4848077248
7 17640 3989157833
7 17654 3409596068
7 17661 675867290
7 17668 1424868001
7 17675 4518783962
7 17682 1655697517
7 17689 6352379182
7 17696 4735405526
7 17703 571981051
7 17710 3178712328
7 17724 2295908289
7 17731 4314059250
7 17738 5289491049
7 17745 3965553348
7 17752 2661842913
7 17759 5283236232
7 17766 3739673109
7 17780 3186364018
7 17787 4744761499
7 17794 3954633257
7 17808 3698540125
7 17815 1242875106
7 17822 3037696500
7 17829 358657567
7 17836 6727337489
7 17850 3153781251
7 17864 3939137045
7 17871 3937594100
7 17878 -336866144
7 17885 4305350256
7 17892 3228182216
7 17906 -31259646
7 17913 5237815677
7 17920 2488402501
7 17927 2830233062
7 17934 3305725026
7 17941 -238328443
7 17948 3063756764
7 17955 3919172608
7 17962 -470117918
7 17969 5221492139
7 17976 2013145709
7 17983 3952149190
7 17990 1752000822
7 17997 3256859235
7 18004 -578087536
7 18011 4470607304
7 18018 3124375365
7 18025 4465267312
7 18032 5203249347
7 18039 2974171710
7 18046 -613664394
7 18060 2139589345
7 18067 1415354321
7 18074 -621718945
7 18081 5189148400
7 18088 3890355162
7 18095 3397331443
7 18102 410207088
7 18109 3785294073
7 18116 1259214086
7 18123 43367865
7 18130 3881342756
7 18144 5171130524
7 18158 5167143531
7 18165 1527733896
7 18172 1525151838
7 18179 7741761833
7 18186 87105240
7 18193 3468130369
7 18200 3866414515
7 18207 3903698844
7 18214 2301341266
7 18221 4200284818
7 18228 3860475322
7 18235 3134885470
7 18242 -316504262
7 18249 2800048272
7 18256 3751104335
7 18270 3081280533
7 18277 5016272945
7 18284 5131535344
7 18291 3847178622
7 18298 5127609150
7 18305 1824089454
7 18312 3116080144
7 18326 3839831069
7 18333 4499783123
7 18340 2122583252
7 18354 2086380245
7 18361 5110015372
7 18368 5108067957
7 18375 2879888745
7 18382 2878542652
7 18389 4715907210
7 18396 2701352271
7 18403 4187629444
7 18410 2173483215
7 18417 5094477506
7 18424 5092541914
7 18438 77773029
7 18445 3815057965
7 18452 3636361250
7 18459 3247852278
7 18466 5080959181
7 18473 5079033847
7 18480 3046265981
7 18487 3423227303
7 18494 -46608940
7 18501 1692419032
7 18508 2441294014
7 18515 3899903971
7 18522 13854018574
7 18536 -96352231
7 18543 2439667342
7 18550 3198124848
7 18557 5056043123
7 18564 3032481972
7 18571 6880008176
7 18578 -706830651
7 18585 3373989433
7 18592 3697352653
7 18606 409742299
7 18620 3779202157
7 18627 159563077
7 18634 2445967643
7 18648 3773527680
7 18655 3772111722
7 18662 2206488339
7 18669 4387457029
7 18676 3767870217
7 18683 4426606219
7 18690 1762499779
7 18704 3164116896
7 18711 2856238482
7 18718 1553379097
7 18725 4396915367
7 18732 1928834517
7 18746 1406580328
7 18753 3444256835
7 18760 2738238619
7 18767 5962615615
7 18774 1824943039
7 18788 3178769298
7 18795 1077632296
7 18802 2482561300
7 18816 4986447291
7 18830 2476996065
7 18837 3735666198
7 18844 -159188851
7 18858 3731506213
7 18865 11699854090
7 18872 1488461425
7 18879 3727355483
7 18886 2785546981
7 18900 3723213977
7 18907 4962447360
7 18914 3881562722
7 18921 2933901788
7 18928 4956941686
7 18935 36901190
7 18942 1070518385
7 18956 98138759
7 18963 4947792661
7 18970 1358210482
7 18984 1127227979
7 18998 3257227210
7 19005 852259884
7 19012 4089121889
7 19019 3699918197
7 19026 3698556931
7 19040 3695837404
7 19047 2385212217
7 19054 1043910538
7 19061 -1852078937
7 19068 1936388570
7 19075 4490329554
7 19082 2876597830
7 19089 3728029952
7 19096 3684999171
7 19110 2945839630
7 19124 -58433670
7 19131 4904343329
7 19138 -910327590
7 19145 90487349
7 19152 3674224320
7 19159 4897175857
7 19166 -661801257
7 19173 2696807922
7 19180 2152634427
7 19194 494362246
7 19201 4680115242
7 19208 14702271861
7 19215 2202382999
7 19222 3065700406
7 19229 4396056454
7 19236 132402237
7 19250 2964633322
7 19257 3041251898
7 19264 4870483401
7 19278 3221797935
7 19285 3648884841
7 19292 3439983340
7 19299 3773962024
7 19306 2812567173
7 19313 3340678942
7 19320 2913819634
7 19327 2349765272
7 19334 4852849500
7 19341 2471930921
7 19348 -257274816
7 19355 4093003274
7 19362 133523990
7 19376 3426492926
7 19383 2623722521
7 19390 -129060046
7 19397 4146201953
7 19404 3626507121
7 19411 4833599106
7 19418 2940513298
7 19425 3622586572
7 19432 4828375475
7 19446 1720639163
7 19453 5206196757
7 19460 2585245419
7 19467 3103862464
7 19474 1780661262
7 19481 4433433146
7 19488 3610875624
7 19495 2722581762
7 19502 1816348148
7 19509 531735391
7 19516 3605695028
7 19530 2882488240
7 19544 1705681568
7 19551 7607200525
7 19558 1855220016
7 19565 3596664665
7 19572 2427769867
7 19586 4790411122
7 19593 632902099
7 19600 4786989399
7 19614 1199476140
7 19628 233968662
7 19635 2867073865
7 19642 2117249953
7 19649 5181859974
7 19656 3580013440
7 19663 -92178262
7 19670 1515247386
7 19677 3867732349
7 19684 3574920960
7 19691 3918948076
7 19698 2404771712
7 19705 26469148
7 19712 4199659184
7 19719 -111122663
7 19726 4756412462
7 19740 1795838856
7 19747 4751354243
7 19754 2262677189
7 19761 -389069642
7 19768 1300915301
7 19775 3765079615
7 19782 1993002319
7 19789 2470653137
7 19796 4113993101
7 19803 3553438578
7 19810 825486825
7 19817 4007884361
7 19824 2830420004
7 19838 1289642335
7 19845 4727890765
7 19852 2098088664
7 19866 2588838756
7 19873 2530740428
7 19880 2690678372
7 19887 4717905779
7 19894 7523442992
7 19908 2883962057
7 19915 129377702
7 19922 120223495
7 19929 1807504611
7 19936 3579518605
7 19943 4704657888
7 19950 2821804277
7 19964 3524781816
7 19971 3014060761
7 19978 793714207
7 19985 1396035794
7 19992 3519845146
7 20006 -1123034426
7 20013 -561407593
7 20020 2811937829
7 20034 2916550588
7 20041 1857298022
7 20048 1815206339
7 20055 1264581707
7 20062 4676751681
7 20069 3899452340
7 20076 73868727
7 20083 4671861387
7 20090 6049496857
7 20097 3501455151
7 20104 1755675348
7 20111 4665356881
7 20118 317475672
7 20125 4281131484
7 20132 -120970089
7 20139 3210573007
7 20146 -1155625411
7 20160 3490513104
7 20167 4380587850
7 20174 2642172089
7 20181 3183859410
7 20188 3919679803
7 20195 1058005456
7 20202 1666353432
7 20216 2372821306
7 20223 3488236896
7 20230 1244555378
7 20237 7800382748
7 20244 1581734634
7 20251 1771888849
7 20258 -1181373865
7 20265 970228470
7 20272 2008541725
7 20286 3468832898
7 20293 488849519
7 20300 3466440599
7 20307 4620327583
7 20314 -477975405
7 20328 690183289
7 20335 2538511210
7 20342 -1200499137
7 20349 3458093477
7 20356 2297971849
7 20370 862174320
7 20377 3548471008
7 20384 4602874422
7 20391 3135979137
7 20398 2695205530
7 20405 2205343532
7 20412 4138616686
7 20426 4593409979
7 20433 2939876107
7 20440 2901372443
7 20447 2588340166
7 20454 252435069
7 20461 3417944188
7 20468 2527264619
7 20475 3436812902
7 20482 3435638325
7 20496 2522817181
7 20503 2674710783
7 20510 -68742866
7 20517 4573036615
7 20524 422735115
7 20531 3882128149
7 20538 2370445013
7 20545 3031366269
7 20552 1104698194
7 20559 2696084189
7 20566 1520157339
7 20580 7631598629
7 20587 914214450
7 20594 4555938245
7 20601 3319034894
7 20608 4094899399
7 20615 3413472916
7 20622 1418120038
7 20629 3288393238
7 20636 2918480487
7 20643 2473455946
7 20650 2430167338
7 20657 2541296080
7 20664 3405378638
7 20678 3636906098
7 20685 1676813692
7 20692 74897664
7 20706 2718776941
7 20713 -91223239
7 20720 3396174912
7 20727 4260116315
7 20734 -1287701421
7 20748 2713273344
7 20755 -182097991
7 20762 -61482233
7 20769 3238076205
7 20776 3038548118
7 20790 2707791983
7 20804 1468377790
7 20811 2187197852
7 20818 4506916718
7 20825 4505401788
7 20832 3377915907
7 20839 2182672245
7 20846 -74639934
7 20853 3149432861
7 20860 1809173304
7 20867 517250728
7 20874 5654419609
7 20881 3702839554
7 20888 3025047062
7 20895 2812785827
7 20902 4488804527
7 20909 3586777136
7 20916 845378559
7 20923 12038720888
7 20930 2689679662
7 20937 4481300675
7 20944 3359852185
7 20951 3994065278
7 20958 42288424
7 20965 92623466
7 20972 3312164801
7 20979 4472329102
7 20986 4470837331
7 21000 2700157822
7 21014 2678988800
7 21021 3347545034
7 21028 2559058035
7 21035 67386776
7 21042 1600197457
7 21049 3552286358
7 21056 4095839040
7 21063 2956813113
7 21070 3339760046
7 21084 1049538509
7 21091 3413606084
7 21098 1238869688
7 21105 2084682977
7 21112 3333115961
7 21119 1965630507
7 21126 132856331
7 21140 3328701238
7 21147 2567822990
7 21154 4435331012
7 21168 4432397592
7 21175 3181393842
7 21182 2154492600
7 21189 703534084
7 21196 204788974
7 21203 4425080990
7 21210 1404633845
7 21217 4097157328
7 21224 28217183
7 21231 1236921498
7 21238 3313341377
7 21245 1323363961
7 21252 2648926940
7 21266 10591317335
7 21273 -149636976
7 21280 3306801888
7 21294 1403179364
7 21301 3900239154
7 21308 268521107
7 21315 3301371999
7 21322 -1412492870
7 21329 2072928125
7 21336 2261060461
7 21350 2541378986
7 21357 2965110896
7 21364 4600151941
7 21371 3675744096
7 21378 65841346
7 21385 2599679688
7 21392 3130045671
7 21399 1570803335
7 21406 1972465175
7 21413 4381683661
7 21420 2628151043
7 21434 4377390698
7 21441 356068219
7 21448 3393696135
7 21455 2808897653
7 21462 3065731698
7 21476 2299102439
7 21483 3275554819
7 21490 673984194
7 21497 2887082520
7 21504 3272023685
7 21511 588655821
7 21518 886300556
7 21525 2885106636
7 21532 -38211968
7 21539 1152776728
7 21546 2724651760
7 21560 3263856408
7 21567 1797481888
7 21574 2570852541
7 21588 1593958229
7 21595 1589721827
7 21602 4343347478
7 21609 13119209024
7 21616 3117428312
7 21630 701186587
7 21637 1653314385
7 21644 111547242
7 21651 1957478888
7 21658 3249087827
7 21665 4330717389
7 21672 3246988934
7 21679 3070896137
7 21686 4326523666
7 21693 -546338443
7 21700 2830994907
7 21707 4181449266
7 21714 1681843128
7 21721 2302055881
7 21728 3403854272
7 21735 3237577371
7 21742 -1497497073
7 21749 164663773
7 21756 3589053665
7 21770 112228990
7 21777 2320609585
7 21784 56100903
7 21791 159203321
7 21798 1489108620
7 21805 3042852964
7 21812 3226148183
7 21819 1710968148
7 21826 -214435357
7 21840 2577609676
7 21854 2512893333
7 21861 2727680824
7 21868 2317361988
7 21875 2709243107
7 21882 1061522526
7 21889 2297767686
7 21896 3213771655
7 21903 4283659418
7 21910 752138834
7 21917 877718343
7 21924 1744352051
7 21931 1476217297
7 21938 4276825245
7 21945 2565276616
7 21952 6837459578
7 21966 746017396
7 21973 4270012846
7 21980 2145505110
7 21987 293549734
7 21994 -1546941274
7 22001 6396867795
7 22008 1388311056
7 22015 3196399917
7 22022 1730068725
7 22029 200215329
7 22036 -1165765665
7 22043 1553874394
7 22050 3191326266
7 22057 2446199050
7 22064 2607588888
7 22071 4251053066
7 22078 2396799567
7 22085 1424090919
7 22092 572099694
7 22099 4245666874
7 22106 -1629153422
7 22113 3013920515
7 22120 1617018645
7 22127 2924450665
7 22134 2335794454
7 22148 3689998757
7 22155 1698721880
7 22162 342103499
7 22176 3173193730
7 22190 1245060117
7 22197 4226922207
7 22204 1919653730
7 22211 3002605839
7 22218 1265746829
7 22225 2008651019
7 22232 3132579296
7 22239 824665801
7 22246 2624019063
7 22253 2738805480
7 22260 1279437036
7 22274 2432545900
7 22281 595608313
7 22288 2742491293
7 22295 6543559203
7 22302 2559350654
7 22316 -165058477
7 22323 1488210090
7 22330 2521047709
7 22344 7545280644
7 22351 2937739554
7 22358 -938927421
7 22365 2300459280
7 22372 2585262123
7 22379 2891265247
7 22386 1823855292
7 22393 3000221276
7 22400 2624407237
7 22407 2476188012
7 22414 4185999475
7 22428 1067969941
7 22435 676748195
7 22442 1896071678
7 22449 3388993766
7 22456 89093126
7 22470 1247968442
7 22477 4174266683
7 22484 1652245706
7 22491 4171668322
7 22498 -1531448969
7 22505 1007565912
7 22512 2211526361
7 22526 1359287324
7 22533 3122919459
7 22540 3121949608
7 22554 1878673818
7 22561 2286908176
7 22568 3118076221
7 22575 3117109376
7 22582 -1332829225
7 22589 533178466
7 22596 1990344865
7 22610 2489827303
7 22617 1761377356
7 22624 2664846605
7 22631 3285957151
7 22638 7846555229
7 22645 2514284549
7 22652 1677284923
7 22659 1326202556
7 22673 3472256749
7 22680 1625198697
7 22687 -1065436873
7 22694 4134352350
7 22701 1850269627
7 22708 4131803427
7 22715 1620417991
7 22722 123322476
7 22729 2294474753
7 22736 4126714999
7 22743 1851740060
7 22750 911656119
7 22764 606553499
7 22778 4119105814
7 22785 2503155204
11 11 25588634246423
11 22 6397158561605
11 33 4264772374403
11 44 3198579280802
11 55 2558863424642
11 66 1421590791467
11 77 1827759589030
11 88 1599289640401
11 99 1421590791467
11 110 852954474880
11 121 2326239476947
11 132 710795395733
11 143 984178240247
11 154 609253196343
11 165 568636316587
11 176 799644820200
11 187 752606889601
11 198 473863597155
11 209 673385111748
11 220 426477237440
11 231 406168797562
11 242 581559869236
11 253 556274657531
11 264 355397697866
11 275 511772684928
11 286 328059413415
11 297 473863597155
11 308 304626598171
11 319 441183349076
11 330 213238618720
11 341 412719907200
11 352 399822410100
11 363 387706579491
11 374 250868963200
11 385 243701278537
11 396 236931798577
11 407 345792354681
11 418 224461703915
11 429 218706275610
11 440 213238618720
11 451 312056515200
11 462 152313299085
11 473 297542258679
11 484 290779934618
11 495 189545438862
11 506 185424885843
11 517 272219513260
11 528 177698848933
11 539 261108512718
11 550 170590894976
11 561 167245975466
11 572 164029706707
11 583 241402209872
11 594 157954532385
11 605 232623947694
11 616 152313299085
11 627 149641135943
11 638 147061116358
11 649 216852832597
11 660 106619309360
11 671 209742903659
11 682 137573302400
11 693 135389599187
11 704 199911205050
11 715 131223765366
11 726 129235526497
11 737 190959957063
11 748 125434481600
11 759 123616590562
11 770 91387979451
11 781 180201649623
11 792 118465899288
11 803 175264618126
11 814 115264118227
11 825 113727263317
11 836 112230851957
11 847 166159962639
11 858 82014853353
11 869 161953381306
11 880 106619309360
11 891 157954532385
11 902 104018838400
11 913 154148399075
11 924 76156649542
11 935 100347585280
11 946 99180752893
11 957 98040744239
11 968 145389967309
11 979 143756372171
11 990 71079539573
11 1001 93731260975
11 1012 92712442921
11 1023 91715534933
11 1034 90739837753
11 1045 89784681566
11 1056 88849424466
11 1067 131900176528
11 1078 87036170906
11 1089 129235526497
11 1100 85295447488
11 1111 126676407161
11 1122 62717240800
11 1133 124216671099
11 1144 82014853353
11 1155 60925319634
11 1166 80467403290
11 1177 119573057226
11 1188 78977266192
11 1199 117379056176
11 1210 77541315898
11 1221 76842745484
11 1232 76156649542
11 1243 113224045338
11 1254 56115425978
11 1265 74169954337
11 1276 73530558179
11 1287 72902091870
11 1298 72284277532
11 1309 71676846628
11 1320 53309654680
11 1331 211476316086
11 1342 69914301219
11 1353 69345892266
11 1364 68786651200
11 1375 102354536985
11 1386 50771099695
11 1397 100742654513
11 1408 99955602525
11 1419 66120501928
11 1430 49208912012
11 1441 97666542925
11 1452 64617763248
11 1463 64131915404
11 1474 63653319020
11 1485 63181812954
11 1496 62717240800
11 1507 93389176082
11 1518 46356221460
11 1529 92045446930
11 1540 45693989725
11 1551 60493225168
11 1562 60067216540
11 1573 89470749113
11 1584 59232949644
11 1595 58824446543
11 1606 58421539375
11 1617 58024113937
11 1628 57632059113
11 1639 85867900156
11 1650 42647723744
11 1661 84730576975
11 1672 56115425978
11 1683 55748658488
11 1694 55386654213
11 1705 55029320960
11 1716 41007426676
11 1727 81492465753
11 1738 53984460435
11 1749 53644935527
11 1760 53309654680
11 1771 52978538812
11 1782 52651510795
11 1793 78492743087
11 1804 52009419200
11 1815 51694210598
11 1826 51382799691
11 1837 76612677385
11 1848 38078324771
11 1859 75706018481
11 1870 37630344480
11 1881 49880378647
11 1892 49590376446
11 1903 73955590308
11 1914 36765279089
11 1925 48740255707
11 1936 72694983654
11 1947 48189518354
11 1958 47918790723
11 1969 71476631973
11 1980 35539769786
11 1991 70686834935
11 2002 35149222865
11 2013 46609534146
11 2024 46356221460
11 2035 46105647290
11 2046 34393325600
11 2057 68418808146
11 2068 45369918876
11 2079 45129866395
11 2090 33669255587
11 2101 66985953525
11 2112 44424712233
11 2123 66291798566
11 2134 43966725509
11 2145 32805941341
11 2156 43518085453
11 2167 64945772199
11 2178 43078508832
11 2189 64293050870
11 2200 42647723744
11 2211 42435546013
11 2222 42225469053
11 2233 42017461816
11 2244 31358620400
11 2255 41607535360
11 2266 41405557033
11 2277 41205530187
11 2288 41007426676
11 2299 61216828341
11 2310 24370127853
11 2321 60636574044
11 2332 40233701645
11 2343 40044811027
11 2354 39857685742
11 2365 39672301157
11 2376 39488633096
11 2387 39306657828
11 2398 39126352058
11 2409 38947692916
11 2420 38770657949
11 2431 38595225109
11 2442 28816029556
11 2453 57373619387
11 2464 38078324771
11 2475 37909087772
11 2486 37741348446
11 2497 56362630499
11 2508 28057712989
11 2519 55870380451
11 2530 27813732876
11 2541 36924436142
11 2552 36765279089
11 2563 54911232288
11 2574 27338284451
11 2585 36295935101
11 2596 36142138766
11 2607 35989640290
11 2618 26878817485
11 2629 53532707629
11 2640 26654827340
11 2651 53088452793
11 2662 52869079021
11 2673 52651510795
11 2684 34957150609
11 2695 34814468362
11 2706 26004709600
11 2717 34532569833
11 2728 34393325600
11 2739 34255199794
11 2750 34118178995
11 2761 50973374993
11 2772 25385549847
11 2783 50570423412
11 2794 33580884837
11 2805 25086896320
11 2816 49977801262
11 2827 49783335110
11 2838 24795188223
11 2849 32932605207
11 2860 24604456006
11 2871 32680248079
11 2882 32555514308
11 2893 48647593624
11 2904 32308881624
11 2915 32186961316
11 2926 24049468276
11 2937 31945860482
11 2948 31826659510
11 2959 47562517187
11 2970 23693179857
11 2981 47211502300
11 2992 31358620400
11 3003 23432815243
11 3014 31129725360
11 3025 46524789538
11 3036 23178110730
11 3047 46188870481
11 3058 30681815643
11 3069 30571844977
11 3080 22846994862
11 3091 45531377663
11 3102 22684959438
11 3113 45209601142
11 3124 30033608270
11 3135 22446170391
11 3146 29823583037
11 3157 29719668114
11 3168 29616474822
11 3179 44270993506
11 3190 22059167453
11 3201 29311150339
11 3212 29210769687
11 3223 43666611342
11 3234 21759042726
11 3245 28913711012
11 3256 28816029556
11 3267 43078508832
11 3278 28622633385
11 3289 28526905515
11 3300 21323861872
11 3311 28337357969
11 3322 28243525658
11 3333 28150312702
11 3344 28057712989
11 3355 27965720487
11 3366 20905746933
11 3377 41675300076
11 3388 27693327106
11 3399 27603704688
11 3410 20635995360
11 3421 41139283354
11 3432 20503713338
11 3443 40876412534
11 3454 27164155250
11 3465 20308439878
11 3476 26992230217
11 3487 40360621840
11 3498 20116850822
11 3509 40107577189
11 3520 26654827340
11 3531 26571790494
11 3542 19866952054
11 3553 26407259284
11 3564 26325755397
11 3575 26244753073
11 3586 26164247695
11 3597 26084234705
11 3608 26004709600
11 3619 25925667929
11 3630 19385328974
11 3641 38653526052
11 3652 25691399845
11 3663 25614248494
11 3674 25537559128
11 3685 25461327608
11 3696 19039162385
11 3707 37965332710
11 3718 25235339493
11 3729 25160898964
11 3740 18815172240
11 3751 37519991564
11 3762 18705141992
11 3773 37301216102
11 3784 24795188223
11 3795 18542488584
11 3806 24651863435
11 3817 36871230903
11 3828 18382639544
11 3839 36659934450
11 3850 18277595890
11 3861 24300697290
11 3872 36347491827
11 3883 36244524428
11 3894 18071069383
11 3905 24026886616
11 3916 23959395361
11 3927 17919211657
11 3938 23825543991
11 3949 35638766360
11 3960 17769884893
11 3971 35441321671
11 3982 23562278311
11 3993 35246052681
11 4004 17574611432
11 4015 23368615750
11 4026 17478575304
11 4037 34861899518
11 4048 23178110730
11 4059 23115297422
11 4070 17289617734
11 4081 22990686654
11 4092 17196662800
11 4103 34301118293
11 4114 22806269381
11 4125 22745452663
11 4136 22684959438
11 4147 22624787132
11 4158 16923699898
11 4169 33758092673
11 4180 16834627793
11 4191 22387256558
11 4202 22328651174
11 4213 33405527737
11 4224 22212356116
11 4235 22154661685
11 4246 22097266188
11 4257 22040167309
11 4268 21983362754
11 4279 32890275381
11 4290 13122376536
11 4301 21814692452
11 4312 21759042726
11 4323 21703676205
11 4334 21648590733
11 4345 21593784174
11 4356 21539254416
11 4367 32227499051
11 4378 21431016956
11 4389 16032978851
11 4400 21323861872
11 4411 31906027739
11 4422 15913329755
11 4433 21165123446
11 4444 21112734526
11 4455 21060604318
11 4466 15756548181
11 4477 31435668607
11 4488 15679310200
11 4499 31281948957
11 4510 15602825760
11 4521 20753150240
11 4532 20702778516
11 4543 20652650723
11 4554 15452073820
11 4565 20553119876
11 4576 20503713338
11 4587 20454543762
11 4598 20405609446
11 4609 30535363063
11 4620 12185063926
11 4631 30390301955
11 4642 20212191347
11 4653 20164408389
11 4664 20116850822
11 4675 20069517056
11 4686 15016804135
11 4697 19975514634
11 4708 19928842871
11 4719 19882388691
11 4730 14877112933
11 4741 29685190541
11 4752 19744316548
11 4763 29548076497
11 4774 14739996685
11 4785 14706111635
11 4796 19563176029
11 4807 19518409036
11 4818 14605384843
11 4829 29144230349
11 4840 19385328974
11 4851 19341371312
11 4862 14473209415
11 4873 28881077028
11 4884 14408014778
11 4895 19167516289
11 4906 19124539795
11 4917 19081755590
11 4928 19039162385
11 4939 28495138359
11 4950 14215907914
11 4961 28368774109
11 4972 18870674223
11 4983 18829017105
11 4994 18787543499
11 5005 14059689146
11 5016 14028856494
11 5027 27996317556
11 5038 18623460150
11 5049 18582886162
11 5060 13906866438
11 5071 27753399400
11 5082 13846663553
11 5093 27633514305
11 5104 18382639544
11 5115 13757330240
11 5126 18303744096
11 5137 27396824675
11 5148 13669142225
11 5159 18186662577
11 5170 13610975662
11 5181 18109436833
11 5192 18071069383
11 5203 27049296244
11 5214 13496115108
11 5225 17956936313
11 5236 13439408742
11 5247 17881645175
11 5258 17844235876
11 5269 26710474161
11 5280 13327413670
11 5291 17732941267
11 5302 17696150931
11 5313 13244634703
11 5324 26434539510
11 5335 17586690203
11 5346 17550503598
11 5357 26271698405
11 5368 17478575304
11 5379 17442831797
11 5390 13055425635
11 5401 26057672349
11 5412 13002354800
11 5423 17301307808
11 5434 12949713687
11 5445 17231403532
11 5456 17196662800
11 5467 17162061868
11 5478 12845699922
11 5489 25639914075
11 5500 17059089497
11 5511 17025039418
11 5522 16991124997
11 5533 25436018138
11 5544 12692774923
11 5555 16890187621
11 5566 16856807803
11 5577 16823559662
11 5588 16790442418
11 5599 25136182953
11 5610 10034758528
11 5621 16691868392
11 5632 24988900631
11 5643 16626792882
11 5654 15291709075
11 5665 16562222813
11 5676 12397594111
11 5687 24747228478
11 5698 12349726952
11 5709 16434575623
11 5720 12302228003
11 5731 24557230563
11 5742 12255093029
11 5753 24463321459
11 5764 16277757154
11 5775 12185063926
11 5786 16215864541
11 5797 16185094400
11 5808 16154440812
11 5819 24185854675
11 5830 12070110493
11 5841 16063172784
11 5852 12024734138
11 5863 16002898216
11 5874 11979697680
11 5885 15943074296
11 5896 15913329755
11 5907 15883695994
11 5918 15854172395
11 5929 23737137519
11 5940 11846589928
11 5951 23649384701
11 5962 15737167433
11 5973 15708185541
11 5984 15679310200
11 5995 15650540823
11 6006 9373126097
11 6017 20363709715
11 6028 15564862680
11 6039 15536511382
11 6050 15508263179
11 6061 15480117512
11 6072 11589055365
11 6083 15424131552
11 6094 14594353647
11 6105 11526411822
11 6116 15340907821
11 6127 22585991839
11 6138 11464441866
11 6149 15258577368
11 6160 11423497431
11 6171 15204179587
11 6182 13463629587
11 6193 22725252439
11 6204 11342479719
11 6215 15096539378
11 6226 15069867047
11 6237 15043288798
11 6248 15016804135
11 6259 22485618846
11 6270 8978468156
11 6281 19326770987
11 6292 14911791518
11 6303 14885767449
11 6314 11144875542
11 6325 14833990867
11 6336 14808237411
11 6347 21060845856
11 6358 14756997835
11 6369 14731510792
11 6380 11029583726
11 6391 14680799911
11 6402 10991681377
11 6413 21945655443
11 6424 14605384843
11 6435 10935313780
11 6446 13695530372
11 6457 21796110942
11 6468 10879521363
11 6479 14481400253
11 6490 10842641629
11 6501 12649996056
11 6512 14408014778
11 6523 21575576936
11 6534 14359502944
11 6545 10751526994
11 6556 14311316692
11 6567 14287344637
11 6578 10697589567
11 6589 15625290416
11 6600 10661930936
11 6611 21288381237
11 6622 10626509238
11 6633 14145182004
11 6644 14121762829
11 6655 21147631608
11 6666 10556367263
11 6677 21077952427
11 6688 14028856494
11 6699 10504365454
11 6710 10487145182
11 6721 13959975040
11 6732 10452873466
11 6743 20871642942
11 6754 13891766691
11 6765 10401883840
11 6776 13846663553
11 6787 5290005711
11 6798 10351389258
11 6809 20669332994
11 6820 10317997680
11 6831 13735176729
11 6842 13273698451
11 6853 13691083063
11 6864 10251856669
11 6875 20470907397
11 6886 11369662390
11 6897 13603739631
11 6908 13582077625
11 6919 13560484497
11 6930 8123375951
11 6941 20276255346
11 6952 13496115108
11 6963 13474794231
11 6974 13453540613
11 6985 13432353935
11 6996 10058425411
11 7007 13390180139
11 7018 13369192396
11 7029 13348270342
11 7040 13327413670
11 7051 19959933110
11 7062 9964421435
11 7073 19897849336
11 7084 9933476027
11 7095 9918075289
11 7106 9902722231
11 7117 12866311200
11 7128 13162877698
11 7139 19713893872
11 7150 9841782402
11 7161 9826664457
11 7172 13082123847
11 7183 19593134951
11 7194 9781588014
11 7205 13022205723
11 7216 13002354800
11 7227 12982564305
11 7238 9722125473
11 7249 3900945140
11 7260 9692664487
11 7271 18300017083
11 7282 9480685500
11 7293 9648806276
11 7304 12845699922
11 7315 9619787310
11 7326 9605343185
11 7337 12787923162
11 7348 12768779564
11 7359 11683507664
11 7370 9547997853
11 7381 19067536696
11 7392 9519581192
11 7403 19010872397
11 7414 12655110903
11 7425 12636362590
11 7436 12617669746
11 7447 18898548188
11 7458 9435337111
11 7469 12561921574
11 7480 9407586120
11 7491 12525028999
11 7502 12506663854
11 7513 18732528731
11 7524 9352570996
11 7535 12451890144
11 7546 12433738700
11 7557 10935050207
11 7568 12397594111
11 7579 12379600506
11 7590 7416995433
11 7601 14215428058
11 7612 12325931717
11 7623 12308145380
11 7634 12290410300
11 7645 12272726257
11 7656 9191319772
11 7667 12237510400
11 7678 11410805857
11 7689 12202496064
11 7700 9138797945
11 7711 16660111819
11 7722 9112761483
11 7733 12133065077
11 7744 18173745913
11 7755 9073983775
11 7766 10572678713
11 7777 12064419729
11 7788 9035534691
11 7799 18045581274
11 7810 9010082481
11 7821 11996546763
11 7832 11979697680
11 7843 11962895862
11 7854 7167684662
11 7865 11929433215
11 7876 11912771995
11 7887 11896157250
11 7898 10560312776
11 7909 14193489269
11 7920 8884942446
11 7931 11830159152
11 7942 11813773890
11 7953 11797433954
11 7964 11781139155
11 7975 11764889308
11 7986 11748684227
11 7997 17598785589
11 8008 8787305716
11 8019 17550503598
11 8030 8763230906
11 8041 11668323871
11 8052 8739287652
11 8063 14151435880
11 8074 7030116743
11 8085 8703617090
11 8096 11589055365
11 8107 17359996097
11 8118 8668236533
11 8129 17313013699
11 8140 8644808867
11 8151 8633142458
11 8162 8621507495
11 8173 15419667409
11 8184 8598331400
11 8195 11449053354
11 8206 11433706097
11 8217 11418399931
11 8228 11403134690
11 8239 11387910212
11 8250 8529544748
11 8261 13201090815
11 8272 11342479719
11 8283 11327416665
11 8294 8484295174
11 8305 11297410263
11 8316 8461849949
11 8327 16901343624
11 8338 8890534882
11 8349 11538044189
11 8360 8417313896
11 8371 13401131157
11 8382 8395221209
11 8393 11178957731
11 8404 10564713383
11 8415 8362298773
11 8426 9967567475
11 8437 11120658083
11 8448 11106178058
11 8459 14084143367
11 8470 8307998131
11 8481 6640144290
11 8492 9129867847
11 8503 16551509862
11 8514 8265062741
11 8525 11005864192
11 8536 10991681377
11 8547 8233151301
11 8558 9926738984
11 8569 10949351411
11 8580 6561188268
11 8591 16381968148
11 8602 8180509669
11 8613 10893416026
11 8624 10879521363
11 8635 10865662100
11 8646 8138878577
11 8657 16257073854
11 8668 10678194273
11 8679 10810576360
11 8690 8097669065
11 8701 10783242413
11 8712 10769627208
11 8723 10756046342
11 8734 10249676704
11 8745 8046740329
11 8756 10715508478
11 8767 15171024755
11 8778 6413191540
11 8789 10675275031
11 8800 10661930936
11 8811 10648620160
11 8822 8499451165
11 8833 15933147102
11 8844 7956664877
11 8855 7946780821
11 8866 7936921292
11 8877 10569448263
11 8888 10556367263
11 8899 15814977903
11 8910 7897726619
11 8921 15775976724
11 8932 7878274090
11 8943 10272300868
11 8954 10478556202
11 8965 10465699078
11 8976 7839655100
11 8987 10440079253
11 8998 8228171363
11 9009 7810938414
11 9020 7801412880
11 9031 7787652632
11 9042 7782431340
11 9053 2510685663
11 9064 10351389258
11 9075 10338842119
11 9086 7744744021
11 9097 12715180038
11 9108 7726036910
11 9119 15433434407
11 9130 7707419953
11 9141 8721745991
11 9152 10251856669
11 9163 10239549518
11 9174 7499565357
11 9185 6711977475
11 9196 10202804723
11 9207 10190614992
11 9218 10178454354
11 9229 144831696
11 9240 6092531963
11 9251 15213218934
11 9262 3789052702
11 9273 10118083925
11 9284 10106095673
11 9295 10094135797
11 9306 7561653146
11 9317 15105451149
11 9328 10058425411
11 9339 8868803377
11 9350 7526068896
11 9361 10022966803
11 9372 7508402067
11 9383 10397602159
11 9394 7490817987
11 9405 7482056797
11 9416 9964421435
11 9427 12850859408
11 9438 7455895759
11 9449 -220774059
11 9460 7438556466
11 9471 7429917028
11 9482 8022664781
11 9493 7552174608
11 9504 9872158274
11 9515 9860745374
11 9526 9717391539
11 9537 9837998556
11 9548 7369998342
11 9559 14723034664
11 9570 5882444654
11 9581 9792818312
11 9592 9781588014
11 9603 9770383446
11 9614 7319403388
11 9625 9748051141
11 9636 7302692421
11 9647 14588731041
11 9658 1753301261
11 9669 8752808324
11 9680 11505907945
11 9691 14522493897
11 9702 7253014242
11 9713 8028575141
11 9724 7236604707
11 9735 7228427753
11 9746 9627025675
11 9757 13814909265
11 9768 7204007389
11 9779 9594538525
11 9790 6852987928
11 9801 14359502944
11 9812 9562269897
11 9823 9551561870
11 9834 7155658346
11 9845 9530217596
11 9856 9519581192
11 9867 7131726378
11 9878 9498379453
11 9889 9487813959
11 9900 7107953957
11 9911 9466753328
11 9922 9456258036
11 9933 7084339492
11 9944 9435337111
11 9955 9424911324
11 9966 7060881414
11 9977 144311837
11 9988 8889288484
11 9999 9383437567
11 10010 5623875658
11 10021 14044255898
11 10032 7014428247
11 10043 14013490825
11 10054 6359348406
11 10065 6991430121
11 10076 9311730075
11 10087 9301575516
11 10098 6968582311
11 10109 13921999046
11 10120 6953433219
11 10131 9261177794
11 10142 8431666853
11 10153 9241110237
11 10164 6923331776
11 10175 9221129458
11 10186 4129806075
11 10197 9201234896
11 10208 9191319772
11 10219 5751214105
11 10230 5502932096
11 10241 9161702200
11 10252 9151872048
11 10263 3817201350
11 10274 9132274891
11 10285 9122507752
11 10296 6834571112
11 10307 13654554027
11 10318 5147250908
11 10329 7916736435
11 10340 6805487831
11 10351 13596511289
11 10362 6385432765
11 10373 9045116383
11 10384 9035534691
11 10395 6769479959
11 10406 9016432081
11 10417 13510366550
11 10428 6748057554
11 10439 8987929136
11 10450 6733851117
11 10461 5692586699
11 10472 6719704371
11 10483 13425306530
11 10494 6705616940
11 10505 8931460469
11 10516 8922117938
11 10527 8912794930
11 10538 7488284458
11 10549 8894207245
11 10560 6663706835
11 10571 9961631312
11 10582 6649852974
11 10593 8857263498
11 10604 8848075465
11 10615 8567857159
11 10626 5297853881
11 10637 6580044755
11 10648 13217269755
11 10659 6601814821
11 10670 6595008826
11 10681 7402631555
11 10692 8517445742
11 10703 8595344487
11 10714 5876710701
11 10725 6561188268
11 10736 8739287652
11 10747 12039529328
11 10758 5737782525
11 10769 13068761106
11 10780 6527712817
11 10791 8694744901
11 10802 6256250091
11 10813 10943914085
11 10824 6501177400
11 10835 5696513367
11 10846 6487990427
11 10857 6481416982
11 10868 6474856843
11 10879 8624413295
11 10890 6935445115
11 10901 3732685629
11 10912 8598331400
11 10923 5807258646
11 10934 6435773200
11 10945 6459694905
11 10956 6422849961
11 10967 12832815570
11 10978 5103360914
11 10989 8538082831
11 11000 8529544748
11 11011 11519261143
11 11022 4661001203
11 11033 8504032652
11 11044 7532452561
11 11055 6365331902
11 11066 7974189447
11 11077 8470252979
11 11088 6346387461
11 11099 -409644107
11 11110 5870490635
11 11121 5284911029
11 11132 8428403901
11 11143 11462517055
11 11154 6308834873
11 11165 6302619272
11 11176 8182193045
11 11187 8115917005
11 11198 6181618979
11 11209 12555757726
11 11220 5017379264
11 11231 12531162706
11 11242 6259450647
11 11253 8337775903
11 11264 12494450315
11 11275 8321507072
11 11286 6235047330
11 11297 8305301606
11 11308 6354715289
11 11319 5171884726
11 11330 6210833554
11 11341 1769710364
11 11352 6198797055
11 11363 2404911005
11 11374 8249076159
11 11385 6180829528
11 11396 6174863476
11 11407 8225211908
11 11418 5436279282
11 11429 -161550528
11 11440 6151114001
11 11451 7439025939
11 11462 5508403720
11 11473 8177895252
11 11484 6127546514
11 11495 8162243778
11 11506 4486208552
11 11517 7859509853
11 11528 6843612618
11 11539 1846603663
11 11550 4874025570
11 11561 10923931651
11 11572 7381245694
11 11583 8100232430
11 11594 6069410400
11 11605 8084876539
11 11616 8077220406
11 11627 8069578759
11 11638 7084431527
11 11649 4442841525
11 11660 6035055246
11 11671 5968423900
11 11682 6023689794
11 11693 12036046212
11 11704 6012367069
11 11715 6006721654
11 11726 6001086830
11 11737 11990925139
11 11748 5709821773
11 11759 10776246919
11 11770 5199377362
11 11781 5973070552
11 11792 7956664877
11 11803 7949249534
11 11814 4900401381
11 11825 7934460231
11 11836 7136606836
11 11847 7208796098
11 11858 7912379173
11 11869 7905046107
11 11880 5923294964
11 11891 7890420674
11 11902 2301556442
11 11913 6393845964
11 11924 5796185186
11 11935 5895998674
11 11946 5890569577
11 11957 -332318326
11 11968 7839655100
11 11979 12836372663
11 11990 4955171005
11 12001 11727146767
11 12012 4686563048
11 12023 5475303596
11 12034 4837789225
11 12045 5842153937
11 12056 7099957530
11 12067 11663005582
11 12078 5826191768
11 12089 7761187214
11 12100 7754131589
11 12111 4201439579
11 12122 5805044066
11 12133 3726659618
11 12144 5794527682
11 12155 5789283766
11 12166 5784049332
11 12177 7705099140
11 12188 6056016504
11 12199 5871764781
11 12210 4610564729
11 12221 11516037015
11 12232 6639628200
11 12243 5747671663
11 12254 -65308329
11 12265 4164428497
11 12276 5732220933
11 12287 6324387812
11 12298 5721966513
11 12309 7622470731
11 12320 5711748715
11 12331 7608871319
11 12342 11608551841
11 12353 11392980519
11 12364 5382243664
11 12375 7581817554
11 12386 142559064
11 12397 7568362687
11 12408 5671239859
11 12419 9854953619
11 12430 4742037321
11 12441 5656196783
11 12452 5978556878
11 12463 11292424645
11 12474 5641233299
11 12485 7022194420
11 12496 7508402067
11 12507 4693624304
11 12518 6517686250
11 12529 7488625767
11 12540 4489234078
11 12551 5167055059
11 12562 4388864246
11 12573 6274404292
11 12584 7455895759
11 12595 6220949572
11 12606 4635577337
11 12617 7436394724
11 12628 5572437771
11 12639 2438504566
11 12650 5562746575
11 12661 -629274872
11 12672 7404118705
11 12683 -608486941
11 12694 4916354459
11 12705 6089203044
11 12716 7378498917
11 12727 7372121651
11 12738 4445268492
11 12749 7359400129
11 12760 5514791863
11 12771 7346722436
11 12782 5121289254
11 12793 -518707768
11 12804 5495840688
11 12815 7321497638
11 12826 7315218480
11 12837 6484504332
11 12848 7302692421
11 12859 6477588383
11 12870 4374125512
11 12881 -710218846
11 12892 7277768557
11 12903 5453673113
11 12914 30403111
11 12925 7259187020
11 12936 5439760681
11 12947 10870277930
11 12958 5430525094
11 12969 6020837750
11 12980 5421320814
11 12991 10073684337
11 13002 2244004435
11 13013 7210096998
11 13024 7204007389
11 13035 4978467303
11 13046 5522892088
11 13057 7273010473
11 13068 7179751472
11 13079 7173712993
11 13090 4300610797
11 13101 6061267762
11 13112 6099673730
11 13123 10724490464
11 13134 4819691974
11 13145 6839138251
11 13156 5348794783
11 13167 5344326283
11 13178 5028833900
11 13189 10670823289
11 13200 5330965468
11 13211 58375451
11 13222 3970460170
11 13233 5041174376
11 13244 5313254619
11 13255 7078460372
11 13266 5077468729
11 13277 7066731359
11 13288 7060881414
11 13299 5291280861
11 13310 12227576016
11 13321 6898863776
11 13332 4487704270
11 13343 10547664570
11 13354 2708777918
11 13365 7020201439
11 13376 7014428247
11 13387 -978124927
11 13398 4201746181
11 13409 6997165504
11 13420 5243572591
11 13431 6985704134
11 13442 5234990639
11 13453 6902885773
11 13464 5226436733
11 13475 6962893672
11 13486 6957214313
11 13497 5386503186
11 13508 3490285292
11 13519 -434942873
11 13530 4160753536
11 13541 -38068218
11 13552 6923331776
11 13563 5583751638
11 13574 1055068598
11 13585 5179885474
11 13596 4275170017
11 13607 8862556543
11 13618 6889777664
11 13629 5163162680
11 13640 5158998840
11 13651 6873122280
11 13662 5150691273
11 13673 11415658560
11 13684 4834567159
11 13695 5006312676
11 13706 4010288579
11 13717 6840051924
11 13728 5125928334
11 13739 3565315737
11 13750 6823635799
11 13761 6818181254
11 13772 5482575817
11 13783 6807298283
11 13794 6575958599
11 13805 6178413222
11 13816 6791038812
11 13827 5646619794
11 13838 5085181686
11 13849 10162285245
11 13860 4061687975
11 13871 6764111618
11 13882 2873171954
11 13893 -93411205
11 13904 5081480364
11 13915 6742723121
11 13926 4606267036
11 13937 4472144738
11 13948 3898790989
11 13959 6721469463
11 13970 3396925805
11 13981 6710892800
11 13992 5029212705
11 14003 6700349371
11 14014 5021317552
11 14025 5017379264
11 14036 6684596198
11 14047 4560207347
11 14058 4619273978
11 14069 -1169443415
11 14080 6663706835
11 14091 4993878658
11 14102 5739004767
11 14113 4288130045
11 14124 3880501768
11 14135 2562102364
11 14146 4079612838
11 14157 6627462897
11 14168 4966738013
11 14179 5340766381
11 14190 3625297560
11 14201 8854408198
11 14212 4951361115
11 14223 3147757221
11 14234 4425059886
11 14245 4939890781
11 14256 6581438849
11 14267 5060655017
11 14278 6571297957
11 14289 4053790671
11 14300 4920891201
11 14311 8574158764
11 14322 3930665782
11 14333 8559064032
11 14344 6541061923
11 14355 4902037211
11 14366 6531044983
11 14377 9789072015
11 14388 4406553131
11 14399 6516076966
11 14410 3669606161
11 14421 4879602259
11 14432 6501177400
11 14443 5272211594
11 14454 4482134214
11 14465 5759659240
11 14476 4414281936
11 14487 303592774
11 14498 6471581751
11 14509 -305197386
11 14520 6700442574
11 14531 5741762095
11 14542 2767880948
11 14553 6447123770
11 14564 4775170293
11 14575 6437392263
11 14586 3859522510
11 14597 7052352394
11 14608 6422849961
11 14619 5086212343
11 14630 3847914924
11 14652 4802671592
11 14663 6398758251
11 14674 4795471185
11 14685 4363467225
11 14696 4235384494
11 14707 2951809383
11 14718 2098631986
11 14729 5774747249
11 14740 4151720706
11 14751 5738306976
11 14762 6355845565
11 14773 6351112993
11 14784 4759790596
11 14795 4892819972
11 14806 4122014221
11 14817 6332252968
11 14828 3076531424
11 14839 6322864899
11 14850 4738635971
11 14861 6042455309
11 14872 6308834873
11 14883 6717812850
11 14894 2530801940
11 14905 4059841058
11 14916 4333611699
11 14927 6285589351
11 14938 3586853021
11 14949 6276339035
11 14960 4703793060
11 14971 -239640278
11 14982 3573018305
11 14993 6257919845
11 15004 11490354861
11 15015 3749250439
11 15026 91798826
11 15037 1539847375
11 15048 4676285498
11 15059 6613922392
11 15070 4669458804
11 15081 5026549446
11 15092 5512079055
11 15103 -130921279
11 15114 1202344749
11 15125 9304957907
11 15136 6198797055
11 15147 6194295387
11 15158 4366971117
11 15169 1824415687
11 15180 3708497716
11 15191 -78493164
11 15202 64784117
11 15213 1823196137
11 15224 3983214833
11 15235 4188934019
11 15246 6986992600
11 15257 6149635725
11 15268 2627640696
11 15279 1059415597
11 15290 3025831732
11 15301 5294262642
11 15312 4595659886
11 15323 4910496070
11 15334 4589066400
11 15345 4585776746
11 15356 3271028283
11 15367 7987394124
11 15378 3675411412
11 15389 9145330324
11 15400 4569398972
11 15411 102282439
11 15422 -652440562
11 15433 5934402601
11 15444 4556380741
11 15455 4032903122
11 15466 4549899403
11 15477 4162654932
11 15488 9086872956
11 15499 9080423792
11 15510 1282373338
11 15521 5732300936
11 15532 1591045273
11 15543 6036478944
11 15554 4081420802
11 15565 2759707600
11 15576 4517767345
11 15587 5747624572
11 15598 6015193757
11 15609 6010954720
11 15620 4120984384
11 15631 6002494545
11 15642 3587981372
11 15653 -184757895
11 15664 4783797025
11 15675 4489234078
11 15686 4486085947
11 15697 8965884459
11 15708 3583842331
11 15719 -785871469
11 15730 5926260083
11 15741 5960548391
11 15752 3027688619
11 15763 -1076866249
11 15774 2671431910
11 15785 4457950217
11 15796 3249270831
11 15807 5375529512
11 15818 2107079902
11 15829 8891116833
11 15840 4442471223
11 15851 8878776630
11 15862 3814031462
11 15873 4433235316
11 15884 4521069135
11 15895 4338590647
11 15906 -85465419
11 15917 8841960693
11 15928 5688897554
11 15939 4414878234
11 15950 4411833490
11 15961 -389528207
11 15972 12150390685
11 15983 -53480419
11 15994 1855358735
11 16005 3229064113
11 16016 4393652858
11 16027 5854183082
11 16038 5348809413
11 16049 8769237233
11 16060 4381615453
11 16071 180121225
11 16082 4375621451
11 16093 5830174127
11 16104 3751607049
11 16115 2392560458
11 16126 -224217884
11 16137 3777632836
11 16148 4738979533
11 16159 772853111
11 16170 3481446836
11 16181 -1307510080
11 16192 5794527682
11 16203 3096903944
11 16214 6888644212
11 16225 5782742202
11 16236 4334118266
11 16247 4864188149
11 16258 391000723
11 16269 4325326951
11 16280 4322404433
11 16291 8638971724
11 16302 3453256983
11 16313 -105621586
11 16324 4310753747
11 16335 11466947889
11 16346 1196407318
11 16357 -1052082750
11 16368 4299165700
11 16379 -298808669
11 16390 3392870395
11 16401 3749190054
11 16412 3329754611
11 16423 8569535916
11 16434 3348748151
11 16445 4279035827
11 16456 6252325489
11 16467 35268156
11 16478 3414363425
11 16489 8535234905
11 16500 2464626523
11 16511 5682574784
11 16522 72686031
11 16533 1755743790
11 16544 5671239859
11 16555 4250603695
11 16566 2297573810
11 16577 7898336863
11 16588 4242147587
11 16599 3190868637
11 16610 4236528848
11 16621 -288221758
11 16632 4230924974
11 16643 4824879056
11 16654 -62599646
11 16665 2962488049
11 16676 4002075045
11 16687 5622639914
11 16698 7585804657
11 16709 5615236832
11 16720 4208656948
11 16731 5607853220
11 16742 28193963
11 16753 8400733502
11 16764 2928300558
11 16775 5333351560
11 16786 2689037590
11 16797 4675094770
11 16808 3424882692
11 16819 8367767903
11 16830 3344919509
11 16841 8356836789
11 16852 2422984466
11 16863 3550688878
11 16874 3870908023
11 16885 3744396379
11 16896 3633879195
11 16907 4084160918
11 16918 2554459834
11 16929 5542264294
11 16940 7417064373
11 16951 5000935008
11 16962 72935609
11 16973 8291845187
11 16984 4534057488
11 16995 2681185823
11 17006 2002016754
11 17017 4135202690
11 17028 4132531370
11 17039 -495944873
11 17050 4127199072
11 17061 5499384106
11 17072 5197284589
11 17083 -517219121
11 17094 3293260520
11 17105 227882110
11 17116 2083237415
11 17127 4272452563
11 17138 4106006778
11 17149 -299928620
11 17160 3280594134
11 17171 2123800166
11 17182 6135052824
11 17193 -70710232
11 17204 4090254834
11 17215 3936259941
11 17226 4085031009
11 17237 -590823677
11 17248 5439760681
11 17259 2083580792
11 17270 2825084792
11 17281 8144059276
11 17292 3039925003
11 17303 8133704465
11 17314 5419024618
11 17325 4061687975
11 17336 3079040763
11 17347 4907357304
11 17358 2013948279
11 17369 -196365457
11 17380 2961146096
11 17391 4046273600
11 17402 2479507417
11 17413 -242949289
11 17424 5384813604
11 17435 1665599180
11 17446 3005633111
11 17457 4620053444
11 17468 4134549692
11 17479 4800568617
11 17490 2088148906
11 17501 5361121778
11 17512 2336491715
11 17523 4659351966
11 17534 4596450909
11 17545 6785708346
11 17556 3206595770
11 17567 6887602139
11 17578 3661295581
11 17589 3434084858
11 17600 5330965468
11 17611 7991453544
11 17622 3089947318
11 17633 4848077247
11 17644 58826108
11 17655 2566932787
11 17666 11504635338
11 17677 7961616131
11 17688 3401934161
11 17699 -803952095
11 17710 3178712328
11 17721 2917848393
11 17732 3968460646
11 17743 7932000696
11 17754 2355434653
11 17765 3961088892
11 17776 4730324787
11 17787 6335235346
11 17798 273461968
11 17809 7902604770
11 17820 3948863309
11 17831 7892854487
11 17842 -566382623
11 17853 630158908
11 17864 3939137045
11 17875 5248950614
11 17886 875569018
11 17897 -891924409
11 17908 5239278101
11 17919 3730542600
11 17930 3013913490
11 17941 -238328443
11 17952 3919827550
11 17963 4627320794
11 17974 3915029719
11 17985 2420433985
11 17996 3395314965
11 18007 7815709910
11 18018 3124375365
11 18029 7806172741
11 18040 3900706440
11 18051 119768767
11 18062 -94694374
11 18073 5191445374
11 18084 3314817393
11 18095 3397331443
11 18106 76732168
11 18117 5178837127
11 18128 4469277223
11 18139 3707240771
11 18150 6057125522
11 18161 2192121532
11 18172 1525151838
11 18183 3870029377
11 18194 1151802669
11 18205 -70888665
11 18216 3863018455
11 18227 7721374245
11 18238 1664523180
11 18249 2800048272
11 18260 3007791247
11 18271 7702779725
11 18282 1667597047
11 18293 6966829433
11 18304 5125928334
11 18315 3842137274
11 18326 3839831069
11 18348 2575168099
11 18359 -1089813800
11 18370 2887609867
11 18381 265344851
11 18392 5486359099
11 18403 4187629443
11 18414 3821480622
11 18425 4091835344
11 18436 2855347351
11 18447 3024164981
11 18458 180444178
11 18469 4325552932
11 18480 3046265981
11 18491 395212099
11 18502 140257227
11 18513 6036541614
11 18524 106659711
11 18535 3444838029
11 18546 -80205565
11 18557 5056043123
11 18568 4642266405
11 18579 482660555
11 18590 2939382195
11 18601 4633778430
11 18612 3280954966
11 18623 -59820363
11 18634 10213515863
11 18645 2842370027
11 18656 5029212705
11 18667 -1216298200
11 18678 1437606488
11 18689 7530498601
11 18700 3763034448
11 18711 2856238482
11 18722 3758612550
11 18733 3411283792
11 18744 2776681002
11 18755 5447278511
11 18766 -462400057
11 18777 4019284156
11 18788 3178769298
11 18810 2992822718
11 18821 4985122589
11 18832 3562702720
11 18843 2569175030
11 18854 2405242089
11 18865 1610316175
11 18876 6916880130
11 18887 4761353641
11 18898 522480831
11 18909 3516682558
11 18920 3719278233
11 18931 7434234238
11 18942 1070518385
11 18964 3065194680
11 18975 3708497716
11 18986 -120085958
11 18997 11506108484
11 19008 4936079137
11 19019 3699918196
11 19030 626816158
11 19041 175882246
11 19052 58671316
11 19063 7382756563
11 19074 2521641021
11 19085 1633472514
11 19096 3684999171
11 19107 3161530181
11 19118 6048724730
11 19129 4904856096
11 19140 2941222327
11 19151 7348832351
11 19162 3112175454
11 19173 2696807922
11 19184 4297646194
11 19195 1622939672
11 19206 3041615572
11 19217 -77636928
11 19228 3659701694
11 19239 4999639456
11 19250 2964633322
11 19261 3815257389
11 19272 2186031039
11 19283 7298526596
11 19294 4862910347
11 19305 3645104593
11 19316 168833440
11 19327 2349765272
11 19338 2198091217
11 19349 7273631110
11 19360 5855298773
11 19371 1155123278
11 19382 -362730729
11 19393 4838085508
11 19404 3626507121
11 19415 382894459
11 19426 58643786
11 19437 3620350063
11 19448 3618302353
11 19459 3493331518
11 19470 989922675
11 19481 5581826111
11 19492 2494723422
11 19503 1666484817
11 19514 -298721419
11 19525 4304018870
11 19536 3602003694
11 19547 7199953361
11 19558 1855220016
11 19569 3075366634
11 19580 2176594414
11 19591 4212790240
11 19602 6432280881
11 19624 2989583541
11 19635 2867073865
11 19646 3397619372
11 19668 1887321909
11 19690 805475950
11 19701 272520130
11 19712 4199659184
11 19723 6467246713
11 19734 2852690551
11 19745 1887304408
11 19756 4749189726
11 19767 76987037
11 19778 3557930234
11 19789 2470653136
11 19800 3553976978
11 19822 2790256104
11 19833 -85471864
11 19844 6256593228
11 19855 2824061130
11 19866 2588838756
11 19877 3446454254
11 19888 3192890256
11 19899 4015207268
11 19910 832442617
11 19932 3530440707
11 19943 4704657886
11 19954 2161304390
11 19965 15034560784
11 19976 3360104307
11 19987 4189817643
11 19998 1171568915
11 20009 3440640047
11 20020 2811937829
11 20031 -245360622
11 20042 255866359
11 20053 7018275986
11 20064 3507214123
11 20075 4365580680
11 20086 5562520566
11 20097 3501455151
11 20108 33894459
11 20119 4522068180
11 20130 1232363561
11 20152 839711248
11 20163 2988635306
11 20174 2642172089
11 20185 65998861
11 20196 3484291155
11 20207 6593611146
11 20218 399603158
11 20229 674564700
11 20240 3476716609
11 20251 1771888847
11 20262 286863155
11 20273 3378537875
11 20284 1366223765
11 20295 3467294613
11 20306 1901207851
11 20317 6927080197
11 20328 11776113685
11 20339 30323269
11 20350 3457923546
11 20361 2805313865
11 20372 3041377230
11 20383 -92136222
11 20394 2745672791
11 20405 2205343532
11 20416 4595659886
11 20427 3127869938
11 20438 2853416572
11 20449 6882365316
11 20460 2751466048
11 20482 3435638325
11 20493 4578392243
11 20504 4575936024
11 20515 2225253213
11 20526 1302471886
11 20548 -213407126
11 20559 2696084189
11 20570 6153111399
11 20581 6838224010
11 20592 3417285556
11 20614 -529446611
11 20625 4549090532
11 20636 2918480487
11 20658 1241276687
11 20680 2488437646
11 20691 5910571489
11 20702 230423469
11 20713 25771216
11 20724 2339534790
11 20735 3393718069
11 20746 3391918643
11 20757 3390121124
11 20768 3856722957
11 20790 2707791983
11 20801 4510600080
11 20812 5576684660
11 20823 401173827
11 20834 4503455516
11 20845 2713328256
11 20856 2124490282
11 20867 517250727
11 20878 2679587569
11 20889 3435613461
11 20900 3366925558
11 20922 459237579
11 20933 5914185254
11 20944 3359852185
11 20955 1370327280
11 20966 4475102176
11 20977 6709133258
11 20988 2375288439
11 20999 3461780607
11 21010 1731437864
11 21021 3347545034
11 21032 1364939481
11 21054 6085216906
11 21065 1309466874
11 21076 3605826964
11 21087 3722736871
11 21098 1238869688
11 21109 3388801600
11 21120 1430404991
11 21131 2669929276
11 21142 549654606
11 21153 2579566407
11 21164 3324926487
11 21175 6930009327
11 21186 2121626600
11 21197 3278342135
11 21208 4424037732
11 21219 1760519476
11 21230 1612271328
11 21252 2648926940
11 21274 4410312693
11 21285 2804666643
11 21296 7696323313
11 21307 3613002698
11 21318 2640725928
11 21329 2072928123
11 21340 1877247786
11 21351 173849446
11 21362 116965988
11 21373 3404545833
11 21384 3368633410
11 21395 990716156
11 21406 1972465175
11 21417 5467880140
11 21428 2233346890
11 21439 6564554707
11 21450 2624475307
11 21461 6557825281
11 21472 3878125080
11 21483 3275554819
11 21494 158199777
11 21505 3272203867
11 21516 2103418740
11 21527 4031254153
11 21538 6731607650
11 21549 4354029989
11 21560 3263856408
11 21571 1784421314
11 21582 1359080912
11 21593 4345157794
11 21604 1172322831
11 21615 2584205008
11 21626 75999267
11 21637 1653314385
11 21648 3250588700
11 21659 11291535192
11 21670 1328070923
11 21681 4327521435
11 21692 3243995213
11 21714 1681843128
11 21725 4099612747
11 21736 3237428421
11 21747 -32921048
11 21758 3234154985
11 21769 6465041497
11 21780 6163448255
11 21791 160642544
11 21802 -104225072
11 21813 877930741
11 21824 4299165700
11 21835 2017909140
11 21846 215084526
11 21857 6439012141
11 21868 2317361988
11 21879 3216268758
11 21890 1650444056
11 21901 4906381459
11 21912 1733945363
11 21934 4277605189
11 21945 2565276616
11 21956 133856446
11 21967 6406768715
11 21978 3201781061
11 22000 3669782025
11 22011 372713447
11 22022 7591329409
11 22033 -890615060
11 22044 707486676
11 22055 456360270
11 22066 2498126388
11 22077 1182634374
11 22088 1289010312
11 22099 4245666873
11 22110 1080817589
11 22121 6362166645
11 22132 3734853091
11 22143 5484108592
11 22154 2265621202
11 22165 3174768516
11 22176 3173193730
11 22198 -318963018
11 22209 2628618026
11 22220 2059842982
11 22231 2804337820
11 22242 34935404
11 22253 2738805478
11 22264 6389896202
11 22275 4212120863
11 22286 -655378883
11 22308 1894358580
11 22319 6305725541
11 22330 2521047709
11 22341 -48716128
11 22352 2483672945
11 22363 2157217100
11 22374 2165102967
11 22385 5427496034
11 22396 164821956
11 22407 2476188012
11 22418 -1286877492
11 22440 2508689632
11 22451 3995312989
11 22462 4177054235
11 22473 1468000650
11 22484 1652245706
11 22495 1057475303
11 22506 6695423855
11 22517 3506757957
11 22528 5754402178
11 22539 3012177798
11 22550 3120565152
11 22561 2286908174
11 22572 3117523665
11 22594 1550279615
11 22605 2163979475
11 22616 2652416067
11 22627 9357915936
11 22638 1529061157
11 22649 187156283
11 22660 2607661089
11 22671 46518409
11 22682 -213597017
11 22704 2819371460
11 22715 1620417991
11 22726 -456769333
11 22737 2518501849
11 22748 5693250741
11 22770 2420301322
11 22781 2498369384
13 13 21651921285435
13 26 5412980321358
13 39 3608653547572
13 52 2706490160679
13 65 2165192128543
13 78 1202884515857
13 91 1546565806102
13 104 1353245080339
13 117 1202884515857
13 130 721730709514
13 143 984178240247
13 156 601442257928
13 169 1665532406571
13 182 515521935367
13 195 481153806343
13 208 676622540169
13 221 636821214278
13 234 400961505285
13 247 569787402248
13 260 360865354757
13 273 343681290245
13 286 328059413415
13 299 470693940988
13 312 300721128964
13 325 433038425708
13 338 416383101642
13 351 400961505285
13 364 257760967683
13 377 373308987680
13 390 180432677378
13 403 349224536862
13 416 338311270084
13 429 218706275610
13 442 212273738092
13 455 206208774147
13 468 200480752642
13 481 292593530884
13 494 189929134082
13 507 277588734428
13 520 180432677378
13 533 264047820554
13 546 128880483841
13 559 251766526575
13 572 164029706707
13 585 160384602114
13 598 156897980329
13 611 230339588143
13 624 150360564482
13 637 220937972300
13 650 144346141902
13 663 141515825395
13 676 208191550821
13 689 204263408353
13 702 133653835095
13 715 131223765366
13 728 128880483841
13 741 126619422721
13 754 124436329226
13 767 183490858351
13 780 90216338689
13 793 177474764635
13 806 116408178953
13 819 114560430081
13 832 169155635042
13 845 166553240657
13 858 82014853353
13 871 161581502130
13 884 106136869046
13 897 104598653552
13 910 77328290305
13 923 152478318912
13 936 100240376321
13 949 148300830722
13 962 97531176961
13 975 96230761268
13 988 94964567041
13 1001 93731260975
13 1014 92529578142
13 1027 137037476490
13 1040 90216338689
13 1053 133653835095
13 1066 88015940184
13 1079 130433260756
13 1092 64440241920
13 1105 84909495237
13 1118 83922175524
13 1131 82957552817
13 1144 82014853353
13 1157 121640007222
13 1170 60144225792
13 1183 118966600469
13 1196 78448990164
13 1209 77605452635
13 1222 76779862714
13 1235 75971653633
13 1248 75180282241
13 1261 111607841678
13 1274 73645990766
13 1287 72902091870
13 1300 72173070951
13 1313 107187729136
13 1326 53068434523
13 1339 105106414007
13 1352 104095775410
13 1365 51552193536
13 1378 68087802784
13 1391 101177202268
13 1404 66826917547
13 1417 99320739841
13 1430 49208912012
13 1443 65020784640
13 1456 64440241920
13 1469 95804961440
13 1482 47482283520
13 1495 62759192131
13 1508 62218164613
13 1521 92529578142
13 1534 61163619450
13 1547 60649639455
13 1560 45108169344
13 1573 89470749113
13 1586 59158254878
13 1599 58677293456
13 1612 58204089476
13 1625 86607685141
13 1638 42960161280
13 1651 85243784588
13 1664 84577817521
13 1677 55948117016
13 1690 55517746885
13 1703 82640920937
13 1716 41007426676
13 1729 54265466880
13 1742 53860500710
13 1755 53461534038
13 1768 53068434523
13 1781 79021610531
13 1794 39224495082
13 1807 77884608940
13 1820 38664145152
13 1833 51186575142
13 1846 50826106303
13 1859 75706018480
13 1872 50120188160
13 1885 49774531690
13 1898 49433610240
13 1911 49097327177
13 1924 48765588480
13 1937 72657453978
13 1950 36086535475
13 1963 71695103594
13 1976 47482283520
13 1989 47171941798
13 2002 35149222865
13 2015 46563271581
13 2028 46264789071
13 2041 68955163329
13 2054 45679158830
13 2067 45391868522
13 2080 45108169344
13 2093 44827994379
13 2106 44551278365
13 2119 66416936458
13 2132 44007970092
13 2145 32805941341
13 2158 43477753585
13 2171 64826111633
13 2184 32220120960
13 2197 128117877428
13 2210 31841060713
13 2223 42206474240
13 2236 41961087762
13 2249 62577807183
13 2262 31109082306
13 2275 41241754829
13 2288 41007426676
13 2301 40775746300
13 2314 40546669073
13 2327 60480227054
13 2340 30072112896
13 2353 59811937253
13 2366 39655533489
13 2379 39438836585
13 2392 39224495082
13 2405 39012470784
13 2418 29102044738
13 2431 38595225107
13 2444 38389931357
13 2457 38186810027
13 2470 28489370112
13 2483 56680422213
13 2496 37590141120
13 2509 56093060325
13 2522 37202613892
13 2535 37011831257
13 2548 36822995383
13 2561 54954114938
13 2574 27338284451
13 2587 54401812275
13 2600 36086535475
13 2613 35907000473
13 2626 35729243045
13 2639 35553236921
13 2652 26534217261
13 2665 35206376073
13 2678 35035471335
13 2691 34866217850
13 2704 52047887705
13 2717 34532569833
13 2730 20620877414
13 2743 51307870345
13 2756 34043901392
13 2769 33884070869
13 2782 33725734089
13 2795 33568870209
13 2808 33413458773
13 2821 33259479701
13 2834 33106913280
13 2847 32955740160
13 2860 24604456006
13 2873 48986247252
13 2886 24382794240
13 2899 48546908712
13 2912 32220120960
13 2925 32076920422
13 2938 31934987146
13 2951 47691456576
13 2964 23741141760
13 2977 47274937304
13 2990 23534697049
13 3003 23432815243
13 3016 31109082306
13 3029 46463350398
13 3042 30843192714
13 3055 30711945085
13 3068 30581809725
13 3081 30452772553
13 3094 22743614795
13 3107 45296906455
13 3120 22554084672
13 3133 44920998518
13 3146 29823583037
13 3159 44551278365
13 3172 29579127439
13 3185 29458396306
13 3198 22003985046
13 3211 43829800173
13 3224 29102044738
13 3237 28985169056
13 3250 28869228380
13 3263 43131317302
13 3276 21480080640
13 3289 28526905514
13 3302 28414594862
13 3315 21227373809
13 3328 42288908760
13 3341 42124360478
13 3354 20980543881
13 3367 27866050560
13 3380 27758873442
13 3393 27652517605
13 3406 27546973645
13 3419 41163348451
13 3432 20503713338
13 3445 27235121113
13 3458 20349550080
13 3471 27031112715
13 3484 26930250355
13 3497 40245206850
13 3510 20048075264
13 3523 39948194254
13 3536 26534217261
13 3549 26437022326
13 3562 26340536843
13 3575 26244753073
13 3588 19612247541
13 3601 39082890407
13 3614 25961536313
13 3627 25868484211
13 3640 19332072576
13 3653 38526550330
13 3666 19194965678
13 3679 38254277889
13 3692 25413053151
13 3705 18992913408
13 3718 25235339493
13 3731 25147411481
13 3744 25060094080
13 3757 37460071428
13 3770 18665449383
13 3783 24801742595
13 3796 24716805120
13 3809 36948671136
13 3822 18411497691
13 3835 24465447780
13 3848 24382794240
13 3861 24300697290
13 3874 24219151325
13 3887 36207226230
13 3900 18043267737
13 3913 23977764435
13 3926 23898367864
13 3939 23819495363
13 3952 23741141760
13 3965 23663301951
13 3978 17689478174
13 3991 35263715449
13 4004 17574611432
13 4017 23356980890
13 4030 17461226843
13 4043 34810162838
13 4056 23132394535
13 4069 34587733683
13 4082 22985054443
13 4095 17184064512
13 4108 22839579415
13 4121 34151295403
13 4134 17021950696
13 4147 22624787132
13 4160 22554084672
13 4173 22483822726
13 4186 16810497892
13 4199 22344604011
13 4212 22275639182
13 4225 33310648131
13 4238 22138978819
13 4251 22071275520
13 4264 22003985046
13 4277 21937103632
13 4290 13122376536
13 4303 32706829736
13 4316 21738876792
13 4329 21673594880
13 4342 21608703877
13 4355 21544200284
13 4368 16110060480
13 4381 32124512293
13 4394 32029469357
13 4407 21289991431
13 4420 15920530356
13 4433 21165123446
13 4446 15827427840
13 4459 31562567471
13 4472 20980543881
13 4485 15689798032
13 4498 20859269061
13 4511 31198733841
13 4524 15554541153
13 4537 31019944535
13 4550 15465658061
13 4563 30843192714
13 4576 20503713338
13 4589 30668443747
13 4602 15290904862
13 4615 20330442521
13 4628 20273334536
13 4641 15162409863
13 4654 20160075684
13 4667 30155879228
13 4680 15036056448
13 4693 29988810645
13 4706 19937312417
13 4719 19882388691
13 4732 19827766744
13 4745 19773444096
13 4758 14789563719
13 4771 29498530362
13 4784 19612247541
13 4797 19559097818
13 4810 14629676544
13 4823 19453657938
13 4836 14551022369
13 4849 29024023171
13 4862 14473209415
13 4875 19246152253
13 4888 19194965678
13 4901 28716075975
13 4914 14320053760
13 4927 28564539954
13 4940 14244685056
13 4953 18943063241
13 4966 18893474071
13 4979 28266215777
13 4992 18795070560
13 5005 14059689146
13 5018 18697686774
13 5031 18649372338
13 5044 18601306946
13 5057 27830233015
13 5070 13879436721
13 5083 18458585921
13 5096 18411497691
13 5109 18364649097
13 5122 18318038312
13 5135 18271663532
13 5148 13669142225
13 5161 27269422274
13 5174 18133937424
13 5187 13566366720
13 5200 18043267737
13 5213 26997408087
13 5226 13465125177
13 5239 26863425912
13 5252 17864621522
13 5265 17820511346
13 5278 13332463845
13 5291 17732941265
13 5304 13267108630
13 5317 26469341425
13 5330 13202391027
13 5343 17560357895
13 5356 17517735667
13 5369 17475319842
13 5382 13074831694
13 5395 17391101434
13 5408 26023943852
13 5421 17307690875
13 5434 12949713687
13 5447 25837614899
13 5460 10310438707
13 5473 25714870885
13 5486 17102623448
13 5499 17062191714
13 5512 17021950696
13 5525 16981899047
13 5538 12706526575
13 5551 16902358536
13 5564 16862867044
13 5577 16823559662
13 5590 12588326328
13 5603 25118238150
13 5616 16706729386
13 5629 25002218574
13 5642 12472304887
13 5655 12443632922
13 5668 16553456640
13 5681 16515576878
13 5694 12358402560
13 5707 22265350159
13 5720 12302228003
13 5733 16365775725
13 5746 16328749084
13 5759 24437834408
13 5772 12191397120
13 5785 16218667629
13 5798 16182302903
13 5811 16146100883
13 5824 16110060480
13 5837 24111270919
13 5850 12028845158
13 5863 16002898215
13 5876 15967493573
13 5889 15932245243
13 5902 15897152191
13 5915 15862213395
13 5928 11870570880
13 5941 3318911833
13 5954 15758312434
13 5967 15723980599
13 5980 11767348524
13 5993 23483645646
13 6006 9373126097
13 6019 23382204412
13 6032 15554541153
13 6045 11640817895
13 6058 15487783465
13 6071 23181928571
13 6084 15421596357
13 6097 15388714488
13 6110 11516979407
13 6123 15323369628
13 6136 15290904862
13 6149 15258577368
13 6162 11419789707
13 6175 15194330726
13 6188 11371807397
13 6201 15130622840
13 6214 15098968818
13 6227 22601170444
13 6240 11277042336
13 6253 22507194683
13 6266 14973666172
13 6279 11206998594
13 6292 14911791518
13 6305 14881045557
13 6318 14850426121
13 6331 22229898650
13 6344 14789563719
13 6357 14759319212
13 6370 11046898615
13 6383 22048799680
13 6396 11001992523
13 6409 14639568144
13 6422 14609933390
13 6435 10935313780
13 6448 14551022369
13 6461 14521744658
13 6474 10869438396
13 6487 20633142290
13 6500 14434614190
13 6513 14405802585
13 6526 14377105767
13 6539 21522784578
13 6552 10740040320
13 6565 14291697218
13 6578 10697589567
13 6591 21352979571
13 6604 14207297431
13 6617 21269077884
13 6630 8490949523
13 6643 14123888640
13 6656 21144454380
13 6669 14068824746
13 6682 11715286415
13 6695 14014188534
13 6708 10490271940
13 6721 13959975038
13 6734 10449768960
13 6747 13906179374
13 6760 13879436721
13 6773 20779195092
13 6786 10369694102
13 6799 14096942535
13 6812 13773486822
13 6825 10310438707
13 6838 13721116150
13 6851 13695079878
13 6864 10251856669
13 6877 20464953956
13 6890 10213170417
13 6903 13591915433
13 6916 10174775040
13 6929 20311370812
13 6942 10136667268
13 6955 13490293635
13 6968 13465125177
13 6981 13440050456
13 6994 12051565181
13 7007 13390180139
13 7020 10024037632
13 7033 19642629285
13 7046 10725455234
13 7059 13291541611
13 7072 13267108630
13 7085 13242765312
13 7098 9913883372
13 7111 19791518542
13 7124 13170268421
13 7137 13146278861
13 7150 9841782402
13 7163 13098560971
13 7176 9806123770
13 7189 13051188237
13 7202 13027630135
13 7215 9753117696
13 7228 12980768156
13 7241 19436195050
13 7254 9700681579
13 7267 19366655890
13 7280 9666036288
13 7293 9648806276
13 7306 12842183443
13 7319 15460823879
13 7332 9597482839
13 7345 12773994858
13 7358 8702792834
13 7371 12728936675
13 7384 12706526575
13 7397 19026292869
13 7410 7597165363
13 7423 18959650863
13 7436 12617669746
13 7449 12595649380
13 7462 9430279305
13 7475 12551838426
13 7488 12530047040
13 7501 18762496781
13 7514 12486690476
13 7527 11227771161
13 7540 9332724691
13 7553 12422215310
13 7566 9300653473
13 7579 12379600506
13 7592 12358402560
13 7605 12337277085
13 7618 12316223711
13 7631 18442863105
13 7644 9205748845
13 7657 12253492522
13 7670 9174542917
13 7683 12212025541
13 7696 12191397120
13 7709 16869862619
13 7722 9112761483
13 7735 9097445918
13 7748 12109575662
13 7761 11148271794
13 7774 12069075409
13 7787 18073390055
13 7800 9021633868
13 7813 18013245662
13 7826 8991661663
13 7839 11969000157
13 7852 11949183932
13 7865 11929433215
13 7878 8932310761
13 7891 17835190515
13 7904 11870570880
13 7917 8888309230
13 7930 8873738231
13 7943 17718429857
13 7956 8844739087
13 7969 17660620951
13 7982 11754571816
13 7995 8801594018
13 8008 8787305716
13 8021 16717445332
13 8034 8758867833
13 8047 17489435610
13 8060 8730613421
13 8073 11622072616
13 8086 9090321199
13 8099 11584762592
13 8112 11566197267
13 8125 17321537028
13 8138 11529244560
13 8151 8633142458
13 8164 11492527221
13 8177 11474256113
13 8190 6873625804
13 8203 17156831446
13 8216 11419789707
13 8229 11401748965
13 8242 8965463352
13 8255 11365837945
13 8268 8510975348
13 8281 16995228638
13 8294 8484295174
13 8307 11294690289
13 8320 11277042336
13 8333 13478248190
13 8346 8431433522
13 8359 16836641746
13 8372 8405248946
13 8385 8392217552
13 8398 8379226503
13 8411 16269221502
13 8424 11137819591
13 8437 11120658081
13 8450 11103549377
13 8463 8314869925
13 8476 10493091132
13 8489 16578806497
13 8502 6224656376
13 8515 10877429970
13 8528 11001992523
13 8541 10985246720
13 8554 8226413862
13 8567 16427861370
13 8580 6561188268
13 8593 16378155284
13 8606 8609926240
13 8619 10885832722
13 8632 10869438396
13 8645 8139820032
13 8658 8127598080
13 8671 10820550368
13 8684 10804351938
13 8697 10368731317
13 8710 8079075106
13 8723 10756046341
13 8736 8055030240
13 8749 16086122798
13 8762 6891467846
13 8775 10692306807
13 8788 17916638023
13 8801 15991079236
13 8814 7983746786
13 8827 10629318255
13 8840 7960265178
13 8853 10598101461
13 8866 7936921292
13 8879 14699994870
13 8892 7913713920
13 8905 10536214737
13 8918 8940736228
13 8931 10505541623
13 8944 10490271940
13 8957 15712569873
13 8970 6275919213
13 8983 9515023403
13 8996 10429634530
13 9009 7810938414
13 9022 9231969509
13 9035 10384614525
13 9048 7777270576
13 9061 10354816492
13 9074 8363432016
13 9087 10325188977
13 9100 7732829030
13 9113 15443595781
13 9126 10281064238
13 9139 10266439680
13 9152 10251856669
13 9165 7677986271
13 9178 7996149469
13 9191 10208355155
13 9204 7645452431
13 9217 14514757073
13 9230 7623915945
13 9243 10150924184
13 9256 10136667268
13 9269 10122450345
13 9282 6064963945
13 9295 10094135797
13 9308 9693710442
13 9321 9928859032
13 9334 8864108458
13 9347 12494345197
13 9360 7518028224
13 9373 10010134667
13 9386 5835814577
13 9399 9982444115
13 9412 9003906150
13 9425 9954906338
13 9438 7455895759
13 9451 12890581006
13 9464 9913883372
13 9477 14850426121
13 9490 7415041536
13 9503 9873197121
13 9516 7394781859
13 9529 8384701851
13 9542 7043210214
13 9555 7364599076
13 9568 9806123770
13 9581 9792818310
13 9594 7334661682
13 9607 13481864693
13 9620 7314838272
13 9633 9739955593
13 9646 7295121726
13 9659 8633024311
13 9672 7275511184
13 9685 9687660530
13 9698 9674674390
13 9711 9661723018
13 9724 7236604707
13 9737 9635924025
13 9750 7217307095
13 9763 14415393665
13 9776 9597482839
13 9789 8416098289
13 9802 9572025325
13 9815 9559347145
13 9828 7160026880
13 9841 14301136912
13 9854 8168743813
13 9867 7131726378
13 9880 7122342528
13 9893 3710958256
13 9906 5663160735
13 9919 9459118080
13 9932 7057941134
13 9945 7075791269
13 9958 8667490997
13 9971 14114681412
13 9984 9397535280
13 9997 12849927198
13 10010 5623875658
13 10023 8867473246
13 10036 7129065871
13 10049 14005123729
13 10062 6993514627
13 10075 9312654316
13 10088 9300653473
13 10101 6966512640
13 10114 7493554605
13 10127 9264835810
13 10140 6939718360
13 10153 9241110237
13 10166 6921969720
13 10179 9217505868
13 10192 9205748845
13 10205 9194021777
13 10218 6318480396
13 10231 13755985569
13 10244 6562818268
13 10257 9147410766
13 10270 6851873824
13 10283 9124282041
13 10296 6834571112
13 10309 13651904972
13 10322 4897813493
13 10335 6808780278
13 10348 9066968712
13 10361 13583388510
13 10374 5426546688
13 10387 9032925025
13 10400 9021633868
13 10413 9010370905
13 10426 5694279520
13 10439 8987929134
13 10452 6732562588
13 10465 6724199156
13 10478 8954475304
13 10491 8366981023
13 10504 8932310761
13 10517 10848440146
13 10530 6682691754
13 10543 13348903382
13 10556 6666231922
13 10569 7567587323
13 10582 6649852974
13 10595 8187134323
13 10608 6633554315
13 10621 8833913213
13 10634 7638483452
13 10647 8812340775
13 10660 6601195513
13 10673 12272003893
13 10686 6024308266
13 10699 6955956536
13 10712 8758867833
13 10725 6561188268
13 10738 6553244941
13 10751 12323610095
13 10764 6537415847
13 10777 10735661537
13 10790 6338150496
13 10803 7923283322
13 10816 13011971926
13 10829 8664234207
13 10842 5217893503
13 10855 3776752545
13 10868 6474856843
13 10881 8622828070
13 10894 7524849863
13 10907 7135883144
13 10920 5155219353
13 10933 9448271972
13 10946 5947117429
13 10959 4347807262
13 10972 7426001683
13 10985 23969159452
13 10998 6398321892
13 11011 7021905016
13 11024 8510975348
13 11037 7019167682
13 11050 6368212142
13 11063 8480971911
13 11076 6353263287
13 11089 12691630296
13 11102 6338384451
13 11115 6330971136
13 11128 8431433522
13 11141 -427890938
13 11154 6308834873
13 11167 10375922432
13 11180 6294163164
13 11193 6286852870
13 11206 6080511327
13 11219 5271344387
13 11232 8353364693
13 11245 6544224616
13 11258 7847406945
13 11271 8324460317
13 11284 6236152443
13 11297 8305301605
13 11310 4977453169
13 11323 12429346318
13 11336 7885946900
13 11349 8267247531
13 11362 6193341328
13 11375 8248350965
13 11388 6179201280
13 11401 12344310881
13 11414 7510138777
13 11427 8210815807
13 11440 6151114001
13 11453 11232279451
13 11466 6137165897
13 11479 12260431079
13 11492 8164374542
13 11505 6116361945
13 11518 7495210045
13 11531 4852667440
13 11544 6095698560
13 11557 8118455675
13 11570 6082000361
13 11583 8100232430
13 11596 6474125910
13 11609 8082090812
13 11622 5553429378
13 11635 7055114085
13 11648 8055030240
13 11661 8046050273
13 11674 8037090306
13 11687 8028150274
13 11700 6014422579
13 11713 8010329740
13 11726 6001086830
13 11739 5994441108
13 11752 7421566852
13 11765 5014431614
13 11778 5974591966
13 11791 6151735162
13 11804 7110524493
13 11817 7939831787
13 11830 5948330023
13 11843 11883601145
13 11856 5935285440
13 11869 7905046106
13 11882 6089308481
13 11895 5915825487
13 11908 7725150808
13 11921 7084780116
13 11934 5896492724
13 11947 10692464603
13 11960 5883674262
13 11973 7836381210
13 11986 3711092930
13 11999 11729101455
13 12012 4686563048
13 12025 7802494156
13 12038 6781282291
13 12051 7785660296
13 12064 7777270576
13 12077 4892482347
13 12090 4656327158
13 12103 7752209554
13 12116 6843367120
13 12129 5713611675
13 12142 7727309523
13 12155 5789283766
13 12168 7710798178
13 12181 3152441636
13 12194 5379986513
13 12207 5445548068
13 12220 5758489703
13 12233 10448755706
13 12246 5746263610
13 12259 7653560016
13 12272 7645452431
13 12285 5728021504
13 12298 5721966513
13 12311 10264240183
13 12324 3808446427
13 12337 11407756209
13 12350 5697874022
13 12363 5445106528
13 12376 5685903698
13 12389 10600098362
13 12402 5673983565
13 12415 6998363679
13 12428 5358740518
13 12441 5656196783
13 12454 6687804752
13 12467 7306484937
13 12480 5638521168
13 12493 11265307641
13 12506 9457438289
13 12519 7110550719
13 12532 7486833086
13 12545 6529445710
13 12558 4482799437
13 12571 7649796478
13 12584 7455895759
13 12597 5586151002
13 12610 5434290990
13 12623 2779330132
13 12636 7425213060
13 12649 7417581803
13 12662 4690114562
13 12675 7402366251
13 12688 7394781859
13 12701 9012686442
13 12714 5389642850
13 12727 7372121649
13 12740 5523449307
13 12753 7357091840
13 12766 4880709704
13 12779 871206366
13 12792 5500996261
13 12805 6719947635
13 12818 5489838054
13 12831 5484275908
13 12844 7304966695
13 12857 7297580481
13 12870 4374125512
13 12883 10164502761
13 12896 7275511184
13 12909 6316794216
13 12922 5192572786
13 12935 6436537808
13 12948 5434719198
13 12961 10858536251
13 12974 4984175257
13 12987 7224531626
13 13000 7217307095
13 13013 7210096998
13 13026 3054955797
13 13039 7195719936
13 13052 5609132563
13 13065 5386050071
13 13078 7174261525
13 13091 7167137135
13 13104 5370020160
13 13117 10729396078
13 13130 4721576103
13 13143 -39492920
13 13156 5348794783
13 13169 8222296163
13 13182 10921466547
13 13195 5332985538
13 13208 5834338669
13 13221 7096663810
13 13234 7089692627
13 13247 10624102692
13 13260 4245474761
13 13273 763671985
13 13286 5296458240
13 13299 5291280861
13 13312 10572227190
13 13325 7041275214
13 13338 5275809280
13 13351 10541344345
13 13364 5608941194
13 13377 6867617888
13 13390 4548903294
13 13403 -423389097
13 13416 5245135970
13 13429 8624553360
13 13442 5234990639
13 13455 5229932677
13 13468 5224884480
13 13481 6959794692
13 13494 3035066240
13 13507 10419596384
13 13520 6939718360
13 13533 5683513469
13 13546 3600958636
13 13559 5942237490
13 13572 5184847051
13 13585 5179885474
13 13598 -94474107
13 13611 4388045813
13 13624 5290901034
13 13637 -233519612
13 13650 4124175482
13 13663 -882710581
13 13676 4914499374
13 13689 10281064238
13 13702 5135654953
13 13715 6634700778
13 13728 5125928334
13 13741 6828105104
13 13754 5765666702
13 13767 4047552876
13 13780 5106585208
13 13793 8125212331
13 13806 4913372731
13 13819 7767199863
13 13832 5087387520
13 13845 4619280907
13 13858 6770456937
13 13871 6764111616
13 13884 4911077600
13 13897 8425981861
13 13910 4231045804
13 13923 5054136621
13 13936 6562518064
13 13949 6726288066
13 13962 3296522393
13 13975 6713774041
13 13988 5345263970
13 14001 5513455211
13 14014 5021317552
13 14027 9295375852
13 14040 5012018816
13 14053 6676509801
13 14066 149865775
13 14079 5370853872
13 14092 -23586026
13 14105 4988921955
13 14118 4325199398
13 14131 6685554736
13 14144 6633554315
13 14157 6627462897
13 14170 3716498497
13 14183 6674313052
13 14196 4956941686
13 14209 -166758255
13 14222 1749371648
13 14235 4943361024
13 14248 6585134210
13 14261 9868697031
13 14274 4929854573
13 14287 6154828546
13 14300 4920891201
13 14313 3030723095
13 14326 4911960364
13 14339 -136607763
13 14352 4903061885
13 14365 6531499633
13 14378 4063115082
13 14391 6519699272
13 14404 5236637627
13 14417 203737611
13 14430 3901247078
13 14443 5272211594
13 14456 4970720669
13 14469 4863414484
13 14482 3075737894
13 14495 5209380191
13 14508 4850340789
13 14521 -313213374
13 14534 6455551963
13 14547 3201029088
13 14560 4833018144
13 14573 6438275732
13 14586 3859522510
13 14599 3183171324
13 14612 3747934003
13 14625 4797454359
13 14638 4356708983
13 14651 6403999197
13 14664 4460843499
13 14677 6764714626
13 14690 3668530635
13 14703 9336309450
13 14716 3701227704
13 14729 5774747248
13 14742 4773351253
13 14755 5454802978
13 14768 6353263287
13 14781 5390256857
13 14794 6342097623
13 14807 3686062425
13 14820 3798582681
13 14833 6325422519
13 14846 173090488
13 14859 5261618636
13 14872 6308834873
13 14885 4846883081
13 14898 2930889786
13 14911 6292333998
13 14924 4715139652
13 14937 3148796126
13 14950 4706939409
13 14963 7260571482
13 14976 6265023520
13 14989 8333400157
13 15002 3734680390
13 15015 3749250439
13 15028 6243345238
13 15041 9356923632
13 15054 2351323006
13 15067 6227184724
13 15080 4666362345
13 15093 6216457446
13 15106 4165507762
13 15119 7081592070
13 15132 3959440880
13 15145 6195113386
13 15158 4366971117
13 15171 2769960909
13 15184 6179201280
13 15197 5938395943
13 15210 4626478907
13 15223 -499311829
13 15236 3152156736
13 15249 4614646480
13 15262 3161330402
13 15275 6142389017
13 15288 4602874422
13 15301 5294262641
13 15314 4595059695
13 15327 5943026256
13 15340 4587271458
13 15353 1692886516
13 15366 3087944552
13 15379 9151276959
13 15392 6095698560
13 15405 4567915883
13 15418 6085419135
13 15431 -319341805
13 15444 4556380741
13 15457 6070064840
13 15470 3638978367
13 15483 3664837127
13 15496 6054787831
13 15509 9074568854
13 15522 3051119015
13 15535 6039587527
13 15548 6034537704
13 15561 4522122240
13 15574 74217876
13 15587 5747624572
13 15600 4510816934
13 15613 136867253
13 15626 2336943859
13 15639 1329403381
13 15652 4011589955
13 15665 4143002492
13 15678 4045638463
13 15691 5979541918
13 15704 5974591966
13 15717 5969650202
13 15730 3989296579
13 15743 4673867698
13 15756 3305122808
13 15769 -831266241
13 15782 3150695878
13 15795 2557808670
13 15808 5935285440
13 15821 8895612689
13 15834 3555323692
13 15847 5920678504
13 15860 3526145451
13 15873 4433235316
13 15886 5906143285
13 15899 -142924680
13 15912 4422369543
13 15925 5891679261
13 15938 1730330881
13 15951 3043639115
13 15964 5041096775
13 15977 3573119223
13 15990 3520637607
13 16003 -104675731
13 16016 4393652858
13 16029 5584850871
13 16042 -153137661
13 16055 5843973356
13 16068 2901954299
13 16081 8751787100
13 16094 4773827254
13 16107 4368829960
13 16120 4365306710
13 16133 5815718853
13 16146 4358277231
13 16159 772853110
13 16172 879944949
13 16185 3289694272
13 16198 4344285972
13 16211 5787736243
13 16224 5783098633
13 16237 8667702676
13 16250 3613583517
13 16263 5385173435
13 16276 3172365669
13 16289 2214029667
13 16302 3453256983
13 16315 3916530940
13 16328 5746263610
13 16341 5741692199
13 16354 4302846042
13 16367 8598856746
13 16380 3436812902
13 16393 8585218591
13 16406 3413420704
13 16419 4546807315
13 16432 5709894853
13 16445 4279035827
13 16458 2547916013
13 16471 2994475847
13 16484 2410635325
13 16497 5324149580
13 16510 2360740803
13 16523 5678447755
13 16536 4255487674
13 16549 5379669501
13 16562 5665076212
13 16575 4245474761
13 16588 4242147587
13 16601 -1017818563
13 16614 3668869163
13 16627 -63863704
13 16640 5638521168
13 16653 3101722065
13 16666 1336500109
13 16679 -244421757
13 16692 3746107922
13 16705 2754895798
13 16718 2311295538
13 16731 5607853220
13 16744 4202624473
13 16757 -159986223
13 16770 2189278583
13 16783 -152661513
13 16796 4189613251
13 16809 -200845726
13 16822 4100037458
13 16835 4179907584
13 16848 5568909795
13 16861 139476408
13 16874 3870908023
13 16887 1237542485
13 16900 8482405030
13 16913 6731404337
13 16926 3325947970
13 16939 140826163
13 16952 5534744704
13 16965 4147877640
13 16978 5526268832
13 16991 8283060936
13 17004 4138364160
13 17017 4135202690
13 17030 1784825874
13 17043 4128894219
13 17056 5500996261
13 17069 3390438325
13 17082 1772247348
13 17095 1345176510
13 17108 3752046381
13 17121 -21181441
13 17134 1990577513
13 17147 8207703292
13 17160 3280594134
13 17173 -570915442
13 17186 4403400478
13 17199 5455258575
13 17212 2658077549
13 17225 5447024222
13 17238 6196558156
13 17251 8158222037
13 17264 5189822158
13 17277 3052625639
13 17290 3255928012
13 17303 8133704464
13 17316 4063799040
13 17329 5414333906
13 17342 4057706387
13 17355 3077146876
13 17368 3854373784
13 17381 3906239129
13 17394 2612707564
13 17407 8085108770
13 17420 3633931506
13 17433 5382033627
13 17446 3005633111
13 17459 4669228392
13 17472 4027515120
13 17485 3900712409
13 17498 3896725761
13 17511 -269194695
13 17524 1954126068
13 17537 4907379857
13 17550 4009615052
13 17563 3921215611
13 17576 16415297576
13 17589 3434084858
13 17602 -102788465
13 17615 3485815016
13 17628 2761271902
13 17641 5318575605
13 17654 3409596068
13 17667 5310748414
13 17680 3980132589
13 17693 4074164384
13 17706 2155428822
13 17719 3551167943
13 17732 3968460646
13 17745 3965553348
13 17758 1320803840
13 17771 306286335
13 17784 3956856960
13 17797 7907933267
13 17810 2207013300
13 17823 2576683520
13 17836 4526973122
13 17849 -111723537
13 17862 1548264551
13 17875 5248950614
13 17888 5245135970
13 17901 5241326866
13 17914 5237523291
13 17927 2830233062
13 17940 3137959606
13 17953 7839218423
13 17966 968521486
13 17979 2983629754
13 17992 2023207171
13 18005 3320616842
13 18018 3124375365
13 18031 4627139643
13 18044 5199788973
13 18057 3366118613
13 18070 2773200240
13 18083 6793866229
13 18096 3888635288
13 18109 3785294072
13 18122 3883056184
13 18135 3880272631
13 18148 1966938788
13 18161 2192121532
13 18174 2815961250
13 18187 45729571
13 18200 3866414515
13 18213 3164794250
13 18226 3887806404
13 18239 5144196077
13 18252 5140532119
13 18265 1479891527
13 18278 3849914880
13 18291 3847178622
13 18304 5125928334
13 18317 -1072236357
13 18330 2401523169
13 18343 4059045218
13 18356 2666014444
13 18369 3858251381
13 18382 2878542652
13 18395 2075254390
13 18408 3329903236
13 18421 7046909098
13 18434 2328557821
13 18447 3024164981
13 18460 2386110801
13 18473 5079033845
13 18486 2750611953
13 18499 94870251
13 18512 3560578991
13 18525 3798582681
13 18538 3795918878
13 18551 3683816157
13 18564 3032481972
13 18577 3794541037
13 18590 6323057111
13 18603 5043540946
13 18616 2476720051
13 18629 7554752716
13 18642 1968555696
13 18655 3772111722
13 18668 1109079207
13 18681 4121957708
13 18694 -117169937
13 18707 -102233443
13 18720 3759014112
13 18733 3411283790
13 18746 1406580328
13 18759 5001598818
13 18772 3516131811
13 18785 4017156159
13 18798 3590871902
13 18811 -1274012825
13 18824 1692962980
13 18837 3735666198
13 18850 3733089876
13 18863 -486021026
13 18876 2664970462
13 18889 83310104
13 18902 2963060929
13 18915 3015471094
13 18928 4956941686
13 18941 4953539531
13 18954 4448783587
13 18967 7420123813
13 18980 2947744374
13 18993 926498068
13 19006 3702448920
13 19019 3699918196
13 19032 3196032476
13 19045 2380721543
13 19058 3663070131
13 19071 4182244822
13 19084 1583800688
13 19097 7725473574
13 19110 2945839630
13 19123 7359592551
13 19136 4903061885
13 19149 170561127
13 19162 3112175454
13 19175 4893089556
13 19188 3667330841
13 19201 4680115241
13 19214 2058890366
13 19227 3659892036
13 19240 3657419136
13 19253 -1445772722
13 19266 6395402154
13 19279 -52115730
13 19292 3439983340
13 19305 3645104593
13 19318 2847553950
13 19331 -1475267944
13 19344 3637755592
13 19357 4555771346
13 19370 2732348086
13 19383 2623722521
13 19396 4046857834
13 19409 -1114734917
13 19422 2805208663
13 19435 4827630163
13 19448 3618302353
13 19461 -255613908
13 19474 1780661262
13 19487 -171140044
13 19500 2818174186
13 19513 4048556115
13 19526 -265212234
13 19539 3570577810
13 19552 4614525091
13 19565 3596664665
13 19578 139726108
13 19591 4212790240
13 19604 4786012662
13 19617 -244613537
13 19630 3584755179
13 19643 7164765482
13 19656 3580013440
13 19669 3762528047
13 19682 4062255342
13 19695 1870043383
13 19708 1329895305
13 19721 4757618389
13 19734 2852690551
13 19747 4751354243
13 19760 3561171264
13 19773 14583870783
13 19786 79069705
13 19799 -1419417788
13 19812 2901089600
13 19825 4348649678
13 19838 1289642335
13 19851 1405142362
13 19864 3466891090
13 19877 3446454252
13 19890 6259043195
13 19903 -207022666
13 19916 -212277829
13 19929 1807504611
13 19942 4704893803
13 19955 602142181
13 19968 -257753104
13 19981 4486682127
13 19994 3018636016
13 20007 4689608248
13 20020 2811937829
13 20033 3928940874
13 20046 594613895
13 20059 7016176697
13 20072 1014099568
13 20085 2593684579
13 20098 -98555276
13 20111 4665356881
13 20124 2805871457
13 20137 -1549251343
13 20150 3492245368
13 20163 2988635306
13 20176 4118448326
13 20189 6970998482
13 20202 3352553127
13 20215 335079029
13 20228 1799064574
13 20241 3703560284
13 20254 3474313428
13 20267 3061707649
13 20280 7250035748
13 20293 488849518
13 20306 1901207851
13 20319 264448344
13 20332 3460984860
13 20345 4611697824
13 20358 801202058
13 20371 6908717704
13 20384 4602874422
13 20397 139341511
13 20410 2756872310
13 20423 -387065176
13 20436 1096151533
13 20449 6882365316
13 20462 -770359247
13 20475 3436812902
13 20488 3262488841
13 20501 3888083488
13 20514 69933626
13 20527 295591436
13 20540 2511630643
13 20553 3423769969
13 20566 1520157339
13 20579 6838888593
13 20592 3417285556
13 20605 2241813317
13 20618 3790858596
13 20631 -372099115
13 20644 227622706
13 20657 2541296079
13 20670 1996825535
13 20683 4536333812
13 20696 1257418725
13 20709 4530638477
13 20722 2963587683
13 20735 3393718069
13 20748 2713273344
13 20761 5655068338
13 20774 2846021471
13 20787 5365548334
13 20800 2163596762
13 20813 -516193104
13 20826 1913573918
13 20839 2182672244
13 20852 -133716858
13 20865 2419497533
13 20878 2679587569
13 20891 -553604591
13 20904 1888801677
13 20917 3922479048
13 20930 2689679662
13 20943 1711661170
13 20956 4477237652
13 20969 6711692897
13 20982 111883813
13 20995 3351690601
13 21008 4312149971
13 21021 3347545034
13 21034 -1016698552
13 21047 6686819421
13 21060 2614659301
13 21073 -391081881
13 21086 2984319289
13 21099 155979318
13 21112 3333115961
13 21125 6662129626
13 21138 884722512
13 21151 6653940161
13 21164 3324926487
13 21177 1580130020
13 21190 2172605925
13 21203 4425080990
13 21216 3316777157
13 21229 2054651822
13 21242 2690439234
13 21255 2061152833
13 21268 1066124676
13 21281 6613293001
13 21294 9008973068
13 21307 3613002698
13 21320 3300597756
13 21333 -68468368
13 21346 -50809298
13 21359 4025746667
13 21372 1398279976
13 21385 2599679688
13 21398 -238036747
13 21411 3786754504
13 21424 3291745480
13 21437 3104893891
13 21450 2624475307
13 21463 4616591376
13 21476 2299102439
13 21489 3274640242
13 21502 146765082
13 21515 126802008
13 21528 3268707923
13 21541 6533470515
13 21554 139225016
13 21567 1797481888
13 21580 2557853306
13 21593 4345157793
13 21606 346369985
13 21619 -732493374
13 21632 6505985963
13 21645 1785724061
13 21658 3249087827
13 21671 -783914726
13 21684 1193657453
13 21697 6486495292
13 21710 1603862384
13 21723 274161068
13 21736 3237428421
13 21749 164663771
13 21762 3233560526
13 21775 3608986656
13 21788 552069925
13 21801 6132313846
13 21814 181521321
13 21827 3798703197
13 21840 2577609676
13 21853 488527701
13 21866 2959103130
13 21879 3216268758
13 21892 1200223752
13 21905 2748645064
13 21918 1104027837
13 21931 1476217297
13 21944 3375131250
13 21957 171227401
13 21970 4270595914
13 21983 3933239750
13 21996 2508275090
13 22009 -722504889
13 22022 1730068725
13 22035 1234340421
13 22048 3095300699
13 22061 6379470031
13 22074 128294542
13 22087 6371960355
13 22100 3184106071
13 22113 3013920515
13 22126 3180364466
13 22139 3392610596
13 22152 1612423156
13 22165 3174768516
13 22178 1406276089
13 22191 4228065082
13 22204 1919653730
13 22230 2532388454
13 22243 4062357520
13 22256 3226721277
13 22269 122334178
13 22282 438631921
13 22295 3040733892
13 22308 6934594004
13 22321 2873738213
13 22334 2231207354
13 22347 1968368675
13 22360 1245633156
13 22386 1823855292
13 22412 861925216
13 22425 3137959606
13 22438 85755349
13 22451 3995312987
13 22464 4176682346
13 22477 4174266683
13 22490 1415587179
13 22503 -491162223
13 22516 551368287
13 22529 -1031244395
13 22542 1488123412
13 22555 -119068584
13 22568 3118076221
13 22581 2857160838
13 22594 1550279615
13 22607 3417569095
13 22620 2488726584
13 22633 6218242759
13 22646 4336017683
13 22659 1326202556
13 22672 3866549954
13 22685 196617327
13 22698 2260501961
13 22711 191100542
13 22724 3096670664
13 22737 2518501849
13 22750 911656119
13 22763 2724767964
13 22776 2033616024
17 17 16557351571215
17 34 4139337892803
17 51 2759558595202
17 68 2069668946401
17 85 1655735157121
17 102 919852865067
17 119 1182667969372
17 136 1034834473200
17 153 919852865067
17 170 551911719040
17 187 752606889600
17 204 459926432533
17 221 636821214277
17 238 394222656457
17 255 367941146027
17 272 517417236600
17 289 973961857130
17 306 306617621689
17 323 435719778190
17 340 275955859520
17 357 262815104305
17 374 250868963200
17 391 359942425461
17 408 229963216266
17 425 331147031424
17 442 212273738092
17 459 306617621689
17 476 197111328228
17 493 285471578814
17 510 137977929760
17 527 267054057600
17 544 258708618300
17 561 167245975466
17 578 243490464282
17 595 157689062583
17 612 153308810844
17 629 223747994206
17 646 145239926063
17 663 141515825395
17 680 137977929760
17 697 201918921600
17 714 98555664114
17 731 192527343851
17 748 125434481600
17 765 122647048675
17 782 119980808487
17 799 176142037992
17 816 114981608133
17 833 168952567053
17 850 110382343808
17 867 162326976188
17 884 106136869046
17 901 156201429917
17 918 102205873896
17 935 100347585280
17 952 98555664114
17 969 96826617375
17 986 95157192938
17 1003 140316538739
17 1020 68988964880
17 1037 135715996485
17 1054 89018019200
17 1071 87605034768
17 1088 129354309150
17 1105 84909495237
17 1122 62717240800
17 1139 123562325158
17 1156 121745232141
17 1173 79987205658
17 1190 59133398468
17 1207 116601067403
17 1224 76654405422
17 1241 113406517611
17 1258 74582664735
17 1275 73588229205
17 1292 72619963031
17 1309 71676846628
17 1326 53068434523
17 1343 104793364375
17 1360 68988964880
17 1377 102205873896
17 1394 67306307200
17 1411 99743081754
17 1428 49277832057
17 1445 97396185713
17 1462 64175781283
17 1479 63438128625
17 1496 62717240800
17 1513 93018829052
17 1530 45992643253
17 1547 60649639455
17 1564 59990404243
17 1581 59345346133
17 1598 58714012663
17 1615 58095970425
17 1632 57490804066
17 1649 85347173048
17 1666 56317522351
17 1683 55748658488
17 1700 55191171904
17 1717 81967086986
17 1734 54108992062
17 1751 80375493064
17 1768 53068434523
17 1785 39422265645
17 1802 52067143305
17 1819 77370801735
17 1836 51102936948
17 1853 75951153996
17 1870 37630344480
17 1887 49721776490
17 1904 49277832057
17 1921 73262617572
17 1938 36309981515
17 1955 47992323394
17 1972 47578596469
17 1989 47171941798
17 2006 46772179579
17 2023 69568704080
17 2040 34494482440
17 2057 68418808145
17 2074 45238665495
17 2091 44870871466
17 2108 44509009600
17 2125 66229406284
17 2142 32851888038
17 2159 65186423509
17 2176 64677154575
17 2193 42783854189
17 2210 31841060713
17 2227 63195998363
17 2244 31358620400
17 2261 41497121732
17 2278 41187441719
17 2295 40882349558
17 2312 60872616070
17 2329 60428290406
17 2346 29995202121
17 2363 59558818601
17 2380 29566699234
17 2397 39142675109
17 2414 38867022467
17 2431 38595225107
17 2448 38327202711
17 2465 38062877175
17 2482 37802172537
17 2499 37545014900
17 2516 37291332367
17 2533 55561582454
17 2550 27595585952
17 2567 54825667454
17 2584 36309981515
17 2601 54108992062
17 2618 26878817485
17 2635 35607207680
17 2652 26534217261
17 2669 52730419017
17 2686 34931121458
17 2703 34711428870
17 2720 34494482440
17 2737 34280230996
17 2754 34068624632
17 2771 50789421998
17 2788 33653153600
17 2805 25086896320
17 2822 33247693918
17 2839 49572908896
17 2856 24638916028
17 2873 48986247252
17 2890 32465395237
17 2907 32275539125
17 2924 32087890641
17 2941 47853617258
17 2958 23789298234
17 2975 31537812516
17 2992 31358620400
17 3009 31181453053
17 3026 31006276350
17 3043 46249585394
17 3060 22996321626
17 3077 45738540252
17 3094 22743614795
17 3111 30159110330
17 3128 29995202121
17 3145 29833065894
17 3162 22254504800
17 3179 44270993505
17 3196 29357006331
17 3213 29201678256
17 3230 21785988909
17 3247 43343852281
17 3264 28745402033
17 3281 42894693190
17 3298 28449057682
17 3315 21227373809
17 3332 28158761175
17 3349 42023734952
17 3366 20905746933
17 3383 41601385857
17 3400 27595585952
17 3417 27458294479
17 3434 27322362328
17 3451 27187769410
17 3468 27054496031
17 3485 26922522880
17 3502 26791831021
17 3519 26662401886
17 3536 26534217261
17 3553 26407259284
17 3570 15768906258
17 3587 39235430264
17 3604 26033571652
17 3621 25911348311
17 3638 25790267244
17 3655 25670312513
17 3672 25551468474
17 3689 25433719771
17 3706 25317051332
17 3723 25201448358
17 3740 18815172240
17 3757 37460071428
17 3774 18645666183
17 3791 37124106662
17 3808 24638916028
17 3825 24529409735
17 3842 24420872523
17 3859 36469937382
17 3876 18154990757
17 3893 36151422645
17 3910 17997121273
17 3927 17919211657
17 3944 23789298234
17 3961 35530797363
17 3978 17689478174
17 3995 23485605065
17 4012 23386089789
17 4029 23287414305
17 4046 23189568026
17 4063 34638810818
17 4080 17247241220
17 4097 34351351808
17 4114 22806269381
17 4131 34068624632
17 4148 22619332747
17 4165 22527008940
17 4182 16826576800
17 4199 22344604009
17 4216 22254504800
17 4233 22165129278
17 4250 22076468761
17 4267 32982772054
17 4284 16425944019
17 4301 21814692452
17 4318 21728807836
17 4335 21643596825
17 4352 32338577287
17 4369 32212746248
17 4386 16043945320
17 4403 21309332781
17 4420 15920530356
17 4437 21146042875
17 4454 21065332787
17 4471 31477854698
17 4488 15679310200
17 4505 20826857322
17 4522 15561420649
17 4539 20670850900
17 4556 20593720859
17 4573 30775746415
17 4590 15330881084
17 4607 30548619135
17 4624 30436308035
17 4641 15162409863
17 4658 20142763468
17 4675 20069517056
17 4692 14997601060
17 4709 29886916194
17 4726 19852939533
17 4743 19781782044
17 4760 14783349617
17 4777 29461479664
17 4794 14678503165
17 4811 29253271327
17 4828 19433511233
17 4845 14523992606
17 4862 14473209415
17 4879 19230373485
17 4896 19163601355
17 4930 14273578940
17 4947 18966038455
17 4964 18901086268
17 4981 28254866162
17 4998 14079380587
17 5015 18708871831
17 5032 18645666183
17 5049 18582886162
17 5066 18520527484
17 5083 18458585921
17 5100 13797792976
17 5117 18335937509
17 5134 18275222484
17 5151 18214908219
17 5168 18154990757
17 5185 18095466198
17 5202 18036330687
17 5219 26966370637
17 5236 13439408742
17 5253 17861220680
17 5270 13352702880
17 5287 26619536288
17 5304 13267108630
17 5321 26449443404
17 5338 17576806338
17 5355 13140755215
17 5372 17465560729
17 5389 26115696485
17 5406 13016785826
17 5423 17301307806
17 5440 17247241220
17 5457 17193511496
17 5474 12855086623
17 5491 25630575188
17 5508 17034312316
17 5525 16981899047
17 5542 16929807332
17 5559 16878034221
17 5576 16826576800
17 5593 16775432189
17 5610 10034758528
17 5627 25011105092
17 5644 16623846959
17 5661 16573925496
17 5678 16524302965
17 5695 16474976687
17 5712 12319458014
17 5729 24565803518
17 5746 16328749084
17 5763 16280581682
17 5780 16232697618
17 5797 16185094400
17 5814 12103327171
17 5831 24136081007
17 5848 16043945320
17 5865 11998080848
17 5882 15951205752
17 5899 23857855290
17 5916 11894649117
17 5933 23721134056
17 5950 11826679693
17 5967 15723980599
17 5984 15679310200
17 6001 23452339336
17 6018 11693044894
17 6035 15546808987
17 6052 15503138175
17 6069 15459712017
17 6086 15416528464
17 6103 23060378233
17 6120 11498160813
17 6137 22932619905
17 6154 15246180083
17 6171 15204179587
17 6188 11371807397
17 6205 15120869014
17 6222 11309666373
17 6239 22557699688
17 6256 14997601060
17 6273 14956957155
17 6290 11187399710
17 6307 14876326658
17 6324 11127252400
17 6341 22194841248
17 6358 14756997835
17 6375 14717645841
17 6392 14678503165
17 6409 14639568144
17 6426 10950629346
17 6443 21843471730
17 6460 10892994454
17 6477 14485871890
17 6494 14447950760
17 6511 21615341477
17 6528 14372701016
17 6545 10751526994
17 6562 14298231063
17 6579 14261284729
17 6596 14224528841
17 6613 21281942894
17 6630 8490949523
17 6647 21173083851
17 6664 14079380587
17 6681 14043555191
17 6698 14007911650
17 6715 13972448583
17 6732 10452873466
17 6749 20853087621
17 6766 13867128619
17 6783 10374280433
17 6800 13797792976
17 6817 19834611794
17 6834 10296860429
17 6851 13695079876
17 6868 13661181164
17 6885 13627449852
17 6902 10195413529
17 6919 13560484497
17 6936 14660527405
17 6953 20241261090
17 6970 10095946080
17 6987 13428508979
17 7004 13395915510
17 7021 13363479879
17 7038 9998400707
17 7055 13299077567
17 7072 13267108630
17 7089 13235293022
17 7106 9902722231
17 7123 19758176099
17 7140 7884453129
17 7157 17477664308
17 7174 13078476754
17 7191 13047558369
17 7208 13016785826
17 7225 19479237142
17 7242 9716755616
17 7259 12925332998
17 7276 12895133622
17 7293 9648806276
17 7310 9626367192
17 7327 19208064468
17 7344 12775734237
17 7361 19119343616
17 7378 9537644914
17 7395 9515719293
17 7412 12658525666
17 7429 12629558788
17 7446 9450543134
17 7463 18414934429
17 7480 9407586120
17 7497 12515004966
17 7514 12486690476
17 7531 18687755724
17 7548 9322833091
17 7565 12402510540
17 7582 12374702220
17 7599 12347018323
17 7616 12319458014
17 7633 18438030703
17 7650 9198528650
17 7667 12237510400
17 7684 12210436261
17 7701 12183481656
17 7718 12156645793
17 7735 9097445918
17 7752 9077495378
17 7769 18115264301
17 7786 12050474214
17 7803 18036330687
17 7820 8998560636
17 7837 17763072361
17 7854 7167684662
17 7871 17880509256
17 7888 11894649117
17 7905 8901801920
17 7922 11843599121
17 7939 17727357143
17 7956 8844739087
17 7973 11767840491
17 7990 8807101899
17 8007 11717870892
17 8024 11693044894
17 8041 11668323869
17 8058 8732780364
17 8075 11619194085
17 8092 11594784013
17 8109 11570476290
17 8126 10115302775
17 8143 16983683672
17 8160 8623620610
17 8177 11474256113
17 8194 11450450602
17 8211 8570057749
17 8228 11403134690
17 8245 11379623073
17 8262 11356208210
17 8279 5153337783
17 8296 11309666373
17 8313 11286538221
17 8330 8447628352
17 8347 12607878
17 8364 8413288400
17 8381 16792445813
17 8398 8379226503
17 8415 8362298773
17 8432 11127252400
17 8449 11104863562
17 8466 8311923479
17 8483 6070796330
17 8500 11038234380
17 8517 10594440154
17 8534 10781229187
17 8551 16458599971
17 8568 8212972009
17 8585 10928944931
17 8602 8180509669
17 8619 10885832722
17 8636 10864403918
17 8653 16264588970
17 8670 8116348809
17 8687 10800620724
17 8704 16169288643
17 8721 10758513041
17 8738 10155030279
17 8755 10716732408
17 8772 8021972660
17 8789 10675275029
17 8806 7990999793
17 8823 9482528601
17 8840 7960265178
17 8857 13735667432
17 8874 7929766078
17 8891 14299459124
17 8908 10345502693
17 8925 7884453129
17 8942 10048163938
17 8959 15709062212
17 8976 7839655100
17 8993 15649670672
17 9010 7810071495
17 9027 10393817684
17 9044 7780710324
17 9061 10354816492
17 9078 7751569087
17 9095 10316106897
17 9112 10296860429
17 9129 10277685643
17 9146 10258582138
17 9163 10239549518
17 9180 7665440542
17 9197 9959473002
17 9214 9492335584
17 9231 8440233923
17 9248 15218154017
17 9265 10126820532
17 9282 6064963945
17 9299 11778782731
17 9316 9104423505
17 9333 10053036776
17 9350 7526068896
17 9367 10016546625
17 9384 7498800530
17 9401 9980320416
17 9418 9717408357
17 9435 7458266473
17 9452 9926469766
17 9469 14420236089
17 9486 7418168266
17 9503 9873197120
17 9520 7391674808
17 9537 9837998556
17 9554 7987839946
17 9571 7955914302
17 9588 7339251582
17 9605 9768349009
17 9622 4356959687
17 9639 9733892752
17 9656 9716755616
17 9673 14549518077
17 9690 5809597042
17 9707 13335822467
17 9724 7236604707
17 9741 9631967173
17 9758 7211390057
17 9775 9598464678
17 9792 9581800677
17 9809 10831938268
17 9843 9532154042
17 9860 7136789470
17 9877 9499341119
17 9894 7112264420
17 9911 9466753328
17 9928 9450543134
17 9945 7075791269
17 9962 5988634333
17 9979 13854151991
17 9996 7039690293
17 10013 9370317811
17 10030 7015826936
17 10047 9184602358
17 10064 9322833091
17 10081 13960667429
17 10098 6968582311
17 10115 9275827210
17 10132 9260263742
17 10149 9060536084
17 10166 6921969720
17 10183 2253999708
17 10200 6898896488
17 10217 13774834918
17 10234 6875976566
17 10251 9152764826
17 10268 9137611242
17 10285 9122507752
17 10302 6830590582
17 10319 11882032707
17 10336 9077495378
17 10353 6796942352
17 10370 6785799824
17 10387 9032925025
17 10404 9018165343
17 10421 11834680669
17 10438 7171672724
17 10455 6730630720
17 10472 6719704371
17 10489 9062518880
17 10506 6697957755
17 10523 -782364236
17 10540 6676351440
17 10557 8887467295
17 10574 6619551648
17 10591 8858936100
17 10608 6633554315
17 10625 13245881256
17 10642 8816481134
17 10659 6601814821
17 10676 8788403169
17 10693 13161646718
17 10710 5256302086
17 10727 13119929930
17 10744 8732780364
17 10761 8718984503
17 10778 5920147923
17 10795 7699615300
17 10812 6508392913
17 10829 8664234207
17 10846 6487990427
17 10863 8637116103
17 10880 8623620610
17 10897 12915250836
17 10914 5771625435
17 10931 -630650204
17 10948 6427543311
17 10965 6417578128
17 10982 8543525062
17 10999 12795480349
17 11016 8517156158
17 11033 8504032650
17 11050 6368212142
17 11067 6358429942
17 11084 7406571173
17 11101 12677910851
17 11118 5602576257
17 11135 8426133115
17 11152 8413288400
17 11169 8400482786
17 11186 6290787071
17 11203 12562482224
17 11220 5017379264
17 11237 8181642956
17 11254 8337035030
17 11271 8324460317
17 11288 8311923479
17 11305 6224568259
17 11322 6215222061
17 11339 8274538517
17 11356 8262151482
17 11373 7624812701
17 11390 6178116257
17 11407 8225211908
17 11424 6159729007
17 11441 7328123147
17 11458 6492213067
17 11475 8176469911
17 11492 8164374542
17 11509 10052826986
17 11526 5834168814
17 11543 8128302195
17 11560 8116348809
17 11577 7647610180
17 11594 6069410400
17 11611 2044983005
17 11628 6051663585
17 11645 7085756577
17 11662 7149296579
17 11679 7648785357
17 11696 8021972660
17 11713 8010329739
17 11730 4799232339
17 11747 470883159
17 11764 7975602876
17 11781 5973070552
17 11798 7952618429
17 11815 6531109218
17 11832 5947324558
17 11849 14032204890
17 11866 567628747
17 11883 7895732747
17 11900 5913339846
17 11917 10332328922
17 11934 5896492724
17 11951 7850806814
17 11968 7839655100
17 11985 5871401266
17 12002 3855057863
17 12019 7806389236
17 12036 5846522447
17 12053 11676552589
17 12070 5830053370
17 12087 7762471435
17 12104 7751569087
17 12121 7740697323
17 12138 8061134790
17 12155 5789283766
17 12172 5803407821
17 12189 3845591843
17 12206 4521006924
17 12223 7381013706
17 12240 5749080406
17 12257 6841669244
17 12274 6588222018
17 12291 7633633735
17 12308 7253609331
17 12325 7612575435
17 12342 3732572513
17 12359 10512427203
17 12376 5685903698
17 12393 11356208210
17 12410 5670325880
17 12427 11325137874
17 12444 5654833186
17 12461 9761235204
17 12478 6991609882
17 12495 5631752235
17 12512 7498800530
17 12529 7488625767
17 12546 5608858933
17 12563 11202538276
17 12580 5593699855
17 12597 5586151002
17 12614 5578622497
17 12631 6481074079
17 12648 5563626200
17 12665 7408210993
17 12682 6638504022
17 12699 7388376426
17 12716 7378498917
17 12733 7005400126
17 12750 4144286507
17 12767 -181192166
17 12784 7339251582
17 12801 5820821644
17 12818 5489838054
17 12835 7310088993
17 12852 5475314673
17 12869 6913389186
17 12886 5883996182
17 12903 5453673113
17 12920 5446497227
17 12937 66610054
17 12954 4298844102
17 12971 6997923787
17 12988 6418418078
17 13005 7214532275
17 13022 6037505388
17 13039 7195719935
17 13056 7186350508
17 13073 10765508174
17 13090 4300610797
17 13107 5752948309
17 13124 6696335426
17 13141 88187354
17 13158 5347981773
17 13175 7121441536
17 13192 7112264420
17 13209 5327333195
17 13226 6135103737
17 13243 7084874442
17 13260 4245474761
17 13277 7066731357
17 13294 7825716040
17 13311 7048680958
17 13328 7039690293
17 13345 6240243174
17 13362 3669076324
17 13379 10519283082
17 13396 2472330677
17 13413 4206511241
17 13430 5239668218
17 13447 5988579266
17 13464 5226436733
17 13481 6959794691
17 13498 5431714868
17 13515 5206714330
17 13532 6653537242
17 13549 6249237625
17 13566 4149712173
17 13583 10361296352
17 13600 6898896488
17 13617 6890283633
17 13634 2102416046
17 13651 6873122279
17 13668 4942081613
17 13685 5142034649
17 13702 5135654953
17 13719 5210040909
17 13736 6830590582
17 13753 6789033099
17 13770 5110293694
17 13787 10207984939
17 13804 5097706764
17 13821 3377557047
17 13838 5085181686
17 13855 6771922933
17 13872 8718664069
17 13889 6755345398
17 13906 4469337448
17 13923 5054136621
17 13940 5047973040
17 13957 2099008918
17 13974 3191776820
17 13991 173302697
17 14008 5846180406
17 14025 5017379264
17 14042 4415170244
17 14059 6487880846
17 14076 4999200353
17 14093 8016049025
17 14110 4558742240
17 14127 3573664186
17 14144 6633554315
17 14161 9938386297
17 14178 3431621003
17 14195 5164883502
17 14212 4951361115
17 14229 6593927348
17 14246 1198475520
17 14263 61038520
17 14280 3942226564
17 14297 5207162192
17 14314 2626696675
17 14331 5636513656
17 14348 4864894795
17 14365 6531499633
17 14382 4892834388
17 14399 6516076966
17 14416 6508392913
17 14433 50887571
17 14450 7902659637
17 14467 6485449108
17 14484 4495130150
17 14501 9705364344
17 14518 4846999874
17 14535 4841330868
17 14552 5164904894
17 14569 6454017371
17 14586 3859522510
17 14603 -324060862
17 14620 4813183596
17 14637 4807593371
17 14654 3355872504
17 14671 4526031080
17 14688 6387867118
17 14705 4580999293
17 14722 2097209897
17 14756 4768822457
17 14773 6351112992
17 14790 3806287717
17 14807 3686062425
17 14824 6093743383
17 14841 5863922732
17 14858 4736084545
17 14875 6307562503
17 14892 4725271567
17 14909 9439767144
17 14926 4542215226
17 14943 3524182956
17 14960 4703793060
17 14977 7430199536
17 14994 4693126862
17 15011 7614848855
17 15028 6243345238
17 15045 4677217957
17 15062 4577928842
17 15079 1740622603
17 15096 4661416545
17 15113 6208230810
17 15130 3483333015
17 15147 6194295387
17 15164 5155723339
17 15181 6180422387
17 15198 3925341576
17 15215 4317536718
17 15232 6159729007
17 15249 4614646480
17 15266 6146010234
17 15283 6139173739
17 15300 4599264325
17 15317 9188319407
17 15334 4589066400
17 15351 4583984377
17 15368 4723838008
17 15385 5300884582
17 15402 4568805621
17 15419 -211057405
17 15436 1900740331
17 15453 5407924541
17 15470 3638978367
17 15487 4075985297
17 15504 4538747689
17 15521 5732300934
17 15538 2356948139
17 15555 3769285621
17 15572 1928407489
17 15589 4964439645
17 15606 7421690819
17 15623 9008352324
17 15640 4499280318
17 15657 3401346586
17 15674 3112656446
17 15691 5979541918
17 15708 3583842331
17 15725 5966613178
17 15742 4410987349
17 15759 5331462006
17 15776 5947324558
17 15793 7823695617
17 15810 3560720768
17 15827 5928160247
17 15844 5921799560
17 15861 271882078
17 15878 3520915766
17 15895 9031216108
17 15912 4422369543
17 15929 8835299664
17 15946 3653163790
17 15963 4534935973
17 15980 3957292565
17 15997 7537683743
17 16014 2829993097
17 16031 5852722365
17 16048 5846522447
17 16065 4380251738
17 16082 4375621451
17 16099 7574393449
17 16116 3520471453
17 16133 5815718851
17 16150 4357197781
17 16167 1679645935
17 16184 7972768878
17 16201 4956856759
17 16218 3839057001
17 16235 4027394925
17 16252 3898299881
17 16269 4325326951
17 16286 -97851819
17 16303 4421110168
17 16320 4311810305
17 16337 4135294836
17 16354 4302846042
17 16371 4569513430
17 16388 3456226519
17 16405 4995463004
17 16422 3428023099
17 16439 8561195228
17 16456 5426188273
17 16473 7943418513
17 16490 3767487045
17 16507 -292316905
17 16524 3808632460
17 16541 3394796261
17 16558 216726356
17 16575 4245474761
17 16592 5654833186
17 16609 -810067503
17 16626 3562780494
17 16643 4824879056
17 16660 4223814176
17 16677 4235556229
17 16694 2773880414
17 16711 -274262996
17 16728 4206644200
17 16745 2826939725
17 16762 14841673929
17 16779 3313773770
17 16796 4189613251
17 16813 4456635151
17 16830 3344919509
17 16847 5542863614
17 16864 5563626200
17 16881 2650629094
17 16898 3253600171
17 16915 4408786927
17 16932 3259315878
17 16949 8303586545
17 16966 3005918813
17 16983 5524641832
17 17000 5519117190
17 17017 4135202690
17 17034 713168029
17 17051 8253914043
17 17068 3027288819
17 17085 3783913491
17 17102 3024620152
17 17119 5480751928
17 17136 4106486004
17 17153 4480361649
17 17170 3222675501
17 17187 3323508900
17 17204 4090254834
17 17221 4989288482
17 17238 3377396976
17 17255 4078165411
17 17272 3476182790
17 17289 4398482406
17 17306 910411756
17 17323 5310566841
17 17340 7429777111
17 17357 8108399398
17 17374 3639451340
17 17391 4046273600
17 17408 6993526626
17 17425 5384504576
17 17442 4034442390
17 17459 4669228390
17 17476 3451304652
17 17493 4275885121
17 17510 3172855924
17 17527 482508347
17 17544 3855163197
17 17561 -312907936
17 17578 3661295581
17 17595 3999360282
17 17612 3995499896
17 17629 7983293911
17 17646 2936522079
17 17663 7967926646
17 17680 3980132589
17 17697 3185695691
17 17714 149636753
17 17731 4314059250
17 17748 3964883039
17 17765 3961088892
17 17782 2627825003
17 17799 1849700681
17 17816 4064367307
17 17833 7891969290
17 17850 3153781251
17 17867 6627412776
17 17884 3447682244
17 17901 5241326866
17 17918 7571570944
17 17935 4739871955
17 17952 3919827550
17 17969 5221492138
17 17986 3739077273
17 18003 584259695
17 18020 3291410598
17 18037 4392037984
17 18054 3610539384
17 18071 6620421465
17 18088 3890355162
17 18105 2972395977
17 18122 3883056184
17 18139 3707240771
17 18156 3029865814
17 18173 4850870520
17 18190 3212320304
17 18207 7652314329
17 18224 5002144220
17 18241 5143632052
17 18258 2059819073
17 18275 5134062502
17 18292 3767020564
17 18309 2434004934
17 18326 3839831069
17 18343 4059045217
17 18360 3832720271
17 18377 5105566319
17 18394 11858851
17 18411 3195864504
17 18428 341116176
17 18445 3815057965
17 18462 2246369228
17 18479 1969534603
17 18496 8335763584
17 18513 4583818986
17 18530 2145078828
17 18547 -112601363
17 18564 3032481972
17 18581 6121385137
17 18598 163381412
17 18615 2520158397
17 18632 2153802296
17 18649 6069171054
17 18666 2292409174
17 18683 4426606219
17 18700 3763034448
17 18717 85659367
17 18734 3756204984
17 18751 538213736
17 18768 3749400265
17 18785 6949716252
17 18802 2482561300
17 18819 4985652385
17 18836 2688493168
17 18853 151363065
17 18870 2387391161
17 18887 4761353640
17 18904 3938248601
17 18921 2933901788
17 18938 209667396
17 18955 3912373493
17 18972 3709084133
17 18989 -913712212
17 19006 3702448920
17 19023 -230692821
17 19040 3695837404
17 19057 4923387324
17 19074 7192074769
17 19091 7371928571
17 19108 3268383222
17 19125 4905881947
17 19142 407928810
17 19159 4897175856
17 19176 3114665072
17 19193 4508483574
17 19210 3507307745
17 19227 3659892036
17 19244 1896229689
17 19261 3815257387
17 19278 3221797935
17 19295 3541082071
17 19312 3950037591
17 19329 1171063822
17 19346 4849839358
17 19363 7268372068
17 19380 2904798521
17 19397 4146201953
17 19414 1962529132
17 19431 3197138937
17 19448 3618302353
17 19465 2141453324
17 19482 713359186
17 19499 4811784822
17 19516 3605695028
17 19533 522948308
17 19550 3599424254
17 19567 5190599375
17 19584 4790900338
17 19601 -482092704
17 19618 670828402
17 19635 2867073865
17 19669 3762528046
17 19686 1296555111
17 19703 4761964790
17 19720 3568394735
17 19737 4753761576
17 19754 2262677189
17 19771 -678369250
17 19788 2765652849
17 19805 2835991222
17 19822 2790256104
17 19839 1334666749
17 19856 3042987629
17 19873 2530740427
17 19890 2343984770
17 19907 2959046260
17 19924 2837327645
17 19941 6158502896
17 19958 104093161
17 19975 4697121013
17 19992 3519845146
17 20009 3440640047
17 20026 3513869178
17 20043 3846280567
17 20060 3055133363
17 20077 -503975850
17 20094 2076557403
17 20111 4665356881
17 20128 4661416545
17 20145 1188724762
17 20162 -250595574
17 20179 240013252
17 20196 3484291155
17 20213 4641814290
17 20230 10180074682
17 20247 3580160263
17 20264 -189420569
17 20281 6939376182
17 20298 1893346695
17 20315 2501622422
17 20332 3460984860
17 20349 3458093477
17 20366 68171235
17 20383 -54353337
17 20400 3449448244
17 20417 -359334374
17 20434 -161073577
17 20451 1334185517
17 20468 2527264619
17 20485 3320121385
17 20502 1868078322
17 20519 6858886318
17 20536 4568805621
17 20553 3423769969
17 20570 2510216743
17 20587 914214448
17 20604 1513846865
17 20621 -421656406
17 20638 1894328110
17 20655 3649925405
17 20672 4538747689
17 20689 6802527351
17 20706 2718776941
17 20723 4023094415
17 20740 1915420295
17 20757 3390121124
17 20774 2846021471
17 20791 -98808555
17 20808 5848425349
17 20825 4505401788
17 20842 -202656043
17 20859 226207638
17 20876 3703915745
17 20893 118002433
17 20910 2245471488
17 20927 -225557609
17 20944 3359852185
17 20961 4334810171
17 20978 54124920
17 20995 3351690601
17 21012 2099440382
17 21029 3379923778
17 21046 3402106814
17 21063 2956813113
17 21080 3338175720
17 21097 7467480379
17 21114 3332800235
17 21131 2669929274
17 21148 238688994
17 21165 292324333
17 21182 2154492600
17 21199 3807879174
17 21216 3316777157
17 21233 709686737
17 21250 4415293752
17 21267 2880150460
17 21284 2937385491
17 21301 3900239153
17 21318 2640725928
17 21335 2430432374
17 21352 3338216968
17 21369 1547754636
17 21386 7342174806
17 21403 6575596335
17 21420 2628151043
17 21437 3104893891
17 21454 3123771481
17 21471 27061243
17 21488 3432883193
17 21505 3272203867
17 21522 1912114724
17 21539 1152776727
17 21556 907217600
17 21573 4180948168
17 21590 1318698352
17 21607 4342342400
17 21624 2796252676
17 21641 3323933807
17 21658 3249087827
17 21675 13530122648
17 21692 3243995213
17 21709 -447391980
17 21726 2713548338
17 21743 142589457
17 21760 3552033911
17 21777 2320609585
17 21794 2265065755
17 21811 -706367908
17 21828 1804275408
17 21845 1509038487
17 21862 1630468174
17 21879 3216268758
17 21896 3213771655
17 21913 50091904
17 21930 3548384357
17 21947 -720324189
17 21964 7446882617
17 21981 914961267
17 21998 190728972
17 22015 3196399917
17 22032 4258578079
17 22049 367941069
17 22066 2498126388
17 22083 1431956762
17 22100 3184106071
17 22117 5103258427
17 22134 2335794454
17 22151 -832191733
17 22168 1342577168
17 22185 3171906431
17 22202 4225970283
17 22219 6334105421
17 22236 1475140351
17 22253 7171244329
17 22270 1864533959
17 22287 3157389697
17 22304 2741329029
17 22321 2873738213
17 22338 1982572607
17 22355 829706585
17 22372 2585262123
17 22389 95668787
17 22406 110837401
17 22423 -1001713268
17 22440 2508689632
17 22457 6266976371
17 22474 -652108042
17 22491 4171668322
17 22508 714789673
17 22525 1879172564
17 22542 8022320240
17 22559 -778577053
17 22576 2771504714
17 22593 637681406
17 22610 2489827303
17 22627 3081867363
17 22644 3107611030
17 22661 4140372986
17 22678 3102951943
17 22695 1810703740
17 22712 2149762528
17 22729 2294474752
17 22746 379670174
17 22763 2724767964
17 22780 1524849641
19 19 14814472458455
19 38 3703618114613
19 57 2469078743075
19 76 1851809057306
19 95 1481447245845
19 114 823026247691
19 133 1058176604175
19 152 925904528653
19 171 823026247691
19 190 493815748615
19 209 673385111747
19 228 411513123845
19 247 569787402248
19 266 352725534725
19 285 329210499076
19 304 462952264326
19 323 435719778189
19 342 274342082563
19 361 779709076760
19 380 246907874307
19 399 235150356483
19 418 224461703915
19 437 322053749097
19 456 205756561922
19 475 296289449169
19 494 189929134082
19 513 274342082563
19 532 176362767362
19 551 255421938939
19 570 123453937153
19 589 238943104169
19 608 231476132163
19 627 149641135943
19 646 145239926063
19 665 141090213890
19 684 137171041281
19 703 200195573763
19 722 194927269190
19 741 126619422721
19 760 123453937153
19 779 180664298274
19 798 88181383681
19 817 172261307656
19 836 112230851957
19 855 109736833025
19 874 107351249698
19 893 157600770835
19 912 102878280961
19 931 151168086310
19 950 98763149723
19 969 96826617375
19 988 94964567041
19 1007 139759174136
19 1026 91447360854
19 1045 89784681566
19 1064 88181383681
19 1083 129951512793
19 1102 85140646312
19 1121 125546376767
19 1140 61726968576
19 1159 121430102118
19 1178 79647701389
19 1197 78383452161
19 1216 115738066081
19 1235 75971653633
19 1254 56115425978
19 1273 110555764615
19 1292 72619963031
19 1311 71567499799
19 1330 52908830208
19 1349 104327270834
19 1368 68585520640
19 1387 101468989441
19 1406 66731857920
19 1425 65842099815
19 1444 97463634595
19 1463 64131915404
19 1482 47482283520
19 1501 93762483914
19 1520 61726968576
19 1539 91447360854
19 1558 60221432757
19 1577 89243809991
19 1596 44090691840
19 1615 58095970425
19 1634 57420435885
19 1653 56760430875
19 1672 56115425978
19 1691 83227373362
19 1710 41151312384
19 1729 54265466880
19 1748 53675624849
19 1767 53098467593
19 1786 52533590278
19 1805 77970907676
19 1824 51439140480
19 1843 76363260095
19 1862 50389362103
19 1881 49880378647
19 1900 49381574861
19 1919 73338972567
19 1938 36309981515
19 1957 71914914847
19 1976 47482283520
19 1995 35272553472
19 2014 46586391378
19 2033 69226506815
19 2052 45723680427
19 2071 67956295681
19 2090 33669255587
19 2109 44487905280
19 2128 44090691840
19 2147 65550763091
19 2166 43317170931
19 2185 42940499879
19 2204 42570323156
19 2223 42206474240
19 2242 41848792255
19 2261 41497121732
19 2280 30863484288
19 2299 61216828340
19 2318 40476700706
19 2337 40147621838
19 2356 39823850694
19 2375 59257889833
19 2394 29393794560
19 2413 58324694718
19 2432 57869033040
19 2451 38280290590
19 2470 28489370112
19 2489 56543788009
19 2508 28057712989
19 2527 55693505482
19 2546 36851921538
19 2565 36578944341
19 2584 36309981515
19 2603 54067417732
19 2622 26837812424
19 2641 53289469275
19 2660 26454415104
19 2679 35022393518
19 2698 34775756944
19 2717 34532569833
19 2736 34292760320
19 2755 34056258525
19 2774 33822996480
19 2793 33592908069
19 2812 33365928960
19 2831 49712994827
19 2850 24690787430
19 2869 49054544564
19 2888 48731817297
19 2907 32275539125
19 2926 24049468276
19 2945 31859080555
19 2964 23741141760
19 2983 47179848594
19 3002 31254161304
19 3021 31057594252
19 3040 30863484288
19 3059 30671785628
19 3078 30482453618
19 3097 45443167050
19 3116 30110716378
19 3135 22446170391
19 3154 29747936663
19 3173 44354707959
19 3192 22045345920
19 3211 43829800172
19 3230 21785988909
19 3249 43317170931
19 3268 28710217942
19 3287 42816394389
19 3306 21285161578
19 3325 28218042778
19 3344 28057712989
19 3363 27899194837
19 3382 27742457787
19 3401 41381207985
19 3420 20575656192
19 3439 40923957068
19 3458 20349550080
19 3477 26984467137
19 3496 26837812424
19 3515 26692743168
19 3534 19911925347
19 3553 26407259284
19 3572 26266795139
19 3591 26127817387
19 3610 25990302558
19 3629 38781341514
19 3648 25719570240
19 3667 38379462328
19 3686 25454420031
19 3705 18992913408
19 3724 25194681051
19 3743 37600183905
19 3762 18705141992
19 3781 37222292609
19 3800 24690787430
19 3819 24567947692
19 3838 24446324188
19 3857 24325898946
19 3876 18154990757
19 3895 24088573103
19 3914 23971638282
19 3933 23855833266
19 3952 23741141760
19 3971 35441321670
19 3990 14109021389
19 4009 35105384973
19 4028 23293195689
19 4047 23183837963
19 4066 23075502271
19 4085 22968174354
19 4104 22861840213
19 4123 22756486111
19 4142 22652098560
19 4161 22548664320
19 4180 16834627793
19 4199 22344604009
19 4218 16682964480
19 4237 33216305961
19 4256 22045345920
19 4275 21947366605
19 4294 21850254363
19 4313 32630996605
19 4332 21658585465
19 4351 32346009735
19 4370 16102687454
19 4389 16032978851
19 4408 21285161578
19 4427 31790713430
19 4446 15827427840
19 4465 21013436111
19 4484 20924396127
19 4503 20836107536
19 4522 15561420649
19 4541 30992620206
19 4560 15431742144
19 4579 30735420038
19 4598 20405609446
19 4617 30482453618
19 4636 20238350353
19 4655 20155744841
19 4674 15055358189
19 4693 29988810644
19 4712 19911925347
19 4731 19831957775
19 4750 19752629944
19 4769 29510901312
19 4788 14696897280
19 4807 19518409036
19 4826 19441564906
19 4845 14523992606
19 4864 28934516520
19 4883 28821930853
19 4902 14355108971
19 4921 19066245120
19 4940 14244685056
19 4959 18920143625
19 4978 18847929336
19 4997 28164396309
19 5016 14028856494
19 5035 18634556551
19 5054 18564501827
19 5073 18494971858
19 5092 18425960769
19 5111 27536194161
19 5130 13717104128
19 5149 27332975016
19 5168 18154990757
19 5187 13566366720
19 5206 18022472577
19 5225 17956936313
19 5244 13418906212
19 5263 26740925015
19 5282 17763156425
19 5301 17699489197
19 5320 13227207552
19 5339 26360271278
19 5358 13133397569
19 5377 26173979609
19 5396 17387878472
19 5415 17326868372
19 5434 12949713687
19 5453 17206123645
19 5472 17146380160
19 5491 25630575187
19 5510 12771096946
19 5529 16969613354
19 5548 16911498240
19 5567 25280669724
19 5586 12597340525
19 5605 16739516902
19 5624 16682964480
19 5643 16626792882
19 5662 16570998275
19 5681 16515576876
19 5700 12345393715
19 5719 16405838824
19 5738 16351514854
19 5757 16297549459
19 5776 24365908648
19 5795 16190680282
19 5814 12103327171
19 5833 24127805307
19 5852 12024734138
19 5871 15981092188
19 5890 11947155208
19 5909 23817479837
19 5928 11870570880
19 5947 23665291467
19 5966 15726616197
19 5985 11757517824
19 6004 15627080652
19 6023 23366675802
19 6042 11646597844
19 6061 15480117511
19 6080 15431742144
19 6099 15383668181
19 6118 11501919610
19 6137 22932619904
19 6156 15241226809
19 6175 15194330726
19 6194 15147722350
19 6213 15101399040
19 6232 15055358189
19 6251 15009597222
19 6270 8978468156
19 6289 22378357188
19 6308 14873968331
19 6327 14829301760
19 6346 14784902653
19 6365 14740768615
19 6384 11022672960
19 6403 21979929464
19 6422 14609933390
19 6441 14566836242
19 6460 10892994454
19 6479 14481400252
19 6498 14439056977
19 6517 21595440901
19 6536 14355108971
19 6555 10735124969
19 6574 14272131462
19 6593 21346502102
19 6612 10642580789
19 6631 18008466011
19 6650 10581766041
19 6669 14068824746
19 6688 14028856494
19 6707 20983672037
19 6726 10462198063
19 6745 13910302777
19 6764 13871228893
19 6783 10374280433
19 6802 13793735994
19 6821 20632969998
19 6840 10287828096
19 6878 13641319022
19 6897 13603739631
19 6916 10174775040
19 6935 13529198592
19 6954 10119175176
19 6973 19655581637
19 6992 13418906212
19 7011 13382540612
19 7030 10009778688
19 7049 13310397536
19 7068 9955962673
19 7087 18434622926
19 7106 9902722231
19 7125 13168419963
19 7144 13133397569
19 7163 13098560971
19 7182 9797931520
19 7201 19397364800
19 7220 12995151279
19 7239 12961043270
19 7258 11545626673
19 7277 19340042374
19 7296 12859785120
19 7315 9619787310
19 7334 12793154109
19 7353 12760096863
19 7372 12727210015
19 7391 19041738378
19 7410 7597165363
19 7429 12629558788
19 7448 12597340525
19 7467 12565286224
19 7486 12533394634
19 7505 12501664521
19 7524 9352570996
19 7543 18658025766
19 7562 12407430869
19 7581 12376334551
19 7600 12345393715
19 7619 18471910796
19 7638 9212980384
19 7657 12253492521
19 7676 12223162094
19 7695 12192981447
19 7714 9122212104
19 7733 12133065076
19 7752 9077495378
19 7771 18110602027
19 7790 9033214913
19 7809 11868695724
19 7828 11985819141
19 7847 11956797787
19 7866 8945937474
19 7885 11899174665
19 7904 11870570880
19 7923 11842104283
19 7942 11813773890
19 7961 17678368089
19 7980 7054510694
19 7999 17594385343
19 8018 11701794990
19 8037 11674131172
19 8056 11646597844
19 8075 11619194085
19 8094 8693939236
19 8113 11564771630
19 8132 11537751135
19 8151 8633142458
19 8170 8613065382
19 8189 17186162945
19 8208 11430920106
19 8227 14048333899
19 8246 8533682291
19 8265 8514064631
19 8284 11326049280
19 8303 16950197321
19 8322 8455749120
19 8341 16872975465
19 8360 8417313896
19 8379 11197636023
19 8398 8379226503
19 8417 15388818768
19 8436 8341482240
19 8455 11096983114
19 8474 11072101986
19 8493 11047332183
19 8512 11022672960
19 8531 16497185366
19 8550 8230262476
19 8569 10949351410
19 8588 10925127181
19 8607 10901009903
19 8626 10876998868
19 8645 8139820032
19 8664 10829292732
19 8683 14867800910
19 8702 10782003244
19 8721 10758513041
19 8740 8051343727
19 8759 16067757547
19 8778 6413191540
19 8797 15998350387
19 8816 10642580789
19 8835 7964770138
19 8854 10596904476
19 8873 15861319549
19 8892 7913713920
19 8911 10529120439
19 8930 7880038541
19 8949 10484410798
19 8968 10462198063
19 8987 10440079251
19 9006 7813540326
19 9025 15594181535
19 9044 7780710324
19 9063 10352531417
19 9082 10330873401
19 9101 15463958725
19 9120 7715871072
19 9139 10266439680
19 9158 10245140012
19 9177 7667946407
19 9196 10202804723
19 9215 10181768012
19 9234 8882193192
19 9253 9965013101
19 9272 10119175176
19 9291 10098481566
19 9310 7558404315
19 9329 11996357687
19 9348 7527679094
19 9367 10016546625
19 9386 18317181488
19 9405 7482056797
19 9424 9955962673
19 9443 9935930555
19 9462 7436984165
19 9481 14844160780
19 9500 9876314972
19 9519 9234323548
19 9538 9836967103
19 9557 14035229908
19 9576 7348448640
19 9595 9778529675
19 9614 7319403388
19 9633 9739955593
19 9652 9720782453
19 9671 12141931248
19 9690 5809597042
19 9709 9663713280
19 9728 14467258260
19 9747 14439056977
19 9766 9436421731
19 9785 9588655312
19 9804 7177554485
19 9823 9551561868
19 9842 7149841920
19 9861 9514754308
19 9880 7122342528
19 9899 7167016555
19 9918 7095053859
19 9937 11958655243
19 9956 9423964668
19 9975 7054510694
19 9994 8466114930
19 10013 9370317810
19 10032 7014428247
19 10051 14002336917
19 10070 6987958706
19 10089 9299731612
19 10108 10526807353
19 10127 9264835808
19 10146 4899247490
19 10165 9230200908
19 10184 9212980384
19 10203 9195823996
19 10222 8694490510
19 10241 9161702200
19 10260 6858552064
19 10279 9523382144
19 10298 6759615228
19 10317 6766927336
19 10336 9077495378
19 10355 9060839424
19 10374 5426546688
19 10393 12001325704
19 10412 8450410344
19 10431 8994822379
19 10450 6733851117
19 10469 13443259944
19 10488 6709453106
19 10507 8929760372
19 10526 5047670201
19 10545 6673185792
19 10564 8881578212
19 10583 12118982564
19 10602 6637308449
19 10621 8833913213
19 10640 6613603776
19 10659 6601814821
19 10678 4741333883
19 10697 12226555967
19 10716 6566698784
19 10735 8740101745
19 10754 3820824182
19 10773 8709272462
19 10792 8693939236
19 10811 13017989858
19 10830 10000400950
19 10849 10987492276
19 10868 6474856843
19 10887 7873049014
19 10906 6452296366
19 10925 8588099975
19 10944 8573190080
19 10963 11240187769
19 10982 8543525062
19 11001 8185300625
19 11020 6385548473
19 11039 8499410475
19 11058 6363605007
19 11077 8470252977
19 11096 8455749120
19 11115 6330971136
19 11134 7217723521
19 11153 12343422000
19 11172 6298670262
19 11191 12575952851
19 11210 4713110351
19 11229 8205648807
19 11248 8341482240
19 11267 12491123489
19 11286 6235047330
19 11305 6224568259
19 11324 8285499137
19 11343 7270457261
19 11362 6193341328
19 11381 8309281308
19 11400 6172696857
19 11419 9270558253
19 11438 6152189559
19 11457 8189315897
19 11476 8175757427
19 11495 8162243778
19 11514 6111581047
19 11533 5094978610
19 11552 12182954324
19 11571 6081474736
19 11590 6071505105
19 11609 8082090812
19 11628 6051663585
19 11647 12083582756
19 11666 8042601768
19 11685 6022143275
19 11704 6012367069
19 11723 8539988771
19 11742 5668316787
19 11761 11966455944
19 11780 5973577604
19 11799 7951944422
19 11818 1813039258
19 11837 7926416510
19 11856 5935285440
19 11875 11851577966
19 11894 6545712373
19 11913 10839855852
19 11932 7863308098
19 11951 7850806814
19 11970 4703007129
19 11989 11738884674
19 12008 7813540326
19 12027 6184506112
19 12046 5919410698
19 12065 7294002862
19 12084 5823298922
19 12103 7752209554
19 12122 5805044066
19 12141 7727945987
19 12160 7715871072
19 12179 11555750748
19 12198 5099204228
19 12217 10673888781
19 12236 5750959805
19 12255 5742043588
19 12274 9756175866
19 12293 11448587680
19 12312 7620613404
19 12331 7608871319
19 12350 5697874022
19 12369 5689121527
19 12388 7573861175
19 12407 11343393919
19 12426 4972138784
19 12445 7389085574
19 12464 7527679094
19 12483 7516221440
19 12502 5628598958
19 12521 -186900975
19 12540 4489234078
19 12559 9248018449
19 12578 7459452395
19 12597 5586151002
19 12616 7436984165
19 12635 10103284147
19 12654 5560988160
19 12673 7403534463
19 12692 7123849566
19 12711 3477204582
19 12730 5227639902
19 12749 7359400128
19 12768 5511336480
19 12787 9737523012
19 12806 4691224367
19 12825 7315788868
19 12844 7304966695
19 12863 6808813789
19 12882 3985083973
19 12901 7272691437
19 12920 5446497227
19 12939 5807853427
19 12958 5430525094
19 12977 10845148213
19 12996 8302179314
19 13015 7067629542
19 13034 6890337830
19 13053 5938865214
19 13072 7177554485
19 13091 7167137135
19 13110 4294049987
19 13129 6505946695
19 13148 5242091105
19 13167 5344326283
19 13186 6204777036
19 13205 6273674267
19 13224 5321290394
19 13243 7084874442
19 13262 4466165778
19 13281 7064602984
19 13300 5290883020
19 13319 -460420517
19 13338 5275809280
19 13357 10536609145
19 13376 7014428247
19 13395 5253359027
19 13414 2419988806
19 13433 6984664053
19 13452 4012232897
19 13471 10447441790
19 13490 4916215213
19 13509 6945369178
19 13528 6935614446
19 13547 6925887078
19 13566 4149712173
19 13585 5179885474
19 13604 4957315809
19 13623 5795134196
19 13642 4660202527
19 13661 6388336201
19 13680 5143914048
19 13699 6144249214
19 13737 5919369677
19 13756 6820659511
19 13775 6811251705
19 13794 4609883615
19 13813 7051679376
19 13832 5087387520
19 13851 10160817872
19 13870 3850938715
19 13889 6755345398
19 13908 5059587588
19 13927 -171433010
19 13946 2133312136
19 13965 5038936210
19 13984 6709453106
19 14003 6700349370
19 14022 5018452729
19 14041 7199056377
19 14060 5004889344
19 14079 9250832685
19 14098 3427190589
19 14117 -175195034
19 14136 4977981336
19 14155 6628399310
19 14174 3870896545
19 14193 6610652591
19 14212 4951361115
19 14231 5796032183
19 14250 4702638036
19 14269 -390164785
19 14288 6566698784
19 14307 2340061078
19 14326 4911960364
19 14345 6540605941
19 14364 4898965760
19 14383 2591438061
19 14402 4296753606
19 14421 4879602259
19 14440 9459467567
19 14459 3567382508
19 14478 3584508066
19 14497 6008698437
19 14516 5168972769
19 14535 4841330868
19 14554 3432616685
19 14573 6438275731
19 14592 6429892560
19 14611 5412843745
19 14630 3847914924
19 14649 3987586842
19 14668 5467605223
19 14687 8086013038
19 14706 4785036323
19 14725 6371816111
19 14744 5741326787
19 14763 4766561280
19 14782 2103487144
19 14801 9508647278
19 14820 3798582681
19 14839 6322864899
19 14858 4736084545
19 14877 6306714541
19 14896 6298670262
19 14915 6290646479
19 14934 3330942013
19 14953 9411990126
19 14972 4848975280
19 14991 5336737563
19 15010 4065845975
19 15029 4735071406
19 15048 4676285498
19 15067 6227184724
19 15086 3773718019
19 15105 4371496890
19 15124 5652716150
19 15143 -324294615
19 15162 9333750917
19 15181 6180422385
19 15200 6172696857
19 15219 5504897209
19 15238 3457654033
19 15257 6149635723
19 15276 3550505576
19 15295 4600767844
19 15314 4595059695
19 15333 5140233776
19 15352 4680161764
19 15371 5523698302
19 15390 4572368042
19 15409 9133460209
19 15428 4561106052
19 15447 3514666775
19 15466 4549899403
19 15485 5559217333
19 15504 4538747689
19 15523 9066384613
19 15542 5386132585
19 15561 4522122240
19 15580 4516607456
19 15599 582835835
19 15618 4069038445
19 15637 473881095
19 15656 5608159096
19 15675 4489234078
19 15694 4099742314
19 15713 6940184764
19 15732 4472968737
19 15751 1583451969
19 15770 3055230914
19 15789 3657316665
19 15808 5935285440
19 15827 5928160247
19 15846 3214055162
19 15865 3956627175
19 15884 8678522565
19 15903 5899829732
19 15922 5297450913
19 15941 3221047242
19 15960 3527255347
19 15979 3693241761
19 15998 2923679316
19 16017 257462041
19 16036 4950372883
19 16055 5843973356
19 16074 4102420117
19 16093 5830174127
19 16112 5823298922
19 16131 3824848082
19 16150 4357197781
19 16169 5802770255
19 16188 2747605975
19 16207 4948756038
19 16226 4336789361
19 16245 17597885370
19 16264 4569028356
19 16283 5838197460
19 16302 3453256983
19 16321 2945023982
19 16340 4306532691
19 16359 4301530911
19 16378 4974140053
19 16397 60604951
19 16416 5715460053
19 16435 4253681886
19 16454 -28583196
19 16473 4571815806
19 16492 4266841145
19 16511 5682574782
19 16530 3405625852
19 16549 5379669500
19 16568 4741732678
19 16587 5172296908
19 16606 10186674073
19 16625 5643608555
19 16644 3060266123
19 16663 8446107445
19 16682 1148923421
19 16701 3762529300
19 16720 4208656948
19 16739 7240151188
19 16758 4199113508
19 16777 1068272584
19 16796 4189613251
19 16815 4184879225
19 16834 2201237678
19 16853 5877263599
19 16872 4170741120
19 16891 5230060842
19 16910 3420351386
19 16929 5542264294
19 16948 5125079936
19 16967 9382465848
19 16986 2893211073
19 17005 2652683167
19 17024 5511336480
19 17043 4128894219
19 17062 5499061788
19 17081 5492944924
19 17100 4115131238
19 17119 5480751926
19 17138 4106006778
19 17157 4101459706
19 17176 4340846154
19 17195 4161747089
19 17214 4087878713
19 17233 -205405735
19 17252 2758981520
19 17271 4688168746
19 17290 3255928012
19 17309 -606466684
19 17328 10300194044
19 17347 4907357304
19 17366 91963903
19 17385 2787611214
19 17404 1865224187
19 17423 3576017140
19 17442 4034442390
19 17461 -597012246
19 17480 4025671863
19 17499 4242631159
19 17518 1182270112
19 17537 4907379857
19 17556 3206595770
19 17575 5338548633
19 17594 2646137458
19 17613 4612644112
19 17632 5321290394
19 17651 7973343627
19 17670 3185908055
19 17689 9560050955
19 17708 5298452238
19 17727 2224664183
19 17746 808089615
19 17765 3961088892
19 17784 3956856960
19 17803 7905268121
19 17822 3037696500
19 17841 2072687790
19 17860 3511607423
19 17879 1380783169
19 17898 3931654049
19 17917 5236646328
19 17936 5231099031
19 17955 3919172608
19 17974 3915029719
19 17993 7821791161
19 18012 2638061053
19 18031 4627139643
19 18050 8998607015
19 18069 1560108850
19 18088 3890355162
19 18107 5394541657
19 18126 3669171117
19 18145 3116829289
19 18164 3988361305
19 18183 3870029377
19 18202 3290880106
19 18221 4200284818
19 18240 3857935536
19 18259 6617798394
19 18278 3849914880
19 18297 4370583601
19 18316 3846157796
19 18335 2634098007
19 18354 2580846825
19 18373 1009123458
19 18392 4908923992
19 18411 8896684260
19 18430 3404111498
19 18449 1854659470
19 18468 4187851057
19 18487 3423227303
19 18506 2180409447
19 18525 3798582681
19 18544 5059587588
19 18563 6525628720
19 18582 2756098698
19 18601 4633778430
19 18620 3779202157
19 18639 4004732081
19 18658 2559783422
19 18677 6254148386
19 18696 3763839547
19 18715 3881035098
19 18734 3756204984
19 18753 3444256835
19 18772 7962141699
19 18791 4993081382
19 18810 2992822718
19 18829 -215906792
19 18848 4977981336
19 18867 838540758
19 18886 2785546981
19 18905 3017246458
19 18924 2335143165
19 18943 7429524804
19 18962 1876613754
19 18981 4943100586
19 19000 2628800475
19 19019 3699918196
19 19038 1349005491
19 19057 4923387324
19 19076 1058631274
19 19095 2179040315
19 19114 4217819398
19 19133 9959283991
19 19152 3674224320
19 19171 7341165738
19 19190 2499340191
19 19209 148437819
19 19228 3659701694
19 19247 3679836380
19 19266 2738177078
19 19285 3648884841
19 19304 3599255132
19 19323 3246549257
19 19342 -74768856
19 19361 -1089948929
19 19380 2904798521
19 19399 -502223469
19 19418 2940513298
19 19437 3620350063
19 19456 7233629130
19 19475 4817714620
19 19494 9351016556
19 19513 4048556114
19 19532 1486544098
19 19551 3394880038
19 19570 2642933777
19 19589 -451255366
19 19608 3588777242
19 19627 -387117407
19 19646 3397619372
19 19665 3578374989
19 19684 3574920960
19 19703 4761964788
19 19722 2546747088
19 19741 4540014786
19 19760 3561171264
19 19779 3953187772
19 19798 1636464434
19 19817 4007884359
19 19836 3547526929
19 19855 8528406408
19 19874 344952389
19 19893 206475954
19 19912 2312551201
19 19931 -317319899
19 19950 2821804277
19 19969 -1163802222
19 19988 2685403270
19 20007 4689608248
19 20026 3513869178
19 20045 3804698056
19 20064 3507214123
19 20083 4671861387
19 20102 3103237152
19 20121 1082410924
19 20140 3218600281
19 20159 614734692
19 20178 3487399354
19 20197 -1420328218
19 20216 9177733756
19 20235 2217516838
19 20254 3474313428
19 20273 3378537874
19 20292 2304888972
19 20311 6929126501
19 20330 1983845723
19 20349 3458093477
19 20368 3889312245
19 20387 4602197099
19 20406 1832317970
19 20425 4593634870
19 20444 2436346279
19 20463 1545459956
19 20482 3435638325
19 20501 3888083487
19 20520 3429276032
19 20539 4568138285
19 20558 384128003
19 20596 1377775359
19 20615 3413472916
19 20634 1601477023
19 20653 3540454079
19 20672 4538747689
19 20691 3846584071
19 20710 2420294753
19 20729 220013576
19 20748 2713273344
19 20767 -117788333
19 20786 -90143354
19 20805 2805901371
19 20824 2409160115
19 20843 5274786772
19 20862 2722323635
19 20881 3702839552
19 20900 3366925558
19 20919 148460273
19 20938 9525916076
19 20957 6056844785
19 20976 3354726553
19 20995 3351690601
19 21014 2678988800
19 21033 4460846870
19 21052 1823951573
19 21071 -161922206
19 21090 5464081117
19 21109 3388801600
19 21128 2975989332
19 21147 2567822990
19 21166 452983029
19 21185 -52753588
19 21204 3318654224
19 21223 1682399285
19 21242 2690439234
19 21261 1398886605
19 21280 3306801888
19 21299 8942499061
19 21318 2640725928
19 21337 6595936090
19 21356 2617620129
19 21375 3888236983
19 21394 89100186
19 21413 4381683661
19 21432 2305829361
19 21451 -284112419
19 21470 1056399334
19 21489 3274640242
19 21508 1268710226
19 21527 4031254151
19 21546 2724651760
19 21565 3512747945
19 21584 3562580414
19 21603 -75275687
19 21622 -150583070
19 21641 3323933805
19 21660 8378687787
19 21679 3070896136
19 21698 361442690
19 21717 3578310864
19 21736 3237428421
19 21755 878532408
19 21774 844099725
19 21793 4305281156
19 21812 3226148183
19 21831 661697032
19 21850 3220537490
19 21869 2133731953
19 21888 3595709184
19 21907 -260789043
19 21926 -477047343
19 21945 2565276616
19 21964 2684202488
19 21983 3933239748
19 22002 1159431928
19 22021 8434590009
19 22040 3192774236
19 22059 4253365621
19 22078 2396799567
19 22097 2676703026
19 22116 1716487332
19 22135 4238761790
19 22154 2265621202
19 22173 2216635574
19 22192 3978660647
19 22211 3002605837
19 22230 2532388454
19 22249 -702630277
19 22268 3004278567
19 22287 3157389697
19 22306 1436695344
19 22325 4202687222
19 22344 1684019960
19 22363 2157217099
19 22382 9065201592
19 22401 2273545007
19 22420 2520622642
19 22439 -578329110
19 22458 1059953613
19 22477 4174266683
19 22496 4170741120
19 22515 1660100959
19 22534 129373799
19 22553 -160466893
19 22572 3117523665
19 22591 4153202259
19 22610 2489827303
19 22629 -387078059
19 22648 2975141131
19 22667 -1069276724
19 22686 1302129780
19 22705 1871419756
19 22724 3096670664
19 22743 8672854430
19 22762 -59239714
19 22781 2498369383
23 23 12238042465680
23 46 3059510616420
23 69 2039673744280
23 92 1529755308210
23 115 1223804246568
23 138 679891248093
23 161 874145890405
23 184 764877654105
23 207 679891248093
23 230 407934748856
23 253 556274657530
23 276 339945624046
23 299 470693940987
23 322 291381963468
23 345 271956499237
23 368 382438827052
23 391 359942425461
23 414 226630416031
23 437 322053749096
23 460 203967374428
23 483 194254642312
23 506 185424885843
23 529 532088802855
23 552 169972812023
23 575 244760849313
23 598 156897980329
23 621 226630416031
23 644 145690981734
23 667 211000732167
23 690 101983687214
23 713 197387781705
23 736 191219413526
23 759 123616590562
23 782 119980808487
23 805 116552785387
23 828 113315208015
23 851 165378952239
23 874 107351249698
23 897 104598653552
23 920 101983687214
23 943 149244420313
23 966 72845490867
23 989 142302819368
23 1012 92712442921
23 1035 90652166412
23 1058 133022200713
23 1081 130191941124
23 1104 84986406011
23 1127 124877984343
23 1150 81586949771
23 1173 79987205658
23 1196 78448990164
23 1219 115453230808
23 1242 75543472010
23 1265 74169954337
23 1288 72845490867
23 1311 71567499799
23 1334 70333577388
23 1357 103712224285
23 1380 50991843607
23 1403 100311823489
23 1426 65795927234
23 1449 64751547437
23 1472 95609706763
23 1495 62759192131
23 1518 46356221460
23 1541 91328675117
23 1564 59990404243
23 1587 88681467142
23 1610 43707294520
23 1633 86183397646
23 1656 56657604007
23 1679 83822208669
23 1702 55126317412
23 1725 54391299847
23 1748 53675624849
23 1771 52978538812
23 1794 39224495082
23 1817 77455964973
23 1840 50991843607
23 1863 75543472010
23 1886 49748140104
23 1909 73723147384
23 1932 36422745433
23 1955 47992323394
23 1978 47434273122
23 2001 46889051592
23 2024 46356221460
23 2047 68753047560
23 2070 33994562404
23 2093 44827994379
23 2116 66511100356
23 2139 43863951489
23 2162 43397313708
23 2185 42940499879
23 2208 42493203005
23 2231 63082693122
23 2254 41625994781
23 2277 41205530187
23 2300 40793474885
23 2323 60584368642
23 2346 29995202121
23 2369 59407973134
23 2392 39224495082
23 2415 29138196346
23 2438 38484410269
23 2461 57187114326
23 2484 37771736005
23 2507 56137809476
23 2530 27813732876
23 2553 36750878275
23 2576 36422745433
23 2599 54150630379
23 2622 26837812424
23 2645 53208880285
23 2668 35166788694
23 2691 34866217850
23 2714 34570741428
23 2737 34280230996
23 2760 25495921803
23 2783 50570423411
23 2806 33437274496
23 2829 33165426736
23 2852 32897963617
23 2875 48952169862
23 2898 24281830289
23 2921 48181269550
23 2944 47804853381
23 2967 31622848748
23 2990 23534697049
23 3013 46710085747
23 3036 23178110730
23 3059 30671785628
23 3082 30442891705
23 3105 30217388804
23 3128 29995202121
23 3151 44664388561
23 3174 29560489047
23 3197 44021735488
23 3220 21853647260
23 3243 28931542472
23 3266 28727799215
23 3289 28526905514
23 3312 28328802003
23 3335 28133430955
23 3358 27940736223
23 3381 27750663187
23 3404 27563158706
23 3427 41067256596
23 3450 20396737442
23 3473 40523319423
23 3496 26837812424
23 3519 26662401886
23 3542 19866952054
23 3565 26318370893
23 3588 19612247541
23 3611 38974657534
23 3634 25818654990
23 3657 25656273512
23 3680 25495921803
23 3703 38006343061
23 3726 25181157336
23 3749 37540007563
23 3772 24874070052
23 3795 18542488584
23 3818 24574382461
23 3841 36640845706
23 3864 18211372716
23 3887 36207226229
23 3910 17997121273
23 3933 23855833266
23 3956 23717136561
23 3979 35370064930
23 4002 17583394347
23 4025 23310557077
23 4048 23178110730
23 4071 23047160952
23 4094 22917682520
23 4117 34184476161
23 4140 16997281202
23 4163 33806747143
23 4186 16810497892
23 4209 22291516330
23 4232 33255550178
23 4255 22050526965
23 4278 16448981808
23 4301 21814692452
23 4324 21698656854
23 4347 21583849145
23 4370 16102687454
23 4393 32036760381
23 4416 21246601502
23 4439 31704773227
23 4462 21027564374
23 4485 15689798032
23 4508 20812997390
23 4531 31061021486
23 4554 15452073820
23 4577 30748850416
23 4600 20396737442
23 4623 20295261137
23 4646 20194789547
23 4669 20095307825
23 4692 14997601060
23 4715 19899256041
23 4738 19802657711
23 4761 29560489047
23 4784 19612247541
23 4807 19518409036
23 4830 11655278538
23 4853 29000100630
23 4876 19242205134
23 4899 19151866143
23 4922 19062371441
23 4945 18973709249
23 4968 18885868002
23 4991 18798836352
23 5014 18712603158
23 5037 18627157482
23 5060 13906866438
23 5083 18458585921
23 5106 13781579353
23 5129 27439557098
23 5152 18211372716
23 5175 18130433282
23 5198 18050210126
23 5221 26956040673
23 5244 13418906212
23 5267 26720616737
23 5290 17736293428
23 5313 13244634703
23 5336 17583394347
23 5359 26261893703
23 5382 13074831694
23 5405 17358925483
23 5428 17285370714
23 5451 17212436660
23 5474 12855086623
23 5497 25602599301
23 5520 12747960901
23 5543 25390129597
23 5566 16856807803
23 5589 25181157336
23 5612 16718637248
23 5635 16650397912
23 5658 12437035026
23 5681 16515576876
23 5704 16448981808
23 5727 16382921640
23 5750 16317389954
23 5773 24378570649
23 5796 12140915144
23 5819 24185854675
23 5842 16060423183
23 5865 11998080848
23 5888 23902426690
23 5911 23809421139
23 5934 11858568280
23 5957 15750376403
23 5980 11767348524
23 6003 15629683864
23 6026 15570028582
23 6049 23266240429
23 6072 11589055365
23 6095 15393764107
23 6118 11501919610
23 6141 15278455013
23 6164 15221445852
23 6187 22747290828
23 6210 11331520801
23 6233 22579414143
23 6256 14997601060
23 6279 11206998594
23 6302 14888129520
23 6325 14833990867
23 6348 14780244523
23 6371 22090329360
23 6394 14673911829
23 6417 14621317163
23 6440 10926823630
23 6463 21775876273
23 6486 10849328427
23 6509 21621983155
23 6532 14363899607
23 6555 10735124969
23 6578 10697589567
23 6601 14213754315
23 6624 14164401001
23 6647 21173083850
23 6670 10550036608
23 6693 14018376249
23 6716 13970368111
23 6739 20884031511
23 6762 10406498695
23 6785 13828296571
23 6808 13781579353
23 6831 13735176729
23 6854 13689085532
23 6877 20464953955
23 6900 10198368721
23 6923 13552649463
23 6946 13507773140
23 6969 13463193031
23 6992 13418906212
23 7015 13374909798
23 7038 9998400707
23 7061 19931665254
23 7084 9933476027
23 7107 13201771807
23 7130 9869389085
23 7153 19675309430
23 7176 9806123770
23 7199 18658777938
23 7222 12991552511
23 7245 9712732115
23 7268 12909327495
23 7291 19302906097
23 7314 9621102567
23 7337 12787923161
23 7360 12747960901
23 7383 12708247627
23 7406 12668781020
23 7429 12629558788
23 7452 12590578668
23 7475 12551838426
23 7498 12513335854
23 7521 12475068772
23 7544 12437035026
23 7567 12399232488
23 7590 7416995433
23 7613 18486468981
23 7636 12287191230
23 7659 12250292758
23 7682 11632156654
23 7705 12177156682
23 7728 9105686358
23 7751 18157333035
23 7774 12069075409
23 7797 12033473417
23 7820 8998560636
23 7843 11962895860
23 7866 8945937474
23 7889 17839712049
23 7912 11858568280
23 7935 11824195619
23 7958 11790021643
23 7981 17634066953
23 8004 8791697173
23 8027 17533012128
23 8050 8741458904
23 8073 11622072616
23 8096 11589055365
23 8119 17334337770
23 8142 8642685357
23 8165 11491119686
23 8188 11458841260
23 8211 8570057749
23 8234 10645532758
23 8257 17044627390
23 8280 8498640601
23 8303 16950197320
23 8326 11268915714
23 8349 11087785709
23 8372 8405248946
23 8395 11176294489
23 8418 8359318624
23 8441 14322229896
23 8464 16627775089
23 8487 11055142245
23 8510 8268947611
23 8533 10995545791
23 8556 8224490904
23 8579 15994101231
23 8602 8180509669
23 8625 10878259969
23 8648 10849328427
23 8671 10820550367
23 8694 8093943429
23 8717 9906220323
23 8740 8051343727
23 8763 10355837408
23 8786 10678920127
23 8809 15976556744
23 8832 10623300751
23 8855 7946780821
23 8878 10568257742
23 8901 10540949582
23 8924 10513782187
23 8947 15730131704
23 8970 6275919213
23 8993 15649670672
23 9016 10406498695
23 9039 10196423498
23 9062 7411782626
23 9085 10327461996
23 9108 7726036910
23 9131 15413151720
23 9154 10249616805
23 9177 7667946407
23 9200 10198368721
23 9223 13410451112
23 9246 7610722926
23 9269 10122450343
23 9292 10097394773
23 9315 10072462934
23 9338 7535740434
23 9361 10022966802
23 9384 7498800530
23 9407 14960932110
23 9430 7462221015
23 9453 9925419680
23 9476 9901328855
23 9499 9877354693
23 9522 9853496349
23 9545 9829752984
23 9568 9806123770
23 9591 9782607886
23 9614 7319403388
23 9637 14603869291
23 9660 5827639269
23 9683 14174357105
23 9706 9666700209
23 9729 9643847490
23 9752 9621102567
23 9775 9598464678
23 9798 7181949803
23 9821 9553506998
23 9844 9531185720
23 9867 7131726378
23 9890 7115140968
23 9913 14197265041
23 9936 9442934001
23 9959 11814718201
23 9982 7049563632
23 10005 7033357738
23 10028 9356301579
23 10051 14002336917
23 10074 6985184055
23 10097 12553635396
23 10120 6953433219
23 10143 9250221062
23 10166 6921969720
23 10189 13812689013
23 10212 6890789676
23 10235 9167073008
23 10258 8785358482
23 10281 9126057021
23 10304 9105686358
23 10327 13628109650
23 10350 6798912480
23 10373 9045116382
23 10396 8641048207
23 10419 9005182093
23 10442 8985346891
23 10465 6724199156
23 10488 6709453106
23 10511 11676844589
23 10534 8059053944
23 10557 8887467295
23 10580 8868146714
23 10603 9537721429
23 10626 5297853881
23 10649 10875981218
23 10672 8791697173
23 10695 6579592723
23 10718 8753964567
23 10741 13102829192
23 10764 6537415847
23 10787 8697969058
23 10810 6509597056
23 10833 8661035007
23 10856 8642685357
23 10879 8624413295
23 10902 6454663747
23 10925 8588099975
23 10948 6427543311
23 10971 8552091170
23 10994 8235643667
23 11017 12774574599
23 11040 6373980450
23 11063 8480971909
23 11086 8463376532
23 11109 10781070887
23 11132 8428403901
23 11155 8411025749
23 11178 8393719112
23 11201 11999850817
23 11224 8359318624
23 11247 8342223902
23 11270 6243899217
23 11293 9532420105
23 11316 6218517513
23 11339 8274538516
23 11362 6193341328
23 11385 6180829528
23 11408 8224490904
23 11431 8207942632
23 11454 6143595615
23 11477 12262567601
23 11500 7508191890
23 11523 7453287755
23 11546 7994222923
23 11569 12165052153
23 11592 6070457572
23 11615 8077915818
23 11638 10016991620
23 11661 8046050273
23 11684 8030211591
23 11707 -162497596
23 11730 4799232339
23 11753 7082542880
23 11776 8968256901
23 11799 7951944422
23 11822 5997287194
23 11845 7921063084
23 11868 5929284140
23 11891 7890420674
23 11914 5906391151
23 11937 4618799754
23 11960 5883674262
23 11983 2423432971
23 12006 5861131449
23 12029 -206465005
23 12052 7785014291
23 12075 5827639269
23 12098 6747265965
23 12121 7740697321
23 12144 5794527682
23 12190 5772661540
23 12213 7682386984
23 12236 5750959805
23 12259 7653560016
23 12282 4828896018
23 12305 7120465311
23 12328 7610722926
23 12351 5853053730
23 12374 7041104863
23 12397 7568362687
23 12420 5665760400
23 12443 7915605900
23 12466 5788270357
23 12489 4745563663
23 12512 7498800530
23 12535 7485041263
23 12558 4482799437
23 12581 7382511546
23 12604 6761590950
23 12627 7430505443
23 12650 5562746575
23 12673 7403534461
23 12696 7390122261
23 12719 7376758568
23 12742 5235090518
23 12765 5512631741
23 12788 6799380378
23 12811 10071369194
23 12834 5482993936
23 12857 7297580480
23 12880 5463411815
23 12903 5453673113
23 12926 5401180443
23 12949 4475398355
23 12972 5424664213
23 12995 7220084050
23 13018 5850022743
23 13041 7194616381
23 13064 7181949803
23 13087 4464184630
23 13110 4294049987
23 13133 7149493339
23 13156 5348794783
23 13179 6535103142
23 13202 5330157868
23 13225 10641776057
23 13248 7082200500
23 13271 10604889485
23 13294 6673683904
23 13317 4091209220
23 13340 5275018304
23 13363 7021252131
23 13386 4983706469
23 13409 6997165503
23 13432 6985184055
23 13455 5229932677
23 13478 6010460752
23 13501 2070938372
23 13524 5203249347
23 13547 6925887077
23 13570 5185611214
23 13593 5757881424
23 13616 6890789676
23 13639 10318754187
23 13662 5150691273
23 13685 5142034649
23 13708 5933819102
23 13731 6000816415
23 13754 8933620550
23 13777 5129275937
23 13800 5099184360
23 13823 6712650994
23 13846 5082243548
23 13869 6765087045
23 13892 6753886570
23 13915 6742723121
23 13938 4137973722
23 13961 3818632106
23 13984 6709453106
23 14007 5023826956
23 14030 5015591174
23 14053 6676509801
23 14076 4999200353
23 14099 7098349395
23 14122 4384034333
23 14145 4974814010
23 14168 4966738013
23 14191 8271872411
23 14214 3604803658
23 14237 8974609507
23 14260 4934694542
23 14283 10608077277
23 14306 4520600100
23 14329 6547909291
23 14352 4903061885
23 14375 9790433972
23 14398 5002601138
23 14421 4879602259
23 14444 6336999324
23 14467 6485449107
23 14490 3885092846
23 14513 6278725150
23 14536 6454663747
23 14559 6444466806
23 14582 849490259
23 14605 6096772374
23 14628 4810551283
23 14651 6403999197
23 14674 4795471185
23 14697 6383955381
23 14720 6373980450
23 14743 8035833268
23 14766 3968624394
23 14789 9516362726
23 14812 8289430572
23 14835 3829121043
23 14858 4736084545
23 14881 3706063781
23 14904 6295289334
23 14927 6285589350
23 14950 4706939409
23 14973 4699709088
23 14996 6256667927
23 15019 9370629759
23 15042 3987264933
23 15065 6228011432
23 15088 6218517513
23 15111 6209052494
23 15134 4054373734
23 15157 1139820137
23 15180 3708497716
23 15203 9257218204
23 15226 3478635834
23 15249 4614646480
23 15272 6143595615
23 15295 4600767844
23 15318 4593859784
23 15341 9173944877
23 15364 3698143300
23 15387 4487719030
23 15410 3971095306
23 15433 5934402599
23 15456 4552843179
23 15479 8474119587
23 15502 6052444345
23 15525 6043477760
23 15548 6034537704
23 15571 4486545378
23 15594 3084490593
23 15617 5030355504
23 15640 4499280318
23 15663 4902542824
23 15686 4486085947
23 15709 303696512
23 15732 4472968737
23 15755 -24015815
23 15778 5106412204
23 15801 1555747287
23 15824 5929284140
23 15847 5920678502
23 15870 8182688842
23 15893 -16949831
23 15916 5197625826
23 15939 4414878234
23 15962 4187515053
23 15985 736537475
23 16008 4395848586
23 16031 5852722365
23 16054 3808746846
23 16077 4925252714
23 16100 4370729452
23 16123 4615984489
23 16146 4358277231
23 16169 5802770253
23 16192 5794527682
23 16215 4339731370
23 16238 2076092627
23 16261 4558905242
23 16284 4321342678
23 16307 8630495392
23 16330 3141561445
23 16353 5737478886
23 16376 5002734054
23 16399 9831615960
23 16422 3428023099
23 16445 4279035827
23 16468 5043533813
23 16491 2037378287
23 16514 2942046304
23 16537 -445695046
23 16560 4249320300
23 16583 4943515586
23 16606 3381761623
23 16629 3410190476
23 16652 3910571725
23 16675 5626686191
23 16698 3090334381
23 16721 -248565449
23 16744 4202624473
23 16767 8393719112
23 16790 2905919193
23 16813 4456635151
23 16836 4179659312
23 16859 -192186929
23 16882 356663102
23 16905 4162599478
23 16928 8313887544
23 16951 5000935008
23 16974 4145678342
23 16997 7379612374
23 17020 4134473805
23 17043 4128894219
23 17066 3396643095
23 17089 3031262793
23 17112 4112245452
23 17135 5475634212
23 17158 2525272855
23 17181 5010977311
23 17204 4090254834
23 17227 5173207216
23 17250 2515139001
23 17273 2452729581
23 17296 5424664213
23 17319 1676667579
23 17342 4057706387
23 17365 5403109256
23 17388 4046971714
23 17411 -270767912
23 17434 79420202
23 17457 6883796228
23 17480 4025671863
23 17503 4273073568
23 17526 2113657369
23 17549 4317390446
23 17572 4303311023
23 17595 3999360282
23 17618 4201651345
23 17641 5318575604
23 17664 4883238528
23 17687 6111032931
23 17710 3178712328
23 17733 2242093922
23 17756 4288457693
23 17779 4400786300
23 17802 3952856093
23 17825 5263674178
23 17848 4290626165
23 17871 3937594100
23 17894 3184423423
23 17917 5236646326
23 17940 3137959606
23 17963 4627320792
23 17986 8171516124
23 18009 5209894621
23 18032 5203249347
23 18055 5196621004
23 18078 3634701088
23 18101 7775122278
23 18124 3759146848
23 18147 2694003211
23 18170 3082318887
23 18193 3468130369
23 18216 3863018455
23 18239 5144196076
23 18262 3076486641
23 18285 3311427942
23 18308 3778013908
23 18331 -225641777
23 18354 6495905250
23 18377 5105566318
23 18400 5099184360
23 18423 4216326585
23 18446 1266455604
23 18469 4325552930
23 18492 2904836851
23 18515 7402729282
23 18538 3795918878
23 18561 3596087374
23 18584 4648646842
23 18607 7563685084
23 18630 3777173600
23 18653 7545032346
23 18676 3767870217
23 18699 1854041362
23 18722 3758612550
23 18745 4644173791
23 18768 3749400265
23 18791 4993081381
23 18814 1573621349
23 18837 3735666198
23 18860 3731110507
23 18883 -188891378
23 18906 1550497001
23 18929 -232246661
23 18952 3862975991
23 18975 3708497716
23 18998 3257227210
23 19021 91612628
23 19044 8055165148
23 19067 981217477
23 19090 1073747968
23 19113 2253937824
23 19136 4903061885
23 19159 4897175856
23 19182 1457344191
23 19205 3220231350
23 19228 3659701694
23 19251 4873772387
23 19274 1085269009
23 19297 3457558741
23 19320 2913819634
23 19343 7275887316
23 19366 868599156
23 19389 295037833
23 19412 4833350104
23 19435 4827630163
23 19458 3616442809
23 19481 4433433146
23 19504 4810551283
23 19527 1092348121
23 19550 3599424254
23 19573 8246373844
23 19596 2341436406
23 19619 7173530167
23 19642 2117249953
23 19665 3578374989
23 19688 3228964776
23 19711 -610653959
23 19734 2852690551
23 19757 7123424020
23 19780 3557570484
23 19803 3553438578
23 19826 583660698
23 19849 -212212862
23 19872 4721467000
23 19895 3370123003
23 19918 186588982
23 19941 3978443168
23 19964 3524781816
23 19987 4189817642
23 20010 2813343095
23 20033 3928940872
23 20056 4678150789
23 20079 3913015689
23 20102 7795862613
23 20125 4281131484
23 20148 2232533171
23 20171 -1778452679
23 20194 37528698
23 20217 -320867756
23 20240 3476716609
23 20263 1674573605
23 20286 3468832898
23 20309 -147714592
23 20332 3460984860
23 20355 2952590877
23 20378 3913343815
23 20401 217601795
23 20424 3445394838
23 20447 2588340166
23 20470 1960172761
23 20493 4578392243
23 20516 447271374
23 20539 4568138285
23 20562 2574097366
23 20585 2616858246
23 20608 4094899399
23 20631 14387500865
23 20654 4542703216
23 20677 4537650154
23 20700 3399456240
23 20723 4023094413
23 20746 3391918643
23 20769 3238076205
23 20792 2742323165
23 20815 1216201161
23 20838 3376943285
23 20861 108714416
23 20884 1323424143
23 20907 2688003073
23 20930 2689679662
23 20953 -917391968
23 20976 3354726553
23 20999 3461780606
23 21022 51879165
23 21045 2219859880
23 21068 1971328852
23 21091 3413606082
23 21114 3332800235
23 21137 6658347370
23 21160 8236970209
23 21183 4429258945
23 21206 307666025
23 21229 2054651820
23 21252 2648926940
23 21275 4410105393
23 21298 1513872856
23 21321 3344605986
23 21344 4395848586
23 21367 598804337
23 21390 2631837089
23 21413 4381683661
23 21436 3127443788
23 21459 981555029
23 21482 1747416627
23 21505 3272203867
23 21528 3268707923
23 21551 5629914270
23 21574 2570852541
23 21597 -306925404
23 21620 2844017097
23 21643 -1488608364
23 21666 1346439701
23 21689 6488887840
23 21712 4034200431
23 21735 3237577371
23 21758 3234154985
23 21781 3647732673
23 21804 1977793378
23 21827 3798703196
23 21850 3220537490
23 21873 42128073
23 21896 3213771655
23 21919 5661022381
23 21942 2229514158
23 21965 1753256867
23 21988 30607201
23 22011 5412948871
23 22034 2693983045
23 22057 2446199049
23 22080 3186990225
23 22103 1044287752
23 22126 3180364466
23 22149 2727044077
23 22172 4231688266
23 22195 2259524006
23 22218 8871540533
23 22241 6327839951
23 22264 3126354824
23 22287 3157389697
23 22310 1589926169
23 22333 265425620
23 22356 104396077
23 22379 2891265245
23 22402 -127259506
23 22425 3137959606
23 22448 3333740583
23 22471 -559509624
23 22494 1980093066
23 22517 3506757957
23 22540 3121949608
23 22563 2594147770
23 22586 233322224
23 22609 267294347
23 22632 2194952487
23 22655 1736548153
23 22678 3102951943
23 22701 1850269627
23 22724 3096670664
23 22747 7664558720
23 22770 4752935372
29 29 9706033679677
29 58 2426508419919
29 87 1617672279946
29 116 1213254209959
29 145 970603367967
29 174 539224093315
29 203 693288119976
29 232 606627104979
29 261 539224093315
29 290 323534455989
29 319 441183349076
29 348 269612046657
29 377 373308987679
29 406 231096039992
29 435 215689637326
29 464 303313552489
29 493 285471578814
29 522 179741364438
29 551 255421938938
29 580 161767227994
29 609 154064026661
29 638 147061116358
29 667 211000732166
29 696 134806023328
29 725 194120673593
29 754 124436329226
29 783 179741364438
29 812 115548019996
29 841 334690816540
29 870 80883613997
29 899 156548930317
29 928 151656776244
29 957 98040744239
29 986 95157192938
29 1015 92438415996
29 1044 89870682219
29 1073 131162617293
29 1102 85140646312
29 1131 82957552817
29 1160 80883613997
29 1189 118366264386
29 1218 57774009998
29 1247 112860856740
29 1276 73530558179
29 1305 71896545775
29 1334 70333577388
29 1363 103255677443
29 1392 67403011664
29 1421 99041159996
29 1450 64706891197
29 1479 63438128625
29 1508 62218164613
29 1537 91566355469
29 1566 59913788146
29 1595 58824446543
29 1624 57774009998
29 1653 56760430875
29 1682 83672704135
29 1711 82254522709
29 1740 40441806998
29 1769 79557653112
29 1798 52182976772
29 1827 51354675553
29 1856 75828388122
29 1885 49774531690
29 1914 36765279089
29 1943 72433087162
29 1972 47578596469
29 2001 46889051592
29 2030 34664405998
29 2059 68352349857
29 2088 44935341109
29 2117 66479682738
29 2146 43720872430
29 2175 43137927465
29 2204 42570323156
29 2233 42017461816
29 2262 31109082306
29 2291 61430592909
29 2320 40441806998
29 2349 59913788146
29 2378 39455421462
29 2407 58470082408
29 2436 28887004999
29 2465 38062877175
29 2494 37620285580
29 2523 55781802756
29 2552 36765279089
29 2581 54528279099
29 2610 26961204665
29 2639 35553236921
29 2668 35166788694
29 2697 34788651181
29 2726 34418559147
29 2755 34056258525
29 2784 33701505832
29 2813 50031101442
29 2842 33013719998
29 2871 32680248079
29 2900 32353445598
29 2929 48049671682
29 2958 23789298234
29 2987 47116668348
29 3016 31109082306
29 3045 23109603999
29 3074 30522118489
29 3103 45355297569
29 3132 29956894073
29 3161 44523090274
29 3190 22059167453
29 3219 29147248287
29 3248 28887004999
29 3277 42947051680
29 3306 21285161578
29 3335 28133430955
29 3364 41836352067
29 3393 27652517605
29 3422 27418174236
29 3451 27187769410
29 3480 20220903499
29 3509 40107577188
29 3538 26519217704
29 3567 26303614308
29 3596 26091488386
29 3625 38824134718
29 3654 19258003332
29 3683 38212731022
29 3712 37914194061
29 3741 25080190386
29 3770 18665449383
29 3799 37045930075
29 3828 18382639544
29 3857 24325898946
29 3886 24144362387
29 3915 23965515258
29 3944 23789298234
29 3973 35423480583
29 4002 17583394347
29 4031 34913790215
29 4060 17332202999
29 4089 22945706098
29 4118 22784116618
29 4147 22624787132
29 4176 22467670554
29 4205 33469081654
29 4234 22159894245
29 4263 22009146665
29 4292 21860436215
29 4321 32570582818
29 4350 16176722799
29 4379 32139184370
29 4408 21285161578
29 4437 21146042875
29 4466 15756548181
29 4495 20873190708
29 4524 15554541153
29 4553 30910935286
29 4582 20476864303
29 4611 20348078993
29 4640 20220903499
29 4669 20095307825
29 4698 19971262715
29 4727 29773109447
29 4756 19727710731
29 4785 14706111635
29 4814 19490027469
29 4843 29059981077
29 4872 14443502499
29 4901 28716075975
29 4930 14273578940
29 4959 18920143625
29 4988 18810142790
29 5017 28052120461
29 5046 18593934252
29 5075 18487683199
29 5104 18382639544
29 5133 18278782824
29 5162 18176093033
29 5191 27111825921
29 5220 13480602332
29 5249 26812247734
29 5278 13332463845
29 5307 17679478469
29 5336 17583394347
29 5365 17488348972
29 5394 13045744193
29 5423 17301307806
29 5452 17209279573
29 5481 17118225184
29 5510 12771096946
29 5539 25408465130
29 5568 16850752916
29 5597 25145164973
29 5626 16677033813
29 5655 12443632922
29 5684 16506859999
29 5713 24634603248
29 5742 12255093029
29 5771 24387019296
29 5800 16176722799
29 5829 16096241591
29 5858 16016557227
29 5887 23906486895
29 5916 11894649117
29 5945 15782168584
29 5974 15705556115
29 6003 15629683864
29 6032 15554541153
29 6061 15480117511
29 6090 9243841599
29 6119 23000079810
29 6148 15261059244
29 6177 15189411079
29 6206 15118432522
29 6235 15048114232
29 6264 14978447036
29 6293 14909421934
29 6322 14841030091
29 6351 14773262830
29 6380 11029583726
29 6409 14639568144
29 6438 10930218107
29 6467 21762407354
29 6496 14443502499
29 6525 14379309155
29 6554 14315683893
29 6583 21378928810
29 6612 10642580789
29 6641 21192213274
29 6670 10550036608
29 6699 10504365454
29 6728 22249980807
29 6757 20828398454
29 6786 10369694102
29 6815 13767423659
29 6844 13709087118
29 6873 13651242868
29 6902 10195413529
29 6931 20305509790
29 6960 10110451749
29 6989 20136999335
29 7018 13369192396
29 7047 19971262715
29 7076 13259608852
29 7105 13205487999
29 7134 9863855365
29 7163 13098560971
29 7192 13045744193
29 7221 12993351646
29 7250 12941378239
29 7279 19334728446
29 7308 9629001666
29 7337 12787923161
29 7366 12737577007
29 7395 9515719293
29 7424 18957097030
29 7453 18883334007
29 7482 9405071395
29 7511 12491677837
29 7540 9332724691
29 7569 19154065664
29 7598 12348643358
29 7627 18452535513
29 7656 9191319772
29 7685 12208847395
29 7714 9122212104
29 7743 12117395355
29 7772 12072181193
29 7801 17669777088
29 7830 8987068221
29 7859 17907811217
29 7888 11894649117
29 7917 8888309230
29 7946 11807826860
29 7975 11764889308
29 8004 8791697173
29 8033 17519916389
29 8062 11637930071
29 8091 11596217060
29 8120 8666101499
29 8149 17270522562
29 8178 8604639786
29 8207 17148469399
29 8236 11392058309
29 8265 8514064631
29 8294 8484295174
29 8323 11272977560
29 8352 11233835277
29 8381 16792445812
29 8410 16558992619
29 8439 11118022542
29 8468 11079947122
29 8497 16563197406
29 8526 8253429999
29 8555 10967269694
29 8584 10930218107
29 8613 10893416026
29 8642 10856860939
29 8671 10820550367
29 8700 8088361399
29 8729 10748653022
29 8758 10713061456
29 8787 10677704818
29 8816 10642580789
29 8845 10607687081
29 8874 7929766078
29 8903 15807872442
29 8932 7878274090
29 8961 10470370743
29 8990 7827446515
29 9019 15604555755
29 9048 7777270576
29 9077 15504846134
29 9106 10303645095
29 9135 7703201333
29 9164 10238432151
29 9193 14578020067
29 9222 7630529622
29 9251 15213218933
29 9280 10110451749
29 9309 10078955015
29 9338 7535740434
29 9367 10016546625
29 9396 9985631357
29 9425 9954906338
29 9454 9424498208
29 9483 9894020060
29 9512 9863855365
29 9541 9833874042
29 9570 5882444654
29 9599 14661682296
29 9628 9745013734
29 9657 9715749429
29 9686 9366027637
29 9715 9657744954
29 9744 7221751249
29 9773 14400643442
29 9802 9572025325
29 9831 9543789262
29 9860 7136789470
29 9889 9487813958
29 9918 7095053859
29 9947 14148737142
29 9976 9405071395
29 10005 7033357738
29 10034 7412659018
29 10063 13985639308
29 10092 10417229950
29 10121 13905492378
29 10150 6932881199
29 10179 9217505868
29 10208 9191319772
29 10237 13747923059
29 10266 6854543559
29 10295 9113646647
29 10324 9088046516
29 10353 6796942352
29 10382 7096203398
29 10411 13518152757
29 10440 6740301166
29 10469 13443259944
29 10498 8937415911
29 10527 8912794930
29 10556 6666231922
29 10585 8863957698
29 10614 6629804426
29 10643 7127968825
29 10672 8791697173
29 10701 8767871436
29 10730 6558130864
29 10759 8720605282
29 10788 6522872096
29 10817 13010769008
29 10846 6487990427
29 10875 8110306693
29 10904 8604639786
29 10933 16297175454
29 10962 6419334444
29 10991 1495431175
29 11020 6385548473
29 11049 7373453457
29 11078 7714907448
29 11107 12671062245
29 11136 8425376458
29 11165 6302619272
29 11194 6748112755
29 11223 8360063462
29 11252 8338516906
29 11281 12253315211
29 11310 4977453169
29 11339 8274538516
29 11368 8253429999
29 11397 8232428905
29 11426 8076615885
29 11455 8190745721
29 11484 6127546514
29 11513 12224223778
29 11542 7829442116
29 11571 6081474736
29 11600 8088361399
29 11629 8589048128
29 11658 5544571850
29 11687 8028150272
29 11716 8008278613
29 11745 7988505086
29 11774 13371461033
29 11803 7949249532
29 11832 5947324558
29 11861 10109895980
29 11890 5918313219
29 11919 7871884573
29 11948 7852778057
29 11977 7833764067
29 12006 5861131449
29 12035 7796010987
29 12064 7777270576
29 12093 6912701318
29 12122 5805044066
29 12151 11582379093
29 12180 4621920799
29 12209 10714933355
29 12238 7166821662
29 12267 7648568699
29 12296 7630529622
29 12325 7612575435
29 12354 5387886684
29 12383 7576919344
29 12412 6945451135
29 12441 5656196783
29 12470 5643042837
29 12499 9353207758
29 12528 7489223518
29 12557 6614482287
29 12586 5591033225
29 12615 7437573700
29 12644 6992103198
29 12673 7403534461
29 12702 5539973561
29 12731 5773047800
29 12760 5514791863
29 12789 7336382221
29 12818 5489838054
29 12847 8576887057
29 12876 5465109053
29 12905 7270437213
29 12934 6575597628
29 12963 7237907292
29 12992 7221751249
29 13021 10808500757
29 13050 5392240933
29 13079 7173712993
29 13108 6067858206
29 13137 7142040971
29 13166 3640580406
29 13195 5332985538
29 13224 5321290394
29 13253 10619292866
29 13282 6281503220
29 13311 7048680958
29 13340 5275018304
29 13369 6893867403
29 13398 4201746181
29 13427 10481677840
29 13456 10459088016
29 13485 5218297677
29 13514 6942799484
29 13543 10391899015
29 13572 5184847051
29 13601 6898389253
29 13630 5162783872
29 13659 6869096730
29 13688 6854543559
29 13717 6840051923
29 13746 4846031451
29 13775 6811251705
29 13804 5097706764
29 13833 6782692997
29 13862 5094908647
29 13891 9075574549
29 13920 5055225874
29 13949 6726288066
29 13978 6712333111
29 14007 5023826956
29 14036 6684596198
29 14065 6094415248
29 14094 6657087571
29 14123 8193553055
29 14152 6629804426
29 14181 6616246543
29 14210 4952057999
29 14239 8688581012
29 14268 4931927682
29 14297 14480532898
29 14326 4911960364
29 14355 4902037211
29 14384 6522872096
29 14413 6509747605
29 14442 3612448011
29 14471 8466216401
29 14500 6470689119
29 14529 4548863806
29 14558 2239569673
29 14587 9648144811
29 14616 4814500833
29 14645 5811284441
29 14674 4795471185
29 14703 4903870599
29 14732 5092905343
29 14761 3128520295
29 14790 3806287717
29 14819 6331398355
29 14848 9478548515
29 14877 6306714541
29 14906 4146035304
29 14935 5790703700
29 14964 3442476841
29 14993 6257919845
29 15022 4684379189
29 15051 5486424445
29 15080 4666362345
29 15109 8930754737
29 15138 13046881566
29 15167 7388787628
29 15196 5995798236
29 15225 4621920799
29 15254 5302632687
29 15283 6139173737
29 15312 4595659886
29 15341 9173944876
29 15370 4578317773
29 15399 6092927608
29 15428 4561106052
29 15457 6070064840
29 15486 3456334822
29 15515 4896090930
29 15544 6036090596
29 15573 4119993793
29 15602 5034731117
29 15631 6002494545
29 15660 4493534110
29 15689 681010636
29 15718 3241797435
29 15747 1734927217
29 15776 5947324558
29 15805 5395086623
29 15834 3555323692
29 15863 2801182286
29 15892 5903913430
29 15921 5893159489
29 15950 4411833490
29 15979 13922064372
29 16008 4395848586
29 16037 5850532658
29 16066 3995736575
29 16095 3112028387
29 16124 3429995608
29 16153 7031951957
29 16182 4348581397
29 16211 5787736243
29 16240 4333050749
29 16269 4325326951
29 16298 3918316944
29 16327 1246925335
29 16356 4302319893
29 16385 4622461999
29 16414 2198428985
29 16443 5706075061
29 16472 5696029154
29 16501 615411746
29 16530 3405625852
29 16559 3643930367
29 16588 4242147587
29 16617 4270278495
29 16646 4227366585
29 16675 5626686191
29 16704 5616917638
29 16733 -983931026
29 16762 975385941
29 16791 3368036922
29 16820 16685159653
29 16849 5162973229
29 16878 3080030786
29 16907 4084160918
29 16936 5539973561
29 16965 4147877640
29 16994 3206678947
29 17023 8018276444
29 17052 4126714999
29 17081 5492944923
29 17110 4112726135
29 17139 3293800827
29 17168 5465109053
29 17197 2044848298
29 17226 4085031009
29 17255 4078165411
29 17284 4168371613
29 17313 4374923945
29 17342 4057706387
29 17371 2987842039
29 17400 4044180699
29 17429 3229578202
29 17458 4030744883
29 17487 4802879708
29 17516 5356530728
29 17545 4628661264
29 17574 2678599714
29 17603 3692005272
29 17632 5321290394
29 17661 14585923349
29 17690 3382544206
29 17719 3551167941
29 17748 3964883039
29 17777 -848107715
29 17806 969195432
29 17835 3945542146
29 17864 3939137045
29 17893 1086518366
29 17922 3188669009
29 17951 7840091825
29 17980 3913723257
29 18009 5209894621
29 18038 2162049508
29 18067 1415354321
29 18096 3888635288
29 18125 7764826943
29 18154 2437162763
29 18183 3870029377
29 18212 5151822547
29 18241 5143632050
29 18270 3081280533
29 18299 7690993407
29 18328 4204909806
29 18357 4460394089
29 18386 1526993191
29 18415 4807888555
29 18444 3124378955
29 18473 5079033845
29 18502 14932704477
29 18531 4578896150
29 18560 5055225874
29 18589 4845635084
29 18618 5658336272
29 18647 4332684051
29 18676 3767870217
29 18705 3762028558
29 18734 3756204984
29 18763 4566377181
29 18792 4992815678
29 18821 4985122588
29 18850 3733089876
29 18879 3727355483
29 18908 4578128051
29 18937 7431878775
29 18966 2622569086
29 18995 4216844631
29 19024 4931927682
29 19053 4254749604
29 19082 2876597830
29 19111 5085807950
29 19140 2941222327
29 19169 4713796677
29 19198 3669022109
29 19227 3659892036
29 19256 3143023672
29 19285 3648884841
29 19314 3643406035
29 19343 7275887316
29 19372 3374661812
29 19401 2915674039
29 19430 2657443583
29 19459 3493331518
29 19488 3610875624
29 19517 -1380804441
29 19546 2655713893
29 19575 4793103051
29 19604 4786012662
29 19633 2683287170
29 19662 2578965845
29 19691 3918948074
29 19720 3568394735
29 19749 746226224
29 19778 3557930234
29 19807 5954835568
29 19836 3547526929
29 19865 2523195598
29 19894 3312647075
29 19923 3041374003
29 19952 4702535697
29 19981 4486682125
29 20010 2813343095
29 20039 722673107
29 20068 2612919626
29 20097 3501455151
29 20126 1635106177
29 20155 2525092664
29 20184 14126528444
29 20213 4641814289
29 20242 1254065045
29 20271 3572548373
29 20300 3466440599
29 20329 4575243920
29 20358 2033771938
29 20387 4602197097
29 20416 4595659886
29 20445 1540407488
29 20474 1091291337
29 20503 2674710781
29 20532 2831356351
29 20561 -1573268484
29 20590 2959673712
29 20619 3089575681
29 20648 3782373960
29 20677 4537650154
29 20706 2718776941
29 20735 3393718069
29 20764 2410798279
29 20793 810882490
29 20822 1721459738
29 20851 2333297716
29 20880 3370150583
29 20909 3586777135
29 20938 1958671934
29 20967 3684409380
29 20996 3150449842
29 21025 13538218328
29 21054 2427991830
29 21083 1017569426
29 21112 3333115961
29 21141 6199143791
29 21170 2478065407
29 21199 3807879173
29 21228 2227213777
29 21257 2454134962
29 21286 1470730998
29 21315 3301371999
29 21344 4395848586
29 21373 3404545832
29 21402 3287951788
29 21431 -1386147792
29 21460 9560949554
29 21489 3274640242
29 21518 5381770832
29 21547 -228690681
29 21576 8405649914
29 21605 3442219763
29 21634 2458048436
29 21663 3701216919
29 21692 3243995213
29 21721 2302055880
29 21750 2399356849
29 21779 6462073022
29 21808 4302319893
29 21837 1197419019
29 21866 6954517452
29 21895 4285224582
29 21924 7605612735
29 21953 635060096
29 21982 18404909
29 22011 6629547395
29 22040 3192774236
29 22069 198329668
29 22098 1586628900
29 22127 2924450663
29 22156 2104852958
29 22185 3171906431
29 22214 1881406473
29 22243 4062357518
29 22272 2963149734
29 22301 -694675283
29 22330 2521047709
29 22359 1600651095
29 22388 1084057009
29 22417 880726832
29 22446 2942545429
29 22475 4174638141
29 22504 3045390884
29 22533 3122919459
29 22562 808737011
29 22591 4153202259
29 22620 2488726584
29 22649 797339214
29 22678 3102951943
29 22707 12215864587
29 22736 4126714999
29 22765 4121458038
31 31 9079837958408
31 62 2269959489602
31 93 1513306326401
31 124 1134979744801
31 155 907983795840
31 186 504435442133
31 217 648559854172
31 248 567489872400
31 279 504435442133
31 310 302661265280
31 341 412719907200
31 372 252217721066
31 403 349224536861
31 434 216186618057
31 465 201774176853
31 496 283744936200
31 527 267054057600
31 558 168145147377
31 589 238943104168
31 620 151330632640
31 651 144124412038
31 682 137573302400
31 713 197387781704
31 744 126108860533
31 775 181596759168
31 806 116408178953
31 837 168145147377
31 868 108093309028
31 899 156548930317
31 930 75665316320
31 961 292897998658
31 992 141872468100
31 1023 91715534933
31 1054 89018019200
31 1085 86474647222
31 1116 84072573688
31 1147 122700512951
31 1178 79647701389
31 1209 77605452635
31 1240 75665316320
31 1271 110729731200
31 1302 54046654514
31 1333 105579511144
31 1364 68786651200
31 1395 67258058951
31 1426 65795927234
31 1457 96594020834
31 1488 63054430266
31 1519 92651407738
31 1550 60532253056
31 1581 59345346133
31 1612 58204089476
31 1643 85658848664
31 1674 56048382459
31 1705 55029320960
31 1736 54046654514
31 1767 53098467593
31 1798 52182976772
31 1829 76947779309
31 1860 37832658160
31 1891 74424901298
31 1922 73224499664
31 1953 48041470679
31 1984 70936234050
31 2015 46563271581
31 2046 34393325600
31 2077 67759984764
31 2108 44509009600
31 2139 43863951489
31 2170 32427992708
31 2201 63942520834
31 2232 42036286844
31 2263 62190670948
31 2294 40900170983
31 2325 40354835370
31 2356 39823850694
31 2387 39306657828
31 2418 29102044738
31 2449 57467328851
31 2480 37832658160
31 2511 56048382459
31 2542 36909910400
31 2573 54697819027
31 2604 27023327257
31 2635 35607207680
31 2666 35193170381
31 2697 34788651181
31 2728 34393325600
31 2759 51010325609
31 2790 25221772106
31 2821 33259479701
31 2852 32897963617
31 2883 48816333109
31 2914 32198006944
31 2945 31859080555
31 2976 31527215133
31 3007 46803288445
31 3038 30883802579
31 3069 30571844977
31 3100 30266126528
31 3131 44949692863
31 3162 22254504800
31 3193 44076883293
31 3224 29102044738
31 3255 21618661805
31 3286 28552949554
31 3317 42429149338
31 3348 28024191229
31 3379 41650632837
31 3410 20635995360
31 3441 27266780655
31 3472 27023327257
31 3503 40176274152
31 3534 19911925347
31 3565 26318370893
31 3596 26091488386
31 3627 25868484211
31 3658 25649259769
31 3689 25433719771
31 3720 18916329080
31 3751 37519991563
31 3782 24808300432
31 3813 24606606933
31 3844 36612249832
31 3875 36319351833
31 3906 18015551504
31 3937 35747393537
31 3968 35468117025
31 3999 23462113587
31 4030 17461226843
31 4061 34655870070
31 4092 17196662800
31 4123 22756486111
31 4154 22586661588
31 4185 22419352983
31 4216 22254504800
31 4247 33138094739
31 4278 16448981808
31 4309 32661287620
31 4340 16213996354
31 4371 21465337963
31 4402 21314173611
31 4433 21165123446
31 4464 21018143422
31 4495 20873190708
31 4526 20730223649
31 4557 20589201719
31 4588 20450085491
31 4619 30469254894
31 4650 15133063264
31 4681 30065688604
31 4712 19911925347
31 4743 19781782044
31 4774 14739996685
31 4805 29289799865
31 4836 14551022369
31 4867 28916681396
31 4898 19155776283
31 4929 19035299703
31 4960 18916329080
31 4991 18798836352
31 5022 18682794153
31 5053 27852263676
31 5084 18454955200
31 5115 13757330240
31 5146 18232606342
31 5177 27185143588
31 5208 13511663628
31 5239 26863425912
31 5270 13352702880
31 5301 17699489197
31 5332 17596585190
31 5363 26242306238
31 5394 13045744193
31 5425 17294929444
31 5456 17196662800
31 5487 17099506513
31 5518 17003441869
31 5549 25362675861
31 5580 12610886053
31 5611 25082425299
31 5642 12472304887
31 5673 16538866955
31 5704 16448981808
31 5735 16360068393
31 5766 18452198388
31 5797 16185094400
31 5828 16099003472
31 5859 16013823559
31 5890 11947155208
31 5921 23769209315
31 5952 15763607566
31 5983 23522896265
31 6014 15601096148
31 6045 11640817895
31 6076 15441901289
31 6107 23045274006
31 6138 11464441866
31 6169 22813663212
31 6200 15133063264
31 6231 15057774392
31 6262 14983230954
31 6293 14909421934
31 6324 11127252400
31 6355 14763964160
31 6386 14692294431
31 6417 14621317163
31 6448 14551022369
31 6479 14481400252
31 6510 8647464722
31 6541 21516203693
31 6572 14276474777
31 6603 14209449074
31 6634 14143049779
31 6665 14077268152
31 6696 14012095614
31 6727 20921285618
31 6758 13883544278
31 6789 13820149099
31 6820 10317997680
31 6851 13695079876
31 6882 10225042745
31 6913 20358381073
31 6944 13511663628
31 6975 13451611790
31 7006 13392091384
31 7037 19999643080
31 7068 9955962673
31 7099 19824973708
31 7130 9869389085
31 7161 9826664457
31 7192 13045744193
31 7223 19484630812
31 7254 9700681579
31 7285 12879202777
31 7316 12824629884
31 7347 12770517522
31 7378 9537644914
31 7409 18995476900
31 7440 9458164540
31 7471 18837838088
31 7502 12506663854
31 7533 18682794153
31 7564 12404150216
31 7595 12353521031
31 7626 9227477600
31 7657 12253492521
31 7688 18306124916
31 7719 12155070894
31 7750 12106450611
31 7781 18087326610
31 7812 9007775752
31 7843 11962895860
31 7874 11915797845
31 7905 8901801920
31 7936 17734058512
31 7967 17665054394
31 7998 8798292595
31 8029 11685763138
31 8060 8730613421
31 8091 11596217060
31 8122 11551956690
31 8153 17262049351
31 8184 8598331400
31 8215 11421179821
31 8246 8533682291
31 8277 11335627913
31 8308 11293330794
31 8339 16877022228
31 8370 8407257368
31 8401 16752468558
31 8432 11127252400
31 8463 8314869925
31 8494 11046031579
31 8525 11005864192
31 8556 8224490904
31 8587 16389599203
31 8618 10887095873
31 8649 16272111036
31 8680 8106998177
31 8711 16156295300
31 8742 8049501736
31 8773 16042116534
31 8804 10657086805
31 8835 7964770138
31 8866 7936921292
31 8897 10545688685
31 8928 10509071711
31 8959 15709062211
31 8990 7827446515
31 9021 10400730765
31 9052 10365111824
31 9083 15494604025
31 9114 7720950644
31 9145 10259703907
31 9176 10225042745
31 9207 10190614992
31 9238 10156418297
31 9269 10122450343
31 9300 7566531632
31 9331 10055191537
31 9362 10021896201
31 9393 9988820636
31 9424 9955962673
31 9455 9923320173
31 9486 7418168266
31 9517 14788009704
31 9548 7369998342
31 9579 9794862954
31 9610 9763266621
31 9641 13523512341
31 9672 7275511184
31 9703 14504533480
31 9734 9638893798
31 9765 7206220601
31 9796 9577888141
31 9827 14321510975
31 9858 7138237388
31 9889 9487813958
31 9920 9458164540
31 9951 9428699852
31 9982 7049563632
31 10013 9370317810
31 10044 9341397076
31 10075 9312654316
31 10106 8116975671
31 10137 9255696185
31 10168 9227477600
31 10199 9199430555
31 10230 5502932096
31 10261 13715767309
31 10292 9116303171
31 10323 9088926885
31 10354 8681520781
31 10385 9034664635
31 10416 6755831814
31 10447 12748885400
31 10478 8954475304
31 10509 8928060922
31 10540 6676351440
31 10571 16665459475
31 10602 6637308449
31 10633 13235915391
31 10664 8798292595
31 10695 6579592723
31 10726 8747435412
31 10757 13083339998
31 10788 6522872096
31 10819 12259518661
31 10850 6485598541
31 10881 8622828070
31 10912 8598331400
31 10943 6097809243
31 10974 6412314942
31 11005 8525669444
31 11036 8501720934
31 11067 6358429942
31 11098 7331172246
31 11129 12646013870
31 11160 6305443026
31 11191 12575952850
31 11222 8154459832
31 11253 8337775903
31 11284 6236152443
31 11315 8292089459
31 11346 6202075108
31 11377 9965785506
31 11408 8224490904
31 11439 8202202311
31 11470 6135025647
31 11501 8157985587
31 11532 24467281408
31 11563 7017359091
31 11594 6069410400
31 11625 8070967074
31 11656 8049501736
31 11687 8028150272
31 11718 6005183834
31 11749 11978678045
31 11780 5973577604
31 11811 7372644674
31 11842 7272335014
31 11873 11853574358
31 11904 7881803783
31 11935 5895998674
31 11966 5338766348
31 11997 7820704529
31 12028 7800548074
31 12059 10507553688
31 12090 4656327158
31 12121 7740697321
31 12152 7720950644
31 12183 6647077595
31 12214 6754316241
31 12245 7662310513
31 12276 5732220933
31 12307 11435564179
31 12338 7604554404
31 12369 5689121527
31 12400 7566531632
31 12431 10337954976
31 12462 5373480773
31 12493 11265307640
31 12524 7491615477
31 12555 7473117661
31 12586 5591033225
31 12617 7436394724
31 12648 5563626200
31 12679 7361085035
31 12710 5536486560
31 12741 7364021053
31 12772 7346147215
31 12803 7328359934
31 12834 5482993936
31 12865 7293042536
31 12896 7275511184
31 12927 5811805147
31 12958 5430525094
31 12989 10835128829
31 13020 4323732361
31 13051 7966959393
31 13082 7172067897
31 13113 7155112654
31 13144 7138237388
31 13175 7121441536
31 13206 4568767008
31 13237 7088085837
31 13268 6118449014
31 13299 5291280861
31 13330 5278975557
31 13361 10533454708
31 13392 7006047807
31 13423 9224742482
31 13454 14750149588
31 13485 5218297677
31 13516 6941772139
31 13547 6925887077
31 13578 5182555912
31 13609 8546030365
31 13640 5158998840
31 13671 6863067239
31 13702 5135654953
31 13733 7137511106
31 13764 5112521372
31 13795 6801376747
31 13826 3445772963
31 13857 6016364603
31 13888 6755831814
31 13919 10111178127
31 13950 5044354421
31 13981 6710892800
31 14012 6031820867
31 14043 6681264134
31 14074 5751641563
31 14105 4988921955
31 14136 4977981336
31 14167 5673990486
31 14198 5798448098
31 14229 6593927348
31 14260 4934694542
31 14291 6603252459
31 14322 3930665782
31 14353 -2218076147
31 14384 6522872096
31 14415 8756579552
31 14446 6494876937
31 14477 9721453917
31 14508 4850340789
31 14539 6453331882
31 14570 4166908560
31 14601 6013599333
31 14632 6412314942
31 14663 6398758251
31 14694 4582123657
31 14725 6371816111
31 14756 4768822457
31 14787 6020507118
31 14818 5338956964
31 14849 7676525917
31 14880 4729082270
31 14911 6292333997
31 14942 6279279362
31 14973 4699709088
31 15004 3634820460
31 15035 5748919713
31 15066 4573116155
31 15097 4982779441
31 15128 6202075108
31 15159 5805335072
31 15190 4632570386
31 15221 7259477784
31 15252 4613738800
31 15283 6139173737
31 15314 4595059695
31 15345 4585776746
31 15376 13632414641
31 15407 6089763888
31 15438 3580631554
31 15469 8890456503
31 15500 6053225305
31 15531 4968194380
31 15562 4556669960
31 15593 9025683855
31 15624 4503887876
31 15655 5488809116
31 15686 4486085947
31 15717 5969650202
31 15748 4857710490
31 15779 3017880061
31 15810 3560720768
31 15841 5922921042
31 15872 2786657216
31 15903 5899829732
31 15934 2661659775
31 15965 5876917772
31 15996 4399146297
31 16027 5854183080
31 16058 4382161176
31 16089 5195055683
31 16120 4365306710
31 16151 3690152297
31 16182 4348581397
31 16213 6511223923
31 16244 3861094611
31 16275 4323732361
31 16306 3121787465
31 16337 13093999202
31 16368 4299165700
31 16399 7332538970
31 16430 3578152138
31 16461 5699835504
31 16492 4266841145
31 16523 5678447753
31 16554 3194875851
31 16585 5491431596
31 16616 5263095923
31 16647 4377145229
31 16678 3897923710
31 16709 5615236832
31 16740 4203628684
31 16771 3410998274
31 16802 2860880256
31 16833 3409618363
31 16864 5563626200
31 16895 4465729275
31 16926 3325947970
31 16957 5810702036
31 16988 5339420233
31 17019 4760113015
31 17050 4127199072
31 17081 5492944923
31 17112 4112245452
31 17143 5067472891
31 17174 3561751308
31 17205 4090017098
31 17236 5222355112
31 17267 2558508842
31 17298 7671772150
31 17329 5414333904
31 17360 4053499088
31 17391 4046273600
31 17422 1636999882
31 17453 4041015756
31 17484 3850060622
31 17515 4314759213
31 17546 2344491748
31 17577 5337941186
31 17608 2263775564
31 17639 7978767978
31 17670 3185908055
31 17701 2046242626
31 17732 3968460646
31 17763 4193199363
31 17794 3954633257
31 17825 5263674178
31 17856 5254535855
31 17887 7868143811
31 17918 4068745633
31 17949 1548818272
31 17980 3913723257
31 18011 4470607302
31 18042 6691451072
31 18073 5191445373
31 18104 5182555912
31 18135 3880272631
31 18166 3133766491
31 18197 342643565
31 18228 3860475322
31 18259 8797885745
31 18290 3363148089
31 18321 3166632431
31 18352 5112521372
31 18383 1540756364
31 18414 3821480622
31 18445 3815057965
31 18476 4373418853
31 18507 3809644080
31 18538 3795918878
31 18569 1700654937
31 18600 3783265816
31 18631 2401760746
31 18662 2206488339
31 18693 4130442704
31 18724 5010948100
31 18755 4780359056
31 18786 2835084074
31 18817 4977592702
31 18848 4977981336
31 18879 3727355483
31 18910 3051573725
31 18941 4953539529
31 18972 3709084133
31 19003 -1346668490
31 19034 1707239032
31 19065 3690991040
31 19096 3684999171
31 19127 1537443727
31 19158 4697456142
31 19189 7334279449
31 19220 7812263652
31 19251 4873772387
31 19282 1005462457
31 19313 3340678941
31 19344 3637755592
31 19375 7263870366
31 19406 2714747578
31 19437 3620350063
31 19468 4064865971
31 19499 4811784821
31 19530 2882488240
31 19561 -2178845081
31 19592 4788944070
31 19623 3870654934
31 19654 1099271192
31 19685 3774411304
31 19716 4548456196
31 19747 4751354243
31 19778 3557930234
31 19809 3890564295
31 19840 4224599005
31 19871 3671630930
31 19902 5552819679
31 19933 5800468328
31 19964 3524781816
31 19995 3106987172
31 20026 3513869178
31 20057 5076066980
31 20088 4670698538
31 20119 4522068180
31 20150 3492245368
31 20181 7579804923
31 20212 3951158090
31 20243 6952402725
31 20274 3420127377
31 20305 3361425203
31 20336 4613738800
31 20367 3550731750
31 20398 2695205530
31 20429 1435153016
31 20460 2751466048
31 20491 4707996508
31 20522 2855673942
31 20553 3423769969
31 20584 3390543148
31 20615 3413472916
31 20646 3408347581
31 20677 4537650154
31 20708 2641666383
31 20739 2815728348
31 20770 4921964637
31 20801 4510600078
31 20832 3377915907
31 20863 2638201645
31 20894 2224381562
31 20925 4483870596
31 20956 4477237652
31 20987 708019312
31 21018 1870543229
31 21049 3552286357
31 21080 3338175720
31 21111 662691347
31 21142 12214236180
31 21173 3058070562
31 21204 3318654224
31 21235 3007574221
31 21266 2537989175
31 21297 1237041800
31 21328 4399146297
31 21359 4025746665
31 21390 2631837089
31 21421 2316228334
31 21452 1931741064
31 21483 3275554819
31 21514 3101054476
31 21545 4133645525
31 21576 3040381858
31 21607 4342342400
31 21638 2488588772
31 21669 4329917958
31 21700 4526870143
31 21731 4884936150
31 21762 3233560526
31 21793 4305281156
31 21824 4299165700
31 21855 5557022338
31 21886 1388232010
31 21917 4045672189
31 21948 2846317012
31 21979 5648689847
31 22010 3985992804
31 22041 2977258618
31 22072 3374368715
31 22103 11690407841
31 22134 3373682069
31 22165 3174768516
31 22196 762748702
31 22227 2383761506
31 22258 1555227019
31 22289 2454407260
31 22320 3152721513
31 22351 2937739552
31 22382 2759882637
31 22413 2926127385
31 22444 2984321151
31 22475 4174638141
31 22506 4934060183
31 22537 1230755557
31 22568 3118076221
31 22599 6227598051
31 22630 5123060360
31 22661 4140372986
31 22692 6068161234
31 22723 3908312356
31 22754 648753735
31 22785 5635201944
37 37 7607431802990
37 74 1901857950747
37 111 1267905300498
37 148 950928975373
37 185 760743180299
37 222 422635100166
37 259 543387985927
37 296 475464487686
37 333 422635100166
37 370 253581060099
37 407 345792354681
37 444 211317550083
37 481 292593530884
37 518 181129328642
37 555 169054040066
37 592 237732243843
37 629 223747994205
37 666 140878366722
37 703 200195573762
37 740 126790530049
37 777 120752885761
37 814 115264118227
37 851 165378952238
37 888 105658775041
37 925 152148636059
37 962 97531176961
37 999 140878366722
37 1036 90564664321
37 1073 131162617292
37 1110 63395265024
37 1147 122700512951
37 1184 118866121921
37 1221 76842745484
37 1258 74582664735
37 1295 72451731457
37 1332 70439183361
37 1369 205606264945
37 1406 66731857920
37 1443 65020784640
37 1480 63395265024
37 1517 92773558573
37 1554 45282332160
37 1591 88458509337
37 1628 57632059113
37 1665 56351346688
37 1702 55126317412
37 1739 80930125564
37 1776 52829387520
37 1813 77626855132
37 1850 50716212019
37 1887 49721776490
37 1924 48765588480
37 1961 71768224557
37 1998 46959455574
37 2035 46105647290
37 2072 45282332160
37 2109 44487905280
37 2146 43720872430
37 2183 64469761042
37 2220 31697632512
37 2257 62355998385
37 2294 40900170983
37 2331 40250961920
37 2368 59433060960
37 2405 39012470784
37 2442 28816029556
37 2479 56771879127
37 2516 37291332367
37 2553 36750878275
37 2590 27169399296
37 2627 53573463401
37 2664 35219591680
37 2701 52105697281
37 2738 51401566236
37 2775 33810808013
37 2812 33365928960
37 2849 32932605207
37 2886 24382794240
37 2923 48148302551
37 2960 31697632512
37 2997 46959455574
37 3034 30924519524
37 3071 45827902428
37 3108 22641166080
37 3145 29833065894
37 3182 29486169779
37 3219 29147248287
37 3256 28816029556
37 3293 42738380916
37 3330 21131755008
37 3367 27866050560
37 3404 27563158706
37 3441 27266780655
37 3478 26976708521
37 3515 26692743168
37 3552 26414693760
37 3589 39213565995
37 3626 25875618377
37 3663 25614248494
37 3700 25358106009
37 3737 37660553480
37 3774 18645666183
37 3811 36929280597
37 3848 24382794240
37 3885 18112932864
37 3922 23922741518
37 3959 35548746743
37 3996 23479727787
37 4033 34896476161
37 4070 17289617734
37 4107 34267710824
37 4144 22641166080
37 4181 33661202668
37 4218 16682964480
37 4255 22050526965
37 4292 21860436215
37 4329 21673594880
37 4366 21489920347
37 4403 21309332781
37 4440 15848816256
37 4477 31435668607
37 4514 20785332795
37 4551 20616346349
37 4588 20450085491
37 4625 30429727211
37 4662 15094110720
37 4699 29950518909
37 4736 29716530480
37 4773 19657446519
37 4810 14629676544
37 4847 29035999248
37 4884 14408014778
37 4921 19066245120
37 4958 18923959708
37 4995 18783782229
37 5032 18645666183
37 5069 27764349646
37 5106 13781579353
37 5143 27364862601
37 5180 13584699648
37 5217 17984472347
37 5254 17857821133
37 5291 17732941265
37 5328 17609795840
37 5365 17488348972
37 5402 17368565760
37 5439 17250412251
37 5476 25700783118
37 5513 25528294641
37 5550 12679053004
37 5587 25190171533
37 5624 16682964480
37 5661 16573925496
37 5698 12349726952
37 5735 16360068393
37 5772 12191397120
37 5809 24227489818
37 5846 16049434183
37 5883 15948494345
37 5920 15848816256
37 5957 15750376403
37 5994 15653151858
37 6031 23335680377
37 6068 15462259762
37 6105 11526411822
37 6142 15275967475
37 6179 22776741925
37 6216 11320583040
37 6253 22507194683
37 6290 11187399710
37 6327 14829301760
37 6364 14743084889
37 6401 21986797118
37 6438 10930218107
37 6475 14490346291
37 6512 14408014778
37 6549 14326613564
37 6586 14246126971
37 6623 21249809506
37 6660 10565877504
37 6697 21015004981
37 6734 10449768960
37 6771 13856888530
37 6808 13781579353
37 6845 20560626494
37 6882 10225042745
37 6919 13560484497
37 6956 13488354260
37 6993 13416987306
37 7030 10009778688
37 7067 19914742940
37 7104 13207346880
37 7141 19708372547
37 7178 13071188664
37 7215 9753117696
37 7252 12937809188
37 7289 19308202546
37 7326 9605343185
37 7363 19114150259
37 7400 12679053004
37 7437 12615973139
37 7474 12553517826
37 7511 12491677837
37 7548 9322833091
37 7585 12369807809
37 7622 12309760199
37 7659 12250292758
37 7696 12191397120
37 7733 12133065076
37 7770 7245173145
37 7807 18027089581
37 7844 11961370759
37 7881 11905214089
37 7918 11849582247
37 7955 11794467911
37 7992 11739863893
37 8029 11685763138
37 8066 11632158720
37 8103 11579043840
37 8140 8644808867
37 8177 11474256113
37 8214 11422570274
37 8251 17057021980
37 8288 11320583040
37 8325 11270269337
37 8362 11220400889
37 8399 16756457716
37 8436 8341482240
37 8473 16610113107
37 8510 8268947611
37 8547 8233151301
37 8584 10930218107
37 8621 16324960951
37 8658 8127598080
37 8695 10790683408
37 8732 10744960173
37 8769 10699622789
37 8806 7990999793
37 8843 15915129295
37 8880 7924408128
37 8917 15783053533
37 8954 10478556202
37 8991 15653151858
37 9028 10392666397
37 9065 10350247351
37 9102 7731129881
37 9139 10266439680
37 9176 10225042745
37 9213 10183978317
37 9250 10143242403
37 9287 15154246620
37 9324 7547055360
37 9361 10022966802
37 9398 9656109404
37 9435 7458266473
37 9472 14858265240
37 9509 14800450979
37 9546 7371542444
37 9583 18160791841
37 9620 7314838272
37 9657 9715749429
37 9694 9678666416
37 9731 14462798105
37 9768 7204007389
37 9805 9569096607
37 9842 7149841920
37 9879 9497417981
37 9916 9461979854
37 9953 9708566192
37 9990 7043918336
37 10027 14035852035
37 10064 9322833091
37 10101 6966512640
37 10138 8102767957
37 10175 9221129458
37 10212 6890789676
37 10249 12189378910
37 10286 8652667380
37 10323 9088926885
37 10360 6792349824
37 10397 13536355521
37 10434 6744177130
37 10471 13440692231
37 10508 8928910566
37 10545 6673185792
37 10582 6649852974
37 10619 8835577006
37 10656 8804897920
37 10693 13161646717
37 10730 6558130864
37 10767 8714125776
37 10804 8684282880
37 10841 12981965534
37 10878 6468904594
37 10915 8595968138
37 10952 12850391559
37 10989 8538082831
37 11026 8008073093
37 11063 8480971909
37 11100 6339526502
37 11137 8424619936
37 11174 8396723844
37 11211 8369011884
37 11248 8341482240
37 11285 8314133118
37 11322 6215222061
37 11359 12389954077
37 11396 6174863476
37 11433 8206506799
37 11470 6135025647
37 11507 12230597754
37 11544 6095698560
37 11581 12152446970
37 11618 8075829939
37 11655 6037644288
37 11692 8024717091
37 11729 11277201480
37 11766 5980685379
37 11803 7949249532
37 11840 7924408128
37 11877 7677415013
37 11914 5906391151
37 11951 7850806814
37 11988 7826575929
37 12025 7802494156
37 12062 7778560125
37 12099 7576520148
37 12136 7731129881
37 12173 7707631006
37 12210 4610564729
37 12247 9958586942
37 12284 7637983737
37 12321 11422570274
37 12358 7592247308
37 12395 7569583883
37 12432 5660291520
37 12469 6261163554
37 12506 6524878196
37 12543 6965101300
37 12580 5593699855
37 12617 7436394724
37 12654 5560988160
37 12691 11089550733
37 12728 7371542444
37 12765 5512631741
37 12802 7328932372
37 12839 10171237934
37 12876 5465109053
37 12913 7975216834
37 12950 5433879859
37 12987 7224531626
37 13024 7204007389
37 13061 7322666740
37 13098 5372480086
37 13135 6930100289
37 13172 7123063485
37 13209 5327333195
37 13246 6758992531
37 13283 10595308918
37 13320 5282938752
37 13357 10536609145
37 13394 5697380499
37 13431 6985704134
37 13468 5224884480
37 13505 6947426304
37 13542 5196333198
37 13579 10364348505
37 13616 6890789676
37 13653 6872115449
37 13690 12317176012
37 13727 6835069005
37 13764 5112521372
37 13801 10197629763
37 13838 5085181686
37 13875 6762161602
37 13912 6744177130
37 13949 6726288066
37 13986 5031370240
37 14023 7221550133
37 14060 5004889344
37 14097 4941733209
37 14134 5256760481
37 14171 9931373111
37 14208 6603673440
37 14245 4939890781
37 14282 5734701981
37 14319 6552482173
37 14356 6535594332
37 14393 5220346895
37 14430 3901247078
37 14467 6485449107
37 14504 6468904594
37 14541 6265280577
37 14578 5733538382
37 14615 6419773673
37 14652 4802671592
37 14689 9088325387
37 14726 4787155246
37 14763 4766561280
37 14800 6339526502
37 14837 9485575814
37 14874 4170858515
37 14911 6292333997
37 14948 5728900069
37 14985 6261260743
37 15022 4684379189
37 15059 12077556239
37 15096 4661416545
37 15133 8111007708
37 15170 4638677928
37 15207 4822429195
37 15244 5770129625
37 15281 6139977242
37 15318 4593859784
37 15355 6110386990
37 15392 6095698560
37 15429 5025095961
37 15466 4549899403
37 15503 7208022224
37 15540 3622586572
37 15577 6765181354
37 15614 5358295103
37 15651 5994824115
37 15688 5980685379
37 15725 5966613178
37 15762 3842177063
37 15799 5938666512
37 15836 4743897245
37 15873 4433235316
37 15910 4422925466
37 15947 4270225565
37 15984 5869931946
37 16021 7772905070
37 16058 4382161176
37 16095 8152263811
37 16132 4938370081
37 16169 5802770253
37 16206 3254453004
37 16243 3214697622
37 16280 4322404433
37 16317 5750137417
37 16354 4302846042
37 16391 7831685215
37 16428 16615017249
37 16465 4884684249
37 16502 4261515476
37 16539 5672954364
37 16576 5660291520
37 16613 8471527620
37 16650 4226351001
37 16687 5622639913
37 16724 5610200444
37 16761 5597815896
37 16798 4587340143
37 16835 4179907584
37 16872 4170741120
37 16909 7952051837
37 16946 4035881283
37 16983 5524641832
37 17020 4134473805
37 17057 2006656478
37 17094 3293260520
37 17131 6888107601
37 17168 5465109053
37 17205 4090017098
37 17242 5441653650
37 17279 7244477318
37 17316 4063799040
37 17353 5406845631
37 17390 3851496675
37 17427 4216278189
37 17464 4639444866
37 17501 5361121778
37 17538 6593365593
37 17575 5338548633
37 17612 3995499896
37 17649 5316164781
37 17686 3706268619
37 17723 -932497992
37 17760 3962204064
37 17797 7907933267
37 17834 4137150275
37 17871 3937594100
37 17908 5239278101
37 17945 5228475465
37 17982 2117017787
37 18019 238766292
37 18056 5196333198
37 18093 4656548040
37 18130 3881342756
37 18167 1840357932
37 18204 3865564940
37 18241 5143632050
37 18278 3849914880
37 18315 3842137274
37 18352 5112521372
37 18389 4715907209
37 18426 2570422521
37 18463 -409132162
37 18500 5071621201
37 18537 3209308844
37 18574 2425059493
37 18611 7057576181
37 18648 3773527680
37 18685 4359667831
37 18722 3758612550
37 18759 5001598818
37 18796 3803738591
37 18833 7472919256
37 18870 5366968301
37 18907 4962447360
37 18944 5326638110
37 18981 4943100586
37 19018 3383766973
37 19055 3838083074
37 19092 3685771222
37 19129 4904856094
37 19166 15923668032
37 19203 1781166955
37 19240 3657419136
37 19277 659265223
37 19314 3643406035
37 19351 4299380645
37 19388 3243490831
37 19425 3622586572
37 19462 -279049795
37 19499 4811784821
37 19536 3602003694
37 19573 6134404611
37 19610 5234000447
37 19647 4597285522
37 19684 3574920960
37 19721 4757618388
37 19758 2848855689
37 19795 3262353282
37 19832 3855047432
37 19869 4442152823
37 19906 1723368569
37 19943 4704657886
37 19980 3521959168
37 20017 755555460
37 20054 2982618936
37 20091 3264928180
37 20128 4661416545
37 20165 1776898980
37 20202 5581411857
37 20239 753084859
37 20276 3215110388
37 20313 4618962843
37 20350 3457923546
37 20387 4602197097
37 20424 3445394838
37 20461 3417944186
37 20498 2057755242
37 20535 14331268651
37 20572 2669391088
37 20609 4351103590
37 20646 3408347581
37 20683 4536333812
37 20720 3396174912
37 20757 3390121124
37 20794 2679465232
37 20831 -1092829947
37 20868 5577962082
37 20905 3398176615
37 20942 1031014262
37 20979 4472329102
37 21016 3599849172
37 21053 105065609
37 21090 3235222387
37 21127 -1647200722
37 21164 3324926487
37 21201 2177340711
37 21238 3313341377
37 21275 4410105393
37 21312 4402448960
37 21349 5996313171
37 21386 2909735955
37 21423 3077445727
37 21460 3211174442
37 21497 2887082518
37 21534 4016752327
37 21571 6216860165
37 21608 3582365046
37 21645 7646984745
37 21682 3554575365
37 21719 1366898657
37 21756 6113232025
37 21793 4305281156
37 21830 2496801476
37 21867 1745742834
37 21904 6425195779
37 21941 3527546256
37 21978 3201781061
37 22015 3196399917
37 22052 3198731157
37 22089 2244645166
37 22126 3180364466
37 22163 500754632
37 22200 3169763251
37 22237 1492802237
37 22274 2432545900
37 22311 3639792352
37 22348 4198361922
37 22385 3573385703
37 22422 4656801805
37 22459 3086695843
37 22496 4170741120
37 22533 3122919459
37 22570 2061815303
37 22607 3417569094
37 22644 3107611030
37 22681 3173499193
37 22718 -1190910336
37 22755 3687629903
41 41 6865243334406
41 82 1716310833601
41 123 1144207222401
41 164 858155416800
41 205 686524333440
41 246 381402407467
41 287 490374523886
41 328 429077708400
41 369 381402407467
41 410 228841444480
41 451 312056515200
41 492 190701203733
41 533 264047820554
41 574 163458174628
41 615 152560962986
41 656 214538854200
41 697 201918921600
41 738 127134135822
41 779 180664298273
41 820 114420722240
41 861 108972116419
41 902 104018838400
41 943 149244420313
41 984 95350601866
41 1025 137304866688
41 1066 88015940184
41 1107 127134135822
41 1148 81729087314
41 1189 118366264386
41 1230 57210361120
41 1271 110729731200
41 1312 107269427100
41 1353 69345892266
41 1394 67306307200
41 1435 65383269851
41 1476 63567067911
41 1517 92773558573
41 1558 60221432757
41 1599 58677293456
41 1640 57210361120
41 1681 167444959375
41 1722 40864543657
41 1763 79828410865
41 1804 52009419200
41 1845 50853654328
41 1886 49748140104
41 1927 73034503558
41 1968 47675300933
41 2009 70053503412
41 2050 45768288896
41 2091 44870871466
41 2132 44007970092
41 2173 64766446551
41 2214 42378045274
41 2255 41607535360
41 2296 40864543657
41 2337 40147621838
41 2378 39455421462
41 2419 58180028258
41 2460 28605180560
41 2501 56272486348
41 2542 36909910400
41 2583 36324038806
41 2624 53634713550
41 2665 35206376073
41 2706 26004709600
41 2747 51233159212
41 2788 33653153600
41 2829 33165426736
41 2870 24518726194
41 2911 48346784045
41 2952 31783533955
41 2993 47022214619
41 3034 30924519524
41 3075 30512192597
41 3116 30110716378
41 3157 29719668114
41 3198 22003985046
41 3239 43450907180
41 3280 28605180560
41 3321 42378045274
41 3362 41861239843
41 3403 41356887557
41 3444 20432271828
41 3485 26922522880
41 3526 26609470288
41 3567 26303614308
41 3608 26004709600
41 3649 38568782778
41 3690 19070120373
41 3731 25147411481
41 3772 24874070052
41 3813 24606606933
41 3854 24344834519
41 3895 24088573103
41 3936 23837650466
41 3977 35387852239
41 4018 23351167804
41 4059 23115297422
41 4100 22884144448
41 4141 33986353141
41 4182 16826576800
41 4223 33326423953
41 4264 22003985046
41 4305 16345817462
41 4346 21588815517
41 4387 32080576329
41 4428 21189022637
41 4469 31491941901
41 4510 15602825760
41 4551 20616346349
41 4592 20432271828
41 4633 30377182896
41 4674 15055358189
41 4715 19899256041
41 4756 19727710731
41 4797 19559097818
41 4838 19393342752
41 4879 19230373485
41 4920 14302590280
41 4961 28368774109
41 5002 18757495449
41 5043 27907493229
41 5084 18454955200
41 5125 27460973337
41 5166 13621514552
41 5207 27028517065
41 5248 26817356775
41 5289 17739646858
41 5330 13202391027
41 5371 26203218834
41 5412 13002354800
41 5453 17206123645
41 5494 17077719737
41 5535 16951218109
41 5576 16826576800
41 5617 25055632607
41 5658 12437035026
41 5699 24695119908
41 5740 12259363097
41 5781 16229889679
41 5822 16115594681
41 5863 16002898215
41 5904 15891766977
41 5945 15782168584
41 5986 15674071539
41 6027 15567445202
41 6068 15462259762
41 6109 23037729310
41 6150 11442072224
41 6191 22732593823
41 6232 15055358189
41 6273 14956957155
41 6314 11144875542
41 6355 14763964160
41 6396 11001992523
41 6437 21863832275
41 6478 14483635726
41 6519 14392543678
41 6560 14302590280
41 6601 14213754315
41 6642 14126015091
41 6683 21059028633
41 6724 20930619921
41 6765 10401883840
41 6806 13785629185
41 6847 20554620762
41 6888 10216135914
41 6929 20311370811
41 6970 10095946080
41 7011 13382540612
41 7052 13304735144
41 7093 19841743741
41 7134 9863855365
41 7175 13076653970
41 7216 13002354800
41 7257 12928895168
41 7298 12856260925
41 7339 19176657359
41 7380 9535060186
41 7421 18964760592
41 7462 9430279305
41 7503 12504996966
41 7544 12437035026
41 7585 12369807809
41 7626 9227477600
41 7667 12237510400
41 7708 12172417259
41 7749 12108012935
41 7790 9033214913
41 7831 17971841190
41 7872 11918825233
41 7913 17785604493
41 7954 11795950746
41 7995 8801594018
41 8036 11675583902
41 8077 17424475468
41 8118 8668236533
41 8159 11501430177
41 8200 11442072224
41 8241 11385146491
41 8282 11328784380
41 8323 11272977560
41 8364 8413288400
41 8405 16744495937
41 8446 11108807984
41 8487 11055142245
41 8528 11001992523
41 8569 10949351410
41 8610 6538326985
41 8651 16268349134
41 8692 10794407758
41 8733 10743729787
41 8774 10693525443
41 8815 10643788115
41 8856 10594511318
41 8897 10545688685
41 8938 10497313966
41 8979 10449381026
41 9020 7801412880
41 9061 10354816492
41 9102 7731129881
41 9143 15392922274
41 9184 10216135914
41 9225 10170730865
41 9266 10125727631
41 9307 15121681353
41 9348 7527679094
41 9389 14989614267
41 9430 7462221015
41 9471 7429917028
41 9512 9863855365
41 9553 14732281833
41 9594 7334661682
41 9635 9737933807
41 9676 9696671376
41 9717 9655757151
41 9758 7211390057
41 9799 13017211214
41 9840 7151295140
41 9881 14243243432
41 9922 9456258036
41 9963 14126015091
41 10004 9378747724
41 10045 9340467121
41 10086 9302497743
41 10127 9264835808
41 10168 9227477600
41 10209 9190419457
41 10250 8970062223
41 10291 13675783535
41 10332 6810757276
41 10373 9045116382
41 10414 8555851047
41 10455 6730630720
41 10496 13408678387
41 10537 13356504542
41 10578 6652367572
41 10619 8835577006
41 10660 6601195513
41 10701 8767871436
41 10742 7379893581
41 10783 13051793411
41 10824 6501177400
41 10865 8635526206
41 10906 6452296366
41 10947 8570840617
41 10988 8538859868
41 11029 12760675343
41 11070 6356706791
41 11111 11282105869
41 11152 8413288400
41 11193 6286852870
41 11234 6602922149
41 11275 8321507072
41 11316 6218517513
41 11357 12392135983
41 11398 7328333509
41 11439 8202202311
41 11480 6129681548
41 11521 11481781080
41 11562 6086208629
41 11603 12129405184
41 11644 8057797340
41 11685 6022143275
41 11726 6001086830
41 11767 24219779807
41 11808 7945883488
41 11849 9722962357
41 11890 5918313219
41 11931 7863967164
41 11972 7837035769
41 12013 11715432311
41 12054 5837791951
41 12095 7757337101
41 12136 7731129881
41 12177 7705099140
41 12218 7679243103
41 12259 7653560016
41 12300 5721036112
41 12341 7602705796
41 12382 7577531274
41 12423 7552522920
41 12464 7527679094
41 12505 7502998179
41 12546 5608858933
41 12587 11181178069
41 12628 5572437771
41 12669 7019544589
41 12710 5536486560
41 12751 9586160146
41 12792 5500996261
41 12833 10966842387
41 12874 7129167160
41 12915 5448605820
41 12956 7241817863
41 12997 10106557208
41 13038 5397203879
41 13079 7173712993
41 13120 7151295140
41 13161 6529523396
41 13202 5330157868
41 13243 7084874442
41 13284 7063007545
41 13325 7041275214
41 13366 5782416050
41 13407 6498337704
41 13448 10465309960
41 13489 6955667005
41 13530 4160753536
41 13571 9419068040
41 13612 6892814592
41 13653 6872115449
41 13694 6291408841
41 13735 6831087894
41 13776 5108067957
41 13817 8489432866
41 13858 6770456937
41 13899 6577411327
41 13940 5047973040
41 13981 6710892800
41 14022 5018452729
41 14063 9853637935
41 14104 6652367572
41 14145 4974814010
41 14186 4713880302
41 14227 9892281462
41 14268 4931927682
41 14309 8756418459
41 14350 4903745238
41 14391 6519699272
41 14432 6501177400
41 14473 7646393561
41 14514 4848335688
41 14555 6446237872
41 14596 6428130462
41 14637 4807593371
41 14678 5242122588
41 14719 8727415909
41 14760 4767530093
41 14801 9508647277
41 14842 5957982229
41 14883 6097351611
41 14924 4715139652
41 14965 6269628615
41 15006 4467067377
41 15047 6876089729
41 15088 6218517513
41 15129 13257501290
41 15170 4638677928
41 15211 6168233004
41 15252 4613738800
41 15293 4048733589
41 15334 4589066400
41 15375 6102438519
41 15416 6086208629
41 15457 6070064840
41 15498 4540504850
41 15539 7962950791
41 15580 4516607456
41 15621 3928605658
41 15662 4289160167
41 15703 7425874172
41 15744 5959412616
41 15785 4457950217
41 15826 5223947974
41 15867 5913215619
41 15908 4746698835
41 15949 6778521286
41 15990 3520637607
41 16031 5852722365
41 16072 5837791951
41 16113 4108620870
41 16154 4925115862
41 16195 5216128598
41 16236 4334118266
41 16277 4454408253
41 16318 4492237939
41 16359 4301530911
41 16400 5721036112
41 16441 4406007892
41 16482 4665785108
41 16523 5678447753
41 16564 4877818607
41 16605 5650406036
41 16646 4227366585
41 16687 5622639913
41 16728 4206644200
41 16769 4903546499
41 16810 16388054509
41 16851 4256888969
41 16892 4814401277
41 16933 3870590591
41 16974 4145678342
41 17015 5514251674
41 17056 5500996261
41 17097 4840879144
41 17138 4106006778
41 17179 6643606885
41 17220 7179243616
41 17261 2491976781
41 17302 -1985509245
41 17343 5409963226
41 17384 5397203879
41 17425 5384504576
41 17466 5283590045
41 17507 5359284414
41 17548 3853562108
41 17589 5700643638
41 17630 3991420543
41 17671 3503624053
41 17712 5297255659
41 17753 411596099
41 17794 3954633257
41 17835 3945542146
41 17876 5248656983
41 17917 5236646326
41 17958 3128516513
41 17999 7477251197
41 18040 3900706440
41 18081 5189148400
41 18122 3883056184
41 18163 4376278140
41 18204 3865564940
41 18245 4296585641
41 18286 4199092099
41 18327 5119495402
41 18368 5108067957
41 18409 7645037121
41 18450 3814024074
41 18491 14827056935
41 18532 5062863815
41 18573 5051687516
41 18614 2244915362
41 18655 3772111722
41 18696 3763839547
41 18737 2441261297
41 18778 3087405796
41 18819 4985652385
41 18860 3731110507
41 18901 3713886251
41 18942 10577760515
41 18983 5515834363
41 19024 4931927682
41 19065 3690991040
41 19106 6345452873
41 19147 7350367596
41 19188 3667330841
41 19229 4396056453
41 19270 5176473431
41 19311 3984025578
41 19352 3877568633
41 19393 4838085506
41 19434 2916118636
41 19475 4817714620
41 19516 3605695028
41 19557 4797514559
41 19598 1258809363
41 19639 5705568751
41 19680 3575647570
41 19721 4757618388
41 19762 4747747810
41 19803 3553438578
41 19844 4414119405
41 19885 2723966963
41 19926 3862752968
41 19967 508015900
41 20008 3857651954
41 20049 3769060476
41 20090 2917450117
41 20131 2521909929
41 20172 14049537539
41 20213 4641814289
41 20254 3474313428
41 20295 3467294613
41 20336 4613738800
41 20377 3548471007
41 20418 2509664982
41 20459 3224480918
41 20500 4057778742
41 20541 3058858665
41 20582 4398922152
41 20623 -2434736322
41 20664 3405378638
41 20705 3902747869
41 20746 3391918643
41 20787 5977771054
41 20828 3777965073
41 20869 5833130299
41 20910 4479375488
41 20951 5446787906
41 20992 5038674290
41 21033 4460846870
41 21074 3811130465
41 21115 4057195793
41 21156 3326183786
41 21197 3278342133
41 21238 3313341377
41 21279 2346842602
41 21320 3300597756
41 21361 -95773969
41 21402 3287951788
41 21443 2533158584
41 21484 3307821455
41 21525 4421334060
41 21566 102365035
41 21607 4342342400
41 21648 3250588700
41 21689 6488887839
41 21730 2376172619
41 21771 4153808589
41 21812 3226148183
41 21853 12391853789
41 21894 3196061994
41 21935 3012397150
41 21976 3145562365
41 22017 1289405963
41 22058 2508216209
41 22099 4245666873
41 22140 3178353395
41 22181 1067877824
41 22222 2117971848
41 22263 3550897813
41 22304 7137274542
41 22345 3316374624
41 22386 5278284572
41 22427 934311267
41 22468 5912071161
41 22509 4168332322
41 22550 3120565152
41 22591 4153202259
41 22632 5852177563
41 22673 3472256749
41 22714 3400605196
41 22755 6834004947
43 43 6545929690945
43 86 1636482422736
43 129 1090988281824
43 172 818241211368
43 215 654592969094
43 258 363662760608
43 301 467566406496
43 344 409120605684
43 387 363662760608
43 430 218197656364
43 473 297542258679
43 516 181831380304
43 559 251766526574
43 602 155855468832
43 645 145465104243
43 688 204560302842
43 731 192527343851
43 774 121220920202
43 817 172261307656
43 860 109098828182
43 903 103903645888
43 946 99180752893
43 989 142302819368
43 1032 90915690152
43 1075 130918593818
43 1118 83922175524
43 1161 121220920202
43 1204 77927734416
43 1247 112860856740
43 1290 54549414091
43 1333 105579511144
43 1376 102280151421
43 1419 66120501928
43 1462 64175781283
43 1505 62342187532
43 1548 60610460101
43 1591 88458509337
43 1634 57420435885
43 1677 55948117016
43 1720 54549414091
43 1763 79828410865
43 1806 38963867208
43 1849 152230923045
43 1892 49590376446
43 1935 48488368081
43 1978 47434273122
43 2021 69637549904
43 2064 45457845076
43 2107 66795200928
43 2150 43639531272
43 2193 42783854189
43 2236 41961087762
43 2279 61754053688
43 2322 40406973400
43 2365 39672301157
43 2408 38963867208
43 2451 38280290590
43 2494 37620285580
43 2537 55473980432
43 2580 27274707045
43 2623 53655161401
43 2666 35193170381
43 2709 34634548629
43 2752 51140075710
43 2795 33568870209
43 2838 24795188223
43 2881 48850221574
43 2924 32087890641
43 2967 31622848748
43 3010 23378320324
43 3053 46098096415
43 3096 30305230050
43 3139 44835134869
43 3182 29486169779
43 3225 29093020848
43 3268 28710217942
43 3311 28337357969
43 3354 20980543881
43 3397 41429934753
43 3440 27274707045
43 3483 40406973400
43 3526 26609470288
43 3569 39433311391
43 3612 19481933604
43 3655 25670312513
43 3698 38057730761
43 3741 25080190386
43 3784 24795188223
43 3827 36774885904
43 3870 18183138030
43 3913 23977764435
43 3956 23717136561
43 3999 23462113587
43 4042 23212516634
43 4085 22968174354
43 4128 22728922538
43 4171 33741905623
43 4214 22265066976
43 4257 22040167309
43 4300 21819765636
43 4343 32405592529
43 4386 16043945320
43 4429 31776357723
43 4472 20980543881
43 4515 15585546883
43 4558 20584684562
43 4601 30588456500
43 4644 20203486700
43 4687 30027200417
43 4730 14877112933
43 4773 19657446519
43 4816 19481933604
43 4859 28964290668
43 4902 14355108971
43 4945 18973709249
43 4988 18810142790
43 5031 18649372338
43 5074 18491326810
43 5117 18335937509
43 5160 13637353522
43 5203 27049296243
43 5246 17885053800
43 5289 17739646858
43 5332 17596585190
43 5375 26183718763
43 5418 12987955736
43 5461 25771376736
43 5504 25570037855
43 5547 45864959148
43 5590 12588326328
43 5633 24984464469
43 5676 12397594111
43 5719 16405838824
43 5762 16283407191
43 5805 16162789360
43 5848 16043945320
43 5891 23890254347
43 5934 11858568280
43 5977 23546509680
43 6020 11689160162
43 6063 15475011089
43 6106 15366032138
43 6149 15258577368
43 6192 15152615025
43 6235 15048114232
43 6278 14945044956
43 6321 14843377984
43 6364 14743084889
43 6407 21966207017
43 6450 10909882818
43 6493 21675263877
43 6536 14355108971
43 6579 14261284729
43 6622 10626509238
43 6665 14077268152
43 6708 10490271940
43 6751 20846909844
43 6794 13809978250
43 6837 13723123041
43 6880 13637353522
43 6923 13552649463
43 6966 13468991133
43 7009 20079538929
43 7052 13304735144
43 7095 9918075289
43 7138 13144437130
43 7181 19598591889
43 7224 9740966802
43 7267 19366655890
43 7310 9626367192
43 7353 12760096863
43 7396 33351800698
43 7439 18918871939
43 7482 9405071395
43 7525 12468437506
43 7568 12397594111
43 7611 12327551207
43 7654 12258295301
43 7697 18284719807
43 7740 9091569015
43 7783 18082678704
43 7826 8991661663
43 7869 11923369200
43 7912 11858568280
43 7955 11794467911
43 7998 8798292595
43 8041 11668323869
43 8084 11606258317
43 8127 11544849543
43 8170 8613065382
43 8213 17135941599
43 8256 11364461269
43 8299 16958367075
43 8342 11247301874
43 8385 8392217552
43 8428 11132533488
43 8471 16614034749
43 8514 8265062741
43 8557 16447059525
43 8600 10909882818
43 8643 10855604794
43 8686 10801864176
43 8729 10748653022
43 8772 8021972660
43 8815 10643788115
43 8858 10592119241
43 8901 10540949582
43 8944 10490271940
43 8987 10440079251
43 9030 6234218753
43 9073 15511681732
43 9116 10292342281
43 9159 10244021425
43 9202 10196152166
43 9245 25166585473
43 9288 10101743350
43 9331 10055191537
43 9374 10009066805
43 9417 9963363304
43 9460 7438556466
43 9503 9873197120
43 9546 7371542444
43 9589 14676972401
43 9632 9740966802
43 9675 9697673616
43 9718 9654763555
43 9761 14418347337
43 9804 7177554485
43 9847 14292422906
43 9890 7115140968
43 9933 7084339492
43 9976 9405071395
43 10019 14047059423
43 10062 6993514627
43 10105 9285006653
43 10148 9245663405
43 10191 9206652167
43 10234 6875976566
43 10277 13694413579
43 10320 6818676761
43 10363 13580766994
43 10406 9016432081
43 10449 13468991133
43 10492 8942526900
43 10535 8906026790
43 10578 6652367572
43 10621 8833913213
43 10664 8798292595
43 10707 8762958086
43 10750 8727906254
43 10793 11902060077
43 10836 6493977868
43 10879 8624413295
43 10922 8590458912
43 10965 6417578128
43 11008 12785018927
43 11051 11821628383
43 11094 25402871611
43 11137 8424619936
43 11180 6294163164
43 11223 8360063462
43 11266 7243319301
43 11309 9656165673
43 11352 6198797055
43 11395 8233873825
43 11438 6152189559
43 11481 8172196867
43 11524 8141703595
43 11567 12167155559
43 11610 6061046010
43 11653 11920105019
43 11696 8021972660
43 11739 5994441108
43 11782 6552579705
43 11825 7934460231
43 11868 5929284140
43 11911 11815757565
43 11954 6823850277
43 11997 7820704529
43 12040 5844580081
43 12083 11405066716
43 12126 5803129158
43 12169 10959520633
43 12212 7683016069
43 12255 5742043588
43 12298 5721966513
43 12341 7602705796
43 12384 7576307512
43 12427 11325137873
43 12470 5643042837
43 12513 7498201249
43 12556 7472522478
43 12599 11170528483
43 12642 5566266744
43 12685 7396530724
43 12728 7371542444
43 12771 7346722436
43 12814 7322069005
43 12857 7297580480
43 12900 5454941409
43 12943 20817130529
43 12986 7225087959
43 13029 6748462679
43 13072 7177554485
43 13115 7154021520
43 13158 5347981773
43 13201 9002937937
43 13244 5313254619
43 13287 7061412827
43 13330 5278975557
43 13373 4397882032
43 13416 5245135970
43 13459 10456756695
43 13502 6194389019
43 13545 5195182294
43 13588 6904989125
43 13631 10324810238
43 13674 5146171140
43 13717 6840051923
43 13760 6818676761
43 13803 6344654672
43 13846 5082243548
43 13889 6755345398
43 13932 6734495566
43 13975 6713774041
43 14018 6693179643
43 14061 6288654347
43 14104 6652367572
43 14147 6632147609
43 14190 5334960335
43 14233 8975608196
43 14276 3712484318
43 14319 6552482173
43 14362 4658755412
43 14405 6513362876
43 14448 4870483401
43 14491 7704296459
43 14534 6455551963
43 14577 5921343078
43 14620 4813183596
43 14663 6398758251
43 14706 4785036323
43 14749 9542171561
43 14792 19103718336
43 14835 7486346119
43 14878 5805970141
43 14921 9432175347
43 14964 8482712265
43 15007 -8224750
43 15050 4675664064
43 15093 6216457446
43 15136 6198797055
43 15179 7631321983
43 15222 4622831702
43 15265 6146412855
43 15308 5305339133
43 15351 4583984377
43 15394 4604483783
43 15437 8674239204
43 15480 4545784507
43 15523 9066384613
43 15566 4586995231
43 15609 6010954720
43 15652 5948553459
43 15695 5978017982
43 15738 3473963676
43 15781 4086813655
43 15824 5929284140
43 15867 5913215619
43 15910 4422925466
43 15953 5881338446
43 15996 4399146297
43 16039 7992266783
43 16082 4375621451
43 16125 5818604169
43 16168 5803129158
43 16211 5787736243
43 16254 4329318578
43 16297 2647755411
43 16340 4306532691
43 16383 5726972608
43 16426 3969823317
43 16469 8545600119
43 16512 5682230634
43 16555 4250603695
43 16598 3931470101
43 16641 8457273502
43 16684 5057011242
43 16727 4140801718
43 16770 8027320768
43 16813 7828237858
43 16856 5566266744
43 16899 3548724296
43 16942 4248909654
43 16985 4030663466
43 17028 4132531370
43 17071 7235425746
43 17114 4437939498
43 17157 4101459706
43 17200 5454941409
43 17243 4387029030
43 17286 4139091820
43 17329 5414333904
43 17372 5262259654
43 17415 5387596453
43 17458 4030744883
43 17501 5361121778
43 17544 4478455729
43 17587 4589003015
43 17630 3991420543
43 17673 3564878184
43 17716 5296059620
43 17759 5283236231
43 17802 3952856093
43 17845 4871447452
43 17888 5245135970
43 17931 4329184580
43 17974 3915029719
43 18017 5190352208
43 18060 7027189500
43 18103 2194679974
43 18146 4243896514
43 18189 4974824488
43 18232 5146171140
43 18275 5134062502
43 18318 4816192274
43 18361 5110015371
43 18404 3336056831
43 18447 6186082425
43 18490 15333148141
43 18533 4028567729
43 18576 5050871675
43 18619 2908648309
43 18662 8463322287
43 18705 3762028558
43 18748 4083241440
43 18791 4993081381
43 18834 5401127118
43 18877 2556601745
43 18920 3719278233
43 18963 4947792661
43 19006 3702448920
43 19049 6737447738
43 19092 3685771222
43 19135 5388037633
43 19178 3557256326
43 19221 4881379337
43 19264 4870483401
43 19307 7289453999
43 19350 5750998491
43 19393 4838085506
43 19436 4169042451
43 19479 4816725306
43 19522 2150210730
43 19565 3596664665
43 19608 3588777242
43 19651 132947898
43 19694 3917779161
43 19737 4753761576
43 19780 3557570484
43 19823 2281764366
43 19866 3813323956
43 19909 6216631763
43 19952 4702535697
43 19995 4756306636
43 20038 4854087381
43 20081 6107965421
43 20124 5569414881
43 20167 4380587848
43 20210 2990358749
43 20253 3588021899
43 20296 4622831702
43 20339 13808851553
43 20382 5957467059
43 20425 4593634870
43 20468 6170159275
43 20511 6162727673
43 20554 1490777957
43 20597 4970034130
43 20640 7805283893
43 20683 4536333812
43 20726 3679989355
43 20769 3838420845
43 20812 3973981730
43 20855 3584102404
43 20898 3530677043
43 20941 3065142954
43 20984 4142150725
43 21027 3885721485
43 21070 3339760046
43 21113 1210462352
43 21156 3326183786
43 21199 5661989504
43 21242 5179552114
43 21285 4810100455
43 21328 4399146297
43 21371 3675744094
43 21414 4522367947
43 21457 -125634824
43 21500 3000773888
43 21543 3991498615
43 21586 4030594789
43 21629 2974292309
43 21672 3246988934
43 21715 3880508315
43 21758 3234154985
43 21801 3389395039
43 21844 3076631208
43 21887 4206332660
43 21930 5001150962
43 21973 4270012844
43 22016 2821313397
43 22059 4253365621
43 22102 2760387595
43 22145 4465284601
43 22188 12530156215
43 22231 5972291666
43 22274 5339292204
43 22317 3970978493
43 22360 8851426860
43 22403 1179324094
43 22446 3712458905
43 22489 2842372006
43 22532 2938860008
43 22575 3117109376
43 22618 3894223016
43 22661 4140372986
43 22704 3939479728
43 22747 4709599485
47 47 5988829291716
47 94 1497207322929
47 141 998138215286
47 188 748603661464
47 235 598882929171
47 282 332712738428
47 329 427773520836
47 376 374301830732
47 423 332712738428
47 470 199627643057
47 517 272219513259
47 564 166356369214
47 611 230339588142
47 658 142591173612
47 705 133085095371
47 752 187150915366
47 799 176142037991
47 846 110904246142
47 893 157600770834
47 940 99813821528
47 987 95060782408
47 1034 90739837753
47 1081 130191941124
47 1128 83178184607
47 1175 119776585834
47 1222 76779862714
47 1269 110904246142
47 1316 71295586806
47 1363 103255677443
47 1410 49906910764
47 1457 96594020834
47 1504 93575457683
47 1551 60493225168
47 1598 58714012663
47 1645 57036469444
47 1692 55452123071
47 1739 80930125563
47 1786 52533590278
47 1833 51186575142
47 1880 49906910764
47 1927 73034503557
47 1974 35647793403
47 2021 69637549903
47 2068 45369918876
47 2115 44361698457
47 2162 43397313708
47 2209 127421899823
47 2256 41589092303
47 2303 61110502976
47 2350 39925528611
47 2397 39142675109
47 2444 38389931357
47 2491 56498389544
47 2538 36968082047
47 2585 36295935101
47 2632 35647793403
47 2679 35022393518
47 2726 34418559147
47 2773 50752790608
47 2820 24953455382
47 2867 49088764686
47 2914 32198006944
47 2961 31686927469
47 3008 46787728841
47 3055 30711945085
47 3102 22684959438
47 3149 44692755908
47 3196 29357006331
47 3243 28931542472
47 3290 21388676041
47 3337 42174854167
47 3384 27726061535
47 3431 41019378710
47 3478 26976708521
47 3525 26617019074
47 3572 26266795139
47 3619 25925667929
47 3666 19194965678
47 3713 37903982859
47 3760 24953455382
47 3807 36968082047
47 3854 24344834519
47 3901 36077284890
47 3948 17823896701
47 3995 23485605065
47 4042 23212516634
47 4089 22945706098
47 4136 22684959438
47 4183 33645108380
47 4230 16635636921
47 4277 21937103632
47 4324 21698656854
47 4371 21465337963
47 4418 31855474955
47 4465 21013436111
47 4512 20794546151
47 4559 30870254081
47 4606 20370167658
47 4653 20164408389
47 4700 19962764305
47 4747 29647669761
47 4794 14678503165
47 4841 29071986853
47 4888 19194965678
47 4935 14259117361
47 4982 18832796514
47 5029 27985183606
47 5076 18484041023
47 5123 27471693999
47 5170 13610975662
47 5217 17984472347
47 5264 17823896701
47 5311 26499244654
47 5358 13133397569
47 5405 17358925483
47 5452 17209279573
47 5499 17062191714
47 5546 16917596869
47 5593 16775432189
47 5640 12476727691
47 5687 24747228478
47 5734 16362921562
47 5781 16229889679
47 5828 16099003472
47 5875 23955317166
47 5922 11882597801
47 5969 23578068078
47 6016 23393864420
47 6063 15475011089
47 6110 11516979407
47 6157 22858127068
47 6204 11342479719
47 6251 15009597222
47 6298 14897585302
47 6345 14787232819
47 6392 14678503165
47 6439 21857041211
47 6486 10849328427
47 6533 21542551409
47 6580 10694338020
47 6627 21236983303
47 6674 14058284722
47 6721 13959975038
47 6768 13863030767
47 6815 13767423659
47 6862 13673126236
47 6909 13580111772
47 6956 13488354260
47 7003 20096742590
47 7050 9981382152
47 7097 19830560569
47 7144 13133397569
47 7191 13047558369
47 7238 9722125473
47 7285 12879202777
47 7332 9597482839
47 7379 19072704751
47 7426 12634660952
47 7473 12555197676
47 7520 12476727691
47 7567 12399232488
47 7614 12322694015
47 7661 18370641999
47 7708 12172417259
47 7755 9073983775
47 7802 12025761629
47 7849 17930626622
47 7896 8911948350
47 7943 17718429857
47 7990 8807101899
47 8037 11674131172
47 8084 11606258317
47 8131 17308755178
47 8178 8604639786
47 8225 11407293888
47 8272 11342479719
47 8319 11278397912
47 8366 11215036126
47 8413 16728573441
47 8460 8317818460
47 8507 16543727325
47 8554 8226413862
47 8601 10908614374
47 8648 10849328427
47 8695 10790683408
47 8742 8049501736
47 8789 10675275029
47 8836 22974037797
47 8883 10562309156
47 8930 7880038541
47 8977 15677563591
47 9024 10397273075
47 9071 15515101792
47 9118 10290084693
47 9165 7677986271
47 9212 10185083829
47 9259 15200074344
47 9306 7561653146
47 9353 15047309778
47 9400 9981382152
47 9447 9931723535
47 9494 9882556586
47 9541 9833874042
47 9588 7339251582
47 9635 9737933807
47 9682 9690662284
47 9729 9643847490
47 9776 9597482839
47 9823 9551561868
47 9870 6897871340
47 9917 14191538606
47 9964 9416398257
47 10011 9372189814
47 10058 9328394535
47 10105 9285006653
47 10152 9242020511
47 10199 9199430555
47 10246 9157231332
47 10293 9115417491
47 10340 6805487831
47 10387 9032925025
47 10434 6744177130
47 10481 13427868367
47 10528 8911948350
47 10575 8872339691
47 10622 8200447525
47 10669 13191253947
47 10716 6566698784
47 10763 13076046488
47 10810 6509597056
47 10857 6481416982
47 10904 8604639786
47 10951 12851565004
47 10998 6398321892
47 11045 25859158914
47 11092 8790375064
47 11139 8423107301
47 11186 6290787071
47 11233 12528931573
47 11280 6238363845
47 11327 12424957037
47 11374 8249076159
47 11421 12101501191
47 11468 8181460781
47 11515 8148067063
47 11562 6086208629
47 11609 8082090812
47 11656 8049501736
47 11703 8017174419
47 11750 7985105722
47 11797 11576384640
47 11844 5941298900
47 11891 7890420674
47 11938 7859356025
47 11985 5871401266
47 12032 11696932210
47 12079 11651418855
47 12126 5803129158
47 12173 7707631006
47 12220 5758489703
47 12267 7648568699
47 12314 6417409800
47 12361 8707652239
47 12408 5671239859
47 12455 7533118605
47 12502 5628598958
47 12549 7476690751
47 12596 7448792651
47 12643 7368964124
47 12690 5545212307
47 12737 8595019853
47 12784 7339251582
47 12831 5484275908
47 12878 6038956445
47 12925 7259187020
47 12972 5424664213
47 13019 9834706282
47 13066 7180850469
47 13113 7155112654
47 13160 5347169010
47 13207 9662601098
47 13254 21171595074
47 13301 9975244309
47 13348 7029142361
47 13395 5253359027
47 13442 5234990639
47 13489 6955667005
47 13536 6931515383
47 13583 10361296352
47 13630 5162783872
47 13677 6190385123
47 13724 6836563118
47 13771 10219845208
47 13818 8464144621
47 13865 6767038747
47 13912 6744177130
47 13959 6721469463
47 14006 6698914196
47 14053 6676509801
47 14100 4990691076
47 14147 6632147609
47 14194 6610186856
47 14241 5885841924
47 14288 6566698784
47 14335 6545168624
47 14382 4892834388
47 14429 9753793635
47 14476 6201405136
47 14523 6089263815
47 14570 6818078484
47 14617 4990558973
47 14664 5812435179
47 14711 9566819955
47 14758 6357568250
47 14805 4753039120
47 14852 6317330476
47 14899 7949953232
47 14946 4853833851
47 14993 6257919845
47 15040 6238363845
47 15087 6081342725
47 15134 6435727530
47 15181 6180422385
47 15228 6161347007
47 15275 6142389017
47 15322 4534173347
47 15369 5347256163
47 15416 6086208629
47 15463 9101564273
47 15510 13018474198
47 15557 8450654499
47 15604 6012880814
47 15651 5994824115
47 15698 3905808151
47 15745 5959034121
47 15792 4455974175
47 15839 5854748829
47 15886 5906143285
47 15933 4784909476
47 15980 5742326101
47 16027 5854183080
47 16074 5203936405
47 16121 2883945228
47 16168 5803129158
47 16215 4339731370
47 16262 4493492272
47 16309 6938433047
47 16356 4302319893
47 16403 4056713898
47 16450 4862764017
47 16497 6413892554
47 16544 5671239859
47 16591 2967357600
47 16638 5454110783
47 16685 6272205212
47 16732 5607518063
47 16779 6834110878
47 16826 5078840082
47 16873 5913172831
47 16920 4158909230
47 16967 7207088976
47 17014 4063093148
47 17061 5499384106
47 17108 5196688581
47 17155 5469250494
47 17202 4679575537
47 17249 7303509071
47 17296 5424664213
47 17343 5409963226
47 17390 4631535087
47 17437 5380799004
47 17484 4548821606
47 17531 8027921303
47 17578 5029025801
47 17625 5804428867
47 17672 15010169058
47 17719 8783152953
47 17766 4624444405
47 17813 5934426829
47 17860 5225254811
47 17907 3789976655
47 17954 4713890806
47 18001 7316956549
47 18048 5198636537
47 18095 5363406427
47 18142 3252935350
47 18189 5525362111
47 18236 5600089727
47 18283 7697724025
47 18330 5749879864
47 18377 5105566318
47 18424 5092541914
47 18471 4363355668
47 18518 4552853758
47 18565 4176359230
47 18612 5280441394
47 18659 4446247501
47 18706 6316698369
47 18753 4676826715
47 18800 4990691076
47 18847 6184941896
47 18894 6332732863
47 18941 4953539529
47 18988 6408896435
47 19035 4929077606
47 19082 6121017570
47 19129 4904856094
47 19176 5334507948
47 19223 2760667935
47 19270 5155691567
47 19317 4532759010
47 19364 5055851948
47 19411 4833599105
47 19458 3616442809
47 19505 3964385922
47 19552 5167174075
47 19599 4620827847
47 19646 4134484684
47 19693 4303623171
47 19740 7075761936
47 19787 3696533327
47 19834 5831037123
47 19881 14435862660
47 19928 8910009459
47 19975 4697121013
47 20022 3879384119
47 20069 4526537573
47 20116 3992772023
47 20163 4994069118
47 20210 4956433733
47 20257 2380523536
47 20304 4621010255
47 20351 2546028004
47 20398 5713529242
47 20445 9146201192
47 20492 4886815373
47 20539 4568138285
47 20586 5602688557
47 20633 4062235681
47 20680 6145662722
47 20727 5059879142
47 20774 5011323123
47 20821 4165448383
47 20868 4574628262
47 20915 6428524798
47 20962 4768589133
47 21009 4311314900
47 21056 5176244445
47 21103 6669074935
47 21150 6059298376
47 21197 6722316378
47 21244 4545201603
47 21291 5849531969
47 21338 3457472938
47 21385 5363223112
47 21432 6215909485
47 21479 3184514117
47 21526 4541071733
47 21573 4685662033
47 21620 4487142821
47 21667 6300466852
47 21714 6235461448
47 21761 6467418242
47 21808 4302319893
47 21855 4028296010
47 21902 4366974266
47 21949 6412022796
47 21996 5271818514
47 22043 5810732655
47 22090 13779286803
47 22137 8872466297
47 22184 4671784865
47 22231 3884743223
47 22278 4848514792
47 22325 4202687222
47 22372 4825787771
47 22419 4185065892
47 22466 2439190940
47 22513 5691256158
47 22560 6622007233
47 22607 5615650359
47 22654 5948415118
47 22701 6848423607
47 22748 3919672848
53 53 5310848617182
53 106 1327712154295
53 159 885141436197
53 212 663856077147
53 265 531084861718
53 318 295047145399
53 371 379346329798
53 424 331928038573
53 477 295047145399
53 530 177028287239
53 583 241402209871
53 636 147523572699
53 689 204263408353
53 742 126448776599
53 795 118018858159
53 848 165964019286
53 901 156201429917
53 954 98349048466
53 1007 139759174136
53 1060 88514143619
53 1113 84299184399
53 1166 80467403290
53 1219 115453230808
53 1272 73761786349
53 1325 106216972343
53 1378 68087802784
53 1431 98349048466
53 1484 63224388299
53 1537 91566355468
53 1590 44257071809
53 1643 85658848664
53 1696 82982009643
53 1749 53644935527
53 1802 52067143305
53 1855 50579510639
53 1908 49174524233
53 1961 71768224556
53 2014 46586391378
53 2067 45391868522
53 2120 44257071809
53 2173 64766446551
53 2226 31612194149
53 2279 61754053688
53 2332 40233701645
53 2385 39339619386
53 2438 38484410269
53 2491 56498389544
53 2544 36880893174
53 2597 54192332828
53 2650 35405657447
53 2703 34711428870
53 2756 34043901392
53 2809 100204690890
53 2862 32783016155
53 2915 32186961316
53 2968 31612194149
53 3021 31057594252
53 3074 30522118489
53 3127 45007191671
53 3180 22128535904
53 3233 43531546042
53 3286 28552949554
53 3339 28099728133
53 3392 41491004821
53 3445 27235121113
53 3498 20116850822
53 3551 39633198636
53 3604 26033571652
53 3657 25656273512
53 3710 18967316489
53 3763 37400342375
53 3816 24587262116
53 3869 36375675460
53 3922 23922741518
53 3975 23603771631
53 4028 23293195689
53 4081 22990686654
53 4134 17021950696
53 4187 33612965932
53 4240 22128535904
53 4293 32783016155
53 4346 21588815517
53 4399 31993063959
53 4452 15806097074
53 4505 20826857322
53 4558 20584684562
53 4611 20348078993
53 4664 20116850822
53 4717 29836228186
53 4770 14752357269
53 4823 19453657938
53 4876 19242205134
53 4929 19035299703
53 4982 18832796514
53 5035 18634556551
53 5088 18440446587
53 5141 27375508336
53 5194 18064110942
53 5247 17881645175
53 5300 17702828723
53 5353 26291329788
53 5406 13016785826
53 5459 25780818530
53 5512 17021950696
53 5565 12644877659
53 5618 28566826177
53 5671 24817049613
53 5724 16391508077
53 5777 24361690905
53 5830 12070110493
53 5883 15948494345
53 5936 15806097074
53 5989 23499330165
53 6042 11646597844
53 6095 15393764107
53 6148 15261059244
53 6201 15130622840
53 6254 15002397223
53 6307 14876326658
53 6360 11064267952
53 6413 21945655442
53 6466 14510515347
53 6519 14392543678
53 6572 14276474777
53 6625 21243394468
53 6678 10537398049
53 6731 20908852824
53 6784 20745502410
53 6837 13723123041
53 6890 10213170417
53 6943 20270414569
53 6996 10058425411
53 7049 13310397536
53 7102 13211066211
53 7155 13113206462
53 7208 13016785826
53 7261 19382659187
53 7314 9621102567
53 7367 19103772004
53 7420 9483658244
53 7473 12555197676
53 7526 12466780791
53 7579 12379600506
53 7632 12293631058
53 7685 12208847395
53 7738 12125225153
53 7791 12042740628
53 7844 11961370759
53 7897 17821639655
53 7950 8851414361
53 8003 17585591448
53 8056 11646597844
53 8109 11570476290
53 8162 8621507495
53 8215 11421179821
53 8268 8510975348
53 8321 16913530628
53 8374 11204321977
53 8427 16700781815
53 8480 11064267952
53 8533 10995545791
53 8586 10927672051
53 8639 16290946678
53 8692 10794407758
53 8745 8046740329
53 8798 10664354652
53 8851 15900744363
53 8904 7903048537
53 8957 15712569873
53 9010 7810071495
53 9063 10352531417
53 9116 10292342281
53 9169 15349273460
53 9222 7630529622
53 9275 10115902127
53 9328 10058425411
53 9381 10001598149
53 9434 9945409395
53 9487 14834772674
53 9540 7376178634
53 9593 14670852534
53 9646 7295121726
53 9699 9673676898
53 9752 9621102567
53 9805 9569096607
53 9858 7138237388
53 9911 9466753328
53 9964 9416398257
53 10017 9366576044
53 10070 6987958706
53 10123 13157718193
53 10176 9220223293
53 10229 13758675174
53 10282 9125169445
53 10335 6808780278
53 10388 9032055471
53 10441 13479311211
53 10494 6705616940
53 10547 12526803586
53 10600 8851414361
53 10653 8807377474
53 10706 8763776596
53 10759 8720605282
53 10812 6508392913
53 10865 8635526206
53 10918 8593606176
53 10971 8552091170
53 11024 8510975348
53 11077 8470252977
53 11130 5057951063
53 11183 12584949330
53 11236 12525586361
53 11289 8853285826
53 11342 7999165247
53 11395 8233873825
53 11448 8195754038
53 11501 8157985587
53 11554 8120563634
53 11607 8083483435
53 11660 6035055246
53 11713 8010329739
53 11766 5980685379
53 11819 11907732326
53 11872 7903048537
53 11925 7867923877
53 11978 7692924684
53 12031 11697904443
53 12084 5823298922
53 12137 8161470450
53 12190 5772661540
53 12243 5747671663
53 12296 7630529622
53 12349 11396670852
53 12402 5673983565
53 12455 7533118605
53 12508 7501198611
53 12561 7469547984
53 12614 5578622497
53 12667 11110561961
53 12720 5532133976
53 12773 11018358127
53 12826 7315218480
53 12879 10927672051
53 12932 7255257673
53 12985 7225644377
53 13038 5397203879
53 13091 7167137135
53 13144 7138237388
53 13197 7109569768
53 13250 7081131489
53 13303 10272931793
53 13356 5268699024
53 13409 6997165503
53 13462 6398397051
53 13515 5206714330
53 13568 10372751205
53 13621 10332390306
53 13674 5146171140
53 13727 6835069005
53 13780 5106585208
53 13833 6782692997
53 13886 5418625891
53 13939 9261308962
53 13992 5029212705
53 14045 21285738313
53 14098 9684024537
53 14151 6630272930
53 14204 6605533105
53 14257 9871465831
53 14310 4917452423
53 14363 6616934081
53 14416 6508392913
53 14469 4863414484
53 14522 6460886395
53 14575 6437392263
53 14628 4810551283
53 14681 8111252406
53 14734 6367924001
53 14787 6994285467
53 14840 4741829122
53 14893 9071748908
53 14946 6439689487
53 14999 8737849018
53 15052 5446597018
53 15105 5520065878
53 15158 5468487405
53 15211 6168233004
53 15264 6146815529
53 15317 9188319406
53 15370 4578317773
53 15423 5913401772
53 15476 6062612576
53 15529 7699377830
53 15582 4998460783
53 15635 6000958889
53 15688 5980685379
53 15741 5960548391
53 15794 5940546551
53 15847 5920678502
53 15900 6279817511
53 15953 5881338446
53 16006 5861863815
53 16059 5319573475
53 16112 5823298922
53 16165 5804206138
53 16218 5838543429
53 16271 7475100509
53 16324 4310753747
53 16377 4883152055
53 16430 6397313318
53 16483 6436398512
53 16536 4255487674
53 16589 7231184361
53 16642 5637843542
53 16695 4214959219
53 16748 4951426231
53 16801 3191598087
53 16854 16947797625
53 16907 8480106431
53 16960 5532133976
53 17013 4694951581
53 17066 6303389399
53 17119 5480751926
53 17172 5463836025
53 17225 5447024222
53 17278 4762713154
53 17331 4656144364
53 17384 5397203879
53 17437 5380799004
53 17490 7740885031
53 17543 5311217890
53 17596 6892142817
53 17649 5316164781
53 17702 4648623408
53 17755 5852588228
53 17808 4710476697
53 17861 4146347469
53 17914 5237523291
53 17967 5441623084
53 18020 5745911194
53 18073 5191445373
53 18126 4521283773
53 18179 7741761832
53 18232 5146171140
53 18285 5459480278
53 18338 3851340943
53 18391 6897938693
53 18444 5887922379
53 18497 5000107227
53 18550 5579478644
53 18603 5043540946
53 18656 5029212705
53 18709 5690527085
53 18762 4425340629
53 18815 4067560745
53 18868 4546680579
53 18921 6074621292
53 18974 2667098680
53 19027 4971709197
53 19080 6389663153
53 19133 4752208023
53 19186 4109264292
53 19239 6360352879
53 19292 4270293432
53 19345 4601589853
53 19398 5435023056
53 19451 3051659125
53 19504 4810551283
53 19557 4797514559
53 19610 5855840463
53 19663 14407134103
53 19716 8708042028
53 19769 7119100023
53 19822 5829361680
53 19875 4396161543
53 19928 4330341957
53 19981 5113767358
53 20034 5300212300
53 20087 2597719817
53 20140 4320116569
53 20193 3473576350
53 20246 2683317102
53 20299 7760986752
53 20352 5454859498
53 20405 7178381396
53 20458 3298741850
53 20511 5146283180
53 20564 6086535802
53 20617 3879904648
53 20670 5630258415
53 20723 5536544208
53 20776 7470986969
53 20829 5445445039
53 20882 3043932286
53 20935 5056511728
53 20988 6285368563
53 21041 4527739290
53 21094 5271697349
53 21147 5606928566
53 21200 5341594740
53 21253 736035125
53 21306 5005239889
53 21359 5126791077
53 21412 4002934648
53 21465 5139182532
53 21518 5926535980
53 21571 5047486622
53 21624 4628027796
53 21677 4650820727
53 21730 5824771451
53 21783 4596194631
53 21836 5265383314
53 21889 5379327256
53 21942 6139594282
53 21995 4071826084
53 22048 6575861624
53 22101 4530293526
53 22154 5908515858
53 22207 3151255702
53 22260 7527129511
53 22313 2329489670
53 22366 5436295408
53 22419 4185065892
53 22472 9778446635
53 22525 8737769264
53 22578 5048875261
53 22631 4839872618
53 22684 4324838345
53 22737 4824094957
59 59 4770762317129
59 118 1192690579282
59 177 795127052854
59 236 596345289641
59 295 477076231712
59 354 265042350951
59 413 340768736937
59 472 298172644820
59 531 265042350951
59 590 159025410570
59 649 216852832596
59 708 132521175475
59 767 183490858351
59 826 113589578979
59 885 106016940380
59 944 149086322410
59 1003 140316538739
59 1062 88347450317
59 1121 125546376766
59 1180 79512705285
59 1239 75726385986
59 1298 72284277532
59 1357 103712224285
59 1416 66260587737
59 1475 95415246342
59 1534 61163619450
59 1593 88347450317
59 1652 56794789489
59 1711 82254522709
59 1770 39756352642
59 1829 76947779308
59 1888 74543161205
59 1947 48189518354
59 2006 46772179579
59 2065 45435831591
59 2124 44173725158
59 2183 64469761042
59 2242 41848792255
59 2301 40775746300
59 2360 39756352642
59 2419 58180028257
59 2478 28397394744
59 2537 55473980431
59 2596 36142138766
59 2655 35338980126
59 2714 34570741428
59 2773 50752790607
59 2832 33130293868
59 2891 48681248133
59 2950 31805082114
59 3009 31181453053
59 3068 30581809725
59 3127 45007191671
59 3186 29449150105
59 3245 28913711012
59 3304 28397394744
59 3363 27899194837
59 3422 27418174236
59 3540 19878176321
59 3599 39104609157
59 3658 25649259769
59 3717 25242128662
59 3776 37271580602
59 3835 24465447780
59 3894 18071069383
59 3953 35602703859
59 4012 23386089789
59 4071 23047160952
59 4130 17038436846
59 4189 33596917726
59 4248 22086862579
59 4307 32676454227
59 4366 21489920347
59 4425 21203388076
59 4484 20924396127
59 4543 20652650723
59 4602 15290904862
59 4661 30194698210
59 4720 19878176321
59 4779 29449150105
59 4838 19393342752
59 4897 28739532031
59 4956 14198697372
59 5015 18708871831
59 5074 18491326810
59 5133 18278782824
59 5192 18071069383
59 5251 26802035489
59 5310 13252117547
59 5369 17475319842
59 5428 17285370714
59 5487 17099506513
59 5546 16917596869
59 5605 16739516902
59 5664 16565146934
59 5723 24591558336
59 5782 16227082711
59 5841 16063172784
59 5900 15902541057
59 5959 23617635233
59 6018 11693044894
59 6077 23159040374
59 6136 15290904862
59 6195 11358957897
59 6254 15002397223
59 6313 22293281856
59 6372 14724575052
59 6431 21884230813
59 6490 10842641629
59 6549 14326613564
59 6608 14198697372
59 6667 21109567775
59 6726 10462198063
59 6785 13828296571
59 6844 13709087118
59 6903 13591915433
59 7021 13363479879
59 7080 9939088160
59 7139 19713893872
59 7198 13034869718
59 7257 12928895168
59 7316 12824629884
59 7375 19083049268
59 7434 9465798248
59 7493 18782528808
59 7552 18635790301
59 7611 12327551207
59 7670 9174542917
59 7729 18209016478
59 7788 9035534691
59 7847 11956797787
59 7906 11867567953
59 7965 11779660042
59 8024 11693044894
59 8083 17411541303
59 8142 8642685357
59 8201 17161015529
59 8260 8519218423
59 8319 11278397912
59 8378 11198972575
59 8437 11120658081
59 8496 11043431289
59 8555 10967269694
59 8614 10892151408
59 8673 10818055140
59 8732 10744960173
59 8791 16009269521
59 8850 7951270528
59 8909 15797226216
59 8968 10462198063
59 9027 10393817684
59 9086 7744744021
59 9145 10259703907
59 9204 7645452431
59 9263 15193510564
59 9322 10064899403
59 9381 10001598149
59 9440 9939088160
59 9499 9877354693
59 9558 9816383368
59 9617 14634240237
59 9676 9696671376
59 9735 7228427753
59 9794 9579844010
59 9853 14283719512
59 9912 7099348686
59 9971 14114681411
59 10030 7015826936
59 10089 9299731612
59 10148 9245663405
59 10207 13788330396
59 10266 6854543559
59 10325 9087166318
59 10384 9035534691
59 10502 8934011829
59 10561 11938856847
59 10620 6626058773
59 10679 12467421187
59 10738 6553244941
59 10797 8689913145
59 10856 8642685357
59 10915 8595968138
59 10974 6412314942
59 11033 8504032650
59 11092 8293010119
59 11151 8414042887
59 11210 10969944299
59 11269 12488906589
59 11328 8282573467
59 11387 12359487868
59 11446 8197186111
59 11505 6116361945
59 11564 8113541355
59 11623 12108533800
59 11682 6023689794
59 11741 10985676675
59 11800 7951270528
59 11859 7911711968
59 11918 7872545077
59 11977 7833764067
59 12036 5846522447
59 12095 7757337101
59 12154 7719680124
59 12213 7682386984
59 12272 7645452431
59 12331 7608871319
59 12390 6873605795
59 12449 11305123974
59 12508 7501198611
59 12567 5422715645
59 12626 6588229015
59 12685 7396530724
59 12744 7362287526
59 12803 7328359934
59 12862 6810502728
59 12921 7261434272
59 12980 5421320814
59 13039 7195719935
59 13098 5372480086
59 13157 10696776496
59 13216 7099348686
59 13275 7067796025
59 13334 7036522591
59 13393 10508287042
59 13452 8887697433
59 13511 10127388062
59 13570 5185611214
59 13629 5163162680
59 13688 6854543559
59 13747 10237687376
59 13806 5647754955
59 13865 6767038747
59 13983 6766381778
59 14042 6799709084
59 14101 6328586080
59 14160 4969544080
59 14219 9897847131
59 14278 6571297957
59 14337 9816383368
59 14396 6517434859
59 14455 6490833084
59 14514 4848335688
59 14573 6438275731
59 14632 6412314942
59 14691 8996814704
59 14750 6361016422
59 14809 7072563051
59 14868 4732899124
59 14927 6285589350
59 14986 5853766733
59 15045 4677217957
59 15104 9317895150
59 15163 8140132113
59 15222 4622831702
59 15281 6139977242
59 15340 4587271458
59 15399 6092927608
59 15458 6069672159
59 15517 5934761574
59 15576 4517767345
59 15635 6000958889
59 15694 5635969738
59 15753 5114585579
59 15812 4957565487
59 15871 7607529094
59 15930 4417372515
59 15989 6120631335
59 16048 5846522447
59 16107 4368829960
59 16166 5535245341
59 16225 5782742202
59 16284 4321342678
59 16343 5466339835
59 16402 5720338509
59 16461 5699835504
59 16520 5160054195
59 16579 1760165589
59 16638 5166450735
59 16697 5086722364
59 16756 5599486287
59 16815 4184879225
59 16874 5068263051
59 16933 8881684034
59 16992 5521715644
59 17051 8253914043
59 17110 4112726135
59 17169 5154479817
59 17228 4946417546
59 17287 6110131106
59 17346 4056770677
59 17464 6838550526
59 17523 6744468852
59 17582 5336423173
59 17641 5318575604
59 17700 3975635264
59 17759 5283236231
59 17818 5265742071
59 17877 4988570848
59 17936 5231099031
59 17995 5213947887
59 18054 4759108372
59 18113 7327234605
59 18172 10914032526
59 18231 4853056693
59 18290 5300111593
59 18349 6082234239
59 18408 5301195152
59 18467 6290866461
59 18526 5064503521
59 18585 5023308897
59 18644 3278216037
59 18703 2093878464
59 18762 4816994533
59 18821 4985122588
59 18880 4969544080
59 18939 5056852150
59 18998 5044350410
59 19057 4923387324
59 19116 5557377250
59 19175 4893089556
59 19234 3787976754
59 19293 3627807110
59 19352 6789869798
59 19411 4833599105
59 19470 10497164805
59 19529 5232181798
59 19588 4022559100
59 19647 5132042518
59 19706 3680128239
59 19765 4020291293
59 19824 5707437360
59 19883 2943348132
59 19942 4704893803
59 20001 5039375545
59 20060 4866253783
59 20119 4946368968
59 20178 3487399354
59 20237 6108545290
59 20296 4622831702
59 20355 4970523937
59 20414 8564570610
59 20473 5183790023
59 20532 5215018063
59 20591 2050145496
59 20650 6340247462
59 20709 4530638477
59 20768 5839856121
59 20827 2978171918
59 20945 6994755180
59 21004 6724370300
59 21063 4493040537
59 21122 3661165757
59 21181 4216700722
59 21240 7745468237
59 21299 4272909019
59 21358 3716532519
59 21417 4507529086
59 21476 6209182563
59 21535 3989462419
59 21594 5447709743
59 21653 4953537083
59 21712 4895627172
59 21771 4621277988
59 21830 5403547780
59 21889 5182102678
59 21948 6109207824
59 22007 -3611060189
59 22066 5261669812
59 22125 3315986804
59 22184 4008206393
59 22243 4529826917
59 22302 4943012366
59 22361 3515343184
59 22420 4992769750
59 22479 4271540695
59 22538 4175913083
59 22597 5106483320
59 22656 4748741156
59 22715 7530336459
59 22774 3466665449
61 61 4614343880502
61 122 1153585970125
61 183 769057313417
61 244 576792985062
61 305 461434388050
61 366 256352437805
61 427 329595991464
61 488 288396492531
61 549 256352437805
61 610 153811462683
61 671 209742903659
61 732 128176218902
61 793 177474764634
61 854 109865330488
61 915 102540975122
61 976 144198246265
61 1037 135715996485
61 1098 85450812601
61 1159 121430102118
61 1220 76905731341
61 1281 73243553658
61 1342 69914301219
61 1403 100311823489
61 1464 64088109451
61 1525 92286877610
61 1586 59158254878
61 1647 85450812601
61 1708 54932665244
61 1769 79557653112
61 1830 38452865670
61 1891 74424901298
61 1952 72099123132
61 2013 46609534146
61 2074 45238665495
61 2135 43946132195
61 2196 42725406300
61 2257 62355998385
61 2318 40476700706
61 2379 39438836585
61 2440 38452865670
61 2501 56272486347
61 2562 27466332622
61 2623 53655161401
61 2684 34957150609
61 2745 34180325040
61 2806 33437274496
61 2867 49088764686
61 2928 32044054725
61 2989 47085141637
61 3050 30762292536
61 3111 30159110330
61 3172 29579127439
61 3233 43531546042
61 3294 28483604200
61 3355 27965720487
61 3416 27466332622
61 3477 26984467137
61 3538 26519217704
61 3599 39104609156
61 3660 19226432835
61 3721 75644981647
61 3782 24808300432
61 3843 24414517886
61 3904 36049561566
61 3965 23663301951
61 4026 17478575304
61 4087 34435402093
61 4148 22619332747
61 4209 22291516330
61 4270 16479799573
61 4331 32495379440
61 4392 21362703150
61 4453 31605095072
61 4514 20785332795
61 4575 20508195024
61 4636 20238350353
61 4697 19975514634
61 4758 14789563719
61 4819 29204708104
61 4880 19226432835
61 4941 28483604200
61 5002 18757495449
61 5063 27797252292
61 5124 13733166311
61 5185 18095466198
61 5246 17885053800
61 5307 17679478469
61 5368 17478575304
61 5429 25923280228
61 5490 12817621890
61 5551 16902358536
61 5612 16718637248
61 5673 16538866955
61 5734 16362921562
61 5795 16190680282
61 5856 16022027362
61 5917 23785277735
61 5978 15695047212
61 6039 15536511382
61 6100 15381146268
61 6161 22843286537
61 6222 11309666373
61 6283 22399727575
61 6344 14789563719
61 6405 10986533048
61 6466 14510515347
61 6527 21562354582
61 6588 14241802100
61 6649 21166715048
61 6710 10487145182
61 6771 13856888530
61 6832 13733166311
61 6893 20417450799
61 6954 10119175176
61 7015 13374909798
61 7076 13259608852
61 7137 13146278861
61 7198 13034869718
61 7259 12925332998
61 7320 9613216417
61 7381 19067536696
61 7442 18911245411
61 7503 12504996966
61 7564 12404150216
61 7625 18457375522
61 7686 9155444207
61 7747 18166708191
61 7808 18024780783
61 7869 11923369200
61 7930 8873738231
61 7991 17611999544
61 8052 8739287652
61 8113 11564771630
61 8174 11478467364
61 8235 11393441680
61 8296 11309666373
61 8357 16840671097
61 8418 8359318624
61 8479 16598359282
61 8540 8239899786
61 8601 10908614374
61 8662 10831793146
61 8723 10756046341
61 8784 10681351575
61 8845 10607687081
61 8906 10535031690
61 8967 10463364808
61 9028 10392666397
61 9089 15484375438
61 9150 7690573134
61 9211 15279284373
61 9272 10119175176
61 9333 10053036776
61 9394 7490817987
61 9455 9923320173
61 9516 7394781859
61 9577 14695362677
61 9638 9734902701
61 9699 9673676898
61 9760 9613216417
61 9821 9553506998
61 9882 9494534733
61 9943 14154429081
61 10004 9378747724
61 10065 6991430121
61 10126 9265750764
61 10187 13815400840
61 10248 6866583155
61 10309 13651904971
61 10370 6785799824
61 10431 8994822379
61 10492 8942526900
61 10553 13336253990
61 10614 6629804426
61 10675 8789226439
61 10736 8739287652
61 10797 8689913145
61 10858 8641093409
61 10919 12889228716
61 10980 6408810945
61 11041 11902157391
61 11102 6338384451
61 11163 12607496941
61 11224 8359318624
61 11285 8314133118
61 11346 6202075108
61 11407 8225211908
61 11468 8181460781
61 11529 8138172628
61 11590 6071505105
61 11651 11479822038
61 11712 8011013681
61 11773 11954258758
61 11834 7928425911
61 11895 5915825487
61 11956 7847523606
61 12017 11711532692
61 12078 5826191768
61 12139 11593828845
61 12200 7690573134
61 12261 7652311576
61 12322 7614428845
61 12383 7576919344
61 12444 5654833186
61 12505 7502998179
61 12566 9625959786
61 12627 7430505443
61 12688 7394781859
61 12749 7359400128
61 12810 4394613219
61 12871 10934464172
61 12932 7255257673
61 12993 7221195431
61 13054 6896709864
61 13115 7154021520
61 13176 7120901050
61 13237 7088085837
61 13298 7055571682
61 13359 7023354460
61 13420 5243572591
61 13481 6959794691
61 13542 5196333198
61 13603 10346062512
61 13664 6866583155
61 13725 7485250574
61 13786 4883761615
61 13847 9325701439
61 13908 5059587588
61 13969 7296793935
61 14030 5015591174
61 14091 4993878658
61 14152 6629804426
61 14213 9902025495
61 14274 4929854573
61 14335 6545168624
61 14396 6517434859
61 14457 6489935134
61 14518 4846999874
61 14579 9313894265
61 14640 5244911487
61 14701 9573327553
61 14762 6355845565
61 14823 9494534733
61 14945 6278018885
61 15006 5356293317
61 15067 6227184724
61 15128 6202075108
61 15189 6177167176
61 15250 4488061600
61 15311 6680775073
61 15372 4577722103
61 15433 6369708161
61 15494 7430362427
61 15555 6787609333
61 15616 9012390391
61 15677 8977322725
61 15738 7463162772
61 15799 5938666512
61 15860 7169040107
61 15921 5893159489
61 15982 4790045458
61 16043 7480920971
61 16104 6223754157
61 16165 5804206138
61 16226 4336789361
61 16287 8418708318
61 16348 5739233682
61 16409 8576847362
61 16470 7205100723
61 16531 5918618945
61 16592 5654833186
61 16653 7597192341
61 16714 5214671110
61 16775 6112729171
61 16836 4179659312
61 16897 6174998509
61 16958 4733596462
61 17019 7018640923
61 17080 7868565378
61 17141 5524336059
61 17202 5553857261
61 17263 4468486598
61 17324 5415896573
61 17385 7827846638
61 17446 7117170179
61 17507 5359284414
61 17568 5340675787
61 17629 7983293910
61 17690 5763898002
61 17751 5582939238
61 17812 4763032580
61 17873 5899227321
61 17934 5777872134
61 17995 5213947887
61 18056 5196333198
61 18117 5178837127
61 18178 5734542119
61 18239 5144196076
61 18300 5323755504
61 18361 5110015371
61 18422 5093094790
61 18483 4424685987
61 18544 5059587588
61 18605 7564498164
61 18666 8202327642
61 18727 7515218046
61 18788 5445328078
61 18849 5624209051
61 18910 5730259081
61 18971 3852741323
61 19032 5201466288
61 19093 3514091259
61 19154 6216950325
61 19215 8041561731
61 19276 4052197021
61 19337 5860561755
61 19398 7196386728
61 19459 7478364802
61 19520 5792254166
61 19581 4874887163
61 19642 7978510637
61 19703 4761964788
61 19764 4747267366
61 19825 5500681814
61 19886 4302272418
61 19947 5370326606
61 20008 9205556174
61 20069 5599371425
61 20130 9053405996
61 20191 6124389248
61 20252 4573969391
61 20313 4618962843
61 20374 3777414987
61 20435 4338402802
61 20496 6164714765
61 20557 1233813746
61 20618 6070187778
61 20679 5455802089
61 20740 7825338763
61 20801 4510600078
61 20862 5325262663
61 20923 1414176722
61 20984 5611921948
61 21045 6715330156
61 21106 3477325584
61 21167 7142225039
61 21228 6577967521
61 21289 3317101711
61 21350 5559702698
61 21411 5572769851
61 21472 5352681318
61 21533 1133900673
61 21594 6688048447
61 21655 4402815004
61 21716 4932497549
61 21777 5963504241
61 21838 4465512038
61 21899 5451403152
61 21960 5905979308
61 22021 4347526003
61 22082 5042714244
61 22143 5131197109
61 22204 6917807710
61 22265 4888839695
61 22387 2119915062
61 22448 5871496770
61 22509 4168332322
61 22570 6285753767
61 22631 4311754814
61 22692 6019503450
61 22753 4594037093
67 67 4201119055382
67 134 1050279763845
67 201 700186509230
67 268 525139881922
67 335 420111905538
67 402 233395503076
67 469 300079932527
67 536 262569940961
67 603 233395503076
67 670 140037301846
67 737 190959957062
67 804 116697751538
67 871 161581502130
67 938 100026644175
67 1005 93358201230
67 1072 131284970480
67 1139 123562325158
67 1206 77798501025
67 1273 110555764615
67 1340 70018650923
67 1407 66684429450
67 1474 63653319020
67 1541 91328675117
67 1608 58348875769
67 1675 84022381107
67 1742 53860500710
67 1809 77798501025
67 1876 50013322087
67 1943 72433087161
67 2010 35009325461
67 2077 67759984764
67 2144 65642485240
67 2211 42435546013
67 2278 41187441719
67 2345 40010657670
67 2412 38899250512
67 2479 56771879126
67 2546 36851921538
67 2613 35907000473
67 2680 35009325461
67 2747 51233159211
67 2814 25006661043
67 2881 48850221574
67 2948 31826659510
67 3015 31119400410
67 3082 30442891705
67 3149 44692755908
67 3216 29174437884
67 3283 42868561789
67 3350 28007460369
67 3417 27458294479
67 3484 26930250355
67 3551 39633198635
67 3618 25932833675
67 3685 25461327608
67 3752 25006661043
67 3819 24567947692
67 3886 24144362387
67 3953 35602703859
67 4020 17504662730
67 4087 34435402093
67 4154 22586661588
67 4221 22228143150
67 4288 32821242620
67 4355 21544200284
67 4422 15913329755
67 4556 20593720859
67 4623 20295261137
67 4690 15003996626
67 4757 29585345460
67 4824 19449625256
67 4891 28774788051
67 4958 18923959708
67 5025 18671640246
67 5092 18425960769
67 5159 18186662577
67 5226 13465125177
67 5293 26589361110
67 5360 17504662730
67 5427 25932833675
67 5494 17077719737
67 5561 25307946117
67 5628 12503330521
67 5695 16474976687
67 5762 16283407191
67 5829 16096241591
67 5896 15913329755
67 5963 23601792446
67 6030 11669775153
67 6097 15388714488
67 6164 15221445852
67 6231 15057774392
67 6298 14897585302
67 6365 14740768615
67 6432 14587218942
67 6499 21655252863
67 6566 14289520596
67 6633 14145182004
67 6700 14003730184
67 6767 20797619086
67 6834 10296860429
67 6901 20393781822
67 6968 13465125177
67 7035 10002664417
67 7102 13211066211
67 7169 19631397455
67 7236 12966416837
67 7303 19271188327
67 7370 9547997853
67 7437 12615973139
67 7504 12503330521
67 7571 18589022369
67 7638 9212980384
67 7705 12177156682
67 7772 12072181193
67 7839 11969000157
67 7906 11867567953
67 7973 11767840491
67 8040 8752331365
67 8107 17359996096
67 8174 11478467364
67 8241 11385146491
67 8308 11293330794
67 8375 16804476221
67 8442 8335553681
67 8509 16539838801
67 8576 16410621310
67 8643 10855604794
67 8710 8079075106
67 8777 16034805555
67 8844 7956664877
67 8911 10529120439
67 9045 10373133470
67 9112 10296860429
67 9179 15332551297
67 9246 7610722926
67 9313 15111939048
67 9380 7501998313
67 9447 9931723535
67 9514 9861781820
67 9581 9792818310
67 9648 9724812628
67 9715 9657744954
67 9782 9591596016
67 9849 9526347064
67 9916 9461979854
67 9983 14097714951
67 10050 7001865092
67 10117 13910990250
67 10184 9212980384
67 10251 9152764826
67 10318 11838241140
67 10385 9034664635
67 10452 6732562588
67 10519 13379360049
67 10586 8863120370
67 10653 8807377474
67 10720 8752331365
67 10787 8697969058
67 10854 8644277891
67 10921 12886868268
67 10988 8538859868
67 11055 6365331902
67 11122 8435982038
67 11189 12578200765
67 11256 6251665260
67 11323 12429346317
67 11390 6178116257
67 11457 8189315897
67 11524 8141703595
67 11591 12141962588
67 11658 7510646834
67 11725 8002131534
67 11792 7956664877
67 11859 7911711968
67 11926 7867264148
67 11993 11734969428
67 12060 6262406140
67 12127 10297680097
67 12194 6943112193
67 12261 7652311576
67 12328 7610722926
67 12395 7569583883
67 12462 6466219269
67 12529 7488625767
67 12596 7448792651
67 12663 7409381050
67 12730 6428233214
67 12797 8517713197
67 12864 7293609471
67 12931 10883728123
67 12998 7218417620
67 13065 5386050071
67 13132 7144760298
67 13199 10484486387
67 13266 5985366817
67 13333 8728487479
67 13400 7001865092
67 13534 6932539695
67 13601 6898389253
67 13668 5767476017
67 13735 6831087894
67 13802 6797927274
67 13869 6765087045
67 13936 7072651636
67 14003 6700349370
67 14070 7603164215
67 14137 9955258425
67 14204 6605533105
67 14271 6574521213
67 14338 5754809368
67 14405 6513362876
67 14472 6483208418
67 14539 6453331882
67 14606 7946507922
67 14673 6076797807
67 14740 6640833586
67 14807 11637463635
67 14874 6411384163
67 14941 5802412773
67 15008 6251665260
67 15075 6774638226
67 15142 6394840902
67 15209 9253566201
67 15276 7774444040
67 15343 5759229410
67 15410 6352449102
67 15477 5698697780
67 15544 6036090596
67 15611 9015276943
67 15678 5816584847
67 15745 5959034121
67 15812 7886220954
67 15879 5908746913
67 15946 6692269366
67 16013 8277843833
67 16080 5889615477
67 16147 6821719625
67 16214 5469410641
67 16281 8644277891
67 16348 5739233682
67 16415 6527020332
67 16482 6049786068
67 16549 6249240170
67 16616 6413804345
67 16683 6445550887
67 16750 6027548401
67 16817 7412624888
67 16884 6541108451
67 16951 6603343641
67 17018 4676107880
67 17085 5123236211
67 17152 8205310655
67 17219 5590541989
67 17286 5635674320
67 17353 5406845631
67 17420 5256355694
67 17487 6490482173
67 17554 5444173936
67 17621 6358113114
67 17688 5707527269
67 17755 6201676295
67 17822 6680591156
67 17889 5244757122
67 18023 6034675065
67 18090 6004295936
67 18157 6180540984
67 18224 5441002202
67 18291 3847178622
67 18358 5668243421
67 18425 7093125875
67 18492 6506935299
67 18559 5126172485
67 18626 5586956221
67 18693 6796888982
67 18760 6789280767
67 18827 5443461365
67 18894 6791632655
67 18961 4603650307
67 19028 6769295818
67 19095 8203647667
67 19162 5352701102
67 19229 5845932582
67 19296 11503135090
67 19363 7268372068
67 19430 6514286683
67 19497 5625406251
67 19564 6807104769
67 19631 7169145146
67 19698 7075205460
67 19765 6200498957
67 19832 6482874917
67 19899 6114767468
67 19966 5380761389
67 20033 6192683656
67 20100 5764675330
67 20167 5196030466
67 20234 5936166987
67 20301 7802948327
67 20368 6040846086
67 20435 5097355231
67 20502 8124912270
67 20569 5864291247
67 20636 4884555471
67 20703 5391700651
67 20770 5990299937
67 20837 3760263447
67 20904 7798720145
67 20971 5544142010
67 21038 6023968566
67 21105 7082836957
67 21172 6007605506
67 21239 6060093837
67 21306 5105449909
67 21373 6360560546
67 21440 6551542554
67 21507 4918270049
67 21574 5334395965
67 21641 6358692930
67 21708 6209020746
67 21775 5708546856
67 21842 5393115236
67 21909 5584966657
67 21976 6517165072
67 22043 5404751781
67 22110 8407393444
67 22177 5609349280
67 22244 6199937917
67 22311 5336388433
67 22378 5048746123
67 22512 5868751437
67 22579 3804285835
67 22646 5871681836
67 22713 5168251674
67 22780 7781683589
71 71 3964436291699
71 142 991109072924
71 213 660739381949
71 284 495554536462
71 355 396443629169
71 426 220246460649
71 497 283174020835
71 568 247777268231
71 639 220246460649
71 710 132147876389
71 781 180201649622
71 852 110123230324
71 923 152478318911
71 994 94391340278
71 1065 88098584259
71 1136 123888634115
71 1207 116601067402
71 1278 73415486883
71 1349 104327270834
71 1420 66073938194
71 1491 62927560185
71 1562 60067216540
71 1633 86183397645
71 1704 55061615162
71 1775 79288725833
71 1846 50826106303
71 1917 73415486883
71 1988 47195670139
71 2059 68352349856
71 2130 33036969097
71 2201 63942520833
71 2272 61944317057
71 2343 40044811027
71 2414 38867022467
71 2485 37756536111
71 2556 36707743441
71 2627 53573463401
71 2698 34775756944
71 2769 33884070869
71 2840 33036969097
71 2911 48346784045
71 2982 23597835069
71 3053 46098096415
71 3124 30033608270
71 3195 29366194753
71 3266 28727799215
71 3337 42174854167
71 3408 27530807581
71 3479 40453431547
71 3550 26429575277
71 3621 25911348311
71 3692 25413053151
71 3763 37400342374
71 3834 24471828961
71 3905 24026886616
71 3976 23597835069
71 4047 23183837963
71 4118 22784116618
71 4189 33596917726
71 4260 16518484548
71 4331 32495379440
71 4402 21314173611
71 4473 20975853395
71 4544 30972158528
71 4615 20330442521
71 4686 15016804135
71 4757 29585345460
71 4828 19433511233
71 4899 19151866143
71 4970 14158701041
71 5112 18353871720
71 5183 27153673231
71 5254 17857821133
71 5325 17619716851
71 5396 17387878472
71 5467 17162061868
71 5538 12706526575
71 5609 25091368935
71 5680 16518484548
71 5751 24471828961
71 5822 16115594681
71 5893 23882146336
71 5964 11798917534
71 6035 15546808987
71 6106 15366032138
71 6177 15189411079
71 6248 15016804135
71 6319 22272113998
71 6390 11012323032
71 6461 14521744658
71 6532 14363899607
71 6603 14209449074
71 6674 14058284722
71 6745 13910302777
71 6816 13765403790
71 6887 20435238617
71 6958 13484477182
71 7029 13348270342
71 7100 13214787638
71 7171 19625922236
71 7242 9716755616
71 7313 19244836367
71 7384 12706526575
71 7455 9439134027
71 7526 12466780791
71 7597 18525403232
71 7668 12235914480
71 7739 18185487577
71 7810 9010082481
71 7881 11905214089
71 7952 11798917534
71 8023 17541753503
71 8094 8693939236
71 8165 11491119686
71 8236 11392058309
71 8307 11294690289
71 8378 11198972575
71 8449 11104863562
71 8520 8259242274
71 8591 16381968147
71 8662 10831793146
71 8733 10743729787
71 8804 10657086805
71 8875 15857745166
71 8946 7865945023
71 9017 15608016896
71 9088 15486079264
71 9159 10244021425
71 9230 7623915945
71 9301 15131436228
71 9372 7508402067
71 9443 9935930555
71 9514 9861781820
71 9585 9788731584
71 9656 9716755616
71 9727 14468745590
71 9798 7181949803
71 9869 14260562200
71 9940 7079350520
71 10011 9372189814
71 10153 9241110237
71 10224 9176935860
71 10295 9113646647
71 10366 9051224410
71 10437 8989651455
71 10508 8928910566
71 10579 13303477489
71 10650 6607393819
71 10721 13127272489
71 10792 8693939236
71 10863 8637116103
71 10934 6435773200
71 11005 8525669444
71 11076 6353263287
71 11147 12625593286
71 11218 8363789644
71 11289 8040137878
71 11360 8259242274
71 11431 8207942632
71 11502 8157276320
71 11573 12160847521
71 11644 8057797340
71 11715 6006721654
71 11786 7960715445
71 11857 11722775620
71 11928 8366448605
71 11999 11729101454
71 12070 5830053370
71 12141 7727945987
71 12212 7683016069
71 12283 11457908358
71 12354 6620456564
71 12425 7551307222
71 12496 7508402067
71 12567 11552513858
71 12638 7424037999
71 12709 11073844390
71 12780 7555181640
71 12851 10951481469
71 12922 6204898626
71 12993 7221195431
71 13064 7181949803
71 13135 7569184781
71 13206 7607872584
71 13277 7066731357
71 13348 7029142361
71 13419 7926144545
71 13490 6116808525
71 13561 5759876715
71 13632 7650723319
71 13703 8636951439
71 13774 6601364494
71 13845 6472599799
71 13916 6742238591
71 13987 10062021045
71 14058 6164583578
71 14129 9960895205
71 14200 6607393819
71 14271 6574521213
71 14342 6205425268
71 14413 6509747605
71 14484 5948120782
71 14555 6446237872
71 14626 6236422012
71 14697 6383955381
71 14768 6353263287
71 14839 6322864899
71 14910 7432878687
71 14981 9394398795
71 15052 7806977149
71 15194 3638992582
71 15265 6146412855
71 15336 6488663798
71 15407 6089763888
71 15478 6977716752
71 15549 6034149606
71 15620 5657211808
71 15691 5979541918
71 15762 6331289943
71 15833 4894849760
71 15904 5899458767
71 15975 5873238950
71 16046 5543024647
71 16117 7802572792
71 16188 9145060547
71 16259 5852858811
71 16330 7811995193
71 16401 5914491706
71 16472 5696029154
71 16543 8507374017
71 16614 5935427943
71 16685 5298868226
71 16756 5599486287
71 16827 5661283878
71 16898 6896494827
71 16969 8417486998
71 17040 6202278705
71 17111 8224971560
71 17182 5662129518
71 17253 6936134456
71 17324 5415896573
71 17395 6546587427
71 17466 7550613857
71 17537 6235589645
71 17608 11458079078
71 17679 5382769993
71 17750 5350501052
71 17821 7639477393
71 17892 6047343396
71 17963 6415067076
71 18034 4619674368
71 18105 6629621053
71 18176 7743039632
71 18247 6146895670
71 18318 6123333370
71 18389 5874889409
71 18460 8089499485
71 18531 6031618778
71 18602 6143903913
71 18673 7265136919
71 18744 6686761126
71 18815 6825015458
71 18886 6547254889
71 18957 6190790030
71 19028 4331230702
71 19099 6664050396
71 19170 8066719857
71 19241 5773023803
71 19312 6675058242
71 19383 6650577093
71 19454 5150456807
71 19525 5808094229
71 19596 7339590386
71 19667 6050816632
71 19738 5629255907
71 19809 6428320482
71 19880 6086665924
71 19951 5756689771
71 20022 7031318579
71 20093 3894574677
71 20235 7257752262
71 20306 8158041799
71 20377 6716424855
71 20448 5998048520
71 20519 6858886317
71 20590 4791448832
71 20661 5356769026
71 20732 5766327451
71 20803 6383831097
71 20874 6517526313
71 20945 4889450865
71 21016 6193667505
71 21087 5902796599
71 21158 6191510594
71 21229 9149680611
71 21300 6025073616
71 21371 5819396500
71 21442 5109787104
71 21513 4578331420
71 21584 5915748026
71 21655 5344553902
71 21726 4815029138
71 21797 4520382836
71 21868 5919460436
71 21939 6922136002
71 22010 8353560368
71 22081 2295243524
71 22152 7869257104
71 22223 5539398357
71 22294 5431148029
71 22365 5684134196
71 22436 5943210661
71 22507 3110323331
71 22578 6311095557
71 22649 11443204476
71 22720 5710579859
73 73 3855821598776
73 146 963955399694
73 219 642636933129
73 292 481977699847
73 365 385582159877
73 438 214212311043
73 511 275415828484
73 584 240988849923
73 657 214212311043
73 730 128527386625
73 803 175264618126
73 876 107106155521
73 949 148300830722
73 1022 91805276161
73 1095 85684924417
73 1168 120494424961
73 1241 113406517611
73 1314 71404103681
73 1387 101468989441
73 1460 64263693312
73 1533 61203517440
73 1606 58421539375
73 1679 83822208669
73 1752 53553077760
73 1825 77116431975
73 1898 49433610240
73 1971 71404103681
73 2044 45902638080
73 2117 66479682737
73 2190 32131846656
73 2263 62190670948
73 2336 60247212480
73 2409 38947692916
73 2482 37802172537
73 2555 36722110464
73 2628 35702051840
73 2701 52105697280
73 2774 33822996480
73 2847 32955740160
73 2920 32131846656
73 2993 47022214619
73 3066 22951319040
73 3139 44835134869
73 3212 29210769687
73 3285 28561641472
73 3358 27940736223
73 3431 41019378710
73 3504 26776538880
73 3577 39345118354
73 3650 25705477325
73 3723 25201448358
73 3796 24716805120
73 3869 36375675460
73 3942 23801367893
73 4015 23368615750
73 4088 22951319040
73 4161 22548664320
73 4234 22159894245
73 4307 32676454226
73 4380 16065923328
73 4453 31605095071
73 4526 20730223649
73 4599 20401172480
73 4672 30123606240
73 4745 19773444096
73 4818 14605384843
73 4891 28774788050
73 4964 18901086268
73 5037 18627157482
73 5110 13770791424
73 5183 27153673230
73 5256 17851025920
73 5402 17368565760
73 5475 17136984883
73 5548 16911498240
73 5621 16691868392
73 5694 12358402560
73 5767 24403934169
73 5840 16065923328
73 5913 23801367893
73 5986 15674071539
73 6059 23227840956
73 6132 11475659520
73 6205 15120869014
73 6278 14945044956
73 6351 14773262830
73 6424 14605384843
73 6497 21661919094
73 6570 10710615552
73 6643 14123888640
73 6716 13970368111
73 6789 13820149099
73 6862 13673126236
73 6935 13529198592
73 7008 13388269440
73 7081 19875369066
73 7154 13115039451
73 7227 12982564305
73 7300 12852738662
73 7373 19088225737
73 7446 9450543134
73 7519 18717580577
73 7592 12358402560
73 7665 9180527616
73 7738 12125225153
73 7811 18017857938
73 7884 11900683946
73 7957 17687255040
73 8030 8763230906
73 8103 11579043840
73 8176 11475659520
73 8249 17061157517
73 8322 8455749120
73 8395 11176294489
73 8468 11079947122
73 8541 10985246720
73 8614 10892151408
73 8687 10800620724
73 8760 8032961664
73 8833 15933147102
73 8906 10535031690
73 8979 10449381026
73 9052 10365111824
73 9125 15423286395
73 9198 8074518144
73 9271 15180399995
73 9344 15061803120
73 9417 9963363304
73 9490 7415041536
73 9563 14716876331
73 9636 7302692421
73 9709 9663713280
73 9782 9591596016
73 9855 9520547157
73 9928 9450543134
73 10001 14072341601
73 10074 6985184055
73 10147 13869861866
73 10220 6885395712
73 10293 9115417491
73 10366 9051224410
73 10439 8987929134
73 10512 8925512960
73 10585 8863957698
73 10731 8743359634
73 10804 8684282880
73 10877 12938998654
73 10950 6426369331
73 11023 12767621188
73 11096 8455749120
73 11169 8400482786
73 11242 6259450647
73 11315 8292089459
73 11388 6179201280
73 11461 12279686620
73 11534 8134644723
73 11607 8083483435
73 11680 8032961664
73 11753 9784116716
73 11826 7933789297
73 11899 11827673616
73 11972 7837035769
73 12045 5842153937
73 12118 7742613652
73 12191 11544376044
73 12264 5737829760
73 12337 11407756209
73 12410 5670325880
73 12483 7516221440
73 12556 7472522478
73 12629 11143993060
73 12702 5539973561
73 12775 7344422092
73 12848 7302692421
73 12921 7261434272
73 12994 7220639698
73 13067 10770451393
73 13140 6445050750
73 13213 8980773039
73 13286 5296458240
73 13359 7023354460
73 13432 6985184055
73 13505 6947426304
73 13578 5182555912
73 13651 6873122279
73 13724 6836563118
73 13797 6800390826
73 13870 8740981743
73 13943 10093773819
73 14016 6694134720
73 14089 9989175126
73 14162 6125251414
73 14235 4943361024
73 14308 6557519725
73 14381 3745957294
73 14454 6027443814
73 14527 8369782791
73 14600 8283649269
73 14673 7029596418
73 14746 5531210907
73 14819 6331398355
73 14892 4725271567
73 14965 6269628615
73 15038 6239193525
73 15111 6209052494
73 15184 6179201280
73 15257 6149635723
73 15330 8167681322
73 15403 9137018007
73 15476 6062612576
73 15549 6034149606
73 15622 5654333007
73 15695 5978017982
73 15768 5950341973
73 15841 5922921042
73 15914 5511694824
73 16060 4381615453
73 16133 5815718851
73 16206 7605206748
73 16279 8461123580
73 16352 5737829760
73 16425 5712328294
73 16498 5124872571
73 16571 5252068810
73 16644 7730699871
73 16717 7691812206
73 16790 8046684153
73 16863 6039801758
73 16936 5539973561
73 17009 8274295276
73 17082 11161128036
73 17155 5469250494
73 17228 6445392020
73 17301 5423096482
73 17374 5282577064
73 17447 7115404845
73 17520 8448919683
73 17593 7999629873
73 17666 3890998761
73 17739 7933789297
73 17812 6276482375
73 17885 7127346828
73 17958 6288521997
73 18031 6356334474
73 18104 5182555912
73 18177 4500110326
73 18250 5792093936
73 18323 697892500
73 18396 7196822547
73 18469 6589295714
73 18542 5562256129
73 18615 7560393821
73 18688 7530901560
73 18761 4059922489
73 18834 4819874754
73 18907 4962447360
73 18980 5986849950
73 19053 6263763621
73 19126 4444430521
73 19199 8538667267
73 19272 8047291723
73 19345 6010668949
73 19418 5674030026
73 19491 4995227696
73 19564 5059022721
73 19637 1368038395
73 19710 6833270492
73 19783 3178866093
73 19856 8089839443
73 19929 8701374807
73 20002 7088753153
73 20075 5290008090
73 20148 7272768595
73 20221 558514134
73 20294 5502383044
73 20367 6718685598
73 20440 5066674095
73 20513 4578785185
73 20586 6861368525
73 20659 4397036799
73 20732 4367468287
73 20805 5111494479
73 20878 5443130993
73 20951 3994065278
73 21024 5462499694
73 21097 5874462869
73 21170 5861740323
73 21243 4491078332
73 21389 3508883535
73 21462 3917844354
73 21535 5574089899
73 21608 5861694228
73 21681 4327521435
73 21754 4402918179
73 21827 5298318017
73 21900 5165388936
73 21973 4270012844
73 22046 5376136553
73 22119 7592224041
73 22192 4726302386
73 22265 5183837366
73 22338 6653006355
73 22411 9325621528
73 22484 7562164174
73 22557 6325710688
73 22630 5770460596
73 22703 5880361281
73 22776 6257554488
79 79 3562974388742
79 158 890743597185
79 237 593829064790
79 316 445371798592
79 395 356297438874
79 474 197943021596
79 553 254498170624
79 632 222685899296
79 711 197943021596
79 790 118765812958
79 869 161953381306
79 948 98971510798
79 1027 137037476490
79 1106 84832723541
79 1185 79177208638
79 1264 111342949648
79 1343 104793364374
79 1422 65981007198
79 1501 93762483914
79 1580 59382906479
79 1659 56555149027
79 1738 53984460435
79 1817 77455964972
79 1896 49485755399
79 1975 71259487774
79 2054 45679158830
79 2133 65981007198
79 2212 42416361770
79 2291 61430592909
79 2370 29691453239
79 2449 57467328850
79 2528 55671474824
79 2607 35989640290
79 2686 34931121458
79 2765 33933089416
79 2844 32990503599
79 2923 48148302550
79 3002 31254161304
79 3081 30452772553
79 3160 29691453239
79 3239 43450907179
79 3318 21208180885
79 3397 41429934752
79 3476 26992230217
79 3555 26392402879
79 3634 25818654990
79 3713 37903982858
79 3792 24742877699
79 3871 36356881517
79 3950 23753162591
79 4029 23287414305
79 4108 22839579415
79 4187 33612965931
79 4266 21993669066
79 4345 21593784174
79 4424 21208180885
79 4503 20836107536
79 4582 20476864303
79 4661 30194698209
79 4740 14845726619
79 4819 29204708104
79 4898 19155776283
79 4977 18851716342
79 5056 27835737412
79 5135 18271663532
79 5214 13496115108
79 5293 26589361110
79 5372 17465560729
79 5451 17212436660
79 5530 12724908531
79 5609 25091368934
79 5688 16495251799
79 5767 24403934169
79 5846 16049434183
79 5925 15835441727
79 6004 15627080652
79 6083 15424131552
79 6162 11419789707
79 6320 14845726619
79 6399 21993669066
79 6478 14483635726
79 6557 21463701137
79 6636 10604090442
79 6715 13972448583
79 6794 13809978250
79 6873 13651242868
79 6952 13496115108
79 7031 20016710049
79 7110 9897151079
79 7189 13051188237
79 7268 12909327495
79 7347 12770517522
79 7426 12634660952
79 7505 12501664521
79 7584 12371438849
79 7663 18365847365
79 7742 12118960505
79 7821 11996546763
79 7900 11876581295
79 7979 17638487073
79 8058 8732780364
79 8137 17295992178
79 8216 11419789707
79 8295 8483272354
79 8374 11204321977
79 8453 16649413032
79 8532 10996834533
79 8611 16343919214
79 8690 8097669065
79 8769 10699622789
79 8848 10604090442
79 8927 15765373402
79 9006 7813540326
79 9085 10327461996
79 9164 10238432151
79 9243 10150924184
79 9322 10064899403
79 9401 9980320416
79 9480 7422863309
79 9559 14723034664
79 9638 9734902701
79 9717 9655757151
79 9796 9577888141
79 9875 14251897554
79 9954 7069393628
79 10033 14027458223
79 10112 13917868706
79 10191 9206652167
79 10270 6851873824
79 10349 13599138888
79 10428 6748057554
79 10507 8929760372
79 10586 8863120370
79 10665 8797467626
79 10744 8732780364
79 10823 13003556163
79 10902 6454663747
79 10981 12816454636
79 11060 6362454265
79 11139 8423107301
79 11218 8363789644
79 11297 8305301605
79 11376 8247625899
79 11455 8190745721
79 11534 8134644723
79 11613 8079307003
79 11692 8024717091
79 11771 11956289895
79 11850 7278633047
79 11929 11797928440
79 12008 7813540326
79 12087 7762471435
79 12166 5784049332
79 12245 7662310513
79 12324 11414240131
79 12403 11347052193
79 12561 7469547984
79 12640 7422863309
79 12719 7376758568
79 12798 7864398240
79 12877 10929369291
79 12956 7241817863
79 13035 6658382263
79 13114 7154567045
79 13193 10497543466
79 13272 5941129713
79 13351 10541344345
79 13430 5239668218
79 13509 6945369178
79 13588 6904989125
79 13667 8850359667
79 13746 5938769947
79 13825 6786617883
79 13904 10081211934
79 13983 7101749114
79 14062 6672236683
79 14141 8329510388
79 14220 7167768341
79 14299 9842470687
79 14378 7387437106
79 14457 6489935134
79 14536 6454663747
79 14615 6419773673
79 14694 5409405309
79 14773 6351112992
79 14852 6317330476
79 14931 7017935055
79 15010 6554958855
79 15089 9019015616
79 15168 6185719424
79 15247 9230503598
79 15326 6237029970
79 15405 4567915883
79 15484 6059480252
79 15563 8729640232
79 15642 7230876028
79 15721 6170836017
79 15800 6996483157
79 15879 5908746913
79 15958 5958766042
79 16037 5850532658
79 16116 6904146369
79 16195 6948105674
79 16274 5421352441
79 16353 5737478886
79 16432 5709894853
79 16511 5682574782
79 16590 8433544365
79 16669 8443067272
79 16748 6903630502
79 16827 6272382174
79 16906 5317886417
79 16985 8510646968
79 17064 6202468816
79 17143 6284291032
79 17222 7557013576
79 17301 5423096482
79 17380 7311899840
79 17459 6783599275
79 17538 6265645361
79 17617 3647397709
79 17696 6435324611
79 17775 7079529799
79 17854 5272027005
79 17933 7253319546
79 18012 7712897493
79 18091 7190067737
79 18170 6244236331
79 18249 7023986736
79 18328 6947828613
79 18407 7645867787
79 18486 6974550417
79 18565 10972037623
79 18644 9068474631
79 18802 7522796724
79 18881 1804898228
79 18960 6974496962
79 19039 7405306721
79 19118 5301518675
79 19197 7331223022
79 19276 6497960008
79 19355 6356746058
79 19434 5735279816
79 19513 6327885296
79 19592 4788944070
79 19671 4852300686
79 19750 5888854644
79 19829 627632682
79 19908 5486901085
79 19987 5703267437
79 20066 4644172509
79 20145 10406274294
79 20224 6958934353
79 20303 3390055413
79 20382 4719030487
79 20461 6920769497
79 20540 6168855719
79 20619 7472091505
79 20698 3497624697
79 20777 5663214760
79 20856 7122644262
79 20935 5284367185
79 21014 5357674156
79 21093 5135617728
79 21172 6996698168
79 21251 5219224036
79 21330 6670653066
79 21409 3785134207
79 21488 6233404160
79 21567 7658742572
79 21646 3610312020
79 21725 4757045008
79 21804 6975947358
79 21883 4427045444
79 21962 4694865679
79 22041 6816000286
79 22120 7873852593
79 22199 5611469651
79 22278 5403566728
79 22357 3895203752
79 22436 6346754242
79 22515 7521361643
79 22594 7807113563
79 22673 5470031410
79 22752 5643365737
83 83 3391264779646
83 166 847816194911
83 249 565210796607
83 332 423908097455
83 415 339126477964
83 498 188403598869
83 581 242233198546
83 664 211954048727
83 747 188403598869
83 830 113042159321
83 913 154148399074
83 996 94201799434
83 1079 130433260755
83 1162 80744399515
83 1245 75361439547
83 1328 105977024363
83 1411 99743081754
83 1494 62801199623
83 1577 89243809990
83 1660 56521079660
83 1743 53829599676
83 1826 51382799691
83 1909 73723147383
83 1992 47100899717
83 2075 67825295592
83 2158 43477753585
83 2241 62801199623
83 2324 40372199757
83 2407 58470082407
83 2490 28260539830
83 2573 54697819026
83 2656 52988512181
83 2739 34255199794
83 2822 33247693918
83 2905 32297759806
83 2988 31400599811
83 3071 45827902427
83 3154 29747936663
83 3237 28985169056
83 3320 28260539830
83 3403 41356887556
83 3486 20186099878
83 3569 39433311391
83 3652 25691399845
83 3735 25120479849
83 3818 24574382461
83 3901 36077284889
83 3984 23550449858
83 4067 34604742649
83 4150 22608431864
83 4233 22165129278
83 4316 21738876792
83 4399 31993063958
83 4482 20933733207
83 4565 20553119876
83 4648 20186099878
83 4731 19831957775
83 4814 19490027469
83 4897 28739532030
83 4980 14130269915
83 5063 27797252292
83 5146 18232606342
83 5229 17943199892
83 5312 26494256090
83 5395 17391101434
83 5478 12845699922
83 5561 25307946116
83 5644 16623846959
83 5727 16382921640
83 5810 12111659927
83 5893 23882146335
83 5976 15700299905
83 6059 23227840956
83 6142 15275967475
83 6225 15072287909
83 6308 14873968331
83 6391 14680799911
83 6474 10869438396
83 6557 21463701137
83 6640 14130269915
83 6723 20933733207
83 6806 13785629185
83 6972 10093049939
83 7055 13299077567
83 7138 13144437130
83 7221 12993351646
83 7304 12845699922
83 7387 19052049324
83 7470 9420179943
83 7553 12422215310
83 7636 12287191230
83 7719 12155070894
83 7802 12025761629
83 7885 11899174665
83 7968 11775224929
83 8051 17480746287
83 8134 11534914216
83 8217 11418399931
83 8300 11304215932
83 8383 16788439503
83 8466 8311923479
83 8549 16462450387
83 8632 10869438396
83 8715 8074439951
83 8798 10664354652
83 8881 15847031681
83 8964 10466866603
83 9047 15556260457
83 9130 7707419953
83 9213 10183978317
83 9296 10093049939
83 9379 15005596370
83 9462 7436984165
83 9545 9829752984
83 9628 9745013734
83 9711 9661723018
83 9794 9579844010
83 9877 9499341119
83 9960 7065134957
83 10043 14013490824
83 10126 9265750764
83 10209 9190419457
83 10292 9116303171
83 10375 13565059118
83 10458 6728699959
83 10541 13351436140
83 10624 13247128045
83 10707 8762958086
83 10790 7072200660
83 10873 12943758701
83 10956 6422849961
83 11039 8499410475
83 11122 8435982038
83 11205 8373493283
83 11288 8311923479
83 11371 12376878758
83 11454 6143595615
83 11537 12198794171
83 11620 7414170278
83 11703 8017174419
83 11786 7960715445
83 11869 7905046106
83 11952 7850149952
83 12035 7796010987
83 12118 7742613652
83 12201 11552598524
83 12284 7637983737
83 12367 11380083153
83 12450 6072664076
83 12533 11229353575
83 12616 7436984165
83 12699 7388376426
83 12782 6657332102
83 12865 7293042536
83 12948 5434719198
83 13031 10800206305
83 13114 7154567045
83 13197 7109569768
83 13280 7065134957
83 13363 7021252131
83 13446 9874800227
83 13529 10402652698
83 13612 6892814592
83 13695 5534181848
83 13861 8141569268
83 13944 7748098805
83 14027 10771279648
83 14110 6272389628
83 14193 6610652591
83 14276 12291687059
83 14359 9801343294
83 14442 8652683435
83 14525 6752123949
83 14608 6422849961
83 14691 5562004124
83 14774 6864439752
83 14857 9472806647
83 14940 7010501914
83 15023 7220844641
83 15106 6136799678
83 15189 6177167176
83 15272 6143595615
83 15355 6110386990
83 15438 7490711678
83 15521 6670503903
83 15604 6012880814
83 15687 6707561946
83 15770 8683069254
83 15853 6025217915
83 15936 6447666598
83 16019 7161876422
83 16102 6844753589
83 16185 7522018616
83 16268 6540111908
83 16351 8331891942
83 16434 7081355443
83 16517 8373971662
83 16600 5652107966
83 16683 5213206594
83 16766 5833849966
83 16849 6379791370
83 16932 6845899322
83 17015 5514251674
83 17098 5581519923
83 17181 6360967018
83 17264 5924513278
83 17347 6411432663
83 17430 7453714444
83 17513 7345286608
83 17596 6012282663
83 17679 6995722921
83 17762 6151765818
83 17845 6030429652
83 17928 6044645395
83 18011 6686733687
83 18094 5885491506
83 18177 7124091142
83 18260 6391466163
83 18343 7226999065
83 18426 7564699909
83 18509 6506954552
83 18592 7744869601
83 18675 6363438647
83 18758 5860101400
83 18841 724639103
83 18924 7868538833
83 19007 6842185705
83 19090 11523385572
83 19173 6590376142
83 19256 8331473257
83 19339 7277392231
83 19422 6076958539
83 19505 6502142109
83 19588 6859404811
83 19671 6304451802
83 19754 7460980109
83 19837 3889615604
83 19920 6904170185
83 20003 7035819045
83 20086 6487937556
83 20169 1491259442
83 20252 6140676533
83 20335 9861122734
83 20418 8011696094
83 20501 5953649946
83 20584 6893368459
83 20750 5414608611
83 20833 4802918213
83 20916 10921264239
83 20999 6480647402
83 21082 5151680497
83 21165 12422104565
83 21248 6462855015
83 21331 3959269935
83 21414 6781530183
83 21497 7319521369
83 21580 5369766154
83 21663 5590917807
83 21746 5796258091
83 21829 6660764690
83 21912 7643863831
83 21995 5885917708
83 22078 5558717011
83 22161 5991675897
83 22244 4935542233
83 22327 5157019854
83 22410 6564073318
83 22493 4707404933
83 22576 6924875789
83 22659 8443607640
83 22742 6154502278
89 89 3162640187760
89 178 790660046940
89 267 527106697960
89 356 395330023470
89 445 316264018776
89 534 175702232653
89 623 225902870554
89 712 197665011735
89 801 175702232653
89 890 105421339592
89 979 143756372170
89 1068 87851116326
89 1157 121640007221
89 1246 75300956851
89 1335 70280893061
89 1424 98832505867
89 1513 93018829051
89 1602 58567410884
89 1691 83227373362
89 1780 52710669796
89 1869 50200637900
89 1958 47918790723
89 2047 68753047560
89 2136 43925558163
89 2225 63252803755
89 2314 40546669073
89 2403 58567410884
89 2492 37650478425
89 2581 54528279099
89 2670 26355334898
89 2759 51010325609
89 2848 49416252933
89 2937 31945860482
89 3026 31006276350
89 3115 30120382740
89 3204 29283705442
89 3293 42738380915
89 3382 27742457787
89 3471 27031112715
89 3560 26355334898
89 3649 38568782777
89 3738 18825239212
89 3827 36774885904
89 3916 23959395361
89 4005 23426964353
89 4094 22917682520
89 4183 33645108380
89 4272 21962779081
89 4361 32271838650
89 4450 21084267918
89 4539 20670850900
89 4628 20273334536
89 4717 29836228186
89 4806 19522470294
89 4895 19167516289
89 4984 18825239212
89 5073 18494971858
89 5162 18176093033
89 5251 26802035489
89 5340 13177667449
89 5429 25923280227
89 5518 17003441869
89 5607 16733545966
89 5696 24708126466
89 5785 16218667629
89 5874 11979697680
89 5963 23601792445
89 6052 15503138175
89 6141 15278455013
89 6230 11295143527
89 6319 22272113998
89 6408 14641852721
89 6497 21661919094
89 6586 14246126971
89 6675 14056178612
89 6764 13871228893
89 6853 13691083063
89 6942 10136667268
89 7031 20016710049
89 7120 13177667449
89 7209 19522470294
89 7298 12856260925
89 7387 19052049323
89 7476 9412619606
89 7565 12402510540
89 7654 12258295301
89 7743 12117395355
89 7832 11979697680
89 8010 8785111632
89 8099 11584762592
89 8188 11458841260
89 8277 11335627913
89 8366 11215036126
89 8455 11096983114
89 8544 10981389540
89 8633 16302269009
89 8722 10757279550
89 8811 10648620160
89 8900 10542133959
89 8989 15656634593
89 9078 7751569087
89 9167 15352622271
89 9256 10136667268
89 9345 7530095685
89 9434 9945409395
89 9523 14778692466
89 9612 9761235147
89 9701 14507523797
89 9790 8192310648
89 9879 9497417981
89 9968 9412619606
89 10057 13993983132
89 10146 13044715314
89 10235 9167073008
89 10324 9088046516
89 10413 9010370905
89 10502 8934011829
89 10591 8858936100
89 10680 6588833724
89 10769 13068761106
89 10858 8641093409
89 10947 8570840617
89 11036 8501720934
89 11125 12650560751
89 11214 6825617360
89 11303 12451339322
89 11392 12354063233
89 11481 8172196867
89 11570 6082000361
89 11659 12071145755
89 11748 6829930041
89 11837 7926416510
89 11926 7867264148
89 12015 7808988117
89 12104 7751569087
89 12193 11542482437
89 12282 8430994466
89 12371 5713524439
89 12460 6328495329
89 12549 7476690751
89 12638 7424037999
89 12727 7372121649
89 12816 7320926360
89 12905 7270437213
89 12994 7220639698
89 13083 7171519700
89 13172 7123063485
89 13261 10612886536
89 13350 6425318401
89 13439 10472318503
89 13528 6935614446
89 13617 6890283633
89 13706 8505758855
89 13795 6801376747
89 13884 5540101736
89 13973 10072102509
89 14062 6672236683
89 14151 6630272930
89 14240 6588833724
89 14329 6547909291
89 14418 6978528998
89 14507 9701350269
89 14596 6428130462
89 14685 6077114613
89 14774 6651379605
89 14863 8249473043
89 14952 7783200535
89 15041 9356923632
89 15130 8153766763
89 15219 7485177439
89 15308 7776764684
89 15397 7363285754
89 15486 7807088566
89 15575 7449428654
89 15664 8401952470
89 15753 7638852500
89 15931 7854290307
89 16020 8824994667
89 16109 8736575104
89 16198 4344285972
89 16287 8839721805
89 16376 7182793782
89 16465 7325983866
89 16554 7418814315
89 16643 7262756261
89 16732 5607518063
89 16821 5948555213
89 16910 6384420514
89 16999 8279162795
89 17088 7064722478
89 17177 5328642892
89 17266 3834497652
89 17355 6987227000
89 17444 6860674339
89 17533 5354709497
89 17622 6703088286
89 17711 7792326721
89 17800 6794365575
89 17889 6847422684
89 17978 6308675686
89 18067 12748799672
89 18156 6413540730
89 18245 6834341828
89 18334 5895865435
89 18423 6845801841
89 18512 8083842920
89 18601 5864692842
89 18690 8010192254
89 18779 5766668179
89 18868 6375290556
89 18957 6260186057
89 19046 5430915879
89 19135 6635452930
89 19224 7379694563
89 19313 7893020862
89 19402 6343324549
89 19491 5903546630
89 19580 7845853974
89 19669 6785532991
89 19758 5699559901
89 19847 6168193642
89 19936 6959892199
89 20025 6640432932
89 20114 4460931476
89 20203 6010831571
89 20292 6956561976
89 20381 5776439928
89 20470 7870091229
89 20559 5602830493
89 20648 6067321854
89 20737 7197086323
89 20826 7774834602
89 20915 6568686766
89 21004 4876769087
89 21093 5794614615
89 21182 6824926348
89 21271 4803405628
89 21360 5098957443
89 21449 6746847444
89 21538 6222504218
89 21627 3769665229
89 21716 5276704742
89 21805 6823029532
89 21894 5416889022
89 21983 4937731788
89 22072 6003843971
89 22161 5552817915
89 22250 5538343454
89 22339 7088639078
89 22428 9346249649
89 22517 5487038187
89 22606 4888029380
89 22695 6970399320
89 22784 6166010589
97 97 2901803883615
97 194 725450970903
97 291 483633980602
97 388 362725485451
97 485 290180388361
97 582 161211326867
97 679 207271705972
97 776 181362742725
97 873 161211326867
97 970 96726796120
97 1067 131900176527
97 1164 80605663433
97 1261 111607841677
97 1358 69090568657
97 1455 64484530747
97 1552 90681371362
97 1649 85347173047
97 1746 53737108955
97 1843 76363260095
97 1940 48363398060
97 2037 46060379105
97 2134 43966725509
97 2231 63082693122
97 2328 40302831716
97 2425 58036077672
97 2522 37202613892
97 2619 53737108955
97 2716 34545284328
97 2813 50031101441
97 2910 24181699030
97 3007 46803288445
97 3104 45340685681
97 3201 29311150339
97 3298 28449057682
97 3395 27636227463
97 3492 26868554477
97 3589 39213565994
97 3686 25454420031
97 3783 24801742595
97 3880 24181699030
97 3977 35387852239
97 4074 17272642164
97 4171 33741905623
97 4268 21983362754
97 4365 21494843582
97 4462 21027564374
97 4559 30870254081
97 4656 20151415858
97 4753 29610243710
97 4850 19345359224
97 4947 18966038455
97 5044 18601306946
97 5141 27375508335
97 5238 17912369651
97 5335 17586690203
97 5432 17272642164
97 5529 16969613354
97 5626 16677033813
97 5723 24591558335
97 5820 12090849515
97 5917 23785277734
97 6014 15601096148
97 6111 15353459701
97 6208 22670342840
97 6305 14881045557
97 6402 10991681377
97 6499 21655252862
97 6596 14224528841
97 6693 14018376249
97 6790 10363585298
97 6887 20435238617
97 6984 13434277238
97 7081 19875369065
97 7178 13071188664
97 7275 12896906149
97 7372 12727210015
97 7469 12561921574
97 7566 9300653473
97 7663 18365847364
97 7760 12090849515
97 7857 17912369651
97 7954 11795950746
97 8051 17480746286
97 8148 8636321082
97 8245 11379623073
97 8342 11247301874
97 8439 11118022542
97 8536 10991681377
97 8633 16302269009
97 8730 8060566343
97 8827 10629318255
97 8924 10513782187
97 9021 10400730765
97 9118 10290084693
97 9215 10181768012
97 9312 10075707929
97 9506 9870081236
97 9603 9770383446
97 9700 9672679612
97 9797 14365365760
97 9894 7112264420
97 9991 14086426619
97 10088 9300653473
97 10185 6909056865
97 10282 9125169445
97 10379 13559831232
97 10476 11477793725
97 10573 13311026989
97 10670 6595008826
97 10767 8714125776
97 10864 8636321082
97 10961 12839840193
97 11058 6363605007
97 11155 8411025749
97 11252 8338516906
97 11349 8267247531
97 11446 8197186111
97 11543 8128302195
97 11640 6045424757
97 11737 11990925138
97 11834 7928425911
97 11931 7863967164
97 12028 7800548074
97 12125 11607215534
97 12222 5757547388
97 12319 11424424739
97 12416 11335171420
97 12513 7498201249
97 12610 6018695362
97 12707 11075587342
97 12804 5495840688
97 12901 7272691437
97 12998 7218417620
97 13095 7164947860
97 13192 7112264420
97 13289 10414672589
97 13386 6076444965
97 13483 10438143466
97 13580 7461121831
97 13677 8199399140
97 13774 7809944734
97 13871 6764111616
97 13968 10012682879
97 14065 7823610079
97 14162 7624866235
97 14259 7177166355
97 14356 6535594332
97 14453 9737596925
97 14550 6310896044
97 14647 9608622131
97 14744 7608161447
97 14841 7238192990
97 14938 8082323297
97 15035 7223475951
97 15132 6722984304
97 15229 9241413642
97 15326 7250127738
97 15423 6423535344
97 15520 6045424757
97 15617 7962915597
97 15714 6966447821
97 15811 7498096537
97 15908 9528738237
97 16005 7899497861
97 16102 6245051513
97 16199 7869178498
97 16296 9010786002
97 16393 8585218590
97 16490 5766973473
97 16587 6625019536
97 16684 6756930327
97 16781 7981152453
97 16878 7436941454
97 16975 8047363204
97 17072 6092952886
97 17169 7089904629
97 17266 12390883551
97 17363 7815932619
97 17460 7778898656
97 17557 7765613560
97 17654 5715189176
97 17751 5863317606
97 17848 7189420949
97 17945 5228475465
97 18042 8040410828
97 18139 8103186284
97 18236 8577418025
97 18333 6353893454
97 18430 5060317522
97 18527 6617304517
97 18624 6866466502
97 18721 7830360964
97 18915 5834632274
97 19012 6626878076
97 19109 6335823608
97 19206 5530728452
97 19303 2826433979
97 19400 5969619196
97 19497 8556615276
97 19594 6179606309
97 19691 6456704261
97 19788 5927570293
97 19885 11266733393
97 19982 8431794576
97 20079 6192344871
97 20176 5714083556
97 20273 7127153359
97 20370 10369416450
97 20467 6161547700
97 20564 4487744311
97 20661 5932036249
97 20758 4662032998
97 20855 6853849462
97 20952 4478092412
97 21049 6267795412
97 21146 5381770692
97 21243 6277103396
97 21340 7558274294
97 21437 6920546533
97 21534 6378302395
97 21631 3999535882
97 21728 6146773079
97 21825 4743581686
97 21922 3844152382
97 22019 1010060555
97 22116 7577748016
97 22213 2758353472
97 22310 7846760117
97 22407 5133357536
97 22504 6416993591
97 22601 6931837256
97 22698 5619365413
101 101 2786880957531
101 202 696720239382
101 303 464480159588
101 404 348360119691
101 505 278688095753
101 606 154826719862
101 707 199062925537
101 808 174180059845
101 909 154826719862
101 1010 92896031917
101 1111 126676407160
101 1212 77413359931
101 1313 107187729135
101 1414 66354308512
101 1515 61930687945
101 1616 87090029922
101 1717 81967086986
101 1818 51608906620
101 1919 73338972566
101 2020 46448015958
101 2121 44236205675
101 2222 42225469053
101 2323 60584368641
101 2424 38706679965
101 2525 55737619150
101 2626 35729243045
101 2727 51608906620
101 2828 33177154256
101 2929 48049671681
101 3030 23224007979
101 3131 44949692863
101 3232 43545014961
101 3333 28150312702
101 3434 27322362328
101 3535 26541723405
101 3636 25804453310
101 3737 37660553480
101 3838 24446324188
101 3939 23819495363
101 4040 23224007979
101 4141 33986353140
101 4242 16588577128
101 4343 32405592529
101 4444 21112734526
101 4545 20643562648
101 4646 20194789547
101 4747 29647669760
101 4848 19353339982
101 4949 28437560791
101 5050 18579206383
101 5151 18214908219
101 5252 17864621522
101 5353 26291329788
101 5454 17202968873
101 5555 16890187621
101 5656 16588577128
101 5757 16297549459
101 5858 16016557227
101 5959 23617635233
101 6060 11612003989
101 6161 22843286537
101 6262 14983230954
101 6363 14745401891
101 6464 21772507480
101 6565 14291697218
101 6666 10556367263
101 6767 20797619086
101 6868 13661181164
101 6969 13463193031
101 7070 9953146276
101 7171 19625922236
101 7272 12902226655
101 7373 19088225736
101 7474 12553517826
101 7575 12386137589
101 7676 12223162094
101 7777 12064419729
101 7878 8932310761
101 7979 17638487072
101 8080 11612003989
101 8181 17202968873
101 8282 11328784380
101 8383 16788439503
101 8484 8294288564
101 8585 10928944931
101 8686 10801864176
101 8787 10677704818
101 8888 10556367263
101 8989 15656634592
101 9090 7741335993
101 9191 10208355155
101 9292 10097394773
101 9393 9988820636
101 9494 9882556586
101 9595 9778529675
101 9696 9676669991
101 9797 14365365760
101 9898 9479186930
101 9999 9383437567
101 10100 9289603191
101 10302 6830590582
101 10403 13528548338
101 10504 8932310761
101 10605 6635430851
101 10706 8763776596
101 10807 13022808213
101 10908 8601484436
101 11009 12783857603
101 11110 7723809527
101 11211 8369011884
101 11312 8294288564
101 11413 12331331670
101 11514 6111581047
101 11615 8077915818
101 11716 8008278613
101 11817 7939831787
101 11918 7872545077
101 12019 7806389236
101 12120 6919535115
101 12221 11516037014
101 12322 7614428845
101 12423 7552522920
101 12524 7491615477
101 12625 11147523830
101 12726 7216453273
101 12827 10647300286
101 12928 10886253740
101 13029 8106802994
101 13130 7272817515
101 13231 9914337508
101 13332 7649621714
101 13433 6984664053
101 13534 6932539695
101 13635 7271206755
101 13736 6830590582
101 13837 9797651808
101 13938 7780868378
101 14039 13709138097
101 14140 9372518651
101 14241 7993429323
101 14342 7648649029
101 14443 8944254836
101 14544 7960275183
101 14645 7597299788
101 14746 8025803922
101 14847 7729038543
101 14948 7372476601
101 15049 9351949522
101 15150 7346375431
101 15251 9228082641
101 15352 8974419613
101 15453 7399059137
101 15554 5852367186
101 15655 7002258911
101 15756 7949253096
101 15857 9029422471
101 15958 7729969003
101 16059 6888406240
101 16160 6930620370
101 16261 8192009126
101 16362 7716391325
101 16463 -510391182
101 16564 7237539356
101 16665 8002723473
101 16766 7587486562
101 16867 6979918941
101 16968 6395118691
101 17069 13099981542
101 17170 6725390893
101 17271 6921211966
101 17372 5678276956
101 17473 6100388201
101 17574 7980758082
101 17675 6887466119
101 17776 6373901319
101 17877 5767948459
101 17978 6244357414
101 18079 7817858521
101 18180 6973501384
101 18281 7316821511
101 18382 6676904776
101 18483 6379485717
101 18584 5848798474
101 18685 6344885728
101 18786 6477978730
101 18887 5380399443
101 18988 7239529421
101 19089 7289341985
101 19190 7169773939
101 19291 7018285868
101 19392 7173551869
101 19493 6441101111
101 19594 5821805783
101 19695 8681567067
101 19796 5990794193
101 19897 4976725817
101 19998 10560449603
101 20099 6996360518
101 20200 7055910821
101 20301 5764913315
101 20503 8379056059
101 20604 9119640569
101 20705 7005863659
101 20806 6549798095
101 20907 8087186884
101 21008 4774166198
101 21109 6556755448
101 21210 7652326320
101 21311 6331683142
101 21412 5766880831
101 21513 8425120507
101 21614 6855904271
101 21715 6269945876
101 21816 5881700940
101 21917 7919378857
101 22018 6157545967
101 22119 4984738083
101 22220 6488111770
101 22321 6862844648
101 22422 7030989337
101 22523 6793007384
101 22624 7111739636
101 22725 6648830241
103 103 2732766764181
103 206 683191691045
103 309 455461127363
103 412 341595845522
103 515 273276676418
103 618 151820375787
103 721 195197626012
103 824 170797922761
103 927 151820375787
103 1030 91092225472
103 1133 124216671099
103 1236 75910187893
103 1339 105106414006
103 1442 65065875337
103 1545 60728150315
103 1648 85398961380
103 1751 80375493064
103 1854 50606791929
103 1957 71914914846
103 2060 45546112736
103 2163 43377250225
103 2266 41405557033
103 2369 59407973134
103 2472 37955093946
103 2575 54655335283
103 2678 35035471335
103 2781 50606791929
103 2884 32532937668
103 2987 47116668347
103 3090 22773056368
103 3193 44076883293
103 3296 42699480690
103 3399 27603704688
103 3502 26791831021
103 3605 26026350135
103 3708 25303395964
103 3811 36929280597
103 3914 23971638282
103 4017 23356980890
103 4120 22773056368
103 4223 33326423953
103 4326 16266468834
103 4429 31776357723
103 4532 20702778516
103 4635 20242716771
103 4738 19802657711
103 4841 29071986852
103 4944 18977546973
103 5047 27885375144
103 5150 18218445094
103 5253 17861220680
103 5356 17517735667
103 5459 25780818530
103 5562 16868930643
103 5665 16562222813
103 5768 16266468834
103 5871 15981092188
103 5974 15705556115
103 6077 23159040374
103 6180 11386528184
103 6283 22399727575
103 6386 14692294431
103 6489 14459083408
103 6592 21349740345
103 6695 14014188534
103 6798 10351389258
103 6901 20393781822
103 7004 13395915510
103 7107 13201771807
103 7210 9759881300
103 7313 19244836367
103 7416 12651697982
103 7519 18717580576
103 7622 12309760199
103 7725 12145630063
103 7828 11985819141
103 7931 11830159152
103 8034 8758867833
103 8137 17295992178
103 8240 11386528184
103 8343 16868930643
103 8446 11108807984
103 8549 16462450386
103 8652 8133234417
103 8755 10716732408
103 8858 10592119241
103 8961 10470370743
103 9064 10351389258
103 9167 15352622270
103 9270 7591018789
103 9373 10010134667
103 9476 9901328855
103 9579 9794862954
103 9682 9690662284
103 9785 9588655312
103 9888 9488773486
103 9991 14086426619
103 10094 9295125048
103 10197 9201234896
103 10300 9109222547
103 10403 13528548337
103 10506 6697957755
103 10712 8758867833
103 10815 6506587533
103 10918 8593606176
103 11021 12769938150
103 11124 8434465321
103 11227 12535627359
103 11330 6210833554
103 11433 8206506799
103 11536 8133234417
103 11639 12091888337
103 11742 6966687919
103 11845 7921063084
103 11948 7852778057
103 12051 7785660296
103 12154 7719680124
103 12257 9281088101
103 12360 7876912255
103 12463 11292424645
103 12566 7751677725
103 12669 8178526789
103 12772 7346147215
103 12875 10931067056
103 12978 7494813846
103 13081 10758924268
103 13184 10674870172
103 13287 7061412827
103 13390 7374572918
103 13493 9595503001
103 13596 7877268465
103 13699 8258620099
103 13802 6797927274
103 13905 7104619143
103 14008 8401512453
103 14111 8337401010
103 14214 8988246734
103 14317 9830096274
103 14420 6907145872
103 14523 7202796936
103 14626 6771992341
103 14729 7560762595
103 14832 7555886501
103 14935 7265259938
103 15038 6239193525
103 15141 6196750032
103 15244 6924381047
103 15347 9170358269
103 15450 6627268841
103 15553 9390829125
103 15656 6762410518
103 15759 7198296666
103 15862 6303144342
103 15965 5876917772
103 16068 8811872767
103 16171 8424522877
103 16274 7811627611
103 16377 7420908242
103 16480 6435619506
103 16583 7086675437
103 16686 8531820471
103 16789 8382720136
103 16892 7034409422
103 16995 8518665343
103 17098 7515536925
103 17201 13333470014
103 17304 5852632555
103 17407 8085108769
103 17510 6556530840
103 17613 6755803963
103 17716 5296059620
103 17819 7898169839
103 17922 6139549085
103 18025 6685275457
103 18128 6588529441
103 18231 6215679910
103 18334 6823956706
103 18437 5125816189
103 18540 5842930824
103 18643 7539028210
103 18746 10795461016
103 18849 7031448790
103 18952 7126041299
103 19055 7095546089
103 19158 9590866554
103 19261 6983211235
103 19364 7592243378
103 19467 8251358479
103 19570 6454181637
103 19673 5910584154
103 19776 10855661011
103 19879 7422500425
103 19982 5401064028
103 20085 6233134795
103 20188 6103327966
103 20291 4540422668
103 20394 5564833971
103 20497 2511618282
103 20600 6726253283
103 20703 5379742972
103 20806 4931622725
103 20909 6288350971
103 21012 7097594362
103 21115 5216177993
103 21321 6512559834
103 21424 6554810788
103 21527 5012930759
103 21630 10208428717
103 21733 6475750626
103 21836 4088837467
103 21939 5135510146
103 22042 4930871319
103 22145 7043039194
103 22248 7172191894
103 22351 6717916120
103 22454 6784830157
103 22557 4529782309
103 22660 4598683841
103 22763 6915924543
107 107 2630607258978
107 214 657651814744
107 321 438434543163
107 428 328825907372
107 535 263060725897
107 642 146144847721
107 749 187900518498
107 856 164412953686
107 963 146144847721
107 1070 87686908632
107 1177 119573057226
107 1284 73072423860
107 1391 101177202268
107 1498 62633506166
107 1605 58457939088
107 1712 82206476843
107 1819 77370801734
107 1926 48714949240
107 2033 69226506815
107 2140 43843454316
107 2247 41755670777
107 2354 39857685742
107 2461 57187114325
107 2568 36536211930
107 2675 52612145179
107 2782 33725734089
107 2889 48714949240
107 2996 31316753083
107 3103 45355297568
107 3210 21921727158
107 3317 42429149338
107 3424 41103238421
107 3531 26571790494
107 3638 25790267244
107 3745 25053402466
107 3852 24357474620
107 3959 35548746742
107 4066 23075502271
107 4173 22483822726
107 4280 21921727158
107 4387 32080576329
107 4494 15658376541
107 4601 30588456499
107 4708 19928842871
107 4815 19485979696
107 4922 19062371441
107 5029 27985183606
107 5136 18268105965
107 5243 26842931214
107 5350 17537381726
107 5457 17193511496
107 5564 16862867044
107 5671 24817049613
107 5778 16238316413
107 5885 15943074296
107 5992 15658376541
107 6099 15383668181
107 6206 15118432522
107 6313 22293281855
107 6420 10960863579
107 6527 21562354581
107 6634 14143049779
107 6741 13918556925
107 6848 20551619210
107 6955 13490293635
107 7062 9964421435
107 7169 19631397455
107 7276 12895133622
107 7383 12708247627
107 7490 9395025924
107 7597 18525403232
107 7704 12178737310
107 7811 18017857938
107 7918 11849582247
107 8025 11691587817
107 8132 11537751135
107 8239 11387910212
107 8346 8431433522
107 8453 16649413031
107 8560 10960863579
107 8667 16238316413
107 8774 10693525443
107 8881 15847031680
107 8988 7829188270
107 9095 10316106897
107 9202 10196152166
107 9309 10078955015
107 9416 9964421435
107 9523 14778692466
107 9630 7307242386
107 9737 9635924025
107 9844 9531185720
107 9951 9428699852
107 10058 9328394535
107 10165 9230200908
107 10272 9134052982
107 10379 13559831231
107 10486 8947643738
107 10593 8857263498
107 10700 8768690863
107 10807 13022808212
107 10914 8475390939
107 11021 12769938150
107 11128 8431433522
107 11235 6263350616
107 11342 8818719119
107 11556 14985439224
107 11663 12067005775
107 11770 8316479358
107 11877 8344334468
107 11984 8196763910
107 12091 11639855128
107 12198 7777889584
107 12305 8633915106
107 12412 8786746513
107 12519 8262721287
107 12626 9116823823
107 12733 8095143100
107 12840 6632602357
107 12947 10870277929
107 13054 7768934853
107 13161 8328004094
107 13268 8977676639
107 13375 10522429035
107 13482 7228472864
107 13589 10356721492
107 13696 10275809605
107 13803 7702994987
107 13910 7542303040
107 14017 7156336769
107 14124 8287337564
107 14231 8186937581
107 14338 8619143662
107 14445 6862902205
107 14552 9012890645
107 14659 9335734148
107 14766 7156498258
107 14873 9462616039
107 14980 8492552043
107 15087 6494103620
107 15194 13146073132
107 15301 7807329674
107 15408 6533981625
107 15515 8349937167
107 15622 6709191924
107 15729 7260615009
107 15836 8286578879
107 15943 8993329453
107 16050 8129843787
107 16157 8710620063
107 16264 8168569989
107 16371 8054484634
107 16478 6838775041
107 16585 5988796541
107 16692 5624543278
107 16799 8953102609
107 16906 6565003655
107 17013 7588373911
107 17120 7155809811
107 17227 5992761088
107 17334 6971323135
107 17441 8868478890
107 17548 8333163947
107 17655 8242275935
107 17762 6500196354
107 17869 8322209940
107 17976 9618939413
107 18083 8771857196
107 18190 5837199432
107 18297 6642500977
107 18404 9705596237
107 18511 6099121647
107 18618 8223894552
107 18725 6238210745
107 18832 7821226711
107 18939 7207610002
107 19046 6354737913
107 19153 8504029302
107 19260 6051015603
107 19367 7722076462
107 19474 9111902250
107 19581 6014305349
107 19688 7838849028
107 19795 7694792133
107 19902 6825458235
107 20009 7186138403
107 20116 8776505291
107 20223 6942083133
107 20330 7893764191
107 20437 5895913748
107 20544 8185224845
107 20651 1779718698
107 20758 6688700035
107 20865 6231801033
107 20972 6797136005
107 21079 6527703087
107 21186 6921015444
107 21293 6376867023
107 21400 7222017005
107 21507 7004693339
107 21614 5868746867
107 21721 8354544687
107 21828 7482307396
107 21935 6807436231
107 22042 6945777819
107 22149 7254159472
107 22256 6193707729
107 22363 8272203403
107 22470 5848627767
107 22577 6121247967
107 22684 6478578131
109 109 2582339235877
109 218 645584808969
109 327 430389872646
109 436 322792404484
109 545 258233923587
109 654 143463290882
109 763 184452802562
109 872 161396202242
109 981 143463290882
109 1090 86077974529
109 1199 117379056176
109 1308 71731645441
109 1417 99320739841
109 1526 61484267520
109 1635 57385316352
109 1744 80698101121
109 1853 75951153996
109 1962 47821096960
109 2071 67956295680
109 2180 43038987264
109 2289 40989511680
109 2398 39126352058
109 2507 56137809475
109 2616 35865822720
109 2725 51646784717
109 2834 33106913280
109 2943 47821096960
109 3052 30742133760
109 3161 44523090273
109 3270 21519493632
109 3379 41650632836
109 3488 40349050560
109 3597 26084234705
109 3706 25317051332
109 3815 24593707008
109 3924 23910548480
109 4033 34896476160
109 4142 22652098560
109 4251 22071275520
109 4360 21519493632
109 4469 31491941900
109 4578 15371066880
109 4687 30027200417
109 4796 19563176029
109 4905 19128438784
109 5014 18712603158
109 5123 27471693998
109 5232 17932911360
109 5341 26350400366
109 5450 17215594905
109 5559 16878034221
109 5668 16553456640
109 5777 24361690904
109 5886 15940365653
109 5995 15650540823
109 6104 15371066880
109 6213 15101399040
109 6322 14841030091
109 6431 21884230812
109 6540 10759746816
109 6649 21166715048
109 6758 13883544278
109 6867 13663170560
109 6976 20174525280
109 7085 13242765312
109 7194 9781588014
109 7303 19271188327
109 7412 12658525666
109 7521 12475068772
109 7630 9222640128
109 7739 18185487576
109 7848 11955274240
109 7957 17687255040
109 8066 11632158720
109 8175 11477063270
109 8284 11326049280
109 8393 11178957731
109 8502 14432944152
109 8611 16343919214
109 8720 10759746816
109 8829 15940365653
109 8938 10497313966
109 9047 15556260457
109 9156 7685533440
109 9265 10126820532
109 9374 10009066805
109 9483 9894020060
109 9592 9781588014
109 9701 14507523797
109 9810 7173164544
109 9919 9459118080
109 10028 9356301579
109 10137 9255696185
109 10246 9157231332
109 10355 9060839424
109 10464 8966455680
109 10573 13311026989
109 10682 8783466788
109 10791 8694744901
109 10900 8607797452
109 11009 12783857603
109 11118 8509322561
109 11227 12535627358
109 11336 9058291160
109 11445 8686182939
109 11554 8120563634
109 11663 12067005775
109 11772 8953220318
109 11990 8610298217
109 12099 8111277144
109 12208 8818812830
109 12317 11426279805
109 12426 7735682208
109 12535 7485041263
109 12644 8277338739
109 12753 7357091840
109 12862 8263225356
109 12971 7704482137
109 13080 7003849647
109 13189 10670823288
109 13298 7055571682
109 13407 7997952525
109 13516 6941772139
109 13625 10329356943
109 13734 6623303781
109 13843 10166689905
109 13952 10087262640
109 14061 7440824915
109 14170 8714652477
109 14279 8885860972
109 14388 6343516635
109 14497 7398687606
109 14606 5662340202
109 14715 9599374643
109 14824 6800301733
109 14933 9424595751
109 15042 6750808357
109 15151 9133166924
109 15260 7244447901
109 15369 7619950338
109 15478 5603885412
109 15587 6563067190
109 15696 7932677182
109 15805 7019062862
109 15914 6663865392
109 16023 6782303971
109 16132 7571497918
109 16241 8665567906
109 16350 5778454964
109 16459 8550792172
109 16568 7505608564
109 16677 8406921763
109 16786 8701323826
109 16895 7728794583
109 17004 4138364160
109 17113 8224010305
109 17222 5662330912
109 17331 6928838539
109 17440 5379873408
109 17549 7404593243
109 17658 7810838525
109 17767 9208878229
109 17876 5248656983
109 17985 8389238865
109 18094 6708421956
109 18203 6941844446
109 18312 6022826448
109 18421 8233204723
109 18530 8754994312
109 18639 7091934878
109 18748 6847117326
109 18857 6259882678
109 18966 6973322830
109 19075 5775565095
109 19184 6077089633
109 19293 7333872986
109 19402 6320401453
109 19511 4638621371
109 19620 5286501357
109 19729 5676112007
109 19838 10319750115
109 19947 6633555461
109 20056 4678150789
109 20165 10404792504
109 20274 7659028265
109 20383 13955790285
109 20492 7352135027
109 20601 7025100770
109 20710 6330374877
109 20819 3702287890
109 20928 7500757282
109 21037 6365402153
109 21146 6050310915
109 21255 7059306813
109 21364 6717815107
109 21473 3469255593
109 21582 8964874616
109 21691 5834324128
109 21800 6131462332
109 21909 6109964419
109 22018 3720877126
109 22127 6871981607
109 22236 8233104611
109 22345 7492373706
109 22454 4806786943
109 22563 7286773231
109 22672 4681992572
109 22781 7358951356
113 113 2490928997439
113 226 622732249359
113 339 415154832906
113 452 311366124679
113 565 249092899743
113 678 138384944302
113 791 177923499817
113 904 155683062339
113 1017 138384944302
113 1130 83030966581
113 1243 113224045338
113 1356 69192472151
113 1469 95804961439
113 1582 59307833272
113 1695 55353977720
113 1808 77841531169
113 1921 73262617571
113 2034 46128314767
113 2147 65550763090
113 2260 41515483290
113 2373 39538555514
113 2486 37741348446
113 2599 54150630379
113 2712 34596236075
113 2825 49818579948
113 2938 31934987146
113 3051 46128314767
113 3164 29653916636
113 3277 42947051679
113 3390 20757741645
113 3503 40176274152
113 3616 38920765584
113 3729 25160898964
113 3842 24420872523
113 3955 23723133308
113 4068 23064157383
113 4181 33661202668
113 4294 21850254363
113 4407 21289991431
113 4520 20757741645
113 4633 30377182895
113 4746 14826958318
113 4859 28964290667
113 4972 18870674223
113 5085 18451325906
113 5198 18050210126
113 5311 26499244653
113 5424 17298118037
113 5537 25417642831
113 5650 16606193316
113 5763 16280581682
113 5876 15967493573
113 5989 23499330164
113 6102 15376104922
113 6215 15096539378
113 6328 14826958318
113 6441 14566836242
113 6554 14315683893
113 6667 21109567774
113 6780 11620105843
113 6893 20417450798
113 7006 13392091384
113 7119 13179518504
113 7232 19460382792
113 7345 12773994858
113 7458 9435337111
113 7571 18589022368
113 7684 12210436261
113 7797 12033473417
113 7910 8896174990
113 8023 17541753503
113 8136 11532078691
113 8249 17061157516
113 8362 11220400889
113 8475 11070795544
113 8588 10925127181
113 8701 10783242413
113 8814 7983746786
113 8927 15765373401
113 9040 10378870822
113 9153 15376104922
113 9266 10125727631
113 9379 15005596370
113 9492 7413479159
113 9605 9768349009
113 9718 9654763555
113 9831 9543789262
113 9944 9435337111
113 10057 13993983131
113 10170 9302175883
113 10283 9124282041
113 10396 9793218775
113 10509 8928060922
113 10622 10098349603
113 10735 8740101745
113 10848 8649059018
113 10961 12839840192
113 11074 8818695130
113 11187 8929064953
113 11300 9619775310
113 11413 12331331670
113 11526 6918366078
113 11639 12091888337
113 11752 9108106654
113 11865 8589545948
113 11978 8113480794
113 12091 11639855128
113 12204 9648071267
113 12317 11426279804
113 12430 8418697101
113 12543 8510599177
113 12656 9277008793
113 12882 9895002441
113 12995 7220084050
113 13108 9337809426
113 13221 7096663810
113 13334 7036522591
113 13447 8955017915
113 13560 8274569873
113 13673 9170531501
113 13786 10649927566
113 13899 7096632607
113 14012 8024495342
113 14125 9963715989
113 14238 7699814274
113 14351 9806807077
113 14464 10276466444
113 14577 7466840955
113 14690 8155400379
113 14803 8560253154
113 14916 5869839123
113 15029 9258646642
113 15142 7942992969
113 15255 9010057328
113 15368 8867978374
113 15481 7782869657
113 15594 8796738345
113 15707 9347197039
113 15820 10152432773
113 15933 8096344150
113 16046 7729362739
113 16159 15873377677
113 16272 6540080923
113 16385 7933896673
113 16498 6811412373
113 16611 7955029489
113 16724 5610200444
113 16837 9407933137
113 16950 6049450407
113 17063 10238260735
113 17176 7705998462
113 17289 7483616868
113 17402 8736341365
113 17515 7440991233
113 17628 7683677866
113 17741 8912441942
113 17854 6438137532
113 17967 7525892746
113 18080 8238992009
113 18193 8535347941
113 18306 7102994073
113 18419 8843901916
113 18532 5062863815
113 18645 6569429295
113 18758 6834535102
113 18871 7678434305
113 18984 11445274379
113 19097 7013751262
113 19210 4130600277
113 19323 8073737726
113 19436 6144060429
113 19549 4312794473
113 19662 6578786357
113 19775 6703720753
113 19888 7767225153
113 20001 4728985213
113 20114 8690275622
113 20227 4466775754
113 20340 6606956601
113 20453 7061300078
113 20566 9125951043
113 20679 4380423922
113 20792 8053011263
113 20905 6668127835
113 21018 7780461697
113 21131 7980617372
113 21244 7005941511
113 21357 7249296710
113 21470 9940954614
113 21583 5986295709
113 21696 7087289753
113 21809 7293880952
113 21922 7146664669
113 22035 9070973593
113 22148 5328823901
113 22261 5187293917
113 22374 6085140579
113 22487 5453553047
113 22600 7011163689
113 22713 7077128874
127 127 2216338399296
127 254 554084599824
127 381 369389733216
127 508 277042299912
127 635 221633839929
127 762 123129911072
127 889 158309885664
127 1016 138521149956
127 1143 123129911072
127 1270 73877946643
127 1397 100742654513
127 1524 61564955536
127 1651 85243784588
127 1778 52769961888
127 1905 49251964428
127 2032 69260574978
127 2159 65186423508
127 2286 41043303690
127 2413 58324694718
127 2540 36938973321
127 2667 35179974592
127 2794 33580884837
127 2921 48181269549
127 3048 30782477768
127 3175 44326767985
127 3302 28414594862
127 3429 41043303690
127 3556 26384980944
127 3683 38212731022
127 3810 18469486660
127 3937 35747393537
127 4064 34630287489
127 4191 22387256558
127 4318 21728807836
127 4445 21107984755
127 4572 20521651845
127 4699 29950518909
127 4826 19441564906
127 4953 18943063241
127 5080 18469486660
127 5207 27028517064
127 5334 13192490472
127 5461 25771376736
127 5588 16790442418
127 5715 16417321476
127 5842 16060423183
127 5969 23578068077
127 6096 15391238884
127 6223 22615697952
127 6350 14775589328
127 6477 14485871890
127 6604 14207297431
127 6731 20908852823
127 6858 13681101230
127 6985 13432353935
127 7112 13192490472
127 7239 12961043270
127 7366 12737577007
127 7493 18782528807
127 7620 11460854006
127 7747 18166708190
127 7874 11915797845
127 8001 11726658197
127 8128 17315143744
127 8255 11365837945
127 8382 8395221209
127 8509 16539838800
127 8636 10864403918
127 8763 11409171548
127 8890 8554578775
127 9017 15608016896
127 9144 10260825922
127 9271 15180399995
127 9398 10638300101
127 9525 9850392885
127 9652 9720782453
127 9779 9594538525
127 9906 11425112655
127 10033 14027458223
127 10160 9576520436
127 10287 13681101230
127 10414 9916814970
127 10541 13351436140
127 10668 17359288665
127 10795 10675338802
127 10922 8590458912
127 11049 10728247098
127 11176 8821277537
127 11303 12451339321
127 11430 9314702884
127 11557 8118455675
127 11684 8030211591
127 11811 9086306342
127 11938 7859356025
127 12065 8741872162
127 12192 10593837184
127 12319 11424424738
127 12446 7880343090
127 12573 9838447972
127 12700 9998398898
127 12827 11296644261
127 12954 8832275530
127 13081 10758924268
127 13208 9642268807
127 13335 10719338464
127 13462 8112058719
127 13589 10356721492
127 13716 9040927479
127 13843 10166689905
127 13970 9957753485
127 14097 10083546186
127 14224 7503554518
127 14351 9806807076
127 14478 8688040706
127 14605 7078963071
127 14732 8920554823
127 14859 8419825967
127 14986 9509096549
127 15113 6208230810
127 15240 9511826743
127 15367 10329452151
127 15494 8302201634
127 15621 10161800059
127 15748 8158275786
127 15875 8335005765
127 16002 9012657293
127 16256 9918707966
127 16383 5726972608
127 16510 9966534507
127 16637 8459306868
127 16764 8005540742
127 16891 6204076806
127 17018 8545963355
127 17145 5472440492
127 17272 9344240297
127 17399 9502996070
127 17526 9719451073
127 17653 7408541737
127 17780 6271896510
127 17907 8964895955
127 18034 8813590161
127 18161 11114626861
127 18288 7741017195
127 18415 5669315296
127 18542 6008092006
127 18669 6302217910
127 18796 7367782271
127 18923 7437377179
127 19050 7048690973
127 19177 7338868872
127 19304 7382663414
127 19431 8091594015
127 19558 8826147736
127 19685 6750134806
127 19812 5504028628
127 19939 7872454513
127 20066 7174547691
127 20193 10397105101
127 20320 7897785505
127 20447 8589396682
127 20574 5333021876
127 20701 5578624374
127 20828 7041810036
127 20955 9321372092
127 21082 6821048959
127 21209 6192004441
127 21336 6409309089
127 21463 8497837022
127 21590 9081189644
127 21717 5804421540
127 21844 7949244093
127 21971 6903537405
127 22098 7977690304
127 22225 8647488815
127 22352 7625485922
127 22479 7241669788
127 22606 5942386940
127 22733 5602941223
131 131 2148663944356
131 262 537165986089
131 393 358110657392
131 524 268582993044
131 655 214866394435
131 786 119370219130
131 917 153475996025
131 1048 134291496522
131 1179 119370219130
131 1310 71622131478
131 1441 97666542925
131 1572 59685109565
131 1703 82640920936
131 1834 51158665341
131 1965 47748087652
131 2096 67145748261
131 2227 63195998363
131 2358 39790073043
131 2489 56543788009
131 2620 35811065739
131 2751 34105776894
131 2882 32555514308
131 3013 46710085746
131 3144 29842554782
131 3275 42973278887
131 3406 27546973645
131 3537 39790073043
131 3668 25579332670
131 3799 37045930075
131 3930 17905532869
131 4061 34655870070
131 4192 33572874130
131 4323 21703676205
131 4454 21065332787
131 4585 20463466136
131 4716 19895036521
131 4847 29035999248
131 4978 18847929336
131 5109 18364649097
131 5240 17905532869
131 5371 26203218833
131 5502 12789666335
131 5633 24984464469
131 5764 16277757154
131 5895 15916029217
131 6026 15570028582
131 6157 22858127067
131 6288 14921277391
131 6419 21925142289
131 6550 14324426295
131 6681 14043555191
131 6812 13773486822
131 6943 20270414569
131 7074 13263357681
131 7205 13022205723
131 7336 12789666335
131 7467 12565286224
131 7598 12348643358
131 7729 18209016477
131 7860 11611988052
131 7991 17611999543
131 8122 11551956690
131 8253 11368592298
131 8384 16786437065
131 8515 11301508434
131 8646 8138878577
131 8777 16034805554
131 8908 10906993793
131 9039 10747210166
131 9170 13036638195
131 9301 15131436227
131 9432 10247690580
131 9563 14716876331
131 9694 9678666416
131 9825 9549617530
131 9956 9423964668
131 10087 9301575516
131 10218 8591532456
131 10349 13599138888
131 10480 9862201060
131 10611 13263357681
131 10742 11443431669
131 10873 12943758700
131 11004 6394833167
131 11135 8426133115
131 11266 10497825867
131 11397 8232428905
131 11528 10729410495
131 11659 12071145754
131 11790 8325862302
131 11921 9442131462
131 12052 7785014291
131 12183 9809758190
131 12314 10023307467
131 12445 7839344054
131 12576 10623554187
131 12707 11075587342
131 12838 7308380763
131 12969 9662000705
131 13100 8071647773
131 13231 11359562931
131 13362 10058103812
131 13493 11265311992
131 13624 10078428165
131 13755 11157079058
131 13886 9433162786
131 14017 12924634673
131 14148 9393759482
131 14279 10826652278
131 14410 8524490101
131 14541 6826771677
131 14672 6394833167
131 14803 10454472017
131 14934 8855103297
131 15065 6228011432
131 15196 6531368565
131 15327 6478596585
131 15458 6069672159
131 15589 8127120240
131 15720 7730889783
131 15851 8878776629
131 15982 9421897795
131 16113 9251570814
131 16244 9605745813
131 16375 9162918792
131 16506 7174409070
131 16637 8459306867
131 16768 8393218532
131 16899 10533289364
131 17030 11173706562
131 17292 7157982143
131 17423 9003333721
131 17554 6624926617
131 17685 9287560352
131 17816 7670264974
131 17947 6635772420
131 18078 4665925316
131 18209 7848627134
131 18340 8979849844
131 18471 8424360814
131 18602 6525535200
131 18733 8203054406
131 18864 6573672310
131 18995 6384682767
131 19126 7508409523
131 19257 8534257730
131 19388 8031017962
131 19519 8484157750
131 19650 9843402318
131 19781 7114781273
131 19912 9510844600
131 20043 6350994055
131 20174 6025847005
131 20305 7139497622
131 20436 10485032221
131 20567 8260421625
131 20698 9581411502
131 20829 8019635758
131 20960 8490944221
131 21091 6518526618
131 21222 5628715809
131 21353 7193353262
131 21484 9014049266
131 21615 5269590696
131 21746 6594356566
131 21877 4775093430
131 22008 8624733164
131 22139 9321377240
131 22270 7045597795
131 22401 8018196209
131 22532 8893841399
131 22663 4705130363
137 137 2054561873800
137 274 513640468450
137 411 342426978966
137 548 256820234225
137 685 205456187380
137 822 114142326322
137 959 146754419557
137 1096 128410117112
137 1233 114142326322
137 1370 68485395793
137 1507 93389176081
137 1644 57071163161
137 1781 79021610530
137 1918 48918139852
137 2055 45656930528
137 2192 64205058556
137 2329 60428290405
137 2466 38047442107
137 2603 54067417731
137 2740 34242697896
137 2877 32612093234
137 3014 31129725360
137 3151 44664388560
137 3288 28535581580
137 3425 41091237476
137 3562 26340536843
137 3699 38047442107
137 3836 24459069926
137 3973 35423480582
137 4110 17121348948
137 4247 33138094738
137 4384 32102529278
137 4521 20753150240
137 4658 20142763468
137 4795 19567255940
137 4932 19023721053
137 5069 27764349645
137 5206 18022472577
137 5343 17560357895
137 5480 17121348948
137 5617 25055632607
137 5754 12988487392
137 5891 23890254346
137 6028 15564862680
137 6165 15218976842
137 6302 14888129520
137 6439 21857041210
137 6576 14267790790
137 6713 20964917079
137 6850 13697079158
137 6987 13428508979
137 7124 13170268421
137 7261 19382659186
137 7398 12682480702
137 7535 12451890144
137 7672 12229534963
137 7809 12307553706
137 7946 11807826860
137 8083 17411541303
137 8220 10480505889
137 8357 16840671096
137 8494 11046031579
137 8631 10870697744
137 8768 16051264639
137 8905 10536214737
137 9042 7782431340
137 9179 15332551297
137 9316 12005298192
137 9453 9925419680
137 9590 9517757053
137 9727 14468745590
137 9864 9950625990
137 10001 14072341601
137 10138 11558813731
137 10275 11271504971
137 10412 10132888176
137 10549 8894207245
137 10686 8267612042
137 10823 13003556163
137 10960 8560674474
137 11097 12682480702
137 11234 11849788307
137 11371 12376878757
137 11508 10351611138
137 11645 9999803007
137 11782 10785094935
137 11919 7871884573
137 12056 9147378960
137 12193 11542482437
137 12330 10621850209
137 12467 7964633133
137 12604 8809012380
137 12741 7364021053
137 12878 9779128319
137 13015 7491708006
137 13152 10166347517
137 13289 10766377656
137 13426 9838715395
137 13563 9585646962
137 13700 7595432733
137 13837 10544544962
137 13974 10567433008
137 14111 11609801648
137 14248 6585134210
137 14385 8631985859
137 14522 6460886395
137 14659 9865778691
137 14796 8283937971
137 14933 9424595751
137 15070 4669458804
137 15207 8864708038
137 15344 6114767481
137 15481 10399093827
137 15618 5815357241
137 15755 17960017291
137 15892 5903913430
137 16029 6390656151
137 16166 6341050621
137 16303 8423005492
137 16440 11576693427
137 16577 9081513333
137 16714 9112902712
137 16851 8189977133
137 16988 5890206901
137 17125 6975053539
137 17262 10770053688
137 17399 6674656479
137 17536 8025632319
137 17673 8797079862
137 17810 9183282204
137 17947 9047906005
137 18084 5620410501
137 18221 7047264001
137 18358 7289520884
137 18495 5902767788
137 18632 10799468009
137 18906 10236638517
137 19043 8751957646
137 19180 8217538671
137 19317 7785171969
137 19454 7916447459
137 19591 5941985071
137 19728 6896049129
137 19865 9123001036
137 20002 6115227302
137 20139 7555465372
137 20276 7451954045
137 20413 7070355466
137 20550 8947649979
137 20687 8228389864
137 20824 8698534202
137 20961 4758888635
137 21098 9624701804
137 21235 7240089451
137 21372 8975428492
137 21509 6466928775
137 21646 9134639943
137 21783 7509560097
137 21920 6584367753
137 22057 7868855775
137 22194 5602702988
137 22331 6165504438
137 22468 5466005313
137 22605 5959951719
137 22742 6187722628
139 139 2024999832450
139 278 506249958112
139 417 337499972075
139 556 253124979056
139 695 202499983245
139 834 112499990691
139 973 144642845175
139 1112 126562489528
139 1251 112499990691
139 1390 67499994415
139 1529 92045446929
139 1668 56249995345
139 1807 77884608940
139 1946 48214281725
139 2085 44999996276
139 2224 63281244764
139 2363 59558818601
139 2502 37499996897
139 2641 53289469275
139 2780 33749997207
139 2919 32142854483
139 3058 30681815643
139 3197 44021735488
139 3336 28124997672
139 3475 40499996649
139 3614 25961536313
139 3753 37499996897
139 3892 24107140862
139 4031 34913790214
139 4170 16874998603
139 4309 32661287620
139 4448 31640622382
139 4587 20454543762
139 4726 19852939533
139 4865 19285712690
139 5004 18749998448
139 5143 27364862600
139 5282 17763156425
139 5421 17307690875
139 5560 16874998603
139 5699 24695119907
139 5838 12053570431
139 5977 23546509679
139 6116 15340907821
139 6255 14999998758
139 6394 14673911829
139 6533 21542551409
139 6672 14062498836
139 6811 20663263596
139 6950 13499998883
139 7089 13235293022
139 7228 12980768156
139 7367 19103772004
139 7506 12499998965
139 7645 12272726257
139 7784 12053570431
139 7923 11842104283
139 8062 11637930071
139 8201 17161015529
139 8340 11178525063
139 8479 16598359282
139 8618 10887095873
139 8757 10714284827
139 8896 15820311191
139 9035 10384614525
139 9174 8183119569
139 9313 15111939048
139 9452 9926469766
139 9591 9782607886
139 9730 9412201986
139 9869 14260562200
139 10008 10163686486
139 10147 13869861866
139 10286 10059527838
139 10425 8999999255
139 10564 8881578212
139 10703 9108010146
139 10842 10307855803
139 10981 12816454635
139 11120 8437499301
139 11259 12499998965
139 11398 10038452887
139 11537 12198794171
139 11676 8021077794
139 11815 10761309003
139 11954 9898809123
139 12093 9450457505
139 12232 9732105330
139 12371 17039282667
139 12510 9712853654
139 12649 7417581803
139 12788 8412106986
139 12927 10150581451
139 13066 7180850469
139 13205 8768439176
139 13344 8106400490
139 13483 10438143466
139 13622 8297335122
139 13761 6818181254
139 13900 9999049671
139 14039 6340365194
139 14178 9558076523
139 14317 9830096274
139 14456 9529710896
139 14595 9680765025
139 14734 6367924001
139 14873 9462616039
139 15012 8770117194
139 15151 9444813190
139 15290 9331594188
139 15429 8193049809
139 15568 10736331123
139 15707 8573155460
139 15846 8120990938
139 15985 16135619243
139 16124 10596903889
139 16263 6537344003
139 16402 5720338509
139 16541 10227212792
139 16680 7967365135
139 16819 8367767902
139 16958 7770250849
139 17097 6781654981
139 17236 5885933584
139 17375 9757881262
139 17514 7101657856
139 17653 8536338833
139 17792 7910155595
139 17931 7039303958
139 18070 7257321068
139 18209 7609386854
139 18348 7615403523
139 18487 8379108044
139 18626 8837350513
139 18765 8340125238
139 18904 7013207447
139 19043 6029063028
139 19182 10301879255
139 19460 6708548259
139 19599 7300104972
139 19738 6359580206
139 19877 7267929483
139 20016 4687499612
139 20155 8915330756
139 20294 7261041289
139 20433 7895756848
139 20572 8343649123
139 20711 6261913347
139 20850 6307559813
139 20989 8673109233
139 21128 7370388654
139 21267 7474992100
139 21406 7231954035
139 21545 4797223997
139 21684 9399795797
139 21823 -936592832
139 21962 6798325984
139 22101 6217877130
139 22240 8352090680
139 22379 6795108218
139 22518 8924972652
139 22657 7575073797
149 149 1889093803427
149 298 472273450856
149 447 314848967237
149 596 236136725428
149 745 188909380342
149 894 104949655745
149 1043 134935271673
149 1192 118068362714
149 1341 104949655745
149 1490 62969793447
149 1639 85867900155
149 1788 52474827872
149 1937 72657453977
149 2086 44978423891
149 2235 41979862298
149 2384 59034181357
149 2533 55561582453
149 2682 34983218581
149 2831 49712994827
149 2980 31484896723
149 3129 29985615927
149 3278 28622633385
149 3427 41067256596
149 3576 26237413936
149 3725 37781876068
149 3874 24219151325
149 4023 34983218581
149 4172 22489211945
149 4321 32570582817
149 4470 15742448361
149 4619 30469254893
149 4768 29517090678
149 4917 19081755590
149 5066 18520527484
149 5215 17991369556
149 5364 17491609290
149 5513 25528294640
149 5662 16570998275
149 5811 16146100883
149 5960 15742448361
149 6109 23037729310
149 6258 11244605972
149 6407 21966207016
149 6556 14311316692
149 6705 13993287432
149 6854 13689085532
149 7003 20096742589
149 7152 13118706968
149 7301 19276467381
149 7450 12593958689
149 7599 12347018323
149 7748 12109575662
149 7897 17821639654
149 8046 11661072860
149 8195 11449053354
149 8344 11244605972
149 8493 11047332183
149 8642 10856860939
149 8791 16009269520
149 8940 7871224180
149 9089 15484375437
149 9238 10156418297
149 9387 9995205309
149 9536 14758545339
149 9685 9687660530
149 9834 7155658346
149 9983 14097714950
149 10132 9260263742
149 10281 9126057021
149 10430 6746763583
149 10579 13303477488
149 10728 8745804645
149 10877 12938998653
149 11026 9512148452
149 11175 9976931181
149 11324 8285499137
149 11473 8177895252
149 11622 7558863190
149 11771 11956289895
149 11920 7871224180
149 12069 11661072860
149 12218 7679243103
149 12367 11380083153
149 12516 5622302986
149 12665 7408210993
149 12814 7322069005
149 12963 7237907292
149 13112 9267627578
149 13261 10612886536
149 13410 5247482787
149 13559 8874797583
149 13708 8665990094
149 13857 8280107387
149 14006 6698914196
149 14155 6628399310
149 14304 6559353484
149 14453 9737596924
149 14602 6425489127
149 14751 7605141636
149 14900 8632196218
149 15049 9351949521
149 15198 6744502756
149 15347 9170358269
149 15496 6054787831
149 15645 6364677049
149 15794 5940546551
149 15943 8661752822
149 16092 8329613420
149 16241 8665567905
149 16390 6994968843
149 16539 5672954364
149 16688 7075676138
149 16837 7309711141
149 16986 7891365053
149 17135 5475634212
149 17284 7948548181
149 17433 5382033627
149 17582 5336423173
149 17731 7246619343
149 17880 6049982975
149 18029 7806172741
149 18178 6241002155
149 18327 5119495402
149 18476 6487789738
149 18625 7556375213
149 18774 9517978843
149 18923 7437377178
149 19072 7379272669
149 19221 4881379337
149 19370 6334446534
149 19519 5936405634
149 19668 8649350965
149 19817 6187944087
149 19966 7243365206
149 20115 7184546856
149 20264 14110746481
149 20413 6718650398
149 20562 8620726346
149 20711 7328689555
149 20860 8066007252
149 21009 6889569476
149 21158 4489400777
149 21307 5984440781
149 21456 4372902322
149 21605 6143793599
149 21754 7385660034
149 21903 4283659418
149 22052 6366685005
149 22350 5328549400
149 22499 6255277495
149 22648 6477966442
151 151 1864072693448
151 302 466018173362
151 453 310678782241
151 604 233009086681
151 755 186407269344
151 906 103559594080
151 1057 133148049532
151 1208 116504543340
151 1359 103559594080
151 1510 62135756448
151 1661 84730576974
151 1812 51779797040
151 1963 71695103594
151 2114 44382683177
151 2265 41423837632
151 2416 58252271670
151 2567 54825667454
151 2718 34519864693
151 2869 49054544564
151 3020 31067878224
151 3171 29588455451
151 3322 28243525658
151 3473 40523319422
151 3624 25889898520
151 3775 37281453868
151 3926 23898367864
151 4077 34519864693
151 4228 22191341588
151 4379 32139184369
151 4530 15533939112
151 4681 30065688604
151 4832 29126135835
151 4983 18829017105
151 5134 18275222484
151 5285 17753073270
151 5436 17259932346
151 5587 25190171533
151 5738 16351514854
151 5889 15932245243
151 6040 15533939112
151 6191 22732593822
151 6342 11095670794
151 6493 21675263877
151 6644 14121762829
151 6795 13807945877
151 6946 13507773140
151 7097 19830560568
151 7248 12944949260
151 7399 19021149933
151 7550 12427151289
151 7701 12183481656
151 7852 11949183932
151 8003 17585591447
151 8154 11506621564
151 8305 11297410263
151 8456 11095670794
151 8607 10901009903
151 8758 10713061456
151 8909 15797226215
151 9060 7766969556
151 9211 15279284372
151 9362 10021896201
151 9513 9862818483
151 9664 14563067917
151 9815 9559347145
151 9966 7060881414
151 10117 13910990249
151 10268 9137611242
151 10419 9005182093
151 10570 6657402476
151 10721 13127272489
151 10872 8629966173
151 11023 12767621188
151 11174 8396723844
151 11325 8284767526
151 11476 8175757427
151 11627 8069578759
151 11778 5974591966
151 11929 11797928439
151 12080 7766969556
151 12231 11506621564
151 12382 7577531274
151 12533 11229353574
151 12684 5547835397
151 12835 7310088993
151 12986 7225087959
151 13137 7142040971
151 13288 7060881414
151 13439 10472318502
151 13590 5177979704
151 13741 6828105104
151 13892 6753886570
151 14043 6681264134
151 14194 6610186856
151 14345 6540605941
151 14496 6472474630
151 14647 9608622131
151 14798 6340383311
151 14949 6276339035
151 15100 6213575644
151 15251 9228082640
151 15402 4568805621
151 15553 8706964015
151 15704 5974591966
151 15855 4438268317
151 16006 5861863815
151 16157 8710620062
151 16308 5753310782
151 16459 8550792171
151 16610 4236528848
151 16761 5597815896
151 16912 5547835397
151 17063 6257957791
151 17214 4087878713
151 17365 5403109256
151 17516 5356530728
151 17667 5310748414
151 17818 5265742071
151 17969 5221492138
151 18120 3883484778
151 18271 7702779724
151 18422 5093094790
151 18573 5051687516
151 18724 5010948100
151 18875 7456290773
151 19026 3698556931
151 19177 7338868871
151 19328 7281533958
151 19479 4816725306
151 19630 3584755179
151 19781 7114781272
151 19932 3530440707
151 20083 4671861387
151 20234 3987411630
151 20385 4602648625
151 20536 4568805621
151 20687 5377980161
151 20838 3376943285
151 20989 4737485683
151 21140 3328701238
151 21291 3685420871
151 21442 4008742692
151 21593 4345157793
151 21744 4314983086
151 21895 4285224582
151 22046 3695742317
151 22197 4226922207
151 22348 4198361922
151 22499 6255277494
151 22650 3106787822
157 157 1792834246564
157 314 448208561641
157 471 298805707760
157 628 224104280820
157 785 179283424656
157 942 99601902586
157 1099 128059589040
157 1256 112052140410
157 1413 99601902586
157 1570 59761141552
157 1727 81492465752
157 1884 49800951293
157 2041 68955163329
157 2198 42686529680
157 2355 39840761034
157 2512 56026070205
157 2669 52730419016
157 2826 33200634195
157 2983 47179848593
157 3140 29880570776
157 3297 28457686453
157 3454 27164155250
157 3611 38974657534
157 3768 24900475646
157 3925 35856684931
157 4082 22985054443
157 4239 33200634195
157 4396 21343264840
157 4553 30910935285
157 4710 14940285388
157 4867 28916681396
157 5024 28013035102
157 5181 18109436833
157 5338 17576806338
157 5495 17074611872
157 5652 16600317097
157 5809 24227489818
157 5966 15726616197
157 6123 15323369628
157 6280 14940285388
157 6437 21863832275
157 6594 10671632420
157 6751 20846909843
157 6908 13582077625
157 7065 13280253678
157 7222 12991552511
157 7379 19072704750
157 7536 12450237823
157 7693 18294227005
157 7850 11952228310
157 8007 11717870892
157 8164 11492527221
157 8321 16913530627
157 8478 11066878065
157 8635 10865662100
157 8792 10671632420
157 8949 10484410798
157 9106 10303645095
157 9263 15193510564
157 9420 9256158041
157 9577 14695362676
157 9734 9638893798
157 9891 9853471124
157 10048 14006517551
157 10205 9194021777
157 10362 8007856953
157 10519 13379360048
157 10676 8788403169
157 10833 8661035007
157 10990 6402979452
157 11147 12625593285
157 11304 8300158548
157 11461 12279686620
157 11618 8075829939
157 11775 7968152206
157 11932 7863308098
157 12089 7761187214
157 12246 5746263610
157 12403 11347052193
157 12560 7470142694
157 12717 11066878065
157 12874 7605497953
157 13031 10800206304
157 13188 7873572397
157 13345 8611681257
157 13502 8458131803
157 13659 6869096730
157 13816 6791038812
157 13973 10072102508
157 14130 8760271697
157 14287 7391818144
157 14444 6813330117
157 14601 7250588931
157 14758 6357568250
157 14915 6290646479
157 15072 7916956369
157 15229 9241413642
157 15386 6909287762
157 15543 6036478944
157 15700 5976114155
157 15857 8721411653
157 16014 9086827045
157 16171 8981634856
157 16328 5746263610
157 16485 7771478279
157 16642 5637843542
157 16799 7802357639
157 16956 5533439032
157 17113 8224010305
157 17270 7823238772
157 17427 7719103500
157 17584 7683234682
157 17741 6953347850
157 17898 3931654049
157 18055 5196621004
157 18212 5151822547
157 18369 7606866866
157 18526 5064503521
157 18683 6212621566
157 18840 3735071347
157 18997 3310703471
157 19154 4239206175
157 19311 6607837026
157 19468 6328608755
157 19625 4964046251
157 19782 8249836267
157 19939 6244350578
157 20096 7003258775
157 20253 8007131636
157 20410 5520415734
157 20567 5425335982
157 20724 6563473254
157 20881 6074277635
157 21038 7222613913
157 21195 4426751226
157 21352 6506170816
157 21509 6619452586
157 21666 8952233405
157 21823 13834680936
157 21980 6369443574
157 22137 3786786386
157 22294 5487310912
157 22451 4546676447
157 22608 10163405026
157 22765 4121458038
163 163 1726840347918
163 326 431710086979
163 489 287806724653
163 652 215855043489
163 815 172684034791
163 978 95935574884
163 1141 123345739137
163 1304 107927521744
163 1467 95935574884
163 1630 57561344930
163 1793 78492743087
163 1956 47967787442
163 2119 66416936458
163 2282 41115246379
163 2445 38374229953
163 2608 53963760872
163 2771 50789421997
163 2934 31978524961
163 3097 45443167050
163 3260 28780672465
163 3423 27410164252
163 3586 26164247695
163 3749 37540007563
163 3912 23983893721
163 4075 34536806958
163 4238 22138978819
163 4401 31978524961
163 4564 20557623189
163 4727 29773109446
163 4890 14390336232
163 5053 27852263676
163 5216 26981880436
163 5379 17442831797
163 5542 16929807332
163 5705 16446098551
163 5868 15989262480
163 6031 23335680377
163 6194 15147722350
163 6357 14759319212
163 6520 14390336232
163 6683 21059028633
163 6846 10278811594
163 7009 20079538929
163 7172 13082123847
163 7335 12791409984
163 7498 12513335854
163 7661 18370641999
163 7824 11991946860
163 7987 17620819876
163 8150 11512268986
163 8313 11286538221
163 8476 12222285963
163 8639 16290946678
163 8802 10659508320
163 8965 10465699078
163 9128 11753868090
163 9291 10098481566
163 9454 10924113029
163 9617 14634240236
163 9780 7195168116
163 9943 14154429081
163 10106 11618312334
163 10269 9136721417
163 10432 13490940218
163 10595 10192505935
163 10758 8950900117
163 10921 12886868268
163 11084 10581568652
163 11247 8342223902
163 11410 6629303183
163 11573 12160847520
163 11736 7994631240
163 11899 11827673615
163 12062 7778560125
163 12225 9281404786
163 12388 7573861175
163 12551 12092387905
163 12714 5970050266
163 12877 10929369290
163 13040 9971771040
163 13203 11234987296
163 13366 9494196533
163 13529 10402652698
163 13692 9535351310
163 13855 6771922933
163 14018 6693179643
163 14181 6616246543
163 14344 6541061923
163 14507 9701350269
163 14670 10603048935
163 14833 6325422519
163 14996 6256667927
163 15159 6957505640
163 15322 10620157118
163 15485 7058832154
163 15648 8470493752
163 15811 10304381276
163 15974 5873606625
163 16137 9887566123
163 16300 6786466411
163 16463 17607820369
163 16626 6241465850
163 16789 8382720135
163 16952 5534744704
163 17115 8507470150
163 17278 8774534386
163 17441 7270215950
163 17604 7446419146
163 17767 6633693770
163 17930 6656808146
163 18093 6244024170
163 18256 7916008721
163 18419 6437871074
163 18582 6879426254
163 18745 5727655441
163 18908 5730298619
163 19071 6394829566
163 19234 7527845295
163 19397 6218859521
163 19560 9618419307
163 19723 7804161121
163 19886 7829213427
163 20049 6501231468
163 20212 6023815658
163 20375 6907361391
163 20538 6593747085
163 20701 8018543719
163 20864 6745470109
163 21027 5614916316
163 21190 9463489025
163 21353 5988634126
163 21516 6771867624
163 21679 6841969741
163 21842 7448799308
163 22005 8337092186
163 22168 10012201163
163 22331 6439169634
163 22494 9270976166
163 22657 4848238058
167 167 1685478902459
167 334 421369725614
167 501 280913150409
167 668 210684862807
167 835 168547890245
167 1002 93637716803
167 1169 120391350175
167 1336 105342431403
167 1503 93637716803
167 1670 56182630081
167 1837 76612677384
167 2004 46818858401
167 2171 64826111633
167 2338 40130450058
167 2505 37455086721
167 2672 52671215701
167 2839 49572908895
167 3006 31212572267
167 3173 44354707959
167 3340 28091315040
167 3507 26753633372
167 3674 25537559128
167 3841 36640845705
167 4008 23409429200
167 4175 33709578049
167 4342 21608703877
167 4509 31212572267
167 4676 20065225029
167 4843 29059981076
167 5010 14045657520
167 5177 27185143588
167 5344 26335607850
167 5511 17025039418
167 5678 16524302965
167 5845 16052180023
167 6012 15606286133
167 6179 22776741925
167 6346 14784902653
167 6513 14405802585
167 6680 14045657520
167 6847 20554620761
167 7014 10542746086
167 7181 19598591889
167 7348 12768779564
167 7515 13872484049
167 7682 13376532397
167 7849 17930626621
167 8016 11704714600
167 8183 17198764310
167 8350 13382423294
167 8517 11859725620
167 8684 10804351938
167 8851 15900744362
167 9018 11712907401
167 9185 17221116003
167 9352 10032612514
167 9519 11101158208
167 9686 10327925800
167 9853 14283719512
167 10020 7532737266
167 10187 13815400839
167 10354 9822102025
167 10521 9736680132
167 10688 13167803925
167 10855 18376939563
167 11022 11554555519
167 11189 12578200764
167 11356 8262151482
167 11523 9520654958
167 11690 11891569166
167 11857 12016363851
167 12024 7803143066
167 12191 11544376044
167 12358 7592247308
167 12525 7491017344
167 12692 7929654846
167 12859 8934159629
167 13026 12443836485
167 13193 10837632514
167 13360 10224319634
167 13527 10404190755
167 13694 7971803077
167 13861 12165405460
167 14028 8284189934
167 14195 9499396554
167 14362 10281081065
167 14529 10275593104
167 14696 10682400358
167 14863 10688492153
167 15030 7614445933
167 15197 6644954293
167 15364 10924136251
167 15531 8187040297
167 15698 10739471557
167 15865 9828628833
167 16032 10669685934
167 16199 9506892661
167 16366 10846256940
167 16533 13513551837
167 16700 7573303070
167 16867 9707990984
167 17034 14384798877
167 17201 3030402825
167 17368 8497780339
167 17535 11735761573
167 17702 7723837275
167 17869 7429929335
167 18036 12796977199
167 18203 8521264750
167 18370 6659705875
167 18537 8765876927
167 18704 8720684979
167 18871 7237308194
167 19038 10737886179
167 19205 8215875582
167 19372 7780666913
167 19539 7264646965
167 19706 7528479102
167 19873 9102207400
167 20040 7988491686
167 20207 7335966560
167 20374 6260570865
167 20541 7585363176
167 20708 8309239026
167 20875 4114915949
167 21042 8576224313
167 21209 7079482979
167 21376 8172078289
167 21543 6276704977
167 21710 8153635172
167 21877 8091157733
167 22044 10646319536
167 22211 6667562026
167 22378 6563327698
167 22545 5694636328
167 22712 8093702167
173 173 1627022986766
173 346 406755746691
173 519 271170497794
173 692 203377873345
173 865 162702298676
173 1038 90390165931
173 1211 116215927626
173 1384 101688936672
173 1557 90390165931
173 1730 54234099558
173 1903 73955590307
173 2076 45195082965
173 2249 62577807183
173 2422 38738642542
173 2595 36156066372
173 2768 50844468336
173 2941 47853617257
173 3114 30130055310
173 3287 42816394388
173 3460 27117049779
173 3633 25825761694
173 3806 24651863435
173 3979 35370064929
173 4152 22597541482
173 4325 32540459735
173 4498 20859269061
173 4671 30130055310
173 4844 19369321271
173 5017 28052120461
173 5190 14574817978
173 5363 26242306238
173 5536 25422234168
173 5709 16434575623
173 5882 15951205752
173 6055 15495457016
173 6228 15065027655
173 6401 21986797118
173 6574 14272131462
173 6747 13906179374
173 6920 13558524889
173 7093 19841743741
173 7266 9684660635
173 7439 18918871939
173 7612 12325931717
173 7785 12052022124
173 7958 11790021643
173 8131 17308755178
173 8304 11298770741
173 8477 16602275375
173 8650 10846819911
173 8823 12937354302
173 8996 10429634530
173 9169 15349273460
173 9342 10043351770
173 9515 9860745374
173 9688 9973712189
173 9861 9514754308
173 10034 13226802424
173 10207 13788330396
173 10380 13878915315
173 10553 13336253989
173 10726 8747435412
173 10899 8608587231
173 11072 13209269042
173 11245 11942673640
173 11418 8343025586
173 11591 12141962587
173 11764 7975602876
173 11937 14342443776
173 12110 11492720259
173 12283 11457908357
173 12456 7900089467
173 12629 11143993060
173 12802 7328932372
173 12975 11367052660
173 13148 10924014983
173 13321 7332441107
173 13494 11754070340
173 13667 11744868013
173 13840 11471523160
173 14013 13114386944
173 14186 10413983136
173 14359 9801343293
173 14532 13521380066
173 14705 9979448317
173 14878 7306931656
173 15051 7728564748
173 15224 10522467908
173 15397 10917871400
173 15570 8160255370
173 15743 8531638084
173 15916 7289780811
173 16089 7104759458
173 16262 8321770633
173 16435 8619193983
173 16608 6555874018
173 16781 8792280400
173 16954 9418267647
173 17127 7889670496
173 17300 12617838117
173 17473 10008750281
173 17646 7141639515
173 17819 7898169838
173 17992 11598037453
173 18165 10912255328
173 18338 8760124693
173 18511 9106700659
173 18684 8928321199
173 18857 8666933714
173 19030 12910669586
173 19203 12300806497
173 19376 7674005099
173 19549 10085639038
173 19722 9329809708
173 19895 7407779965
173 20068 8800220978
173 20241 6499058804
173 20414 4954988112
173 20587 11844033175
173 20760 9203774628
173 20933 7532285711
173 21106 7280295765
173 21279 8534143954
173 21452 10382121168
173 21625 8899522124
173 21798 8445554984
173 21971 5907667215
173 22144 6680151325
173 22317 8312461874
173 22490 8268799899
173 22663 7714892436
179 179 1572485903411
179 358 393121475852
179 537 262080983901
179 716 196560737926
179 895 157248590341
179 1074 87360327967
179 1253 112320421672
179 1432 98280368963
179 1611 87360327967
179 1790 52416196780
179 1969 71476631973
179 2148 43680163983
179 2327 60480227054
179 2506 37440140557
179 2685 34944131186
179 2864 49140184481
179 3043 46249585394
179 3222 29120109322
179 3401 41381207984
179 3580 26208098390
179 3759 24960093704
179 3938 23825543991
179 4117 34184476161
179 4296 21840081991
179 4475 31449718068
179 4654 20160075684
179 4833 29120109322
179 5012 18720070278
179 5191 27111825920
179 5370 13104049195
179 5549 25362675861
179 5728 24570092240
179 5907 15883695994
179 6086 15416528464
179 6265 14976056222
179 6444 14560054661
179 6623 21249809505
179 6802 13793735994
179 6981 13440050456
179 7160 13104049195
179 7339 19176657358
179 7518 12810324732
179 7697 18284719807
179 7876 11912771995
179 8055 11648043728
179 8234 12893410645
179 8413 16728573440
179 8592 10920040995
179 8771 16045774524
179 8950 13007832220
179 9129 10277685643
179 9308 10852692642
179 9487 14834772673
179 9666 9706703107
179 9845 9530217596
179 10024 9360035139
179 10203 9195823996
179 10382 12919419122
179 10561 14713446600
179 10740 11268713151
179 10919 12889228716
179 11098 10700331369
179 11277 11431349668
179 11456 12285046120
179 11635 10081862649
179 11814 9124339845
179 11993 11734969428
179 12172 11517977054
179 12351 11083543314
179 12530 6363662822
179 12709 11073844390
179 12888 8778612588
179 13067 10770451393
179 13246 7731824443
179 13425 8646771519
179 13604 10775972373
179 13783 6807298283
179 13962 10270508505
179 14141 11575374465
179 14320 7112078731
179 14499 10940884738
179 14678 8692412181
179 14857 9472806647
179 15036 10498674133
179 15215 9864760719
179 15394 9075752240
179 15573 9834563026
179 15752 11813780753
179 15931 9814090630
179 16110 6739454481
179 16289 12852005538
179 16468 7005170453
179 16647 8154160115
179 16826 6570893274
179 17005 11247116857
179 17184 8154587875
179 17363 8395262261
179 17542 8237426452
179 17721 10047999207
179 17900 10363748136
179 18079 7751308839
179 18258 9237071245
179 18437 10141037242
179 18616 10166616661
179 18795 11743159332
179 18974 12000901540
179 19153 6192100636
179 19332 7011068017
179 19511 9787854807
179 19690 11878898542
179 19869 5282234024
179 20048 10409640029
179 20227 9449028700
179 20406 8296782082
179 20585 8440073970
179 20764 8734316401
179 20943 10016728114
179 21122 9438420992
179 21301 5413688948
179 21480 10959204985
179 21659 1704216075
179 21838 7162880282
179 22017 11461152353
179 22196 11889369010
179 22375 8427455008
179 22554 6844025398
179 22733 6778837544
181 181 1555110368567
181 362 388777592141
181 543 259185061427
181 724 194388796070
181 905 155511036856
181 1086 86395020475
181 1267 111079312040
181 1448 97194398035
181 1629 86395020475
181 1810 51837012285
181 1991 70686834934
181 2172 43197510237
181 2353 59811937252
181 2534 37026437346
181 2715 34558008190
181 2896 48597199017
181 3077 45738540251
181 3258 28798340158
181 3439 40923957067
181 3620 25918506142
181 3801 24684291564
181 3982 23562278311
181 4163 33806747142
181 4344 21598755118
181 4525 31102207371
181 4706 19937312417
181 4887 28798340158
181 5068 18513218673
181 5249 26812247733
181 5430 14602643054
181 5611 25082425299
181 5792 24298599508
181 5973 15708185541
181 6154 15246180083
181 6335 14810574938
181 6516 14399170079
181 6697 21015004980
181 6878 13641319022
181 7059 13291541611
181 7240 15237018139
181 7421 18964760592
181 7602 9256609336
181 7783 18082678704
181 7964 11781139155
181 8145 11519336063
181 8326 11268915714
181 8507 16543727325
181 8688 22372888175
181 8869 15868473148
181 9050 13985107921
181 9231 13611892319
181 9412 11898156324
181 9593 14670852533
181 9774 12633151703
181 9955 9424911324
181 10136 9256609336
181 10317 13748783371
181 10498 8937415911
181 10679 13890381670
181 10860 8614067261
181 11041 13591455208
181 11222 8773505635
181 11403 12556605038
181 11584 12149299754
181 11765 13895911673
181 11946 5890569577
181 12127 12912922418
181 12308 8362051461
181 12489 13046704102
181 12670 10104523078
181 12851 10951481468
181 13032 7813714307
181 13213 12322108722
181 13394 9620243982
181 13575 10252937322
181 13756 6820659511
181 13937 11251949075
181 14118 6961714222
181 14299 9842470687
181 14480 11532168469
181 14661 10564196777
181 14842 7048796134
181 15023 11515424859
181 15204 12487593497
181 15385 7693646935
181 15566 8908688242
181 15747 14404977388
181 15928 6293913623
181 16109 8736575104
181 16290 11099555360
181 16471 11100173234
181 16652 9082230121
181 16833 9902380138
181 17014 8417541029
181 17195 8046088649
181 17376 6906763911
181 17557 8266452095
181 17738 5289491049
181 17919 8247100341
181 18100 7204600874
181 18281 8080310851
181 18462 8507072396
181 18643 7559130708
181 18824 11567058352
181 19005 12253795284
181 19186 9431364339
181 19367 6811665300
181 19548 7457372079
181 19729 8590955594
181 19910 11640039133
181 20091 7480146958
181 20272 9867830554
181 20453 6700738581
181 20634 8836887951
181 20815 11090296533
181 20996 7105224181
181 21177 10131281570
181 21358 6750328428
181 21539 10762600902
181 21720 10818626168
181 21901 7945770347
181 22082 7236685944
181 22263 9079302073
181 22444 7487693505
181 22625 6220441474
191 191 1473690977542
191 382 368422744385
191 573 245615162923
191 764 184211372192
191 955 147369097754
191 1146 81871720974
191 1337 105263641253
191 1528 92105686096
191 1719 81871720974
191 1910 49123032584
191 2101 66985953524
191 2292 40935860487
191 2483 56680422213
191 2674 35087880417
191 2865 32748688389
191 3056 46052843048
191 3247 43343852280
191 3438 27290573658
191 3629 38781341514
191 3820 24561516292
191 4011 23391920278
191 4202 22328651174
191 4393 32036760381
191 4584 20467930243
191 4775 29473819550
191 4966 18893474071
191 5157 27290573658
191 5348 17543940208
191 5539 25408465130
191 5730 12280758146
191 5921 23769209315
191 6112 23026421524
191 6303 14885767449
191 6494 14447950760
191 6685 14975387827
191 6876 13645286829
191 7067 19914742939
191 7258 15690088168
191 7449 12595649380
191 7640 15087716204
191 7831 17971841189
191 8022 14024108111
191 8213 17135941599
191 8404 12363549995
191 8595 15230789665
191 8786 10678920127
191 8977 15677563590
191 9168 16684006623
191 9359 15037663036
191 9550 9824606516
191 9741 9631967173
191 9932 14224328837
191 10123 14647771949
191 10314 9846560138
191 10505 8931460469
191 10696 9553532944
191 10887 10108129648
191 11078 9978650232
191 11269 12488906589
191 11460 11392517080
191 11651 12679046446
191 11842 9224539285
191 12033 8523535407
191 12224 12847630779
191 12415 8675441526
191 12606 8421919161
191 12797 13477674527
191 12988 8835089984
191 13179 8287633968
191 13370 9695620913
191 13561 14996334236
191 13752 8783928660
191 13943 10093773818
191 14134 9401221976
191 14325 11509699007
191 14516 9052725219
191 14707 13235225097
191 14898 10100804710
191 15089 9635300555
191 15280 10917970875
191 15471 9096857886
191 15662 9393520853
191 15853 11730095067
191 16044 10192284055
191 16235 9282751062
191 16426 9196294965
191 16617 8398419762
191 16808 9896722995
191 16999 8279162795
191 17190 13743802559
191 17381 8381928086
191 17572 7411758143
191 17763 7459740816
191 17954 9702210109
191 18145 9278878027
191 18336 11550460234
191 18527 8575385973
191 18718 13486887427
191 18909 7852402333
191 19100 8609982110
191 19291 7572713909
191 19482 12307873202
191 19673 8397095239
191 19864 7236323371
191 20055 10241407043
191 20246 11169183186
191 20437 7876899126
191 20628 8936516451
191 20819 9817812821
191 21010 8202877112
191 21201 8921813871
191 21392 6897863814
191 21583 7055217366
191 21774 10394814661
191 21965 9308190416
191 22156 8494526648
191 22347 8658912029
191 22538 7446727589
191 22729 7795008289
193 193 1458419568448
193 386 364604892112
193 579 243069928074
193 772 182302446056
193 965 145841956844
193 1158 81023309358
193 1351 104172826317
193 1544 91151223028
193 1737 81023309358
193 1930 48613985614
193 2123 66291798565
193 2316 40511654679
193 2509 56093060324
193 2702 34724275439
193 2895 32409323743
193 3088 45575611514
193 3281 42894693189
193 3474 27007769786
193 3667 38379462327
193 3860 24306992807
193 4053 23149516959
193 4246 22097266188
193 4439 31704773227
193 4632 20255827339
193 4825 29168391368
193 5018 18697686774
193 5211 27007769786
193 5404 17362137719
193 5597 25145164973
193 5790 12153496403
193 5983 23522896265
193 6176 22787805757
193 6369 14731510792
193 6562 14298231063
193 6755 14976362297
193 6948 13503884893
193 7141 19708372546
193 7334 12793154109
193 7527 14939831226
193 7720 12153496403
193 7913 17785604493
193 8106 11850203687
193 8299 16958367074
193 8492 14886163588
193 8685 10803107914
193 8878 10568257742
193 9071 15515101792
193 9264 12549204727
193 9457 15468871607
193 9650 9722797122
193 9843 9532154042
193 10036 13788398419
193 10229 13758675174
193 10422 14228446278
193 10615 9381005107
193 10808 13647396131
193 11001 9215706968
193 11194 11648939461
193 11387 12359487868
193 11580 12056295545
193 11773 11954258757
193 11966 12845363567
193 12159 12362703027
193 12352 13017686507
193 12545 9378332707
193 12738 8761460712
193 12931 10883728122
193 13124 8054675741
193 13317 12954097043
193 13510 8141201408
193 13703 11904169243
193 13896 8097465166
193 14089 9989175126
193 14282 8238968583
193 14475 8462382866
193 14668 8254520716
193 14861 6855603257
193 15054 11643717754
193 15247 9230503597
193 15440 8031788263
193 15633 11688914223
193 15826 7337708545
193 16019 10409443679
193 16212 8868887597
193 16405 7166951267
193 16598 11359169654
193 16791 10027369470
193 16984 7504834665
193 17177 11058093832
193 17370 12110138352
193 17563 8184157441
193 17756 7275471227
193 17949 12584294299
193 18142 9009231091
193 18335 10083588915
193 18528 8465322990
193 18721 7204892318
193 18914 7118706887
193 19107 8408450429
193 19300 10769990443
193 19493 7998696596
193 19686 10408565727
193 19879 6736912860
193 20072 11995065943
193 20265 10979024762
193 20458 9536068010
193 20651 11850370726
193 20844 11821939214
193 21037 7014593887
193 21230 8421545728
193 21423 6984023575
193 21616 6786746663
193 21809 5612486910
193 22002 9314858324
193 22195 8162861276
193 22388 11468400130
193 22581 6750802839
193 22774 8786832062
197 197 1428806988378
197 394 357201747094
197 591 238134498063
197 788 178600873547
197 985 142880698837
197 1182 79378166021
197 1379 102057642027
197 1576 89300436773
197 1773 79378166021
197 1970 47626899612
197 2167 64945772199
197 2364 39689083010
197 2561 54954114937
197 2758 34019214009
197 2955 31751266408
197 3152 44650218386
197 3349 42023734952
197 3546 26459388673
197 3743 37600183904
197 3940 23813449806
197 4137 22679476006
197 4334 21648590733
197 4531 31061021486
197 4728 19844541505
197 4925 28576139767
197 5122 18318038312
197 5319 26459388673
197 5516 17009607004
197 5713 24634603247
197 5910 11906724903
197 6107 23045274006
197 6304 22325109193
197 6501 17997189354
197 6698 14007911650
197 6895 13607685603
197 7092 13229694336
197 7289 19308202545
197 7486 12533394634
197 7683 12212025541
197 7880 11906724903
197 8077 17424475468
197 8274 15715280012
197 8471 16614034748
197 8668 11116497552
197 8865 10583755469
197 9062 16237456232
197 9259 15200074344
197 9456 10555948032
197 9653 14896501786
197 9850 9525379922
197 10047 9646618585
197 10244 14351420932
197 10441 13479311211
197 10638 9683132272
197 10835 14585282145
197 11032 13795520144
197 11229 8655491655
197 11426 8481371475
197 11623 12108533799
197 11820 14282037256
197 12017 11711532691
197 12214 9536641524
197 12411 8380434943
197 12608 11162554596
197 12805 8541750705
197 13002 14916577427
197 13199 10840991051
197 13396 16067206121
197 13593 9191584809
197 13790 14086700230
197 13987 10062021044
197 14184 8004503008
197 14381 15826741176
197 14578 7841125781
197 14775 11640969923
197 14972 9102141391
197 15169 14907103540
197 15366 9054204656
197 15563 9356524177
197 15760 9519655797
197 15957 10181713412
197 16154 7574243743
197 16351 8882650086
197 16548 7719876205
197 16745 11155614530
197 16942 8116215438
197 17139 9835467177
197 17336 10078361523
197 17533 10699301608
197 17730 9180724763
197 17927 10040709572
197 18124 8012217046
197 18321 9030251141
197 18518 7738071661
197 18715 7278003363
197 18912 8208382246
197 19109 8394145344
197 19306 11560991547
197 19503 11099424186
197 19700 7560690353
197 19897 9169878028
197 20094 7778239439
197 20291 9331489840
197 20488 7213551052
197 20685 8577244524
197 20882 10343486731
197 21079 6825633252
197 21276 9121802602
197 21473 9639065401
197 21670 9004941667
197 21867 10392369177
197 22064 7542027477
197 22261 7457015714
197 22458 9353533793
197 22655 8951312287
199 199 1414447119149
199 398 353611779787
199 597 235741186524
199 796 176805889893
199 995 141444711914
199 1194 78580395508
199 1393 101031937082
199 1592 88402944946
199 1791 78580395508
199 1990 47148237304
199 2189 64293050870
199 2388 39290197754
199 2587 54401812274
199 2786 33677312360
199 2985 31432158203
199 3184 44201472473
199 3383 41601385857
199 3582 26193465169
199 3781 37222292609
199 3980 23574118652
199 4179 22451541573
199 4378 21431016956
199 4577 30748850416
199 4776 19645098877
199 4975 28288942382
199 5174 18133937424
199 5373 26193465169
199 5572 16838656180
199 5771 24387019295
199 5970 13491878878
199 6169 22813663212
199 6368 22100736236
199 6567 14287344637
199 6766 13867128619
199 6965 13470924944
199 7164 14533113186
199 7363 19114150258
199 7562 12407430869
199 7761 13971331260
199 7960 11787059326
199 8159 22997280046
199 8358 8419328090
199 8557 16447059524
199 8756 10715508478
199 8955 16067814059
199 9154 10249616805
199 9353 15047309778
199 9552 9822549438
199 9751 14601371823
199 9950 12066069812
199 10149 9613185068
199 10348 9066968712
199 10547 14160877907
199 10746 8731155056
199 10945 12797830536
199 11144 13312146174
199 11343 10273947215
199 11542 8728135061
199 11741 12988003310
199 11940 9376627379
199 12139 11593828845
199 12338 7604554404
199 12537 8920227793
199 12736 11221256671
199 12935 8887649291
199 13134 6971941034
199 13333 12382663553
199 13532 7493618443
199 13731 8497600780
199 13930 5952041838
199 14129 9960895205
199 14328 7740197148
199 14527 11006205142
199 14726 12077595952
199 14925 12420534290
199 15124 7305714002
199 15323 8548450963
199 15522 8980580379
199 15721 11733557896
199 15920 11456251543
199 16119 11752417580
199 16318 8264879233
199 16517 8667559894
199 16716 7913111701
199 16915 7822980487
199 17114 7571180526
199 17313 7508164973
199 17512 11400279287
199 17711 8100337539
199 17910 10267155406
199 18109 7972786790
199 18308 7818397390
199 18507 7589820648
199 18706 8709730965
199 18905 8854424125
199 19104 9392465823
199 19303 11755495084
199 19502 10800437570
199 19701 14140875259
199 19900 9607641814
199 20099 7008066404
199 20298 8187088531
199 20497 11220878020
199 20696 11085615618
199 20895 5032567463
199 21094 7178057861
199 21293 6842264931
199 21492 10499680178
199 21691 7142254946
199 21890 7907278004
199 22089 8253476506
199 22288 7144009549
199 22487 7063678095
199 22686 8501041528
211 211 1334004628960
211 422 333501157240
211 633 222334104826
211 844 166750578620
211 1055 133400462896
211 1266 74111368275
211 1477 95286044925
211 1688 83375289310
211 1899 74111368275
211 2110 44466820965
211 2321 60636574043
211 2532 37055684137
211 2743 51307870344
211 2954 31762014975
211 3165 29644547310
211 3376 41687644655
211 3587 39235430263
211 3798 24703789425
211 4009 35105384972
211 4220 22233410482
211 4431 21174676650
211 4642 20212191347
211 4853 29000100629
211 5064 18527842068
211 5275 26680092579
211 5486 17102623448
211 5697 24703789425
211 5908 15881007487
211 6119 23000079809
211 6330 11116705241
211 6541 21516203692
211 6752 20843822327
211 6963 13474794231
211 7174 13078476754
211 7385 12704805990
211 7596 12351894712
211 7807 18027089580
211 8018 11701794990
211 8229 11401748965
211 8440 11116705241
211 8651 16268349133
211 8862 7940503743
211 9073 15511681732
211 9284 10106095673
211 9495 9881515770
211 9706 9666700209
211 9917 14191538605
211 10128 10263664248
211 10339 13612292132
211 10550 8893364193
211 10761 8718984503
211 10972 10801931806
211 11183 12584949329
211 11394 9616368187
211 11605 8084876539
211 11816 7940503743
211 12027 11034577756
211 12238 8666436483
211 12449 11305123974
211 12660 7567366637
211 12871 10934464171
211 13082 7172067897
211 13293 7058225550
211 13504 11971607184
211 13715 7253746581
211 13926 6393390236
211 14137 9955258425
211 14348 9887925541
211 14559 6444466806
211 14770 6238858484
211 14981 9394398795
211 15192 6175947356
211 15403 9137018006
211 15614 7310499374
211 15825 9947539240
211 16036 7651946719
211 16247 7596359141
211 16458 9458875409
211 16669 8443067271
211 16880 9820048984
211 17091 8234596475
211 17302 18261446520
211 17513 8727058319
211 17724 8993282617
211 17935 6214428193
211 18146 8647864942
211 18357 6412598360
211 18568 5874610698
211 18779 9222147876
211 18990 8138007264
211 19201 5299161044
211 19412 4833350104
211 19623 6602825926
211 19834 6380399811
211 20045 6432757876
211 20256 8893656881
211 20467 7591077340
211 20678 6338479934
211 20889 6603567309
211 21100 7680063192
211 21311 6876283481
211 21522 7342132580
211 21733 6475750626
211 21944 6076705086
211 22155 7608640348
211 22366 6134406019
211 22577 6346085013
211 22788 7072257471
223 223 1262219626505
223 446 315554906626
223 669 210369937750
223 892 157777453313
223 1115 126221962650
223 1338 70123312583
223 1561 90158544750
223 1784 78888726656
223 2007 70123312583
223 2230 42073987550
223 2453 57373619386
223 2676 35061656291
223 2899 48546908711
223 3122 30052848250
223 3345 28049325033
223 3568 39444363328
223 3791 37124106661
223 4014 23374437527
223 4237 33216305960
223 4460 21036993775
223 4683 20035232166
223 4906 19124539795
223 5129 27439557097
223 5352 17530828145
223 5575 25244392530
223 5798 16182302903
223 6021 23374437527
223 6244 15026424125
223 6467 21762407353
223 6690 14277227676
223 6913 20358381072
223 7136 19722181664
223 7359 14882064263
223 7582 12374702220
223 7805 12021139300
223 8028 11687218763
223 8251 17057021979
223 8474 11072101986
223 8697 11627143171
223 8920 11340439001
223 9143 15392922274
223 9366 11271942851
223 9589 14676972401
223 9812 9562269897
223 10035 9349775011
223 10258 9868840132
223 10481 13427868367
223 10704 16691585926
223 10927 14496817648
223 11150 9899781968
223 11373 9499779038
223 11596 11325202533
223 11819 11907732325
223 12042 9430228457
223 12265 14620590760
223 12488 12878217986
223 12711 15189794808
223 12934 8611212096
223 13157 10696776495
223 13380 7797004630
223 13603 10346062512
223 13826 13466835146
223 14049 10478597436
223 14272 9861090832
223 14495 9000003101
223 14718 12828643834
223 14941 13036686130
223 15164 8250606652
223 15387 9317600005
223 15610 8920649761
223 15833 12882891458
223 16056 9943368427
223 16279 8829556235
223 16502 8533991027
223 16725 13657925390
223 16948 6357993107
223 17171 12144862349
223 17394 8344180208
223 17617 12330065917
223 17840 12776240777
223 18063 11815509367
223 18286 6994738075
223 18509 8700510827
223 18732 9239920573
223 18955 7024895678
223 19178 7562459747
223 19401 8676923491
223 19624 8364237762
223 19847 8014049352
223 20070 9385076626
223 20293 12892846309
223 20516 12825235800
223 20739 10748142006
223 20962 7440498846
223 21185 13067244830
223 21408 12926278590
223 21631 9013037587
223 21854 7854005439
223 22077 10384424448
223 22300 11178173597
223 22523 5704216640
223 22746 11235691698
227 227 1239977870972
227 454 309994467743
227 681 206662978495
227 908 154997233871
227 1135 123997787097
227 1362 68887659498
227 1589 88569847926
227 1816 77498616935
227 2043 68887659498
227 2270 41332595699
227 2497 56362630498
227 2724 34443829749
227 2951 47691456575
227 3178 29523282642
227 3405 27555063799
227 3632 38749308467
227 3859 36469937381
227 4086 22962553166
227 4313 32630996604
227 4540 20666297849
227 4767 19682188428
227 4994 18787543499
227 5221 26956040673
227 5448 17221914874
227 5675 24799557419
227 5902 15897152191
227 6129 22962553166
227 6356 14761641321
227 6583 21378928809
227 6810 15479220095
227 7037 19999643080
227 7264 19374654233
227 7491 12525028999
227 7718 12156645793
227 7945 15648734670
227 8172 11481276583
227 8399 16756457715
227 8626 10876998868
227 8853 10598101461
227 9080 10839311844
227 9307 15121681353
227 9534 15419374402
227 9761 14418347336
227 9988 10402738279
227 10215 10098661964
227 10442 8985346891
227 10669 13191253946
227 10896 14680120847
227 11123 12652835418
227 11350 10593934753
227 11577 9018071227
227 11804 9624679299
227 12031 11697904443
227 12258 10692382652
227 12485 8500663357
227 12712 10811534774
227 12939 10138290880
227 13166 14097767997
227 13393 10508287042
227 13620 9434411227
227 13847 11001804642
227 14074 8496359953
227 14301 7066892396
227 14528 10318324244
227 14755 8166976672
227 14982 8068488581
227 15209 9253566201
227 15436 14433488026
227 15663 8165608132
227 15890 14071610877
227 16117 9661904263
227 16344 8694470005
227 16571 11733929422
227 16798 7581777429
227 17025 9913011213
227 17252 10797535262
227 17479 6502471479
227 17706 9430865722
227 17933 8442602871
227 18160 5166574462
227 18387 11831766953
227 18614 12738497912
227 18841 14214853318
227 19068 8952475610
227 19295 7505810809
227 19522 12174650217
227 19749 13265343356
227 19976 7370449008
227 20203 7921504057
227 20430 9692333883
227 20657 8543538291
227 20884 10831172049
227 21111 12007712690
227 21338 7295871373
227 21565 6026902751
227 21792 7154686598
227 22019 11773216465
227 22246 7404797292
227 22473 9589027698
227 22700 8268790979
229 229 1229148369915
229 458 307287092478
229 687 204858061652
229 916 153643546239
229 1145 122914836991
229 1374 68286020550
229 1603 87796312136
229 1832 76821773119
229 2061 68286020550
229 2290 40971612330
229 2519 55870380450
229 2748 34143010275
229 2977 47274937304
229 3206 29265437378
229 3435 27314408220
229 3664 38410886559
229 3893 36151422644
229 4122 22762006850
229 4351 32346009734
229 4580 20485806165
229 4809 19510291585
229 5038 18623460150
229 5267 26720616737
229 5496 17071505137
229 5725 24582967398
229 5954 15758312434
229 6183 22762006850
229 6412 14632718689
229 6641 21192213274
229 6870 10794266542
229 7099 19824973708
229 7328 19205443279
229 7557 15376819886
229 7786 12050474214
229 8015 12394531373
229 8244 11381003425
229 8473 16610113106
229 8702 10782003244
229 8931 10505541623
229 9160 10242903082
229 9389 14989614267
229 9618 8776499439
229 9847 14292422905
229 10076 9311730075
229 10305 9472378380
229 10534 10602508847
229 10763 13076046488
229 10992 9391322184
229 11221 12542330305
229 11450 8194322466
229 11679 8803377714
229 11908 8187167035
229 12137 15030008227
229 12366 8972593770
229 12595 9906253036
229 12824 18354703998
229 13053 9686276061
229 13282 8629206833
229 13511 10705635156
229 13740 13456029653
229 13969 12853179342
229 14198 8228077511
229 14427 14135738106
229 14656 13563325710
229 14885 9216208757
229 15114 15016425901
229 15343 12586268648
229 15572 14218896343
229 15801 14702249916
229 16030 9636789221
229 16259 11459090061
229 16488 6378858134
229 16717 9145836696
229 16946 8538350538
229 17175 16485627656
229 17404 12442556492
229 17633 6266811348
229 17862 11113518779
229 18091 8368772388
229 18320 9279830943
229 18549 8573983874
229 18778 8814802675
229 19007 7966830800
229 19236 14235511977
229 19465 10177662407
229 19694 8001753231
229 19923 8045394175
229 20152 12288172615
229 20381 8034215913
229 20610 8929958488
229 20839 9141780455
229 21068 9417650662
229 21297 11170084100
229 21526 6885700766
229 21755 11181339075
229 21984 8321468834
229 22213 9913279207
229 22442 9855352565
229 22671 12293775580
233 233 1208047110346
233 466 302011777586
233 699 201341185057
233 932 151005888793
233 1165 120804711034
233 1398 67113728352
233 1631 86289079310
233 1864 75502944396
233 2097 67113728352
233 2330 40268237011
233 2563 54911232288
233 2796 33556864176
233 3029 46463350397
233 3262 28763026436
233 3495 26845491341
233 3728 37751472198
233 3961 35530797363
233 4194 22371242784
233 4427 31790713430
233 4660 20134118505
233 4893 19175350957
233 5126 18303744096
233 5359 26261893703
233 5592 16778432088
233 5825 24160942206
233 6058 15487783465
233 6291 22371242784
233 6524 14381513218
233 6757 20828398454
233 6990 10067059252
233 7223 19484630812
233 7456 18875736099
233 7689 12202496064
233 7922 11843599121
233 8155 11505210574
233 8388 11185621392
233 8621 16324960950
233 8854 10596904476
233 9087 10325188977
233 9320 10067059252
233 9553 14732281833
233 9786 11586702122
233 10019 14047059422
233 10252 9151872048
233 10485 8948497113
233 10718 8753964567
233 10951 12851565003
233 11184 8389216044
233 11417 12327011330
233 11650 8053647402
233 11883 7895732747
233 12116 9544940956
233 12349 11396670852
233 12582 7457080928
233 12815 7321497638
233 13048 7190756609
233 13281 7064602984
233 13514 6942799484
233 13747 10237687375
233 13980 5033529626
233 14213 9902025494
233 14446 6494876937
233 14679 8503752884
233 14912 10348591713
233 15145 6195113386
233 15378 7277509860
233 15611 9015276942
233 15844 5921799560
233 16077 7657423706
233 16310 8063069450
233 16543 8507374016
233 16776 7928027570
233 17009 8274295276
233 17242 5441653650
233 17475 5369098268
233 17708 5298452238
233 17941 16165580396
233 18174 7039899714
233 18407 7645867787
233 18640 7532606616
233 18873 7457080928
233 19106 5544201398
233 19339 7277392231
233 19572 7098203615
233 19805 8540336500
233 20038 6347898675
233 20271 6740502221
233 20504 4575936024
233 20737 6376476714
233 20970 9060031695
233 21203 4425080990
233 21436 6876059273
233 21669 4329917958
233 21902 6440268125
233 22135 4238761790
233 22368 4194608022
233 22601 5522256665
239 239 1177719567827
239 478 294429891956
239 717 196286594637
239 956 147214945978
239 1195 117771956782
239 1434 65428864879
239 1673 84122826273
239 1912 73607472989
239 2151 65428864879
239 2390 39257318927
239 2629 53532707628
239 2868 32714432439
239 3107 45296906454
239 3346 28040942091
239 3585 26465134183
239 3824 36803736494
239 4063 34638810818
239 4302 21809621626
239 4541 30992620205
239 4780 19628659463
239 5019 18693961394
239 5258 17844235876
239 5497 25602599300
239 5736 16639935195
239 5975 23554391356
239 6214 15098968818
239 6453 21809621626
239 6692 14020471045
239 6931 20305509790
239 7170 10253187713
239 7409 18995476900
239 7648 18401868247
239 7887 11896157250
239 8126 14408205266
239 8365 15844877186
239 8604 16207497479
239 8843 15915129294
239 9082 10330873401
239 9321 10340219572
239 9560 10097048707
239 9799 15707656293
239 10038 10557249297
239 10277 13694413579
239 10516 8922117938
239 10755 9402938282
239 10994 9131311964
239 11233 12528931572
239 11472 14120468673
239 11711 12017546610
239 11950 9146752679
239 12189 15401356859
239 12428 11930972191
239 12667 11110561960
239 12906 9335973493
239 13145 7734806548
239 13384 8417310008
239 13623 9071478410
239 13862 10115692495
239 14101 13632762527
239 14340 9303110378
239 14579 9992983896
239 14818 8317562971
239 15057 8296486512
239 15296 16028631717
239 15535 6039587527
239 15774 9829940146
239 16013 9300060164
239 16252 9522805646
239 16491 12993642959
239 16730 7954756798
239 16969 8170112548
239 17208 9455042876
239 17447 9017739919
239 17686 8502592056
239 17925 7622062682
239 18164 7519587490
239 18403 6919800435
239 18642 9193301728
239 18881 13102944402
239 19120 14031095465
239 19359 11121795547
239 19598 13338742449
239 19837 10299776779
239 20076 13798864863
239 20315 8852279483
239 20554 10712857664
239 20793 12635896132
239 21032 10653297945
239 21271 8429398504
239 21510 10205144943
239 21749 12612645728
239 21988 12723298849
239 22227 7896128252
239 22466 10053054830
239 22705 8654208568
241 241 1167945961455
241 482 291986490363
241 723 194657660242
241 964 145993245181
241 1205 116794596145
241 1446 64885886747
241 1687 83424711532
241 1928 72996622590
241 2169 64885886747
241 2410 38931532048
241 2651 53088452793
241 2892 32442943373
241 3133 44920998517
241 3374 27808237177
241 3615 25954354699
241 3856 36498311295
241 4097 34351351807
241 4338 21628628915
241 4579 30735420038
241 4820 19465766024
241 5061 18538824785
241 5302 17696150931
241 5543 25390129596
241 5784 16221471686
241 6025 23358919229
241 6266 14973666172
241 6507 21628628915
241 6748 13904118588
241 6989 20136999335
241 7230 9732883012
241 7471 18837838087
241 7712 18249155647
241 7953 11797433954
241 8194 11450450602
241 8435 11123294871
241 8676 10814314457
241 8917 15783053533
241 9158 10245140012
241 9399 9982444115
241 9640 9732883012
241 9881 14243243432
241 10122 6952059294
241 10363 13580766993
241 10604 8848075465
241 10845 8651451566
241 11086 8463376532
241 11327 12424957036
241 11568 10222705075
241 11809 11917815933
241 12050 7786306409
241 12291 7633633735
241 12532 7486833086
241 12773 11018358126
241 13014 7209542971
241 13255 7078460372
241 13496 6952059294
241 13737 8651540669
241 13978 6712333111
241 14219 9897847130
241 14460 11271401036
241 14701 9573327552
241 14942 6279279362
241 15183 10449581281
241 15424 10035301487
241 15665 9682394423
241 15906 17952547185
241 16147 10610309650
241 16388 10263222865
241 16629 10106372111
241 16870 6542673659
241 17111 8224971559
241 17352 9871278318
241 17593 7999629872
241 17834 7508752982
241 18075 9728868503
241 18316 7675394426
241 18557 5056043123
241 18798 4201050466
241 19039 7378819373
241 19280 4866441506
241 19521 7209542971
241 19762 4747747810
241 20003 7035819044
241 20244 9158914686
241 20485 7100297953
241 20726 9153348376
241 20967 6055847463
241 21208 4424037732
241 21449 6376140886
241 21690 7024470905
241 21931 9882136411
241 22172 4231688266
241 22413 6706303953
241 22654 4924072312
251 251 1121414249843
251 502 280353562460
251 753 186902374973
251 1004 140176781230
251 1255 112141424984
251 1506 62300791657
251 1757 80101017845
251 2008 70088390615
251 2259 62300791657
251 2510 37380474994
251 2761 50973374992
251 3012 31150395828
251 3263 43131317301
251 3514 26700339281
251 3765 24920316663
251 4016 35044195307
251 4267 32982772054
251 4518 20766930552
251 4769 29510901311
251 5020 18690237497
251 5271 18959639505
251 5522 16991124997
251 5773 24378570648
251 6024 17901300128
251 6275 22428284996
251 6526 14377105767
251 6777 20766930552
251 7028 13350169640
251 7279 19334728445
251 7530 16637961371
251 7781 18087326610
251 8032 17522097653
251 8283 11327416665
251 8534 11420313679
251 8785 10680135712
251 9036 11204060480
251 9287 15154246619
251 9538 9836967103
251 9789 11922014956
251 10040 15590630324
251 10291 13675783534
251 10542 10164238141
251 10793 14177341082
251 11044 10421782372
251 11295 9513559109
251 11546 8390124802
251 11797 12283493016
251 12048 7787598957
251 12299 11443002549
251 12550 10167083984
251 12801 10346871412
251 13052 10347393523
251 13303 10885827638
251 13554 9199291934
251 13805 8032523553
251 14056 9606715992
251 14307 14993812051
251 14558 14855589097
251 14809 11934458132
251 15060 9294474637
251 15311 11703065088
251 15562 8973986690
251 15813 7518443543
251 16064 14104316133
251 16315 9419465038
251 16566 10098403566
251 16817 9324901229
251 17068 10436808387
251 17319 12899045274
251 17570 7773699885
251 17821 8155089506
251 18072 13602412254
251 18323 14663946538
251 18574 10304127631
251 18825 13419897314
251 19076 12638188105
251 19327 9864290882
251 19578 13883039480
251 19829 13567484404
251 20080 13941937587
251 20331 9828161967
251 20582 6391389024
251 20833 8708096845
251 21084 10201554113
251 21335 8332244072
251 21586 8666831842
251 21837 10964539494
251 22088 10165323123
251 22339 5511521032
251 22590 9902866510
257 257 1095233372415
257 514 273808343103
257 771 182538895402
257 1028 136904171551
257 1285 109523337241
257 1542 60846298467
257 1799 78230955172
257 2056 68452085775
257 2313 60846298467
257 2570 36507779080
257 2827 49783335109
257 3084 30423149233
257 3341 42124360477
257 3598 26076985057
257 3855 24338519387
257 4112 34226042887
257 4369 32212746247
257 4626 20282099489
257 4883 28821930853
257 5140 18253889540
257 5397 17384656705
257 5654 19199916958
257 5911 23809421139
257 6168 15211574616
257 6425 21904667448
257 6682 18693787646
257 6939 20282099489
257 7196 13038492528
257 7453 18883334007
257 7710 30765139312
257 7967 17665054393
257 8224 17113021443
257 8481 19908601491
257 8738 11902685688
257 8995 10430794023
257 9252 10141049744
257 9509 14800450978
257 9766 9949087390
257 10023 10347960493
257 10280 10634515850
257 10537 13356504541
257 10794 10201953936
257 11051 13648915161
257 11308 12182236976
257 11565 12297747365
257 11822 11814846751
257 12079 11651418855
257 12336 17346555470
257 12593 11346739291
257 12850 16756292428
257 13107 9969267547
257 13364 9844297850
257 13621 10332390305
257 13878 10397442795
257 14135 14789129314
257 14392 9128223456
257 14649 11239446882
257 14906 10591263399
257 15163 10423145385
257 15420 9869144159
257 15677 8977322724
257 15934 12341734842
257 16191 10864245102
257 16448 10927951944
257 16705 11339952595
257 16962 16375638209
257 17219 10756224763
257 17476 9203763819
257 17733 11388759581
257 17990 10390188566
257 18247 9278926476
257 18504 11114946626
257 18761 10943274393
257 19018 10404355114
257 19275 14322440489
257 19532 11437877230
257 19789 9282503758
257 20046 12257611807
257 20303 10473658161
257 20560 13666116917
257 20817 10302796097
257 21074 7686447881
257 21331 9236312865
257 21588 8256617841
257 21845 9867021525
257 22102 9492728344
257 22359 9387587148
257 22616 7141001643
263 263 1070247059736
263 526 267561764934
263 789 178374509956
263 1052 133780882467
263 1315 107024705973
263 1578 59458169985
263 1841 76446218552
263 2104 66890441233
263 2367 59458169985
263 2630 35674901991
263 2893 48647593624
263 3156 29729084992
263 3419 41163348451
263 3682 25482072850
263 3945 23783267994
263 4208 33445220616
263 4471 31477854698
263 4734 19819389995
263 4997 28164396308
263 5260 17837450995
263 5523 16988048567
263 5786 16215864541
263 6049 23266240429
263 6312 17135902086
263 6575 21404941194
263 6838 13721116150
263 7101 19819389995
263 7364 15743220577
263 7627 18452535512
263 7890 12423016068
263 8153 17262049350
263 8416 16722610308
263 8679 10810576360
263 8942 11381526820
263 9205 14529258972
263 9468 15636324111
263 9731 14462798104
263 9994 11232166446
263 10257 9147410766
263 10520 13255155329
263 10783 13051793411
263 11046 11285390111
263 11309 15233300832
263 11572 9561305422
263 11835 8208126738
263 12098 9771708498
263 12361 14063561797
263 12624 10513599416
263 12887 10920888364
263 13150 7134980398
263 13413 12572213981
263 13676 10752675477
263 13939 10932031787
263 14202 11566031637
263 14465 7939718968
263 14728 12327661598
263 14991 8102789079
263 15254 7847270136
263 15517 12205019099
263 15780 14544143659
263 16043 10064112795
263 16306 11018474420
263 16569 8593313197
263 16832 9552965206
263 17095 13774986360
263 17358 10174019703
263 17621 9615723598
263 17884 8843562860
263 18147 10122820528
263 18410 8768794063
263 18673 7808765330
263 18936 11701556452
263 19199 6122251359
263 19462 14569883372
263 19725 9466029294
263 19988 8711391613
263 20251 10355534768
263 20514 13511315270
263 20777 7884216375
263 21040 7234452668
263 21303 8781428872
263 21566 12829673218
263 21829 6233778198
263 22092 11024737342
263 22355 10931728709
263 22618 8643381770
269 269 1046375378106
269 538 261593844526
269 807 174395896351
269 1076 130796922263
269 1345 104637537810
269 1614 58131965450
269 1883 74741098436
269 2152 65398461131
269 2421 58131965450
269 2690 34879179270
269 2959 47562517186
269 3228 29065982725
269 3497 40245206850
269 3766 24913699478
269 4035 23252786180
269 4304 32699230565
269 4573 30775746414
269 4842 19377321816
269 5111 27536194160
269 5380 17439589635
269 5649 16609132985
269 5918 15854172395
269 6187 22747290828
269 6456 14532991362
269 6725 20927507562
269 6994 16142076488
269 7263 19377321816
269 7532 12456849739
269 7801 18412132501
269 8070 11257551004
269 8339 16877022227
269 8608 17336375765
269 8877 10569448263
269 9146 10258582138
269 9415 10525533925
269 9684 9688660908
269 9953 18571849432
269 10222 10147213138
269 10491 10096175854
269 10760 9887505199
269 11029 12760675342
269 11298 10318936176
269 11567 12167155559
269 11836 9508044919
269 12105 8918639108
269 12374 8665081102
269 12643 14894341793
269 12912 8419292235
269 13181 10677299776
269 13450 17279247786
269 13719 10097082456
269 13988 9432075485
269 14257 9871465831
269 14526 8762387094
269 14795 9239366930
269 15064 9328808311
269 15333 8076995219
269 15602 7971492560
269 15871 10127646806
269 16140 11692604364
269 16409 8576847361
269 16678 9081174805
269 16947 10061320181
269 17216 9161568124
269 17485 8296657922
269 17754 8787868433
269 18023 9582867891
269 18292 7853832079
269 18561 7972685803
269 18830 7517231489
269 19099 8073630985
269 19368 7618818738
269 19637 12965870894
269 19906 11852452874
269 20175 8883525636
269 20444 8895404521
269 20713 13654742647
269 20982 13169189213
269 21251 8026033914
269 21520 13061297004
269 21789 9383584579
269 22058 7744242923
269 22327 7449912412
269 22596 6485815141
271 271 1038653050592
271 542 259663262648
271 813 173108841765
271 1084 129831631324
271 1355 103865305059
271 1626 57702947255
271 1897 74189503613
271 2168 64915815662
271 2439 57702947255
271 2710 34621768353
271 2981 47211502299
271 3252 28851473627
271 3523 39948194253
271 3794 24729834537
271 4065 23081178902
271 4336 32457907831
271 4607 30548619135
271 4878 19234315751
271 5149 27332975015
271 5420 17310884176
271 5691 16486556358
271 5962 15737167433
271 6233 22579414143
271 6504 14425736813
271 6775 20773061011
271 7046 18497283785
271 7317 19234315751
271 7588 19347818090
271 7859 17907811217
271 8130 10117378172
271 8401 16752468557
271 8672 16228953915
271 8943 10929733129
271 9214 11563947967
271 9485 14165594511
271 9756 12758360245
271 10027 14035852035
271 10298 13813744557
271 10569 11496954854
271 10840 10653283118
271 11111 14050895364
271 11382 11696873126
271 11653 12234617087
271 11924 12013380776
271 12195 15050322206
271 12466 11002873429
271 12737 13503981223
271 13008 14195769228
271 13279 10965979334
271 13550 11980272624
271 13821 13610631996
271 14092 19954124716
271 14363 12980293288
271 14634 18958455697
271 14905 10764918803
271 15176 11435630236
271 15447 11192649791
271 15718 11424216345
271 15989 11483657658
271 16260 7018969204
271 16531 11108480245
271 16802 11030708043
271 17073 9493906476
271 17344 14387985514
271 17615 9007647668
271 17886 13110460378
271 18157 9321743353
271 18428 14592077214
271 18699 11344860037
271 18970 10763269274
271 19241 8855892402
271 19512 12334083537
271 19783 11049257887
271 20054 8070614163
271 20325 11677379694
271 20596 10910936787
271 20867 12454499202
271 21138 10661897212
271 21409 9362372762
271 21680 12958818473
271 21951 9502558612
271 22222 10526085630
271 22493 7806487242
271 22764 10545256771
277 277 1016155150579
277 554 254038787644
277 831 169359191763
277 1108 127019393822
277 1385 101615515057
277 1662 56453063921
277 1939 72582510755
277 2216 63509696911
277 2493 56453063921
277 2770 33871838352
277 3047 46188870480
277 3324 28226531960
277 3601 39082890406
277 3878 24194170251
277 4155 22581225568
277 4432 31754848455
277 4709 29886916193
277 4986 18817687973
277 5263 26740925015
277 5540 16935919176
277 5817 16129446834
277 6094 17000163186
277 6371 22090329360
277 6648 14113265980
277 6925 20323103011
277 7202 13027630135
277 7479 18817687973
277 7756 17126161437
277 8033 17519916389
277 8310 14713817262
277 8587 16389599202
277 8864 15877424227
277 9141 13349088338
277 9418 10452099477
277 9695 15813413590
277 9972 13572749102
277 10249 15274273808
277 10526 16645584611
277 10803 10208693627
277 11080 15005078352
277 11357 12392135982
277 11634 6048542562
277 11911 11815757564
277 12188 10982402232
277 12465 9142338187
277 12742 11620148324
277 13019 11785616070
277 13296 11241685126
277 13573 13637489489
277 13850 10312927406
277 14127 12777282421
277 14404 9068169947
277 14681 11061486284
277 14958 7954187593
277 15235 10097680154
277 15512 10284317630
277 15789 10512650013
277 16066 9528443237
277 16343 11756628818
277 16620 9905285430
277 16897 10483282648
277 17174 9266096586
277 17451 8438194468
277 17728 8581482708
277 18005 8991922478
277 18282 10393499019
277 18559 10040322299
277 18836 9566471758
277 19113 10219010592
277 19390 14903682286
277 19667 8261227742
277 19944 10008592961
277 20221 13361419435
277 20498 11483150535
277 20775 8158992359
277 21052 9722559359
277 21329 9050963889
277 21606 11988520177
277 21883 8435677981
277 22160 9805385710
277 22437 9283992705
277 22714 7558400344
281 281 1001690308578
281 562 250422577144
281 843 166948384763
281 1124 125211288572
281 1405 100169030857
281 1686 55649461587
281 1967 71549307755
281 2248 62605644286
281 2529 55649461587
281 2810 33389676952
281 3091 45531377662
281 3372 27824730793
281 3653 38526550329
281 3934 23849769251
281 4215 22259784635
281 4496 31302822143
281 4777 29461479664
281 5058 18549820529
281 5339 26360271278
281 5620 20770732942
281 5901 15899846167
281 6182 18604118487
281 6463 21775876273
281 6744 13912365396
281 7025 20033806171
281 7306 12842183443
281 7587 18549820529
281 7868 12681203951
281 8149 17270522561
281 8430 13273009402
281 8711 16156295299
281 8992 15651411071
281 9273 10118083925
281 9554 13485799771
281 9835 11887699070
281 10116 9274910264
281 10397 13536355521
281 10678 16877603510
281 10959 16988752360
281 11240 8832409262
281 11521 12949689860
281 11802 9778094954
281 12083 11890056739
281 12364 12001201501
281 12645 11739558757
281 12926 10973515386
281 13207 11649958658
281 13488 10237678644
281 13769 11273170991
281 14050 11674698194
281 14331 8367959128
281 14612 11767407157
281 14893 9828068234
281 15174 15639208851
281 15455 10146744821
281 15736 14053288730
281 16017 17058590101
281 16298 9433888671
281 16579 15217636251
281 16860 16644784601
281 17141 10896816540
281 17422 13933399432
281 17703 14755884064
281 17984 13426081555
281 18265 12450837077
281 18546 15507467475
281 18827 9507140255
281 19108 8193973386
281 19389 13927175182
281 19670 9764119390
281 19951 8351624434
281 20232 10980415506
281 20513 9142999864
281 20794 8177425057
281 21075 9028270669
281 21356 7944895380
281 21637 9702336276
281 21918 9530099929
281 22199 7068154508
281 22480 9990240607
281 22761 9174740213
283 283 994611225125
283 566 248652806281
283 849 165768537520
283 1132 124326403140
283 1415 99461122512
283 1698 55256179173
283 1981 71043658937
283 2264 62163201570
283 2547 55256179173
283 2830 33153707504
283 3113 45209601142
283 3396 27628089586
283 3679 38254277889
283 3962 24636052985
283 4245 22102471669
283 4528 31081600785
283 4811 29253271327
283 5094 21391598543
283 5377 26173979608
283 5660 16576853752
283 5943 15787479763
283 6226 15069867047
283 6509 21621983154
283 6792 13814044793
283 7075 19892224502
283 7358 20848692221
283 7641 18418726391
283 7924 11840609822
283 8207 17148469398
283 8490 11551612934
283 8773 16042116534
283 9056 15540800392
283 9339 12402127339
283 9622 20539351952
283 9905 11301624616
283 10188 11333930587
283 10471 13440692231
283 10754 18532331243
283 11037 11464516562
283 11320 12496426296
283 11603 12129405184
283 11886 12796819564
283 12169 12170972974
283 12452 10647686813
283 12735 12198228262
283 13018 9921937668
283 13301 11186696651
283 13584 11115021816
283 13867 12078266805
283 14150 12318302900
283 14433 19438693112
283 14716 11724683535
283 14999 10028400512
283 15282 10452263221
283 15565 12564425254
283 15848 11097143603
283 16131 9799623575
283 16414 12751611428
283 16697 11771095011
283 16980 11961165025
283 17263 11836615453
283 17546 11353133038
283 17829 15070164628
283 18112 9955075933
283 18395 11151202375
283 18678 10757047580
283 18961 10241293351
283 19244 10834176285
283 19527 12229959193
283 19810 11732271309
283 20093 10114034127
283 20376 13709329381
283 20659 9227774504
283 20942 12234695285
283 21225 13277540329
283 21508 10549569350
283 21791 12597183032
283 22074 12602051630
283 22357 8694811755
283 22640 12100882114
293 293 960665449524
293 586 240166362381
293 879 160110908254
293 1172 120083181190
293 1465 96066544952
293 1758 53370302751
293 2051 68618960680
293 2344 60041590595
293 2637 53370302751
293 2930 32022181650
293 3223 43666611342
293 3516 26685151375
293 3809 36948671135
293 4102 22872986893
293 4395 21348121100
293 4688 30020795297
293 4981 28254866162
293 5274 17790100917
293 5567 25280669724
293 5860 16011090825
293 6153 15248657928
293 6446 16275550598
293 6739 20884031511
293 7032 13342575687
293 7325 19213308990
293 7618 12316223711
293 7911 17790100917
293 8204 13156506930
293 8497 16563197405
293 8790 12327924595
293 9083 15494604024
293 9376 17765073839
293 9669 11605457579
293 9962 16277597494
293 10255 9149194757
293 10548 8895050458
293 10841 12981965534
293 11134 10845222682
293 11427 8210815807
293 11720 16517228906
293 12013 11715432311
293 12306 9808758030
293 12599 11170528482
293 12892 7277768557
293 13185 14676918030
293 13478 8863110007
293 13771 10219845207
293 14064 12833254047
293 14357 10883161438
293 14650 10795184308
293 14943 11788211529
293 15236 12170022093
293 15529 10426385368
293 15822 10369825837
293 16115 12681523619
293 16408 9668406007
293 16701 9328721215
293 16994 10149839509
293 17287 10172334140
293 17580 15344089202
293 17873 9849386605
293 18166 9227071042
293 18459 8752953372
293 18752 7505198824
293 19045 10018025366
293 19338 7961263461
293 19631 7169145145
293 19924 8452777790
293 20217 14486988634
293 20510 14186106198
293 20803 7146668192
293 21096 12959208723
293 21389 9650917143
293 21682 7496791041
293 21975 9501370190
293 22268 6631777728
293 22561 7902358319
307 307 916856601663
307 614 229214150415
307 921 152809433610
307 1228 114607075207
307 1535 91685660166
307 1842 50936477870
307 2149 65489757261
307 2456 57303537603
307 2763 50936477870
307 3070 30561886722
307 3377 41675300075
307 3684 25468238935
307 3991 35263715448
307 4298 21829919087
307 4605 20374591148
307 4912 28651768801
307 5219 26966370637
307 5526 16978825956
307 5833 24127805306
307 6140 18749206405
307 6447 14553279391
307 6754 13891766691
307 7061 19931665253
307 7368 14541328287
307 7675 18337132033
307 7982 11754571816
307 8289 16978825956
307 8596 10914959543
307 8903 15807872442
307 9210 12370414702
307 9517 14788009704
307 9824 14325884400
307 10131 9261177794
307 10438 12623025188
307 10745 9734684540
307 11052 10727619684
307 11359 12389954076
307 11666 8042601768
307 11973 7836381210
307 12280 12822832124
307 12587 11181178069
307 12894 7721222555
307 13201 12319308613
307 13508 13857079451
307 13815 9037578486
307 14122 11163596585
307 14429 9753793634
307 14736 8887177445
307 15043 9739690320
307 15350 8632495056
307 15657 11174887252
307 15964 7549664174
307 16271 9824080654
307 16578 13858981742
307 16885 9181327270
307 17192 7734663051
307 17499 7599941218
307 17806 14299325064
307 18113 8212707796
307 18420 8196330587
307 18727 7515218046
307 19034 11373531640
307 19341 9609417548
307 19648 12773927181
307 19955 12901201816
307 20262 13025058103
307 20569 7820135643
307 20876 6075353828
307 21183 4429258945
307 21490 11075998870
307 21797 8393090426
307 22104 12855947497
307 22411 3234057946
307 22718 13609743966
311 311 905064233796
311 622 226266058449
311 933 150844038966
311 1244 113133029224
311 1555 90506423379
311 1866 50281346322
311 2177 64647445271
311 2488 56566514612
311 2799 50281346322
311 3110 30168807793
311 3421 41139283354
311 3732 25140673161
311 4043 34810162838
311 4354 21549148423
311 4665 20112538528
311 4976 28283257306
311 5287 26619536288
311 5598 20943859296
311 5909 23817479836
311 6220 15084403896
311 6531 15363385499
311 6842 14591886451
311 7153 19675309430
311 7464 14675596644
311 7775 18101284675
311 8086 16629520438
311 8397 17295620383
311 8708 12475409659
311 9019 15604555755
311 9330 12123455256
311 9641 15672108104
311 9952 15099821942
311 10263 19791786201
311 10574 13380432990
311 10885 14114199393
311 11196 12773601645
311 11507 12230597754
311 11818 20191401319
311 12129 11779551873
311 12440 10682171428
311 12751 12488577263
311 13062 21159354115
311 13373 16650123405
311 13684 10900507357
311 13995 12079568765
311 14306 10634109228
311 14617 14266126852
311 14928 12402754774
311 15239 10309647206
311 15550 12956798606
311 15861 17202593368
311 16172 15645191520
311 16483 10640285144
311 16794 13767815816
311 17105 15999949120
311 17416 10413419931
311 17727 11428991525
311 18038 11280456739
311 18349 9257837520
311 18660 11270191011
311 18971 10984377263
311 19282 13572090142
311 19593 13100294749
311 19904 9172349958
311 20215 13253907077
311 20526 9805678790
311 20837 9748157952
311 21148 12953341044
311 21459 11153762894
311 21770 12472838554
311 22081 10452140050
311 22392 12477685159
311 22703 6517778907
313 313 899281075752
313 626 224820268938
313 939 149880179292
313 1252 112410134469
313 1565 89928107575
313 1878 49960059764
313 2191 64234362553
313 2504 56205067234
313 2817 49960059764
313 3130 29976035858
313 3443 40876412534
313 3756 24980029882
313 4069 34587733682
313 4382 21411454184
313 4695 19984023905
313 5008 28102533617
313 5321 26449443404
313 5634 16653353254
313 5947 23665291467
313 6260 14988017929
313 6573 14274302789
313 6886 18137087752
313 7199 20440399268
313 7512 12490014941
313 7825 17985621515
313 8138 11529244560
313 8451 16653353254
313 8764 10705727092
313 9077 15504846133
313 9390 7494008964
313 9703 14504533479
313 10016 16963731083
313 10329 11417468817
313 10642 8816481134
313 10955 11506291825
313 11268 10831875373
313 11581 12152446969
313 11894 10573866721
313 12207 12167392984
313 12520 7494008964
313 12833 10966842387
313 13146 11848136618
313 13459 10456756694
313 13772 9473054632
313 14085 11172958209
313 14398 9544386326
313 14711 9566819954
313 15024 18302250354
313 15337 9176337507
313 15650 8494284161
313 15963 8563090321
313 16276 10949135502
313 16589 9736383106
313 16902 7004490903
313 17215 8478045129
313 17528 11141599730
313 17841 11631485397
313 18154 10630520606
313 18467 8951185670
313 18780 12484397307
313 19093 11228221458
313 19406 9975483307
313 19719 14496548113
313 20032 8278232777
313 20345 4611697824
313 20658 9901640783
313 20971 7877963598
313 21284 7349950719
313 21597 13354687017
313 21910 10590456006
313 22223 7126532287
313 22536 9073376617
317 317 887933680475
317 634 221983420118
317 951 147988946745
317 1268 110991710059
317 1585 88793368047
317 1902 49329648915
317 2219 63423834319
317 2536 55495855029
317 2853 49329648915
317 3170 29597789349
317 3487 40360621839
317 3804 26145707257
317 4121 34151295402
317 4438 21141278106
317 4755 19731859566
317 5072 27747927514
317 5389 26115696484
317 5706 16443216305
317 6023 23366675801
317 6340 15345263922
317 6657 15780703082
317 6974 13453540613
317 7291 19302906097
317 7608 17860832846
317 7925 17758673609
317 8242 16220368698
317 8559 16443216305
317 8876 11219193661
317 9193 16040382708
317 9510 10920575045
317 9827 14321510975
317 10144 23044388494
317 10461 15521907827
317 10778 14275400637
317 11095 13061590446
317 11412 14730614860
317 11729 12721006100
317 12046 11527854403
317 12363 11877317212
317 12680 18569070883
317 12997 11550361827
317 13314 13964835844
317 13631 10324810238
317 13948 12382728940
317 14265 10060154994
317 14582 17603925578
317 14899 10942252735
317 15216 10033843626
317 15533 11200541368
317 15850 12985825257
317 16167 14051172451
317 16484 12254377051
317 16801 13561867582
317 17118 11683023979
317 17435 12813050375
317 17752 10532272752
317 18069 12457566166
317 18386 12255215005
317 18703 12955844933
317 19020 14755885583
317 19337 8695728088
317 19654 13330120448
317 19971 8066063881
317 20288 13311848362
317 20605 9176891525
317 20922 12075827875
317 21239 7192647662
317 21556 11243413040
317 21873 12815048505
317 22190 8949586509
317 22507 9395784844
331 331 850377573143
331 662 212594393285
331 993 141729595523
331 1324 106297196642
331 1655 85037757314
331 1986 47243198507
331 2317 60741255224
331 2648 53148598321
331 2979 47243198507
331 3310 28345919104
331 3641 38653526051
331 3972 23621599253
331 4303 32706829736
331 4634 20247085074
331 4965 18897279403
331 5296 26574299160
331 5627 25011105092
331 5958 15747732835
331 6289 22378357187
331 6620 14172959552
331 6951 14688733614
331 7282 19692155049
331 7613 18486468981
331 7944 16395500302
331 8275 17007551462
331 8606 15486977254
331 8937 15747732835
331 9268 11643095325
331 9599 14661682295
331 9930 11743318024
331 10261 13715767308
331 10592 14087064132
331 10923 14154500073
331 11254 8337035030
331 11585 12310789199
331 11916 9393419205
331 12247 13024590710
331 12578 7459452395
331 12909 9170964723
331 13240 12981116710
331 13571 11321848378
331 13902 11454553252
331 14233 10800614435
331 14564 9776422437
331 14895 10011041702
331 15226 11529197313
331 15557 9642485355
331 15888 8869406405
331 16219 9431903102
331 16550 13347978858
331 16881 11372811871
331 17212 11037259769
331 17543 10733641980
331 17874 10651970234
331 18205 15548239086
331 18536 15344031782
331 18867 13241823273
331 19198 7323638075
331 19529 9180997407
331 19860 8142245540
331 20191 7816226705
331 20522 10534943079
331 20853 7199190992
331 21184 8198070270
331 21515 12829127877
331 21846 12239255102
331 22177 7082853304
331 22508 11075973199
337 337 835237319616
337 674 208809329904
337 1011 139206219936
337 1348 104404664952
337 1685 83523731961
337 2022 46402073312
337 2359 59659808544
337 2696 52202332476
337 3033 46402073312
337 3370 27841243987
337 3707 37965332709
337 4044 23201036656
337 4381 32124512292
337 4718 19886602848
337 5055 18560829324
337 5392 26101166238
337 5729 24565803518
337 6066 19840194196
337 6403 21979929463
337 6740 13920621993
337 7077 13257735232
337 7414 12655110903
337 7751 18157333035
337 8088 12320788598
337 8425 16704746392
337 8762 18341576600
337 9099 15467357770
337 9436 9943301424
337 9773 14400643441
337 10110 10931684452
337 10447 14194253942
337 10784 13756337494
337 11121 14740399748
337 11458 11581377382
337 11795 18006295643
337 12132 10689989265
337 12469 16312818057
337 12806 12597480728
337 13143 21492676477
337 13480 12890630586
337 13817 11882209075
337 14154 16421759466
337 14491 11719827253
337 14828 12829603505
337 15165 13101588290
337 15502 6052444345
337 15839 11916257971
337 16176 10072841022
337 16513 12000030141
337 16850 13695211571
337 17187 9730184544
337 17524 12154004010
337 17861 11612847240
337 18198 9706353227
337 18535 8296457025
337 18872 11938029286
337 19209 14339015505
337 19546 9089215654
337 19883 11213216607
337 20220 10521816014
337 20557 12458601329
337 20894 10983675746
337 21231 10783892235
337 21568 9575804299
337 21905 7352514787
337 22242 12550304688
337 22579 8661942815
347 347 811167079857
347 694 202791769964
347 1041 135194513309
347 1388 101395884982
347 1735 81116707985
347 2082 45064837769
347 2429 57940505704
347 2776 50697942491
347 3123 45064837769
347 3470 27038902661
347 3817 36871230902
347 4164 22532418884
347 4511 31198733840
347 4858 19313501901
347 5205 18025935107
347 5552 25348971245
347 5899 23857855289
347 6246 15021612589
347 6593 21346502101
347 6940 13519451330
347 7287 12875667934
347 7634 12290410300
347 7981 17634066953
347 8328 11266209442
347 8675 16223341597
347 9022 12734794820
347 9369 15021612589
347 9716 9656750950
347 10063 13985639307
347 10410 10539902233
347 10757 13083339997
347 11104 12674485622
347 11451 9702768723
347 11798 7952618429
347 12145 10245518472
347 12492 7510806294
347 12839 11752196656
347 13186 8936948028
347 13533 9432128954
347 13880 11397304495
347 14227 9892281461
347 14574 15381068837
347 14921 9432175347
347 15268 13180334058
347 15615 9979778923
347 15962 9259036845
347 16309 10320440992
347 16656 8132181711
347 17003 9187938764
347 17350 5407780532
347 17697 9533845475
347 18044 5199788973
347 18391 8407100549
347 18738 10887295714
347 19085 11481547332
347 19432 4828375475
347 19779 6324625855
347 20126 10715426953
347 20473 8564804550
347 20820 9584261979
347 21167 6155595942
347 21514 6881231044
347 21861 7420306285
347 22208 12542258860
347 22555 12786960249
349 349 806518557910
349 698 201629639477
349 1047 134419759651
349 1396 100814819738
349 1745 80651855791
349 2094 44806586550
349 2443 57608468422
349 2792 50407409869
349 3141 44806586550
349 3490 26883951930
349 3839 36659934450
349 4188 24091995563
349 4537 31019944535
349 4886 19202822807
349 5235 17922634620
349 5584 25203704934
349 5933 23721134056
349 6282 15938245756
349 6631 24439879142
349 6980 15340204669
349 7329 12801881871
349 7678 13838322736
349 8027 17533012128
349 8376 12699336989
349 8725 16130371158
349 9074 14293080501
349 9423 14935528850
349 9772 13770977827
349 10121 13905492377
349 10470 13626764089
349 10819 13757209013
349 11168 14350300750
349 11517 8720936594
349 11866 22585876561
349 12215 7681129122
349 12564 12922927783
349 12913 13822582028
349 13262 12291841020
349 13611 11903871395
349 13960 11324838720
349 14309 10914765880
349 14658 13742572112
349 15007 18764470282
349 15356 11787910659
349 15705 11927440746
349 16054 9915518436
349 16403 13103255419
349 16752 17045656053
349 17101 8956589070
349 17450 9704602792
349 17799 12114688007
349 18148 11576094689
349 18497 10217224054
349 18846 8844589340
349 19195 11418094436
349 19544 10990753967
349 19893 13736496474
349 20242 11397362285
349 20591 11619660570
349 20940 13284717359
349 21289 9904513992
349 21638 8031186293
349 21987 12372838102
349 22336 8564617975
349 22685 12014743158
353 353 797379537423
353 706 199344884355
353 1059 132896589570
353 1412 99672442177
353 1765 79737953742
353 2118 44298863190
353 2471 56955681244
353 2824 49836221088
353 3177 44298863190
353 3530 26579317914
353 3883 36244524428
353 4236 22149431595
353 4589 30668443747
353 4942 18985227081
353 5295 17719545276
353 5648 24918110544
353 6001 23452339335
353 6354 18699967552
353 6707 20983672037
353 7060 15326168723
353 7413 17269733874
353 7766 15099167000
353 8119 17334337770
353 8472 15679209055
353 8825 16969389529
353 9178 14676144808
353 9531 15309740869
353 9884 14062606104
353 10237 13747923059
353 10590 12093364048
353 10943 19624111319
353 11296 20389814747
353 11649 15277333233
353 12002 15742223609
353 12355 13067378178
353 12708 14219341589
353 13061 14228131568
353 13414 16143694423
353 13767 12350523411
353 14120 15599211454
353 14473 11801887839
353 14826 14620241498
353 15179 10912388189
353 15532 14940171667
353 15885 15179666420
353 16238 13182152516
353 16591 13998164472
353 16944 11159744054
353 17297 14304993265
353 17650 11951817986
353 18003 14466373499
353 18356 10002192985
353 18709 9354369847
353 19062 14184428114
353 19415 13732020853
353 19768 11637089708
353 20121 11824292842
353 20474 12271898733
353 20827 10536735495
353 21180 13224097211
353 21533 11937895022
353 21886 11300520577
353 22239 11007486451
353 22592 7395632025
359 359 784052859918
359 718 196013214979
359 1077 130675476653
359 1436 98006607489
359 1795 78405285991
359 2154 43558492217
359 2513 56003775708
359 2872 49003303744
359 3231 43558492217
359 3590 26135095330
359 3949 35638766359
359 4308 34240757688
359 4667 30155879227
359 5026 18667925236
359 5385 21414759635
359 5744 24501651872
359 6103 23060378232
359 6462 19458973183
359 6821 20632969997
359 7180 18982903411
359 7539 17925450280
359 7898 14518140806
359 8257 17044627389
359 8616 14137101406
359 8975 16091838629
359 9334 12427662310
359 9693 14519497405
359 10052 16482538076
359 10411 13518152757
359 10770 15406807451
359 11129 12646013869
359 11488 12250825936
359 11847 9341585375
359 12206 14018364384
359 12565 8988900378
359 12924 15129854822
359 13283 10595308917
359 13642 11312564941
359 14001 9077009063
359 14360 12820381166
359 14719 10395824576
359 15078 9538198837
359 15437 9559548235
359 15796 11320841517
359 16155 17497412480
359 16514 11160534781
359 16873 10768802911
359 17232 14437825111
359 17591 16565191759
359 17950 5642174112
359 18309 10505575620
359 18668 12859781199
359 19027 9821740990
359 19386 5791834192
359 19745 10480897726
359 20104 10489593231
359 20463 10664393417
359 20822 10075233281
359 21181 9072330802
359 21540 12880770421
359 21899 7401922420
359 22258 10121111746
359 22617 8922528778
367 367 766961789402
367 734 191740447350
367 1101 127826964900
367 1468 95870223675
367 1835 76696178940
367 2202 42608988300
367 2569 54782984957
367 2936 47935111837
367 3303 42608988300
367 3670 25565392980
367 4037 34861899518
367 4404 21304494150
367 4771 29498530361
367 5138 18260994985
367 5505 18754913122
367 5872 23967555918
367 6239 22557699688
367 6606 15919613878
367 6973 20710828331
367 7340 12782696490
367 7707 19921979693
367 8074 20801666030
367 8441 19023934860
367 8808 12363564877
367 9175 15339235788
367 9542 15412109931
367 9909 20298506403
367 10276 13939629364
367 10643 19318989430
367 11010 7030432737
367 11377 14774917377
367 11744 14321525147
367 12111 14838387185
367 12478 8574479923
367 12845 15859276758
367 13212 13593803962
367 13579 10364348505
367 13946 15916580710
367 14313 13604240717
367 14680 18914434323
367 15047 11830295378
367 15414 10908678516
367 15781 13749507028
367 16148 7952990692
367 16515 12909427056
367 16882 16360820558
367 17249 9014826873
367 17616 14085044809
367 17983 11700132226
367 18350 14358301242
367 18717 14846364082
367 19084 11581663802
367 19451 11419318033
367 19818 12630657055
367 20185 13812762085
367 20552 11486349850
367 20919 13158549443
367 21286 11517592302
367 21653 8045815279
367 22020 12605335471
367 22387 10453229026
367 22754 11645020260
373 373 754624602441
373 746 188656150610
373 1119 125770767073
373 1492 94328075305
373 1865 75462460244
373 2238 41923589024
373 2611 53901757317
373 2984 47164037652
373 3357 41923589024
373 3730 25154153414
373 4103 34301118292
373 4476 20961794512
373 4849 29024023170
373 5222 17967252439
373 5595 16769435609
373 5968 23582018826
373 6341 22194841248
373 6714 13974529674
373 7087 21282461413
373 7460 12577076707
373 7833 13623948192
373 8206 11433706097
373 8579 16815664092
373 8952 10480897256
373 9325 15092492048
373 9698 9674674390
373 10071 13974529674
373 10444 13671917357
373 10817 13010769007
373 11190 7520882646
373 11563 17325370020
373 11936 11791009413
373 12309 7622470731
373 12682 8917833204
373 13055 10863746001
373 13428 10115681811
373 13801 10197629762
373 14174 12116749078
373 14547 12947290602
373 14920 9389049863
373 15293 14356744519
373 15666 6863251192
373 16039 9557142576
373 16412 10491049922
373 16785 8758550219
373 17158 11354336950
373 17531 8027921302
373 17904 9156724928
373 18277 10384229145
373 18650 9581340744
373 19023 15168697611
373 19396 6418295917
373 19769 7119100023
373 20142 9354635010
373 20515 9269940891
373 20888 7425345203
373 21261 10441254903
373 21634 8094672134
373 22007 16401307688
373 22380 11617071205
373 22753 7776858028
379 379 742678038814
379 758 185669509703
379 1137 123779673135
379 1516 92834754851
379 1895 74267803881
379 2274 41259891045
379 2653 53048431343
379 3032 46417377425
379 3411 41259891045
379 3790 24755934627
379 4169 33758092673
379 4548 20629945522
379 4927 28564539954
379 5306 17682810447
379 5685 23576622722
379 6064 23208688712
379 6443 21843471729
379 6822 15877957777
379 7201 19690953032
379 7580 15746580309
379 7959 11788540298
379 8338 15977022907
379 8717 22384129190
379 9096 12835090473
379 9475 15714818620
379 9854 12227052328
379 10233 13753297015
379 10612 11377533647
379 10991 24114156370
379 11370 9213139536
379 11749 11978678045
379 12128 13711694789
379 12507 13118146505
379 12886 10075479365
379 13265 21209592675
379 13644 15944275463
379 14023 12850829294
379 14402 10950651702
379 14781 8262512921
379 15160 10775441046
379 15539 10151147716
379 15918 12040132605
379 16297 14623826887
379 16676 8874896244
379 17055 11161817050
379 17434 15933188048
379 17813 9867233571
379 18192 8526099376
379 18571 8276686493
379 18950 12317268937
379 19329 12220186840
379 19708 11622479367
379 20087 11415073368
379 20466 13512056668
379 20845 8076580557
379 21224 13214419844
379 21603 13165453447
379 21982 12830894864
379 22361 9072420185
379 22740 12354539799
383 383 734921610210
383 766 183730402552
383 1149 122486935035
383 1532 91865201276
383 1915 73492161021
383 2298 40828978345
383 2681 52494400729
383 3064 45932600638
383 3447 40828978345
383 3830 24497387007
383 4213 33405527736
383 4596 20414489172
383 4979 28266215777
383 5362 17498133576
383 5745 16331591338
383 6128 22966300319
383 6511 21615341476
383 6894 15063032600
383 7277 19340042373
383 7660 12248693503
383 8043 11665422384
383 8426 13470392786
383 8809 15976556743
383 9192 10207244586
383 9575 14698432204
383 9958 10931233781
383 10341 13609659448
383 10724 9751783694
383 11107 12671062245
383 11490 10981086390
383 11873 11853574358
383 12256 12383674771
383 12639 17393342692
383 13022 9540330699
383 13405 10200252744
383 13788 7807546630
383 14171 9931373110
383 14554 12474809003
383 14937 12546551597
383 15320 7577719903
383 15703 10499043150
383 16086 10057418433
383 16469 8545600118
383 16852 11856794936
383 17235 12716044103
383 17618 7573254052
383 18001 8319673455
383 18384 15419108147
383 18767 9035784593
383 19150 6700526625
383 19533 13364331035
383 19916 14441804222
383 20299 6105458723
383 20682 7787005193
383 21065 10743277344
383 21448 6336207912
383 21831 11569967518
383 22214 10533632223
383 22597 7349815158
389 389 723586058382
389 778 180896514595
389 1167 120597676397
389 1556 90448257297
389 1945 72358605838
389 2334 40199225465
389 2723 51684718455
389 3112 45224128648
389 3501 40199225465
389 3890 24119535279
389 4279 32890275381
389 4668 20099612732
389 5057 27830233014
389 5446 17228239485
389 5835 16436737072
389 6224 22612064324
389 6613 21281942893
389 7002 14982499977
389 7391 19041738378
389 7780 12059767639
389 8169 13068251146
389 8558 13036797413
389 8947 15730131703
389 9336 18538202834
389 9725 14471721167
389 10114 12843123804
389 10503 13399741821
389 10892 10263011246
389 11281 12697928181
389 11670 14528786319
389 12059 12833932066
389 12448 13052177951
389 12837 8957841588
389 13226 9011735418
389 13615 18508109236
389 14004 20161241603
389 14393 14336033061
389 14782 14834764090
389 15171 13013566857
389 15560 10912425371
389 15949 10869919162
389 16338 12260150465
389 16727 12686781035
389 17116 12278662859
389 17505 12633580330
389 17894 9361284856
389 18283 7697724025
389 18672 13450612795
389 19061 16619141352
389 19450 11652977687
389 19839 11518628431
389 20228 10316987359
389 20617 9772662491
389 21006 9541630341
389 21395 11174677838
389 21784 12840839277
389 22173 8261221103
389 22562 11659694993
397 397 709004979120
397 794 177251244780
397 1191 118167496520
397 1588 88625622390
397 1985 70900497912
397 2382 39389165506
397 2779 50643212794
397 3176 44312811195
397 3573 39389165506
397 3970 23633499304
397 4367 32227499050
397 4764 20703549283
397 5161 27269422273
397 5558 16881070931
397 5955 15755666202
397 6352 22156405597
397 6749 20853087621
397 7146 13129721835
397 7543 18658025766
397 7940 14908014084
397 8337 11254047287
397 8734 11728145641
397 9131 15413151720
397 9528 9847291376
397 9925 15026018311
397 10322 17473795286
397 10719 13129721835
397 11116 12715237697
397 11513 12224223777
397 11910 11141274022
397 12307 11435564179
397 12704 11078202798
397 13101 9362463841
397 13498 9989657885
397 13895 15039843848
397 14292 14852276393
397 14689 10073971345
397 15086 11110589728
397 15483 10849940594
397 15880 16443173340
397 16277 12838396115
397 16674 9990044585
397 17071 9253062140
397 17468 7844650139
397 17865 15837742611
397 18262 9260178438
397 18659 10638964820
397 19056 8792959960
397 19453 9263292612
397 19850 8241419410
397 20247 6741737887
397 20644 13179465724
397 21041 8849713146
397 21438 9267821751
397 21835 8855181339
397 22232 6395644604
397 22629 13085736562
401 401 701932610251
401 802 175483152562
401 1203 116988768375
401 1604 87741576281
401 2005 70193261025
401 2406 38996256125
401 2807 50138043589
401 3208 43870788140
401 3609 38996256125
401 4010 23397753675
401 4411 31906027738
401 4812 21241417796
401 5213 26997408086
401 5614 18290671504
401 6015 15598502450
401 6416 21935394070
401 6817 21455541750
401 7218 16960187405
401 7619 18471910796
401 8020 18575361871
401 8421 28325891512
401 8822 14907125407
401 9223 17108358029
401 9624 15885876267
401 10025 16010850918
401 10426 15608849044
401 10827 14797876994
401 11228 14338113004
401 11629 15615524639
401 12030 14942490714
401 12431 12305032451
401 12832 14034154491
401 13233 11188336406
401 13634 16440244679
401 14035 12330855818
401 14436 12717400650
401 14837 9485575814
401 15238 11556602728
401 15639 15339465295
401 16040 14866432516
401 16441 12714299675
401 16842 8673579900
401 17243 11936985161
401 17644 15835361651
401 18045 15648827564
401 18446 12726493362
401 18847 8749794492
401 19248 8670838843
401 19649 9143295337
401 20050 13883729572
401 20451 11095013480
401 20852 13743152355
401 21253 12507976389
401 21654 10910135779
401 22055 11849690553
401 22456 12356324645
409 409 688202877043
409 818 172050719260
409 1227 114700479507
409 1636 86025359630
409 2045 68820287704
409 2454 38233493169
409 2863 49157348360
409 3272 43012679815
409 3681 38233493169
409 4090 22940095901
409 4499 31281948956
409 4908 19116746584
409 5317 26469341424
409 5726 17767554498
409 6135 15293397267
409 6544 21506339907
409 6953 20241261089
409 7362 13877777113
409 7771 18110602027
409 8180 13298660488
409 8589 13301917533
409 8998 14825606228
409 9407 14960932109
409 9816 13198753828
409 10225 14948687896
409 10634 11192374520
409 11043 12744497723
409 11452 14612971723
409 11861 13621237711
409 12270 23046602830
409 12679 14839007772
409 13088 12952314908
409 13497 10081626264
409 13906 11302586191
409 14315 10194693650
409 14724 8762987103
409 15133 10489070049
409 15542 7338336856
409 15951 11558949386
409 16360 9079207379
409 16769 11881889526
409 17178 15837175325
409 17587 11415715055
409 17996 8850344547
409 18405 6926411627
409 18814 11813689409
409 19223 11881946470
409 19632 14244174708
409 20041 12187658652
409 20450 12004733184
409 20859 13041758781
409 21268 11102421360
409 21677 8334139217
409 22086 12981045304
409 22495 10397828975
419 419 671777987376
419 838 167944496844
419 1257 111962997896
419 1676 83972248422
419 2095 67177798737
419 2514 37320999298
419 2933 47984141955
419 3352 41986124211
419 3771 37320999298
419 4190 22392599579
419 4609 30535363062
419 5028 18660499649
419 5447 25837614899
419 5866 15994713985
419 6285 14928399719
419 6704 20993062105
419 7123 19758176099
419 7542 13631009997
419 7961 17678368088
419 8380 11196299789
419 8799 12941175540
419 9218 10178454354
419 9637 14603869290
419 10056 9330249824
419 10475 21031270948
419 10894 10787915171
419 11313 12440333099
419 11732 8965838744
419 12151 11582379092
419 12570 5598149894
419 12989 10835128828
419 13408 11978534348
419 13827 9063669120
419 14246 17361225057
419 14665 9495500784
419 15084 9184173141
419 15503 10948139596
419 15922 7083466260
419 16341 5741692199
419 16760 9962689718
419 17179 9741222075
419 17598 16230812072
419 18017 10432391684
419 18436 9556986829
419 18855 14195707127
419 19274 12433331272
419 19693 9989525496
419 20112 10713843286
419 20531 9827626695
419 20950 13604434841
419 21369 10076608125
419 21788 11814667597
419 22207 9523800663
419 22626 12008056897
421 421 668586643018
421 842 167146660754
421 1263 111431107169
421 1684 83573330377
421 2105 66858664301
421 2526 37143702389
421 2947 47756188787
421 3368 41786665188
421 3789 37143702389
421 4210 23964849323
421 4631 30390301955
421 5052 18571851194
421 5473 25714870885
421 5894 16638999865
421 6315 16816271565
421 6736 20893332594
421 7157 21850961751
421 7578 18712194585
421 7999 17594385342
421 8420 16392123114
421 8841 16264116743
421 9262 22812196549
421 9683 14894627374
421 10104 21968021495
421 10525 16175939625
421 10946 13820636026
421 11367 15568407830
421 11788 10747770253
421 12209 12339778473
421 12630 12246830053
421 13051 13600351672
421 13472 10446666297
421 13893 20484710669
421 14314 14410919677
421 14735 11630275502
421 15156 12853908994
421 15577 11304727916
421 15998 11747026710
421 16419 8049632626
421 16840 16578174544
421 17261 13815014512
421 17682 10951637041
421 18103 13353846607
421 18524 14981831553
421 18945 9119197547
421 19366 12797293926
421 19787 10528714396
421 20208 10252333796
421 20629 10356232129
421 21050 13425752334
421 21471 13075038319
421 21892 10456987938
421 22313 10285352651
421 22734 9589985585
431 431 653074191904
431 862 163268547976
431 1293 108845698650
431 1724 81634273988
431 2155 65307419190
431 2586 36281899550
431 3017 46648156564
431 3448 40817136994
431 3879 36281899550
431 4310 21769139730
431 4741 29685190541
431 5172 18140949775
431 5603 25118238150
431 6034 15549385521
431 6465 14512759820
431 6896 22321499302
431 7327 19208064467
431 7758 13246763070
431 8189 17186162944
431 8620 15224133029
431 9051 12822347072
431 9482 13639860977
431 9913 14197265041
431 10344 15102990015
431 10775 13061483838
431 11206 12957215496
431 11637 12093966516
431 12068 7774692760
431 12499 13166591962
431 12930 12906596587
431 13361 10533454708
431 13792 12110976350
431 14223 13494612585
431 14654 12496319457
431 15085 12878580490
431 15516 18440712658
431 15947 13380428270
431 16378 7237882837
431 16809 17070407324
431 17240 11775786848
431 17671 12425014773
431 18102 14318764256
431 18533 11159204175
431 18964 8712205908
431 19395 12385280922
431 19826 13029943644
431 20257 11514672036
431 20688 11802362987
431 21119 11362414225
431 21550 8957996526
431 21981 10975453776
431 22412 10835268643
433 433 650057682934
433 866 162514420733
433 1299 108342947155
433 1732 81257210366
433 2165 65005768293
433 2598 36114315718
433 3031 46432691638
433 3464 40628605183
433 3897 36114315718
433 4330 24518109659
433 4763 29548076497
433 5196 18057157859
433 5629 25002218574
433 6062 15790602925
433 6495 14445726287
433 6928 20314302591
433 7361 19119343615
433 7794 14870040739
433 8227 20165228360
433 8660 31038981641
433 9093 14861143407
433 9526 10113293418
433 9959 16448659317
433 10392 22250865659
433 10825 14752164374
433 11258 9307404684
433 11691 17594857198
433 12124 10669412281
433 12557 15801299883
433 12990 18729647069
433 13423 11744860193
433 13856 12486027709
433 14289 11591136321
433 14722 14924923820
433 15155 13293908485
433 15588 18028579719
433 16021 9796221495
433 16454 17170751214
433 16887 14193060746
433 17320 11534041819
433 17753 15443469338
433 18186 15216248156
433 18619 12208972224
433 19052 14639040499
433 19485 13023341377
433 19918 13940355898
433 20351 11284986526
433 20784 13510774125
433 21217 9169325997
433 21650 13120478966
433 22083 9882315551
433 22516 11398372713
439 439 641173067678
439 878 160293266919
439 1317 106862177946
439 1756 80146633459
439 2195 64117306767
439 2634 35620725982
439 3073 45798076262
439 3512 40073316729
439 3951 35620725982
439 4390 21372435589
439 4829 29144230349
439 5268 17810362991
439 5707 27055655047
439 6146 15266025420
439 6585 14248290392
439 7024 20036658364
439 7463 19301128375
439 7902 18614027793
439 8341 16872975465
439 8780 18177744228
439 9219 17184829974
439 9658 25637627825
439 10097 15323454503
439 10536 15366291941
439 10975 13533490110
439 11414 9640225048
439 11853 13737793985
439 12292 11120603192
439 12731 16336368326
439 13170 16909531083
439 13609 12136971818
439 14048 19967499033
439 14487 19238318653
439 14926 9773600949
439 15365 17006016754
439 15804 13647735787
439 16243 14114304207
439 16682 14575128623
439 17121 16449403376
439 17560 16042821008
439 17999 8161116307
439 18438 14991303261
439 18877 12354399828
439 19316 14255524483
439 19755 10584580760
439 20194 13814837676
439 20633 9579744482
439 21072 10976875905
439 21511 12496508825
439 21950 12857856410
439 22389 12448102400
443 443 635383694606
443 886 158845923651
443 1329 105897282434
443 1772 79422961825
443 2215 63538369460
443 2658 35299094144
443 3101 45384549614
443 3544 39711480912
443 3987 35299094144
443 4430 21179456486
443 4873 28881077027
443 5316 17649547072
443 5759 24437834407
443 6202 15128183204
443 6645 14119637657
443 7088 19855740456
443 7531 18687755723
443 7974 14894781688
443 8417 18052428316
443 8860 14290836533
443 9303 11386924983
443 9746 9627025675
443 10189 13812689013
443 10632 10016604392
443 11075 13303589320
443 11518 9447414316
443 11961 11766364714
443 12404 11465981026
443 12847 13332895515
443 13290 14216623092
443 13733 13358737107
443 14176 20307593011
443 14619 9081626665
443 15062 9531898037
443 15505 9353919411
443 15948 9764031059
443 16391 9340847071
443 16834 12318148184
443 17277 10186638326
443 17720 10457550659
443 18163 11120885143
443 18606 13898956307
443 19049 8038917252
443 19492 9451091667
443 19935 15052266031
443 20378 5986001383
443 20821 9353353629
443 21264 8113495058
443 21707 8785564909
443 22150 8244130143
443 22593 11183141003
449 449 626893043899
449 898 156723260974
449 1347 104482173983
449 1796 78361630487
449 2245 62689304389
449 2694 34827391327
449 3143 44778074564
449 3592 39180815243
449 4041 34827391327
449 4490 20896434796
449 4939 28495138359
449 5388 17413695663
449 5837 24111270919
449 6286 14926024854
449 6735 13930956531
449 7184 19590407621
449 7633 18438030702
449 8082 11609130442
449 8531 16497185365
449 8980 10448217398
449 9429 9950683236
449 9878 9498379453
449 10327 13628109649
449 10776 8706847831
449 11225 12537860877
449 11674 8037090306
449 12123 11609130442
449 12572 7463012427
449 13021 10808500756
449 13470 5224108699
449 13919 10111178127
449 14368 9795203810
449 14817 6332252968
449 15266 6146010234
449 15715 5970409941
449 16164 8735195563
449 16613 8471527620
449 17062 5499061788
449 17511 16909249950
449 17960 8154739041
449 18409 7645037120
449 18858 3731506213
449 19307 7289453998
449 19756 4749189726
449 20205 4643652177
449 20654 4542703216
449 21103 6669074935
449 21552 7284054257
449 22001 6396867794
449 22450 4179286959
457 457 615918986237
457 914 153979746559
457 1371 102653164372
457 1828 76989873279
457 2285 61591898623
457 2742 34217721457
457 3199 43994213302
457 3656 38494936639
457 4113 34217721457
457 4570 20530632874
457 5027 27996317556
457 5484 18407098268
457 5941 44059471723
457 6398 14664737767
457 6855 20512850271
457 7312 19417512843
457 7769 18115264301
457 8226 19636405216
457 8683 17548987839
457 9140 11050018455
457 9597 12457678775
457 10054 15277620744
457 10511 15102241769
457 10968 18107764180
457 11425 12468327340
457 11882 11510574815
457 12339 15666093863
457 12796 9939633645
457 13253 10619292866
457 13710 14574050828
457 14167 14194363908
457 14624 10107975035
457 15081 8611112811
457 15538 13401368021
457 15995 17096417671
457 16452 7350307072
457 16909 8694407250
457 17366 16143003586
457 17823 10639427477
457 18280 10952433826
457 18737 12581153001
457 19194 13181651026
457 19651 14190749456
457 20108 13924698027
457 20565 13664725351
457 21022 13515571383
457 21479 9920145164
457 21936 10670094672
457 22393 9569553953
461 461 610574786791
461 922 152643696697
461 1383 101762464465
461 1844 76321848348
461 2305 61057478679
461 2766 33920821488
461 3227 43612484770
461 3688 38160924174
461 4149 33920821488
461 4610 21266053253
461 5071 27753399399
461 5532 21430327078
461 5993 23483645645
461 6454 18747200313
461 6915 13568328595
461 7376 19080462087
461 7837 18153091567
461 8298 17796396442
461 8759 16067757547
461 9220 30613199704
461 9681 28035179104
461 10142 10890065693
461 10603 17009008431
461 11064 12689910762
461 11525 13030962015
461 11986 16061459783
461 12447 17642218613
461 12908 11478452851
461 13369 14160435589
461 13830 16451154655
461 14291 13092708405
461 14752 13657019994
461 15213 14855873990
461 15674 11732769071
461 16135 11576849395
461 16596 16760965806
461 17057 14495364786
461 17518 13703217322
461 17979 9688504255
461 18440 7830296121
461 18901 11178181719
461 19362 14136922950
461 19823 11917649280
461 20284 11144252168
461 20745 13406387622
461 21206 12658032878
461 21667 6690486058
461 22128 7707647784
461 22589 11927531468
463 463 607937314709
463 926 151984328677
463 1389 101322885784
463 1852 75992164338
463 2315 60793731470
463 2778 33774295261
463 3241 43424093907
463 3704 37996082169
463 4167 33774295261
463 4630 20264577156
463 5093 27633514304
463 5556 18591961190
463 6019 23382204411
463 6482 15527723509
463 6945 17305788762
463 7408 18998041084
463 7871 17880509256
463 8334 11258098420
463 8797 15998350387
463 9260 11285085132
463 9723 14703203514
463 10186 19373902152
463 10649 15556075943
463 11112 14199486697
463 11575 12735144571
463 12038 9819639829
463 12501 11258098420
463 12964 10315946216
463 13427 10481677839
463 13890 12691329843
463 14353 21828957266
463 14816 10025533312
463 15279 16303511674
463 15742 9058534558
463 16205 11545792069
463 16668 11002341218
463 17131 9542630634
463 17594 10706075470
463 18057 8855899046
463 18520 5066144289
463 18983 9311905020
463 19446 9312780479
463 19909 7921445323
463 20372 7734002691
463 20835 10259152250
463 21298 10188282868
463 21761 6467418241
463 22224 11601365241
463 22687 13472320846
467 467 602730142849
467 934 150682535712
467 1401 100455023808
467 1868 75341267856
467 2335 60273014284
467 2802 33485007936
467 3269 43052153060
467 3736 37670633928
467 4203 33485007936
467 4670 20091004761
467 5137 27396824674
467 5604 16742503968
467 6071 23181928571
467 6538 14350717686
467 7005 14903165030
467 7472 18835316964
467 7939 17727357142
467 8406 12983116640
467 8873 15861319548
467 9340 11554664236
467 9807 9567145124
467 10274 9132274891
467 10741 13102829192
467 11208 8371251984
467 11675 12054602856
467 12142 7727309523
467 12609 11161669312
467 13076 8684520699
467 13543 10391899014
467 14010 9455190041
467 14477 9721453916
467 14944 14925121629
467 15411 18059984905
467 15878 10685525609
467 16345 17547111354
467 16812 9554325520
467 17279 9045526542
467 17746 14493035280
467 18213 9125030546
467 18680 5022751190
467 19147 7350367595
467 19614 10752289264
467 20081 7909014645
467 20548 14125226587
467 21015 7419626958
467 21482 9607995936
467 21949 6412022796
467 22416 9426012198
479 479 587630431546
479 958 146907607886
479 1437 97938405257
479 1916 73453803943
479 2395 58763043154
479 2874 32646135085
479 3353 41973602253
479 3832 36726901971
479 4311 32646135085
479 4790 19587681051
479 5269 26710474161
479 5748 16323067542
479 6227 22601170444
479 6706 15915907257
479 7185 15888867892
479 7664 18363450985
479 8143 17582812301
479 8622 10882045028
479 9101 15463958724
479 9580 11095310039
479 10059 13848283941
479 10538 11733905245
479 11017 12774574598
479 11496 13072718489
479 11975 11752608630
479 12454 9225560939
479 12933 21602042805
479 13412 9286566463
479 13891 11187543780
479 14370 9725941152
479 14849 11279294455
479 15328 11044603357
479 15807 7055923748
479 16286 17676571410
479 16765 12327665812
479 17244 8271436372
479 17723 16814401547
479 18202 8882198512
479 18681 6823531544
479 19160 11913127546
479 19639 8626880798
479 20118 13038773732
479 20597 8695789859
479 21076 6143583151
479 21555 12936223127
479 22034 7386608506
479 22513 6811518981
487 487 577977364908
487 974 144494341227
487 1461 96329560818
487 1948 72247170613
487 2435 57797736490
487 2922 32109853606
487 3409 41284097493
487 3896 36123585306
487 4383 32109853606
487 4870 19265912163
487 5357 26271698404
487 5844 16054926803
487 6331 22229898650
487 6818 20511072411
487 7305 15306817732
487 7792 18061792653
487 8279 28845330741
487 8766 12042627213
487 9253 20454848209
487 9740 11384278025
487 10227 12657368331
487 10714 14518277001
487 11201 13129599831
487 11688 10857877259
487 12175 12124421805
487 12662 12849669524
487 13149 12474858461
487 13636 9818815109
487 14123 11736700907
487 14610 19316159802
487 15097 13661651685
487 15584 9995479158
487 16071 17165008276
487 16558 16813401950
487 17045 10768215060
487 17532 12101348847
487 18019 15382243570
487 18506 10849111761
487 18993 12966936295
487 19480 12843436858
487 19967 13588993000
487 20454 14058980293
487 20941 10376191113
487 21428 8669155420
487 21915 10695068600
487 22402 12755001578
491 491 573268791671
491 982 143317197917
491 1473 95544798611
491 1964 71658598958
491 2455 57326879167
491 2946 31848266203
491 3437 40947770833
491 3928 35829299479
491 4419 31848266203
491 4910 19421998768
491 5401 26057672348
491 5892 16887336933
491 6383 22048799679
491 6874 20834203764
491 7365 15005428433
491 7856 19952211323
491 8347 33709085749
491 8838 18406000458
491 9329 18175683979
491 9820 11007853013
491 10311 18426079343
491 10802 13545172164
491 11293 15392309967
491 11784 16640469832
491 12275 21321612704
491 12766 12287380271
491 13257 15619724559
491 13748 12382181350
491 14239 11079308355
491 14730 18902571534
491 15221 11233063882
491 15712 13620612226
491 16203 11177973677
491 16694 11313085985
491 17185 9303803273
491 17676 9206276877
491 18167 13653393194
491 18658 9966453989
491 19149 14358077532
491 19640 14009039463
491 20131 11460255721
491 20622 9394896830
491 21113 12121370012
491 21604 10684190511
491 22095 12712306979
491 22586 12220931186
499 499 564078109640
499 998 141019527410
499 1497 94013018273
499 1996 70509763705
499 2495 56407810964
499 2994 31337672757
499 3493 40291293545
499 3992 35254881852
499 4491 31337672757
499 4990 20828722934
499 5489 25639914074
499 5988 19358630230
499 6487 22757481528
499 6986 17480317927
499 7485 12535069103
499 7984 17627440926
499 8483 27110268942
499 8982 16042354457
499 9481 14844160780
499 9980 14997765365
499 10479 10979740067
499 10978 15433192244
499 11477 12262567600
499 11976 8886001659
499 12475 12307225534
499 12974 11726961394
499 13473 13889168029
499 13972 15459542680
499 14471 10984752896
499 14970 11904611012
499 15469 9305611549
499 15968 12361517729
499 16467 17019359271
499 16966 10578695009
499 17465 11182998822
499 17964 10302724385
499 18463 15654486476
499 18962 11090933271
499 19461 14832214278
499 19960 9077832259
499 20459 10533521756
499 20958 13303565908
499 21457 13243730397
499 21956 12552244144
499 22455 11918036965
503 503 559592399027
503 1006 139898099756
503 1509 93265399837
503 2012 69949049878
503 2515 55959239902
503 3018 31088466612
503 3521 39970885644
503 4024 34974524939
503 4527 31088466612
503 5030 18653079967
503 5533 25436018137
503 6036 15544233306
503 6539 21522784577
503 7042 13323628548
503 7545 17967656529
503 8048 17487262469
503 8551 16458599971
503 9054 10362822204
503 9557 15417001619
503 10060 9326539983
503 10563 8882419032
503 11066 9487639242
503 11569 12165052152
503 12072 10900533627
503 12575 11191847980
503 13078 7174261525
503 13581 10362822204
503 14084 11336268136
503 14587 9648144810
503 15090 4663269991
503 15593 9025683855
503 16096 8743631234
503 16599 10575608151
503 17102 10409359666
503 17605 9188911809
503 18108 9040871492
503 18611 8066542711
503 19114 6290476966
503 19617 14646813286
503 20120 7791686965
503 20623 16083331420
503 21126 12925059555
503 21629 10039484412
503 22132 5248302886
503 22635 11921295091
509 509 552996024971
509 1018 138249006242
509 1527 92166004161
509 2036 69124503121
509 2545 55299602497
509 3054 30722001387
509 3563 39499716069
509 4072 34562251560
509 4581 30722001387
509 5090 18433200832
509 5599 25136182953
509 6108 15361000693
509 6617 21269077883
509 7126 13166572023
509 7635 12288800554
509 8144 17281125780
509 8653 16264588969
509 9162 10240667129
509 9671 16963122697
509 10180 9216600416
509 10689 13171932026
509 11198 12772944995
509 11707 24205803029
509 12216 16027665752
509 12725 21933080714
509 13234 7089692627
509 13743 12854556420
509 14252 11811064593
509 14761 15940308152
509 15270 11840087383
509 15779 14820701389
509 16288 17018431506
509 16797 7407265762
509 17306 14443765456
509 17815 13314136215
509 18324 12158874440
509 18833 7472919256
509 19342 14630051994
509 19851 11369100529
509 20360 13658241472
509 20869 7654577627
509 21378 12969047982
509 21887 8654040013
509 22396 12240348252
521 521 540259072381
521 1042 135064768095
521 1563 90043178730
521 2084 67532384047
521 2605 54025907238
521 3126 30014392910
521 3647 38589933741
521 4168 33766192023
521 4689 30014392910
521 5210 19589594468
521 5731 24557230562
521 6252 18006202365
521 6773 20779195091
521 7294 14716121859
521 7815 16772946718
521 8336 18382598966
521 8857 18044278002
521 9378 20052205054
521 9899 21267671465
521 10420 13312928443
521 10941 14080827245
521 11462 13540423120
521 11983 21066091915
521 12504 11855485829
521 13025 13199677331
521 13546 13577277817
521 14067 10004797636
521 14588 19345918739
521 15109 9698868448
521 15630 15547490716
521 16151 13737559715
521 16672 16776146697
521 17193 16522103651
521 17714 15590699210
521 18235 9166202554
521 18756 14952013176
521 19277 13942331327
521 19798 10944415142
521 20319 13323900039
521 20840 8810769506
521 21361 13272824514
521 21882 9678743666
521 22403 11384840379
523 523 538193072104
523 1046 134548268026
523 1569 89698845350
523 2092 67274134013
523 2615 53819307210
523 3138 29899615116
523 3661 38442362293
523 4184 33637067006
523 4707 29899615116
523 5230 17939769070
523 5753 24463321459
523 6276 14949807558
523 6799 27302524549
523 7322 24371081390
523 7845 13295686686
523 8368 18282445098
523 8891 17358956882
523 9414 18115301312
523 9937 16367295920
523 10460 12401538449
523 10983 14225411108
523 11506 15490904354
523 12029 23606163792
523 12552 13056759543
523 13075 17366652449
523 13598 20855439654
523 14121 11496287251
523 14644 12193084152
523 15167 11169594168
523 15690 16171708253
523 16213 10849842919
523 16736 10187316245
523 17259 12141719387
523 17782 10573557995
523 18305 11728766007
523 18828 9600777964
523 19351 10246378060
523 19874 13494416342
523 20397 13602446236
523 20920 12408492999
523 21443 10593501711
523 21966 10576068576
523 22489 9673745949
541 541 520286463420
541 1082 130071615855
541 1623 86714410570
541 2164 65035807927
541 2705 52028646342
541 3246 28904803523
541 3787 43647217103
541 4328 32517903963
541 4869 28904803523
541 5410 17827872138
541 5951 23649384700
541 6492 23186225845
541 7033 20379406362
541 7574 17491502676
541 8115 16924840967
541 8656 17086789432
541 9197 20645613081
541 9738 20321074587
541 10279 17860115930
541 10820 23049038077
541 11361 14906863448
541 11902 19046271815
541 12443 14705544683
541 12984 12651866680
541 13525 14675713903
541 14066 19704234316
541 14607 15704774010
541 15148 18507839263
541 15689 17259901895
541 16230 16102763646
541 16771 13372436029
541 17312 16167680421
541 17853 14505938650
541 18394 15311293375
541 18935 14823591971
541 19476 14158490007
541 20017 13306240848
541 20558 13399780199
541 21099 13102316445
541 21640 12744790190
541 22181 11622035917
541 22722 12367937372
547 547 514579482103
547 1094 128644870525
547 1641 85763247017
547 2188 64322435262
547 2735 51457948210
547 3282 42292390235
547 3829 36755677293
547 4376 32161217631
547 4923 28587749005
547 5470 22975369583
547 6017 26416243203
547 6564 25738034272
547 7111 19791518542
547 7658 22106594561
547 8205 19593036656
547 8752 17439719801
547 9299 18490598569
547 9846 26266198452
547 10393 15081804933
547 10940 17279504119
547 11487 22016224283
547 12034 13714398007
547 12581 14990509415
547 13128 15549011771
547 13675 12589186284
547 14222 16292775245
547 14769 11228377063
547 15316 18267056317
547 15863 14942937786
547 16410 16174200825
547 16957 10788636096
547 17504 13856349261
547 18051 15316020523
547 18598 15246166868
547 19145 14521296218
547 19692 14247655911
547 20239 13154468711
547 20786 13721852026
547 21333 13319838215
547 21880 10376614259
547 22427 11616407808
557 557 505341071293
557 1114 126335267823
557 1671 84223511882
557 2228 63167633911
557 2785 50534107129
557 3342 28074503960
557 3899 36095790806
557 4456 31583816955
557 5013 28074503960
557 5570 17730175568
557 6127 23354105551
557 6684 14037251980
557 7241 19436195049
557 7798 13034647174
557 8355 16214341834
557 8912 15791908477
557 9469 15305709281
557 10026 10126281698
557 10583 14477915925
557 11140 10310541286
557 11697 14925493991
557 12254 23062225179
557 12811 11899981731
557 13368 17509485082
557 13925 10608179878
557 14482 13284719261
557 15039 15864627853
557 15596 18349644668
557 16153 10393602225
557 16710 6954094401
557 17267 13742816038
557 17824 13141383784
557 18381 14831921294
557 18938 14391281556
557 19495 8993152797
557 20052 13404738467
557 20609 9306763201
557 21166 12435652368
557 21723 12519638807
557 22280 12276101820
563 563 499955553660
563 1126 124988888415
563 1689 83325925610
563 2252 62494444207
563 2815 49995555366
563 3378 27775308536
563 3941 35711110975
563 4504 31247222103
563 5067 27775308536
563 5630 20850111904
563 6193 22725252439
563 6756 21155203596
563 7319 22997295633
563 7882 15534780246
563 8445 19689693640
563 9008 15623611051
563 9571 21453235913
563 10134 15778579834
563 10697 14086894225
563 11260 16912162787
563 11823 20722203715
563 12386 22856151612
563 12949 17261799630
563 13512 8804165392
563 14075 12017775147
563 14638 10515641789
563 15201 13786345931
563 15764 13488323583
563 16327 15992921342
563 16890 15067620272
563 17453 12086582749
563 18016 10701294113
563 18579 14184847181
563 19142 13888717485
563 19705 14249446120
563 20268 9579082391
563 20831 14605142208
563 21394 13007053146
563 21957 12476918368
563 22520 12573005912
569 569 494683614605
569 1138 123670903651
569 1707 82447269100
569 2276 61835451825
569 2845 49468361460
569 3414 27482423033
569 3983 35334543900
569 4552 30917725912
569 5121 27482423033
569 5690 16489453820
569 6259 22485618845
569 6828 17109209478
569 7397 19026292869
569 7966 11778181300
569 8535 10992969213
569 9104 15458862956
569 9673 14549518076
569 10242 11680925389
569 10811 13017989858
569 11380 8244726910
569 11949 13740236540
569 12518 9450246343
569 13087 17043798613
569 13656 6870605758
569 14225 9893672292
569 14794 6342097623
569 15363 10138327708
569 15932 5889090650
569 16501 16442643930
569 17070 16641521499
569 17639 7978767977
569 18208 7729431478
569 18777 6951844249
569 19346 4849839358
569 19915 13986453803
569 20484 7100521550
569 21053 13264761812
569 21622 13284072496
569 22191 4228065082
569 22760 6077403517
571 571 492950922435
571 1142 123237730608
571 1713 82158487072
571 2284 61618865304
571 2855 49295092243
571 3426 27386162357
571 3997 35210780173
571 4568 30809432652
571 5139 27386162357
571 5710 21106526482
571 6281 25486949234
571 6852 28100355020
571 7423 18959650862
571 7994 13984661862
571 8565 10954464943
571 9136 15404716326
571 9707 15661290617
571 10278 18719536217
571 10849 14957293115
571 11420 20043951175
571 11991 14000255302
571 12562 13629131618
571 13133 14283155462
571 13704 11666795021
571 14275 19828309964
571 14846 18613469884
571 15417 10685209358
571 15988 18022685832
571 16559 13354377303
571 17130 12653660228
571 17701 13855400033
571 18272 9673033588
571 18843 9799556678
571 19414 10573498276
571 19985 11292240479
571 20556 13248232662
571 21127 14970198625
571 21698 12592295900
571 22269 12462608296
577 577 487824916309
577 1154 121956229077
577 1731 81304152718
577 2308 60978114538
577 2885 48782491630
577 3462 31394632811
577 4039 34844636879
577 4616 30489057269
577 5193 27101384239
577 5770 18596047417
577 6347 23286873808
577 6924 13550692119
577 7501 18762496781
577 8078 18684559369
577 8655 13175770569
577 9232 15244528634
577 9809 17863645044
577 10386 11259822698
577 10963 14434807826
577 11540 14758880717
577 12117 14774959415
577 12694 12341150912
577 13271 10604889484
577 13848 11770073767
577 14425 13291338531
577 15002 11293135999
577 15579 9651831523
577 16156 9002059537
577 16733 17805479864
577 17310 13344114419
577 17887 7868143811
577 18464 11694506497
577 19041 14563561321
577 19618 13006134850
577 20195 11821843837
577 20772 11514414283
577 21349 7188144026
577 21926 13732816236
577 22503 13373971719
587 587 479514440733
587 1174 119878610183
587 1761 79919073455
587 2348 59939305091
587 2935 47951444073
587 3522 26639691151
587 4109 34251031480
587 4696 29969652545
587 5283 26639691151
587 5870 23474081539
587 6457 21796110942
587 7044 13319845575
587 7631 18442863105
587 8218 15679226833
587 8805 32202820322
587 9392 16856184309
587 9979 14352579816
587 10566 14419040408
587 11153 12894180143
587 11740 10883047305
587 12327 14729915011
587 12914 21735304720
587 13501 18777515572
587 14088 16181870865
587 14675 19126892683
587 15262 12120202301
587 15849 16884599024
587 16436 17152250106
587 17023 8516704270
587 17610 15860114623
587 18197 15125564200
587 18784 14964880160
587 19371 12220494071
587 19958 13955349835
587 20545 7637680053
587 21132 12708234457
587 21719 11592951092
587 22306 9745410381
593 593 474662692598
593 1186 118665673149
593 1779 79110448766
593 2372 59332836574
593 2965 47466269259
593 3558 26370149588
593 4151 33904478042
593 4744 29666418287
593 5337 26370149588
593 5930 19260501789
593 6523 21575576936
593 7116 20222556926
593 7709 19642652196
593 8302 12304209586
593 8895 13320849413
593 9488 16488314683
593 10081 13960667429
593 10674 10091519376
593 11267 12491123489
593 11860 8913761782
593 12453 18042238241
593 13046 10529792758
593 13639 10318754186
593 14232 16097730279
593 14825 16485443651
593 15418 6085419135
593 16011 15269284838
593 16604 17144714028
593 17197 14322830757
593 17790 14331032938
593 18383 13770943397
593 18976 9707499634
593 19569 8232984688
593 20162 14328599325
593 20755 14060710784
593 21348 10278284571
593 21941 9301175165
593 22534 12232375889
599 599 469908141420
599 1198 117477035355
599 1797 78318023570
599 2396 58738517677
599 2995 46990814142
599 3594 27445350534
599 4193 33564867244
599 4792 29369258838
599 5391 27424387360
599 5990 30144548600
599 6589 27093631531
599 7188 23502894604
599 7787 18073390054
599 8386 16906592055
599 8985 14724374298
599 9584 25105065535
599 10183 25387655669
599 10782 11691262278
599 11381 16422726135
599 11980 17004395747
599 12579 17553778861
599 13178 11301793172
599 13777 15301512820
599 14376 14435404896
599 14975 14142128423
599 15574 17943955380
599 16173 10380654500
599 16772 10072297586
599 17371 13215886975
599 17970 15635507081
599 18569 13457672205
599 19168 14688867869
599 19767 14267080976
599 20366 13693859652
599 20965 13240699964
599 21564 12296201149
599 22163 12199465406
599 22762 12536770418
601 601 468344387205
601 1202 117086096801
601 1803 78057397867
601 2404 58543048400
601 3005 46834438720
601 3606 27152412012
601 4207 33453170514
601 4808 29271524200
601 5409 26019132622
601 6010 24125770225
601 6611 21288381236
601 7212 14831013639
601 7813 18013245661
601 8414 13666107940
601 9015 11988611771
601 9616 15041368147
601 10217 13774834917
601 10818 18768293581
601 11419 15379146336
601 12020 24236859852
601 12621 12653349856
601 13222 13347460894
601 13823 13650148449
601 14424 16809145121
601 15025 14025541372
601 15626 13339357942
601 16227 13144196348
601 16828 15569841409
601 17429 12920228253
601 18030 15003389136
601 18631 12706122712
601 19232 11401563815
601 19833 14363197883
601 20434 14096982071
601 21035 13246494653
601 21636 12781417499
601 22237 11165154173
607 607 463714953394
607 1214 115928738348
607 1821 77285825565
607 2428 57964369174
607 3035 46371495339
607 3642 25761941855
607 4249 33122496671
607 4856 28982184587
607 5463 25761941855
607 6070 16693238667
607 6677 21077952427
607 7284 14290551517
607 7891 17835190515
607 8498 16090287209
607 9105 10304776742
607 9712 17015819786
607 10319 15395317492
607 10926 12454528281
607 11533 19311071568
607 12140 21784486444
607 12747 14256259715
607 13354 15660396590
607 13961 16342887606
607 14568 15046645725
607 15175 11157943030
607 15782 11533798759
607 16389 11930222541
607 16996 17234849113
607 17603 12298165534
607 18210 10671287624
607 18817 9980954181
607 19424 14812729303
607 20031 14693421234
607 20638 9850018879
607 21245 10602270745
607 21852 12087271675
607 22459 9446140735
613 613 459176144715
613 1226 114794036178
613 1839 76529357452
613 2452 57397018089
613 3065 45917614471
613 3678 25509785817
613 4291 35501815370
613 4904 28698509044
613 5517 25509785817
613 6130 15305871490
613 6743 20871642941
613 7356 16391579296
613 7969 17660620950
613 8582 13887724584
613 9195 19716272419
613 9808 14349254522
613 10421 15175680784
613 11034 10929743239
613 11647 12083582755
613 12260 13301470431
613 12873 14899660097
613 13486 6957214313
613 14099 12865830810
613 14712 12673405804
613 15325 10661002511
613 15938 14199959188
613 16551 10321605133
613 17164 12922489177
613 17777 16681767877
613 18390 13713936305
613 19003 16158802190
613 19616 8434686117
613 20229 12565299225
613 20842 13871765759
613 21455 7501523114
613 22068 7592631085
613 22681 9236666880
617 617 456199313955
617 1234 114049828488
617 1851 76033218992
617 2468 57024914244
617 3085 45619931395
617 3702 26589787338
617 4319 32585665282
617 4936 28512457122
617 5553 25344406330
617 6170 30981972778
617 6787 36182659194
617 7404 23567954909
617 8021 18374809587
617 8638 29919193235
617 9255 14895540996
617 9872 18796689841
617 10489 17772734882
617 11106 10928116373
617 11723 15470501437
617 12340 22456694283
617 12957 17102401959
617 13574 18626195255
617 14191 11562880369
617 14808 18980911372
617 15425 17719205876
617 16042 17494335756
617 16659 14651569154
617 17276 16099521107
617 17893 14644492460
617 18510 15071130196
617 19127 13178663174
617 19744 10778723892
617 20361 8213593904
617 20978 13340049738
617 21595 9854822459
617 22212 12707545963
619 619 454725325865
619 1238 113681331466
619 1857 75787554310
619 2476 56840665733
619 3095 45472532586
619 3714 25262518103
619 4333 32480380418
619 4952 28420332866
619 5571 25262518103
619 6190 15157510862
619 6809 20669332993
619 7428 12631259051
619 8047 17489435610
619 8666 10826793472
619 9285 10105007241
619 9904 14210166433
619 10523 27530912816
619 11142 10242286695
619 11761 11966455943
619 12380 7578755431
619 12999 7217862315
619 13618 6889777664
619 14237 10796056834
619 14856 6315629525
619 15475 9094506517
619 16094 7941781102
619 16713 8420839367
619 17332 8344027078
619 17951 7840091825
619 18570 8185323228
619 19189 7334279449
619 19808 9071791496
619 20427 7523815451
619 21046 6570060662
619 21665 4330717389
619 22284 9253019257
631 631 446077617608
631 1262 111519404402
631 1893 74346269601
631 2524 55759702201
631 3155 44607761760
631 3786 24782089867
631 4417 31862686972
631 5048 27879851100
631 5679 24782089867
631 6310 14869253920
631 6941 20276255345
631 7572 14192094157
631 8203 17156831446
631 8834 13968938443
631 9465 9912835946
631 10096 17825505377
631 10727 13119929929
631 11358 8260696622
631 11989 11738884673
631 12620 9235676184
631 13251 19566360516
631 13882 14529911435
631 14513 13115953876
631 15144 9930673010
631 15775 8921552352
631 16406 10329990037
631 17037 9316681238
631 17668 13081607482
631 18299 7690993407
631 18930 15822004676
631 19561 16568445649
631 20192 9738062659
631 20823 12715155909
631 21454 6872386966
631 22085 9896892948
631 22716 12497720430
641 641 439118528409
641 1282 109779632102
641 1923 73186421401
641 2564 54889816051
641 3205 43911852840
641 3846 28531739898
641 4487 31365609172
641 5128 27444908025
641 5769 24395473800
641 6410 16156837068
641 7051 19959933109
641 7692 13778695622
641 8333 20300100149
641 8974 17815248493
641 9615 13797860020
641 10256 14636760281
641 10897 12915250835
641 11538 24792131822
641 12179 11555750747
641 12820 11398677852
641 13461 9469212361
641 14102 8481923574
641 14743 11056276662
641 15384 13458913886
641 16025 17865573547
641 16666 14216173951
641 17307 12802809436
641 17948 9555291056
641 18589 10296383137
641 19230 12585018339
641 19871 10493482889
641 20512 8326542177
641 21153 8147489259
641 21794 8385119323
641 22435 11192747276
643 643 437752685397
643 1286 109438171349
643 1929 72958780899
643 2572 54719085674
643 3215 43775268539
643 3858 24319593633
643 4501 31268048956
643 5144 27359542837
643 5787 24319593633
643 6430 14591756179
643 7073 19897849336
643 7716 17265804030
643 8359 16836641746
643 9002 10422682985
643 9645 9727837453
643 10288 13679771418
643 10931 26380808168
643 11574 13016530507
643 12217 12365726239
643 12860 11335548589
643 13503 14574580249
643 14146 11738623659
643 14789 9516362726
643 15432 7599451196
643 16075 9600972436
643 16718 12214050669
643 17361 11407449588
643 18004 16863901946
643 18647 10762236135
643 19290 9352284322
643 19933 8320586039
643 20576 8741334135
643 21219 9744193936
643 21862 9614142634
643 22505 10492087758
647 647 435046331855
647 1294 108761582963
647 1941 72507721975
647 2588 54380791481
647 3235 43504633185
647 3882 24169240658
647 4529 31074737989
647 5176 27190395740
647 5823 24169240658
647 6470 15584195221
647 7117 26683355332
647 7764 17883457065
647 8411 17195880948
647 9058 14940036122
647 9705 25720985153
647 10352 14088020849
647 10999 12795480348
647 11646 15344475190
647 12293 11448587680
647 12940 12063962975
647 13587 21007773431
647 14234 10924713492
647 14881 15208994125
647 15528 17314636998
647 16175 17502419025
647 16822 8532476309
647 17469 16318417771
647 18116 13018940822
647 18763 10435220469
647 19410 14246686772
647 20057 8957685660
647 20704 13136913878
647 21351 12835523284
647 21998 12524762418
647 22645 7401326096
653 653 431048968929
653 1306 107762242232
653 1959 71841494821
653 2612 53881121116
653 3265 43104896892
653 3918 23947164940
653 4571 30789212066
653 5224 26940560558
653 5877 23947164940
653 6530 14368298964
653 7183 19593134951
653 7836 11973582470
653 8489 16578806497
653 9142 10263070688
653 9795 9578865976
653 10448 13470280279
653 11101 12677910850
653 11754 7982388313
653 12407 11343393919
653 13060 7184149482
653 13713 6842047125
653 14366 6531044983
653 15019 9370629759
653 15672 5986791235
653 16325 8620979378
653 16978 5526268832
653 17631 7982388313
653 18284 5131535344
653 18937 7431878774
653 19590 16338080535
653 20243 6952402724
653 20896 6735140139
653 21549 4354029989
653 22202 4225970283
659 659 427124395615
659 1318 106781098903
659 1977 71187399269
659 2636 53390549451
659 3295 42712439561
659 3954 23729133089
659 4613 30508885401
659 5272 26695274725
659 5931 23729133089
659 6590 18794291389
659 7249 34928545370
659 7908 23867008640
659 8567 16427861369
659 9226 13066534433
659 9885 9491653235
659 10544 19112331644
659 11203 12562482223
659 11862 19439099593
659 12521 22667132323
659 13180 9532680942
659 13839 20173831967
659 14498 6471581751
659 15157 17430805759
659 15816 10489094808
659 16475 14543708960
659 17134 12446706341
659 17793 15654513595
659 18452 7981720199
659 19111 9642619485
659 19770 14633609986
659 20429 12343053294
659 21088 13178672968
659 21747 13058395474
659 22406 12296382559
661 661 425832037383
661 1322 106458009345
661 1983 70972006230
661 2644 53229004672
661 3305 42583203738
661 3966 23657335410
661 4627 30416574098
661 5288 26614502336
661 5949 23657335410
661 6610 15775359968
661 7271 20411986315
661 7932 14759298047
661 8593 16378155283
661 9254 15395128036
661 9915 13783458482
661 10576 13307251168
661 11237 16867300419
661 11898 15136933130
661 12559 13164194044
661 13220 11417724941
661 13881 15444896152
661 14542 13820239802
661 15203 9257218203
661 15864 9607261806
661 16525 17301033060
661 17186 7571354326
661 17847 7885778470
661 18508 10325699020
661 19169 9970066681
661 19830 15780806224
661 20491 9028520826
661 21152 9286549192
661 21813 11148139648
661 22474 13902523337
673 673 418239192735
673 1346 104559798183
673 2019 69706532122
673 2692 52279899091
673 3365 41823919273
673 4038 28069898387
673 4711 29874228052
673 5384 26139949545
673 6057 27310404513
673 6730 16934186504
673 7403 19010872397
673 8076 20922280303
673 8749 16086122797
673 9422 17580003073
673 10095 12287084363
673 10768 18043004353
673 11441 17274182308
673 12114 18383699065
673 12787 12275066079
673 13460 11616066932
673 14133 17277246175
673 14806 10766843953
673 15479 9710193140
673 16152 17787620634
673 16825 15280068553
673 17498 8292671274
673 18171 14183514987
673 18844 15139914146
673 19517 15802845569
673 20190 10358011795
673 20863 10853385217
673 21536 11457159586
673 22209 7416678878
677 677 415768060133
677 1354 103942015033
677 2031 69294676688
677 2708 51971007516
677 3385 41576806013
677 4062 23098225562
677 4739 30408638763
677 5416 25985503758
677 6093 25311556821
677 6770 32539382857
677 7447 18898548187
677 8124 15462723941
677 8801 15991079235
677 9478 13812850686
677 10155 27977234013
677 10832 24234424065
677 11509 14404117727
677 12186 13472539628
677 12863 15073715691
677 13540 13751299796
677 14217 14136921261
677 14894 13836944306
677 15571 13590326801
677 16248 17080015582
677 16925 8315361202
677 17602 15842243971
677 18279 15466338356
677 18956 14717739773
677 19633 11653542489
677 20310 13743810954
677 20987 12703853595
677 21664 12999998345
677 22341 12668152124
683 683 412115632080
683 1366 103028908020
683 2049 68685938680
683 2732 51514454010
683 3415 41211563208
683 4098 22895312893
683 4781 29436830862
683 5464 25757227005
683 6147 22895312893
683 6830 31700291332
683 7513 18732528730
683 8196 11447656446
683 8879 17001207597
683 9562 17737736762
683 10245 19224676169
683 10928 20321163097
683 11611 22197112999
683 12294 11986229374
683 12977 10845148212
683 13660 20922046052
683 14343 8842730697
683 15026 18456905042
683 15709 17614374448
683 16392 5723828223
683 17075 16280780788
683 17758 13208993552
683 18441 8782377328
683 19124 14835282771
683 19807 8256048296
683 20490 12002435837
683 21173 10235982085
683 21856 12950447621
683 22539 6463996890
691 691 407344394660
691 1382 101836098665
691 2073 67890732443
691 2764 50918049332
691 3455 40734439466
691 4146 22630244147
691 4837 29096028190
691 5528 25459024666
691 6219 32028509118
691 6910 29605043992
691 7601 22815880547
691 8292 30159201805
691 8983 21819160801
691 9674 25344943173
691 10365 27136826463
691 11056 24239346664
691 11747 23490551821
691 12438 13122290601
691 13129 14933231971
691 13820 16638082826
691 14511 19288455557
691 15202 18386086067
691 15893 17727575685
691 16584 16953701123
691 17275 16269175003
691 17966 13730049130
691 18657 14552930511
691 19348 14675746392
691 20039 13323685329
691 20730 13948393584
691 21421 10823913429
691 22112 12635259357
701 701 401533490314
701 1402 100383372578
701 2103 66922248385
701 2804 50191686289
701 3505 40153349031
701 4206 24262456190
701 4907 30122177711
701 5608 25095843144
701 6309 22307416128
701 7010 15719666551
701 7711 19842932755
701 8412 15735498190
701 9113 15443595781
701 9814 12442749433
701 10515 14625905099
701 11216 13807980428
701 11917 13287288155
701 12618 14793391386
701 13319 21593762112
701 14020 14228974198
701 14721 17334178751
701 15422 19565427356
701 16123 12841993350
701 16824 14810306958
701 17525 9118358242
701 18226 7667982972
701 18927 10000973429
701 19628 13872544470
701 20329 9270738504
701 21030 13657273891
701 21731 8067757085
701 22432 11701795665
709 709 397002788026
709 1418 99250697006
709 2127 66167131337
709 2836 49625348503
709 3545 39700278802
709 4254 22055710445
709 4963 28357342001
709 5672 32384873677
709 6381 22055710445
709 7090 14316077093
709 7799 18045581273
709 8508 15411858716
709 9217 16023918929
709 9926 13481726901
709 10635 13905741214
709 11344 12406337125
709 12053 11676552589
709 12762 11325394345
709 13471 10447441790
709 14180 14630800511
709 14889 12624646119
709 15598 6015193757
709 16307 8630495391
709 17016 16731952478
709 17725 9926801192
709 18434 10612222357
709 19143 9358544065
709 19852 9982493670
709 20561 15263019795
709 21270 12964954575
709 21979 7157851702
709 22688 12722618846
719 719 391481191530
719 1438 97870297882
719 2157 65246865255
719 2876 48935148941
719 3595 39148119153
719 4314 21748955085
719 5033 27962942252
719 5752 24467574470
719 6471 21748955085
719 7190 18267018161
719 7909 21395709961
719 8628 21009300516
719 9347 17619592613
719 10066 20772784208
719 10785 15002465714
719 11504 15654773257
719 12223 15647291678
719 12942 16234998155
719 13661 14215937037
719 14380 17005021711
719 15099 17721815489
719 15818 13580439811
719 16537 17466616416
719 17256 9948827835
719 17975 7829623830
719 18694 15291308779
719 19413 14751112149
719 20132 14258238612
719 20851 11166053716
719 21570 12746865108
719 22289 10174018273
727 727 387173282958
727 1454 96793320739
727 2181 64528880493
727 2908 48396660369
727 3635 38717328295
727 4362 21509626831
727 5089 33313066501
727 5816 24198330184
727 6543 21509626831
727 7270 22287795170
727 7997 17598785589
727 8724 26396761873
727 9451 16891979221
727 10178 28278826329
727 10905 9497412332
727 11632 24153020157
727 12359 12262471794
727 13086 13444058066
727 13813 13325861832
727 14540 13226812263
727 15267 17609295972
727 15994 13888068119
727 16721 17082186447
727 17448 16032232925
727 18175 15712469540
727 18902 8965158253
727 19629 14218381170
727 20356 9231673549
727 21083 12333233434
727 21810 12587251127
727 22537 11258705183
733 733 384004060996
733 1466 96001015249
733 2199 64000676832
733 2932 48000507624
733 3665 38400406099
733 4398 21333558944
733 5131 27428861499
733 5864 41051461237
733 6597 23967181770
733 7330 12800135366
733 8063 20758024210
733 8796 25164311380
733 9529 21154072071
733 10262 12532781861
733 10995 9872766255
733 11728 12000126906
733 12461 12827238972
733 13194 19880556534
733 13927 20382173062
733 14660 14066458079
733 15393 12666125067
733 16126 17801925793
733 16859 16888015667
733 17592 15930270346
733 18325 14064766329
733 19058 7443246699
733 19791 14043938813
733 20524 12868960518
733 21257 10787384382
733 21990 11623891410
733 22723 8478915418
739 739 380886301367
739 1478 95221575341
739 2217 63481050227
739 2956 47610787670
739 3695 38088630136
739 4434 21160350075
739 5173 27206164383
739 5912 23805393835
739 6651 24452204704
739 7390 12696210045
739 8129 17313013698
739 8868 10580175037
739 9607 15817081566
739 10346 12197138435
739 11085 10265189254
739 11824 15194551546
739 12563 11202538275
739 13302 21487723362
739 14041 12847591063
739 14780 10669271958
739 15519 8565932019
739 16258 16531012252
739 16997 9180661598
739 17736 12921678230
739 18475 7617726027
739 19214 10531692395
739 19953 9481117318
739 20692 13453286862
739 21431 14520158183
739 22170 13222873271
743 743 378835769462
743 1486 94708942365
743 2229 63139294910
743 2972 47354471182
743 3715 37883576946
743 4458 27268021708
743 5201 27059697818
743 5944 23677235591
743 6687 40979025775
743 7430 16781329034
743 8173 19019947996
743 8916 15557367706
743 9659 20508188724
743 10402 25398611172
743 11145 11156101872
743 11888 23721859364
743 12631 15803382948
743 13374 18890641626
743 14117 20113919742
743 14860 17911671675
743 15603 17834877737
743 16346 14826993064
743 17089 13439857618
743 17832 15604309541
743 18575 11308290677
743 19318 8875498617
743 20061 13870456888
743 20804 10593093328
743 21547 13291993076
743 22290 13100323116
751 751 374800235300
751 1502 93700058825
751 2253 62466705883
751 3004 46850029412
751 3755 37480023530
751 4506 27674026798
751 5257 26771445378
751 6008 26205205455
751 6759 20822235294
751 7510 19124301538
751 8261 20871657848
751 9012 16925042969
751 9763 14415393665
751 10514 21242210450
751 11265 20758704031
751 12016 17871705015
751 12767 22228264830
751 13518 19259140422
751 14269 20116492958
751 15020 12877630950
751 15771 9754909140
751 16522 16891002267
751 17273 13842932823
751 18024 14858485857
751 18775 7496004706
751 19526 14945818131
751 20277 12635846719
751 21028 8267606619
751 21779 6462073022
751 22530 10164995810
757 757 371829559723
757 1514 92957389930
757 2271 61971593287
757 3028 46478694965
757 3785 37182955972
757 4542 25366640804
757 5299 27264044560
757 6056 23239347482
757 6813 20657197762
757 7570 32438137931
757 8327 16901343623
757 9084 10328598881
757 9841 14301136912
757 10598 13562527797
757 11355 20658060446
757 12112 18813224094
757 12869 14958937856
757 13626 20552715039
757 14383 16978538766
757 15140 18704172784
757 15897 9238162131
757 16654 16997020096
757 17411 16437270508
757 18168 15350478134
757 18925 9104644008
757 19682 6176626227
757 20439 8553785401
757 21196 12853233463
757 21953 12186648859
757 22710 12185728674
761 761 369875133653
761 1522 92468783413
761 2283 61645855608
761 3044 46234391706
761 3805 36987513365
761 4566 31497191590
761 5327 38402349508
761 6088 28224901129
761 6849 20889354387
761 7610 35536604111
761 8371 20223880993
761 9132 24113212352
761 9893 24740975101
761 10654 14861279213
761 11415 24936652498
761 12176 18419879329
761 12937 21690750749
761 13698 20526987388
761 14459 15899729789
761 15220 18476602590
761 15981 11892807315
761 16742 16749170534
761 17503 11808453982
761 18264 14204475200
761 19025 14859152269
761 19786 14139924580
761 20547 13678418715
761 21308 12672783986
761 22069 12555985285
769 769 366027277907
769 1538 91506819476
769 2307 61004546317
769 3076 45753409738
769 3845 51430164780
769 4614 20334848772
769 5383 26144805564
769 6152 22876704869
769 6921 20334848772
769 7690 12200909263
769 8459 19191063715
769 9228 16108439278
769 9997 15306017256
769 10766 9951008742
769 11535 24641961695
769 12304 13722382079
769 13073 10765508173
769 13842 8014356478
769 14611 13851749829
769 15380 12041469523
769 16149 7921926024
769 16918 11528683873
769 17687 9803196543
769 18456 8954558987
769 19225 7320545558
769 19994 8040700195
769 20763 6778282924
769 21532 13133257921
769 22301 13316305555
773 773 364133216960
773 1546 91033304240
773 2319 60688869493
773 3092 45516652120
773 3865 36413321696
773 4638 20229623164
773 5411 26009515497
773 6184 22758326060
773 6957 20229623164
773 7730 14092813960
773 8503 16551509861
773 9276 12069851644
773 10049 14005123729
773 10822 8669838499
773 11595 8091849265
773 12368 11379163030
773 13141 21331413643
773 13914 8698247783
773 14687 11078893117
773 15460 13099193347
773 16233 17479563454
773 17006 12547476351
773 17779 11431092698
773 18552 12087712189
773 19325 8779104379
773 20098 14179455349
773 20871 13629838972
773 21644 12793941153
773 22417 11675590994
787 787 357655624791
787 1574 89413906197
787 2361 59609270798
787 3148 44706953098
787 3935 35765562479
787 4722 19869756932
787 5509 25546830342
787 6296 22353476549
787 7083 19869756932
787 7870 14257071033
787 8657 16257073854
787 9444 9934878466
787 10231 13755985568
787 11018 8515610114
787 11805 17180506957
787 12592 11176738274
787 13379 10519283082
787 14166 15855856494
787 14953 9411990126
787 15740 5960927079
787 16527 8012290283
787 17314 5419024618
787 18101 7775122278
787 18888 7302656107
787 19675 7153112495
787 20462 15296704060
787 21249 7790860747
787 22036 14901297642
797 797 353168101268
797 1594 88292025317
797 2391 58861350211
797 3188 44146012658
797 3985 35316810126
797 4782 19620450070
797 5579 31542943652
797 6376 23873838869
797 7173 29880142550
797 7970 33583755872
797 8767 16935166269
797 9564 20212403529
797 10361 13583388510
797 11158 17264905921
797 11955 13575904660
797 12752 17353153869
797 13549 14525356567
797 14346 12267874655
797 15143 18912089418
797 15940 16962309227
797 16737 13408713713
797 17534 6860193693
797 18331 15580776614
797 19128 14793515127
797 19925 13871354704
797 20722 7656213144
797 21519 10787261807
797 22316 13076788406
809 809 347929513857
809 1618 86982378464
809 2427 57988252309
809 3236 43491189232
809 4045 34792951385
809 4854 19329417436
809 5663 24852108132
809 6472 21745594616
809 7281 19329417436
809 8090 13419097789
809 8899 15814977902
809 9708 12184826430
809 10517 15915368612
809 11326 24966736092
809 12135 9553214302
809 12944 13300464601
809 13753 13677408892
809 14562 6443139145
809 15371 12788381374
809 16180 10140390270
809 16989 7857907570
809 17798 15268053964
809 18607 7563685083
809 19416 9761820557
809 20225 8218649133
809 21034 15109514450
809 21843 7610747582
809 22652 9071484220
811 811 347071487929
811 1622 86767871982
811 2433 57845247988
811 3244 43383935991
811 4055 34707148792
811 4866 19281749329
811 5677 24790820566
811 6488 21691967995
811 7299 19281749329
811 8110 14499679939
811 8921 15775976724
811 9732 12571505006
811 10543 13348903381
811 11354 8263606855
811 12165 7712699731
811 12976 10845983997
811 13787 10207984939
811 14598 6427249776
811 15409 9133460208
811 16220 5784524798
811 17031 8439701578
811 17842 16908741970
811 18653 7545032346
811 19464 16470520394
811 20275 6941429758
811 21086 7380264802
811 21897 6427249776
811 22708 4131803427
821 821 342844064202
821 1642 85711016050
821 2463 57140677367
821 3284 42855508025
821 4105 34284406420
821 4926 37532021587
821 5747 30213049512
821 6568 28498087772
821 7389 31864691280
821 8210 18589153991
821 9031 23379989568
821 9852 19873119317
821 10673 14100616430
821 11494 23551934669
821 12315 22848685176
821 13136 21389750374
821 13957 18068288976
821 14778 14586644587
821 15599 17461588596
821 16420 16353523810
821 17241 16172206493
821 18062 15723098408
821 18883 15095155038
821 19704 14264934728
821 20525 12031717829
821 21346 13180055335
821 22167 12680527632
823 823 342010907303
823 1646 85502726825
823 2469 57001817883
823 3292 42751363412
823 4115 34201090730
823 4938 20821912037
823 5761 24429350521
823 6584 21375681706
823 7407 19911258999
823 8230 34283447703
823 9053 28581215000
823 9876 28181648524
823 10699 19352574795
823 11522 14620616534
823 12345 22769014234
823 13168 13015937662
823 13991 19944985967
823 14814 8154841396
823 15637 17526692973
823 16460 16293019366
823 17283 10084938178
823 18106 15436321141
823 18929 15102286108
823 19752 9406345108
823 20575 13038527276
823 21398 13557449993
823 22221 12417270794
827 827 340356682842
827 1654 85089170710
827 2481 56726113807
827 3308 42544585355
827 4135 34035668284
827 4962 47144527240
827 5789 33810747742
827 6616 33095103160
827 7443 28599174495
827 8270 25676059987
827 9097 18226336584
827 9924 28592177355
827 10751 13857673200
827 11578 10602807533
827 12405 21894319066
827 13232 10636146338
827 14059 13533100497
827 14886 18638738175
827 15713 10973324859
827 16540 16848429090
827 17367 8845416071
827 18194 13167152973
827 19021 14706504017
827 19848 14040455887
827 20675 9295629730
827 21502 12804019263
827 22329 8024366055
829 829 339535556948
829 1658 84883889237
829 2487 56589259491
829 3316 42441944618
829 4145 33953555694
829 4974 18863086497
829 5803 24957330077
829 6632 23992031248
829 7461 18863086497
829 8290 16859969776
829 9119 15433434406
829 9948 11606920120
829 10777 15382458228
829 11606 15044089837
829 12435 22955751168
829 13264 13638674795
829 14093 11956630795
829 14922 6287695499
829 15751 16286840501
829 16580 11637199673
829 17409 12211626848
829 18238 12104388045
829 19067 13781198042
829 19896 15215305322
829 20725 14035854965
829 21554 12780609848
829 22383 9345674820
839 839 335488649237
839 1678 83872162309
839 2517 55914774872
839 3356 41936081154
839 4195 33548864923
839 5034 26925757014
839 5873 23963474945
839 6712 25108101199
839 7551 22580555120
839 8390 13175626122
839 9229 30354136416
839 10068 23287099013
839 10907 18670936028
839 11746 24060367025
839 12585 13831274450
839 13424 20887454026
839 14263 19673587905
839 15102 18671069652
839 15941 14436250086
839 16780 17020925469
839 17619 15777042326
839 18458 14810503039
839 19297 11128904269
839 20136 13412335372
839 20975 13499244228
839 21814 12445323750
839 22653 12391277118
853 853 329982387702
853 1706 82495596925
853 2559 54997064617
853 3412 41247798462
853 4265 32998238770
853 5118 18332354872
853 5971 23570170550
853 6824 20623899231
853 7677 18332354872
853 8530 12820860251
853 9383 19600796723
853 10236 29233310088
853 11089 12691630296
853 11942 9678170844
853 12795 12981476634
853 13648 14913546897
853 14501 9705364344
853 15354 7932232285
853 16207 12418738051
853 17060 7321153789
853 17913 5237815677
853 18766 15923999555
853 19619 7173530167
853 20472 10231623404
853 21325 11201245036
853 22178 9879078118
857 857 328442213197
857 1714 82110553299
857 2571 54740368866
857 3428 41055276649
857 4285 32844221319
857 5142 19232435580
857 5999 23460158085
857 6856 21254324900
857 7713 18246789622
857 8570 10948073773
857 9427 17007523609
857 10284 9123394811
857 11141 25692676568
857 11998 22125193465
857 12855 15164184446
857 13712 12240044233
857 14569 12866112817
857 15426 7067909165
857 16283 11448234813
857 17140 16553904822
857 17997 9126386919
857 18854 10118707329
857 19711 14890750184
857 20568 12211096983
857 21425 12842876259
857 22282 11755128973
859 859 327677504901
859 1718 81919376225
859 2577 54612917483
859 3436 40959688112
859 4295 32767750490
859 5154 18204305827
859 6013 25375322362
859 6872 20479844056
859 7731 18204305827
859 8590 22278720000
859 9449 30009638140
859 10308 9102152913
859 11167 14830039483
859 12026 12252028484
859 12885 11735839383
859 13744 10239922028
859 14603 19599208209
859 15462 14972402124
859 16321 14301160486
859 17180 9400864344
859 18039 9655347288
859 18898 13823879865
859 19757 7123424019
859 20616 8490649052
859 21475 8778641663
859 22334 8140566248
863 863 326158721565
863 1726 81539680391
863 2589 54359786927
863 3452 40769840195
863 4315 32615872156
863 5178 27399662439
863 6041 23297051540
863 6904 20384920097
863 7767 31512063594
863 8630 15220687635
863 9493 22098618261
863 10356 20459193983
863 11219 19817788041
863 12082 23660003589
863 12945 21763207770
863 13808 19626188389
863 14671 14659776070
863 15534 15591448351
863 16397 17105643552
863 17260 16185456610
863 18123 15391033104
863 18986 15069755335
863 19849 14393026843
863 20712 13311364357
863 21575 12831554550
863 22438 12194216212
877 877 320952082908
877 1754 80238020727
877 2631 53492013818
877 3508 40119010363
877 4385 32095208290
877 5262 17830671272
877 6139 22925148779
877 7016 20059505181
877 7893 17830671272
877 8770 10698402763
877 9647 14588731041
877 10524 8915335636
877 11401 12344310881
877 12278 7641716259
877 13155 7132268509
877 14032 10029752590
877 14909 9439767144
877 15786 5943557090
877 16663 8446107444
877 17540 16974955551
877 18417 5094477506
877 19294 4862910347
877 20171 15732891066
877 21048 4457667818
877 21925 6419041658
881 881 319494865732
881 1762 79873716433
881 2643 53249144288
881 3524 39936858216
881 4405 31949486573
881 5286 19571162090
881 6167 22821061838
881 7048 19968429108
881 7929 17749714762
881 8810 12985045731
881 9691 14522493896
881 10572 11210074255
881 11453 13344248682
881 12334 9718989844
881 13215 14569867919
881 14096 20815192628
881 14977 11363616095
881 15858 13386553601
881 16739 9575368061
881 17620 17893797616
881 18501 11829203161
881 19382 15247955352
881 20263 12216507513
881 21144 11195284776
881 22025 7445881930
883 883 318771208052
883 1766 79692802013
883 2649 53128534675
883 3532 39846401006
883 4415 31877120805
883 5298 22264700734
883 6181 22769372003
883 7064 21588505095
883 7947 18414301853
883 8830 12035287525
883 9713 20950625591
883 10596 15313781937
883 11479 12260431078
883 12362 22866337672
883 13245 21181867819
883 14128 15468707918
883 15011 11136398677
883 15894 17675265040
883 16777 15709159418
883 17660 15996368423
883 18543 10300246651
883 19426 14204124932
883 20309 14007332333
883 21192 14412008432
883 22075 8136199072
887 887 317333682875
887 1774 79333420718
887 2661 52888947145
887 3548 39666710359
887 4435 41004131231
887 5322 30704804008
887 6209 45428894749
887 7096 21859903254
887 7983 17629649048
887 8870 27958594805
887 9757 15033607360
887 10644 19203575134
887 11531 19557615858
887 12418 13721507557
887 13305 18202417799
887 14192 14122785304
887 15079 16926064624
887 15966 17597583603
887 16853 10824509183
887 17740 11492207310
887 18627 14778646489
887 19514 14807507120
887 20401 13579514851
887 21288 10060556530
887 22175 12899256312
907 907 310336247751
907 1814 77584061937
907 2721 51722707958
907 3628 38792030968
907 4535 31033624775
907 5442 33459231444
907 6349 27648156057
907 7256 27348035268
907 8163 31202783895
907 9070 26994610263
907 9977 28068074322
907 10884 18865860628
907 11791 17720283895
907 12698 10549748285
907 13605 20973566357
907 14512 15179288960
907 15419 18466130802
907 16326 10852974764
907 17233 16538892458
907 18140 15550897374
907 19047 10007492124
907 19954 9783584297
907 20861 13384165921
907 21768 12790726981
907 22675 12258769880
911 911 308973629759
911 1822 77243407439
911 2733 51495604959
911 3644 38621703719
911 4555 30897362975
911 5466 17165201653
911 6377 22069544982
911 7288 19310851859
911 8199 17165201653
911 9110 10299120991
911 10021 14044255898
911 10932 8582600826
911 11843 11883601144
911 12754 17379463798
911 13665 6866080661
911 14576 19092452604
911 15487 14098934100
911 16398 5721733884
911 17309 16868236671
911 18220 15747415577
911 19131 4904343329
911 20042 13532523178
911 20953 14351028044
911 21864 4291300413
911 22775 6179472595
919 919 306283979010
919 1838 76570994752
919 2757 51047329835
919 3676 38285497376
919 4595 30628397901
919 5514 19263511749
919 6433 29972903677
919 7352 19142748688
919 8271 17015776611
919 9190 12384842839
919 10109 13921999045
919 11028 25951488075
919 11947 12867841474
919 12866 9467852562
919 13785 9054045782
919 14704 10695241913
919 15623 9008352323
919 16542 7847302409
919 17461 16717221667
919 18380 5104732983
919 19299 7037027332
919 20218 13144098353
919 21137 6658347369
919 22056 6501679290
929 929 302987057815
929 1858 75746764453
929 2787 50497842969
929 3716 37873382226
929 4645 32036002206
929 5574 19007991195
929 6503 21641932701
929 7432 18936691113
929 8361 21732796720
929 9290 10099568593
929 10219 21793063878
929 11148 26212553623
929 12077 18414214408
929 13006 22970293395
929 13935 18708787395
929 14864 12465700837
929 15793 9999072489
929 16722 8130989153
929 17651 7973343626
929 18580 16456270048
929 19509 13364484352
929 20438 8065305847
929 21367 12574546002
929 22296 8903648164
937 937 300400188591
937 1874 75100047147
937 2811 50066698098
937 3748 37550023573
937 4685 30040018859
937 5622 16688899366
937 6559 21457156327
937 7496 18775011786
937 8433 17589423978
937 9370 10013339619
937 10307 13654554026
937 11244 10145498907
937 12181 19955265178
937 13118 7152385442
937 14055 20221575075
937 14992 17788917664
937 15929 8835299664
937 16866 5562966455
937 17803 7905268120
937 18740 5006669809
937 19677 6569306185
937 20614 14898221641
937 21551 7430963494
937 22488 4172224841
941 941 299123248364
941 1882 74780812091
941 2823 49853874727
941 3764 38301129709
941 4705 29912324836
941 5646 18439405570
941 6587 22843425928
941 7528 19955261878
941 8469 16617958242
941 9410 17032608479
941 10351 13596511289
941 11292 25060935973
941 12233 12560724937
941 13174 10076941337
941 14115 9775600270
941 15056 14705333087
941 15997 10057801454
941 16938 16409112706
941 17879 14362545692
941 18820 15906164662
941 19761 15022103491
941 20702 13135664349
941 21643 14493966988
941 22584 10237865768
947 947 297228064108
947 1894 74307016027
947 2841 49538010684
947 3788 37153508013
947 4735 29722806410
947 5682 19011747218
947 6629 21230576007
947 7576 18576754006
947 8523 16512670228
947 9470 13036019110
947 10417 13510366550
947 11364 10591551988
947 12311 12599457056
947 13258 21393344427
947 14205 9733485065
947 15152 9288377003
947 16099 9909610322
947 17046 7839440283
947 17993 7821791160
947 18940 10581295032
947 19887 4717905779
947 20834 4503455516
947 21781 9275226636
947 22728 14927961847
953 953 295356743662
953 1906 73839185915
953 2859 49226123943
953 3812 36919592957
953 4765 29535674366
953 5718 16408707981
953 6671 21096910261
953 7624 19219572872
953 8577 33403600133
953 9530 9845224788
953 10483 13425306530
953 11436 15664566570
953 12389 12119651150
953 13342 13307864666
953 14295 11319491650
953 15248 9229898239
953 16201 12417069338
953 17154 12929781907
953 18107 10150550114
953 19060 12382824974
953 20013 15187422026
953 20966 4475102176
953 21919 7180575169
967 967 291080637756
967 1934 72770159439
967 2901 48513439626
967 3868 36385079719
967 4835 29108063775
967 5802 16171146542
967 6769 20791474125
967 7736 18192539859
967 8703 16171146542
967 9670 13838954023
967 10637 19881831404
967 11604 11040532505
967 12571 14741021810
967 13538 20232278025
967 14505 19704301286
967 15472 18303256796
967 16439 8561195228
967 17406 12481607512
967 18373 14310910108
967 19340 15192145820
967 20307 4620327583
967 21274 4410312693
967 22241 6327839951
971 971 289881541411
971 1942 72470385352
971 2913 51644633229
971 3884 36235192676
971 4855 28988154141
971 5826 26182363934
971 6797 36552155161
971 7768 36429682125
971 8739 17720044037
971 9710 13578893643
971 10681 18950235846
971 11652 24302195903
971 12623 19519249976
971 13594 20927299474
971 14565 13288617969
971 15536 14832600315
971 16507 17344172282
971 17478 8599204610
971 18449 13402263762
971 19420 13888201277
971 20391 7531924650
971 21362 12892699862
971 22333 12338119658
977 977 288101306766
977 1954 72025326691
977 2931 48016884461
977 3908 36012663345
977 4885 30960193783
977 5862 18340845027
977 6839 20578664769
977 7816 19062316288
977 8793 16005628153
977 9770 11404426116
977 10747 14151498559
977 11724 14140927802
977 12701 13148952540
977 13678 20643480549
977 14655 10205148113
977 15632 9003165836
977 16609 17757203195
977 17586 11637183226
977 18563 8637597951
977 19540 10939802172
977 20517 4573036615
977 21494 12779114388
977 22471 13085653396
983 983 286342804385
983 1966 71585701096
983 2949 47723800730
983 3932 37011371835
983 4915 29522820559
983 5898 47716379266
983 6881 22001333041
983 7864 25260165814
983 8847 15907933576
983 9830 28657708920
983 10813 15087249950
983 11796 10516343932
983 12779 21155163202
983 13762 18912002804
983 14745 19117186508
983 15728 10987197433
983 16711 17117957371
983 17694 16377165619
983 18677 8816525529
983 19660 8130419037
983 20643 8688459745
983 21626 12894631677
983 22609 12182392800
991 991 284031258032
991 1982 71007814508
991 2973 47338543005
991 3964 38695239127
991 4955 29898988864
991 5946 21830146325
991 6937 21047723396
991 7928 19001492122
991 8919 31990933550
991 9910 12398338943
991 10901 22088337828
991 11892 16871019499
991 12883 11684055549
991 13874 6762649000
991 14865 11741513066
991 15856 11686973729
991 16847 11164857446
991 17838 6779390899
991 18829 15164920372
991 19820 10224657412
991 20811 9150902297
991 21802 13030731490
997 997 282321942538
997 1994 70580485634
997 2991 47053657089
997 3988 35290242817
997 4985 28232194253
997 5982 15684552363
997 6979 20165853038
997 7976 17645121408
997 8973 15684552363
997 9970 9410731417
997 10967 12832815569
997 11964 7842276181
997 12961 10858536251
997 13958 6721951012
997 14955 20830205457
997 15952 8822560704
997 16949 8303586545
997 17946 5228184121
997 18943 7429524803
997 19940 4705365708
997 20937 4481300675
997 21934 4277605189
1009 1009 278964298028
1009 2018 69741074507
1009 3027 46494049671
1009 4036 34870537253
1009 5045 27896429802
1009 6054 20676382037
1009 7063 19926021287
1009 8072 21159739272
1009 9081 15498016557
1009 10090 14477175414
1009 11099 25770034836
1009 12108 7749008278
1009 13117 10729396078
1009 14126 11820372575
1009 15135 11377572102
1009 16144 8717634313
1009 17153 11929302940
1009 18162 12614946811
1009 19171 7341165737
1009 20180 14197232705
1009 21189 11876946022
1009 22198 13025991513
1013 1013 277862760819
1013 2026 69465690204
1013 3039 46310460136
1013 4052 34732845102
1013 5065 27786276081
1013 6078 17772036919
1013 7091 23030485718
1013 8104 17366422551
1013 9117 31147686767
1013 10130 11597308901
1013 11143 13797733928
1013 12156 12647876220
1013 13169 13151762361
1013 14182 6615780019
1013 15195 12541019338
1013 16208 8683211275
1013 17221 11355579801
1013 18234 7480823555
1013 19247 10944519452
1013 20260 9560512211
1013 21273 13530833991
1013 22286 14208170224
1019 1019 276226669981
1019 2038 69056667495
1019 3057 46037778330
1019 4076 34528333747
1019 5095 27622666998
1019 6114 15345926110
1019 7133 19730476427
1019 8152 17264166873
1019 9171 18159673092
1019 10190 9207555666
1019 11209 12555757726
1019 12228 7672963055
1019 13247 10624102691
1019 14266 12204319439
1019 15285 6138370444
1019 16304 8632083436
1019 17323 10938060804
1019 18342 5115308703
1019 19361 15628194717
1019 20380 16052786093
1019 21399 10012044281
1019 22418 15239304870
1021 1021 275685579540
1021 2042 68921394885
1021 3063 45947596590
1021 4084 34460697442
1021 5105 27568557954
1021 6126 24153743744
1021 7147 23523460650
1021 8168 17230348721
1021 9189 16904912419
1021 10210 27772291170
1021 11231 12531162706
1021 12252 22770702357
1021 13273 20442911056
1021 14294 14227209450
1021 15315 18174957878
1021 16336 8615174360
1021 17357 8108399398
1021 18378 8283382288
1021 19399 15011990813
1021 20420 13793717237
1021 21441 12415748302
1021 22462 4177054235
1031 1031 273011616596
1031 2062 68252904149
1031 3093 45501936099
1031 4124 34126452074
1031 5155 28456379681
1031 6186 26711493527
1031 7217 30140738328
1031 8248 17063226037
1031 9279 16863855468
1031 10310 9100387219
1031 11341 23049527508
1031 12372 12335733686
1031 13403 21424282681
1031 14434 8810712629
1031 15465 18771187547
1031 16496 14845029178
1031 17527 15576998511
1031 18558 10890499173
1031 19589 14820287818
1031 20620 13425948801
1031 21651 9085595393
1031 22682 12836812969
1033 1033 272483036505
1033 2066 68120759126
1033 3099 45413839417
1033 4132 34060379563
1033 5165 27248303650
1033 6198 18849073330
1033 7231 34570862295
1033 8264 24117579988
1033 9297 28811001732
1033 10330 27140712538
1033 11363 22366274131
1033 12396 14454987650
1033 13429 12335680217
1033 14462 19295073075
1033 15495 13191674511
1033 16528 17406361241
1033 17561 16341321848
1033 18594 15696540831
1033 19627 14728329854
1033 20660 12299404743
1033 21693 14068059575
1033 22726 13227127184
1039 1039 270909505977
1039 2078 67727376494
1039 3117 45878270905
1039 4156 33863688247
1039 5195 28068470628
1039 6234 21752380299
1039 7273 21054885605
1039 8312 33915270199
1039 9351 16174395678
1039 10390 14460024197
1039 11429 24789687435
1039 12468 11909267548
1039 13507 10419596383
1039 14546 11197038460
1039 15585 11198576723
1039 16624 17585986789
1039 17663 7967926646
1039 18702 7515919693
1039 19741 9718380265
1039 20780 6470198494
1039 21819 9478516368
1049 1049 268326955872
1049 2098 67081738968
1049 3147 44721159312
1049 4196 33540869484
1049 5245 26832695587
1049 6294 22783947284
1049 7343 29516287282
1049 8392 24059919193
1049 9441 16032998900
1049 10490 13394414992
1049 11539 22546755961
1049 12588 22729754752
1049 13637 20874054679
1049 14686 6388737044
1049 15735 10413004371
1049 16784 8385217371
1049 17833 7891969290
1049 18882 7220909293
1049 19931 14439791260
1049 20980 13714483899
1049 22029 12377043429
1051 1051 267816343207
1051 2102 66954085801
1051 3153 44636057201
1051 4204 33477042900
1051 5255 26781634320
1051 6306 17377762723
1051 7357 19129738800
1051 8408 17988059945
1051 9459 14878685733
1051 10510 11857841782
1051 11561 13423008640
1051 12612 7439342866
1051 13663 21483967750
1051 14714 9307209942
1051 15765 18033110707
1051 16816 9834575896
1051 17867 9126489765
1051 18918 4959561911
1051 19969 15259399232
1051 21020 7394236062
1051 22071 4251053066
1061 1061 265292155240
1061 2122 66323038810
1061 3183 44215359206
1061 4244 33161519405
1061 5305 28375679501
1061 6366 17073669942
1061 7427 19860163324
1061 8488 33618109055
1061 9549 14738453068
1061 10610 12535999795
1061 11671 18149044758
1061 12732 22232980780
1061 13793 12281876533
1061 14854 11780113734
1061 15915 11359015075
1061 16976 16709854050
1061 18037 11213382912
1061 19098 10940962517
1061 20159 13348010320
1061 21220 9371400222
1061 22281 11441743147
1063 1063 264793016661
1063 2126 66198254165
1063 3189 44132169443
1063 4252 34266735519
1063 5315 27728840161
1063 6378 17641353489
1063 7441 18913786904
1063 8504 16549563541
1063 9567 16176038318
1063 10630 28175000142
1063 11693 12036046211
1063 12756 22120975815
1063 13819 12601493726
1063 14882 9235225976
1063 15945 8383366249
1063 17008 9524320265
1063 18071 8955638338
1063 19134 10169421598
1063 20197 15356802779
1063 21260 7343847286
1063 22323 9632771088
1069 1069 263306807025
1069 2138 65826701756
1069 3207 43884467837
1069 4276 32913350878
1069 5345 27121160063
1069 6414 44150673507
1069 7483 20910597046
1069 8552 16456675439
1069 9621 15820400254
1069 10690 26303251673
1069 11759 13160735537
1069 12828 9135525300
1069 13897 11828387910
1069 14966 8090657019
1069 16035 17541622154
1069 17104 8228337719
1069 18173 10637765187
1069 19242 14924968912
1069 20311 6929126500
1069 21380 5969405505
1069 22449 5760431849
1087 1087 258946620708
1087 2174 64736655177
1087 3261 43848655974
1087 4348 34973181961
1087 5435 27372141687
1087 6522 24062201698
1087 7609 19187073049
1087 8696 19458094470
1087 9783 14385923372
1087 10870 25947658979
1087 11957 23872920208
1087 13044 21565879044
1087 14131 13233416087
1087 15218 17458480685
1087 16305 17179420883
1087 17392 11366012573
1087 18479 13262619556
1087 19566 15515524488
1087 20653 10088315431
1087 21740 13178456423
1091 1091 257997228882
1091 2182 64499307220
1091 3273 42999538147
1091 4364 46815773174
1091 5455 33940456432
1091 6546 25763063812
1091 7637 18428373491
1091 8728 16124826805
1091 9819 18937385603
1091 10910 25814672931
1091 12001 11727146767
1091 13092 21307571983
1091 14183 13171627631
1091 15274 18853629265
1091 16365 5733271752
1091 17456 8062413402
1091 18547 15288908944
1091 19638 7488824322
1091 20729 13358787944
1091 21820 12885414518
1093 1093 257525138802
1093 2186 64381284700
1093 3279 42920856467
1093 4372 55477029235
1093 5465 42681752984
1093 6558 34378954831
1093 7651 24625037302
1093 8744 17548204826
1093 9837 19886639242
1093 10930 20535285263
1093 12023 17936072658
1093 13116 21204445063
1093 14209 19976384316
1093 15302 11435344769
1093 16395 13815087428
1093 17488 9500544238
1093 18581 9027152439
1093 19674 14234603227
1093 20767 13671743006
1093 21860 13142104680
1097 1097 256586122799
1097 2194 64146530699
1097 3291 42764353799
1097 4388 32073265349
1097 5485 25658612279
1097 6582 14254784599
1097 7679 18327580199
1097 8776 32147815034
1097 9873 14254784599
1097 10970 8552870759
1097 12067 11663005581
1097 13164 10082351533
1097 14261 9868697030
1097 15358 6109193399
1097 16455 8656873073
1097 17552 9495795954
1097 18649 9024130287
1097 19746 15921466792
1097 20843 8229746006
1097 21940 7231394613
1103 1103 255190368731
1103 2206 63797592182
1103 3309 42531728121
1103 4412 32557487325
1103 5515 25519036873
1103 6618 42522116919
1103 7721 26759477311
1103 8824 32053309201
1103 9927 28254442881
1103 11030 25588176326
1103 12133 19472464812
1103 13236 17022363287
1103 14339 19766636126
1103 15442 9204378134
1103 16545 17237069824
1103 17648 7974699022
1103 18751 14472984424
1103 19854 13987038360
1103 20957 7374227253
1103 22060 11854310368
1109 1109 253809717502
1109 2218 63452429375
1109 3327 42301619583
1109 4436 31726214687
1109 5545 50732109258
1109 6654 14100539861
1109 7763 25904824157
1109 8872 31086322504
1109 9981 14100539861
1109 11090 24011441160
1109 12199 17201845901
1109 13308 21155955091
1109 14417 19320086812
1109 15526 6043088511
1109 16635 16926847614
1109 17744 15844441721
1109 18853 14778620317
1109 19962 14496827852
1109 21071 13520328390
1109 22180 12757817564
1117 1117 251991921853
1117 2234 62997980463
1117 3351 41998653642
1117 4468 31498990231
1117 5585 25199192185
1117 6702 19265398430
1117 7819 17999422989
1117 8936 15749495115
1117 10053 13999551214
1117 11170 13665577944
1117 12287 16583968720
1117 13404 12265622823
1117 14521 19697207362
1117 15638 19763246871
1117 16755 11227314449
1117 17872 10190791029
1117 18989 15736766438
1117 20106 16052372487
1117 21223 11580333444
1117 22340 9827359328
1123 1123 250645571425
1123 2246 62661392856
1123 3369 41774261904
1123 4492 33618279240
1123 5615 27837480486
1123 6738 23792070194
1123 7861 22905691579
1123 8984 20667784692
1123 10107 28352751694
1123 11230 18653721958
1123 12353 11392980519
1123 13476 12392084316
1123 14599 16097257247
1123 15722 18267733032
1123 16845 14046378617
1123 17968 16186590106
1123 19091 7371928571
1123 20214 4641584656
1123 21337 6595936090
1123 22460 12572015078
1129 1129 249313531187
1129 2258 62328382796
1129 3387 41552255197
1129 4516 32641671015
1129 5645 24931353118
1129 6774 13850751732
1129 7903 17808109370
1129 9032 15582095699
1129 10161 13850751732
1129 11290 13958985725
1129 12419 12809912852
1129 13548 9880335100
1129 14677 12413249311
1129 15806 20036538724
1129 16935 18803861993
1129 18064 9268527466
1129 19193 10157018260
1129 20322 15404101700
1129 21451 13405877218
1129 22580 7110184753
1151 1151 244548198706
1151 2302 61137049676
1151 3453 40758033117
1151 4604 32570519543
1151 5755 28601943043
1151 6906 13586011039
1151 8057 23771470144
1151 9208 31331111465
1151 10359 13586011039
1151 11510 12441863559
1151 12661 22860929299
1151 13812 21888605911
1151 14963 11550828418
1151 16114 14426070079
1151 17265 17490502169
1151 18416 14089006637
1151 19567 9194588784
1151 20718 8818927282
1151 21869 10737225873
1153 1153 244124004085
1153 2306 61031001021
1153 3459 40687334014
1153 4612 30515500510
1153 5765 27642750149
1153 6918 20841805263
1153 8071 18493413479
1153 9224 30756057562
1153 10377 14618429287
1153 11530 15416827394
1153 12683 22801578221
1153 13836 15469789591
1153 14989 10445369388
1153 16142 10855075861
1153 17295 11182914782
1153 18448 14147523880
1153 19601 14842328238
1153 20754 8869545140
1153 21907 13109420836
1163 1163 242024915486
1163 2326 60506228871
1163 3489 40337485914
1163 4652 30253114435
1163 5815 26429550074
1163 6978 20830576032
1163 8141 17287493963
1163 9304 19582210815
1163 10467 19366797407
1163 11630 25014337460
1163 12793 22520972812
1163 13956 21170677607
1163 15119 11535709121
1163 16282 13147245381
1163 17445 9832448507
1163 18608 9028593779
1163 19771 14915128984
1163 20934 4481942879
1163 22097 10061450420
1171 1171 240371457481
1171 2342 62954028364
1171 3513 40061909580
1171 4684 31295970680
1171 5855 24037145748
1171 7026 26367238530
1171 8197 17169389820
1171 9368 20280311932
1171 10539 13353969860
1171 11710 16233786894
1171 12881 22562169526
1171 14052 9176061920
1171 15223 18989423942
1171 16394 16237321620
1171 17565 17565807345
1171 18736 15163079627
1171 19907 11180451238
1171 21078 13144067638
1171 22249 13353759618
1181 1181 238336136080
1181 2362 59584034020
1181 3543 39722689346
1181 4724 34181583011
1181 5905 27300175002
1181 7086 20276025356
1181 8267 34117691131
1181 9448 20422887848
1181 10629 15947681448
1181 11810 11963167647
1181 12991 11593237124
1181 14172 21244790968
1181 15353 16640662413
1181 16534 16728428592
1181 17715 15121194419
1181 18896 10154789252
1181 20077 14523748560
1181 21258 12711764493
1181 22439 13122336272
1187 1187 237131404137
1187 2374 59282851034
1187 3561 39521900689
1187 4748 29641425517
1187 5935 34964470639
1187 7122 13173966896
1187 8309 20443647153
1187 9496 14820712758
1187 10683 13173966896
1187 11870 14915759567
1187 13057 14284389903
1187 14244 19413451758
1187 15431 18560219046
1187 16618 16433614522
1187 17805 15988271754
1187 18992 13823590534
1187 20179 13708892873
1187 21366 13829644128
1187 22553 12641067110
1193 1193 235938790201
1193 2386 58984697550
1193 3579 39323131700
1193 4772 29492348775
1193 5965 23593879020
1193 7158 13107710566
1193 8351 16852770728
1193 9544 14746174387
1193 10737 13107710566
1193 11930 7864626340
1193 13123 10724490463
1193 14316 6553855283
1193 15509 9074568853
1193 16702 17243344412
1193 17895 5243084226
1193 19088 7373087193
1193 20281 6939376182
1193 21474 15994991025
1193 22667 13487107787
1201 1201 234367174613
1201 2402 58591793653
1201 3603 39061195768
1201 4804 30419764395
1201 6005 30072508813
1201 7206 18223092961
1201 8407 33544754603
1201 9608 20930127717
1201 10809 14144266158
1201 12010 13014933525
1201 13211 21247731332
1201 14412 19577614004
1201 15613 17891376948
1201 16814 16986596368
1201 18015 15741123245
1201 19216 15649081413
1201 20417 14145638763
1201 21618 11995679601
1213 1213 232048620536
1213 2426 58012155134
1213 3639 38674770089
1213 4852 29006077567
1213 6065 23204862053
1213 7278 18157437245
1213 8491 16574901466
1213 9704 14503038783
1213 10917 12891590029
1213 12130 7734954017
1213 13343 10547664569
1213 14556 6445795014
1213 15769 18681160128
1213 16982 5524967155
1213 18195 10422483227
1213 19408 9884442999
1213 20621 14071575261
1213 21834 15922950846
1217 1217 231285929918
1217 2434 57821482479
1217 3651 38547654986
1217 4868 28910741239
1217 6085 23128592991
1217 7302 12849218328
1217 8519 20729720106
1217 9736 18664667160
1217 10953 12849218328
1217 12170 24069211501
1217 13387 22004118555
1217 14604 20264171956
1217 15821 8895612689
1217 17038 13925400937
1217 18255 13558280413
1217 19472 7227685309
1217 20689 6802527350
1217 21906 15908826946
1223 1223 230151248332
1223 2446 76619925072
1223 3669 51377580748
1223 4892 53599839730
1223 6115 33802674403
1223 7338 34492639106
1223 8561 32891630492
1223 9784 17942987626
1223 11007 25651324539
1223 12230 23286522620
1223 13453 14019954984
1223 14676 19156919663
1223 15899 17846866859
1223 17122 16712752130
1223 18345 15289615713
1223 19568 10750761116
1223 20791 13637117280
1223 22014 12778625586
1229 1229 229027645818
1229 2458 57256911454
1229 3687 38171274303
1229 4916 56191559060
1229 6145 28138400966
1229 7374 37275370737
1229 8603 20234658915
1229 9832 14314227863
1229 11061 24481459429
1229 12290 22020591424
1229 13519 21255637947
1229 14748 19108472558
1229 15977 14044391993
1229 17206 13204121900
1229 18435 15195504399
1229 19664 14362376411
1229 20893 13354212026
1229 22122 12476321520
1231 1231 228655545662
1231 2462 57163886415
1231 3693 40058171965
1231 4924 50305192089
1231 6155 34927647290
1231 7386 31390153310
1231 8617 32565737220
1231 9848 28018908604
1231 11079 18617408223
1231 12310 19482391070
1231 13541 20824936005
1231 14772 19105641019
1231 16003 17693563858
1231 17234 16250862419
1231 18465 15529298826
1231 19696 14305643755
1231 20927 13675883824
1231 22158 12551058456
1237 1237 227546464600
1237 2474 60199235448
1237 3711 65777480517
1237 4948 46909447689
1237 6185 24235111035
1237 7422 27996442301
1237 8659 16253318900
1237 9896 15702118612
1237 11133 12641470255
1237 12370 22665613839
1237 13607 11823485693
1237 14844 18735012629
1237 16081 8751787100
1237 17318 16448097821
1237 18555 15083376968
1237 19792 11903910891
1237 21029 10005162374
1237 22266 12971751781
1249 1249 225360269584
1249 2498 56340067396
1249 3747 37560044930
1249 4996 28170033698
1249 6245 29214359838
1249 7494 17430014272
1249 8743 18552161761
1249 9992 14085016849
1249 11241 25186349790
1249 12490 12422008282
1249 13739 16921981497
1249 14988 11170006784
1249 16237 8667702676
1249 17486 16641061810
1249 18735 5008005990
1249 19984 14827425157
1249 21233 12546799709
1249 22482 4173338325
1259 1259 223570275385
1259 2518 55892568846
1259 3777 37261712564
1259 5036 27946284423
1259 6295 22357027538
1259 7554 12420570854
1259 8813 15969305384
1259 10072 13973142211
1259 11331 25977316084
1259 12590 7452342512
1259 13849 10162285244
1259 15108 6210285427
1259 16367 8598856745
1259 17626 16948855964
1259 18885 4968228341
1259 20144 6986571105
1259 21403 6575596334
1259 22662 4140190284
1277 1277 220418932428
1277 2554 55104733107
1277 3831 36736488738
1277 5108 27552366553
1277 6385 23519372859
1277 7662 17079790110
1277 8939 19725564878
1277 10216 15253662893
1277 11493 12245496246
1277 12770 13430673955
1277 14047 15477877419
1277 15324 19983351637
1277 16601 17973121057
1277 17878 16417941745
1277 19155 8026615472
1277 20432 13938342772
1277 21709 13413211534
1279 1279 220074258569
1279 2558 55018564642
1279 3837 50973230204
1279 5116 47234314415
1279 6395 39674438865
1279 7674 28829596288
1279 8953 30379908247
1279 10232 27527173371
1279 11511 24463608736
1279 12790 21891099060
1279 14069 21176194194
1279 15348 18322911698
1279 16627 16992652824
1279 17906 15782109189
1279 19185 11636190877
1279 20464 6877320580
1279 21743 12802955164
1283 1283 219388134614
1283 2566 54847033653
1283 3849 36564689102
1283 5132 28269435555
1283 6415 22784732190
1283 7698 12188229700
1283 8981 31753100675
1283 10264 18549897576
1283 11547 24621107361
1283 12830 16989216146
1283 14113 15656245829
1283 15396 7785952308
1283 16679 17120432111
1283 17962 16610816878
1283 19245 6567129338
1283 20528 14014839309
1283 21811 13611552297
1289 1289 218366933057
1289 2578 54591733264
1289 3867 57211052967
1289 5156 39284630644
1289 6445 38364110133
1289 7734 31045564872
1289 9023 31261410502
1289 10312 13647933316
1289 11601 16716499583
1289 12890 21747230164
1289 14179 14510772987
1289 15468 17962409782
1289 16757 16957442612
1289 18046 16824966861
1289 19335 14663043518
1289 20624 13590666694
1289 21913 12795021805
1291 1291 218028641913
1291 2582 54507160478
1291 3873 36338106985
1291 5164 31136042342
1291 6455 22858848807
1291 7746 19877626534
1291 9037 16629459038
1291 10328 28091836258
1291 11619 17051149047
1291 12910 15032545603
1291 14201 10966377430
1291 15492 18322888416
1291 16783 16924095506
1291 18074 16816912310
1291 19365 16492130619
1291 20656 7869379675
1291 21947 13545538419
1297 1297 217020028304
1297 2594 54255007076
1297 3891 36170004717
1297 5188 27127503538
1297 6485 41581893835
1297 7782 12056668239
1297 9079 15501430593
1297 10376 27140158349
1297 11673 24412027176
1297 12970 7234000943
1297 14267 14668438465
1297 15564 18517495747
1297 16861 16554371923
1297 18158 5167143531
1297 19455 14430450743
1297 20752 13957028228
1297 22049 12397942948
1301 1301 216352787633
1301 2602 54088196908
1301 3903 64973640973
1301 5204 46856385782
1301 6505 23225135489
1301 7806 28965183656
1301 9107 17043627271
1301 10408 14782108083
1301 11709 24316285686
1301 13010 21594854271
1301 14311 11094276475
1301 15612 18037151611
1301 16913 9911117788
1301 18214 10851088012
1301 19515 14311546683
1301 20816 13419626065
1301 22117 7623376139
1303 1303 216020703538
1303 2606 60337381859
1303 3909 41850476863
1303 5212 36825629743
1303 6515 32265835603
1303 7818 19481027848
1303 9121 30976554425
1303 10424 15102903491
1303 11727 24362494421
1303 13030 21835022903
1303 14333 11079181744
1303 15636 18445248288
1303 16939 16476151032
1303 18242 16006820902
1303 19545 7320577790
1303 20848 13803458599
1303 22151 13539291941
1307 1307 215359584323
1307 2614 53839896080
1307 3921 35893264053
1307 5228 53722580630
1307 6535 21535958432
1307 7842 35749907158
1307 9149 15382827451
1307 10456 13459974020
1307 11763 11964421351
1307 13070 21580593838
1307 14377 9789072014
1307 15684 18026324631
1307 16991 8283060935
1307 18298 5127609150
1307 19605 14618257535
1307 20912 14008179266
1307 22219 6334105421
1319 1319 213400285603
1319 2638 53350071400
1319 3957 35566714267
1319 5276 53317035347
1319 6595 21340028560
1319 7914 35501646658
1319 9233 15242877543
1319 10552 13337517850
1319 11871 11855571422
1319 13190 21334431111
1319 14509 19705223349
1319 15828 17793188925
1319 17147 8207703292
1319 18466 5080959181
1319 19785 14217236331
1319 21104 6668758925
1319 22423 13554671244
1321 1321 213077196601
1321 2642 53269299150
1321 3963 38206892628
1321 5284 53258415874
1321 6605 24001746188
1321 7926 35673979835
1321 9247 16469338252
1321 10568 26675099545
1321 11889 15781187056
1321 13210 21230268896
1321 14531 13628892141
1321 15852 17785777959
1321 17173 16961469026
1321 18494 15315106805
1321 19815 14070210369
1321 21136 13422053259
1321 22457 6266976370
1327 1327 212113772954
1327 2654 53028443238
1327 3981 35352295492
1327 5308 26514221619
1327 6635 21211377295
1327 7962 16962463977
1327 9289 17740166522
1327 10616 13257110809
1327 11943 23807645603
1327 13270 12248824578
1327 14597 12230717874
1327 15924 5892049248
1327 17251 8158222036
1327 18578 16564645083
1327 19905 4713639398
1327 21232 6628555404
1327 22559 13255857815
1361 1361 206814824915
1361 2722 51703706228
1361 4083 34469137485
1361 5444 27111911970
1361 6805 20681482491
1361 8166 16730098701
1361 9527 14772487493
1361 10888 26482671787
1361 12249 23309878818
1361 13610 12134213703
1361 14971 19040987997
1361 16332 8264973959
1361 17693 11834668301
1361 19054 12684666415
1361 20415 9836271204
1361 21776 13593680065
1367 1367 205907078793
1367 2734 51476769698
1367 4101 34317846465
1367 5468 25738384849
1367 6835 28410273176
1367 8202 22168413453
1367 9569 30105322962
1367 10936 25989924570
1367 12303 22954822176
1367 13670 11773568589
1367 15037 17178977969
1367 16404 5719641077
1367 17771 15532719726
1367 19138 16528303665
1367 20505 9485712158
1367 21872 13712788468
1373 1373 205007266358
1373 2746 53067241572
1373 4119 42474064337
1373 5492 26186039706
1373 6865 41328284915
1373 8238 17691266417
1373 9611 29783663038
1373 10984 23709996267
1373 12357 22393686002
1373 13730 16766399353
1373 15103 18767945493
1373 16476 17539987158
1373 17849 15881513256
1373 19222 8511975355
1373 20595 11977953696
1373 21968 13012419205
1381 1381 203819679008
1381 2762 50954919752
1381 4143 33969946501
1381 5524 25477459876
1381 6905 26739362154
1381 8286 22216656680
1381 9667 14558548500
1381 11048 12738729938
1381 12429 17680709754
1381 13810 8615436628
1381 15191 18607554892
1381 16572 17181105900
1381 17953 7839218423
1381 19334 4852849500
1381 20715 15482277359
1381 22096 13378627539
1399 1399 201197267126
1399 2798 70495575469
1399 4197 47941506906
1399 5596 39558287442
1399 6995 40215823491
1399 8394 33526167479
1399 9793 14371233366
1399 11192 25060374290
1399 12591 22289828552
1399 13990 20001351182
1399 15389 9145330323
1399 16788 16958404114
1399 18187 15430983284
1399 19586 4790411122
1399 20985 13381731465
1399 22384 12692457286
1409 1409 199769323428
1409 2818 49942330857
1409 4227 33294887238
1409 5636 24971165428
1409 7045 19976932342
1409 8454 11098295746
1409 9863 14269237387
1409 11272 12485582714
1409 12681 22363564970
1409 14090 6658977447
1409 15499 9080423792
1409 16908 5549147873
1409 18317 16439107389
1409 19726 4756412462
1409 21135 16065072468
1409 22544 6242791357
1423 1423 197803918981
1423 2846 49450979745
1423 4269 32967319830
1423 5692 49440355409
1423 7115 39974364117
1423 8538 32960992742
1423 9961 25052358384
1423 11384 24859100323
1423 12807 21912613639
1423 14230 19981899150
1423 15653 18166932347
1423 17076 16509605387
1423 18499 15120815824
1423 19922 13958118304
1423 21345 13451672051
1423 22768 6181372468
1427 1427 197249458101
1427 2854 49312364525
1427 4281 35721626529
1427 5708 49278989534
1427 7135 39508818259
1427 8562 32769211055
1427 9989 14089247007
1427 11416 24674334025
1427 12843 14861004689
1427 14270 19623499521
1427 15697 8965884459
1427 17124 16582793469
1427 18551 11489219081
1427 19978 12501818593
1427 21405 13156354463
1429 1429 196973391679
1429 2858 49243347919
1429 4287 32828898613
1429 5716 24621673959
1429 7145 19697339167
1429 8574 34781085482
1429 10003 14069527977
1429 11432 16092195622
1429 12861 14724324847
1429 14290 6565779722
1429 15719 18692543439
1429 17148 13034200388
1429 18577 11357258322
1429 20006 16315596829
1429 21435 16002940651
1433 1433 196423570628
1433 2866 49105892657
1433 4299 32737261771
1433 5732 24552946328
1433 7165 39836329281
1433 8598 32521772863
1433 10031 14030255044
1433 11464 24709350825
1433 12897 22177689814
1433 14330 19906458762
1433 15763 18933554487
1433 17196 5456210295
1433 18629 7554752716
1433 20062 4676751681
1433 21495 13232702298
1439 1439 195604570334
1439 2878 56112712814
1439 4317 62706876005
1439 5756 45922666038
1439 7195 26772027264
1439 8634 32491564584
1439 10073 28053244363
1439 11512 12225285645
1439 12951 10866920574
1439 14390 19470665472
1439 15829 8891116833
1439 17268 16333350293
1439 18707 15148738853
1439 20146 16283005844
1439 21585 13128085019
1447 1447 194523135252
1447 2894 48630783813
1447 4341 32420522542
1447 5788 24315391906
1447 7235 19452313525
1447 8682 10806840847
1447 10129 13894509660
1447 11576 12157695953
1447 13023 22072110071
1447 14470 6484104508
1447 15917 8841960693
1447 17364 17029174593
1447 18811 16237330921
1447 20258 16257257390
1447 21705 4322736338
1451 1451 193986889531
1451 2902 48496722382
1451 4353 33057834831
1451 5804 25497899686
1451 7255 39222131224
1451 8706 14729499560
1451 10157 15832431466
1451 11608 14100405666
1451 13059 10777049418
1451 14510 10418679793
1451 15961 18024699982
1451 17412 7887601699
1451 18863 15408089451
1451 20314 14812157205
1451 21765 8263269909
1453 1453 193719873854
1453 2906 58843506762
1453 4359 59361423634
1453 5812 43169227029
1453 7265 38717068177
1453 8718 32008921648
1453 10171 13837133846
1453 11624 12107492115
1453 13077 22027484438
1453 14530 19481856666
1453 15983 17664378042
1453 17436 16330570763
1453 18889 14818218654
1453 20342 16238132118
1453 21795 12854298113
1459 1459 192923219129
1459 2918 48230804782
1459 4377 32153869854
1459 5836 24115402391
1459 7295 19292321912
1459 8754 10717956618
1459 10213 13780229937
1459 11672 24490578856
1459 13131 10717956618
1459 14590 20987158482
1459 16049 8769237233
1459 17508 5358978309
1459 18967 7420123812
1459 20426 4593409979
1459 21885 4287182647
1471 1471 191349406329
1471 2942 79092086585
1471 4413 53265034544
1471 5884 41802337583
1471 7355 32600680361
1471 8826 27648117787
1471 10297 28280544583
1471 11768 11959337895
1471 13239 21895791797
1471 14710 19348840598
1471 16181 18702910655
1471 17652 16009628414
1471 19123 7359592551
1471 20594 4555938245
1471 22065 12510354914
1481 1481 190057377927
1481 2962 47514344481
1481 4443 31676229654
1481 5924 23757172240
1481 7405 38016109454
1481 8886 31664420811
1481 10367 13575526994
1481 11848 24311463781
1481 13329 10558743218
1481 14810 18796148785
1481 16291 8638971723
1481 17772 5279371609
1481 19253 16065571024
1481 20734 16150929834
1481 22215 12775266639
1483 1483 189801063189
1483 2966 57361770404
1483 4449 56284957472
1483 5932 40638722497
1483 7415 37954210449
1483 8898 25170979738
1483 10381 27060336082
1483 11864 21774071056
1483 13347 21090380179
1483 14830 18986959517
1483 16313 17360263694
1483 17796 15720677162
1483 19279 14652197513
1483 20762 13621587148
1483 22245 12381048154
1487 1487 189290502159
1487 2974 47322625539
1487 4461 31548417026
1487 5948 23661312769
1487 7435 38332543073
1487 8922 10516139008
1487 10409 13520750154
1487 11896 11830656384
1487 13383 10516139008
1487 14870 6309683405
1487 16357 18260310219
1487 17844 5258069504
1487 19331 16036075802
1487 20818 4506916718
1487 22305 4206455603
1489 1489 189036250309
1489 2978 47259062577
1489 4467 33420388648
1489 5956 28258731884
1489 7445 38029169048
1489 8934 15931721238
1489 10423 15416936237
1489 11912 11814765644
1489 13401 12416360836
1489 14890 19140868227
1489 16379 17483922333
1489 17868 16897243567
1489 19357 9985478677
1489 20846 13651869174
1489 22335 8029499422
1493 1493 188529790161
1493 2986 47132447540
1493 4479 31421631693
1493 5972 23566223770
1493 7465 38256471874
1493 8958 10473877231
1493 10451 13466413582
1493 11944 11783111885
1493 13437 21739146455
1493 14930 20840710850
1493 16423 8569535916
1493 17916 16862692785
1493 19409 15617026467
1493 20902 4488804527
1493 22395 4189550892
1499 1499 187775167919
1499 2998 58337389498
1499 4497 38977710071
1499 5996 27183644756
1499 7495 37541377668
1499 8994 31511498393
1499 10493 26969257224
1499 11992 23492176059
1499 13491 20886599482
1499 14990 18867302156
1499 16489 8535234905
1499 17988 12639474420
1499 19487 14615383730
1499 20986 4470837331
1499 22485 12309540211
1511 1511 186283902521
1511 3022 93143476745
1511 4533 62119848265
1511 6044 46460343075
1511 7555 18628390252
1511 9066 31035851025
1511 10577 26862738267
1511 12088 11642743907
1511 13599 10349105695
1511 15110 18428148911
1511 16621 17223121987
1511 18132 15739222035
1511 19643 7164765481
1511 21154 4435331012
1511 22665 12314621990
1523 1523 184816137039
1523 3046 46204034259
1523 4569 61609641429
1523 6092 46196822982
1523 7615 18481613703
1523 9138 30779596001
1523 10661 26757897875
1523 12184 23983886225
1523 13707 21532832392
1523 15230 6160537901
1523 16753 8400733501
1523 18276 15459110560
1523 19799 15636043714
1523 21322 16026138385
1531 1531 183850409347
1531 3062 82482869947
1531 4593 52911246541
1531 6124 45250812818
1531 7655 18385040934
1531 9186 30492938372
1531 10717 26688917326
1531 12248 11490650584
1531 13779 21479180854
1531 15310 20684731490
1531 16841 8356836788
1531 18372 15573843399
1531 19903 14349361846
1531 21434 4377390698
1543 1543 182420594109
1543 3086 45605148527
1543 4629 30403432351
1543 6172 45496969920
1543 7715 18242059410
1543 9258 30544046568
1543 10801 13030042436
1543 12344 11401287131
1543 13887 10134477450
1543 15430 6080686470
1543 16973 8291845186
1543 18516 15410714963
1543 20059 7016176696
1543 21602 4343347478
1549 1549 181713994003
1549 3098 77578750685
1549 4647 47339352225
1549 6196 32300089768
1549 7745 18171399400
1549 9294 30330112031
1549 10843 12979571000
1549 12392 23790002286
1549 13941 10095221889
1549 15490 6057133133
1549 17039 17015398873
1549 18588 14976117928
1549 20137 15527250881
1549 21686 4326523666
1553 1553 181245960534
1553 3106 45311490133
1553 4659 30207660089
1553 6212 22655745066
1553 7765 18124596053
1553 9318 32599758477
1553 10871 26502885268
1553 12424 23760750194
1553 13977 10069220029
1553 15530 6041532017
1553 17083 16994124624
1553 18636 5034610014
1553 20189 6970998482
1553 21742 15941134182
1559 1559 180548413541
1559 3118 46304711822
1559 4677 32806255922
1559 6236 22568551692
1559 9354 15460174750
1559 10913 12896315252
1559 12472 23605529686
1559 14031 20760735161
1559 15590 13783204657
1559 17149 16713420760
1559 18708 16598875757
1559 20267 10826631854
1559 21826 13215393803
1567 1567 179626660313
1567 3134 44906665078
1567 4701 29937776718
1567 6268 22453332539
1567 7835 17962666031
1567 9402 9979258906
1567 12536 11226666269
1567 14103 9979258906
1567 17237 16920520069
1567 18804 4989629453
1567 20371 6908717704
1567 21938 4276825245
1571 1571 179169304080
1571 3142 44792326020
1571 4713 29861550680
1571 6284 22396163010
1571 7855 17916930408
1571 9426 9953850226
1571 10997 26354552664
1571 12568 11198081505
1571 14139 9953850226
1571 15710 20528694648
1571 17281 8144059276
1571 18852 16602679283
1571 20423 14169319336
1571 21994 15891689981
1579 1579 178261543198
1579 3158 89184674454
1579 4737 59405407596
1579 6316 44686555609
1579 7895 26404266126
1579 9474 29923482746
1579 11053 21311079178
1579 12632 11141346449
1579 14211 12536342674
1579 15790 18187547969
1579 17369 16401960293
1579 18948 14759483666
1579 20527 13416834963
1579 22106 15511099708
1583 1583 177811103417
1583 3166 87106001639
1583 4749 58578856349
1583 6332 43606824593
1583 7915 17781110341
1583 9498 29727812887
1583 11081 25737118597
1583 12664 22313709338
1583 14247 19682825797
1583 15830 18154469114
1583 17413 16407595054
1583 18996 14640251845
1583 20579 6838888592
1583 22162 12016586102
1597 1597 176252333569
1597 3194 45186950961
1597 4791 58763516167
1597 6388 44039336956
1597 7985 35904858645
1597 9582 29350129199
1597 11179 26078314674
1597 12776 22213157119
1597 14373 10915663878
1597 15970 5875077785
1597 17567 9135337276
1597 19164 14896464418
1597 20761 7902803475
1597 22358 14508652209
1601 1601 175811977957
1601 3202 43952994489
1601 4803 29301996326
1601 6404 44059465046
1601 8005 17581197795
1601 9606 29087920980
1601 11207 26114743655
1601 12808 22253517846
1601 14409 9767332108
1601 16010 5860399265
1601 17611 7991453543
1601 19212 14510768886
1601 20813 14040191408
1601 22414 4185999475
1607 1607 175155554891
1607 3214 43788888722
1607 4821 29192592481
1607 6428 21894444361
1607 8035 35104217466
1607 9642 9730864160
1607 11249 12511111063
1607 12856 10947222180
1607 14463 19736074528
1607 16070 20407067454
1607 17677 7961616131
1607 19284 16491186250
1607 20891 14027108813
1607 22498 15610502338
1609 1609 174937835121
1609 3218 43734458780
1609 4827 31962205079
1609 6436 43619355964
1609 8045 17493783512
1609 9654 29296705630
1609 11263 12495559651
1609 12872 13739513921
1609 14481 19577621366
1609 16090 5831261170
1609 17699 16707391651
1609 19308 14580639346
1609 20917 9534277499
1609 22526 9776985002
1613 1613 174504015319
1613 3226 80336828727
1613 4839 51162956916
1613 6452 43630132558
1613 8065 17450401531
1613 9678 29198594867
1613 11291 25953434799
1613 12904 10906500957
1613 14517 9694667517
1613 16130 5816800510
1613 17743 7932000696
1613 19356 14478099174
1613 20969 6711692896
1613 22582 15161792054
1619 1619 173857304947
1619 3238 86986764795
1619 4857 57884755240
1619 6476 43580539922
1619 8095 17385730494
1619 9714 29193956551
1619 11333 12418378924
1619 12952 10866081559
1619 14571 9658739163
1619 16190 20148015780
1619 17809 7902604770
1619 19428 14705310111
1619 21047 6686819421
1621 1621 173642798711
1621 3242 44498388113
1621 4863 31573390059
1621 6484 21705349838
1621 8105 34952941848
1621 9726 14912669366
1621 11347 25293586952
1621 12968 10852674919
1621 14589 9646822150
1621 16210 13229317378
1621 17831 7892854486
1621 19452 16032082857
1621 21073 13748220243
1621 22694 4134352350
1627 1627 173002444198
1627 3254 43250611049
1627 4881 57682865285
1627 6508 43162852164
1627 8135 17300244419
1627 9762 28655239539
1627 11389 12357317442
1627 13016 10812652762
1627 14643 19616457267
1627 16270 19390914409
1627 17897 16619419336
1627 19524 14560294468
1627 21151 6653940161
1627 22778 4119105814
1637 1637 171945618027
1637 3274 74603203869
1637 4911 45745917447
1637 6548 31577867708
1637 8185 17194561802
1637 9822 28859281198
1637 11459 12281829859
1637 14733 19557744702
1637 16370 17357274770
1637 18007 7815709910
1637 19644 14560218652
1637 21281 6613293001
1657 1657 169870233379
1657 4971 56675540459
1657 6628 42404018357
1657 8285 16987023337
1657 9942 28110064415
1657 14913 9437235187
1657 16570 5662341112
1657 18227 7721374244
1657 19884 14183377854
1657 21541 6533470514
1663 4989 56471589503
1663 6652 42202219193
1663 8315 17652421796
1663 9978 28357419675
1663 11641 12089810871
1663 13304 10578584512
1663 14967 10129872809
1663 16630 7095284892
1663 18293 8420202585
1663 19956 14244798599
1663 21619 13752289697
1667 1667 168851215783
1667 3334 84534584085
1667 5001 56368472360
1667 6668 42196556722
1667 8335 16885121578
1667 10002 27906334817
1667 11669 12060801127
1667 13336 10553200986
1667 16670 5628373859
1667 20004 14278930121
1667 21671 13772469786
1669 1669 168648877597
1669 3338 42162219399
1669 5007 28108146266
1669 6676 42176006665
1669 8345 34453549736
1669 10014 27895269562
1669 11683 24479226060
1669 13352 10540554849
1669 15021 9369382088
1669 16690 5621629253
1669 18359 16421529945
1669 20028 13959112647
1669 21697 6486495292
1693 1693 166258107921
1693 3386 41564526980
1693 5079 28620408317
1693 6772 22259743107
1693 8465 33641100369
1693 10158 9236561551
1693 11851 14263782418
1693 13544 21656400969
1693 15237 11624764832
1693 16930 10318343492
1693 18623 15174193810
1693 20316 7573240009
1693 22009 13511590113
1697 1697 165866220807
1697 3394 41466555201
1697 5091 27644370134
1697 6788 20733277600
1697 8485 34175284057
1697 10182 29225210780
1697 11879 11847587200
1697 13576 21631908024
1697 15273 19220000412
1697 16970 5528874026
1697 18667 16295045546
1697 20364 4607395022
1697 22061 6379470031
1699 1699 165670969223
1699 3398 41417742305
1699 5097 27611828203
1699 6796 20708871152
1699 8495 16567096922
1699 10194 9203942734
1699 11893 24266518319
1699 13592 10354435576
1699 15291 9203942734
1699 18689 7530498601
1699 20388 4601971367
1699 22087 6371960354
1709 1709 164701566243
1709 3418 77390257873
1709 5127 50025173988
1709 6836 41074249192
1709 10254 27517566197
1709 11963 11764397588
1709 13672 10293847890
1709 17090 5490052208
1709 20508 13663516020
1721 8605 16355315323
1721 12047 11682368087
1721 13768 10222072076
1721 18931 7434234237
1723 1723 163363306274
1723 3446 77070138591
1723 5169 49787684950
1723 6892 40858527929
1723 8615 16336330627
1723 10338 27357009213
1723 12061 11668807591
1723 13784 10210206642
1723 20676 13591814550
1733 1733 162420644380
1733 3466 81340415225
1733 5199 54156953540
1733 6932 40626485510
1733 10398 27048160900
1733 12131 11601474598
1733 13864 21324109078
1733 15597 19028579500
1733 17330 5414021479
1733 19063 7382756562
1733 20796 13676232261
1733 22529 13525140116
1741 1741 161674311723
1741 3482 76597441930
1741 5223 49556633881
1741 6964 40443038338
1741 8705 16167431172
1741 10446 27192999716
1741 12187 11548165123
1741 13928 10104644482
1741 15669 8981906206
1741 17410 5389143724
1741 19151 7348832351
1741 20892 13376676351
1741 22633 6218242758
1747 1747 161119047916
1747 3494 48062787335
1747 5241 53796615298
1747 6988 40183595049
1747 8735 16111904791
1747 10482 8951058217
1747 12229 23114891366
1747 13976 17852965850
1747 15723 8951058217
1747 17470 5370634930
1747 19217 14724823102
1747 20964 13285876142
1747 22711 12202672374
1753 3506 76343248094
1753 5259 49349691632
1753 7012 40149601048
1753 10518 26638583735
1753 15777 8920421395
1753 17530 5352252837
1753 19283 7298526596
1753 21036 13254600301
1759 3518 40004971107
1759 5277 53255952562
1759 7036 40046111572
1759 8795 16001988442
1759 10554 26869614507
1759 14072 10001242776
1759 19349 7273631110
1759 21108 13259616678
1777 1777 158398973950
1777 3554 39599743487
1777 5331 52698441785
1777 7108 39613387188
1777 10662 26489688299
1777 14216 9899935871
1777 15993 8799942997
1777 19547 7199953361
1777 21324 13150811842
1811 1811 155425166598
1811 3622 77682892202
1811 5433 51697620684
1811 7244 38840138570
1811 10866 25996129641
1811 12677 11101797614
1811 16299 8634731477
1811 18110 5180838886
1811 21732 13020362034
1823 3646 73182096157
1823 5469 49941879645
1823 7292 36113646902
1823 9115 15440207170
1823 10938 23367519050
1823 12761 11028719407
1823 20053 7018275986
1823 21876 12977339682
1847 1847 152395764326
1847 3694 76234597535
1847 5541 50910329106
1847 7388 38156962835
1847 11082 25455539825
1847 14776 9524735270
1847 18470 5079858810
1847 20317 6927080196
1847 22164 12658653901
1871 1871 150440928225
1871 3742 72281486315
1871 5613 49192013039
1871 7484 35534636847
1871 9355 15044092822
1871 11226 23135837711
1871 13097 10745780587
1871 16839 8357829345
1871 20581 6838224010
1871 22452 12550858538
1877 1877 149960030213
1877 3754 73044622210
1877 5631 48228502972
1877 7508 37494300920
1877 9385 14996003021
1877 11262 24848580044
1877 13139 10711430729
1877 15016 9372501888
1877 18770 4998667673
1877 22524 12525094785
1879 9395 14980041336
1879 11274 8322245186
1879 13153 10700029525
1879 15032 9362525835
1879 16911 8322245186
1907 1907 147600931678
1907 3814 73809673961
1907 5721 49333545301
1907 7628 18450116459
1907 11442 24818393387
1907 13349 10542923691
1907 15256 9225058229
1907 17163 8200051759
1907 20977 6709133258
1933 1933 145615611335
1933 3866 36403902833
1933 5799 24269268555
1933 9665 14561561133
1933 13531 10401115095
1933 15464 9100975708
1949 1949 144420203545
1949 3898 36105050886
1949 5847 24070033924
1949 7796 18052525443
1949 9745 14442020354
1949 11694 25534688387
1949 13643 10315728824
1949 15592 9026262721
1949 17541 16779016514
1949 19490 4814006784
1949 21439 6564554706
1951 1951 144272156181
1951 3902 36068039045
1951 5853 24045359363
1951 7804 36523206111
1951 9755 14427215618
1951 11706 8015119787
1951 13657 10305154012
1951 17559 16770791660
1951 19510 4809071872
1951 21461 6557825280
1979 3958 35557728235
1979 5937 23705152156
1979 7916 17778864117
1979 9895 14223091294
1979 15832 8889432058
1979 21769 6465041497
1987 1987 141658267091
1987 3974 35414566772
1987 7948 17707283386
1987 11922 7869903727
1987 13909 10118447649
1987 21857 6439012140
1997 9985 14094891172
1997 11982 7830495095
1997 13979 10067779408
1997 15976 8809306982
1997 17973 7830495095
1997 19970 4698297057
1997 21967 6406768714
2003 2003 140526698307
2003 4006 35131674576
2003 6009 47392937086
2003 8012 17565837288
2003 10015 14052669830
2003 12018 7807038794
2003 14021 10037621307
2003 16024 8782918644
2003 20030 16309977446
2003 22033 13665769451
2011 2011 139967666191
2011 4022 69999061723
2011 6033 46567900013
2011 12066 23124505046
2011 14077 9997690442
2011 16088 8747979136
2011 20110 4665588873
2011 22121 6362166645
2017 2017 139551302285
2017 4034 34887825571
2017 6051 23258550380
2017 10085 13955130228
2017 14119 9967950163
2017 16136 8721956392
2017 20170 4651710076
2029 10145 13872596190
2029 14203 9908997279
2029 16232 8670372619
2029 20290 4624198730
2029 22319 6305725541
2063 4126 34109909926
2063 6189 22739939950
2063 8252 17054954963
2063 10315 13643963970
2063 14441 9745688550
2063 18567 7579979983
2063 20630 4547987990
2087 2087 134870616536
2087 4174 33717654134
2087 8348 16858827067
2087 10435 13487061653
2087 12522 7492812029
2087 14609 9633615466
2087 16696 8429413533
2087 20870 4495687217
2089 8356 16842686495
2089 10445 13474149196
2089 14623 9624392283
2089 16712 8421343247
2089 18801 7485638442
2131 10655 13208586424
2131 12786 7338103569
2131 14917 9434704589
2131 17048 8255366515
2131 19179 7338103569
2131 21310 4402862141
2143 2143 131346232716
2143 4286 32836558179
2143 6429 21891038786
2143 8572 16418279089
2143 10715 13134623271
2143 15001 9381873765
2143 17144 8209139544
2273 2273 123834129657
2273 4546 61817772197
2273 6819 41264854320
2273 9092 15479266207
2273 11365 12383412965
2273 13638 20629128289
2273 15911 8845294975
2273 20457 6879673869
2273 22730 4127804321
2357 2357 119420864111
2357 9428 14927608013
2357 11785 11942086411
2357 14142 6634492450
2357 16499 8530061722
2357 21213 6634492450
