# A101877 lower-bound certificate: n K F  then lines  p x lambda  (sum over p of lambda <= floor(2^F/x))
9 8497 48
2 2048 137438953472
2 6144 22906492245
2 1024 274877906944
2 3072 45812984491
2 5120 27487790694
2 7168 19634136210
2 512 549755813888
2 1536 91625968981
2 2560 54975581389
2 3584 43259315234
2 4608 61445279423
2 5632 45835385787
2 6656 40255817894
2 7680 35953072346
2 256 1099511627776
2 768 183251937963
2 1280 109951162778
2 1792 78536544841
2 2304 61083979321
2 2816 49977801263
2 3328 42288908761
2 3840 24433591729
2 4352 32338577288
2 4864 28934516520
2 5376 32625327736
2 5888 23902426691
2 6400 34609727745
2 6912 28118271846
2 7424 30331178175
2 7936 19305065633
2 8448 29325248423
2 128 2199023255552
2 384 366503875925
2 640 219902325555
2 896 157073089682
2 1152 122167958642
2 1408 99955602525
2 1664 84577817521
2 1920 48867183458
2 2176 64677154575
2 2432 57869033041
2 2688 34905131041
2 2944 47804853382
2 3200 43980465111
2 3456 40722652881
2 3712 37914194061
2 3968 35468117025
2 4224 26384552676
2 4480 29347118042
2 4736 29716530480
2 4992 26699236722
2 5248 26817356775
2 5504 25570037855
2 5760 23537992730
2 6016 26082768020
2 6272 25071229532
2 6528 27242496560
2 6784 22020222662
2 7040 30172580368
2 7296 26780706232
2 7552 24957344757
2 7808 21533997345
2 8064 27894501056
2 8320 26524314332
2 64 4398046511104
2 192 733007751851
2 320 439804651110
2 448 314146179365
2 576 244335917284
2 704 199911205050
2 832 169155635042
2 960 97734366914
2 1088 129354309150
2 1216 115738066082
2 1344 69810262081
2 1472 95609706763
2 1600 87960930222
2 1728 81445305761
2 1856 75828388122
2 1984 70936234050
2 2112 44424712234
2 2240 41886157249
2 2368 59433060961
2 2496 37590141121
2 2624 53634713550
2 2752 51140075711
2 2880 32578122305
2 3008 46787728842
2 3136 44878025624
2 3264 28745402034
2 3392 41491004822
2 3520 26654827340
2 3648 25719570241
2 3776 37271580603
2 3904 36049561566
2 4032 23270087361
2 4160 22554084672
2 4288 32821242620
2 4416 21246601504
2 4544 23770102823
2 4672 30123606240
2 4800 19546873384
2 4928 19039162387
2 5056 27835737412
2 5184 27148435254
2 5312 26494256091
2 5440 17247241220
2 5568 16850752916
2 5696 19756369895
2 5824 16110060480
2 5952 15763607568
2 6080 15431742144
2 6208 14031036475
2 6336 14808237411
2 6464 7308787697
2 6592 -3548765249
2 6720 10471539312
2 6848 16470214661
2 6976 20174525280
2 7104 6025201707
2 7232 11342421549
2 7360 12009996984
2 7488 12530047040
2 7616 12319458014
2 7744 13966093085
2 7872 5305208514
2 8000 3608036621
2 8128 3601790637
2 8256 14286465409
2 8384 10193170280
2 32 8796093022208
2 96 1466015503701
2 160 879609302221
2 224 628292358729
2 288 488671834567
2 352 399822410100
2 416 338311270085
2 480 195468733828
2 544 258708618300
2 608 231476132163
2 672 139620524162
2 736 191219413526
2 800 175921860444
2 864 162890611522
2 928 151656776245
2 992 141872468100
2 1056 88849424468
2 1120 83772314497
2 1184 118866121922
2 1248 75180282241
2 1312 107269427100
2 1376 102280151421
2 1440 65156244610
2 1504 93575457683
2 1568 89756051247
2 1632 57490804068
2 1696 82982009643
2 1760 53309654680
2 1824 51439140482
2 1888 74543161205
2 1952 72099123133
2 2016 46540174722
2 2080 45108169345
2 2144 65642485240
2 2208 42493203007
2 2272 61944317058
2 2336 60247212481
2 2400 39093746766
2 2464 38078324772
2 2528 55671474824
2 2592 54296870507
2 2656 52988512182
2 2720 34494482440
2 2784 33701505832
2 2848 49416252934
2 2912 32220120961
2 2976 31527215134
2 3040 30863484289
2 3104 45340685681
2 3168 29616474822
2 3232 43545014961
2 3296 42699480690
2 3360 20943078625
2 3424 41103238422
2 3488 40349050561
2 3552 26414693761
2 3616 38920765585
2 3680 25495921804
2 3744 25060094081
2 3808 24638916029
2 3872 36347491827
2 3936 23837650468
2 4000 35184372089
2 4064 34630287489
2 4128 22728922538
2 4192 30978696303
2 4256 22045345920
2 4320 21718748204
2 4384 27755905697
2 4448 567512388
2 4512 20794546153
2 4576 20503713339
2 4640 20220903499
2 4704 19945789166
2 4768 26955318064
2 4832 14869881771
2 4896 19163601356
2 4960 17464473489
2 5024 28013035103
2 5088 18440446588
2 5152 18211372718
2 5216 8798707411
2 5280 13327413670
2 5344 26335607851
2 5408 21939815494
2 5472 17146380160
2 5536 19860450539
2 5600 16754462900
2 5664 12408304124
2 5728 13948297393
2 5792 16175970222
2 5856 10237762216
2 5920 15848816256
2 5984 15679310200
2 6048 15513391574
2 6112 23026421524
2 6176 18830585341
2 6240 11277042336
2 6304 18523600299
2 6368 -1204783571
2 6432 10348622793
2 6496 14443502500
2 6560 14302590280
2 6624 14164401003
2 6688 14028856496
2 6752 16723657542
2 6816 972783137
2 6880 9762549650
2 6944 13511663629
2 7008 281388444
2 7072 13267108632
2 7136 19722181664
2 7200 13031248923
2 7264 -3167798
2 7328 8452223782
2 7392 9519581195
2 7456 3918962236
2 7520 12476727691
2 7584 5341553835
2 7648 -68844499
2 7712 2659725603
2 7776 10270901965
2 7840 7802090658
2 7904 11870570880
2 7968 5135816793
2 8032 17522097654
2 8096 11589055365
2 8160 8623620610
2 8224 -4551942403
2 8288 7086492262
2 8352 11233835278
2 8416 14387823693
2 8480 187333625
2 16 17592186044416
2 48 2932031007403
2 80 1759218604442
2 112 1256584717458
2 144 977343669134
2 176 799644820201
2 208 676622540170
2 240 390937467655
2 272 517417236600
2 304 462952264327
2 336 279241048324
2 368 382438827053
2 400 351843720888
2 432 325781223045
2 464 303313552490
2 496 283744936200
2 528 177698848934
2 560 167544628995
2 592 237732243843
2 624 150360564482
2 656 214538854200
2 688 204560302842
2 720 130312489219
2 752 187150915366
2 784 179512102494
2 816 114981608134
2 848 165964019287
2 880 106619309360
2 912 102878280962
2 944 149086322410
2 976 144198246266
2 1008 93080349442
2 1040 90216338689
2 1072 131284970481
2 1104 84986406013
2 1136 123888634116
2 1168 120494424962
2 1200 78187493532
2 1232 76156649544
2 1264 111342949648
2 1296 108593741015
2 1328 105977024364
2 1360 68988964880
2 1392 67403011665
2 1424 98832505868
2 1456 64440241922
2 1488 63054430268
2 1520 61726968578
2 1552 90681371363
2 1584 59232949645
2 1616 87090029923
2 1648 85398961381
2 1680 41886157250
2 1712 82206476843
2 1744 80698101121
2 1776 52829387522
2 1808 77841531170
2 1840 50991843607
2 1872 50120188162
2 1904 49277832057
2 1936 72694983655
2 1968 47675300934
2 2000 70368744178
2 2032 69260574978
2 2064 45457845076
2 2096 67145748261
2 2128 44090691841
2 2160 43437496407
2 2192 64205058556
2 2224 63281244764
2 2256 41589092304
2 2288 41007426678
2 2320 40441806999
2 2352 39891578332
2 2384 56403946657
2 2416 58252271670
2 2448 38327202711
2 2480 37832658160
2 2512 56026070205
2 2544 36880893176
2 2576 36422745434
2 2608 53963760872
2 2640 26654827340
2 2672 52671215702
2 2704 52047887705
2 2736 34292760321
2 2768 50844468336
2 2800 33508925800
2 2832 33130293870
2 2864 49140184482
2 2896 44617494395
2 2928 32044054727
2 2960 31697632513
2 2992 31358620400
2 3024 31026783147
2 3056 46052843048
2 3088 45575611514
2 3120 22554084673
2 3152 44650218387
2 3184 44201472473
2 3216 29174437885
2 3248 28887004999
2 3280 28605180560
2 3312 28328802005
2 3344 28057712990
2 3376 41687644655
2 3408 27530807581
2 3440 27274707046
2 3472 27023327257
2 3504 22721996647
2 3536 26534217262
2 3568 39444363328
2 3600 26062497844
2 3632 25932041451
2 3664 38410886560
2 3696 19039162387
2 3728 33860162114
2 3760 24953455382
2 3792 20471975178
2 3824 32823440670
2 3856 24544147853
2 3888 36197913672
2 3920 22002690471
2 3952 23741141761
2 3984 19399611412
2 4016 35044195308
2 4048 23178110731
2 4080 17247241220
2 4112 30200594534
2 4144 22641166080
2 4176 22467670556
2 4208 156914999
2 4240 18027551822
2 4272 12420355452
2 4304 32699230566
2 4336 32457907831
2 4368 16110060480
2 4400 21323861872
2 4432 -195850179
2 4464 21018143422
2 4496 31302822143
2 4528 27280091891
2 4560 15431742144
2 4592 20432271829
2 4624 30436308035
2 4656 17711229529
2 4688 30020795298
2 4720 15799992836
2 4752 19744316548
2 4784 19612247541
2 4816 19481933604
2 4848 11157523419
2 4880 14962030926
2 4912 3001466561
2 4944 10552125279
2 4976 20784049463
2 5008 17047499454
2 5040 13962052416
2 5072 15795726965
2 5104 18382639546
2 5136 14471748168
2 5168 18154990759
2 5200 18043267739
2 5232 17932911360
2 5264 13515939936
2 5296 23282040578
2 5328 17609795840
2 5360 13962675305
2 5392 4106695352
2 5424 13340897623
2 5456 17196662800
2 5488 21487743260
2 5520 12747960904
2 5552 21270787760
2 5584 21417607564
2 5616 16706729388
2 5648 -3169087004
2 5680 10934816899
2 5712 12319458015
2 5744 17439316949
2 5776 24365908649
2 5808 14707275495
2 5840 5524613525
2 5872 1645932142
2 5904 11998630356
2 5936 15806097076
2 5968 4265439361
2 6000 15637498706
2 6032 12399460011
2 6064 23208688713
2 6096 7520873075
2 6128 15766493543
2 6160 11423497432
2 6192 15152615026
2 6224 322054426
2 6256 14997601062
2 6288 10964056976
2 6320 14845726621
2 6352 22156405598
2 6384 11022672960
2 6416 -963148719
2 6448 14551022369
2 6480 7667330494
2 6512 14408014779
2 6544 2920577542
2 6576 725766253
2 6608 7643152406
2 6640 6448682789
2 6672 6125573798
2 6704 -358224869
2 6736 13150014807
2 6768 10321043342
2 6800 13797792976
2 6832 9494570162
2 6864 10251856669
2 6896 3047032712
2 6928 4947256424
2 6960 10110451751
2 6992 13418906213
2 7024 16286039818
2 7056 13297192778
2 7088 1805074729
2 7120 1864782696
2 7152 5410112820
2 7184 1552336684
2 7216 9111044716
2 7248 1414824501
2 7280 9666036288
2 7312 2280445505
2 7344 12775734237
2 7376 15511402145
2 7408 -3846224451
2 7440 6827929840
2 7472 6743535197
2 7504 8609743083
2 7536 8371316636
2 7568 8088402851
2 7600 12345393716
2 7632 9138549916
2 7664 -2895536389
2 7696 8129569684
2 7728 6043705972
2 7760 8798590932
2 7792 -1077577717
2 7824 1565225022
2 7856 17914649740
2 7888 11894649117
2 7920 8884942448
2 7952 68380212
2 7984 6280320648
2 8016 3954969804
2 8048 3263003368
2 8080 71654950
2 8112 4189810327
2 8144 -5895346962
2 8176 1883873043
2 8208 11430920108
2 8240 4030792530
2 8272 5388912082
2 8304 3403607736
2 8336 13314036070
2 8368 -390676211
2 8400 8377231451
2 8432 4408781074
2 8464 13239973330
2 8496 3085926986
2 8 35184372088832
2 24 5864062014805
2 40 3518437208883
2 56 2513169434917
2 72 1954687338268
2 88 1599289640401
2 104 1353245080340
2 120 781874935308
2 136 1034834473201
2 152 925904528653
2 168 558482096648
2 184 764877654105
2 200 703687441777
2 216 651562446089
2 232 606627104980
2 248 567489872401
2 264 355397697868
2 280 335089257990
2 296 475464487687
2 312 300721128965
2 328 429077708400
2 344 409120605684
2 360 260624978437
2 376 374301830732
2 392 359024204988
2 408 229963216268
2 424 331928038574
2 440 213238618720
2 456 205756561924
2 472 298172644821
2 488 288396492531
2 504 186160698884
2 520 180432677379
2 536 262569940961
2 552 169972812024
2 568 247777268231
2 584 240988849924
2 600 156374987062
2 616 152313299087
2 632 222685899296
2 648 217187482030
2 664 211954048728
2 680 137977929760
2 696 134806023330
2 712 197665011735
2 728 128880483843
2 744 126108860534
2 760 123453937155
2 776 181362742726
2 792 118465899290
2 808 174180059846
2 824 170797922761
2 840 83772314497
2 856 164412953686
2 872 161396202242
2 888 105658775042
2 904 155683062340
2 920 101983687214
2 936 100240376322
2 952 98555664115
2 968 145389967309
2 984 95350601868
2 1000 140737488355
2 1016 138521149956
2 1032 90915690152
2 1048 134291496522
2 1064 88181383681
2 1080 86874992813
2 1096 128410117113
2 1112 126562489528
2 1128 83178184607
2 1144 82014853355
2 1160 80883613997
2 1176 79783156664
2 1192 118068362714
2 1208 116504543341
2 1224 76654405422
2 1240 75665316320
2 1256 112052140410
2 1272 73761786351
2 1288 72845490867
2 1304 107927521745
2 1320 53309654680
2 1336 105342431404
2 1352 104095775411
2 1368 68585520642
2 1384 101688936673
2 1400 67017851599
2 1416 66260587739
2 1432 98280368963
2 1448 97194398035
2 1464 64088109452
2 1480 63395265026
2 1496 62717240800
2 1512 62053566294
2 1528 92105686096
2 1544 91151223028
2 1560 45108169346
2 1576 89300436774
2 1592 88402944947
2 1608 58348875769
2 1624 57774009998
2 1640 57210361120
2 1656 56657604009
2 1672 56115425980
2 1688 83375289310
2 1704 55061615163
2 1720 54549414091
2 1736 54046654515
2 1752 53553077762
2 1768 53068434523
2 1784 78888726657
2 1800 52124995687
2 1816 77498616936
2 1832 76821773120
2 1848 38078324772
2 1864 75502944397
2 1880 49906910764
2 1896 49485755399
2 1912 73607472989
2 1928 72996622591
2 1944 72395827343
2 1960 47869893999
2 1976 47482283522
2 1992 47100899717
2 2008 70088390615
2 2024 46356221462
2 2040 34494482440
2 2056 68452085776
2 2072 45282332161
2 2088 44935341110
2 2104 66890441234
2 2120 44257071811
2 2136 43925558164
2 2152 65398461132
2 2168 64915815662
2 2184 32220120961
2 2200 42647723744
2 2216 60932802212
2 2232 42036286845
2 2248 62605644286
2 2264 62163201570
2 2280 30863484289
2 2296 40864543657
2 2312 60872616071
2 2328 37672597018
2 2344 60041590595
2 2360 39756352644
2 2376 39488633096
2 2392 39224495082
2 2408 38963867208
2 2424 38706679967
2 2440 38452865672
2 2456 57303537604
2 2472 37955093948
2 2488 56566514612
2 2504 56205067235
2 2520 27924104833
2 2536 24380338089
2 2552 36765279091
2 2568 36536211930
2 2584 36309981517
2 2600 36086535477
2 2616 35865822721
2 2632 35647793403
2 2648 53148598321
2 2664 35219591681
2 2680 35009325462
2 2696 28090406660
2 2712 34596236076
2 2728 34393325600
2 2744 51289172141
2 2760 25495921805
2 2776 39378107944
2 2792 50407409869
2 2808 33413458775
2 2824 67189710
2 2840 33036969098
2 2856 24638916030
2 2872 49003303745
2 2888 48731817298
2 2904 32308881624
2 2920 32131846657
2 2936 44393124411
2 2952 31783533956
2 2968 31612194151
2 2984 42925441504
2 3000 27361008900
2 3016 31109082307
2 3032 46417377426
2 3048 26727935534
2 3064 41975380222
2 3080 22846994865
2 3096 30305230052
2 3112 13955574560
2 3128 29995202123
2 3144 29842554784
2 3160 29691453240
2 3176 44312811195
2 3192 22045345921
2 3208 43870788141
2 3224 29102044739
2 3240 28958330937
2 3256 28816029558
2 3272 43012679815
2 3288 24271179671
2 3304 28397394746
2 3320 28260539831
2 3336 21266894890
2 3352 948004369
2 3368 17233632709
2 3384 27726061537
2 3400 27595585952
2 3416 27466332622
2 3432 20503713339
2 3448 9675806988
2 3464 3901621558
2 3480 20220903500
2 3496 26837812426
2 3512 25412619393
2 3528 26594385556
2 3544 25147894350
2 3560 18097661456
2 3576 22153285578
2 3592 -594194648
2 3608 26004709600
2 3624 22046672108
2 3640 19332072577
2 3656 1468772260
2 3672 25551468474
2 3688 -3487103463
2 3704 37996082169
2 3720 18916329080
2 3736 37670633928
2 3752 25006661045
2 3768 21114378277
2 3784 24795188223
2 3800 24690787432
2 3816 24587262117
2 3832 -3697044594
2 3848 24382794241
2 3864 18211372719
2 3880 20196870571
2 3896 -1397556459
2 3912 7958455353
2 3928 35829299479
2 3944 23789298235
2 3960 17769884894
2 3976 18014167419
2 3992 20615502992
2 4008 19566202790
2 4024 27752796434
2 4040 15238057820
2 4056 23132394537
2 4072 34562251561
2 4088 11001909843
2 4104 22861840214
2 4120 16271791400
2 4136 22684959438
2 4152 18722737610
2 4168 -4317926457
2 4184 33637067007
2 4200 16754462900
2 4216 22254504800
2 4232 33255550178
2 4248 10888240345
2 4264 22003985046
2 4280 21921727158
2 4296 14044103196
2 4312 21759042727
2 4328 32517903964
2 4344 9016338102
2 4360 21519493632
2 4376 -2015352657
2 4392 21362703151
2 4408 21285161578
2 4424 17211444717
2 4440 15848816256
2 4456 31583816956
2 4472 20980543881
2 4488 15679310200
2 4504 -2491567758
2 4520 12557369201
2 4536 16337511453
2 4552 30917725913
2 4568 -3157828537
2 4584 12248712737
2 4600 20396737444
2 4616 -2198546411
2 4632 16348279147
2 4648 16342873468
2 4664 20116850823
2 4680 15036056448
2 4696 29969652546
2 4712 19911925348
2 4728 19844541505
2 4744 19493383386
2 4760 14783349617
2 4776 12715309691
2 4792 -1529945615
2 4808 694228227
2 4824 8870045856
2 4840 19385328975
2 4856 -2350337
2 4872 14443502501
2 4888 19194965679
2 4904 -1520840827
2 4920 14302590280
2 4936 28512457122
2 4952 28420332867
2 4968 18885868003
2 4984 10466106331
2 5000 12924249867
2 5016 14028856496
2 5032 18645666185
2 5048 -2339498771
2 5064 6955118785
2 5080 6202805586
2 5096 18411497693
2 5112 12784676385
2 5128 -2774441846
2 5144 27359542837
2 5160 13637353525
2 5176 -3028954131
2 5192 11035542203
2 5208 8706771358
2 5224 -3278789314
2 5240 14336472928
2 5256 9281834780
2 5272 -3342516541
2 5288 26614502336
2 5304 13267108633
2 5320 13227207552
2 5336 17583394347
2 5352 17530828147
2 5368 13603771432
2 5384 26139949546
2 5400 17374998563
2 5416 -4440447983
2 5432 6254707738
2 5448 37961004
2 5464 25757227005
2 5480 12995116174
2 5496 9275526342
2 5512 17021950696
2 5528 25459024666
2 5544 12692774926
2 5560 209485461
2 5576 16826576800
2 5592 1134396698
2 5624 16682964480
2 5640 8569179498
2 5656 12368646945
2 5688 12303523774
2 5704 14917518844
2 5720 12302228003
2 5736 12815228794
2 5752 24467574471
2 5768 7841047140
2 5784 -126348524
2 5800 16176722800
2 5816 24198330185
2 5832 9699912618
2 5848 13611673370
2 5864 24000253812
2 5880 8675214918
2 5896 15913329755
2 5928 11870570880
2 5944 23677235591
2 5960 -883262195
2 5976 11492647078
2 5992 11667333729
2 6008 23425014706
2 6024 -543338383
2 6040 7663155779
2 6056 23239347483
2 6072 11589055365
2 6088 23117195853
2 6104 15371066880
2 6120 8343079672
2 6136 11328087247
2 6152 22876704869
2 6168 11156998562
2 6200 15133063264
2 6216 8008866664
2 6232 11046169257
2 6248 6637783661
2 6264 14978447037
2 6280 21484225
2 6296 22353476549
2 6312 4863836668
2 6328 2770381270
2 6344 9789543318
2 6360 7676466194
2 6392 10600319681
2 6408 3284890224
2 6424 6340207663
2 6440 10926823630
2 6456 10963931421
2 6488 21691967996
2 6504 10992266160
2 6520 3921617816
2 6536 7909772965
2 6552 10740040320
2 6568 21427754013
2 6584 21375681706
2 6600 10661930936
2 6616 21272292678
2 6648 2762972472
2 6664 7247274511
2 6680 4577515471
2 6696 9830435833
2 6728 -1926089502
2 6744 -99679356
2 6760 -367142302
2 6776 402457642
2 6792 2897660235
2 6808 13781579353
2 6840 4023891075
2 6888 6008895340
2 6904 20384920098
2 6920 119705436
2 6936 6084588429
2 6952 9588566917
2 6968 9507904762
2 6984 -54911498
2 7000 5695488440
2 7016 20059505182
2 7032 13342575689
2 7064 19923200503
2 7080 3340250509
2 7112 2139725982
2 7128 5045976745
2 7144 13133397570
2 7160 725301208
2 7176 9806123772
2 7192 8875948349
2 7208 6660006103
2 7224 5833418609
2 7240 1531628392
2 7256 19396015484
2 7272 3398743746
2 7304 5661540368
2 7320 5988750630
2 7336 6075323722
2 7368 5128654970
2 7384 4381300775
2 7400 12679053006
2 7416 6451012796
2 7448 8811243156
2 7464 9278077998
2 7480 9407586120
2 7512 2105239576
2 7544 6087317343
2 7560 9308034944
2 7592 4285291602
2 7608 -175697693
2 7624 18459796479
2 7640 2808516739
2 7656 9191319773
2 7672 4136941098
2 7688 18306124916
2 7704 5454596226
2 7720 996684398
2 7752 5644024726
2 7784 513763374
2 7800 9021633871
2 7832 2208913750
2 7848 11955274240
2 7880 763565895
2 7896 5115590556
2 7912 7951020089
2 7944 -673604147
2 7960 1605079388
2 7992 11739863894
2 8008 8787305717
2 8024 3762819443
2 8040 875314658
2 8056 8334881470
2 8088 843163845
2 8120 5041635712
2 8136 2763760687
2 8184 4520147914
2 8200 7272276380
2 8216 7467706627
2 8232 3667644586
2 8280 8498640601
2 8296 5842902826
2 8328 4317347522
2 8344 851484824
2 8360 8417313899
2 8376 1384557963
2 8424 3494064421
2 8440 523537556
2 8456 7166200873
2 8472 -53575878
2 4 70368744177664
2 12 11728124029611
2 20 7036874417766
2 28 5026338869833
2 36 3909374676537
2 44 3198579280803
2 52 2706490160679
2 60 1563749870616
2 68 2069668946402
2 76 1851809057307
2 84 1116964193296
2 92 1529755308210
2 100 1407374883553
2 108 1303124892179
2 116 1213254209960
2 124 1134979744801
2 132 710795395735
2 140 670178515979
2 148 950928975374
2 156 601442257930
2 164 858155416801
2 172 818241211368
2 180 521249956872
2 188 748603661465
2 196 718048409976
2 204 459926432535
2 212 663856077148
2 220 426477237441
2 228 411513123847
2 236 596345289641
2 244 576792985063
2 252 372321397766
2 260 360865354757
2 268 525139881923
2 276 339945624048
2 284 495554536462
2 292 481977699847
2 300 312749974124
2 308 304626598173
2 316 445371798593
2 324 434374964060
2 332 423908097456
2 340 275955859520
2 348 269612046659
2 356 395330023470
2 364 257760967685
2 372 252217721068
2 380 246907874308
2 388 362725485452
2 396 236931798579
2 404 348360119691
2 412 341595845523
2 420 167544628995
2 428 328825907372
2 436 322792404485
2 444 211317550083
2 452 311366124680
2 460 203967374428
2 468 200480752644
2 476 197111328230
2 484 290779934618
2 492 190701203734
2 500 281474976711
2 508 277042299912
2 516 181831380304
2 524 268582993045
2 532 176362767363
2 540 173749985625
2 548 256820234225
2 556 253124979056
2 564 166356369215
2 572 164029706709
2 580 161767227995
2 588 159566313328
2 596 236136725428
2 604 233009086681
2 612 153308810845
2 620 151330632640
2 628 224104280821
2 636 147523572700
2 644 145690981734
2 652 215855043490
2 660 106619309360
2 668 210684862807
2 676 208191550821
2 684 137171041283
2 692 203377873346
2 700 134035703196
2 708 132521175477
2 716 196560737926
2 724 194388796071
2 732 128176218904
2 740 126790530051
2 748 125434481600
2 756 124107132589
2 764 184211372193
2 772 182302446056
2 780 90216338690
2 788 178600873547
2 796 176805889894
2 804 116697751539
2 812 115548019996
2 820 114420722240
2 828 113315208016
2 836 112230851959
2 844 166750578620
2 852 110123230326
2 860 109098828183
2 868 108093309030
2 876 107106155522
2 884 106136869046
2 892 157777453313
2 900 104249991374
2 908 154997233872
2 916 153643546239
2 924 76156649545
2 932 151005888793
2 940 99813821529
2 948 98971510799
2 956 147214945978
2 964 145993245182
2 972 144791654687
2 980 95739787998
2 988 94964567042
2 996 94201799435
2 1004 140176781230
2 1012 92712442923
2 1020 68988964880
2 1028 136904171552
2 1036 90564664321
2 1044 89870682219
2 1052 133780882467
2 1060 88514143621
2 1068 87851116328
2 1076 130796922263
2 1084 129831631324
2 1092 64440241923
2 1100 85295447488
2 1108 127019393822
2 1116 84072573690
2 1124 125211288572
2 1132 124326403141
2 1140 61726968579
2 1148 81729087315
2 1156 121745232141
2 1164 80605663435
2 1172 120083181191
2 1180 79512705286
2 1188 78977266193
2 1196 78448990165
2 1204 77927734416
2 1212 77413359932
2 1220 76905731343
2 1228 114607075208
2 1236 75910187895
2 1244 113133029225
2 1252 112410134469
2 1260 55848209667
2 1268 110991710059
2 1276 73530558180
2 1284 73072423861
2 1292 72619963032
2 1300 72173070952
2 1308 71731645441
2 1316 71295586806
2 1324 106297196643
2 1332 70439183361
2 1340 70018650923
2 1348 104404664952
2 1356 69192472151
2 1364 68786651200
2 1372 102578344282
2 1380 50991843607
2 1388 101395884982
2 1396 100814819739
2 1404 66826917548
2 1412 99672442178
2 1420 66073938196
2 1428 49277832057
2 1436 98006607490
2 1444 97463634595
2 1452 64617763249
2 1460 64263693314
2 1468 95870223675
2 1476 63567067911
2 1484 63224388301
2 1492 86468240437
2 1500 62549994825
2 1508 62218164613
2 1516 92834754852
2 1524 61564955536
2 1532 91865201276
2 1540 45693989728
2 1548 60610460102
2 1556 90448257298
2 1564 59990404244
2 1572 59685109566
2 1580 59382906479
2 1588 88625622390
2 1596 44090691842
2 1604 82520430270
2 1612 58204089478
2 1620 57916661875
2 1628 57632059114
2 1636 86025359630
2 1644 57071163161
2 1652 56794789490
2 1660 56521079662
2 1668 56249995347
2 1676 30995329425
2 1684 79453165591
2 1692 55452123072
2 1700 55191171904
2 1708 54932665244
2 1716 41007426679
2 1724 73784699546
2 1732 81257210367
2 1740 40441807000
2 1748 53675624850
2 1756 80146633460
2 1764 53188771110
2 1772 2537271816
2 1780 52710669796
2 1788 52474827874
2 1796 78361630487
2 1804 52009419200
2 1812 51779797040
2 1820 38664145154
2 1828 76989873280
2 1836 51102936948
2 1844 76321848349
2 1852 75992164339
2 1860 37832658160
2 1868 63249486089
2 1876 50013322089
2 1884 38712275380
2 1892 49590376447
2 1900 49381574862
2 1908 49174524233
2 1916 73453803943
2 1924 48765588482
2 1932 36422745435
2 1940 48363398060
2 1948 64439514523
2 1956 47967787442
2 1964 71658598959
2 1972 47578596469
2 1980 35539769788
2 1988 47195670139
2 1996 70509763705
2 2004 43189697710
2 2012 66656791295
2 2020 46448015960
2 2028 46264789072
2 2036 69124503121
2 2044 45902638082
2 2052 45723680427
2 2060 45546112737
2 2068 45369918877
2 2076 32876014039
2 2084 67532384048
2 2092 554429617
2 2100 33508925801
2 2108 44509009600
2 2116 62725002986
2 2124 44173725159
2 2132 44007970093
2 2140 43843454316
2 2148 40456722901
2 2156 43518085453
2 2164 72418602
2 2172 43197510239
2 2180 43038987265
2 2188 64322435263
2 2196 42725406302
2 2204 42570323157
2 2212 42416361772
2 2220 31697632513
2 2228 714733
2 2236 41961087763
2 2244 31358620400
2 2252 3983359229
2 2260 41515483291
2 2268 41369044196
2 2276 -50964889
2 2284 57868246757
2 2292 33186632485
2 2300 40793474886
2 2308 60978114539
2 2316 40511654679
2 2324 40372199759
2 2332 40233701645
2 2340 30072112897
2 2348 56647046509
2 2356 39823850696
2 2364 38282089164
2 2372 55763776633
2 2380 29566699235
2 2388 31273405533
2 2396 47828438888
2 2404 24964466598
2 2412 38899250514
2 2420 38770657949
2 2428 -178651907
2 2436 28887004999
2 2444 38389931357
2 2452 57397018089
2 2460 28605180560
2 2468 57024914244
2 2476 21227611137
2 2484 37771736005
2 2492 35218206475
2 2500 56294995342
2 2508 28057712990
2 2516 37291332368
2 2524 55759702201
2 2532 37055684139
2 2540 34344795494
2 2548 36822995384
2 2556 36707743442
2 2564 859018
2 2572 54719085675
2 2580 27274707047
2 2588 -1559840
2 2596 36142138766
2 2604 27023327257
2 2612 -6293138
2 2620 35811065739
2 2628 35702051841
2 2636 35614432
2 2644 -11376475
2 2652 26534217263
2 2660 26454415105
2 2668 35166788695
2 2676 35061656293
2 2684 34957150611
2 2692 52279899092
2 2700 34749997126
2 2708 51971007517
2 2716 34545284330
2 2724 30418381395
2 2732 -22158046
2 2740 34242697898
2 2748 30113281041
2 2756 34043901392
2 2764 77642914
2 2772 25385549849
2 2780 23990566267
2 2788 33653153600
2 2796 18360068172
2 2804 67682154
2 2812 33365928961
2 2820 24953455382
2 2828 33177154256
2 2844 32990503600
2 2852 32897963618
2 2860 24604456006
2 2868 24743343070
2 2884 28618949158
2 2892 20114705872
2 2900 32353445600
2 2908 48396660370
2 2916 48263884896
2 2924 32087890643
2 2932 48000507625
2 2940 23934946999
2 2948 31826659511
2 2956 47610787671
2 2964 23741141761
2 2972 47354471183
2 2980 24673664238
2 2988 27274367037
2 2996 27253276012
2 3004 46850029413
2 3012 31150395830
2 3020 31067878224
2 3036 23178110731
2 3044 46234391707
2 3052 30742133761
2 3060 22996321628
2 3068 30581809725
2 3084 30423149235
2 3100 30266126528
2 3108 22641166081
2 3116 30110716380
2 3124 30033608271
2 3132 29956894073
2 3140 28392745534
2 3148 44706953099
2 3156 23425867707
2 3164 26111929209
2 3172 29579127439
2 3180 22128535907
2 3196 29357006333
2 3204 26712619724
2 3212 29210769689
2 3220 21853647260
2 3228 29065982725
2 3236 43491189232
2 3244 43383935991
2 3252 25282413686
2 3260 1096511698
2 3268 28710217944
2 3276 21480080641
2 3284 42855508025
2 3292 42751363413
2 3300 21323861872
2 3308 42544585355
2 3324 21822161778
2 3332 28158761176
2 3340 23971150256
2 3348 28024191230
2 3364 41836352068
2 3372 15955906536
2 3380 27758873444
2 3388 27693327107
2 3396 1095806000
2 3404 27563158707
2 3420 20575656193
2 3444 20432271830
2 3460 19513234917
2 3468 27054496032
2 3476 22653775229
2 3484 20272595456
2 3492 21311287171
2 3500 26807140639
2 3516 23116091435
2 3532 39846401007
2 3540 17442796141
2 3548 39666710359
2 3556 18602147404
2 3564 26325755398
2 3572 26266795139
2 3580 19535737076
2 3588 19612247541
2 3596 26091488386
2 3604 26033571654
2 3612 19481933604
2 3620 11532540429
2 3628 38792030969
2 3636 25804453311
2 3652 25691399847
2 3660 19226432836
2 3668 25579332672
2 3684 6747725880
2 3692 18813887062
2 3700 25358106011
2 3708 21058377700
2 3724 25194681053
2 3732 21313197677
2 3740 18815172240
2 3756 24980029882
2 3772 24874070052
2 3780 18616069889
2 3796 20445902599
2 3804 13086602793
2 3820 20734040809
2 3828 18382639547
2 3836 20433621572
2 3844 -1133380398
2 3852 21065216037
2 3860 5807687967
2 3876 18154990760
2 3892 15790080304
2 3900 18043267740
2 3916 3672157006
2 3924 23910548481
2 3940 20011940912
2 3948 17823896703
2 3956 23717136562
2 3972 13520216303
2 3980 19699314779
2 3996 23479727787
2 4004 17574611435
2 4012 19145080402
2 4020 9884981901
2 4028 23293195690
2 4044 4558799400
2 4060 17332203000
2 4068 18765454740
2 4076 34528333748
2 4092 17196662800
2 4100 22884144448
2 4108 22839579415
2 4116 4709742396
2 4140 16997281203
2 4148 19987116028
2 4164 -183565693
2 4172 15774848887
2 4180 16834627795
2 4188 2339719218
2 4212 22275639183
2 4220 22233410484
2 4228 14016853403
2 4236 115549608
2 4260 8238281355
2 4268 8712689948
2 4284 16425944019
2 4292 21860436216
2 4300 21819765637
2 4308 17871697917
2 4316 17895650381
2 4324 21698656854
2 4332 17751037273
2 4340 16213996355
2 4356 17300658267
2 4380 8286364763
2 4396 17182984229
2 4404 13604408267
2 4420 15920530359
2 4428 21189022637
2 4444 21112734528
2 4452 11727913591
2 4460 21036993775
2 4476 6015989780
2 4484 16784796430
2 4500 20849998276
2 4508 20812997391
2 4524 15554541154
2 4532 12547422531
2 4540 9332911398
2 4548 20629945523
2 4556 16750494449
2 4564 10263078886
2 4572 12447637465
2 4580 12335912144
2 4588 20450085493
2 4596 16663870626
2 4620 12185063930
2 4628 11947130296
2 4636 20238350353
2 4644 20203486701
2 4660 12754339268
2 4668 -3843382352
2 4676 20065225029
2 4692 14997601063
2 4700 19962764307
2 4708 16299682179
2 4716 19895036523
2 4732 13955571096
2 4740 11412255967
2 4756 19727710731
2 4764 2355106480
2 4780 8153840035
2 4788 14696897280
2 4796 19563176030
2 4812 1850589372
2 4820 776870833
2 4828 14153553295
2 4836 14551022369
2 4844 17993766658
2 4860 19305553958
2 4876 15001195747
2 4884 14408014779
2 4900 19147957600
2 4908 14909093756
2 4932 3950810519
2 4940 14244685056
2 4956 9995421772
2 4964 11350773744
2 4972 9340038744
2 4980 10505804126
2 4988 18545558640
2 5004 6842381033
2 5012 6168728413
2 5020 18690237498
2 5028 583200029
2 5044 6957962160
2 5052 1069477308
2 5060 13906866439
2 5068 18513218674
2 5076 18484041025
2 5084 16014768870
2 5092 18425960769
2 5100 13797792976
2 5124 10421449935
2 5140 14346341347
2 5148 13669142227
2 5172 762052976
2 5180 13584699648
2 5196 2804786478
2 5220 13480602335
2 5236 13439408745
2 5244 12948631410
2 5252 6545005782
2 5260 1969777710
2 5268 1358908043
2 5292 12785325984
2 5300 13485067112
2 5316 944642211
2 5324 -3991412230
2 5332 17596585192
2 5340 1592957296
2 5348 715064888
2 5356 6348462508
2 5364 2908933146
2 5372 13558012536
2 5380 13815123846
2 5388 -360949780
2 5396 9352278801
2 5404 13307561664
2 5412 9088366288
2 5420 13741824235
2 5428 12963717938
2 5436 2261901751
2 5452 17209279575
2 5460 10310438708
2 5476 25700783118
2 5484 -4549139725
2 5500 6548680319
2 5508 11389795761
2 5516 9457479564
2 5532 16960410744
2 5540 9263852372
2 5548 8719291160
2 5556 16887147632
2 5564 12781462496
2 5572 1943690876
2 5580 8043141639
2 5588 12645897961
2 5604 2166673801
2 5612 11313772730
2 5620 1911585046
2 5628 4954363245
2 5644 16623846959
2 5652 -192205131
2 5660 702054607
2 5668 16553456640
2 5676 8596085219
2 5684 16506860000
2 5700 12345393716
2 5724 16391508079
2 5740 8445210933
2 5748 -4389891927
2 5764 12648596462
2 5772 10755920830
2 5780 16232697620
2 5796 12140915146
2 5820 3753578902
2 5828 16099003473
2 5844 8247270712
2 5852 12024734139
2 5860 8998823278
2 5868 975922436
2 5876 8030582033
2 5892 15924133103
2 5900 7542884111
2 5908 8370589389
2 5916 11894649118
2 5940 11846589931
2 5964 4691753314
2 5980 11767348526
2 5988 -788770236
2 6004 11601632299
2 6012 6179522198
2 6020 7634584107
2 6028 8968085601
2 6036 12251974723
2 6052 3684316190
2 6060 7704455798
2 6068 11648107598
2 6076 15441901291
2 6084 7828699896
2 6100 11451676347
2 6108 11927530039
2 6116 7340838599
2 6132 2966160849
2 6140 -1322870770
2 6148 10962356601
2 6156 11439717915
2 6164 11470827307
2 6180 3671030778
2 6188 11371807400
2 6204 7773419777
2 6220 15084403897
2 6228 4139735282
2 6244 15026424125
2 6252 15007196455
2 6260 -750450975
2 6276 -138268972
2 6292 10704138691
2 6300 11169641935
2 6308 12495340272
2 6324 7013137782
2 6340 887936129
2 6348 -1575722373
2 6356 3172287692
2 6364 5579322585
2 6372 10744870431
2 6380 11029583729
2 6396 11001992523
2 6412 -30888914
2 6420 7031393657
2 6444 6359122836
2 6460 10892994456
2 6468 6722678553
2 6492 -38065122
2 6500 11142355607
2 6516 900132817
2 6524 3171903177
2 6532 2300362898
2 6540 10759746816
2 6556 2599575114
2 6564 10724814562
2 6572 5959947860
2 6580 7260867368
2 6588 -257309033
2 6596 3268312066
2 6604 2767200675
2 6612 10642580789
2 6620 228736276
2 6636 7292374068
2 6644 2357546001
2 6660 7273618921
2 6684 -3905386
2 6692 3494947835
2 6700 10046509769
2 6708 10490271942
2 6716 2038425963
2 6732 10452873468
2 6740 2336015422
2 6748 -1187583846
2 6756 4563857184
2 6764 6520609520
2 6780 2214017015
2 6804 9860211478
2 6812 5239086776
2 6820 6884527025
2 6828 15525711
2 6844 9746269502
2 6852 9942462633
2 6860 -50520697
2 6868 9393505934
2 6876 5896058827
2 6900 10198368722
2 6908 6035101282
2 6916 10174775040
2 6924 4189434835
2 6940 6175955011
2 6948 7400035890
2 6956 -95788665
2 6972 2908890384
2 6980 5726408672
2 6996 5938260626
2 7004 29285928
2 7020 10024037632
2 7028 13350169642
2 7044 -3618212972
2 7052 2267767788
2 7060 4972879322
2 7068 5430686537
2 7076 3379719410
2 7084 9933476028
2 7092 11816014849
2 7100 6107623417
2 7116 6581099836
2 7124 2458273
2 7140 17067813876
2 7164 9012604227
2 7172 1797687225
2 7180 2125810195
2 7188 1697559324
2 7196 5940678783
2 7212 9854485169
2 7220 5982883732
2 7228 1833554237
2 7236 9164907944
2 7252 12937809190
2 7260 2448322824
2 7268 4370311675
2 7276 4692894942
2 7284 72931212
2 7300 332822782
2 7308 6241199908
2 7316 1812542808
2 7332 5689934647
2 7340 1828502468
2 7348 8648614778
2 7356 12754892910
2 7364 62208105
2 7372 8663732946
2 7380 6223343812
2 7404 12672203166
2 7412 12658525666
2 7420 6171941871
2 7428 1358547795
2 7436 5763965945
2 7452 999029322
2 7460 8586033895
2 7476 1348228603
2 7500 8518956153
2 7524 9352570997
2 7532 9023379085
2 7540 5582106147
2 7548 5077814829
2 7564 4489010748
2 7572 5529726409
2 7580 12377967314
2 7588 8931446615
2 7596 -95546663
2 7612 4493907429
2 7620 175660474
2 7636 139016330
2 7644 4967152699
2 7660 8291473088
2 7668 4166844860
2 7676 3043690508
2 7684 4433080728
2 7692 181769867
2 7700 9138797945
2 7708 2021701339
2 7716 12159796817
2 7740 5162099093
2 7748 3175393643
2 7756 4965658571
2 7764 -12122382
2 7772 8228954782
2 7780 7975639282
2 7788 1658273056
2 7812 5383309964
2 7820 5247942091
2 7828 3707564743
2 7836 69732985
2 7844 6026830522
2 7852 215341421
2 7860 1733198411
2 7868 -3439051
2 7876 1748885846
2 7884 378016173
2 7900 7792452938
2 7908 -64917102
2 7924 350950636
2 7932 -98539209
2 7940 -1136897251
2 7956 8844739087
2 7964 9228300
2 7980 6868015342
2 8004 1082640088
2 8020 -2662271997
2 8028 11687218765
2 8036 341934741
2 8052 1690619071
2 8060 5161553481
2 8076 11617755355
2 8084 1001639543
2 8092 3966722795
2 8100 4297247383
2 8124 11549112782
2 8132 2878981221
2 8140 4619360513
2 8148 34994307
2 8164 143395814
2 8172 132749689
2 8180 -3909702327
2 8188 7244510199
2 8196 -4499427
2 8204 -1249443269
2 8220 463432346
2 8228 3368762761
2 8236 3117512692
2 8244 4898732479
2 8260 5497513116
2 8268 1811457213
2 8284 8124092646
2 8292 52755657
2 8300 3872334770
2 8308 168140251
2 8316 8461849949
2 8340 816872659
2 8364 4979817745
2 8372 5017447187
2 8380 564400276
2 8388 3617626282
2 8404 3747247355
2 8412 -93262709
2 8420 -2219985652
2 8428 3060039739
2 8436 4245123888
2 8460 4388348540
2 8468 3287665632
2 8476 -391273981
2 8484 1157341979
2 8492 922803082
2 2 140737488355328
2 6 23456248059221
2 10 14073748835533
2 14 10052677739666
2 18 7818749353074
2 22 6397158561606
2 26 5412980321359
2 30 3127499741230
2 34 4139337892804
2 38 3703618114614
2 42 2233928386593
2 46 3059510616420
2 50 2814749767107
2 54 2606249784358
2 58 2426508419919
2 62 2269959489602
2 66 1421590791469
2 70 1340357031956
2 74 1901857950748
2 78 1202884515858
2 82 1716310833602
2 86 1636482422736
2 90 1042499913743
2 94 1497207322929
2 98 1436096819952
2 102 919852865068
2 106 1327712154296
2 110 852954474882
2 114 823026247693
2 118 1192690579282
2 122 1153585970126
2 126 744642795532
2 130 721730709515
2 134 1050279763846
2 138 679891248094
2 142 991109072925
2 146 963955399694
2 150 625499948247
2 154 609253196344
2 158 890743597186
2 162 868749928119
2 166 847816194912
2 170 551911719041
2 174 539224093316
2 178 790660046940
2 182 515521935368
2 186 504435442135
2 190 493815748615
2 194 725450970904
2 198 473863597157
2 202 696720239383
2 206 683191691045
2 210 335089257991
2 214 657651814745
2 218 645584808969
2 222 422635100166
2 226 622732249360
2 230 407934748856
2 234 400961505287
2 238 394222656458
2 242 581559869237
2 246 381402407467
2 250 562949953421
2 254 554084599824
2 258 363662760608
2 262 537165986089
2 266 352725534725
2 270 347499971249
2 274 513640468450
2 278 506249958113
2 282 332712738430
2 286 328059413417
2 290 323534455989
2 294 319132626656
2 298 472273450857
2 302 466018173362
2 306 306617621689
2 310 302661265280
2 314 448208561641
2 318 295047145399
2 322 291381963469
2 326 431710086980
2 330 213238618720
2 334 421369725615
2 338 416383101643
2 342 274342082565
2 346 406755746692
2 350 268071406391
2 354 265042350952
2 358 393121475853
2 362 388777592142
2 366 256352437807
2 370 253581060101
2 374 250868963200
2 378 248214265178
2 382 368422744386
2 386 364604892112
2 390 180432677380
2 394 357201747095
2 398 353611779787
2 402 233395503078
2 406 231096039992
2 410 228841444480
2 414 226630416031
2 418 224461703917
2 422 333501157240
2 426 220246460651
2 430 218197656366
2 434 216186618058
2 438 214212311043
2 442 212273738093
2 446 315554906626
2 450 208499982749
2 454 309994467743
2 458 307287092479
2 462 152313299088
2 466 302011777587
2 470 199627643057
2 474 197943021598
2 478 294429891957
2 482 291986490364
2 486 289583309373
2 490 191479575994
2 494 189929134084
2 498 188403598869
2 502 280353562461
2 506 185424885844
2 510 137977929760
2 514 273808343104
2 518 181129328643
2 522 179741364439
2 526 267561764934
2 530 177028287240
2 534 175702232654
2 538 261593844527
2 542 259663262648
2 546 128880483844
2 550 170590894976
2 554 254038787645
2 558 168145147379
2 562 250422577145
2 566 248652806281
2 570 123453937156
2 574 163458174630
2 578 243490464283
2 582 161211326868
2 586 240166362381
2 590 159025410572
2 594 157954532385
2 598 156897980329
2 602 155855468832
2 606 154826719864
2 610 153811462684
2 614 229214150416
2 618 151820375789
2 622 226266058449
2 626 224820268938
2 630 111696419331
2 634 221983420119
2 638 147061116360
2 642 146144847721
2 646 145239926063
2 650 144346141904
2 654 143463290882
2 658 142591173612
2 662 212594393286
2 666 140878366722
2 670 140037301846
2 674 208809329904
2 678 138384944302
2 682 137573302400
2 686 205156688565
2 690 101983687214
2 694 202791769964
2 698 201629639478
2 702 133653835095
2 706 199344884356
2 710 132147876391
2 714 98555664115
2 718 196013214980
2 722 194927269190
2 726 129235526497
2 730 128527386627
2 734 191740447351
2 738 127134135823
2 742 126448776600
2 746 188656150610
2 750 125099989649
2 754 124436329227
2 758 185669509704
2 762 123129911072
2 766 183730402553
2 770 91387979453
2 774 121220920204
2 778 180896514596
2 782 119980808487
2 786 119370219132
2 790 118765812958
2 794 177251244780
2 798 88181383682
2 802 175483152563
2 806 116408178955
2 810 115833323749
2 814 115264118227
2 818 172050719261
2 822 114142326322
2 826 113589578979
2 830 113042159322
2 834 112499990693
2 838 167944496844
2 842 167146660755
2 846 110904246144
2 850 110382343808
2 854 109865330488
2 858 82014853356
2 862 163268547976
2 866 162514420734
2 870 80883613998
2 874 107351249700
2 878 160293266920
2 882 106377542220
2 886 154644956681
2 890 105421339592
2 894 104949655747
2 898 156723260975
2 902 104018838400
2 906 103559594081
2 910 77328290305
2 914 153979746559
2 918 102205873897
2 922 152643696698
2 926 151984328677
2 930 75665316320
2 934 150682535712
2 938 100026644177
2 942 99601902588
2 946 99180752893
2 950 98763149723
2 954 98349048467
2 958 146907607887
2 962 97531176962
2 966 72845490867
2 970 96726796121
2 974 144494341227
2 978 95935574885
2 982 143317197918
2 986 95157192938
2 990 71079539574
2 994 94391340279
2 998 141019527410
2 1002 93637716803
2 1006 139898099757
2 1010 92896031919
2 1014 92529578144
2 1018 138249006243
2 1022 91805276162
2 1026 91447360855
2 1030 91092225474
2 1034 90739837753
2 1038 90390165932
2 1042 131495708153
2 1046 134548268026
2 1050 67017851600
2 1054 89018019200
2 1058 133022200714
2 1062 88347450317
2 1066 88015940186
2 1070 87686908633
2 1074 87360327967
2 1078 87036170906
2 1082 130071615855
2 1086 86395020477
2 1090 86077974529
2 1094 128644870526
2 1098 85450812603
2 1102 85140646314
2 1106 84832723542
2 1110 63395265027
2 1114 126335267823
2 1118 83922175526
2 1122 62717240800
2 1126 38729764389
2 1130 83030966581
2 1134 82738088392
2 1138 123670903651
2 1142 123237730609
2 1146 81871720975
2 1150 81586949771
2 1154 121956229077
2 1158 81023309358
2 1162 80744399516
2 1166 80467403291
2 1170 60144225795
2 1174 116336622756
2 1178 79647701390
2 1182 79378166021
2 1186 118665673150
2 1190 59133398470
2 1194 78580395508
2 1198 117477035355
2 1202 117086096801
2 1206 77798501026
2 1210 77541315898
2 1214 222520258
2 1218 57774009998
2 1222 76779862714
2 1226 114794036179
2 1230 57210361120
2 1234 114049828489
2 1238 113681331466
2 1242 75543472011
2 1246 75300956852
2 1250 112589990684
2 1254 56115425981
2 1258 74582664735
2 1262 111519404402
2 1266 74111368276
2 1270 73877946643
2 1274 73645990768
2 1278 73415486883
2 1282 -2731061552
2 1286 109438171349
2 1290 54549414091
2 1294 87553943
2 1298 72284277532
2 1302 54046654515
2 1306 107762242232
2 1310 71622131479
2 1314 71404103681
2 1318 -54119353
2 1322 -45096162
2 1326 53068434523
2 1330 52908830211
2 1334 70333577390
2 1338 70123312584
2 1342 69914301221
2 1346 104559798184
2 1350 69499994250
2 1354 103942015033
2 1358 69090568658
2 1362 68887659499
2 1366 35869716
2 1370 68485395794
2 1374 68286020552
2 1378 68087802785
2 1382 97691554206
2 1386 50771099696
2 1390 67499994415
2 1394 67306307200
2 1398 67113728353
2 1402 57449891
2 1406 66731857922
2 1410 49906910765
2 1414 66354308513
2 1422 65981007200
2 1426 65795927236
2 1430 49208912013
2 1434 65428864879
2 1438 97870297883
2 1442 65065875338
2 1446 64885886748
2 1450 64706891199
2 1458 96527769791
2 1462 64175781285
2 1466 96001015249
2 1470 47869893999
2 1474 63653319022
2 1482 47482283522
2 1490 62969793448
2 1494 62801199623
2 1498 62633506166
2 1502 52014427
2 1506 62300791659
2 1510 62135756448
2 1514 92957389931
2 1518 46356221463
2 1522 92468783413
2 1526 61484267522
2 1530 45992643254
2 1534 61163619451
2 1538 -1019163309
2 1542 60846298468
2 1546 91033304240
2 1550 60532253056
2 1554 45282332162
2 1558 60221432759
2 1562 60067216542
2 1566 59913788146
2 1570 59761141552
2 1574 20236847
2 1578 59458169986
2 1582 59307833273
2 1586 59158254878
2 1590 44257071812
2 1598 58714012665
2 1602 58567410885
2 1606 58421539376
2 1610 43707294521
2 1614 58131965451
2 1622 86767871982
2 1626 57702947255
2 1630 57561344931
2 1634 57420435886
2 1638 42960161282
2 1642 8262907
2 1646 86551017
2 1650 42647723744
2 1662 49032240335
2 1666 56317522351
2 1670 56182630083
2 1674 56048382459
2 1682 83672704135
2 1686 55649461589
2 1690 55517746887
2 1694 55386654213
2 1698 55256179174
2 1702 55126317414
2 1710 41151312386
2 1722 40864543657
2 1730 54234099560
2 1734 54108992064
2 1738 53984460436
2 1742 53860500710
2 1746 53737108957
2 1750 53614281278
2 1754 80238020727
2 1758 53370302752
2 1770 39756352644
2 1778 52769961888
2 1782 52651510795
2 1786 52533590278
2 1790 52416196781
2 1794 39224495083
2 1798 52182976773
2 1802 52067143307
2 1806 38963867208
2 1810 51837012286
2 1814 77584061938
2 1818 51608906622
2 1826 51382799692
2 1830 38452865673
2 1834 51158665343
2 1842 50936477870
2 1846 50826106305
2 1850 50716212021
2 1854 50606791929
2 1862 50389362104
2 1866 50281346322
2 1870 37630344480
2 1878 49960059764
2 1886 49748140105
2 1890 37232139778
2 1898 49433610242
2 1902 29250228713
2 1906 73839185916
2 1910 49123032586
2 1914 36765279091
2 1918 48918139853
2 1922 73224499665
2 1926 48714949241
2 1930 48613985616
2 1938 36309981518
2 1946 48214281725
2 1950 36086535477
2 1958 47918790724
2 1962 47821096962
2 1970 47626899613
2 1974 35647793403
2 1978 47434273124
2 1986 37141815557
2 1990 47148237306
2 1998 46959455574
2 2002 35149222868
2 2006 46772179581
2 2010 35009325463
2 2014 46586391380
2 2022 27093475662
2 2030 34664406001
2 2034 41958518924
2 2038 69056667495
2 2046 34393325600
2 2050 45768288896
2 2054 45679158830
2 2058 45590375237
2 2070 33994562406
2 2074 45238665495
2 2082 41522850344
2 2086 44978423891
2 2090 33669255588
2 2094 36669463800
2 2106 44551278365
2 2110 44466820966
2 2114 44382683178
2 2118 40336045574
2 2130 33036969098
2 2134 41526539179
2 2142 32851888038
2 2146 43720872432
2 2150 43639531274
2 2154 43558492219
2 2158 43477753585
2 2162 43397313708
2 2166 43317170931
2 2170 32427992710
2 2178 43078508833
2 2190 32131846657
2 2198 42686529680
2 2202 42608988300
2 2210 31841060716
2 2214 42378045274
2 2222 42225469054
2 2226 31612194152
2 2230 42073987550
2 2238 34371461584
2 2242 41848792256
2 2250 41699996551
2 2254 41625994781
2 2262 31109082308
2 2266 41405557033
2 2270 37172315088
2 2274 41259891045
2 2278 41187441720
2 2282 21122332193
2 2286 41043303692
2 2290 40971612331
2 2294 40900170985
2 2298 36871757929
2 2310 24370127856
2 2314 36339428500
2 2318 40476700706
2 2322 40406973402
2 2330 40268237012
2 2334 32364478561
2 2338 40130450059
2 2346 29995202124
2 2350 39925528612
2 2354 39857685742
2 2358 39790073044
2 2366 31702546131
2 2370 29691453241
2 2378 39455421462
2 2382 31963190825
2 2390 35179135442
2 2394 29393794561
2 2398 39126352060
2 2406 1667029165
2 2410 38931532049
2 2414 38867022468
2 2418 29102044739
2 2422 38738642542
2 2430 38611107917
2 2438 38484410270
2 2442 28816029559
2 2450 38295915200
2 2454 11843199013
2 2466 34021993754
2 2470 28489370113
2 2478 28397394747
2 2482 37802172537
2 2486 37741348446
2 2490 24052887002
2 2494 37620285580
2 2502 13580506796
2 2506 30767779244
2 2510 37380474996
2 2514 3461808644
2 2522 33217785434
2 2526 33393083844
2 2530 27813732878
2 2534 29400321562
2 2538 36968082048
2 2542 36909910400
2 2546 36851921539
2 2550 27595585952
2 2562 27466332622
2 2570 36507779081
2 2574 27338284452
2 2586 17492395908
2 2590 27169399297
2 2598 36114315719
2 2610 26961204668
2 2618 26878817487
2 2622 26837812426
2 2626 35729243045
2 2630 31706471319
2 2634 35620725982
2 2646 35459180740
2 2650 35405657449
2 2658 911075752
2 2662 52869079022
2 2666 35193170382
2 2670 21976196772
2 2674 35087880419
2 2678 30954066786
2 2682 34983218583
2 2686 34931121458
2 2690 34879179270
2 2694 16150873465
2 2698 34775756946
2 2702 34724275439
2 2706 26004709600
2 2710 30794292869
2 2714 34570741429
2 2718 27769015296
2 2726 34418559149
2 2730 20620877417
2 2742 34217721458
2 2750 34118178995
2 2754 34068624632
2 2758 32605534520
2 2766 30351761547
2 2770 20256073609
2 2774 33822996481
2 2778 33774295262
2 2782 33725734090
2 2786 29875803468
2 2790 25221772108
2 2794 25798051299
2 2802 11745689477
2 2806 33437274497
2 2810 29482128760
2 2814 25006661046
2 2822 33247693918
2 2826 21135183668
2 2830 29352198610
2 2834 33106913281
2 2838 24795188224
2 2842 33013720000
2 2850 24690787433
2 2862 32357295511
2 2870 24518726195
2 2874 13965531377
2 2882 32555514309
2 2886 24382794241
2 2890 24381942048
2 2898 24281830289
2 2910 23356110223
2 2914 32198006946
2 2922 -86908269
2 2926 24049468278
2 2930 32022181652
2 2934 25670087156
2 2938 31934987147
2 2946 31848266205
2 2950 31805082114
2 2954 31762014975
2 2958 23789298236
2 2970 23693179860
2 2982 19499160607
2 2990 23534697050
2 2994 28045414176
2 3002 31254161306
2 3006 20268683515
2 3010 23378320327
2 3014 31129725361
2 3018 31088466613
2 3026 26879452613
2 3030 15526135415
2 3034 30924519525
2 3038 30883802580
2 3042 30843192714
2 3050 30762292538
2 3054 27288530732
2 3058 26600411093
2 3066 22951319041
2 3070 19018716468
2 3074 30522118490
2 3078 30482453618
2 3082 30442891707
2 3090 18958904204
2 3094 22743614797
2 3102 22684959439
2 3110 26341332309
2 3114 30130055311
2 3122 30052848250
2 3126 -593117436
2 3130 22443005619
2 3138 368967913
2 3146 29823583039
2 3150 22339283868
2 3154 29747936664
2 3162 22254504800
2 3170 6930534609
2 3174 15119309553
2 3178 21955846861
2 3182 29486169779
2 3186 29449150107
2 3190 22059167456
2 3198 22003985046
2 3206 29265437380
2 3210 21921727158
2 3222 19047423739
2 3230 21785988910
2 3234 19241281187
2 3246 42378179
2 3250 28869228381
2 3258 21980390196
2 3262 25133865746
2 3266 24562416373
2 3270 21519493633
2 3278 16767737128
2 3282 53471541
2 3286 28552949556
2 3290 21388676044
2 3294 28483604201
2 3298 28449057683
2 3302 24451777248
2 3306 21285161578
2 3310 21179465890
2 3318 17639120944
2 3322 24165342172
2 3330 21131755009
2 3342 194111710
2 3346 19917174789
2 3350 28007460369
2 3354 17184186084
2 3358 23759076440
2 3366 20905746934
2 3370 -1689368863
2 3374 27808237178
2 3378 -3232273390
2 3382 23616225013
2 3390 15895057697
2 3402 27579362798
2 3406 23448299182
2 3410 20635995360
2 3414 24852774
2 3422 27418174237
2 3426 -2623878415
2 3430 23234060357
2 3434 19458081473
2 3438 23338490577
2 3450 20396737445
2 3454 27164155252
2 3458 20349550081
2 3462 27101384240
2 3470 19527248522
2 3474 23378609094
2 3478 26976708521
2 3486 16272111369
2 3490 697990969
2 3498 20116850824
2 3502 22546812757
2 3510 20048075265
2 3514 26700339283
2 3522 23097703726
2 3526 26609470289
2 3530 3937592087
2 3534 19911925348
2 3538 26519217704
2 3542 19866952056
2 3546 22551840482
2 3550 20984123801
2 3558 19766174631
2 3562 22124317735
2 3570 15768906259
2 3582 22285916977
2 3586 18145709405
2 3590 26135095331
2 3594 15195929068
2 3598 26076985058
2 3606 -2181405934
2 3610 22082754367
2 3614 21964800145
2 3618 25932833675
2 3626 25875618378
2 3630 19385328976
2 3634 21573636727
2 3638 21962791762
2 3642 97792538
2 3650 21560932866
2 3654 19258003334
2 3658 25649259770
2 3666 19194965680
2 3670 14740104157
2 3674 25537559128
2 3678 25509785818
2 3682 21513642180
2 3686 21294139422
2 3690 19070120374
2 3702 25344406332
2 3706 25317051332
2 3710 18967316492
2 3714 -1829020741
2 3718 25235339494
2 3726 25181157338
2 3730 7527347619
2 3738 14834196402
2 3750 3118170371
2 3762 18705141995
2 3766 24913699480
2 3770 18665449386
2 3774 18645666186
2 3782 24808300434
2 3786 -2533161896
2 3790 20848386434
2 3794 21296363884
2 3798 17605975678
2 3806 24651863437
2 3810 18469486663
2 3818 12895949440
2 3822 18411497693
2 3830 17297580231
2 3834 20357714343
2 3838 24446324190
2 3842 23612764632
2 3846 -167059367
2 3850 18277595891
2 3854 24344834519
2 3858 24319593633
2 3870 18183138031
2 3874 9105209712
2 3878 113645777
2 3882 -96030067
2 3886 24144362387
2 3890 24119535280
2 3894 18071069383
2 3906 18015551507
2 3910 17997121273
2 3914 12659690160
2 3918 -58437375
2 3922 23922741520
2 3926 20055141454
2 3930 14078057387
2 3934 15529752692
2 3938 19705379205
2 3942 19827308243
2 3950 23753162592
2 3954 10242708
2 3962 -789198325
2 3966 63608046
2 3970 2239480796
2 3978 17689478175
2 3982 3680228332
2 3990 14109021389
2 4002 17583394347
2 4010 2013084236
2 4014 23374437529
2 4018 23351167804
2 4026 13397170757
2 4030 17461226843
2 4038 23235510708
2 4042 23212516635
2 4046 19217705130
2 4050 20712371557
2 4062 23098225564
2 4066 19112684657
2 4070 17289617734
2 4074 5798550898
2 4082 17673253175
2 4086 5600653778
2 4090 2344737689
2 4094 18943622868
2 4098 51767228
2 4102 22872986894
2 4110 9026198234
2 4114 13761150018
2 4118 4500459295
2 4122 18707464616
2 4130 16625584456
2 4134 13053520024
2 4142 22652098560
2 4146 18485699690
2 4150 18530248378
2 4154 18287958943
2 4158 16923699899
2 4170 6135551358
2 4182 16826576800
2 4186 16810497893
2 4190 2728984339
2 4194 11161632742
2 4202 14499849143
2 4206 -88800819
2 4210 3741626509
2 4214 22265066976
2 4218 12653235245
2 4230 16635636922
2 4234 15756910208
2 4238 14257324539
2 4242 9327887873
2 4246 18042690133
2 4250 14010397129
2 4254 22055710447
2 4266 21993669066
2 4270 12652324089
2 4278 16448981810
2 4290 13122376539
2 4294 21850254364
2 4298 10415601654
2 4302 7238514600
2 4310 -848263801
2 4314 14686620162
2 4318 2336767533
2 4326 8371269062
2 4330 -599872698
2 4334 20241596886
2 4338 1291582928
2 4342 17822606508
2 4346 21588815517
2 4350 12865006424
2 4354 13764452525
2 4362 -1334638705
2 4366 9051588173
2 4370 16102687457
2 4374 32175923264
2 4378 17644919587
2 4382 13490941450
2 4386 11899400864
2 4390 10462356799
2 4398 21333558944
2 4402 287145492
2 4410 15956631335
2 4422 15913329755
2 4430 1454094232
2 4434 21160350077
2 4438 5714523442
2 4446 15827427840
2 4450 17333649372
2 4454 13459868291
2 4458 21046431638
2 4462 21027564374
2 4466 15756548182
2 4470 7323647137
2 4482 16965302537
2 4490 13541277484
2 4494 8008462400
2 4498 20859269061
2 4506 50021343
2 4510 12400869126
2 4514 16651465139
2 4518 20766930553
2 4522 15561420651
2 4526 12657112692
2 4530 7854897267
2 4542 20657197763
2 4550 15465658061
2 4554 15452073821
2 4558 16458206401
2 4566 20548618536
2 4570 4187480047
2 4578 15371066880
2 4582 20476864303
2 4590 15330881085
2 4598 18958444131
2 4602 15290904864
2 4606 9978531264
2 4610 16783432951
2 4614 -2509416763
2 4626 20282099489
2 4630 20264577158
2 4634 734996686
2 4638 20229623165
2 4642 17779919397
2 4646 16300762314
2 4650 15133063264
2 4654 9309898210
2 4658 16392144922
2 4662 15094110720
2 4670 8916226448
2 4674 15055358190
2 4686 10896639349
2 4690 11176521143
2 4698 16002832044
2 4706 11377595876
2 4710 6134753209
2 4718 1181172409
2 4722 64398929
2 4726 11532938836
2 4730 14877112936
2 4734 17484603380
2 4738 3816665249
2 4746 11534699735
2 4750 19752629945
2 4758 11356093066
2 4770 10821435200
2 4774 10532756112
2 4790 5283561962
2 4794 10882145371
2 4806 16644051773
2 4810 14629676544
2 4814 19490027469
2 4818 8202400807
2 4826 7670717566
2 4830 11655278541
2 4838 12715248195
2 4842 15943851163
2 4850 12639309300
2 4858 1060001119
2 4862 14473209416
2 4866 19281749330
2 4870 -196142846
2 4878 15942057170
2 4886 11644192194
2 4890 6825565523
2 4898 209738403
2 4902 14355108972
2 4906 19124539796
2 4910 19108959723
2 4914 14320053760
2 4922 14998894372
2 4926 99188966
2 4930 14273578942
2 4938 -55417636
2 4942 414466627
2 4950 14215907916
2 4958 6410257095
2 4962 18908704603
2 4966 3153010756
2 4970 6859504996
2 4978 18847929337
2 4982 18832796516
2 4986 18817687975
2 4990 1110031514
2 4994 1211706797
2 4998 14079380590
2 5002 10314802394
2 5010 6488945999
2 5014 18712603159
2 5018 -47510618
2 5022 14502589075
2 5026 7726187766
2 5030 -1090600098
2 5038 3910580354
2 5046 18593934252
2 5050 6675044415
2 5054 15131031173
2 5058 649198736
2 5066 10434214752
2 5070 10254970933
2 5074 6133051870
2 5082 10019188070
2 5090 18433200833
2 5094 14340542905
2 5106 13781579353
2 5110 9631191725
2 5122 14388568391
2 5126 1441202559
2 5130 13717104128
2 5134 10100481644
2 5138 -774427366
2 5146 6424541053
2 5150 10120954447
2 5162 5670079738
2 5166 9401584370
2 5170 13610975665
2 5174 4244876779
2 5190 5954710028
2 5194 18064110944
2 5198 4917455738
2 5202 14064467790
2 5206 13758070667
2 5210 18008635746
2 5214 9652888699
2 5222 4985423791
2 5226 9226529030
2 5230 -153965237
2 5238 9380293473
2 5246 10036190275
2 5250 9602061427
2 5254 8113582756
2 5258 7854908724
2 5262 17830671274
2 5270 9459566257
2 5274 10427160340
2 5278 13332463847
2 5282 9473410967
2 5290 10323870060
2 5302 1518716999
2 5306 17682810449
2 5310 5706534692
2 5330 7685950654
2 5334 2723215065
2 5338 13775297446
2 5346 17550503599
2 5350 13741023930
2 5358 9319245407
2 5362 -2389388076
2 5370 2140174951
2 5382 13074831694
2 5390 11581251444
2 5394 9016014958
2 5402 7897852749
2 5406 9036490002
2 5410 130331910
2 5418 9445968309
2 5430 5656493883
2 5434 12949713688
2 5446 3154783974
2 5450 17215594907
2 5454 1110070018
2 5470 161645629
2 5474 12855086625
2 5478 5606490424
2 5486 17102623448
2 5490 5009850582
2 5494 13276210843
2 5502 6520206540
2 5510 12771096949
2 5518 4632662133
2 5522 16991124998
2 5526 5985559701
2 5530 12724908531
2 5538 5407330530
2 5542 4803134787
2 5546 1212941048
2 5550 10189269244
2 5558 16881070932
2 5562 13067421749
2 5566 12729984067
2 5570 -25254989
2 5586 8567611293
2 5590 12588326330
2 5598 13218461347
2 5610 10034758528
2 5614 -803548780
2 5626 7680368973
2 5630 2630102405
2 5634 3376137695
2 5642 8394121404
2 5650 8346350047
2 5654 8661448490
2 5658 2207655710
2 5662 1253449804
2 5670 8786247472
2 5678 8967591443
2 5690 16489453820
2 5694 4183914373
2 5698 12349726955
2 5706 2345024199
2 5710 16431697415
2 5718 16408707981
2 5726 16385782788
2 5730 1296874971
2 5734 7955394107
2 5738 4945833482
2 5742 12255093032
2 5746 12895278429
2 5750 12262847720
2 5754 1536963207
2 5762 8101091658
2 5766 16272111037
2 5770 -5625425075
2 5778 12487697867
2 5782 10800212771
2 5786 -465317764
2 5790 753898174
2 5798 -2895436927
2 5810 -221375436
2 5814 12103327174
2 5822 1582155477
2 5830 7775527129
2 5838 1895011975
2 5842 1932848157
2 5846 12052698015
2 5850 12028845160
2 5858 4861840739
2 5866 -714364211
2 5870 -3644766739
2 5874 1432584261
2 5882 7797623205
2 5886 15940365654
2 5890 7863026850
2 5894 -1736036747
2 5902 11840144782
2 5910 116074207
2 5918 12229706607
2 5922 7891554988
2 5930 -1138568504
2 5934 7975069725
2 5950 11826679695
2 5954 5005092938
2 5958 595830769
2 5962 12444908850
2 5966 11139288897
2 5970 4674757768
2 5974 6184175715
2 5978 54503061
2 5986 973596549
2 5990 -3605978095
2 5994 8121447455
2 6006 9373126099
2 6010 -4408776152
2 6014 5177020135
2 6018 7763574975
2 6026 11773670785
2 6030 6410911487
2 6034 4609456322
2 6042 7717127924
2 6050 11269667031
2 6058 7639252967
2 6062 2846105360
2 6066 2524398169
2 6070 -27327296
2 6086 187166689
2 6090 5701854175
2 6094 687445868
2 6102 4666240725
2 6106 574387784
2 6110 7519543191
2 6118 11501919612
2 6130 15305871491
2 6138 11464441868
2 6142 1545262088
2 6146 15266025422
2 6150 7222142041
2 6154 65138928
2 6162 7275245250
2 6170 15206643799
2 6174 1991639041
2 6182 7821968575
2 6190 -961025436
2 6194 1572576828
2 6202 1586437211
2 6206 11127389711
2 6210 11331520803
2 6214 3585892021
2 6222 7559047829
2 6226 10991683562
2 6230 3418292207
2 6246 7401441678
2 6254 416175371
2 6258 4150276072
2 6262 3063822533
2 6266 7372605
2 6270 8978468159
2 6278 2064994136
2 6282 1210891982
2 6286 308371509
2 6290 7359924227
2 6298 6613577373
2 6302 169426754
2 6310 8007935395
2 6314 7182057929
2 6318 8246451164
2 6322 14841030091
2 6330 -366231374
2 6342 4345608593
2 6346 11160436864
2 6350 4300794036
2 6354 3486198433
2 6358 7314338247
2 6370 6867446747
2 6386 2059416291
2 6390 457095277
2 6394 5005011064
2 6398 -3024276162
2 6402 6746663113
2 6410 -805723213
2 6422 157757414
2 6426 10950629346
2 6430 14591756181
2 6438 6950513486
2 6446 -1594286745
2 6450 7082407334
2 6454 14537494924
2 6462 3549614291
2 6466 8529895246
2 6470 14501544395
2 6474 2935781347
2 6478 2738706050
2 6482 14474697969
2 6486 4697635086
2 6490 3034985541
2 6494 2285579833
2 6498 14439056977
2 6510 6751426477
2 6526 14377105767
2 6530 -1750237334
2 6534 10214958485
2 6538 3175939374
2 6550 3789565916
2 6554 1488379768
2 6562 -222733156
2 6566 6341880327
2 6570 58670580
2 6574 394814514
2 6578 10697589570
2 6586 270545877
2 6590 14237479855
2 6594 6119783942
2 6606 3377707277
2 6610 14194401246
2 6622 6732921800
2 6630 8490949526
2 6634 6428910829
2 6642 2667382010
2 6650 10581766044
2 6666 3167673595
2 6670 3418610053
2 6674 57155987
2 6678 6345670025
2 6682 14041453493
2 6690 7130695130
2 6698 7154207849
2 6706 3120552316
2 6710 7175428809
2 6714 2745226001
2 6726 223162876
2 6730 -2177229873
2 6734 6907781533
2 6750 2654376607
2 6754 6934904992
2 6758 13883544280
2 6762 3661311665
2 6766 -1377014413
2 6786 10369694102
2 6790 6279456941
2 6794 2065048575
2 6798 550444259
2 6802 -313132432
2 6806 373694341
2 6810 367273224
2 6818 843547399
2 6822 13753297015
2 6834 7094903798
2 6838 3874675395
2 6842 10420835869
2 6846 2475262611
2 6850 2383859715
2 6854 647059852
2 6858 1658250900
2 6862 338106727
2 6870 4076576203
2 6874 13649256945
2 6878 104904251
2 6882 946224917
2 6886 3378667562
2 6890 6134986933
2 6894 9652439033
2 6902 10195413529
2 6910 -2640863614
2 6930 8123375952
2 6942 1670797011
2 6946 9262754877
2 6950 2528178686
2 6954 5331764329
2 6958 623767276
2 6966 723513555
2 6970 6133128464
2 6974 294225703
2 6986 -4445394799
2 6990 1560432620
2 6994 9981598295
2 7002 3389763383
2 7006 66726967
2 7014 3909508579
2 7018 857517853
2 7030 10009778688
2 7038 9998400708
2 7042 -2739632461
2 7046 9882594096
2 7050 5750687305
2 7062 6213802890
2 7070 1777922855
2 7074 9306137265
2 7098 2776657374
2 7102 267315174
2 7106 9902722233
2 7110 6095642188
2 7126 -2951964275
2 7130 3075786432
2 7134 6571596784
2 7138 5658688598
2 7146 -2805429116
2 7150 9841782403
2 7154 54617838
2 7170 213967706
2 7174 9090825175
2 7178 781280292
2 7182 9797931520
2 7190 5987038128
2 7194 9781588016
2 7198 3439908510
2 7202 5786443838
2 7210 2575436600
2 7218 1187672724
2 7222 4236898085
2 7230 4240502122
2 7238 6334323716
2 7242 3104702144
2 7250 9145020443
2 7254 6071520888
2 7258 -1011831081
2 7266 -189879113
2 7270 -3212760199
2 7282 1839275133
2 7290 4947158013
2 7294 9294251305
2 7298 2418852771
2 7306 -111501033
2 7310 5824858300
2 7314 3246980963
2 7322 -2637501640
2 7326 5550767131
2 7330 12800135367
2 7334 5558100642
2 7350 2198776177
2 7358 873905764
2 7362 3952958558
2 7366 85560496
2 7370 2193911834
2 7378 5623656403
2 7398 4590603309
2 7406 1868555893
2 7410 7597165364
2 7414 3758161691
2 7426 4124668036
2 7434 1287899132
2 7446 125445843
2 7450 -2136104803
2 7458 309481781
2 7462 5536691867
2 7470 2180970443
2 7474 1807624125
2 7482 2815313002
2 7486 8603924714
2 7490 6083309551
2 7498 658117522
2 7502 -99008080
2 7506 2538225331
2 7510 12493341178
2 7514 4936377951
2 7518 1071659920
2 7526 264416679
2 7530 9345118750
2 7542 1074217410
2 7546 4628577921
2 7550 5187941789
2 7562 546162328
2 7566 549303933
2 7570 -4289272569
2 7574 8586264045
2 7578 -1522913666
2 7582 8986900462
2 7590 7416995436
2 7598 6676547733
2 7602 419551770
2 7610 -4032873733
2 7614 1390015519
2 7618 12316223713
2 7622 5630698334
2 7626 -47635844
2 7630 9222640128
2 7634 4927780315
2 7638 4835508530
2 7650 9198528652
2 7654 -224022031
2 7658 8682832489
2 7670 1988696896
2 7678 -349282027
2 7682 -181914253
2 7686 5035279422
2 7690 -4951291548
2 7710 5219396577
2 7714 6060231720
2 7718 188021596
2 7722 9112761486
2 7738 292761931
2 7742 1719353466
2 7750 1289485131
2 7758 432179651
2 7766 4218446206
2 7770 3933456772
2 7774 375589009
2 7786 -105021577
2 7790 3921319356
2 7794 6704371427
2 7798 -3925936163
2 7802 46811161
2 7810 1701941830
2 7826 3752394141
2 7830 8987068224
2 7850 74905248
2 7854 3826108170
2 7866 7463954094
2 7874 123788932
2 7878 2543561702
2 7882 11903703659
2 7890 3300608394
2 7898 4817253864
2 7902 -1999887136
2 7906 1615367470
2 7910 1808691886
2 7918 1516451404
2 7922 3822901634
2 7930 663159865
2 7938 38595328
2 7942 11813773890
2 7946 -30025057
2 7950 2634352835
2 7954 999758635
2 7958 -96280017
2 7966 -1467066958
2 7974 1854702830
2 7982 -1691549902
2 7986 11748684227
2 7990 2553945460
2 7994 11736926725
2 7998 2002402926
2 8010 888180853
2 8018 2969901539
2 8022 1022742103
2 8030 773553243
2 8034 2530842633
2 8046 47658309
2 8050 8741458904
2 8058 5163720424
2 8062 268866932
2 8066 11632158720
2 8070 8719794819
2 8074 1373912680
2 8078 2463760140
2 8082 11609130443
2 8086 -1589853221
2 8094 248196371
2 8106 4723848446
2 8110 11569049598
2 8118 4099333687
2 8122 3808638903
2 8126 107458342
2 8130 1535708022
2 8134 4220533538
2 8138 4691782300
2 8142 22878068
2 8150 2176389918
2 8154 4429457215
2 8162 5598788167
2 8170 1640117950
2 8174 337098719
2 8178 2240641716
2 8190 6873625808
2 8194 3818266006
2 8206 2129624809
2 8214 11422570276
2 8218 4582764484
2 8226 4203341146
2 8230 11400363578
2 8234 51934002
2 8242 1158098706
2 8246 1940193549
2 8250 4451361265
2 8262 7174548429
2 8270 11345222762
2 8274 1651099700
2 8282 439241316
2 8294 8484295176
2 8298 11306940496
2 8302 -2347449199
2 8310 1178371508
2 8322 433379569
2 8326 289214363
2 8330 4651270557
2 8334 -1624806884
2 8338 -1957965055
2 8342 44934891
2 8346 5288979949
2 8350 294480738
2 8358 1163697253
2 8362 -33136459
2 8366 84210778
2 8370 4403661941
2 8374 957701095
2 8378 1559184015
2 8382 914351964
2 8386 11188289082
2 8398 8379226505
2 8406 -2473480832
2 8410 11156360552
2 8414 2019943965
2 8418 490828418
2 8426 11135175912
2 8430 424004464
2 8442 5095591374
2 8446 1937095275
2 8450 4249845574
2 8466 4404375288
2 8470 5015739551
2 8474 11072101988
2 8478 2859933225
2 8490 306046561
2 8494 2838394255
3 2187 128703693054
3 4374 32175923263
3 729 386111079164
3 1458 96527769791
3 2916 48263884895
3 3645 46722237621
3 5103 35502574090
3 5832 38563972277
3 7290 28716791891
3 8019 37323965888
3 243 1158333237492
3 486 289583309373
3 972 144791654686
3 1215 115833323749
3 1701 82738088392
3 1944 72395827343
3 2430 38611107916
3 2673 52651510795
3 3159 44551278365
3 3402 27579362797
3 3888 36197913671
3 4131 34068624632
3 4617 30482453618
3 4860 19305553958
3 5346 17550503598
3 5589 25181157337
3 6075 23166664750
3 6318 28058376039
3 6804 21648621242
3 7047 19971262715
3 7533 18682794153
3 7776 25927011706
3 8262 19719527776
3 81 3474999712477
3 162 868749928119
3 324 434374964059
3 405 347499971248
3 567 248214265177
3 648 217187482029
3 810 115833323749
3 891 157954532385
3 1053 133653835095
3 1134 82738088392
3 1296 108593741014
3 1377 102205873896
3 1539 91447360855
3 1620 57916661874
3 1782 52651510795
3 1863 75543472010
3 2025 69499994250
3 2106 44551278365
3 2268 41369044196
3 2349 59913788146
3 2511 56048382459
3 2592 54296870507
3 2754 34068624632
3 2835 33095235358
3 2997 46959455574
3 3078 30482453618
3 3240 28958330937
3 3321 42378045274
3 3483 40406973401
3 3564 26325755397
3 3726 25181157336
3 3807 36968082048
3 3969 35459180740
3 4050 28075251137
3 4212 22275639182
3 4293 32783016155
3 4455 21060604318
3 4536 29378543388
3 4698 27908124059
3 4779 29449150106
3 4941 28483604201
3 5022 27043204309
3 5184 27148435253
3 5265 27488726042
3 5427 25932833675
3 5508 28323345426
3 5670 23284110625
3 5751 27114401814
3 5913 14985034890
3 5994 28233545804
3 6156 22844244597
3 6237 27974080657
3 6399 21993669066
3 6480 28102835418
3 6642 25301315719
3 6723 26887592774
3 6885 21541890686
3 6966 26194231133
3 7128 29396679608
3 7209 26372886994
3 7371 25163059735
3 7452 27000600983
3 7614 22316389763
3 7695 28249067479
3 7857 15503914087
3 7938 26718034516
3 8100 26155502360
3 8181 -11537973994
3 8343 14358726816
3 8424 26425329931
3 27 10424999137431
3 54 2606249784357
3 108 1303124892178
3 135 1042499913743
3 189 744642795531
3 216 651562446089
3 270 347499971247
3 297 473863597156
3 351 400961505286
3 378 248214265176
3 432 325781223044
3 459 306617621689
3 513 274342082564
3 540 173749985623
3 594 157954532385
3 621 226630416031
3 675 208499982749
3 702 133653835095
3 756 124107132588
3 783 179741364438
3 837 168145147378
3 864 162890611522
3 918 102205873896
3 945 99285706072
3 999 140878366722
3 1026 91447360854
3 1080 86874992811
3 1107 127134135822
3 1161 121220920203
3 1188 78977266192
3 1242 75543472010
3 1269 110904246143
3 1323 106377542219
3 1350 69499994249
3 1404 66826917547
3 1431 98349048466
3 1485 63181812954
3 1512 62053566294
3 1566 59913788146
3 1593 88347450317
3 1647 85450812602
3 1674 56048382459
3 1728 81445305761
3 1755 53461534038
3 1809 77798501026
3 1836 51102936948
3 1890 37232139776
3 1917 73415486883
3 1971 71404103681
3 1998 46959455574
3 2052 45723680427
3 2079 45129866397
3 2133 65981007199
3 2160 43437496405
3 2214 42378045274
3 2241 62801199623
3 2295 40882349559
3 2322 40406973400
3 2376 39488633096
3 2403 58567410884
3 2457 38186810027
3 2484 37771736005
3 2538 36968082047
3 2565 36578944343
3 2619 53737108956
3 2646 35459180739
3 2700 34749997124
3 2727 51608906621
3 2781 50606791929
3 2808 33413458773
3 2862 32357295510
3 2889 48714949240
3 2943 47821096961
3 2970 23693179857
3 3024 31026783147
3 3051 46128314767
3 3105 30217388804
3 3132 29956894073
3 3186 29449150105
3 3213 29201678256
3 3267 43078508832
3 3294 28483604200
3 3348 28024191229
3 3375 41699996550
3 3429 27311320349
3 3456 40722652880
3 3510 20048075264
3 3537 39790073044
3 3591 26127817387
3 3618 25932833675
3 3672 25551468474
3 3699 38047442107
3 3753 19067378203
3 3780 18616069888
3 3834 20357714343
3 3861 24300697290
3 3915 23965515259
3 3942 19827308241
3 3996 23479727787
3 4023 34983218582
3 4077 34519864693
3 4104 22861840213
3 4158 16923699898
3 4185 22419352985
3 4239 25295662261
3 4266 21993669066
3 4320 21718748202
3 4347 21583849147
3 4401 -391443255
3 4428 21189022637
3 4482 16965302535
3 4509 31212572268
3 4563 11112900816
3 4590 15330881084
3 4644 20203486700
3 4671 12284032946
3 4725 19857141214
3 4752 19744316548
3 4806 16644051771
3 4833 378504535
3 4887 8916290179
3 4914 14320053760
3 4968 18885868002
3 4995 18783782230
3 5049 18582886164
3 5076 18484041023
3 5130 13717104128
3 5157 23125010893
3 5211 27007769786
3 5238 9380293471
3 5292 12785325982
3 5319 26459388674
3 5373 18307827916
3 5400 17374998562
3 5454 1244670759
3 5481 17118225185
3 5535 16951218110
3 5562 13067421749
3 5616 16706729386
3 5643 16626792883
3 5697 20583624639
3 5724 16391508077
3 5778 12487697866
3 5805 15297470104
3 5859 16013823561
3 5886 15940365653
3 5940 11846589928
3 5967 15723980600
3 6021 16316501084
3 6048 15513391573
3 6102 4666240724
3 6129 448666273
3 6183 18641842064
3 6210 11331520801
3 6264 14978447036
3 6291 18742082092
3 6345 10528377131
3 6372 10744870429
3 6426 10950629346
3 6453 6464696910
3 6507 2690421479
3 6534 10214958485
3 6588 429705997
3 6615 9871077958
3 6669 14068824748
3 6696 9830435831
3 6750 2654376605
3 6777 20766930553
3 6831 13482131927
3 6858 1481661660
3 6912 12604381034
3 6939 16256651135
3 6993 13416987308
3 7020 10024037632
3 7074 9306137265
3 7101 17330338307
3 7155 9035022976
3 7182 9797931520
3 7236 9164907943
3 7263 19377321817
3 7317 19004946039
3 7344 12775734237
3 7398 4590603308
3 7425 12636362592
3 7479 -2010998182
3 7506 2991126218
3 7560 9308034944
3 7587 1987942810
3 7641 14340542905
3 7668 4166844859
3 7722 9112761483
3 7749 8674542281
3 7803 -1931527587
3 7830 8987068221
3 7884 321625585
3 7911 17790100917
3 7965 3890792343
3 7992 11739863893
3 8046 4352426627
3 8073 11184346905
3 8127 6781573633
3 8154 5458195956
3 8208 11430920106
3 8235 2619883920
3 8289 2361455816
3 8316 8461849949
3 8370 4403661938
3 8397 16760448774
3 8451 5477725008
3 8478 4472271312
3 9 31274997412295
3 18 7818749353073
3 36 3909374676536
3 45 3127499741230
3 63 2233928386593
3 72 1954687338268
3 90 1042499913743
3 99 1421590791468
3 117 1202884515858
3 126 744642795530
3 144 977343669134
3 153 919852865068
3 171 823026247692
3 180 521249956871
3 198 473863597155
3 207 679891248093
3 225 625499948246
3 234 400961505285
3 252 372321397765
3 261 539224093315
3 279 504435442134
3 288 488671834567
3 306 306617621689
3 315 297857118213
3 333 422635100166
3 342 274342082563
3 360 260624978435
3 369 381402407467
3 387 363662760608
3 396 236931798577
3 414 226630416031
3 423 332712738429
3 441 319132626656
3 450 208499982748
3 468 200480752642
3 477 295047145399
3 495 189545438863
3 504 186160698882
3 522 179741364438
3 531 265042350952
3 549 256352437806
3 558 168145147377
3 576 244335917283
3 585 160384602115
3 603 233395503077
3 612 153308810844
3 630 111696419329
3 639 220246460650
3 657 214212311043
3 666 140878366722
3 684 137171041281
3 693 135389599188
3 711 197943021597
3 720 130312489217
3 738 127134135822
3 747 188403598869
3 765 122647048677
3 774 121220920202
3 792 118465899288
3 801 175702232653
3 819 114560430083
3 828 113315208015
3 846 110904246142
3 855 109736833026
3 873 161211326868
3 882 106377542218
3 900 104249991374
3 909 154826719863
3 927 151820375788
3 936 100240376321
3 954 98349048466
3 963 146144847721
3 981 143463290882
3 990 71079539573
3 1008 93080349441
3 1017 138384944302
3 1035 90652166413
3 1044 89870682219
3 1062 88347450317
3 1071 87605034769
3 1089 129235526497
3 1098 85450812601
3 1116 84072573688
3 1125 125099989649
3 1143 123129911072
3 1152 122167958641
3 1170 60144225792
3 1179 119370219131
3 1197 78383452161
3 1206 77798501025
3 1224 76654405422
3 1233 114142326322
3 1251 112499990692
3 1260 55848209664
3 1278 73415486883
3 1287 72902091870
3 1305 71896545776
3 1314 71404103681
3 1332 70439183361
3 1341 104949655746
3 1359 103559594080
3 1368 68585520640
3 1386 50771099695
3 1395 67258058951
3 1413 99601902587
3 1422 65981007198
3 1440 65156244608
3 1449 64751547438
3 1467 95935574884
3 1476 63567067911
3 1494 62801199623
3 1503 93637716803
3 1521 92529578143
3 1530 45992643253
3 1548 60610460101
3 1557 90390165931
3 1575 59571423643
3 1584 59232949644
3 1602 58567410884
3 1611 87360327967
3 1629 86395020476
3 1638 42960161280
3 1656 56657604007
3 1665 56351346690
3 1683 55748658490
3 1692 55452123071
3 1710 41151312384
3 1719 81871720975
3 1737 81023309358
3 1746 53737108955
3 1764 53188771109
3 1773 79378166021
3 1791 78580395508
3 1800 52124995687
3 1818 51608906620
3 1827 51354675555
3 1845 50853654330
3 1854 50606791929
3 1872 50120188160
3 1881 49880378649
3 1899 74111368276
3 1908 49174524233
3 1926 48714949240
3 1935 48488368081
3 1953 48041470680
3 1962 47821096960
3 1980 35539769786
3 1989 47171941799
3 2007 70123312584
3 2016 46540174720
3 2034 41958518923
3 2043 68887659498
3 2061 68286020551
3 2070 33994562404
3 2088 44935341109
3 2097 42636826297
3 2115 44361698457
3 2124 44173725158
3 2142 32851888038
3 2151 65428864879
3 2169 56852699609
3 2178 43078508832
3 2196 42725406300
3 2205 42551016888
3 2223 42206474241
3 2232 42036286844
3 2250 41699996549
3 2259 62300791658
3 2277 41205530188
3 2286 41043303690
3 2304 61083979320
3 2313 60846298468
3 2331 40250961921
3 2340 30072112896
3 2358 39790073043
3 2367 59458169985
3 2385 39339619387
3 2394 29393794560
3 2412 38899250512
3 2421 58131965450
3 2439 57702947255
3 2448 38327202711
3 2466 34021993753
3 2475 37909087773
3 2493 56453063921
3 2502 13580506796
3 2520 27924104832
3 2529 51821986104
3 2547 55256179174
3 2556 36707743441
3 2574 27338284451
3 2583 36324038807
3 2601 54108992063
3 2610 26961204665
3 2628 35702051840
3 2637 53370302751
3 2655 35338980128
3 2664 35219591680
3 2682 34983218581
3 2691 34866217852
3 2709 34634548630
3 2718 27769015295
3 2736 34292760320
3 2745 34180325042
3 2763 50936477870
3 2772 25385549847
3 2790 25221772106
3 2799 50281346322
3 2817 45969016951
3 2826 21135183667
3 2844 32990503599
3 2853 20867088105
3 2871 32680248081
3 2880 32578122304
3 2898 24281830289
3 2907 32275539125
3 2925 32076920424
3 2934 25670087155
3 2952 31783533955
3 2961 31686927470
3 2979 -326643527
3 2988 27274367036
3 3006 20268683513
3 3015 31119400410
3 3033 18782743904
3 3042 30843192714
3 3060 22996321626
3 3069 30571844979
3 3087 45590375237
3 3096 30305230050
3 3114 30130055310
3 3123 45064837770
3 3141 44806586551
3 3150 22339283865
3 3168 29616474822
3 3177 39978459164
3 3195 25169832621
3 3204 26712619724
3 3222 19047423738
3 3231 43558492218
3 3249 43317170931
3 3258 21980390195
3 3276 21480080640
3 3285 13052897917
3 3303 -893820246
3 3312 28328802003
3 3330 21131755008
3 3339 28099728133
3 3357 -2845115449
3 3366 20905746933
3 3384 27726061535
3 3393 27652517607
3 3411 41259891045
3 3420 20575656192
3 3438 23338490577
3 3447 29878553022
3 3465 20308439878
3 3474 23378609094
3 3492 21311287169
3 3501 8930671377
3 3519 26662401886
3 3528 26594385554
3 3546 22551840480
3 3555 26392402880
3 3573 39389165507
3 3582 22285916976
3 3600 26062497843
3 3609 1194160497
3 3627 25868484213
3 3636 25804453310
3 3654 19258003332
3 3663 25614248496
3 3681 8492788737
3 3690 19070120373
3 3708 21058377699
3 3717 25242128662
3 3735 25120479849
3 3744 25060094080
3 3762 18705141992
3 3771 404997706
3 3789 37143702390
3 3798 17605975678
3 3816 24587262116
3 3825 24529409735
3 3843 24414517886
3 3852 21065216037
3 3870 18183138030
3 3879 -1922278388
3 3897 -1733363004
3 3906 18015551504
3 3924 23910548480
3 3933 23855833267
3 3951 35620725982
3 3960 17769884893
3 3978 17689478174
3 3987 971267281
3 4005 21112050948
3 4014 23374437527
3 4032 23270087360
3 4041 -1505042988
3 4059 23115297422
3 4068 18765454738
3 4086 5600653778
3 4095 17184064513
3 4113 -2168045866
3 4122 18707464616
3 4140 16997281202
3 4149 30351761546
3 4167 33774295262
3 4176 22467670554
3 4194 11161632742
3 4203 11745689477
3 4221 18062760308
3 4230 16635636921
3 4248 10888240345
3 4257 22040167310
3 4275 21947366605
3 4284 16425944019
3 4302 7238514599
3 4311 21775486651
3 4329 21673594880
3 4338 3492672981
3 4356 17300658267
3 4365 4620666467
3 4383 32109853606
3 4392 21362703150
3 4410 15956631332
3 4419 31848266204
3 4437 21146042875
3 4446 15827427840
3 4464 21018143422
3 4473 6307708101
3 4491 19990552480
3 4500 20849998274
3 4518 20766930552
3 4527 -2977422539
3 4545 11302573271
3 4554 15452073820
3 4572 12447637464
3 4581 27288530732
3 4599 16346630246
3 4608 -361300103
3 4626 20282099489
3 4635 12087360787
3 4653 20164408390
3 4662 15094110720
3 4680 15036056448
3 4689 30014392910
3 4707 8986838184
3 4716 19895036521
3 4734 17484603380
3 4743 19781782045
3 4761 18507111312
3 4770 10821435197
3 4788 14696897280
3 4797 19559097820
3 4815 19485979696
3 4824 8870045855
3 4842 15943851161
3 4851 19341371313
3 4869 25103294629
3 4878 15942057168
3 4896 19163601355
3 4905 19128438784
3 4923 25018689064
3 4932 3950810517
3 4950 14215907914
3 4959 18920143625
3 4977 10728047352
3 4986 18817687973
3 5004 6842381032
3 5013 28074503961
3 5031 18649372340
3 5040 13962052416
3 5058 741662744
3 5067 -1699079415
3 5085 18451325908
3 5094 14340542905
3 5112 12784676383
3 5121 8218285466
3 5139 27386162358
3 5148 13669142225
3 5166 9401584369
3 5175 18130433283
3 5193 -3117965633
3 5202 14064467789
3 5220 13480602332
3 5229 17943199892
3 5247 17881645177
3 5256 9281834780
3 5274 10427160340
3 5283 23097703725
3 5301 17699489199
3 5310 5706534690
3 5328 17609795840
3 5337 -1202445740
3 5355 13140755216
3 5364 2908933144
3 5382 13074831694
3 5391 -4854769488
3 5409 -2568312219
3 5418 9445968309
3 5436 2261901749
3 5445 5804985886
3 5463 -52041243
3 5472 17146380160
3 5490 5009850581
3 5499 14607898520
3 5517 25509785818
3 5526 5985559699
3 5544 12692774923
3 5553 25344406331
3 5571 -1829020741
3 5580 8043141638
3 5598 13218461347
3 5607 9128562305
3 5625 9796750126
3 5634 3376137693
3 5652 -191507024
3 5661 16573925498
3 5679 24782089867
3 5688 12303523772
3 5706 2345024199
3 5715 8405558826
3 5733 16365775727
3 5742 12255093029
3 5760 12664595363
3 5769 5900100890
3 5787 24319593633
3 5796 12140915144
3 5814 12103327171
3 5823 24169240659
3 5841 11750578447
3 5850 12028845158
3 5868 817183836
3 5877 23947164941
3 5895 -1376482081
3 5904 11998630354
3 5922 7891554988
3 5949 23657335410
3 5958 474569420
3 5976 11492647076
3 5985 11757517824
3 6003 15629683864
3 6012 6179522196
3 6030 6410911484
3 6039 11907350690
3 6057 -3233220617
3 6066 2524398167
3 6084 7828699896
3 6093 23098225563
3 6111 8659747932
3 6120 8343079671
3 6138 11464441866
3 6165 80680085
3 6174 2082996444
3 6192 15152615025
3 6201 11067145771
3 6219 -4065113741
3 6228 4139735282
3 6246 7401441676
3 6255 1677263794
3 6273 10982897504
3 6282 1210891982
3 6300 11169641932
3 6309 -4338358301
3 6327 14829301760
3 6336 14808237411
3 6354 3486198433
3 6363 9601963289
3 6381 22055710446
3 6390 761836604
3 6408 3284890224
3 6417 14621317163
3 6435 10935313782
3 6444 6359122836
3 6462 3549614289
3 6471 -1226501259
3 6489 7015986379
3 6498 14439056977
3 6516 900132817
3 6525 14379309155
3 6543 21509626831
3 6552 10740040320
3 6570 286512460
3 6579 14261284731
3 6597 -5749302741
3 6606 3377707277
3 6624 14164401001
3 6633 9979799163
3 6660 7273618921
3 6678 6345670022
3 6705 1196170935
3 6714 2745225999
3 6732 10452873466
3 6741 7194415843
3 6759 20822235294
3 6768 10321043340
3 6786 10369694102
3 6795 -407190268
3 6813 20657197762
3 6822 13753297015
3 6840 16831717611
3 6849 -2295647000
3 6867 13663170560
3 6876 5896058827
3 6894 9652439032
3 6903 5929714501
3 6921 20334848773
3 6930 8123375951
3 6948 7400035890
3 6957 20229623164
3 6975 11941386804
3 6984 11672897
3 7002 3389763381
3 7011 6414161558
3 7029 7902818865
3 7038 9998400707
3 7056 13297192777
3 7065 5962546741
3 7083 19869756933
3 7092 11816014847
3 7110 6095642185
3 7119 1265371832
3 7137 5230595340
3 7146 -5190672381
3 7164 9012604225
3 7191 9090337955
3 7200 13031248921
3 7218 1187672722
3 7227 3444038660
3 7245 8881724745
3 7254 6071520887
3 7272 3398743746
3 7299 19281749329
3 7308 6241199907
3 7326 5550767129
3 7335 770404140
3 7353 12760096864
3 7362 3952958558
3 7380 6223343810
3 7389 19046892456
3 7407 19000605961
3 7416 6451012796
3 7434 1287899131
3 7470 2180970442
3 7488 12530047040
3 7497 11101325479
3 7515 -518592706
3 7524 9352570996
3 7542 1074217409
3 7569 -4250331284
3 7578 -1522913668
3 7596 -279094074
3 7605 5087798088
3 7623 8480669898
3 7632 9138549916
3 7650 9198528650
3 7659 12250292759
3 7686 5035279421
3 7704 5454596226
3 7740 5162099093
3 7758 550574619
3 7767 18119928976
3 7785 6490238495
3 7794 6704371426
3 7812 5383309963
3 7821 7770660700
3 7839 4384240382
3 7848 11955274240
3 7866 7463954091
3 7875 8117926932
3 7893 17830671273
3 7902 -1846412381
3 7920 8884942446
3 7956 8844739087
3 7974 1974098598
3 7983 17629649049
3 8001 2102165275
3 8010 1088405683
3 8028 11687218763
3 8037 8362414798
3 8055 1339792913
3 8064 3505314992
3 8082 11609130442
3 8091 391885602
3 8109 4253507078
3 8118 4099333686
3 8136 2763760685
3 8145 -87617928
3 8163 17240902653
3 8172 23476207
3 8190 6873625804
3 8217 4183420383
3 8226 5847674364
3 8244 4888912516
3 8253 3763127800
3 8280 8498640601
3 8298 11306940496
3 8307 64805469
3 8325 4635436223
3 8334 -1396550736
3 8352 11233835277
3 8379 -26173674
3 8388 4959475096
3 8406 -2415107453
3 8415 8362298774
3 8442 5095591373
3 8460 4388348538
3 8487 7097921830
3 8496 3085926985
3 3 93824992236885
3 6 23456248059221
3 12 11728124029610
3 15 9382499223689
3 21 6701785159778
3 24 5864062014805
3 30 3127499741229
3 33 4264772374404
3 39 3608653547573
3 42 2233928386592
3 48 2932031007402
3 51 2759558595203
3 57 2469078743076
3 60 1563749870614
3 66 1421590791467
3 69 2039673744280
3 75 1876499844738
3 78 1202884515857
3 84 1116964193296
3 87 1617672279946
3 93 1513306326401
3 96 1466015503701
3 102 919852865067
3 105 893571354637
3 111 1267905300498
3 114 823026247691
3 120 781874935307
3 123 1144207222401
3 129 1090988281824
3 132 710795395733
3 138 679891248093
3 141 998138215286
3 147 957397879968
3 150 625499948245
3 156 601442257928
3 159 885141436197
3 165 568636316587
3 168 558482096648
3 174 539224093315
3 177 795127052855
3 183 769057313417
3 186 504435442133
3 192 733007751850
3 195 481153806343
3 201 700186509230
3 204 459926432533
3 210 335089257988
3 213 660739381950
3 219 642636933129
3 222 422635100166
3 228 411513123845
3 231 406168797562
3 237 593829064790
3 240 390937467653
3 246 381402407467
3 249 565210796608
3 255 367941146027
3 258 363662760608
3 264 355397697866
3 267 527106697960
3 273 343681290245
3 276 339945624046
3 282 332712738428
3 285 329210499078
3 291 483633980603
3 294 319132626656
3 300 312749974122
3 303 464480159589
3 309 455461127364
3 312 300721128964
3 318 295047145399
3 321 438434543163
3 327 430389872646
3 330 213238618720
3 336 279241048324
3 339 415154832907
3 345 271956499238
3 348 269612046657
3 354 265042350951
3 357 262815104305
3 363 387706579491
3 366 256352437805
3 372 252217721066
3 375 375299968948
3 381 369389733216
3 384 366503875925
3 390 180432677378
3 393 358110657393
3 399 235150356484
3 402 233395503076
3 408 229963216266
3 411 342426978967
3 417 337499972075
3 420 167544628994
3 426 220246460649
3 429 218706275611
3 435 215689637326
3 438 214212311043
3 444 211317550083
3 447 314848967238
3 453 310678782241
3 456 205756561922
3 462 152313299085
3 465 201774176854
3 471 298805707761
3 474 197943021596
3 480 195468733826
3 483 194254642313
3 489 287806724653
3 492 190701203733
3 498 188403598869
3 501 280913150410
3 507 277588734429
3 510 137977929760
3 516 181831380304
3 519 271170497794
3 525 178714270928
3 528 177698848933
3 534 175702232653
3 537 262080983902
3 543 259185061428
3 546 128880483841
3 552 169972812023
3 555 169054040067
3 561 167245975468
3 564 166356369214
3 570 123453937153
3 573 245615162924
3 579 243069928075
3 582 161211326867
3 588 159566313328
3 591 238134498063
3 597 235741186525
3 600 156374987061
3 606 154826719862
3 609 154064026662
3 615 152560962988
3 618 151820375787
3 624 150360564482
3 627 149641135945
3 633 222334104827
3 636 147523572699
3 642 146144847721
3 645 145465104243
3 651 144124412038
3 654 143463290882
3 660 106619309360
3 663 141515825395
3 669 210369937751
3 672 139620524162
3 678 138384944302
3 681 206662978495
3 687 204858061653
3 690 101983687214
3 696 134806023328
3 699 201341185058
3 705 133085095372
3 708 132521175475
3 714 98555664114
3 717 196286594638
3 723 194657660243
3 726 129235526497
3 732 128176218902
3 735 127653050663
3 741 126619422723
3 744 126108860533
3 750 125099989649
3 753 186902374974
3 759 123616590563
3 762 123129911072
3 768 183251937962
3 771 182538895403
3 777 120752885763
3 780 90216338689
3 786 119370219130
3 789 178374509956
3 795 118018858160
3 798 88181383681
3 804 116697751538
3 807 174395896351
3 813 173108841765
3 816 114981608133
3 822 114142326322
3 825 113727263318
3 831 169359191763
3 834 112499990691
3 840 83772314497
3 843 166948384763
3 849 165768537521
3 852 110123230324
3 858 82014853353
3 861 108972116419
3 867 162326976188
3 870 80883613997
3 876 107106155521
3 879 160110908254
3 885 106016940381
3 888 105658775041
3 894 104949655745
3 897 104598653554
3 903 103903645888
3 906 103559594080
3 912 102878280961
3 915 102540975122
3 921 152809433611
3 924 76156649542
3 930 75665316320
3 933 150844038966
3 939 149880179292
3 942 99601902586
3 948 98971510798
3 951 147988946746
3 957 98040744239
3 960 97734366913
3 966 72845490867
3 969 96826617376
3 975 96230761269
3 978 95935574884
3 984 95350601866
3 987 95060782408
3 993 141729595524
3 996 94201799434
3 1002 93637716803
3 1005 93358201232
3 1011 139206219936
3 1014 92529578142
3 1020 68988964880
3 1023 91715534934
3 1029 136771125710
3 1032 90915690152
3 1038 90390165931
3 1041 135194513310
3 1047 134419759652
3 1050 67017851597
3 1056 88849424466
3 1059 132896589571
3 1065 88098584261
3 1068 87851116326
3 1074 87360327967
3 1077 130675476653
3 1083 129951512793
3 1086 86395020475
3 1092 64440241920
3 1095 85684924417
3 1101 127826964900
3 1104 84986406011
3 1110 63395265024
3 1113 84299184401
3 1119 125770767074
3 1122 62717240800
3 1128 83178184607
3 1131 82957552819
3 1137 123779673136
3 1140 61726968576
3 1146 81871720974
3 1149 122486935035
3 1155 60925319635
3 1158 81023309358
3 1164 80605663433
3 1167 120597676397
3 1173 79987205658
3 1176 79783156664
3 1182 79378166021
3 1185 79177208640
3 1191 118167496520
3 1194 78580395508
3 1200 78187493530
3 1203 116988768375
3 1209 77605452637
3 1212 77413359931
3 1218 57774009998
3 1221 76842745486
3 1227 114700479507
3 1230 57210361120
3 1236 75910187893
3 1239 75726385986
3 1245 75361439549
3 1248 75180282241
3 1254 56115425978
3 1257 39274822668
3 1263 111431107170
3 1266 74111368275
3 1272 73761786349
3 1275 73588229206
3 1281 73243553660
3 1284 73072423860
3 1290 54549414091
3 1293 104877267979
3 1299 108342947156
3 1302 54046654514
3 1308 71731645441
3 1311 71567499799
3 1317 106862177946
3 1320 53309654680
3 1326 53068434523
3 1329 5714228819
3 1335 70280893062
3 1338 70123312583
3 1344 69810262081
3 1347 104482173983
3 1353 69345892268
3 1356 69192472151
3 1362 68887659498
3 1365 51552193539
3 1371 94587092740
3 1374 68286020550
3 1380 50991843607
3 1383 101762464465
3 1389 101322885785
3 1392 67403011664
3 1398 67113728352
3 1401 100455023808
3 1407 66684429451
3 1410 49906910764
3 1416 66260587737
3 1419 66120501930
3 1425 65842099816
3 1428 49277832057
3 1434 65428864879
3 1437 97938405258
3 1443 65020784642
3 1446 64885886747
3 1452 64617763248
3 1455 64484530747
3 1461 80388759265
3 1464 64088109451
3 1470 47869893998
3 1473 95544798612
3 1479 63438128626
3 1482 47482283520
3 1488 63054430266
3 1491 62927560187
3 1497 94013018273
3 1500 62549994824
3 1506 62300791657
3 1509 89335929916
3 1515 61930687945
3 1518 46356221460
3 1524 61564955536
3 1527 92166004162
3 1533 61203517442
3 1536 91625968981
3 1542 60846298467
3 1545 60728150315
3 1551 60493225170
3 1554 45282332160
3 1560 45108169344
3 1563 90043178730
3 1569 89698845351
3 1572 59685109565
3 1578 59458169985
3 1581 59345346134
3 1587 88681467143
3 1590 44257071809
3 1596 44090691840
3 1599 58677293457
3 1605 58457939089
3 1608 58348875769
3 1614 58131965450
3 1617 58024113938
3 1623 59671045
3 1626 57702947255
3 1632 57490804066
3 1635 57385316354
3 1641 85763247017
3 1644 57071163161
3 1650 42647723744
3 1653 56760430875
3 1659 56555149028
3 1662 49032240335
3 1668 56249995345
3 1671 -97157168
3 1677 55948117017
3 1680 41886157248
3 1686 55649461587
3 1689 27969921773
3 1695 55353977722
3 1698 55256179173
3 1704 55061615162
3 1707 82447269101
3 1713 78201266657
3 1716 41007426676
3 1722 40864543657
3 1725 54391299848
3 1731 81304152718
3 1734 54108992062
3 1740 40441806998
3 1743 53829599678
3 1749 53644935527
3 1752 53553077760
3 1758 53370302751
3 1761 79919073456
3 1767 53098467593
3 1770 39756352642
3 1776 52829387520
3 1779 79110448766
3 1785 39422265648
3 1788 52474827872
3 1794 39224495082
3 1797 66962578965
3 1803 78057397868
3 1806 38963867208
3 1812 51779797040
3 1815 51694210600
3 1821 -41579462
3 1824 51439140480
3 1830 38452865670
3 1833 51186575144
3 1839 76529357453
3 1842 50936477870
3 1848 38078324771
3 1851 76033218993
3 1857 24882029478
3 1860 37832658160
3 1866 50281346322
3 1869 50200637902
3 1875 75059993790
3 1878 49960059764
3 1884 38712275379
3 1887 49721776490
3 1893 74346269601
3 1896 49485755399
3 1902 29250228713
3 1905 42706639059
3 1911 49097327179
3 1914 36765279089
3 1920 48867183456
3 1923 -73689252
3 1929 72958780900
3 1932 36422745433
3 1938 36309981515
3 1941 44923383
3 1947 48189518356
3 1950 36086535475
3 1956 47967787442
3 1959 71841494822
3 1965 47748087653
3 1968 47675300933
3 1974 35647793403
3 1977 -60300123
3 1983 -201847550
3 1986 37141815555
3 1992 47100899717
3 1995 35272553474
3 2001 46889051593
3 2004 43189697709
3 2010 35009325461
3 2013 46609534147
3 2019 69706532123
3 2022 27093475662
3 2028 46264789071
3 2031 69294676689
3 2037 46060379105
3 2040 34494482440
3 2046 34393325600
3 2049 75590630
3 2055 45656930530
3 2058 45590375236
3 2064 45457845076
3 2067 45391868524
3 2073 83089432
3 2076 32876014037
3 2082 41522850342
3 2085 38324281418
3 2091 44870871468
3 2094 36669463799
3 2100 33508925798
3 2103 137381986
3 2109 44487905281
3 2112 44424712233
3 2118 40336045574
3 2121 44236205675
3 2130 33036969097
3 2136 43925558163
3 2139 43863951491
3 2145 32805941343
3 2148 40456722900
3 2154 43558492217
3 2157 65246865255
3 2163 43377250225
3 2166 43317170931
3 2172 43197510237
3 2175 43137927465
3 2181 64528880493
3 2184 32220120960
3 2190 32131846656
3 2193 42783854189
3 2199 64000676833
3 2202 42608988300
3 2208 42493203005
3 2211 42435546015
3 2220 31697632512
3 2226 31612194149
3 2235 27848549372
3 2238 34371461583
3 2244 31358620400
3 2247 41755670778
3 2253 4569111
3 2256 41589092303
3 2262 31109082306
3 2265 41423837632
3 2271 -3140787798
3 2274 41259891045
3 2280 30863484288
3 2283 61645855609
3 2289 40989511681
3 2292 33186632485
3 2298 36871757929
3 2301 40775746300
3 2307 61004546318
3 2310 24370127853
3 2316 40511654679
3 2319 60688869493
3 2325 40354835372
3 2328 37672597016
3 2334 32364478559
3 2337 40147621839
3 2343 40044811027
3 2346 29995202121
3 2352 39891578332
3 2355 39840761036
3 2361 -6717076
3 2364 38282089163
3 2370 29691453239
3 2373 39538555516
3 2379 39438836586
3 2382 31963190823
3 2388 31273405533
3 2397 39142675109
3 2400 39093746765
3 2406 1667029165
3 2409 38947692918
3 2415 29138196349
3 2418 29102044738
3 2424 38706679965
3 2427 57988252310
3 2433 -3028536948
3 2436 28887004999
3 2442 28816029556
3 2445 34208667190
3 2451 38280290590
3 2454 11843199013
3 2460 28605180560
3 2463 -40499969
3 2469 36327087
3 2472 37955093946
3 2478 28397394744
3 2490 24052887001
3 2496 37590141120
3 2499 37545014902
3 2505 37455086721
3 2508 28057712989
3 2514 3461808642
3 2523 55781802757
3 2526 33393083842
3 2532 37055684137
3 2535 37011831257
3 2541 36924436142
3 2544 36880893174
3 2550 27595585952
3 2553 36750878275
3 2562 27466332622
3 2568 36536211930
3 2580 27274707045
3 2586 17492395908
3 2589 54359786928
3 2595 36156066373
3 2598 36114315718
3 2604 27023327257
3 2607 35989640290
3 2613 35907000474
3 2616 35865822720
3 2622 26837812424
3 2625 35742854186
3 2631 53492013818
3 2634 35620725982
3 2640 26654827340
3 2649 53128534675
3 2652 26534217261
3 2658 911075750
3 2667 23409127252
3 2670 21976196772
3 2676 35061656291
3 2679 35022393520
3 2685 22714139771
3 2688 34905131040
3 2694 16150873463
3 2697 34788651182
3 2703 34711428871
3 2706 26004709600
3 2712 34596236075
3 2715 30290332960
3 2721 51722707959
3 2724 30418381395
3 2730 20620877414
3 2739 34255199795
3 2742 34217721457
3 2748 30113281040
3 2751 34105776895
3 2760 25495921803
3 2766 30351761546
3 2769 33884070869
3 2775 33810808013
3 2778 33774295261
3 2784 33701505832
3 2793 33592908069
3 2796 18360068172
3 2802 11745689477
3 2805 25086896320
3 2814 25006661043
3 2820 24953455382
3 2829 33165426736
3 2832 33130293868
3 2838 24795188223
3 2847 32955740161
3 2850 24690787430
3 2856 24638916028
3 2865 28796605310
3 2868 24743343069
3 2874 13965531375
3 2877 32612093236
3 2883 48816333110
3 2886 24382794240
3 2892 20114705870
3 2895 32409323743
3 2904 32308881624
3 2910 23356110223
3 2919 27844151839
3 2922 80335908
3 2928 32044054725
3 2937 27971800831
3 2940 23934946999
3 2946 31848266203
3 2955 27821796487
3 2958 23789298234
3 2964 23741141760
3 2967 31622848749
3 2976 31527215133
3 2982 19499160605
3 2985 23690496843
3 2994 28045414174
3 3000 27361008900
3 3003 23432815246
3 3009 28716241659
3 3012 31150395828
3 3018 31088466612
3 3021 31057594253
3 3030 15526135414
3 3036 23178110730
3 3045 23109603999
3 3048 26727935534
3 3054 27288530732
3 3057 46037778330
3 3066 22951319040
3 3072 45812984490
3 3075 30512192598
3 3081 30452772554
3 3084 30423149233
3 3090 18958904204
3 3102 22684959438
3 3108 22641166080
3 3111 30159110330
3 3120 22554084672
3 3126 -593117436
3 3129 25814102920
3 3135 22446170393
3 3138 658181621
3 3144 29842554782
3 3156 23425867705
3 3162 22254504800
3 3165 10953027771
3 3171 29588455452
3 3174 15119309552
3 3180 22128535904
3 3192 22045345920
3 3198 22003985046
3 3201 25150869729
3 3210 21921727158
3 3216 29174437884
3 3219 29147248287
3 3225 29093020849
3 3228 29065982725
3 3234 19241281185
3 3237 28985169058
3 3243 28931542472
3 3246 42378178
3 3252 25282413685
3 3255 21618661807
3 3264 28745402033
3 3270 21519493632
3 3282 11574133
3 3288 24271179670
3 3297 20389857650
3 3300 21323861872
3 3306 21285161578
3 3315 21227373810
3 3318 17639120943
3 3324 21822161777
3 3333 22791374253
3 3336 21266894888
3 3342 62304251
3 3345 28049325034
3 3354 17184186084
3 3360 20943078624
3 3363 27899194837
3 3372 15955906534
3 3378 -3232273392
3 3381 27750663188
3 3390 15895057696
3 3396 1095805998
3 3399 27603704690
3 3405 23498056389
3 3408 27530807581
3 3414 -100740010
3 3417 27458294480
3 3423 8380081894
3 3426 -2623878416
3 3432 20503713338
3 3435 19518429424
3 3441 27266780657
3 3444 20432271828
3 3450 20396737442
3 3462 27101384239
3 3468 27054496031
3 3471 22874269906
3 3477 26984467138
3 3480 20220903499
3 3486 16272111366
3 3495 18649674776
3 3498 20116850822
3 3504 22721996646
3 3507 11300774420
3 3516 23116091433
3 3522 23097703724
3 3525 26617019074
3 3531 22451625710
3 3534 19911925347
3 3540 17442796140
3 3549 26437022327
3 3552 26414693760
3 3558 19766174629
3 3567 26303614308
3 3570 15768906258
3 3576 22153285577
3 3585 26171545953
3 3588 19612247541
3 3594 15195929066
3 3597 26084234707
3 3606 -2181405935
3 3612 19481933604
3 3615 21834189913
3 3621 21839306019
3 3624 22046672108
3 3630 19385328974
3 3633 13524914710
3 3642 37857479
3 3648 25719570240
3 3657 25656273514
3 3660 19226432835
3 3666 19194965678
3 3675 25530610133
3 3678 25509785817
3 3684 6747725880
3 3696 19039162385
3 3702 25344406330
3 3705 18992913409
3 3714 -1829020742
3 3720 18916329080
3 3723 21227388706
3 3729 17042937721
3 3732 21313197677
3 3738 14834196399
3 3741 25080190388
3 3750 3118170369
3 3756 24980029882
3 3759 16683086109
3 3765 24920316663
3 3768 21114378275
3 3774 18645666183
3 3783 24801742595
3 3786 -2533161896
3 3792 20471975177
3 3795 18542488585
3 3801 22104937751
3 3804 13086602792
3 3810 18469486660
3 3813 24606606934
3 3819 24567947692
3 3822 18411497691
3 3828 18382639544
3 3840 24433591728
3 3846 98305788
3 3855 20283943331
3 3858 24319593633
3 3864 18211372716
3 3876 18154990757
3 3882 240939832
3 3885 18112932865
3 3894 18071069383
3 3900 18043267737
3 3912 7958455353
3 3918 173358683
3 3927 17919211657
3 3930 14078057385
3 3936 23837650466
3 3939 14417928142
3 3945 21294216306
3 3948 17823896701
3 3954 10242706
3 3966 63608046
3 3972 13520216301
3 3975 23603771633
3 3984 19399611411
3 3990 14109021389
3 3993 35246052681
3 3999 23462113588
3 4002 17583394347
3 4008 19566202788
3 4011 15398882030
3 4017 23356980891
3 4020 9884981898
3 4026 13397170754
3 4029 14965163019
3 4035 19683726238
3 4038 23235510707
3 4044 4558799400
3 4047 16989700963
3 4053 19241968767
3 4056 23132394535
3 4062 23098225562
3 4065 22851809189
3 4071 23047160952
3 4074 5798550897
3 4080 17247241220
3 4089 22945706099
3 4092 17196662800
3 4098 67994071
3 4110 9026198233
3 4116 4709742396
3 4125 22745452664
3 4128 22728922538
3 4134 13053520024
3 4137 22679476006
3 4146 18485699688
3 4152 18722737608
3 4155 15551793451
3 4161 14365861497
3 4164 -183565695
3 4170 6135551355
3 4173 22483822726
3 4179 15339240017
3 4182 16826576800
3 4188 3276697215
3 4191 15324625212
3 4200 16754462899
3 4206 136364834
3 4209 18060821482
3 4215 17847316267
3 4218 12653235245
3 4224 20126257837
3 4233 18014290833
3 4236 -64021200
3 4242 9327887873
3 4245 18024288184
3 4251 22071275520
3 4254 22055710445
3 4260 8238281353
3 4263 19142112762
3 4272 12420355450
3 4278 16448981808
3 4290 13122376536
3 4296 14044103194
3 4305 13856765777
3 4308 17871697915
3 4314 14686620162
3 4323 18134616264
3 4326 8371269061
3 4332 17751037272
3 4335 21643596825
3 4344 9016338100
3 4350 12865006423
3 4362 -1334638705
3 4368 16110060480
3 4371 21465337963
3 4380 8286364763
3 4386 11899400861
3 4389 16032978851
3 4395 14335853553
3 4398 21333558944
3 4404 13604408267
3 4407 247260027
3 4416 21246601502
3 4422 15913329755
3 4425 21203388076
3 4431 17187025070
3 4434 21160350075
3 4440 15848816256
3 4452 11727913588
3 4458 21046431636
3 4470 7323647134
3 4476 6015989780
3 4485 15689798035
3 4488 15679310200
3 4494 8008462398
3 4503 16810659183
3 4506 15890012
3 4512 20794546151
3 4515 11633463802
3 4521 16626917466
3 4524 15554541153
3 4530 7854897267
3 4539 56842906
3 4542 20657197762
3 4548 20629945522
3 4551 20616346350
3 4557 20589201721
3 4560 15431742144
3 4566 20548618536
3 4575 19691078689
3 4578 15371066880
3 4584 12248712736
3 4587 12137483203
3 4596 16663870625
3 4602 15290904862
3 4605 2032140699
3 4611 20348078993
3 4614 -2509416764
3 4620 12185063926
3 4623 16314965312
3 4632 16348279146
3 4638 20229623164
3 4641 15162409866
3 4650 15133063264
3 4656 17711229528
3 4665 444754564
3 4668 -3820480156
3 4674 15055358189
3 4683 20035232168
3 4686 10896639349
3 4692 14997601060
3 4695 -1975378429
3 4704 19945789166
3 4710 6134753209
3 4719 19882388693
3 4722 -57258858
3 4728 19844541505
3 4731 18383389257
3 4740 11412255964
3 4746 11534699735
3 4755 -347825804
3 4758 11356093064
3 4764 2355106479
3 4767 8348801976
3 4773 19657446520
3 4776 12715309691
3 4785 14706111638
3 4794 10882145368
3 4800 19546873382
3 4809 15446814516
3 4812 1850589371
3 4818 8202400804
3 4830 11655278538
3 4836 14551022369
3 4845 14523992607
3 4848 11157523417
3 4866 19281749329
3 4872 14443502499
3 4875 7537381175
3 4884 14408014778
3 4890 6825565521
3 4893 -1144411621
3 4899 15037751526
3 4902 14355108971
3 4908 14909093755
3 4917 1348472424
3 4920 14302590280
3 4926 -34520709
3 4929 12951083101
3 4935 14259117361
3 4938 159416507
3 4944 10552125278
3 4947 9969373613
3 4953 4147664931
3 4956 9995421771
3 4962 18908704602
3 4965 1695302165
3 4980 10505804126
3 4983 11120422958
3 4992 14842987479
3 4998 14079380587
3 5010 6488945998
3 5016 14028856494
3 5019 10781128328
3 5025 14403965015
3 5028 583200028
3 5037 15193686827
3 5046 18593934252
3 5052 1069477306
3 5055 14936363537
3 5061 10985189344
3 5064 6955118783
3 5070 10254970932
3 5073 10342405400
3 5082 10019188069
3 5088 18440446587
3 5100 13797792976
3 5106 13781579353
3 5109 10641508844
3 5115 13510406665
3 5124 10421449935
3 5133 13966188485
3 5136 14471748168
3 5145 8674882612
3 5151 10019091654
3 5160 13637353522
3 5172 762052976
3 5181 1207131585
3 5187 13566366720
3 5190 5954710026
3 5196 2804786478
3 5205 13947751623
3 5208 8706771356
3 5214 9652888696
3 5217 17984472348
3 5226 9226529028
3 5232 17932911360
3 5235 -1482479926
3 5244 12948631409
3 5250 9602061425
3 5253 9338517679
3 5262 17830671272
3 5268 830209718
3 5271 17800226189
3 5280 13327413670
3 5289 14584565718
3 5295 6081869569
3 5304 13267108630
3 5307 13883120673
3 5313 13244634703
3 5316 1825835354
3 5325 7961690356
3 5334 2723215065
3 5340 1592957296
3 5343 6867786141
3 5352 17530828145
3 5358 9319245405
3 5370 2140174951
3 5376 9866184412
3 5379 414937883
3 5385 -2115544554
3 5388 -6303573801
3 5394 9016014958
3 5397 17384656705
3 5406 9036490001
3 5412 9088366288
3 5415 13893397718
3 5421 4790700895
3 5424 13340897621
3 5430 5656493882
3 5439 17250412253
3 5448 5406665
3 5451 13900720285
3 5457 13651524070
3 5460 10310438707
3 5475 8944777804
3 5478 5606490421
3 5484 -3517234578
3 5487 592253310
3 5496 9275526340
3 5502 6520206539
3 5505 1068490786
3 5511 9568403244
3 5520 12747960901
3 5523 9122201880
3 5529 648543292
3 5532 16960410744
3 5538 5407330527
3 5550 10189269241
3 5556 16887147630
3 5559 16878034222
3 5565 12644877662
3 5568 16850752916
3 5577 12703394877
3 5586 8567611290
3 5592 1134396698
3 5595 16769435611
3 5604 2166673801
3 5610 10034758528
3 5628 4954363242
3 5640 8569179498
3 5649 -3315975126
3 5655 12443632924
3 5658 2207655710
3 5664 12408304123
3 5673 10444494869
3 5676 8596085217
3 5685 16503956418
3 5691 16486556359
3 5694 4183914373
3 5700 12345393715
3 5709 8503933795
3 5712 12319458014
3 5718 16408707981
3 5727 12319444571
3 5730 1296874971
3 5736 12815228792
3 5745 16331591338
3 5748 -4325454530
3 5754 1536963207
3 5757 8433268602
3 5763 9752377268
3 5766 16272111036
3 5772 10755920830
3 5775 12185063929
3 5781 2397312822
3 5784 -32035954
3 5790 753898172
3 5808 14707275495
3 5811 5299708664
3 5817 4260622576
3 5820 3753578902
3 5829 11857645443
3 5835 2339744487
3 5838 1895011974
3 5844 8247270712
3 5856 10237762214
3 5865 11998080850
3 5871 11830253741
3 5874 875279746
3 5880 8675214916
3 5883 12406506920
3 5889 207874107
3 5892 15924133101
3 5901 12072370685
3 5907 794025131
3 5910 116074207
3 5916 11894649117
3 5925 11564539207
3 5928 11870570880
3 5934 7975069723
3 5943 104238425
3 5952 15763607566
3 5955 4372471105
3 5964 4691753311
3 5970 4674757768
3 5973 -199419869
3 5988 -788770238
3 6000 15637498706
3 6006 9373126097
3 6015 -2644624186
3 6018 7763574972
3 6024 -543338384
3 6027 10112975185
3 6036 12251974723
3 6042 7717127922
3 6045 11640817896
3 6060 7704455796
3 6063 7323827913
3 6069 15459712019
3 6072 11589055365
3 6090 5701854172
3 6096 7520873075
3 6099 11754507489
3 6105 11526411824
3 6108 11927530038
3 6123 10614591506
3 6132 2966160849
3 6135 8160518562
3 6141 1075095856
3 6144 22906492245
3 6150 7222142041
3 6153 7885717353
3 6162 7275245248
3 6168 11156998560
3 6171 15204179589
3 6177 5409579467
3 6180 3671030778
3 6195 7557449006
3 6204 7773419777
3 6213 15101399040
3 6216 8008866664
3 6222 7559047826
3 6225 7196309045
3 6231 7168471472
3 6240 11277042336
3 6252 15007196455
3 6258 4150276069
3 6270 8978468156
3 6276 -645610490
3 6279 11206998597
3 6285 1014427032
3 6288 10964056975
3 6303 1055090176
3 6312 4863836667
3 6315 978260070
3 6321 1346536351
3 6324 7013137782
3 6330 -58348399
3 6342 3476843592
3 6348 -1575722375
3 6351 6508085649
3 6357 2685976159
3 6360 7676466193
3 6369 8627661790
3 6375 10453243931
3 6384 11022672960
3 6396 11001992523
3 6402 6746663112
3 6405 3624671640
3 6420 7031393657
3 6432 10348622793
3 6438 6950513484
3 6441 695396295
3 6447 3138961959
3 6450 7082407334
3 6456 10963931420
3 6465 3227057467
3 6468 6722678552
3 6474 2935781346
3 6477 2942829098
3 6486 4999801270
3 6492 9768766
3 6495 14445726288
3 6501 -192746718
3 6504 10992266158
3 6510 6751426476
3 6513 3461913831
3 6519 5958220968
3 6528 7937803245
3 6531 10824111522
3 6540 10759746816
3 6549 10169770755
3 6555 10735124972
3 6564 10724814560
3 6567 6545683279
3 6573 1817205198
3 6576 216742024
3 6585 1489727941
3 6594 6119783942
3 6600 10661930936
3 6603 764030735
3 6612 10642580789
3 6630 8490949523
3 6636 7292374066
3 6645 -505229970
3 6648 2762972472
3 6657 3912321684
3 6666 3167673594
3 6672 6125573797
3 6675 2699216115
3 6681 2797152597
3 6684 -112534691
3 6690 7130695128
3 6693 854478870
3 6699 6547145038
3 6708 10490271940
3 6720 10471539312
3 6726 223162873
3 6735 1949148495
3 6744 -53740238
3 6747 10120082003
3 6756 1553186267
3 6762 3661311664
3 6765 5349223755
3 6771 4257972986
3 6780 2214017013
3 6783 10374280433
3 6789 1177956886
3 6792 2897660234
3 6798 550444258
3 6810 240864121
3 6816 639564007
3 6825 10310438708
3 6828 -119930786
3 6834 7094903795
3 6837 3441409732
3 6846 2475262608
3 6852 9942462631
3 6855 3045660343
3 6864 10251856669
3 6870 4076576201
3 6873 6647777342
3 6882 3466185122
3 6888 6008895339
3 6897 9696191438
3 6900 10198368721
3 6909 6755918668
3 6915 9999268654
3 6924 4189434833
3 6936 6084588427
3 6942 1670797010
3 6945 13509718105
3 6951 -280977176
3 6954 5331764327
3 6960 10110451749
3 6963 358382169
3 6969 2487035542
3 6972 2908890383
3 6981 22036812
3 6987 2969472246
3 6990 1560432617
3 6996 5938260625
3 7005 814354440
3 7008 158115828
3 7014 3909508577
3 7032 13342575687
3 7035 1988545009
3 7044 -3618212974
3 7050 5750687302
3 7059 1519285283
3 7062 6213802888
3 7068 5430686535
3 7077 -1900293999
3 7080 3340250507
3 7089 810174128
3 7095 6293609501
3 7098 2776657373
3 7104 6025201707
3 7107 8893815042
3 7116 6581099835
3 7125 6056118405
3 7134 6571596782
3 7140 1058030706
3 7152 5410112820
3 7161 7478256474
3 7170 7686043
3 7176 9806123770
3 7185 5797507896
3 7188 1697559323
3 7194 9781588014
3 7212 9854485169
3 7215 8921326099
3 7221 8867118871
3 7224 5833418609
3 7230 681933714
3 7239 3215489606
3 7242 3104702141
3 7248 1414824501
3 7257 122404844
3 7260 2448322823
3 7266 -195265531
3 7275 132580512
3 7284 97944029
3 7287 1822026366
3 7293 9648806279
3 7296 3667586701
3 7305 -72221186
3 7314 3246980962
3 7320 5988750628
3 7329 1683324756
3 7332 5689934646
3 7347 517342578
3 7350 2198776175
3 7356 12754892908
3 7359 5691756753
3 7365 12739306482
3 7368 5128654969
3 7383 9166260202
3 7392 9519581192
3 7395 9515719296
3 7404 12672203165
3 7410 7597165363
3 7413 2235897428
3 7428 1358547793
3 7437 367327378
3 7440 6827929840
3 7446 703363526
3 7449 4810953482
3 7455 854080342
3 7458 344090759
3 7464 9278077997
3 7467 5659586535
3 7473 118081485
3 7476 1348228602
3 7482 2815313002
3 7485 1886733055
3 7491 2736018022
3 7500 8518956151
3 7503 4590141937
3 7512 2105239576
3 7518 1071659919
3 7521 12475068773
3 7527 5291225387
3 7530 9345118748
3 7536 8371316635
3 7539 12445283492
3 7545 5213658140
3 7548 5077814826
3 7557 3800943069
3 7566 549303933
3 7572 5529726408
3 7575 4537046714
3 7581 -3640805438
3 7584 5341553833
3 7590 7416995433
3 7599 1202375335
3 7602 419551768
3 7608 -136647994
3 7611 3041425634
3 7620 175660473
3 7626 324940508
3 7635 -3234562185
3 7638 4835508528
3 7644 4967152696
3 7656 9191319772
3 7665 268166834
3 7680 225606578
3 7683 5009426194
3 7689 5642926194
3 7692 -91505302
3 7701 212346221
3 7707 5258409380
3 7710 5219396577
3 7716 12159796816
3 7719 187636018
3 7725 1322249664
3 7728 6043705971
3 7743 7378474010
3 7752 5644024723
3 7755 5762267400
3 7761 5135597197
3 7764 -265401063
3 7770 3933456769
3 7788 1658273054
3 7791 4543532786
3 7797 205270094
3 7800 9021633868
3 7809 94962040
3 7815 -1189223232
3 7824 1565225021
3 7833 1396067984
3 7836 -7146350
3 7845 1125921323
3 7854 3826108166
3 7860 1733198408
3 7869 1320151275
3 7872 6298352381
3 7878 2543561701
3 7881 578274675
3 7887 11896157252
3 7890 3300608391
3 7896 5115590553
3 7905 5008214480
3 7908 -73052315
3 7917 8888309231
3 7923 -28791999
3 7932 69821292
3 7935 -1239512696
3 7944 -1903669966
3 7950 2634352832
3 7953 282007709
3 7959 7880992106
3 7968 5135816793
3 7980 6402511565
3 7986 11748684227
3 7995 5489877643
3 7998 2173933821
3 8004 1082640086
3 8007 6284618803
3 8016 4741127858
3 8022 1022742102
3 8025 7940969272
3 8034 2530842630
3 8040 875314657
3 8043 4465615608
3 8052 1690619070
3 8058 5163720422
3 8070 8719794817
3 8076 11617755353
3 8085 4789628580
3 8088 843163845
3 8094 297771847
3 8103 314704335
3 8106 4723848443
3 8112 4189810325
3 8115 148907366
3 8124 11549112781
3 8130 1535708021
3 8142 32529268
3 8148 34994307
3 8151 8633142459
3 8160 8623620610
3 8169 141923854
3 8175 11477063271
3 8178 2240641713
3 8184 4520147914
3 8196 -64667744
3 8205 -90147748
3 8211 7172181812
3 8214 11422570274
3 8220 463432346
3 8229 4303935219
3 8232 3667644586
3 8241 2123661867
3 8250 4451361262
3 8256 5100524248
3 8265 5221806049
3 8268 1811457213
3 8274 1651099699
3 8277 627721538
3 8283 11327416665
3 8292 -94062869
3 8295 4640045942
3 8304 3403607735
3 8310 1178371508
3 8313 88325601
3 8319 1583276170
3 8322 433379569
3 8328 4255393657
3 8337 1391179149
3 8340 816872656
3 8346 5288979948
3 8349 94789001
3 8355 107126418
3 8358 1163697253
3 8364 4979817745
3 8376 1384557962
3 8382 914351963
3 8385 328181992
3 8400 8377231449
3 8412 -78552785
3 8418 490828418
3 8421 -2444972591
3 8430 424004464
3 8436 4245123888
3 8439 -28310818
3 8445 -1800369249
3 8448 1472799589
3 8463 2146476081
3 8466 4404375286
3 8472 30940541
3 8475 1224329976
3 8481 3965149612
3 8484 1157341979
3 8490 306046561
3 8493 2996140050
5 625 450359962737
5 1250 112589990684
5 1875 75059993789
5 2500 56294995342
5 3750 68823653049
5 4375 36159611580
5 5000 43370745475
5 5625 40243245733
5 6875 44873980472
5 7500 20492084590
5 8125 17321537028
5 125 2251799813685
5 250 562949953421
5 375 375299968947
5 500 281474976710
5 750 125099989649
5 875 160842843835
5 1000 140737488355
5 1125 125099989649
5 1375 102354536986
5 1500 62549994824
5 1625 86607685142
5 1750 53614281278
5 2000 70368744177
5 2125 66229406285
5 2250 41699996549
5 2375 59257889834
5 2625 35742854185
5 2750 34118178995
5 2875 48952169863
5 3000 39102974436
5 3250 28869228380
5 3375 41699996549
5 3500 26807140639
5 3625 38824134719
5 3875 36319351834
5 4000 35184372088
5 4125 22745452663
5 4250 38208612027
5 4500 20849998274
5 4625 30429727212
5 4750 19752629944
5 4875 42663694413
5 5125 27460973338
5 5250 24808097001
5 5375 26183718764
5 5500 38079907855
5 5750 24426474422
5 5875 23955317167
5 6000 15637498706
5 6125 32686238715
5 6375 23246449661
5 6500 21019131356
5 6625 21243394469
5 6750 36391243337
5 7000 28819734079
5 7125 27393023079
5 7250 20534093833
5 7375 33405966866
5 7625 13445024897
5 7750 21091061382
5 7875 19507000322
5 8000 31576335467
5 8250 20764095206
5 8375 20405288801
5 25 11258999068426
5 50 2814749767106
5 75 1876499844737
5 100 1407374883553
5 150 625499948245
5 175 804214219173
5 200 703687441776
5 225 625499948245
5 275 511772684928
5 300 312749974122
5 325 433038425709
5 350 268071406391
5 400 351843720888
5 425 331147031424
5 450 208499982748
5 475 296289449169
5 525 178714270927
5 550 170590894976
5 575 244760849314
5 600 156374987061
5 650 144346141902
5 675 208499982748
5 700 134035703195
5 725 194120673594
5 775 181596759168
5 800 175921860444
5 825 113727263317
5 850 110382343808
5 900 104249991374
5 925 152148636060
5 950 98763149723
5 975 96230761268
5 1025 137304866688
5 1050 67017851597
5 1075 130918593819
5 1100 85295447488
5 1150 81586949771
5 1175 119776585834
5 1200 78187493530
5 1225 114887745596
5 1275 73588229205
5 1300 72173070951
5 1325 106216972344
5 1350 69499994249
5 1400 67017851597
5 1425 65842099815
5 1450 64706891197
5 1475 95415246343
5 1525 92286877610
5 1550 60532253056
5 1575 59571423642
5 1600 87960930222
5 1650 42647723744
5 1675 84022381108
5 1700 55191171904
5 1725 54391299847
5 1775 79288725834
5 1800 52124995687
5 1825 77116431976
5 1850 50716212019
5 1900 49381574861
5 1925 48740255708
5 1950 36086535475
5 1975 71259487775
5 2025 69499994249
5 2050 45768288896
5 2075 67825295593
5 2100 33508925798
5 2150 43639531272
5 2175 43137927465
5 2200 42647723744
5 2225 63252803755
5 2275 41241754830
5 2300 40793474885
5 2325 40354835370
5 2350 39925528611
5 2400 39093746765
5 2425 58036077672
5 2450 38295915198
5 2475 37909087772
5 2525 55737619151
5 2550 27595585952
5 2575 54655335284
5 2600 36086535475
5 2650 35405657447
5 2675 52612145180
5 2700 34749997124
5 2725 51646784718
5 2775 33810808013
5 2800 33508925798
5 2825 49818579949
5 2850 24690787430
5 2900 32353445598
5 2925 32076920422
5 2950 31805082114
5 2975 31537812517
5 3025 46524789539
5 3050 30762292536
5 3075 30512192597
5 3100 30266126528
5 3150 22339283865
5 3175 44326767986
5 3200 43980465111
5 3225 29093020848
5 3275 42973278887
5 3300 21323861872
5 3325 28218042778
5 3350 28007460369
5 3400 27595585952
5 3425 41091237476
5 3450 20396737442
5 3475 40499996649
5 3525 26617019074
5 3550 20984123799
5 3575 26244753073
5 3600 26062497843
5 3650 21560932866
5 3675 25530610132
5 3700 25358106009
5 3725 13187549847
5 3775 37281453869
5 3800 24690787430
5 3825 24529409735
5 3850 18277595890
5 3900 18043267737
5 3925 21001820919
5 3950 23753162591
5 3975 23603771631
5 4025 23310557078
5 4050 20712371555
5 4075 30474979522
5 4100 22884144448
5 4150 18530248378
5 4175 33709578049
5 4200 16754462899
5 4225 33310648131
5 4275 21947366605
5 4300 21819765636
5 4325 28754362364
5 4350 12865006423
5 4400 21323861872
5 4425 21203388076
5 4450 17333649371
5 4475 17220189673
5 4525 -209387806
5 4550 15465658061
5 4575 19691078688
5 4600 20396737442
5 4650 15133063264
5 4675 20069517056
5 4700 19962764305
5 4725 19857141214
5 4775 29473819551
5 4800 19546873382
5 4825 25382293998
5 4850 12639309300
5 4900 19147957599
5 4925 28576139768
5 4950 14215907914
5 4975 28288942383
5 5025 14403965015
5 5050 6675044414
5 5075 18487683200
5 5100 13797792976
5 5150 10120954446
5 5175 18130433282
5 5200 18043267737
5 5225 17956936313
5 5275 26680092579
5 5300 13485067110
5 5325 7961690354
5 5350 13741023929
5 5400 17374998562
5 5425 17294929445
5 5450 17215594905
5 5475 8944777803
5 5525 16981899048
5 5550 10189269241
5 5575 25244392530
5 5600 16754462899
5 5650 8346350047
5 5675 10979645458
5 5700 12345393715
5 5725 20553238163
5 5775 12185063926
5 5800 16176722799
5 5825 -1565808881
5 5850 12028845158
5 5900 7542884111
5 5925 11564539205
5 5950 11826679693
5 5975 23554391357
5 6025 4074486633
5 6050 11269667030
5 6075 23166664749
5 6100 11451676346
5 6150 7222142041
5 6175 15194330727
5 6200 15133063264
5 6225 7196309044
5 6275 22428284997
5 6300 11169641932
5 6325 14833990868
5 6350 4300794035
5 6400 9370737366
5 6425 17997119255
5 6450 7082407334
5 6475 14490346292
5 6525 14379309155
5 6550 3789565914
5 6575 13539094508
5 6600 10661930936
5 6650 10581766041
5 6675 2699216115
5 6700 10046509768
5 6725 20927507562
5 6775 -3895248186
5 6800 13797792976
5 6825 10310438707
5 6850 2866077931
5 6900 10198368721
5 6925 -1479171815
5 6950 2638350173
5 6975 11941386804
5 7025 8266180491
5 7050 5750687302
5 7075 -1625316318
5 7100 6107623415
5 7150 9841782402
5 7175 13076653970
5 7200 13031248921
5 7225 11851175924
5 7275 2152381901
5 7300 1549378428
5 7325 15644249048
5 7350 1268927387
5 7400 12679053004
5 7425 12636362590
5 7450 -1884694517
5 7475 12551838427
5 7525 8229841358
5 7550 5187941788
5 7575 4537046714
5 7600 12345393715
5 7650 9198528650
5 7675 6863091802
5 7700 9138797945
5 7725 2028382695
5 7775 1900136287
5 7800 9021633868
5 7825 -3458428731
5 7850 156242399
5 7900 7792452936
5 7925 1499198802
5 7950 14882274380
5 7975 11764889310
5 8025 7940969270
5 8050 8741458904
5 8075 11619194085
5 8100 4297247381
5 8150 2448793596
5 8175 11477063270
5 8200 7272276380
5 8225 11407293890
5 8275 1857173221
5 8300 3872334770
5 8325 4635436221
5 8350 443783306
5 8400 8377231449
5 8425 1546385702
5 8450 4249845574
5 8475 1073607378
5 5 56294995342131
5 10 14073748835532
5 15 9382499223688
5 20 7036874417766
5 30 3127499741229
5 35 4021071095867
5 40 3518437208883
5 45 3127499741229
5 55 2558863424642
5 60 1563749870614
5 65 2165192128544
5 70 1340357031955
5 80 1759218604441
5 85 1655735157122
5 90 1042499913743
5 95 1481447245846
5 105 893571354637
5 110 852954474880
5 115 1223804246568
5 120 781874935307
5 130 721730709514
5 135 1042499913743
5 140 670178515977
5 145 970603367968
5 155 907983795841
5 160 879609302220
5 165 568636316587
5 170 551911719040
5 180 521249956871
5 185 760743180299
5 190 493815748615
5 195 481153806343
5 205 686524333441
5 210 335089257988
5 215 654592969095
5 220 426477237440
5 230 407934748856
5 235 598882929172
5 240 390937467653
5 245 574438727981
5 255 367941146027
5 260 360865354757
5 265 531084861718
5 270 347499971247
5 280 335089257988
5 285 329210499076
5 290 323534455989
5 295 477076231713
5 305 461434388050
5 310 302661265280
5 315 297857118212
5 320 439804651110
5 330 213238618720
5 335 420111905538
5 340 275955859520
5 345 271956499237
5 355 396443629170
5 360 260624978435
5 365 385582159878
5 370 253581060099
5 380 246907874307
5 385 243701278538
5 390 180432677378
5 395 356297438874
5 405 347499971247
5 410 228841444480
5 415 339126477965
5 420 167544628994
5 430 218197656364
5 435 215689637326
5 440 213238618720
5 445 316264018776
5 455 206208774147
5 460 203967374428
5 465 201774176853
5 470 199627643057
5 480 195468733826
5 485 290180388362
5 490 191479575993
5 495 189545438862
5 505 278688095753
5 510 137977929760
5 515 273276676418
5 520 180432677378
5 530 177028287239
5 535 263060725898
5 540 173749985623
5 545 258233923588
5 555 169054040066
5 560 167544628994
5 565 249092899744
5 570 123453937153
5 580 161767227994
5 585 160384602114
5 590 159025410570
5 595 157689062583
5 605 232623947695
5 610 153811462683
5 615 152560962986
5 620 151330632640
5 630 111696419329
5 635 221633839930
5 640 219902325555
5 645 145465104243
5 655 214866394436
5 660 106619309360
5 665 141090213890
5 670 140037301846
5 680 137977929760
5 685 205456187380
5 690 101983687214
5 695 202499983245
5 705 133085095371
5 710 132147876389
5 715 131223765366
5 720 130312489217
5 730 128527386625
5 735 127653050662
5 740 126790530049
5 745 188909380343
5 755 186407269345
5 760 123453937153
5 765 122647048675
5 770 91387979451
5 780 90216338689
5 785 179283424656
5 790 118765812958
5 795 118018858159
5 805 116552785388
5 810 115833323749
5 815 172684034792
5 820 114420722240
5 830 113042159321
5 835 168547890246
5 840 83772314497
5 845 166553240657
5 855 109736833025
5 860 109098828182
5 865 162702298677
5 870 80883613997
5 880 106619309360
5 885 106016940380
5 890 105421339592
5 895 157248590341
5 905 155511036857
5 910 77328290305
5 915 102540975122
5 920 101983687214
5 930 75665316320
5 935 100347585280
5 940 99813821528
5 945 99285706070
5 955 147369097754
5 960 97734366913
5 965 145841956845
5 970 96726796120
5 980 95739787996
5 985 142880698838
5 990 71079539573
5 995 141444711915
5 1005 93358201230
5 1010 92896031917
5 1015 92438415998
5 1020 68988964880
5 1030 91092225472
5 1035 90652166412
5 1040 90216338689
5 1045 89784681567
5 1055 133400462896
5 1060 88514143619
5 1065 88098584259
5 1070 87686908632
5 1080 86874992811
5 1085 86474647224
5 1090 86077974529
5 1095 85684924417
5 1105 84909495237
5 1110 63395265024
5 1115 126221962651
5 1120 83772314497
5 1130 83030966581
5 1135 123997787097
5 1140 61726968576
5 1145 122914836992
5 1155 60925319634
5 1160 80883613997
5 1165 120804711035
5 1170 60144225792
5 1180 79512705285
5 1185 79177208638
5 1190 59133398468
5 1195 117771956783
5 1205 116794596146
5 1210 77541315898
5 1215 115833323749
5 1220 76905731341
5 1230 57210361120
5 1235 75971653633
5 1240 75665316320
5 1245 75361439547
5 1255 112141424984
5 1260 55848209664
5 1265 74169954338
5 1270 73877946643
5 1280 109951162777
5 1285 109523337242
5 1290 54549414091
5 1295 72451731457
5 1305 71896545775
5 1310 71622131478
5 1315 107024705974
5 1320 53309654680
5 1330 52908830208
5 1335 70280893061
5 1340 70018650923
5 1345 104637537811
5 1355 103865305059
5 1360 68988964880
5 1365 51552193536
5 1370 68485395793
5 1380 50991843607
5 1385 101615515058
5 1390 67499994415
5 1395 67258058951
5 1405 100169030858
5 1410 49906910764
5 1415 99461122513
5 1420 66073938194
5 1430 49208912012
5 1435 65383269852
5 1440 65156244608
5 1445 97396185713
5 1455 64484530747
5 1460 64263693312
5 1465 96066544952
5 1470 47869893998
5 1480 63395265024
5 1485 63181812954
5 1490 62969793447
5 1495 62759192133
5 1505 62342187534
5 1510 62135756448
5 1515 61930687945
5 1520 61726968576
5 1530 45992643253
5 1535 91685660166
5 1540 45693989725
5 1545 60728150315
5 1555 90506423380
5 1560 45108169344
5 1565 89928107575
5 1570 59761141552
5 1580 59382906479
5 1585 88793368048
5 1590 44257071809
5 1595 58824446544
5 1605 58457939088
5 1610 43707294520
5 1615 58095970425
5 1620 57916661874
5 1630 57561344930
5 1635 57385316352
5 1640 57210361120
5 1645 57036469446
5 1655 85037757314
5 1660 56521079660
5 1665 56351346688
5 1670 56182630081
5 1680 41886157248
5 1685 83523731962
5 1690 55517746885
5 1695 55353977720
5 1705 55029320960
5 1710 41151312384
5 1715 82062675426
5 1720 54549414091
5 1730 54234099558
5 1735 81116707986
5 1740 40441806998
5 1745 80651855791
5 1755 53461534038
5 1760 53309654680
5 1765 79737953742
5 1770 39756352642
5 1780 52710669796
5 1785 39422265645
5 1790 52416196780
5 1795 78405285992
5 1805 77970907676
5 1810 51837012285
5 1815 51694210598
5 1820 38664145152
5 1830 38452865670
5 1835 76696178940
5 1840 50991843607
5 1845 50853654328
5 1855 50579510641
5 1860 37832658160
5 1865 71471417431
5 1870 37630344480
5 1880 49906910764
5 1885 49774531691
5 1890 37232139776
5 1895 74267803881
5 1905 42706639057
5 1910 49123032584
5 1915 73492161021
5 1920 48867183456
5 1930 48613985614
5 1935 48488368081
5 1940 48363398060
5 1945 72358605838
5 1955 47992323396
5 1960 47869893998
5 1965 47748087652
5 1970 47626899612
5 1980 35539769786
5 1985 70900497912
5 1990 47148237304
5 1995 35272553472
5 2005 22658500768
5 2010 35009325461
5 2015 46563271582
5 2020 46448015958
5 2030 34664405998
5 2035 46105647292
5 2040 34494482440
5 2045 64612634875
5 2055 45656930528
5 2060 45546112736
5 2065 45435831593
5 2070 33994562404
5 2080 45108169344
5 2085 38324281416
5 2090 33669255587
5 2095 6557388027
5 2105 59115346515
5 2110 44466820965
5 2115 44361698457
5 2120 44257071809
5 2130 33036969097
5 2135 43946132195
5 2140 43843454316
5 2145 32805941341
5 2155 65307419190
5 2160 43437496405
5 2165 65005768293
5 2170 32427992708
5 2180 43038987264
5 2185 42940499880
5 2190 32131846656
5 2195 64117306768
5 2205 42551016887
5 2210 31841060713
5 2215 18232621147
5 2220 31697632512
5 2230 42073987550
5 2235 27848549371
5 2240 41886157248
5 2245 62689304390
5 2255 41607535360
5 2260 41515483290
5 2265 41423837632
5 2270 37172315088
5 2280 30863484288
5 2285 27076176622
5 2290 40971612330
5 2295 40882349558
5 2305 61057478679
5 2310 24370127853
5 2315 60793731471
5 2320 40441806998
5 2330 40268237011
5 2335 60273014285
5 2340 30072112896
5 2345 40010657670
5 2355 39840761034
5 2360 39756352642
5 2365 39672301157
5 2370 29691453239
5 2380 29566699234
5 2385 39339619386
5 2390 35179135441
5 2395 54935567671
5 2405 39012470785
5 2410 38931532048
5 2415 29138196346
5 2420 38770657949
5 2430 38611107916
5 2435 57797736491
5 2440 38452865670
5 2445 34208667188
5 2455 57326879167
5 2460 28605180560
5 2465 38062877175
5 2470 28489370112
5 2480 37832658160
5 2485 37756536112
5 2490 24052887001
5 2495 34660662766
5 2505 37455086721
5 2510 37380474994
5 2515 55959239903
5 2520 27924104832
5 2530 27813732876
5 2535 37011831257
5 2540 34344795493
5 2545 55299602497
5 2555 36722110465
5 2560 54975581388
5 2565 36578944341
5 2570 36507779080
5 2580 27274707045
5 2585 36295935101
5 2590 27169399296
5 2595 36156066372
5 2605 54025907238
5 2610 26961204665
5 2615 -708691356
5 2620 35811065739
5 2630 31706471319
5 2635 35607207680
5 2640 26654827340
5 2645 53208880286
5 2655 35338980126
5 2660 26454415104
5 2665 35206376075
5 2670 21976196772
5 2680 35009325461
5 2685 22714139769
5 2690 34879179270
5 2695 34814468363
5 2705 52028646342
5 2710 30794292869
5 2715 30290332959
5 2720 34494482440
5 2730 20620877414
5 2735 -21074637
5 2740 34242697896
5 2745 34180325040
5 2755 34056258525
5 2760 25495921803
5 2765 33933089417
5 2770 20256073608
5 2780 23990566266
5 2785 50534107129
5 2790 25221772106
5 2795 33568870211
5 2805 25086896320
5 2810 29482128759
5 2815 49995555366
5 2820 24953455382
5 2830 29352198610
5 2835 33095235356
5 2840 33036969097
5 2845 30204223893
5 2855 49295092244
5 2860 24604456006
5 2865 28796605308
5 2870 24518726194
5 2880 32578122304
5 2885 915891066
5 2890 24381942046
5 2895 32409323743
5 2905 32297759806
5 2910 23356110223
5 2915 32186961316
5 2920 32131846656
5 2930 32022181650
5 2935 -1751369058
5 2940 23934946999
5 2945 31859080557
5 2955 27821796486
5 2960 31697632512
5 2965 47466269260
5 2970 23693179857
5 2980 24673664236
5 2985 23690496843
5 2990 23534697049
5 2995 24725290747
5 3005 46834438721
5 3010 23378320324
5 3015 31119400410
5 3020 31067878224
5 3030 15526135414
5 3035 35443329
5 3040 30863484288
5 3045 23109603999
5 3055 30711945087
5 3060 22996321626
5 3065 45917614472
5 3070 19018716468
5 3080 22846994862
5 3085 45619931396
5 3090 18958904204
5 3095 -1870054329
5 3105 30217388804
5 3110 26341332309
5 3115 22229359085
5 3120 22554084672
5 3130 22443005618
5 3135 22446170391
5 3140 28392745534
5 3145 29833065894
5 3155 37746443236
5 3160 29691453239
5 3165 10953027771
5 3170 6930534609
5 3180 22128535904
5 3185 29458396308
5 3190 22059167453
5 3195 25169832621
5 3205 -2705155333
5 3210 21921727158
5 3215 -1441819039
5 3220 21853647260
5 3230 21785988909
5 3235 43504633186
5 3240 28958330937
5 3245 27309747986
5 3255 21618661805
5 3260 1096511698
5 3265 43104896893
5 3270 21519493632
5 3280 28605180560
5 3285 13052897916
5 3290 21388676041
5 3295 42712439562
5 3305 -2633883841
5 3310 21179465888
5 3315 21227373809
5 3320 28260539830
5 3330 21131755008
5 3335 28133430956
5 3340 23971150254
5 3345 28049325033
5 3355 27965720489
5 3360 20943078624
5 3365 -3393168305
5 3370 -4144857190
5 3380 27758873442
5 3385 41576806013
5 3390 15895057696
5 3395 27636227463
5 3405 23498056388
5 3410 20635995360
5 3420 20575656192
5 3430 23234060355
5 3435 19518429423
5 3440 27274707045
5 3445 27235121115
5 3455 36589895007
5 3460 19513234916
5 3465 20308439878
5 3470 19527248520
5 3480 20220903499
5 3485 26922522880
5 3490 697990968
5 3495 18649674776
5 3505 40153349031
5 3510 20048075264
5 3515 26692743169
5 3520 26654827340
5 3530 4222996334
5 3535 26541723405
5 3540 17442796140
5 3555 26392402879
5 3560 18097661456
5 3565 26318370895
5 3570 15768906258
5 3580 19535737076
5 3585 26171545951
5 3590 26135095330
5 3595 39148119153
5 3605 18131150362
5 3610 22082754365
5 3615 21834189913
5 3620 11532540427
5 3630 19385328974
5 3635 38717328296
5 3640 19332072576
5 3645 30499978211
5 3655 25670312514
5 3660 19226432835
5 3665 -2887211557
5 3670 14740104157
5 3680 25495921803
5 3685 25461327609
5 3690 19070120373
5 3695 38088630137
5 3705 18992913408
5 3710 18967316489
5 3715 37883576946
5 3720 18916329080
5 3730 7527347617
5 3735 25120479849
5 3740 18815172240
5 3745 22456550121
5 3760 24953455382
5 3765 24920316663
5 3770 18665449383
5 3780 18616069888
5 3785 37182955972
5 3790 20848386434
5 3795 18542488584
5 3805 36987513365
5 3810 18469486660
5 3815 24593707009
5 3820 20734040808
5 3830 17297580231
5 3835 24465447780
5 3840 24433591728
5 3845 -1142902439
5 3855 20283943331
5 3860 5807687966
5 3865 36413321696
5 3870 18183138030
5 3880 20196870571
5 3885 18112932864
5 3890 24119535279
5 3895 24088573103
5 3905 24026886617
5 3910 17997121273
5 3915 23965515258
5 3920 22002690471
5 3930 14078057385
5 3935 35765562479
5 3940 20011940912
5 3945 21294216306
5 3955 15522760866
5 3960 17769884893
5 3965 23663301951
5 3970 2239480796
5 3980 19699314778
5 3990 14109021389
5 3995 23485605066
5 4005 21112050946
5 4010 2013084236
5 4015 19104213840
5 4020 9884981898
5 4030 17461226843
5 4035 19683726238
5 4040 15238057819
5 4045 34792951386
5 4055 -3038481437
5 4060 17332202999
5 4065 22851809189
5 4070 17289617734
5 4080 17247241220
5 4085 22968174354
5 4090 2344737688
5 4095 17184064512
5 4110 9026198233
5 4115 34201090730
5 4120 16271791400
5 4130 16625584453
5 4135 34035668284
5 4140 16997281202
5 4155 15551793450
5 4160 22554084672
5 4165 22527008941
5 4170 6135551355
5 4180 16834627793
5 4185 22419352983
5 4190 3672318322
5 4205 33469081654
5 4210 3741626507
5 4215 17847316267
5 4220 22233410482
5 4230 16635636921
5 4235 22154661685
5 4240 18027551820
5 4245 18024288183
5 4255 22050526965
5 4260 8238281353
5 4270 12652324089
5 4280 21921727158
5 4290 13122376536
5 4305 13856765774
5 4310 -1045890724
5 4320 21718748202
5 4330 -466106076
5 4335 21643596825
5 4340 16213996354
5 4345 17509655815
5 4355 21544200284
5 4360 21519493632
5 4365 4620666466
5 4370 16102687454
5 4380 8286364763
5 4385 32095208291
5 4390 10462356799
5 4395 14335853552
5 4410 15956631332
5 4415 31877120805
5 4420 15920530356
5 4430 1454094230
5 4435 31733368288
5 4440 15848816256
5 4445 12683177688
5 4455 21060604318
5 4460 21036993775
5 4465 21013436111
5 4470 7323647134
5 4480 16741058915
5 4485 15689798032
5 4490 13541277483
5 4495 20873190710
5 4505 20826857322
5 4510 12400869126
5 4515 11633463802
5 4520 12557369201
5 4530 7854897267
5 4535 31033624775
5 4540 9332911397
5 4545 11302573270
5 4560 15431742144
5 4565 20553119877
5 4570 3063535590
5 4580 12335912144
5 4585 12468154710
5 4590 15330881084
5 4605 2032140699
5 4610 16783432951
5 4615 14761247185
5 4620 12185063926
5 4630 20264577156
5 4635 12087360785
5 4640 20220903499
5 4655 20155744842
5 4660 12754339266
5 4665 645883793
5 4670 8916226447
5 4680 15036056448
5 4690 11176521142
5 4695 -1975378430
5 4710 6134753209
5 4715 19899256043
5 4720 15799992835
5 4730 14877112933
5 4740 11412255964
5 4745 15270416596
5 4755 -238007393
5 4760 14783349617
5 4765 29535674366
5 4770 10821435197
5 4780 8153840033
5 4785 14706111635
5 4790 5283561961
5 4795 19452676212
5 4805 29289799866
5 4810 14629676544
5 4815 19485979696
5 4820 776870833
5 4830 11655278538
5 4840 19385328974
5 4845 14523992606
5 4860 19305553958
5 4865 10930484481
5 4870 87466311
5 4880 14962030925
5 4890 6825565521
5 4895 11062358859
5 4905 19128438784
5 4910 19108959722
5 4920 14302590280
5 4930 14273578940
5 4935 14259117361
5 4940 14244685056
5 4945 18973709249
5 4960 17464473489
5 4965 1181270675
5 4970 6859504993
5 4980 10505804126
5 4990 1110031512
5 4995 18783782229
5 5005 14059689147
5 5010 6488945998
5 5015 14814844600
5 5020 18690237497
5 5030 -1090600099
5 5035 16161454553
5 5040 13962052416
5 5055 14936363535
5 5060 13906866438
5 5070 10254970932
5 5080 6202805584
5 5085 18451325906
5 5090 18433200832
5 5095 27622666998
5 5110 9631191725
5 5115 13510406665
5 5120 27487790694
5 5130 13717104128
5 5135 11965474378
5 5140 14346341347
5 5145 8674882611
5 5160 13637353522
5 5170 13610975662
5 5180 13584699648
5 5185 13975301412
5 5190 5954710026
5 5205 13947751621
5 5210 18008635746
5 5215 6136473300
5 5220 13480602332
5 5230 -1909211816
5 5235 -1817047117
5 5240 14336472927
5 5260 1969777709
5 5265 12986403998
5 5270 9459566257
5 5280 13327413670
5 5285 14002454725
5 5290 10323870059
5 5295 6081869569
5 5310 5706534690
5 5320 13227207552
5 5330 7685950652
5 5335 13577501272
5 5340 1592957296
5 5355 13140755215
5 5360 13962675303
5 5365 17488348973
5 5370 2140174951
5 5380 13815123846
5 5385 -2115544554
5 5390 11581251441
5 5395 6319284286
5 5405 17358925483
5 5410 42996627
5 5415 13893397717
5 5420 13741824234
5 5430 5656493882
5 5440 17247241220
5 5445 5804985884
5 5460 10310438707
5 5470 -69938757
5 5480 12995116173
5 5490 5009850581
5 5495 9194181790
5 5505 521997940
5 5510 12771096946
5 5520 12747960901
5 5530 12724908531
5 5535 16951218109
5 5540 9263852372
5 5555 2232641463
5 5560 4092655
5 5565 12644877659
5 5570 107692659
5 5580 8043141638
5 5590 12588326328
5 5595 16769435609
5 5605 12938008008
5 5610 10034758528
5 5620 1911585046
5 5630 2630102405
5 5635 11195701030
5 5640 8569179498
5 5655 12443632922
5 5660 765859612
5 5665 8347907295
5 5670 8786247469
5 5680 10934816897
5 5685 16503956418
5 5690 16489453820
5 5695 13182718106
5 5705 8427560260
5 5710 16431697414
5 5715 8405558826
5 5720 12302228003
5 5730 1296874971
5 5735 9283307886
5 5740 8445210933
5 5745 16331591338
5 5760 12664595363
5 5770 -880063623
5 5780 16232697618
5 5785 12011427055
5 5790 753898172
5 5795 10684551906
5 5805 15297470103
5 5810 230336159
5 5820 3753578902
5 5830 7775527127
5 5835 2339744487
5 5840 5524613525
5 5845 223880528
5 5860 8998823277
5 5865 11998080848
5 5870 -5084711008
5 5880 8675214916
5 5885 -1927935170
5 5890 7863026849
5 5895 -1376482082
5 5910 116074207
5 5915 11904992981
5 5920 15848816256
5 5930 -1138568504
5 5940 11846589928
5 5945 13293201919
5 5955 4372471103
5 5960 -439044790
5 5970 4674757768
5 5980 11767348524
5 5985 11757517824
5 5990 -4029614311
5 5995 15650540824
5 6010 -4492027635
5 6015 -2644624186
5 6020 7634584106
5 6030 6410911484
5 6035 11505775796
5 6040 7663155779
5 6045 11640817895
5 6055 15495457018
5 6060 7704455796
5 6070 -27327296
5 6080 15431742144
5 6090 5701854172
5 6095 10979528847
5 6105 11526411822
5 6110 7519543191
5 6120 8343079671
5 6130 15305871490
5 6135 8160518561
5 6140 -1322870770
5 6160 11423497431
5 6165 476055264
5 6170 15206643798
5 6180 3671030778
5 6190 -961025436
5 6195 7557449003
5 6205 5406658375
5 6210 11331520801
5 6215 6840616318
5 6220 15084403896
5 6230 3418292205
5 6235 10984637161
5 6240 11277042336
5 6255 1677263792
5 6260 -750450975
5 6265 1466271214
5 6270 8978468156
5 6280 127958371
5 6285 988892030
5 6290 7359924226
5 6305 3835454316
5 6310 8007935395
5 6315 978260068
5 6320 14845726619
5 6330 -672959167
5 6335 2735243618
5 6340 575793853
5 6345 10528377131
5 6355 10783668335
5 6360 7676466193
5 6365 6514679552
5 6370 6867446747
5 6380 11029583726
5 6390 289004640
5 6405 3624671637
5 6410 -805723213
5 6420 7031393657
5 6430 14591756179
5 6435 10935313780
5 6440 10926823630
5 6460 10892994454
5 6465 3227057467
5 6470 14501544395
5 6480 7667330493
5 6490 3034985538
5 6495 14445726287
5 6510 6751426476
5 6520 3921617815
5 6530 -1750237334
5 6540 10759746816
5 6545 10751526995
5 6555 10735124969
5 6560 14302590280
5 6565 762237210
5 6570 326878148
5 6580 7260867365
5 6585 1489727939
5 6590 14237479853
5 6610 14194401246
5 6615 9871077956
5 6620 374676483
5 6630 8490949523
5 6640 6448682789
5 6645 -505229972
5 6655 21147631609
5 6660 7273618921
5 6665 5389188191
5 6670 3418610052
5 6680 4577515470
5 6685 6206350134
5 6690 7130695128
5 6695 3555919876
5 6705 1196170933
5 6710 7175428806
5 6715 9827904124
5 6720 10471539312
5 6730 -2177229874
5 6735 1949148495
5 6740 2336015421
5 6745 5874703107
5 6755 -54290137
5 6760 -23365943
5 6765 5349223755
5 6780 2214017013
5 6785 9898826650
5 6790 6279456939
5 6795 -76248824
5 6810 170926421
5 6815 9804606043
5 6820 6884527025
5 6840 4023891075
5 6845 20560626495
5 6855 3045660343
5 6860 42848253
5 6870 4076576201
5 6880 9762549648
5 6885 9670229436
5 6890 6134986931
5 6895 5949518864
5 6910 -2640863616
5 6915 9999268653
5 6920 23984773
5 6930 8123375951
5 6935 9451015106
5 6940 6175955009
5 6945 13509718104
5 6955 9693935840
5 6960 10110451749
5 6965 2310440908
5 6970 6133128464
5 6980 5726408672
5 6985 797791349
5 6990 675470697
5 7005 823259072
5 7015 4482786931
5 7020 10024037632
5 7030 10009778688
5 7035 1988545007
5 7040 4904830321
5 7055 6659669431
5 7060 4972879322
5 7065 5962546741
5 7070 1777922852
5 7080 3340250507
5 7085 13242765312
5 7095 6293609500
5 7105 11717662758
5 7110 6095642185
5 7120 1864782696
5 7130 3075786432
5 7140 1058030706
5 7155 9035022976
5 7160 725301208
5 7170 25523467
5 7180 2125810195
5 7185 5797507895
5 7190 5987038128
5 7205 5704934043
5 7210 2575436598
5 7215 8921326099
5 7220 5982883731
5 7230 3707902758
5 7240 1531628391
5 7245 8881724743
5 7260 2448322823
5 7270 -3212760200
5 7280 9666036288
5 7285 7373702000
5 7290 4947158012
5 7305 68782638
5 7310 5824858298
5 7315 9619787312
5 7320 5988750628
5 7330 12800135366
5 7335 770404139
5 7340 1828502468
5 7345 4604996757
5 7360 12009996982
5 7365 12739306481
5 7370 2193911834
5 7380 6223343810
5 7385 12704805990
5 7395 9515719293
5 7410 7597165363
5 7420 6171941868
5 7440 6827929840
5 7455 854080339
5 7460 8586033894
5 7470 2180970442
5 7480 9407586120
5 7485 1886733055
5 7490 6083309548
5 7505 8658438111
5 7510 12493341176
5 7515 -143192074
5 7520 12476727691
5 7530 9345118748
5 7535 4244716549
5 7540 5582106144
5 7545 5213658140
5 7560 9308034944
5 7565 55850015
5 7570 -3910814296
5 7580 12377967313
5 7585 1645169917
5 7590 7416995433
5 7595 3881706743
5 7605 5087798086
5 7610 -3667610898
5 7620 175660473
5 7630 9222640128
5 7635 -4596446642
5 7640 3140473819
5 7645 39619301
5 7660 8291473087
5 7665 268166834
5 7670 1988696894
5 7680 471708668
5 7685 2979911090
5 7690 -3786810127
5 7695 4164938431
5 7705 794335999
5 7710 5219396577
5 7720 996684396
5 7735 9097445919
5 7740 5162099093
5 7755 5762267399
5 7760 8798590932
5 7770 3933456769
5 7780 7975639280
5 7785 6490238495
5 7790 3921319354
5 7805 8633337541
5 7810 2547637082
5 7815 -1189223232
5 7820 5247942089
5 7830 8987068221
5 7840 7802090657
5 7845 1125921321
5 7860 1733198408
5 7865 7690837066
5 7880 1072383420
5 7885 456863408
5 7890 3300608391
5 7905 5008214480
5 7910 1808691883
5 7920 8884942446
5 7930 1425914283
5 7935 -1239512696
5 7940 -1136897251
5 7945 104129214
5 7955 4674733845
5 7960 1605079388
5 7965 3890792343
5 7980 7102392800
5 7990 2553945458
5 7995 5489877642
5 8010 888180851
5 8015 -23386082
5 8020 -2662271998
5 8030 634302078
5 8040 875314657
5 8055 1339792911
5 8060 5161553479
5 8070 8719794817
5 8080 -199000543
5 8085 4789628578
5 8110 11569049597
5 8115 -90406871
5 8120 5041635710
5 8130 1535708021
5 8140 4619360513
5 8145 87966044
5 8155 1288338999
5 8160 8623620610
5 8165 636647445
5 8170 1640117947
5 8180 -3909702329
5 8190 6873625804
5 8195 520896044
5 8205 122441045
5 8215 1283222961
5 8220 463432346
5 8230 11400363576
5 8235 2619883920
5 8240 4030792530
5 8245 2908456744
5 8255 1584495597
5 8260 5497513115
5 8265 5221806048
5 8270 11345222761
5 8280 8498640601
5 8295 4640045942
5 8305 3762114870
5 8310 1178371508
5 8320 3653406338
5 8330 4651270555
5 8340 816872656
5 8355 32526291
5 8360 8417313896
5 8365 -3197796
5 8370 4403661938
5 8380 1136900115
5 8385 328181991
5 8395 19256495
5 8410 11156360551
5 8415 8362298773
5 8420 -2219985654
5 8430 424004464
5 8435 692703927
5 8440 540376723
5 8445 -2498531102
5 8455 1833339167
5 8460 4388348538
5 8470 5015739548
5 8480 -117914423
5 8490 306046561
7 343 820626754258
7 686 205156688564
7 1029 136771125709
7 1372 102578344282
7 1715 82062675425
7 2058 45590375236
7 2744 51289172141
7 3087 45590375236
7 3430 35594554713
7 3773 37301216103
7 4116 58966078062
7 4459 49695200338
7 5145 37358685060
7 5488 29801428881
7 5831 36102276247
7 6174 41515739751
7 6517 43430091135
7 6860 41039010156
7 7546 28044060262
7 7889 21345498787
7 8232 26857492255
7 49 5744387279809
7 98 1436096819952
7 147 957397879968
7 196 718048409976
7 245 574438727980
7 294 319132626656
7 392 359024204988
7 441 319132626656
7 490 191479575993
7 539 261108512719
7 588 159566313328
7 637 220937972300
7 735 127653050662
7 784 179512102494
7 833 168952567053
7 882 106377542218
7 931 151168086311
7 980 95739787996
7 1078 87036170906
7 1127 124877984344
7 1176 79783156664
7 1225 114887745596
7 1274 73645990766
7 1323 106377542218
7 1421 99041159997
7 1470 47869893998
7 1519 92651407739
7 1568 89756051247
7 1617 58024113937
7 1666 56317522351
7 1764 53188771109
7 1813 77626855133
7 1862 50389362103
7 1911 49097327177
7 1960 47869893998
7 2009 70053503412
7 2107 66795200928
7 2156 43518085453
7 2205 42551016887
7 2254 41625994781
7 2303 61110502977
7 2352 39891578332
7 2450 38295915198
7 2499 37545014900
7 2548 36822995383
7 2597 54192332828
7 2646 35459180739
7 2695 34814468362
7 2793 33592908069
7 2842 33013719998
7 2891 48681248134
7 2940 23934946999
7 2989 47085141638
7 3038 30883802579
7 3136 44878025623
7 3185 29458396306
7 3234 29312327349
7 3283 42868561790
7 3332 28158761175
7 3381 27750663187
7 3479 40453431548
7 3528 26594385554
7 3577 39345118355
7 3626 25875618377
7 3675 25530610132
7 3724 25194681051
7 3822 18411497691
7 3871 36356881518
7 3920 27799460055
7 3969 35459180739
7 4018 23351167804
7 4067 34604742649
7 4165 22527008940
7 4214 22265066976
7 4263 27743214475
7 4312 21759042726
7 4361 23932562340
7 4410 15956631332
7 4508 20812997390
7 4557 20589201719
7 4606 27613984129
7 4655 20155744841
7 4704 19945789166
7 4753 24772835356
7 4851 19341371312
7 4900 19147957599
7 4949 27609817656
7 4998 14079380587
7 5047 19362672142
7 5096 18411497691
7 5194 18064110942
7 5243 18876457496
7 5292 27618119143
7 5341 26350400366
7 5390 17477948217
7 5439 17250412251
7 5537 25417642831
7 5586 24686528230
7 5635 27559791678
7 5684 16506859999
7 5733 16365775725
7 5782 15141708722
7 5880 21844249248
7 5929 23737137520
7 5978 27842697029
7 6027 14535497765
7 6076 15441901289
7 6125 13268859523
7 6223 9982791537
7 6272 19806796091
7 6321 27753920806
7 6370 23585254219
7 6419 14705574263
7 6468 23350049796
7 6566 17824306778
7 6615 22808860973
7 6664 27743592743
7 6713 12900619151
7 6762 16908177168
7 6811 14377809275
7 6909 14300924199
7 6958 19217054025
7 7007 28486344880
7 7056 13297192777
7 7105 16181138483
7 7154 14692425668
7 7252 12937809188
7 7301 18923372693
7 7350 32629435459
7 7399 15193674449
7 7448 20169535267
7 7497 15342363944
7 7595 15270780132
7 7644 21921537292
7 7693 27584878866
7 7742 13988490418
7 7791 16415194033
7 7840 20298239183
7 7938 8702550895
7 7987 18852884691
7 8036 27665523351
7 8085 20445582626
7 8134 14915921704
7 8183 14750825287
7 8281 8598009841
7 8330 19836701743
7 8379 27133773534
7 8428 15795094534
7 8477 14782632475
7 7 40210710958665
7 14 10052677739666
7 21 6701785159777
7 28 5026338869833
7 35 4021071095866
7 42 2233928386592
7 56 2513169434916
7 63 2233928386592
7 70 1340357031955
7 77 1827759589030
7 84 1116964193296
7 91 1546565806103
7 105 893571354637
7 112 1256584717458
7 119 1182667969373
7 126 744642795530
7 133 1058176604175
7 140 670178515977
7 154 609253196343
7 161 874145890406
7 168 558482096648
7 175 804214219173
7 182 515521935367
7 189 744642795530
7 203 693288119977
7 210 335089257988
7 217 648559854172
7 224 628292358729
7 231 406168797562
7 238 394222656457
7 252 372321397765
7 259 543387985928
7 266 352725534725
7 273 343681290245
7 280 335089257988
7 287 490374523886
7 301 467566406496
7 308 304626598171
7 315 297857118212
7 322 291381963468
7 329 427773520837
7 336 279241048324
7 350 268071406391
7 357 262815104305
7 364 257760967683
7 371 379346329799
7 378 248214265176
7 385 243701278537
7 399 235150356483
7 406 231096039992
7 413 340768736938
7 420 167544628994
7 427 329595991464
7 434 216186618057
7 448 314146179364
7 455 206208774147
7 462 152313299085
7 469 300079932527
7 476 197111328228
7 483 194254642312
7 497 283174020836
7 504 186160698882
7 511 275415828484
7 518 181129328642
7 525 178714270927
7 532 176362767362
7 546 128880483841
7 553 254498170624
7 560 167544628994
7 567 248214265176
7 574 163458174628
7 581 242233198546
7 595 157689062583
7 602 155855468832
7 609 154064026661
7 616 152313299085
7 623 225902870554
7 630 111696419329
7 644 145690981734
7 651 144124412038
7 658 142591173612
7 665 141090213890
7 672 139620524162
7 679 207271705973
7 693 135389599187
7 700 134035703195
7 707 199062925538
7 714 98555664114
7 721 195197626013
7 728 128880483841
7 742 126448776599
7 749 187900518498
7 756 124107132588
7 763 184452802563
7 770 91387979451
7 777 120752885761
7 791 177923499817
7 798 88181383681
7 805 116552785387
7 812 115548019996
7 819 114560430081
7 826 113589578979
7 840 83772314497
7 847 166159962639
7 854 109865330488
7 861 108972116419
7 868 108093309028
7 875 160842843834
7 889 158309885664
7 896 157073089682
7 903 103903645888
7 910 77328290305
7 917 153475996025
7 924 76156649542
7 938 100026644175
7 945 99285706070
7 952 98555664114
7 959 146754419557
7 966 72845490867
7 973 144642845175
7 987 95060782408
7 994 94391340278
7 1001 93731260977
7 1008 93080349441
7 1015 92438415996
7 1022 91805276161
7 1036 90564664321
7 1043 134935271673
7 1050 67017851597
7 1057 133148049532
7 1064 88181383681
7 1071 87605034768
7 1085 86474647222
7 1092 64440241920
7 1099 128059589040
7 1106 84832723541
7 1113 84299184399
7 1120 83772314497
7 1134 82738088392
7 1141 123345739137
7 1148 81729087314
7 1155 60925319634
7 1162 80744399515
7 1169 120391350176
7 1183 118966600469
7 1190 59133398468
7 1197 78383452161
7 1204 77927734416
7 1211 116215927626
7 1218 57774009998
7 1232 76156649542
7 1239 75726385986
7 1246 75300956851
7 1253 112320421672
7 1260 55848209664
7 1267 111079312041
7 1281 73243553658
7 1288 72845490867
7 1295 72451731457
7 1302 54046654514
7 1309 71676846629
7 1316 71295586806
7 1330 52908830208
7 1337 105263641253
7 1344 69810262081
7 1351 104172826318
7 1358 69090568657
7 1365 51552193536
7 1379 102057642027
7 1386 50771099695
7 1393 101031937082
7 1400 67017851597
7 1407 66684429450
7 1414 66354308512
7 1428 49277832057
7 1435 65383269851
7 1442 65065875337
7 1449 64751547437
7 1456 64440241920
7 1463 64131915405
7 1477 95286044926
7 1484 63224388299
7 1491 62927560185
7 1498 62633506166
7 1505 62342187532
7 1512 62053566294
7 1526 61484267520
7 1533 61203517440
7 1540 45693989725
7 1547 60649639455
7 1554 45282332160
7 1561 90158544750
7 1575 59571423642
7 1582 59307833272
7 1589 88569847927
7 1596 44090691840
7 1603 87796312137
7 1610 43707294520
7 1624 57774009998
7 1631 86289079310
7 1638 42960161280
7 1645 57036469444
7 1652 56794789489
7 1659 56555149027
7 1673 84122826273
7 1680 41886157248
7 1687 70871765396
7 1694 55386654213
7 1701 82738088392
7 1708 54932665244
7 1722 40864543657
7 1729 54265466882
7 1736 54046654514
7 1743 53829599676
7 1750 53614281278
7 1757 80101017846
7 1771 52978538813
7 1778 52769961888
7 1785 39422265645
7 1792 78536544841
7 1799 78230955173
7 1806 38963867208
7 1820 38664145152
7 1827 51354675553
7 1834 51158665341
7 1841 76446218553
7 1848 38078324771
7 1855 50579510639
7 1869 50200637900
7 1876 50013322087
7 1883 74741098436
7 1890 37232139776
7 1897 74189503614
7 1904 49277832057
7 1918 48918139852
7 1925 48740255707
7 1932 36422745433
7 1939 64541161981
7 1946 48214281725
7 1953 48041470679
7 1967 71549307756
7 1974 35647793403
7 1981 71043658938
7 1988 47195670139
7 1995 35272553472
7 2002 35149222865
7 2016 46540174720
7 2023 69568704081
7 2030 34664405998
7 2037 46060379105
7 2044 45902638080
7 2051 68618960680
7 2065 45435831591
7 2072 45282332160
7 2079 45129866395
7 2086 44978423891
7 2093 44827994381
7 2100 33508925798
7 2114 44382683177
7 2121 44236205675
7 2128 44090691840
7 2135 43946132195
7 2142 32851888038
7 2149 65489757262
7 2163 43377250225
7 2170 32427992708
7 2177 64647445271
7 2184 32220120960
7 2191 64234362554
7 2198 42686529680
7 2212 42416361770
7 2219 24299155656
7 2226 31612194149
7 2233 42017461818
7 2240 41886157248
7 2247 41755670777
7 2261 41497121733
7 2268 41369044196
7 2275 41241754829
7 2282 21122332193
7 2289 40989511680
7 2296 40864543657
7 2310 24370127853
7 2317 60741255225
7 2324 40372199757
7 2331 40250961920
7 2338 40130450058
7 2345 40010657670
7 2359 31590662312
7 2366 31702546129
7 2373 39538555514
7 2380 29566699234
7 2387 39306657829
7 2394 29393794560
7 2408 38963867208
7 2415 29138196346
7 2422 38738642542
7 2429 57940505704
7 2436 28887004999
7 2443 53979307730
7 2457 38186810027
7 2464 38078324771
7 2471 33309122157
7 2478 28397394744
7 2485 37756536111
7 2492 35218206473
7 2506 30767779243
7 2513 56003775708
7 2520 27924104832
7 2527 55693505483
7 2534 29400321560
7 2541 36924436142
7 2555 36722110464
7 2562 27466332622
7 2569 39744662576
7 2576 36422745433
7 2583 36324038806
7 2590 27169399296
7 2604 27023327257
7 2611 -2355942717
7 2618 26878817485
7 2625 35742854185
7 2632 35647793403
7 2639 35553236923
7 2653 53048431344
7 2660 26454415104
7 2667 23409127252
7 2674 35087880417
7 2681 52494400729
7 2688 34905131040
7 2702 34724275439
7 2709 34634548629
7 2716 34545284328
7 2723 -305192327
7 2730 20620877414
7 2737 34280230996
7 2751 34105776894
7 2758 32605534520
7 2765 33933089416
7 2772 25385549847
7 2779 46685992378
7 2786 29875803466
7 2800 33508925798
7 2807 3054839408
7 2814 25006661043
7 2821 33259479701
7 2828 33177154256
7 2835 33095235356
7 2849 32932605209
7 2856 24638916028
7 2863 -1160557863
7 2870 24518726194
7 2877 32612093234
7 2884 28618949156
7 2898 24281830289
7 2905 32297759806
7 2912 32220120960
7 2919 27844151838
7 2926 24049468276
7 2933 23123653823
7 2947 39885405454
7 2954 31762014975
7 2961 31686927469
7 2968 31612194149
7 2975 31537812516
7 2982 19499160605
7 2996 27253276012
7 3003 23432815243
7 3010 23378320324
7 3017 533799768
7 3024 31026783147
7 3031 42475471222
7 3045 23109603999
7 3052 30742133760
7 3059 30671785628
7 3066 22951319040
7 3073 37880954761
7 3080 22846994862
7 3094 22743614795
7 3101 -1135903104
7 3108 22641166080
7 3115 22229359084
7 3122 30052848250
7 3129 25814102919
7 3143 4795730129
7 3150 22339283865
7 3157 29719668114
7 3164 26111929209
7 3171 29588455451
7 3178 21955846861
7 3192 22045345920
7 3199 31925785288
7 3206 29265437378
7 3213 29201678256
7 3220 21853647260
7 3227 43612484771
7 3241 43424093908
7 3248 28887004999
7 3255 21618661805
7 3262 25133865744
7 3269 -1943864059
7 3276 21480080640
7 3290 21388676041
7 3297 20389857649
7 3304 28397394744
7 3311 28337357970
7 3318 17639120943
7 3325 28218042778
7 3339 28099728133
7 3346 19917174789
7 3353 19859527888
7 3360 20943078624
7 3367 27866050561
7 3374 27808237177
7 3388 27693327106
7 3395 27636227463
7 3402 27579362797
7 3409 41284097493
7 3416 27466332622
7 3423 8380081892
7 3437 40947770834
7 3444 20432271828
7 3451 27187769412
7 3458 20349550080
7 3465 20308439878
7 3472 27023327257
7 3486 16272111366
7 3493 -3558535303
7 3500 26807140639
7 3507 11300774419
7 3514 26700339281
7 3521 32968355048
7 3535 26541723405
7 3542 19866952054
7 3549 26437022326
7 3556 18602147404
7 3563 39499716069
7 3570 15768906258
7 3584 35277229607
7 3591 26127817387
7 3598 26076985057
7 3605 18131150362
7 3612 19481933604
7 3619 25925667930
7 3633 13524914708
7 3640 19332072576
7 3647 38589933742
7 3654 19258003332
7 3661 832651448
7 3668 25579332670
7 3682 21513642178
7 3689 25433719772
7 3696 19039162385
7 3703 30593919692
7 3710 18967316489
7 3717 25242128662
7 3731 25147411482
7 3738 14834196399
7 3745 22456550120
7 3752 25006661043
7 3759 16683086107
7 3766 24913699478
7 3780 18616069888
7 3787 33361809922
7 3794 21296363882
7 3801 22104937750
7 3808 24638916028
7 3815 24593707008
7 3829 33186617351
7 3836 20433621572
7 3843 24414517886
7 3850 18277595890
7 3857 24325898947
7 3864 18211372716
7 3878 225118194
7 3885 18112932864
7 3892 15790080303
7 3899 36095790807
7 3906 18015551504
7 3913 23977764437
7 3927 17919211657
7 3934 15529752690
7 3941 35711110976
7 3948 17823896701
7 3955 15522760864
7 3962 -519169314
7 3976 18014167418
7 3983 16070406332
7 3990 14109021389
7 3997 27502941211
7 4004 17574611432
7 4011 15398882029
7 4025 23310557077
7 4032 23270087360
7 4039 34844636879
7 4046 19217705128
7 4053 19241968766
7 4060 17332202999
7 4074 5798550897
7 4081 22990686655
7 4088 11001909842
7 4095 17184064512
7 4102 22872986893
7 4109 34251031481
7 4123 22756486111
7 4130 16625584453
7 4137 22679476006
7 4144 22641166080
7 4151 23731443142
7 4158 16923699898
7 4172 15774848886
7 4179 15339240015
7 4186 16810497892
7 4193 -1241885403
7 4200 16754462899
7 4207 33453170515
7 4221 18062760308
7 4228 14016853401
7 4235 22154661685
7 4242 9327887873
7 4249 28324291
7 4256 22045345920
7 4270 12652324089
7 4277 21937103633
7 4284 16425944019
7 4291 32798296051
7 4298 10415601654
7 4305 13856765774
7 4319 -1202744531
7 4326 8371269061
7 4333 2499643222
7 4340 16213996354
7 4347 21583849145
7 4354 13764452523
7 4368 16110060480
7 4375 28177525953
7 4382 13490941449
7 4389 16032978851
7 4396 17182984229
7 4403 21309332782
7 4417 -2951094655
7 4424 17211444716
7 4431 17187025070
7 4438 5714523441
7 4445 12683177688
7 4452 11727913588
7 4466 15756548181
7 4473 6307708101
7 4480 16741058915
7 4487 -3065162583
7 4494 8008462398
7 4501 -2520360857
7 4515 11633463802
7 4522 15561420649
7 4529 31074737990
7 4536 16337511453
7 4543 16607361942
7 4550 15465658061
7 4564 10263078885
7 4571 -2999197748
7 4578 15371066880
7 4585 12468154708
7 4592 20432271828
7 4599 16346630246
7 4613 30508885401
7 4620 12185063926
7 4634 954148745
7 4641 15162409863
7 4648 16342873466
7 4662 15094110720
7 4669 20095307826
7 4676 20065225029
7 4683 20035232166
7 4690 11176521142
7 4697 19975514634
7 4711 -4423305305
7 4718 1181172409
7 4725 19857141214
7 4732 13955571094
7 4739 -4451101213
7 4746 11534699735
7 4760 14783349617
7 4767 8348801976
7 4774 10532756110
7 4781 29436830863
7 4788 14696897280
7 4795 19452676210
7 4809 15446814514
7 4816 19481933604
7 4823 19453657939
7 4830 11655278538
7 4837 24951483731
7 4844 17993766658
7 4858 1060001118
7 4865 10930484481
7 4872 14443502499
7 4879 19230373487
7 4886 11644192193
7 4893 -1191917151
7 4907 -1538386278
7 4914 14320053760
7 4921 19066245120
7 4928 19039162385
7 4935 14259117361
7 4942 1120599657
7 4956 9995421771
7 4963 28357342002
7 4970 6859504993
7 4977 10728047351
7 4984 10466106329
7 4991 18798836354
7 5005 14059689146
7 5012 6168728411
7 5019 10781128328
7 5026 7726187766
7 5033 20900607329
7 5040 13962052416
7 5054 15131031172
7 5061 10985189344
7 5068 18513218673
7 5075 18487683199
7 5082 10019188069
7 5103 19656151504
7 5110 9631191725
7 5117 18335937510
7 5124 10421449935
7 5131 27428861500
7 5138 -774427368
7 5152 18211372716
7 5159 18186662578
7 5166 9401584369
7 5173 27206164383
7 5180 13584699648
7 5187 13566366720
7 5201 27059697819
7 5208 8706771356
7 5215 6136473299
7 5222 4238644711
7 5229 17943199892
7 5236 13439408742
7 5250 9602061425
7 5264 13515939935
7 5271 17800226187
7 5278 13332463845
7 5285 14002454723
7 5299 -3866697475
7 5306 17682810447
7 5313 13244634703
7 5320 13227207552
7 5327 26419652404
7 5334 2723215065
7 5348 1075097979
7 5355 13140755215
7 5362 -2389388077
7 5369 13236723695
7 5376 9866184412
7 5383 26144805565
7 5397 17384656705
7 5404 13307561663
7 5411 26009515497
7 5418 9445968309
7 5425 17294929444
7 5432 6254707737
7 5446 3154783974
7 5453 15695898659
7 5460 10310438707
7 5467 9092992249
7 5474 12855086623
7 5481 17118225184
7 5495 9194181790
7 5502 6520206539
7 5516 9457479563
7 5523 9122201880
7 5530 12724908531
7 5544 12692774923
7 5551 11702581677
7 5558 16881070931
7 5565 12644877659
7 5572 1943690875
7 5593 16775432191
7 5600 16754462899
7 5607 9128562303
7 5614 -803548781
7 5621 1752884924
7 5628 4954363242
7 5642 8394121401
7 5649 -3315975128
7 5656 12368646945
7 5663 24852108133
7 5670 8786247469
7 5677 -1677910759
7 5691 16486556358
7 5698 12349726952
7 5705 8427560259
7 5712 12319458014
7 5719 13954580515
7 5726 16385782786
7 5740 8445210933
7 5747 24488861729
7 5754 1536963207
7 5768 7841047139
7 5775 12185063926
7 5789 24311191632
7 5796 12140915144
7 5810 175195687
7 5817 4260622575
7 5824 16110060480
7 5838 1493991042
7 5845 269907097
7 5852 12024734138
7 5859 16013823559
7 5866 -1631769485
7 5887 23906486896
7 5894 -1736036749
7 5901 12072370683
7 5908 8370589388
7 5915 11904992979
7 5922 7891554988
7 5936 15806097074
7 5943 1550754636
7 5950 11826679693
7 5957 15750376405
7 5964 4691753311
7 5985 11757517824
7 5992 11667333728
7 6006 9373126097
7 6020 7634584106
7 6034 4609456321
7 6041 23297051540
7 6048 15513391573
7 6055 15495457016
7 6062 3098040235
7 6069 15459712017
7 6083 7020152563
7 6090 5701854172
7 6097 11268549703
7 6104 15371066880
7 6111 8659747930
7 6118 11501919610
7 6132 2966160849
7 6146 15266025420
7 6153 7885717351
7 6160 11423497431
7 6181 22769372004
7 6188 11371807397
7 6195 7557449003
7 6202 1296287844
7 6209 22666691634
7 6216 8008866664
7 6230 3418292205
7 6237 8577892869
7 6244 15026424125
7 6251 15009597223
7 6258 2188500205
7 6265 1489705793
7 6279 11206998594
7 6286 1265944882
7 6293 13513959726
7 6300 11169641932
7 6307 11074817766
7 6314 7182057926
7 6328 2770381270
7 6335 2735243616
7 6342 4345608592
7 6356 3172287692
7 6363 9601963287
7 6384 11022672960
7 6391 14680799913
7 6398 -3024276163
7 6405 3624671637
7 6412 -321549090
7 6426 10950629346
7 6440 10926823630
7 6447 3138961958
7 6454 14537494923
7 6461 6196518856
7 6475 14490346291
7 6482 14474697969
7 6489 7015986378
7 6496 14443502499
7 6510 6751426476
7 6524 3171903176
7 6531 10824111522
7 6538 3175939372
7 6545 10751526994
7 6552 10740040320
7 6573 1268898610
7 6580 7260867365
7 6594 6119783942
7 6601 14213754316
7 6608 7643152405
7 6622 6732921798
7 6636 7292374066
7 6643 2982989917
7 6650 10581766041
7 6657 3912321683
7 6671 21096910262
7 6678 6345670022
7 6685 6206350134
7 6692 3494947834
7 6699 6547145038
7 6706 3120552316
7 6720 10471539312
7 6727 -1922979918
7 6734 6907781533
7 6741 7194415841
7 6748 -453506468
7 6755 296205312
7 6776 431687761
7 6783 10374280433
7 6790 6279456939
7 6804 9860211476
7 6818 583215592
7 6825 10310438707
7 6832 9494570162
7 6846 1499779328
7 6853 57264800
7 6867 13663170560
7 6874 13649256944
7 6888 6008895339
7 6895 5949518863
7 6902 10195413529
7 6916 10174775040
7 6923 9143060902
7 6930 8123375951
7 6944 13511663628
7 6951 -1811146374
7 6965 2310440908
7 6972 2908890383
7 6986 -3832099386
7 6993 13416987306
7 7000 5695488439
7 7014 3909508577
7 7021 9243315095
7 7028 13350169640
7 7035 1988545007
7 7042 -2739632461
7 7049 5588894821
7 7070 1777922852
7 7077 -1817042517
7 7084 9933476027
7 7098 2776657373
7 7112 2139725982
7 7119 1265371830
7 7126 -2951964275
7 7133 19730476427
7 7140 1058030706
7 7161 7478256474
7 7168 19634136210
7 7175 13076653970
7 7182 9797931520
7 7189 9617717582
7 7196 5940678781
7 7210 2575436598
7 7224 5833418609
7 7238 6334323714
7 7245 8881724743
7 7259 9128975202
7 7266 -332295867
7 7280 9666036288
7 7287 1822026366
7 7294 9294251305
7 7308 6241199907
7 7315 9619787310
7 7322 -850816910
7 7329 1692339782
7 7336 6075323721
7 7364 410532212
7 7371 6511875146
7 7378 5623656402
7 7385 12704805990
7 7392 9519581192
7 7406 1868555892
7 7413 2235897427
7 7420 6171941868
7 7434 1287899131
7 7455 854080339
7 7462 5536691865
7 7469 680406941
7 7476 1348228602
7 7490 6083309548
7 7504 8609743081
7 7511 12491677838
7 7518 1071659919
7 7525 8229841357
7 7532 9023379084
7 7539 12445283490
7 7553 4167139835
7 7560 9308034944
7 7567 7984997226
7 7574 8586264044
7 7581 -3718705210
7 7588 8931446613
7 7602 414488800
7 7616 12319458014
7 7623 8480669896
7 7630 9222640128
7 7658 8682832489
7 7665 1057089290
7 7672 4136941098
7 7686 5035279421
7 7700 9138797945
7 7707 5216734298
7 7714 6060231717
7 7728 6043705971
7 7735 9097445918
7 7749 8674542280
7 7756 4965658569
7 7770 3933456769
7 7777 3689180421
7 7784 542298057
7 7798 -4349572381
7 7805 8633337541
7 7812 5383309963
7 7826 3752394140
7 7833 1396067982
7 7847 585925194
7 7854 3826108166
7 7868 344566044
7 7875 8117926931
7 7882 11903703658
7 7896 5115590553
7 7910 1808691883
7 7917 8888309230
7 7924 1033242872
7 7931 1371890494
7 7945 -191791703
7 7952 250519711
7 7959 7880992105
7 7966 -1467066958
7 7973 -218830446
7 7980 8031618425
7 7994 11736926724
7 8001 2102165274
7 8008 8787305716
7 8015 -221887386
7 8022 1022742102
7 8029 993782206
7 8043 4465615608
7 8050 8741458904
7 8064 3505314992
7 8078 2463760138
7 8092 3966722794
7 8099 84083790
7 8106 4723848443
7 8113 5870122076
7 8120 5041635710
7 8127 6781573633
7 8148 1183247495
7 8155 2641372042
7 8162 5598788166
7 8169 110571079
7 8176 1883873043
7 8190 6873625804
7 8204 -1477699420
7 8211 7172181812
7 8218 4582764483
7 8225 11407293888
7 8239 7845922785
7 8246 1940193547
7 8253 3763127800
7 8260 3983518979
7 8274 1651099699
7 8288 7086492262
7 8295 4640045942
7 8302 -2347449201
7 8316 8461849949
7 8323 9328461312
7 8337 1391179148
7 8344 1500729156
7 8358 1163697253
7 8365 83120240
7 8372 5017447187
7 8386 11188289081
7 8393 11178957731
7 8400 8377231449
7 8414 2019943965
7 8421 -2444972591
7 8435 236674605
7 8442 4024533541
7 8449 1696346768
7 8456 7166200872
7 8463 1403095580
7 8470 5015739548
7 8484 1115773671
11 1331 211476316086
11 2662 52869079021
11 3993 35246052681
11 5324 56860491251
11 6655 21147631608
11 7986 11748684227
11 121 2326239476947
11 242 581559869236
11 363 387706579491
11 484 290779934618
11 605 232623947694
11 726 129235526497
11 847 166159962639
11 968 145389967309
11 1089 129235526497
11 1210 77541315898
11 1452 64617763248
11 1573 89470749113
11 1694 55386654213
11 1815 51694210598
11 1936 72694983654
11 2057 68418808146
11 2178 43078508832
11 2299 61216828341
11 2420 38770657949
11 2541 36924436142
11 2783 50570423412
11 2904 32308881624
11 3025 46524789538
11 3146 29823583037
11 3267 43078508832
11 3388 27693327106
11 3509 40107577189
11 3630 19385328974
11 3751 37519991564
11 3872 36347491827
11 4114 40896508111
11 4235 22154661685
11 4356 30016446714
11 4477 31435668607
11 4598 23299940080
11 4719 19882388691
11 4840 19385328974
11 4961 28368774109
11 5082 25329090005
11 5203 27049296244
11 5445 40084238828
11 5566 25110455279
11 5687 27058714780
11 5808 19048771446
11 5929 23737137519
11 6050 23985455477
11 6171 15204179587
11 6292 23327097176
11 6413 21945655443
11 6534 22648591862
11 6776 40705845256
11 6897 21418836017
11 7018 28092129517
11 7139 17067139300
11 7260 31425689479
11 7381 19150253719
11 7502 12427394536
11 7623 19963096348
11 7744 22381398742
11 7865 20406625513
11 8107 37985621402
11 8228 27471878552
11 8349 27773046170
11 8470 18184773880
11 11 25588634246423
11 22 6397158561605
11 33 4264772374403
11 44 3198579280802
11 55 2558863424642
11 66 1421590791467
11 77 1827759589030
11 88 1599289640401
11 99 1421590791467
11 110 852954474880
11 132 710795395733
11 143 984178240247
11 154 609253196343
11 165 568636316587
11 176 799644820200
11 187 752606889601
11 198 473863597155
11 209 673385111748
11 220 426477237440
11 231 406168797562
11 253 556274657531
11 264 355397697866
11 275 511772684928
11 286 328059413415
11 297 473863597155
11 308 304626598171
11 319 441183349076
11 330 213238618720
11 341 412719907200
11 352 399822410100
11 374 250868963200
11 385 243701278537
11 396 236931798577
11 407 345792354681
11 418 224461703915
11 429 218706275610
11 440 213238618720
11 451 312056515200
11 462 152313299085
11 473 297542258679
11 495 189545438862
11 506 185424885843
11 517 272219513260
11 528 177698848933
11 539 261108512718
11 550 170590894976
11 561 167245975466
11 572 164029706707
11 583 241402209872
11 594 157954532385
11 616 152313299085
11 627 149641135943
11 638 147061116358
11 649 216852832597
11 660 106619309360
11 671 209742903659
11 682 137573302400
11 693 135389599187
11 704 199911205050
11 715 131223765366
11 737 190959957063
11 748 125434481600
11 759 123616590562
11 770 91387979451
11 781 180201649623
11 792 118465899288
11 803 175264618126
11 814 115264118227
11 825 113727263317
11 836 112230851957
11 858 82014853353
11 869 161953381306
11 880 106619309360
11 891 157954532385
11 902 104018838400
11 913 154148399075
11 924 76156649542
11 935 100347585280
11 946 99180752893
11 957 98040744239
11 979 143756372171
11 990 71079539573
11 1001 93731260975
11 1012 92712442921
11 1023 91715534933
11 1034 90739837753
11 1045 89784681566
11 1056 88849424466
11 1067 131900176528
11 1078 87036170906
11 1100 85295447488
11 1111 126676407161
11 1122 62717240800
11 1133 124216671099
11 1144 82014853353
11 1155 60925319634
11 1166 80467403290
11 1177 119573057226
11 1188 78977266192
11 1199 117379056176
11 1221 76842745484
11 1232 76156649542
11 1243 113224045338
11 1254 56115425978
11 1265 74169954337
11 1276 73530558179
11 1287 72902091870
11 1298 72284277532
11 1309 71676846628
11 1320 53309654680
11 1342 69914301219
11 1353 69345892266
11 1364 68786651200
11 1375 102354536985
11 1386 50771099695
11 1397 100742654513
11 1408 99955602525
11 1419 66120501928
11 1430 49208912012
11 1441 97666542925
11 1463 64131915404
11 1474 63653319020
11 1485 63181812954
11 1496 62717240800
11 1507 93389176082
11 1518 46356221460
11 1529 92045446930
11 1540 45693989725
11 1551 60493225168
11 1562 60067216540
11 1584 59232949644
11 1595 58824446543
11 1606 58421539375
11 1617 58024113937
11 1628 57632059113
11 1639 85867900156
11 1650 42647723744
11 1661 84730576975
11 1672 56115425978
11 1683 55748658488
11 1705 55029320960
11 1716 41007426676
11 1727 81492465753
11 1738 53984460435
11 1749 53644935527
11 1760 53309654680
11 1771 52978538812
11 1782 52651510795
11 1793 78492743087
11 1804 52009419200
11 1826 51382799691
11 1837 76612677385
11 1848 38078324771
11 1859 75706018481
11 1870 37630344480
11 1881 49880378647
11 1892 49590376446
11 1903 73955590308
11 1914 36765279089
11 1925 48740255707
11 1947 48189518354
11 1958 47918790723
11 1969 71476631973
11 1980 35539769786
11 1991 66448238786
11 2002 35149222865
11 2013 46609534146
11 2024 46356221460
11 2035 46105647290
11 2046 34393325600
11 2068 45369918876
11 2079 45129866395
11 2090 33669255587
11 2101 66985953525
11 2112 44424712233
11 2123 66291798566
11 2134 41526539179
11 2145 32805941341
11 2156 43518085453
11 2167 64945772199
11 2189 64293050870
11 2200 42647723744
11 2211 42435546013
11 2222 42225469053
11 2233 42017461816
11 2244 31358620400
11 2255 41607535360
11 2266 41405557033
11 2277 41205530187
11 2288 41007426676
11 2310 24370127853
11 2321 60636574044
11 2332 40233701645
11 2343 40044811027
11 2354 39857685742
11 2365 39672301157
11 2376 39488633096
11 2387 39306657828
11 2398 39126352058
11 2409 38947692916
11 2431 38595225109
11 2442 28816029556
11 2453 57373619387
11 2464 38078324771
11 2475 37909087772
11 2486 37741348446
11 2497 56362630499
11 2508 28057712989
11 2519 55870380451
11 2530 27813732876
11 2552 36765279089
11 2563 50847755217
11 2574 27338284451
11 2585 36295935101
11 2596 36142138766
11 2607 35989640290
11 2618 26878817485
11 2629 23127473550
11 2640 26654827340
11 2651 40760215290
11 2673 52651510795
11 2684 34957150609
11 2695 34814468362
11 2706 26004709600
11 2717 34532569833
11 2728 34393325600
11 2739 34255199794
11 2750 34118178995
11 2761 50973374993
11 2772 25385549847
11 2794 25798051297
11 2805 25086896320
11 2816 49977801262
11 2827 11787518068
11 2838 24795188223
11 2849 32932605207
11 2860 24604456006
11 2871 32680248079
11 2882 32555514308
11 2893 32779920338
11 2915 32186961316
11 2926 24049468276
11 2937 27971800830
11 2948 31826659510
11 2959 47562517187
11 2970 23693179857
11 2981 47211502300
11 2992 31358620400
11 3003 23432815243
11 3014 31129725360
11 3036 23178110730
11 3047 46188870481
11 3058 26600411093
11 3069 30571844977
11 3080 22846994862
11 3091 41623829470
11 3102 22684959438
11 3113 45209601142
11 3124 30033608270
11 3135 22446170391
11 3157 29719668114
11 3168 29616474822
11 3179 44270993506
11 3190 22059167453
11 3201 25150869728
11 3212 29210769687
11 3223 43666611342
11 3234 19241281185
11 3245 27309747984
11 3256 28816029556
11 3278 16767737128
11 3289 28526905515
11 3300 21323861872
11 3311 28337357969
11 3322 24165342172
11 3333 22791374252
11 3344 28057712989
11 3355 27965720487
11 3366 20905746933
11 3377 30132129822
11 3399 27603704688
11 3410 20635995360
11 3421 41139283354
11 3432 20503713338
11 3443 29795310569
11 3454 27164155250
11 3465 20308439878
11 3476 22653775227
11 3487 -871077645
11 3498 20116850822
11 3520 26654827340
11 3531 22451625708
11 3542 19866952054
11 3553 26407259284
11 3564 26325755397
11 3575 26244753073
11 3586 18145709403
11 3597 26084234705
11 3608 26004709600
11 3619 25925667929
11 3641 1807554700
11 3652 25691399845
11 3663 25614248494
11 3674 25537559128
11 3685 25461327608
11 3696 19039162385
11 3707 37965332710
11 3718 25235339493
11 3729 17042937721
11 3740 18815172240
11 3762 18705141992
11 3773 37301216102
11 3784 24795188223
11 3795 18542488584
11 3806 24651863435
11 3817 21749887462
11 3828 18382639544
11 3839 12750170714
11 3850 18277595890
11 3861 24300697290
11 3883 27927744793
11 3894 18071069383
11 3905 24026886616
11 3916 3672157004
11 3927 17919211657
11 3938 19705379205
11 3949 24697028890
11 3960 17769884893
11 3971 35441321671
11 3982 3680228331
11 4004 17574611432
11 4015 19104213840
11 4026 13397170754
11 4037 22751325909
11 4048 23178110730
11 4059 23115297422
11 4070 17289617734
11 4081 22990686654
11 4092 17196662800
11 4103 4664984665
11 4125 22745452663
11 4136 22684959438
11 4147 22624787132
11 4158 16923699898
11 4169 23352608820
11 4180 16834627793
11 4191 15324625211
11 4202 14499849141
11 4213 -5436547257
11 4224 20126257837
11 4246 18042690132
11 4257 22040167309
11 4268 8712689947
11 4279 763962589
11 4290 13122376536
11 4301 21814692452
11 4312 21759042726
11 4323 18134616263
11 4334 20241596886
11 4345 17509655815
11 4367 28270278635
11 4378 17644919585
11 4389 16032978851
11 4400 21323861872
11 4411 1447764693
11 4422 15913329755
11 4433 21165123446
11 4444 21112734526
11 4455 21060604318
11 4466 15756548181
11 4488 15679310200
11 4499 1541244525
11 4510 12400869126
11 4521 16626917465
11 4532 12547422530
11 4543 16607361941
11 4554 15452073820
11 4565 20553119876
11 4576 20503713338
11 4587 12137483203
11 4609 -1741573986
11 4620 12185063926
11 4631 22646984168
11 4642 17779919395
11 4653 20164408389
11 4664 20116850822
11 4675 20069517056
11 4686 10896639349
11 4697 19975514634
11 4708 16299682179
11 4730 14877112933
11 4741 2469326535
11 4752 19744316548
11 4763 28171563100
11 4774 10532756110
11 4785 14706111635
11 4796 19563176029
11 4807 19518409036
11 4818 8202400804
11 4829 -2111626541
11 4851 19341371312
11 4862 14473209415
11 4873 -1830995472
11 4884 14408014778
11 4895 11062358858
11 4906 19124539795
11 4917 3421917630
11 4928 19039162385
11 4939 1609349578
11 4950 14215907914
11 4972 9340038744
11 4983 11120422957
11 4994 1827453583
11 5005 14059689146
11 5016 14028856494
11 5027 -1832149887
11 5038 3910580354
11 5049 18582886162
11 5060 13906866438
11 5071 -2672552341
11 5093 27633514305
11 5104 18382639544
11 5115 13510406665
11 5126 990262806
11 5137 4130264594
11 5148 13669142225
11 5159 18186662577
11 5170 13610975662
11 5181 1207131583
11 5192 11035542203
11 5214 9652888696
11 5225 17956936313
11 5236 13439408742
11 5247 17881645175
11 5258 7854908724
11 5269 4766360528
11 5280 13327413670
11 5291 17732941267
11 5302 1320445619
11 5313 13244634703
11 5335 13577501270
11 5346 17550503598
11 5357 26271698405
11 5368 13603771430
11 5379 1335199613
11 5390 11581251441
11 5401 -4368279392
11 5412 9088366288
11 5423 17301307808
11 5434 12949713687
11 5456 17196662800
11 5467 9092992247
11 5478 5606490421
11 5489 3951946475
11 5500 6548680318
11 5511 9568403242
11 5522 16991124997
11 5533 11211759036
11 5544 12692774923
11 5555 1829722214
11 5577 12703394876
11 5588 12645897959
11 5599 25136182953
11 5610 10034758528
11 5621 3326206572
11 5632 4142415475
11 5643 16626792882
11 5654 8661448489
11 5665 8347907295
11 5676 8596085217
11 5698 12349726952
11 5709 8503933793
11 5720 12302228003
11 5731 20988170621
11 5742 12255093029
11 5753 3550544526
11 5764 12648596462
11 5775 12185063926
11 5786 -720066563
11 5797 16185094400
11 5819 24185854675
11 5830 7775527127
11 5841 11750578445
11 5852 12024734138
11 5863 14421349992
11 5874 2440809178
11 5885 -1927935172
11 5896 15913329755
11 5907 794025131
11 5918 12229706606
11 5940 11846589928
11 5951 23649384701
11 5962 12444908850
11 5973 -92738612
11 5984 15679310200
11 5995 15650540823
11 6006 9373126097
11 6017 23389976459
11 6028 8968085601
11 6039 11907350690
11 6061 15480117512
11 6072 11589055365
11 6083 7020152561
11 6094 1532922935
11 6105 11526411822
11 6116 7340838598
11 6127 22970048695
11 6138 11464441866
11 6149 10951640576
11 6160 11423497431
11 6182 7821968574
11 6193 -3869631644
11 6204 7773419777
11 6215 6840616317
11 6226 10991683561
11 6237 8577892869
11 6248 6637783661
11 6259 22485618846
11 6270 8978468156
11 6281 22406860111
11 6303 1699577153
11 6314 7182057926
11 6325 14833990867
11 6336 14808237411
11 6347 -4599875626
11 6358 7314338247
11 6369 8627661789
11 6380 11029583726
11 6391 14680799911
11 6402 6746663112
11 6424 6340207661
11 6435 10935313780
11 6446 -1594286745
11 6457 -4977624516
11 6468 6722678552
11 6479 13042455311
11 6490 3034985538
11 6501 -1536878625
11 6512 14408014778
11 6523 -1268688600
11 6545 10751526994
11 6556 2599575113
11 6567 6545683277
11 6578 10697589567
11 6589 21359460974
11 6600 10661930936
11 6611 21288381237
11 6622 6732921798
11 6633 9979799162
11 6644 2357546001
11 6666 3167673594
11 6677 421948757
11 6688 14028856494
11 6699 6547145038
11 6710 7175428806
11 6721 9833742265
11 6732 10452873466
11 6743 20871642942
11 6754 6934904990
11 6765 5349223755
11 6787 20736332453
11 6798 2442308622
11 6809 2178223494
11 6820 6884527025
11 6831 13482131927
11 6842 10420835868
11 6853 55605282
11 6864 10251856669
11 6875 -3932165678
11 6886 3930162144
11 6908 6035101281
11 6919 12072659255
11 6930 8123375951
11 6941 13414936821
11 6952 9588566915
11 6963 -367438124
11 6974 801729013
11 6985 1807301660
11 6996 5938260625
11 7007 5842097769
11 7029 7902818864
11 7040 4904830321
11 7051 1464560199
11 7062 6213802888
11 7073 19897849336
11 7084 9933476027
11 7095 6293609500
11 7106 9902722231
11 7117 -3401639476
11 7128 5045976743
11 7150 9841782402
11 7161 7478256474
11 7172 1797687223
11 7183 19593134951
11 7194 9781588014
11 7205 5704934042
11 7216 9111044716
11 7227 3444038659
11 7238 6334323714
11 7249 19414745255
11 7271 -3820471043
11 7282 1839275131
11 7293 9648806276
11 7304 5661540366
11 7315 9619787310
11 7326 5550767129
11 7337 12787923162
11 7348 8648614778
11 7359 5691756753
11 7370 2193911834
11 7392 9519581192
11 7403 19010872397
11 7414 4090658951
11 7425 12636362590
11 7436 5763965943
11 7447 18898548188
11 7458 629053499
11 7469 2165032409
11 7480 9407586120
11 7491 2806941776
11 7513 18732528731
11 7524 9352570996
11 7535 4244716549
11 7546 4628577919
11 7557 5814473064
11 7568 8088402850
11 7579 8301417020
11 7590 7416995433
11 7601 -5175952349
11 7612 4493907427
11 7634 4944619481
11 7645 404885417
11 7656 9191319772
11 7667 8045782373
11 7678 -2871284323
11 7689 5628589962
11 7700 9138797945
11 7711 18251522287
11 7722 9112761483
11 7733 11305393457
11 7755 5762267399
11 7766 4218446204
11 7777 3689180420
11 7788 1658273054
11 7799 18045581274
11 7810 1724524974
11 7821 7770660699
11 7832 2208913748
11 7843 5594946442
11 7854 4060485626
11 7876 1748885845
11 7887 11896157250
11 7898 4817253863
11 7909 -1556390940
11 7920 8884942446
11 7931 1371890494
11 7942 11813773890
11 7953 2000295890
11 7964 -300223712
11 7975 11764889308
11 7997 -5353996719
11 8008 8787305716
11 8019 -2222958692
11 8030 773553242
11 8041 7738853949
11 8052 1690619070
11 8063 -2288272042
11 8074 1709572640
11 8085 4789628578
11 8096 11589055365
11 8118 4099333686
11 8140 4619360513
11 8151 8633142458
11 8162 4858787510
11 8184 4520147914
11 8195 1611772271
11 8206 2129624808
11 8217 4183420382
11 8239 7845922785
11 8250 4451361262
11 8272 5388912082
11 8283 11327416665
11 8294 8484295174
11 8305 3762114870
11 8316 8461849949
11 8338 -1957965057
11 8360 8417313896
11 8382 1974652555
11 8393 11178957731
11 8404 3747247354
11 8415 8362298773
11 8426 11135175912
11 8437 6882061934
11 8448 2520486163
11 8459 16637603541
11 8481 3965149610
11 8492 1440947635
13 169 1665532406571
13 338 416383101642
13 507 277588734428
13 676 208191550821
13 845 166553240657
13 1014 92529578142
13 1183 118966600469
13 1352 104095775410
13 1521 92529578142
13 1690 55517746885
13 1859 75706018480
13 2028 46264789071
13 2366 55561508209
13 2535 37011831257
13 2704 52047887705
13 2873 48986247252
13 3042 30843192714
13 3211 43829800173
13 3380 27758873442
13 3549 26437022326
13 3718 25235339493
13 3887 36207226230
13 4056 23132394535
13 4225 33310648131
13 4563 50573484612
13 4732 31572158044
13 4901 33024032741
13 5070 24752834088
13 5239 31003025611
13 5408 30108072211
13 5577 25063889234
13 5746 23195690394
13 5915 23776654227
13 6084 30607389279
13 6253 26646794382
13 6422 35060355372
13 6760 42028818409
13 6929 17279838501
13 7098 31325561369
13 7267 17716468059
13 7436 26325077352
13 7605 26836235083
13 7774 22917692609
13 7943 15034927777
13 8112 26318971151
13 8281 25392447435
13 8450 24810956983
13 13 21651921285435
13 26 5412980321358
13 39 3608653547572
13 52 2706490160679
13 65 2165192128543
13 78 1202884515857
13 91 1546565806102
13 104 1353245080339
13 117 1202884515857
13 130 721730709514
13 143 984178240247
13 156 601442257928
13 182 515521935367
13 195 481153806343
13 208 676622540169
13 221 636821214278
13 234 400961505285
13 247 569787402248
13 260 360865354757
13 273 343681290245
13 286 328059413415
13 299 470693940988
13 312 300721128964
13 325 433038425708
13 351 400961505285
13 364 257760967683
13 377 373308987680
13 390 180432677378
13 403 349224536862
13 416 338311270084
13 429 218706275610
13 442 212273738092
13 455 206208774147
13 468 200480752642
13 481 292593530884
13 494 189929134082
13 520 180432677378
13 533 264047820554
13 546 128880483841
13 559 251766526575
13 572 164029706707
13 585 160384602114
13 598 156897980329
13 611 230339588143
13 624 150360564482
13 637 220937972300
13 650 144346141902
13 663 141515825395
13 689 204263408353
13 702 133653835095
13 715 131223765366
13 728 128880483841
13 741 126619422721
13 754 124436329226
13 767 183490858351
13 780 90216338689
13 793 177474764635
13 806 116408178953
13 819 114560430081
13 832 169155635042
13 858 82014853353
13 871 161581502130
13 884 106136869046
13 897 104598653552
13 910 77328290305
13 923 152478318912
13 936 100240376321
13 949 148300830722
13 962 97531176961
13 975 96230761268
13 988 94964567041
13 1001 93731260975
13 1027 137037476490
13 1040 90216338689
13 1053 133653835095
13 1066 88015940184
13 1079 130433260756
13 1092 64440241920
13 1105 84909495237
13 1118 83922175524
13 1131 82957552817
13 1144 82014853353
13 1157 121640007222
13 1170 60144225792
13 1196 78448990164
13 1209 77605452635
13 1222 76779862714
13 1235 75971653633
13 1248 75180282241
13 1261 111607841678
13 1274 73645990766
13 1287 72902091870
13 1300 72173070951
13 1313 107187729136
13 1326 53068434523
13 1339 105106414007
13 1365 51552193536
13 1378 68087802784
13 1391 101177202268
13 1404 66826917547
13 1417 99320739841
13 1430 49208912012
13 1443 65020784640
13 1456 64440241920
13 1469 95804961440
13 1482 47482283520
13 1495 62759192131
13 1508 62218164613
13 1534 61163619450
13 1547 60649639455
13 1560 45108169344
13 1573 89470749113
13 1586 59158254878
13 1599 58677293456
13 1612 58204089476
13 1625 86607685141
13 1638 42960161280
13 1651 85243784588
13 1664 84577817521
13 1677 55948117016
13 1703 82640920937
13 1716 41007426676
13 1729 54265466880
13 1742 53860500710
13 1755 53461534038
13 1768 53068434523
13 1781 79021610531
13 1794 39224495082
13 1807 77884608940
13 1820 38664145152
13 1833 51186575142
13 1846 50826106303
13 1872 50120188160
13 1885 49774531690
13 1898 49433610240
13 1911 49097327177
13 1924 48765588480
13 1937 72657453978
13 1950 36086535475
13 1963 71695103594
13 1976 47482283520
13 1989 47171941798
13 2002 35149222865
13 2015 46563271581
13 2041 68955163329
13 2054 45679158830
13 2067 45391868522
13 2080 45108169344
13 2093 44827994379
13 2106 44551278365
13 2119 66416936458
13 2132 44007970092
13 2145 32805941341
13 2158 43477753585
13 2171 64826111633
13 2184 32220120960
13 2210 31841060713
13 2223 42206474240
13 2236 41961087762
13 2249 62577807183
13 2262 31109082306
13 2275 41241754829
13 2288 41007426676
13 2301 40775746300
13 2314 36339428498
13 2327 49838699075
13 2340 30072112896
13 2353 59811937253
13 2379 39438836585
13 2392 39224495082
13 2405 39012470784
13 2418 29102044738
13 2431 38595225107
13 2444 38389931357
13 2457 38186810027
13 2470 28489370112
13 2483 56680422213
13 2496 37590141120
13 2509 56093060325
13 2522 33217785433
13 2548 36822995383
13 2561 54954114938
13 2574 27338284451
13 2587 54401812275
13 2600 36086535475
13 2613 35907000473
13 2626 35729243045
13 2639 35553236921
13 2652 26534217261
13 2665 35206376073
13 2678 30954066785
13 2691 34866217850
13 2717 34532569833
13 2730 20620877414
13 2743 43797452246
13 2756 34043901392
13 2769 33884070869
13 2782 33725734089
13 2795 33568870209
13 2808 33413458773
13 2821 33259479701
13 2834 33106913280
13 2847 32955740160
13 2860 24604456006
13 2886 24382794240
13 2899 48546908712
13 2912 32220120960
13 2925 32076920422
13 2938 31934987146
13 2951 47691456576
13 2964 23741141760
13 2977 43211460233
13 2990 23534697049
13 3003 23432815243
13 3016 31109082306
13 3029 42224754249
13 3055 30711945085
13 3068 30581809725
13 3081 30452772553
13 3094 22743614795
13 3107 40926060816
13 3120 22554084672
13 3133 18738453473
13 3146 29823583037
13 3159 44551278365
13 3172 29579127439
13 3185 29458396306
13 3198 22003985046
13 3224 29102044738
13 3237 28985169056
13 3250 28869228380
13 3263 43131317302
13 3276 21480080640
13 3289 28526905514
13 3302 24451777246
13 3315 21227373809
13 3328 42288908760
13 3341 42124360478
13 3354 17184186084
13 3367 27866050560
13 3393 27652517605
13 3406 23448299181
13 3419 2564682200
13 3432 20503713338
13 3445 27235121113
13 3458 20349550080
13 3471 22874269904
13 3484 20272595456
13 3497 40245206850
13 3510 20048075264
13 3523 39948194254
13 3536 26534217261
13 3562 22124317734
13 3575 26244753073
13 3588 19612247541
13 3601 25208710121
13 3614 21964800144
13 3627 25868484211
13 3640 19332072576
13 3653 30485201555
13 3666 19194965678
13 3679 23029936564
13 3692 18813887060
13 3705 18992913408
13 3731 25147411481
13 3744 25060094080
13 3757 37460071428
13 3770 18665449383
13 3783 24801742595
13 3796 20445902598
13 3809 36948671136
13 3822 18411497691
13 3835 24465447780
13 3848 24382794240
13 3861 24300697290
13 3874 9105209710
13 3900 18043267737
13 3913 23977764435
13 3926 20055141452
13 3939 14417928141
13 3952 23741141760
13 3965 23663301951
13 3978 17689478174
13 3991 27873815587
13 4004 17574611432
13 4017 23356980890
13 4030 17461226843
13 4043 34810162838
13 4069 30562285329
13 4082 17673253175
13 4095 17184064512
13 4108 22839579415
13 4121 34151295403
13 4134 13053520024
13 4147 22624787132
13 4160 22554084672
13 4173 22483822726
13 4186 16810497892
13 4199 22344604011
13 4212 22275639182
13 4238 14257324538
13 4251 22071275520
13 4264 22003985046
13 4277 21937103632
13 4290 13122376536
13 4303 2449357698
13 4316 17895650380
13 4329 21673594880
13 4342 17822606506
13 4355 21544200284
13 4368 16110060480
13 4381 3720405491
13 4407 1162946235
13 4420 15920530356
13 4433 21165123446
13 4446 15827427840
13 4459 13429934604
13 4472 20980543881
13 4485 15689798032
13 4498 20859269061
13 4511 -1578413551
13 4524 15554541153
13 4537 11240641684
13 4550 15465658061
13 4576 20503713338
13 4589 7171330493
13 4602 15290904862
13 4615 14761247184
13 4628 11947130294
13 4641 15162409863
13 4654 9309898208
13 4667 26248331035
13 4680 15036056448
13 4693 29988810645
13 4706 11377595875
13 4719 19882388691
13 4745 15270416596
13 4758 11356093064
13 4771 29498530362
13 4784 19612247541
13 4797 19559097818
13 4810 14629676544
13 4823 19453657938
13 4836 14551022369
13 4849 29024023171
13 4862 14473209415
13 4875 7537381173
13 4888 19194965678
13 4914 14320053760
13 4927 18159056101
13 4940 14244685056
13 4953 4147664929
13 4966 3153010756
13 4979 24515597230
13 4992 14842987479
13 5005 14059689146
13 5018 -370868146
13 5031 18649372338
13 5044 6957962160
13 5057 19995486109
13 5083 18458585921
13 5096 18411497691
13 5109 10641508844
13 5122 14388568390
13 5135 11965474378
13 5148 13669142225
13 5161 -3649240212
13 5174 4244876777
13 5187 13566366720
13 5200 18043267737
13 5213 2854214634
13 5226 9226529028
13 5252 6545005781
13 5265 12986403998
13 5278 13332463845
13 5291 17732941265
13 5304 13267108630
13 5317 22261688596
13 5330 7685950652
13 5343 6867786139
13 5356 6348462506
13 5369 13236723693
13 5382 13074831694
13 5395 6319284286
13 5421 4790700894
13 5434 12949713687
13 5447 2878903544
13 5460 10310438707
13 5473 -3559268088
13 5486 17102623448
13 5499 14607898520
13 5512 17021950696
13 5525 16981899047
13 5538 5407330527
13 5551 11702581676
13 5564 12781462494
13 5590 12588326328
13 5603 -1495064220
13 5616 16706729386
13 5629 4752995123
13 5642 8394121401
13 5655 12443632922
13 5668 16553456640
13 5681 16515576878
13 5694 4183914373
13 5707 1233612412
13 5720 12302228003
13 5733 16365775725
13 5759 -2806755859
13 5772 10755920830
13 5785 12011427054
13 5798 -4438376625
13 5811 5006448012
13 5824 16110060480
13 5837 2387395629
13 5850 12028845158
13 5863 14421349991
13 5876 8030582033
13 5889 1211261919
13 5902 11840144780
13 5928 11870570880
13 5941 5033877757
13 5954 5005092936
13 5967 15723980599
13 5980 11767348524
13 5993 23483645646
13 6006 9373126097
13 6019 23382204412
13 6032 12399460011
13 6045 11640817895
13 6058 7639252965
13 6071 1852838222
13 6097 11268549702
13 6110 7519543191
13 6123 10614591504
13 6136 11328087246
13 6149 10951640576
13 6162 7275245248
13 6175 15194330726
13 6188 11371807397
13 6201 11067145769
13 6214 3585892021
13 6227 18773694960
13 6240 11277042336
13 6266 1257882269
13 6279 11206998594
13 6292 10704138689
13 6305 1470115119
13 6318 8246451162
13 6331 3018304238
13 6344 9789543317
13 6357 2685976157
13 6370 6867446747
13 6383 22048799680
13 6396 11001992523
13 6409 14639568144
13 6435 10935313780
13 6448 14551022369
13 6461 6196518856
13 6474 2935781346
13 6487 -3327011822
13 6500 11142355607
13 6513 3461913831
13 6526 14377105767
13 6539 -1971514035
13 6552 10740040320
13 6565 1789303257
13 6578 10697589567
13 6604 2767200674
13 6617 -1766182786
13 6630 8490949523
13 6643 2982989917
13 6656 2033090866
13 6669 14068824746
13 6682 14041453492
13 6695 3555919876
13 6708 10490271940
13 6721 9833742263
13 6734 6907781533
13 6747 10120082003
13 6773 20779195092
13 6786 10369694102
13 6799 2915465141
13 6812 5239086774
13 6825 10310438707
13 6838 3874675394
13 6851 9529517113
13 6864 10251856669
13 6877 16678856585
13 6890 6134986931
13 6903 5929714500
13 6916 10174775040
13 6942 1670797010
13 6955 9693935838
13 6968 9507904761
13 6981 594215495
13 6994 9981598295
13 7007 5842097769
13 7020 10024037632
13 7033 -2859214302
13 7046 9882594096
13 7059 1519285281
13 7072 13267108630
13 7085 13242765312
13 7111 19791518542
13 7124 -762831514
13 7137 5230595338
13 7150 9841782402
13 7163 13098560971
13 7176 9806123770
13 7189 9617717582
13 7202 5786443837
13 7215 8921326099
13 7228 1833554235
13 7241 19436195050
13 7254 6071520887
13 7280 9666036288
13 7293 9648806276
13 7306 -960211188
13 7319 -1974861577
13 7332 5689934646
13 7345 4604996756
13 7358 2327876008
13 7371 6511875146
13 7384 4381300773
13 7397 -3789846182
13 7410 7597165363
13 7423 11251811900
13 7449 4810953480
13 7462 5536691865
13 7475 12551838426
13 7488 12530047040
13 7501 -2512336139
13 7514 4936377951
13 7527 5291225386
13 7540 5582106144
13 7553 5186993150
13 7566 1495661561
13 7579 8301417020
13 7592 4285291602
13 7618 12316223711
13 7631 15150604522
13 7644 4967152696
13 7657 8045839693
13 7670 1988696894
13 7683 4446582755
13 7696 8129569684
13 7709 18256257408
13 7722 9112761483
13 7735 9097445918
13 7748 3997647663
13 7761 4757530179
13 7787 18073390055
13 7800 9021633868
13 7813 -3287607930
13 7826 3752394140
13 7839 4384240380
13 7852 1474989331
13 7865 7690837066
13 7878 2808941761
13 7891 -212527426
13 7904 11870570880
13 7917 8888309230
13 7930 2035031415
13 7956 8844739087
13 7969 17660620951
13 7982 -1691549902
13 7995 5489877642
13 8008 8787305716
13 8021 -5298138076
13 8034 3749065386
13 8047 17489435610
13 8060 5161553479
13 8073 11184346903
13 8086 -1507353793
13 8099 1914840497
13 8125 17321537028
13 8138 3343718465
13 8151 8633142458
13 8164 632123488
13 8177 10642464516
13 8190 6873625804
13 8203 10295512921
13 8216 7467706626
13 8229 4303935218
13 8242 1565170308
13 8255 1616360793
13 8268 15058322717
13 8294 8484295174
13 8307 538480258
13 8320 3653406338
13 8333 -2853827917
13 8346 4907473700
13 8372 5017447187
13 8385 2859639151
13 8398 8379226503
13 8411 -2819455728
13 8424 3494064421
13 8437 6882061932
13 8463 2146476080
13 8476 -748630434
13 8489 16578806497
17 289 973961857130
17 578 243490464282
17 867 162326976188
17 1156 121745232141
17 1445 97396185713
17 1734 54108992062
17 2023 69568704080
17 2312 60872616070
17 2601 54108992062
17 2890 48632301619
17 3179 44270993505
17 3468 27054496031
17 3757 37460071428
17 4046 31133293822
17 4335 21643596825
17 4624 30436308035
17 5202 25980056483
17 5491 25630575188
17 5780 16232697618
17 6069 15459712017
17 6358 29642317011
17 6647 21173083851
17 6936 28412567191
17 7225 27107298361
17 7514 27587315526
17 7803 38004188962
17 8092 26850906451
17 8381 24342758338
17 17 16557351571215
17 34 4139337892803
17 51 2759558595202
17 68 2069668946401
17 85 1655735157121
17 102 919852865067
17 119 1182667969372
17 136 1034834473200
17 153 919852865067
17 170 551911719040
17 187 752606889600
17 204 459926432533
17 221 636821214277
17 238 394222656457
17 255 367941146027
17 272 517417236600
17 306 306617621689
17 323 435719778190
17 340 275955859520
17 357 262815104305
17 374 250868963200
17 391 359942425461
17 408 229963216266
17 425 331147031424
17 442 212273738092
17 459 306617621689
17 476 197111328228
17 493 285471578814
17 510 137977929760
17 527 267054057600
17 544 258708618300
17 561 167245975466
17 595 157689062583
17 612 153308810844
17 629 223747994206
17 646 145239926063
17 663 141515825395
17 680 137977929760
17 697 201918921600
17 714 98555664114
17 731 192527343851
17 748 125434481600
17 765 122647048675
17 782 119980808487
17 799 176142037992
17 816 114981608133
17 833 168952567053
17 850 110382343808
17 884 106136869046
17 901 156201429917
17 918 102205873896
17 935 100347585280
17 952 98555664114
17 969 96826617375
17 986 95157192938
17 1003 140316538739
17 1020 68988964880
17 1037 135715996485
17 1054 89018019200
17 1071 87605034768
17 1088 129354309150
17 1105 84909495237
17 1122 62717240800
17 1139 123562325158
17 1173 79987205658
17 1190 59133398468
17 1207 116601067403
17 1224 76654405422
17 1241 113406517611
17 1258 74582664735
17 1275 73588229205
17 1292 72619963031
17 1309 71676846628
17 1326 53068434523
17 1343 104793364375
17 1360 68988964880
17 1377 102205873896
17 1394 67306307200
17 1411 99743081754
17 1428 49277832057
17 1462 64175781283
17 1479 63438128625
17 1496 62717240800
17 1513 93018829052
17 1530 45992643253
17 1547 60649639455
17 1564 59990404243
17 1581 59345346133
17 1598 58714012663
17 1615 58095970425
17 1632 57490804066
17 1649 85347173048
17 1666 56317522351
17 1683 55748658488
17 1700 55191171904
17 1717 81967086986
17 1751 80375493064
17 1768 53068434523
17 1785 39422265645
17 1802 52067143305
17 1819 77370801735
17 1836 51102936948
17 1853 75951153996
17 1870 37630344480
17 1887 49721776490
17 1904 49277832057
17 1921 73262617572
17 1938 36309981515
17 1955 47992323394
17 1972 47578596469
17 1989 47171941798
17 2006 46772179579
17 2040 34494482440
17 2057 68418808145
17 2074 45238665495
17 2091 44870871466
17 2108 44509009600
17 2125 66229406284
17 2142 32851888038
17 2159 65186423509
17 2176 64677154575
17 2193 42783854189
17 2210 31841060713
17 2227 63195998363
17 2244 31358620400
17 2261 41497121732
17 2278 41187441719
17 2295 40882349558
17 2329 60428290406
17 2346 29995202121
17 2363 59558818601
17 2380 29566699234
17 2397 39142675109
17 2414 38867022467
17 2431 38595225107
17 2448 38327202711
17 2465 38062877175
17 2482 37802172537
17 2499 37545014900
17 2516 37291332367
17 2533 55561582454
17 2550 27595585952
17 2567 54825667454
17 2584 36309981515
17 2618 26878817485
17 2635 35607207680
17 2652 26534217261
17 2669 52730419017
17 2686 34931121458
17 2703 34711428870
17 2720 34494482440
17 2737 34280230996
17 2754 34068624632
17 2771 50789421998
17 2788 33653153600
17 2805 25086896320
17 2822 33247693918
17 2839 49572908896
17 2856 24638916028
17 2873 48986247252
17 2907 32275539125
17 2924 32087890641
17 2941 47853617258
17 2958 23789298234
17 2975 31537812516
17 2992 31358620400
17 3009 28716241659
17 3026 26879452612
17 3043 44721014883
17 3060 22996321626
17 3077 45738540252
17 3094 22743614795
17 3111 30159110330
17 3128 29995202121
17 3145 29833065894
17 3162 22254504800
17 3196 29357006331
17 3213 29201678256
17 3230 21785988909
17 3247 39187009470
17 3264 28745402033
17 3281 42894693190
17 3298 28449057682
17 3315 21227373809
17 3332 28158761175
17 3349 42023734952
17 3366 20905746933
17 3383 37726581983
17 3400 27595585952
17 3417 27458294479
17 3434 19458081471
17 3451 27187769410
17 3485 26922522880
17 3502 22546812756
17 3519 26662401886
17 3536 26534217261
17 3553 26407259284
17 3570 15768906258
17 3587 36803158312
17 3604 26033571652
17 3621 21839306017
17 3638 21962791760
17 3655 25670312513
17 3672 25551468474
17 3689 25433719771
17 3706 25317051332
17 3723 21227388706
17 3740 18815172240
17 3774 18645666183
17 3791 37124106662
17 3808 24638916028
17 3825 24529409735
17 3842 23612764630
17 3859 3070349785
17 3876 18154990757
17 3893 36151422645
17 3910 17997121273
17 3927 17919211657
17 3944 23789298234
17 3961 23467260801
17 3978 17689478174
17 3995 23485605065
17 4012 19145080400
17 4029 14965163018
17 4063 30658514993
17 4080 17247241220
17 4097 30043395042
17 4114 13761150016
17 4131 34068624632
17 4148 19987116027
17 4165 22527008940
17 4182 16826576800
17 4199 22344604009
17 4216 22254504800
17 4233 18014290831
17 4250 14010397128
17 4267 32982772054
17 4284 16425944019
17 4301 21814692452
17 4318 2336767533
17 4352 32338577287
17 4369 32212746248
17 4386 11899400861
17 4403 21309332781
17 4420 15920530356
17 4437 21146042875
17 4454 13459868289
17 4471 31477854698
17 4488 15679310200
17 4505 20826857322
17 4522 15561420649
17 4539 1771464933
17 4556 16750494447
17 4573 30775746415
17 4590 15330881084
17 4607 30548619135
17 4641 15162409863
17 4658 16392144921
17 4675 20069517056
17 4692 14997601060
17 4709 19840211392
17 4726 11532938834
17 4743 19781782044
17 4760 14783349617
17 4777 12179588086
17 4794 10882145368
17 4811 29253271327
17 4828 14153553293
17 4845 14523992606
17 4862 14473209415
17 4879 19230373485
17 4896 19163601355
17 4930 14273578940
17 4947 9969373613
17 4964 11350773743
17 4981 20891925585
17 4998 14079380587
17 5015 14814844598
17 5032 18645666183
17 5049 18582886162
17 5066 10434214751
17 5083 18458585921
17 5100 13797792976
17 5117 18335937509
17 5134 10100481642
17 5151 10019091654
17 5168 18154990757
17 5185 13975301412
17 5219 -2240520552
17 5236 13439408742
17 5253 9338517677
17 5270 9459566257
17 5287 -1985889098
17 5304 13267108630
17 5321 4690669663
17 5338 13775297444
17 5355 13140755215
17 5372 13558012536
17 5389 11562987125
17 5406 9036490001
17 5423 17301307806
17 5440 17247241220
17 5457 13651524069
17 5474 12855086623
17 5508 11389795761
17 5525 16981899047
17 5542 4803134786
17 5559 16878034221
17 5576 16826576800
17 5593 16775432189
17 5610 10034758528
17 5627 2096608622
17 5644 16623846959
17 5661 16573925496
17 5678 8967591443
17 5695 13182718104
17 5712 12319458014
17 5729 16918560090
17 5746 12895278429
17 5763 9752377267
17 5797 16185094400
17 5814 12103327171
17 5831 12169885768
17 5848 13611673368
17 5865 11998080848
17 5882 7797623204
17 5899 3270868024
17 5916 11894649117
17 5933 15884320535
17 5950 11826679693
17 5967 15723980599
17 5984 15679310200
17 6001 4257877765
17 6018 7763574972
17 6035 11505775796
17 6052 3684316190
17 6086 4536977882
17 6103 -4365253546
17 6120 20963404239
17 6137 15920352357
17 6154 4107664150
17 6171 15204179587
17 6188 11371807397
17 6205 5406658373
17 6222 7559047826
17 6239 10447126079
17 6256 14997601060
17 6273 10982897503
17 6290 7359924226
17 6307 11074817764
17 6324 7013137782
17 6341 2701493070
17 6375 10453243931
17 6392 10600319679
17 6409 14639568144
17 6426 10950629346
17 6443 21843471730
17 6460 10892994454
17 6477 2680457805
17 6494 2937881800
17 6511 21615341477
17 6528 7937803245
17 6545 10751526994
17 6562 1269223580
17 6579 14261284729
17 6596 3268312066
17 6613 7208487383
17 6630 8490949523
17 6664 7247274509
17 6681 2642664409
17 6698 7154207847
17 6715 9827904124
17 6732 10452873466
17 6749 13427112938
17 6766 -4856493070
17 6783 10374280433
17 6800 13797792976
17 6817 4612005975
17 6834 7094903795
17 6851 9529517111
17 6868 9393505933
17 6885 9670229436
17 6902 10195413529
17 6919 12072659255
17 6953 -5075611093
17 6970 6133128464
17 6987 2969472246
17 7004 3723502936
17 7021 9243315093
17 7038 9998400707
17 7055 6659669431
17 7072 13267108630
17 7089 7623915289
17 7106 9902722231
17 7123 -2711986876
17 7140 19180359651
17 7157 19664313030
17 7174 9090825174
17 7191 9090337953
17 7208 6660006102
17 7242 4776368041
17 7259 9128975201
17 7276 4692894941
17 7293 9648806276
17 7310 5824858298
17 7327 4087502491
17 7344 12775734237
17 7361 -3615415600
17 7378 5623656402
17 7395 9515719293
17 7412 12658525666
17 7429 12629558788
17 7446 1732285894
17 7463 -4071582871
17 7480 9407586120
17 7497 11101325477
17 7531 4481907201
17 7548 5077814826
17 7565 -200311549
17 7582 8986900461
17 7599 5823415636
17 7616 12319458014
17 7633 18438030703
17 7650 9198528650
17 7667 8045782373
17 7684 4662938956
17 7701 4001412340
17 7718 1614185492
17 7735 9097445918
17 7752 5644024723
17 7769 3734041947
17 7786 1360567125
17 7820 5247942089
17 7837 17958081964
17 7854 20299613186
17 7871 17880509256
17 7888 11894649117
17 7905 5008214480
17 7922 3822901634
17 7939 -3650571226
17 7956 8844739087
17 7973 -856466646
17 7990 4537796962
17 8007 6284618802
17 8024 3762819441
17 8041 7738853947
17 8058 5163720422
17 8075 11619194085
17 8109 4253507078
17 8126 -2744543527
17 8143 13455772503
17 8160 8623620610
17 8177 10642464516
17 8194 4015414338
17 8211 7172181812
17 8228 3368762759
17 8245 3615958777
17 8262 7174548427
17 8279 2843561498
17 8296 5842902824
17 8313 1704751387
17 8330 4651270555
17 8347 -3003909552
17 8364 4979817745
17 8398 8379226503
17 8415 8362298773
17 8432 14014650976
17 8449 4166736086
17 8466 4404375286
17 8483 6012981211
19 361 779709076760
19 722 194927269190
19 1083 129951512793
19 1444 97463634595
19 1805 77970907676
19 2166 43317170931
19 2527 55693505482
19 2888 48731817297
19 3249 43317170931
19 3610 33805398944
19 3971 35441321670
19 4332 29473681851
19 4693 29988810644
19 5054 25431443137
19 5415 24193809682
19 5776 24365908648
19 6137 29944887452
19 6498 14439056977
19 7220 27019686375
19 7581 44488514303
19 7942 11813773890
19 8303 16950197321
19 19 14814472458455
19 38 3703618114613
19 57 2469078743075
19 76 1851809057306
19 95 1481447245845
19 114 823026247691
19 133 1058176604175
19 152 925904528653
19 171 823026247691
19 190 493815748615
19 209 673385111747
19 228 411513123845
19 247 569787402248
19 266 352725534725
19 285 329210499076
19 304 462952264326
19 323 435719778189
19 342 274342082563
19 380 246907874307
19 399 235150356483
19 418 224461703915
19 437 322053749097
19 456 205756561922
19 475 296289449169
19 494 189929134082
19 513 274342082563
19 532 176362767362
19 551 255421938939
19 570 123453937153
19 589 238943104169
19 608 231476132163
19 627 149641135943
19 646 145239926063
19 665 141090213890
19 684 137171041281
19 703 200195573763
19 741 126619422721
19 760 123453937153
19 779 180664298274
19 798 88181383681
19 817 172261307656
19 836 112230851957
19 855 109736833025
19 874 107351249698
19 893 157600770835
19 912 102878280961
19 931 151168086310
19 950 98763149723
19 969 96826617375
19 988 94964567041
19 1007 139759174136
19 1026 91447360854
19 1045 89784681566
19 1064 88181383681
19 1102 85140646312
19 1121 125546376767
19 1140 61726968576
19 1159 121430102118
19 1178 79647701389
19 1197 78383452161
19 1216 115738066081
19 1235 75971653633
19 1254 56115425978
19 1273 110555764615
19 1292 72619963031
19 1311 71567499799
19 1330 52908830208
19 1349 104327270834
19 1368 68585520640
19 1387 101468989441
19 1406 66731857920
19 1425 65842099815
19 1463 64131915404
19 1482 47482283520
19 1501 93762483914
19 1520 61726968576
19 1539 91447360854
19 1558 60221432757
19 1577 89243809991
19 1596 44090691840
19 1615 58095970425
19 1634 57420435885
19 1653 56760430875
19 1672 56115425978
19 1691 83227373362
19 1710 41151312384
19 1729 54265466880
19 1748 53675624849
19 1767 53098467593
19 1786 52533590278
19 1824 51439140480
19 1843 76363260095
19 1862 50389362103
19 1881 49880378647
19 1900 49381574861
19 1919 73338972567
19 1938 36309981515
19 1957 71914914847
19 1976 47482283520
19 1995 35272553472
19 2014 46586391378
19 2033 69226506815
19 2052 45723680427
19 2071 67956295681
19 2090 33669255587
19 2109 44487905280
19 2128 44090691840
19 2147 65550763091
19 2185 42940499879
19 2204 42570323156
19 2223 42206474240
19 2242 41848792255
19 2261 41497121732
19 2280 30863484288
19 2299 61216828340
19 2318 40476700706
19 2337 40147621838
19 2356 39823850694
19 2375 59257889833
19 2394 29393794560
19 2413 58324694718
19 2432 57869033040
19 2451 38280290590
19 2470 28489370112
19 2489 56543788009
19 2508 28057712989
19 2546 36851921538
19 2565 36578944341
19 2584 36309981515
19 2603 54067417732
19 2622 26837812424
19 2641 53289469275
19 2660 26454415104
19 2679 35022393518
19 2698 34775756944
19 2717 34532569833
19 2736 34292760320
19 2755 34056258525
19 2774 33822996480
19 2793 33592908069
19 2812 33365928960
19 2831 49712994827
19 2850 24690787430
19 2869 49054544564
19 2907 32275539125
19 2926 24049468276
19 2945 31859080555
19 2964 23741141760
19 2983 47179848594
19 3002 31254161304
19 3021 31057594252
19 3040 30863484288
19 3059 30671785628
19 3078 30482453618
19 3097 41629014886
19 3116 30110716378
19 3135 22446170391
19 3154 29747936663
19 3173 44354707959
19 3192 22045345920
19 3211 43829800172
19 3230 21785988909
19 3268 28710217942
19 3287 42816394389
19 3306 21285161578
19 3325 28218042778
19 3344 28057712989
19 3363 27899194837
19 3382 23616225012
19 3401 29151216568
19 3420 20575656192
19 3439 34353560441
19 3458 20349550080
19 3477 26984467137
19 3496 26837812424
19 3515 26692743168
19 3534 19911925347
19 3553 26407259284
19 3572 26266795139
19 3591 26127817387
19 3629 26734400087
19 3648 25719570240
19 3667 38379462328
19 3686 21294139420
19 3705 18992913408
19 3724 25194681051
19 3743 21886768326
19 3762 18705141992
19 3781 37222292609
19 3800 24690787430
19 3819 24567947692
19 3838 24446324188
19 3857 24325898946
19 3876 18154990757
19 3895 24088573103
19 3914 12659690160
19 3933 23855833266
19 3952 23741141760
19 3990 14109021389
19 4009 35105384973
19 4028 23293195689
19 4047 16989700963
19 4066 19112684655
19 4085 22968174354
19 4104 22861840213
19 4123 22756486111
19 4142 22652098560
19 4161 14365861497
19 4180 16834627793
19 4199 22344604009
19 4218 12653235245
19 4237 33216305961
19 4256 22045345920
19 4275 21947366605
19 4294 21850254363
19 4313 19813729588
19 4351 32346009735
19 4370 16102687454
19 4389 16032978851
19 4408 21285161578
19 4427 31790713430
19 4446 15827427840
19 4465 21013436111
19 4484 16784796428
19 4503 16810659182
19 4522 15561420649
19 4541 30992620206
19 4560 15431742144
19 4579 11250401864
19 4598 18958444129
19 4617 30482453618
19 4636 20238350353
19 4655 20155744841
19 4674 15055358189
19 4712 19911925347
19 4731 18383389255
19 4750 19752629944
19 4769 29510901312
19 4788 14696897280
19 4807 19518409036
19 4826 7670717566
19 4845 14523992606
19 4864 28934516520
19 4883 28821930853
19 4902 14355108971
19 4921 19066245120
19 4940 14244685056
19 4959 18920143625
19 4978 18847929336
19 4997 25675344621
19 5016 14028856494
19 5035 16161454552
19 5073 10342405400
19 5092 18425960769
19 5111 27536194161
19 5130 13717104128
19 5149 19936439590
19 5168 18154990757
19 5187 13566366720
19 5206 13758070667
19 5225 17956936313
19 5244 12948631409
19 5263 15499798269
19 5282 9473410967
19 5301 17699489197
19 5320 13227207552
19 5339 19005113965
19 5358 9319245405
19 5377 26173979609
19 5396 9352278800
19 5434 12949713687
19 5453 15695898659
19 5472 17146380160
19 5491 25630575187
19 5510 12771096946
19 5529 3771182310
19 5548 8719291160
19 5567 21711609782
19 5586 8567611290
19 5605 12938008008
19 5624 16682964480
19 5643 16626792882
19 5662 5594015891
19 5681 16515576876
19 5700 12345393715
19 5719 13954580514
19 5738 4945833480
19 5757 8433268602
19 5795 10684551905
19 5814 12103327171
19 5833 13148182205
19 5852 12024734138
19 5871 11830253741
19 5890 7863026849
19 5909 19860259421
19 5928 11870570880
19 5947 9068269877
19 5966 11139288895
19 5985 11757517824
19 6004 11601632298
19 6023 6567535396
19 6042 7717127922
19 6061 15480117511
19 6080 15431742144
19 6099 11754507489
19 6118 11501919610
19 6156 11439717915
19 6175 15194330726
19 6194 5534606802
19 6213 15101399040
19 6232 11046169256
19 6251 15009597222
19 6270 8978468156
19 6289 5654786490
19 6308 12495340270
19 6327 14829301760
19 6346 11160436864
19 6365 6514679551
19 6384 11022672960
19 6403 -7631935271
19 6422 8611687386
19 6441 6804293489
19 6460 10892994454
19 6479 13042455310
19 6517 -239209332
19 6536 7909772964
19 6555 10735124969
19 6574 7914273442
19 6593 7615552498
19 6612 10642580789
19 6631 -3780852036
19 6650 10581766041
19 6669 14068824746
19 6688 14028856494
19 6707 6347741178
19 6726 6995548785
19 6745 5874703105
19 6764 6520609518
19 6783 10374280433
19 6802 -714797226
19 6821 20632969998
19 6840 16271812623
19 6878 197428765
19 6897 9696191438
19 6916 10174775040
19 6935 9451015106
19 6954 8763528035
19 6973 4719784575
19 6992 13418906212
19 7011 6414161556
19 7030 10009778688
19 7049 5588894819
19 7068 7313622151
19 7087 5420369194
19 7106 9902722231
19 7125 6056118405
19 7144 13133397569
19 7163 13098560971
19 7182 9797931520
19 7201 -5480488305
19 7239 2733657402
19 7258 -4372252446
19 7277 15589423827
19 7296 8131062427
19 7315 9619787310
19 7334 5747544186
19 7353 12760096863
19 7372 8663732944
19 7391 -2057967794
19 7410 7597165363
19 7429 12629558788
19 7448 8811243154
19 7467 5659586535
19 7486 8603924712
19 7505 8658438109
19 7524 9352570996
19 7543 14700805350
19 7562 4461304862
19 7600 12345393715
19 7619 5994841362
19 7638 5767218116
19 7657 8045839692
19 7676 7230077137
19 7695 4164938431
19 7714 6060231717
19 7733 11305393456
19 7752 19377907343
19 7771 5902556836
19 7790 7132136546
19 7809 3234590593
19 7828 7465758451
19 7847 5060030139
19 7866 7463954091
19 7885 8142448135
19 7904 11870570880
19 7923 -229644112
19 7961 -3605579161
19 7980 6868015340
19 7999 5484474404
19 8018 7900874391
19 8037 8362414796
19 8056 8334881468
19 8075 11619194085
19 8094 5444375971
19 8113 5870122076
19 8132 7005386779
19 8151 8633142458
19 8170 14260442515
19 8189 -4599173241
19 8208 11430920106
19 8227 4926608634
19 8246 12095979587
19 8265 5221806048
19 8284 17729962548
19 8322 2212615973
19 8341 -4051489065
19 8360 8417313896
19 8379 6485308209
19 8398 8379226503
19 8417 -5738785489
19 8436 7461522964
19 8455 5642072910
19 8474 11072101986
19 8493 5874891493
23 529 532088802855
23 1058 133022200713
23 1587 88681467142
23 2116 70297197727
23 2645 53208880285
23 3174 58442848037
23 3703 45418766430
23 4232 33255550178
23 4761 40613866783
23 5290 32561140166
23 5819 24185854675
23 6348 47492178319
23 6877 24251051326
23 7406 34269231276
23 7935 37951612249
23 8464 20015576848
23 23 12238042465680
23 46 3059510616420
23 69 2039673744280
23 92 1529755308210
23 115 1223804246568
23 138 679891248093
23 161 874145890405
23 184 764877654105
23 207 679891248093
23 230 407934748856
23 253 556274657530
23 276 339945624046
23 299 470693940987
23 322 291381963468
23 345 271956499237
23 368 382438827052
23 391 359942425461
23 414 226630416031
23 437 322053749096
23 460 203967374428
23 483 194254642312
23 506 185424885843
23 552 169972812023
23 575 244760849313
23 598 156897980329
23 621 226630416031
23 644 145690981734
23 667 211000732167
23 690 101983687214
23 713 197387781705
23 736 191219413526
23 759 123616590562
23 782 119980808487
23 805 116552785387
23 828 113315208015
23 851 165378952239
23 874 107351249698
23 897 104598653552
23 920 101983687214
23 943 149244420313
23 966 72845490867
23 989 142302819368
23 1012 92712442921
23 1035 90652166412
23 1081 130191941124
23 1104 84986406011
23 1127 124877984343
23 1150 81586949771
23 1173 79987205658
23 1196 78448990164
23 1219 115453230808
23 1242 75543472010
23 1265 74169954337
23 1288 72845490867
23 1311 71567499799
23 1334 70333577388
23 1357 103712224285
23 1380 50991843607
23 1403 100311823489
23 1426 65795927234
23 1449 64751547437
23 1472 95609706763
23 1495 62759192131
23 1518 46356221460
23 1541 91328675117
23 1564 59990404243
23 1610 43707294520
23 1633 86183397646
23 1656 56657604007
23 1679 83822208669
23 1702 55126317412
23 1725 54391299847
23 1748 53675624849
23 1771 52978538812
23 1794 39224495082
23 1817 77455964973
23 1840 50991843607
23 1863 75543472010
23 1886 49748140104
23 1909 73723147384
23 1932 36422745433
23 1955 47992323394
23 1978 47434273122
23 2001 46889051592
23 2024 46356221460
23 2047 68753047560
23 2070 33994562404
23 2093 44827994379
23 2139 43863951489
23 2162 43397313708
23 2185 42940499879
23 2208 42493203005
23 2231 63082693122
23 2254 41625994781
23 2277 41205530187
23 2300 40793474885
23 2323 60584368642
23 2346 29995202121
23 2369 59407973134
23 2392 39224495082
23 2415 29138196346
23 2438 38484410269
23 2461 57187114326
23 2484 37771736005
23 2507 56137809476
23 2530 27813732876
23 2553 36750878275
23 2576 36422745433
23 2599 49842260022
23 2622 26837812424
23 2668 35166788694
23 2691 34866217850
23 2714 34570741428
23 2737 34280230996
23 2760 25495921803
23 2783 50570423411
23 2806 33437274496
23 2829 33165426736
23 2852 32897963617
23 2875 48952169862
23 2898 24281830289
23 2921 48181269550
23 2944 47804853381
23 2967 31622848748
23 2990 23534697049
23 3013 46710085747
23 3036 23178110730
23 3059 30671785628
23 3082 30442891705
23 3105 30217388804
23 3128 29995202121
23 3151 44664388561
23 3197 35747340259
23 3220 21853647260
23 3243 28931542472
23 3266 24562416373
23 3289 28526905514
23 3312 28328802003
23 3335 28133430955
23 3358 23759076440
23 3381 27750663187
23 3404 27563158706
23 3427 41067256596
23 3450 20396737442
23 3473 40523319423
23 3496 26837812424
23 3519 26662401886
23 3542 19866952054
23 3565 26318370893
23 3588 19612247541
23 3611 38974657534
23 3634 21573636725
23 3657 25656273512
23 3680 25495921803
23 3726 25181157336
23 3749 33379726952
23 3772 24874070052
23 3795 18542488584
23 3818 12895949440
23 3841 36640845706
23 3864 18211372716
23 3887 36207226229
23 3910 17997121273
23 3933 23855833266
23 3956 23717136561
23 3979 35370064930
23 4002 17583394347
23 4025 23310557077
23 4048 23178110730
23 4071 23047160952
23 4094 18943622868
23 4117 23876225344
23 4140 16997281202
23 4163 33806747143
23 4186 16810497892
23 4209 18060821480
23 4255 22050526965
23 4278 16448981808
23 4301 21814692452
23 4324 21698656854
23 4347 21583849145
23 4370 16102687454
23 4393 7285621791
23 4416 21246601502
23 4439 31704773227
23 4462 21027564374
23 4485 15689798032
23 4508 20812997390
23 4531 31061021486
23 4554 15452073820
23 4577 10564072931
23 4600 20396737442
23 4623 16314965312
23 4646 16300762314
23 4669 20095307825
23 4692 14997601060
23 4715 19899256041
23 4738 8131435915
23 4784 19612247541
23 4807 19518409036
23 4830 11655278538
23 4853 29000100630
23 4876 15001195745
23 4899 15037751525
23 4922 14998894370
23 4945 18973709249
23 4968 18885868002
23 4991 18798836352
23 5014 18712603158
23 5037 15193686827
23 5060 13906866438
23 5083 18458585921
23 5106 13781579353
23 5129 27439557098
23 5152 18211372716
23 5175 18130433282
23 5198 9556051852
23 5221 11462373610
23 5244 14829730621
23 5267 26720616737
23 5313 13244634703
23 5336 17583394347
23 5359 22023297554
23 5382 13074831694
23 5405 17358925483
23 5428 12963717938
23 5451 13900720284
23 5474 12855086623
23 5497 17478831999
23 5520 12747960901
23 5543 3744488647
23 5566 12729984065
23 5589 25181157336
23 5612 11313772730
23 5635 11195701029
23 5658 12068501286
23 5681 16515576876
23 5704 14917518842
23 5727 12319444569
23 5750 12262847720
23 5773 24378570649
23 5796 12140915144
23 5842 9723405195
23 5865 11998080848
23 5888 23902426690
23 5911 23809421139
23 5934 7975069723
23 5957 15750376403
23 5980 11767348524
23 6003 15629683864
23 6026 11773670785
23 6049 -7782262975
23 6072 11589055365
23 6095 10979528845
23 6118 11501919610
23 6141 10540339281
23 6164 11470827305
23 6187 22747290828
23 6210 11331520801
23 6233 19287155560
23 6256 14997601060
23 6279 11206998594
23 6302 14545736546
23 6325 14833990867
23 6371 18160859438
23 6394 10200938244
23 6417 14621317163
23 6440 10926823630
23 6463 -5869332772
23 6486 12775540998
23 6509 21621983155
23 6532 5195375572
23 6555 10735124969
23 6578 10697589567
23 6601 14213754315
23 6624 14164401001
23 6647 21173083850
23 6670 16226436588
23 6693 8751836372
23 6716 10659553334
23 6739 20884031511
23 6762 17395194284
23 6785 9898826649
23 6808 13781579353
23 6831 14241266333
23 6854 7483303135
23 6900 10198368721
23 6923 10381618080
23 6946 9262754875
23 6969 10486978299
23 6992 13418906212
23 7015 12307515879
23 7038 9998400707
23 7061 5779719322
23 7084 9933476027
23 7107 8893815041
23 7130 4417557180
23 7153 16133322003
23 7176 9806123770
23 7199 7851916006
23 7222 8685966841
23 7245 12205754231
23 7268 8897704089
23 7291 5784237992
23 7314 13537431806
23 7337 12787923161
23 7360 14223888739
23 7383 9166260200
23 7429 12629558788
23 7452 9772105700
23 7475 12551838426
23 7498 12786434571
23 7521 12475068772
23 7544 12380897490
23 7567 7984997226
23 7590 7416995433
23 7613 7251546696
23 7636 3889720192
23 7659 12250292758
23 7682 -4452623974
23 7705 8148110929
23 7728 18291627519
23 7751 8425795103
23 7774 12913944611
23 7797 3939727840
23 7820 20250416277
23 7843 10180657973
23 7866 13391887623
23 7889 14333925311
23 7912 7951020087
23 7958 -4544013546
23 7981 9981348963
23 8004 16288675662
23 8027 8576358308
23 8050 8741458904
23 8073 12497524042
23 8096 11589055365
23 8119 6256896384
23 8142 6649022404
23 8165 8477499420
23 8188 7721513370
23 8211 12763685560
23 8234 -2164716291
23 8257 9982292467
23 8280 8498640601
23 8303 16950197320
23 8326 7448461412
23 8349 5845780436
23 8372 18568654223
23 8395 10797766196
23 8418 14491851814
23 8441 4961890078
23 8487 7097921829
29 841 334690816540
29 1682 83672704135
29 2523 55781802756
29 3364 41836352067
29 4205 33469081654
29 5046 18593934252
29 5887 23906486895
29 6728 43762441569
29 7569 41438199788
29 8410 11156360551
29 29 9706033679677
29 58 2426508419919
29 87 1617672279946
29 116 1213254209959
29 145 970603367967
29 174 539224093315
29 203 693288119976
29 232 606627104979
29 261 539224093315
29 290 323534455989
29 319 441183349076
29 348 269612046657
29 377 373308987679
29 406 231096039992
29 435 215689637326
29 464 303313552489
29 493 285471578814
29 522 179741364438
29 551 255421938938
29 580 161767227994
29 609 154064026661
29 638 147061116358
29 667 211000732166
29 696 134806023328
29 725 194120673593
29 754 124436329226
29 783 179741364438
29 812 115548019996
29 870 80883613997
29 899 156548930317
29 928 151656776244
29 957 98040744239
29 986 95157192938
29 1015 92438415996
29 1044 89870682219
29 1073 131162617293
29 1102 85140646312
29 1131 82957552817
29 1160 80883613997
29 1189 118366264386
29 1218 57774009998
29 1247 112860856740
29 1276 73530558179
29 1305 71896545775
29 1334 70333577388
29 1363 103255677443
29 1392 67403011664
29 1421 99041159996
29 1450 64706891197
29 1479 63438128625
29 1508 62218164613
29 1537 91566355469
29 1566 59913788146
29 1595 58824446543
29 1624 57774009998
29 1653 56760430875
29 1711 82254522709
29 1740 40441806998
29 1769 79557653112
29 1798 52182976772
29 1827 51354675553
29 1856 75828388122
29 1885 49774531690
29 1914 36765279089
29 1943 72433087162
29 1972 47578596469
29 2001 46889051592
29 2030 34664405998
29 2059 68352349857
29 2088 44935341109
29 2117 66479682738
29 2146 43720872430
29 2175 43137927465
29 2204 42570323156
29 2233 42017461816
29 2262 31109082306
29 2291 61430592909
29 2320 40441806998
29 2349 59913788146
29 2378 39455421462
29 2407 58470082408
29 2436 28887004999
29 2465 38062877175
29 2494 37620285580
29 2552 36765279089
29 2581 54528279099
29 2610 26961204665
29 2639 35553236921
29 2668 35166788694
29 2697 34788651181
29 2726 34418559147
29 2755 34056258525
29 2784 33701505832
29 2813 50031101442
29 2842 33013719998
29 2871 32680248079
29 2900 32353445598
29 2929 48049671682
29 2958 23789298234
29 2987 47116668348
29 3016 31109082306
29 3045 23109603999
29 3074 30522118489
29 3103 45355297569
29 3132 29956894073
29 3161 44523090274
29 3190 22059167453
29 3219 29147248287
29 3248 28887004999
29 3277 42947051680
29 3306 21285161578
29 3335 28133430955
29 3393 27652517605
29 3422 27418174236
29 3451 27187769410
29 3480 20220903499
29 3509 40107577188
29 3538 26519217704
29 3567 26303614308
29 3596 26091488386
29 3625 38824134718
29 3654 19258003332
29 3683 38212731022
29 3712 37914194061
29 3741 25080190386
29 3770 18665449383
29 3799 37045930075
29 3828 18382639544
29 3857 24325898946
29 3886 24144362387
29 3915 23965515258
29 3944 23789298234
29 3973 22624705556
29 4002 17583394347
29 4031 34913790215
29 4060 17332202999
29 4089 22945706098
29 4118 4500459293
29 4147 22624787132
29 4176 22467670554
29 4234 15756910206
29 4263 19142112760
29 4292 21860436215
29 4321 5962538787
29 4350 26111871927
29 4379 17882930306
29 4408 21285161578
29 4437 21146042875
29 4466 15756548181
29 4495 20873190708
29 4524 15554541153
29 4553 30910935286
29 4582 20476864303
29 4611 20348078993
29 4640 20220903499
29 4669 20095307825
29 4698 16002832043
29 4727 25958957283
29 4756 19727710731
29 4785 14706111635
29 4814 19490027469
29 4843 29059981077
29 4872 14443502499
29 4901 24408119209
29 4930 14273578940
29 4959 18920143625
29 4988 18545558640
29 5017 23907576002
29 5075 18487683199
29 5104 18382639544
29 5133 13966188485
29 5162 6350788828
29 5191 14151547457
29 5220 13480602332
29 5249 26812247734
29 5278 13332463845
29 5307 13883120672
29 5336 17583394347
29 5365 17488348972
29 5394 9016014958
29 5423 17301307806
29 5452 17209279573
29 5481 17118225184
29 5510 12771096946
29 5539 25408465130
29 5568 16850752916
29 5597 13192482291
29 5626 7680368971
29 5655 12443632922
29 5684 16506859999
29 5713 20883984701
29 5742 12255093029
29 5771 10376507827
29 5800 16176722799
29 5829 11857645442
29 5858 4861840739
29 5916 11894649117
29 5945 13293201917
29 5974 5732829922
29 6003 15629683864
29 6032 21864703437
29 6061 15480117511
29 6090 23411791307
29 6119 3317417849
29 6148 10962356599
29 6177 5409579467
29 6206 11127389709
29 6235 10984637161
29 6264 14978447036
29 6293 13513959724
29 6322 14841030091
29 6351 6508085648
29 6380 11029583726
29 6409 14639568144
29 6438 6950513484
29 6467 21762407354
29 6496 14443502499
29 6525 14379309155
29 6554 3481406575
29 6583 -4779745466
29 6612 10642580789
29 6641 21192213274
29 6670 19136489740
29 6699 22376026702
29 6757 8764861892
29 6786 10369694102
29 6815 9804606043
29 6844 9746269502
29 6873 16253647242
29 6902 10195413529
29 6931 42333789
29 6960 10110451749
29 6989 -983144150
29 7018 11157929818
29 7047 19971262715
29 7076 8370569174
29 7105 11717662757
29 7134 6571596782
29 7163 13098560971
29 7192 8875948349
29 7221 8867118871
29 7250 9145020442
29 7279 19334728446
29 7308 19792406943
29 7337 12787923161
29 7366 -4434628515
29 7395 9515719293
29 7424 7583015886
29 7453 -6018044588
29 7482 16366520038
29 7511 12491677837
29 7540 20584580332
29 7598 7364139398
29 7627 10586688826
29 7656 9191319772
29 7685 6268483440
29 7714 18308153265
29 7743 7378474009
29 7772 8228954781
29 7801 14416489006
29 7830 8987068221
29 7859 -6673868888
29 7888 11894649117
29 7917 8888309230
29 7946 -1937042514
29 7975 11764889308
29 8004 16712832858
29 8033 1551072148
29 8062 1108673731
29 8091 8122554038
29 8120 19539498866
29 8149 -2596143809
29 8178 7301671249
29 8207 5849451611
29 8236 3117512691
29 8265 18390840380
29 8294 8484295174
29 8323 9328461311
29 8352 11233835277
29 8381 9242133287
29 8439 -2312367758
29 8468 3999027577
29 8497 9550929858
31 961 292897998658
31 1922 73224499664
31 2883 48816333109
31 3844 74357880062
31 4805 29289799865
31 5766 16272111036
31 6727 43765551154
31 7688 18306124916
31 31 9079837958408
31 62 2269959489602
31 93 1513306326401
31 124 1134979744801
31 155 907983795840
31 186 504435442133
31 217 648559854172
31 248 567489872400
31 279 504435442133
31 310 302661265280
31 341 412719907200
31 372 252217721066
31 403 349224536861
31 434 216186618057
31 465 201774176853
31 496 283744936200
31 527 267054057600
31 558 168145147377
31 589 238943104168
31 620 151330632640
31 651 144124412038
31 682 137573302400
31 713 197387781704
31 744 126108860533
31 775 181596759168
31 806 116408178953
31 837 168145147377
31 868 108093309028
31 899 156548930317
31 930 75665316320
31 992 141872468100
31 1023 91715534933
31 1054 89018019200
31 1085 86474647222
31 1116 84072573688
31 1147 122700512951
31 1178 79647701389
31 1209 77605452635
31 1240 75665316320
31 1271 110729731200
31 1302 54046654514
31 1333 105579511144
31 1364 68786651200
31 1395 67258058951
31 1426 65795927234
31 1457 96594020834
31 1488 63054430266
31 1519 92651407738
31 1550 60532253056
31 1581 59345346133
31 1612 58204089476
31 1643 85658848664
31 1674 56048382459
31 1705 55029320960
31 1736 54046654514
31 1767 53098467593
31 1798 52182976772
31 1829 76947779309
31 1860 37832658160
31 1891 74424901298
31 1953 48041470679
31 1984 70936234050
31 2015 46563271581
31 2046 34393325600
31 2077 67759984764
31 2108 44509009600
31 2139 43863951489
31 2170 32427992708
31 2201 63942520834
31 2232 42036286844
31 2263 62190670948
31 2294 40900170983
31 2325 40354835370
31 2356 39823850694
31 2387 39306657828
31 2418 29102044738
31 2449 57467328851
31 2480 37832658160
31 2511 56048382459
31 2542 36909910400
31 2573 54697819027
31 2604 27023327257
31 2635 35607207680
31 2666 35193170381
31 2697 34788651181
31 2728 34393325600
31 2759 51010325609
31 2790 25221772106
31 2821 33259479701
31 2852 32897963617
31 2914 32198006944
31 2945 31859080555
31 2976 31527215133
31 3007 46803288445
31 3038 30883802579
31 3069 30571844977
31 3100 30266126528
31 3131 44949692863
31 3162 22254504800
31 3193 39738428303
31 3224 29102044738
31 3255 21618661805
31 3286 28552949554
31 3317 42429149338
31 3348 28024191229
31 3379 41650632837
31 3410 20635995360
31 3441 27266780655
31 3472 27023327257
31 3503 40176274152
31 3534 19911925347
31 3565 26318370893
31 3596 26091488386
31 3627 25868484211
31 3658 25649259769
31 3689 25433719771
31 3720 18916329080
31 3751 37519991563
31 3782 24808300432
31 3813 24606606933
31 3875 36319351833
31 3906 18015551504
31 3937 14911363579
31 3968 35468117025
31 3999 23462113587
31 4030 17461226843
31 4061 34655870070
31 4092 17196662800
31 4123 22756486111
31 4154 18287958943
31 4185 22419352983
31 4216 22254504800
31 4247 33138094739
31 4278 16448981808
31 4309 32661287620
31 4340 16213996354
31 4371 21465337963
31 4402 16424595621
31 4433 21165123446
31 4464 21018143422
31 4495 20873190708
31 4526 12657112691
31 4557 20589201719
31 4588 20450085491
31 4619 30469254894
31 4650 15133063264
31 4681 30065688604
31 4712 19911925347
31 4743 19781782044
31 4774 27361718410
31 4836 14551022369
31 4867 28916681396
31 4898 18990391769
31 4929 19264619038
31 4960 21820040262
31 4991 18798836352
31 5022 14502589075
31 5053 19446964800
31 5084 16014768870
31 5115 14498100965
31 5146 18803975542
31 5177 23341917176
31 5208 27926340444
31 5239 22723826213
31 5270 25032112749
31 5301 17699489197
31 5332 17596585190
31 5363 22285085822
31 5394 25134931898
31 5425 17294929444
31 5456 17196662800
31 5487 12445074312
31 5518 16313424451
31 5549 21205833050
31 5580 26314119298
31 5611 11485166803
31 5642 24706855345
31 5673 17840129051
31 5704 19511907740
31 5735 20907719507
31 5797 16185094400
31 5828 16099003472
31 5859 16013823559
31 5890 24199540285
31 5921 20621226003
31 5952 15763607566
31 5983 23522896265
31 6014 16357902915
31 6045 11640817895
31 6076 15441901289
31 6107 19198149760
31 6138 11464441866
31 6169 26251366358
31 6200 15133063264
31 6231 19353953780
31 6262 15591849340
31 6293 17700346354
31 6324 23469596254
31 6355 22724555810
31 6386 14997199308
31 6417 14621317163
31 6448 14551022369
31 6479 17359290136
31 6510 16231617706
31 6541 25305881152
31 6572 18549034255
31 6603 16884466670
31 6634 17782917915
31 6665 20746248250
31 6696 22375415180
31 6758 13883544278
31 6789 11036090574
31 6820 20618409645
31 6851 22026205406
31 6882 22161914142
31 6913 20358381073
31 6944 13511663628
31 6975 16472061762
31 7006 9820012867
31 7037 6325459092
31 7068 21648855471
31 7099 11156544008
31 7130 28908426296
31 7161 16871888406
31 7192 21385335881
31 7223 13167318780
31 7254 20588163655
31 7285 15059286726
31 7316 19901486710
31 7347 13057957811
31 7378 21279610450
31 7409 -567506562
31 7440 17348868640
31 7471 15045001301
31 7502 25191605107
31 7533 18682794153
31 7564 18925411985
31 7595 17908076220
31 7626 18980367152
31 7657 20668798179
31 7719 9503804882
31 7750 13938805320
31 7781 18087326610
31 7812 19881173119
31 7843 20113083167
31 7874 7382739929
31 7905 20582564240
31 7936 16163051392
31 7967 17665054394
31 7998 14947638341
31 8029 21106770262
31 8060 19437793247
31 8091 26274211541
31 8122 15166931016
31 8153 17262049351
31 8184 20832881858
31 8215 19213866349
31 8246 18158362483
31 8277 6112983347
31 8308 10469981245
31 8339 13307962286
31 8370 20418043658
31 8401 16752468558
31 8432 14958325150
31 8463 27563431960
31 8494 15082607904
37 5476 25700783118
37 6845 20560626494
37 8214 11422570274
37 37 7607431802990
37 74 1901857950747
37 111 1267905300498
37 148 950928975373
37 185 760743180299
37 222 422635100166
37 259 543387985927
37 296 475464487686
37 333 422635100166
37 370 253581060099
37 407 345792354681
37 444 211317550083
37 481 292593530884
37 518 181129328642
37 555 169054040066
37 592 237732243843
37 629 223747994205
37 666 140878366722
37 703 200195573762
37 740 126790530049
37 777 120752885761
37 814 115264118227
37 851 165378952238
37 888 105658775041
37 925 152148636059
37 962 97531176961
37 999 140878366722
37 1036 90564664321
37 1073 131162617292
37 1110 63395265024
37 1147 122700512951
37 1184 118866121921
37 1221 76842745484
37 1258 74582664735
37 1295 72451731457
37 1332 70439183361
37 1406 66731857920
37 1443 65020784640
37 1480 63395265024
37 1517 92773558573
37 1554 45282332160
37 1591 88458509337
37 1628 57632059113
37 1665 56351346688
37 1702 55126317412
37 1739 80930125564
37 1776 52829387520
37 1813 77626855132
37 1850 50716212019
37 1887 49721776490
37 1924 48765588480
37 1961 71768224557
37 1998 46959455574
37 2035 46105647290
37 2072 45282332160
37 2109 44487905280
37 2146 43720872430
37 2183 64469761042
37 2220 31697632512
37 2257 62355998385
37 2294 40900170983
37 2331 40250961920
37 2368 59433060960
37 2405 39012470784
37 2442 28816029556
37 2479 56771879127
37 2516 37291332367
37 2553 36750878275
37 2590 27169399296
37 2627 53573463401
37 2664 35219591680
37 2701 52105697281
37 2775 33810808013
37 2812 33365928960
37 2849 32932605207
37 2886 24382794240
37 2923 48148302551
37 2960 31697632512
37 2997 46959455574
37 3034 30924519524
37 3071 45827902428
37 3108 22641166080
37 3145 29833065894
37 3182 29486169779
37 3219 29147248287
37 3256 28816029556
37 3293 42738380916
37 3330 21131755008
37 3367 27866050560
37 3404 27563158706
37 3441 27266780655
37 3478 26976708521
37 3515 26692743168
37 3552 26414693760
37 3589 39213565995
37 3626 25875618377
37 3663 25614248494
37 3700 25358106009
37 3737 37660553480
37 3774 18645666183
37 3811 36929280597
37 3848 24382794240
37 3885 18112932864
37 3922 23922741518
37 3959 35548746743
37 3996 23479727787
37 4033 34896476161
37 4070 17289617734
37 4144 22641166080
37 4181 29583019182
37 4218 28772152185
37 4255 22050526965
37 4292 21860436215
37 4329 21673594880
37 4366 21295801822
37 4403 21309332781
37 4440 15848816256
37 4477 31435668607
37 4514 16651465139
37 4551 20616346349
37 4588 20450085491
37 4625 30429727211
37 4662 15094110720
37 4699 29950518909
37 4736 29716530480
37 4773 19657446519
37 4810 14629676544
37 4847 29035999248
37 4884 14408014778
37 4921 19066245120
37 4958 18713209345
37 4995 18783782229
37 5032 18645666183
37 5069 27764349646
37 5106 13781579353
37 5143 6767000891
37 5180 13584699648
37 5217 17984472347
37 5254 8113582754
37 5291 17732941265
37 5328 17609795840
37 5365 17488348972
37 5402 12257363205
37 5439 17250412251
37 5513 14547720799
37 5550 20148404293
37 5587 25190171533
37 5624 16682964480
37 5661 16573925496
37 5698 12349726952
37 5735 18889177787
37 5772 16497825990
37 5809 18951167374
37 5846 12052698014
37 5883 12406506918
37 5920 15848816256
37 5957 15750376403
37 5994 10604462315
37 6031 8569999927
37 6068 11648107598
37 6105 11526411822
37 6142 13621607148
37 6179 18933515513
37 6216 21255732168
37 6253 18367594984
37 6290 22669826162
37 6327 14829301760
37 6364 12803441471
37 6401 12787242648
37 6438 22869331976
37 6475 14490346291
37 6512 14408014778
37 6549 10169770753
37 6586 15517519888
37 6623 5886133992
37 6660 20442653253
37 6697 21015004981
37 6734 21075731241
37 6771 16840126064
37 6808 13781579353
37 6882 14325846802
37 6919 16536134981
37 6956 21740990429
37 6993 13416987306
37 7030 10009778688
37 7067 12024644324
37 7104 27571637226
37 7141 12398283193
37 7178 12945008458
37 7215 12248492487
37 7252 12937809188
37 7289 15400654353
37 7326 21769071353
37 7363 9872980335
37 7400 12679053004
37 7437 12923337436
37 7474 9738435850
37 7511 12491677837
37 7548 22057887886
37 7585 12710293301
37 7622 16621131956
37 7659 12250292758
37 7696 20315051992
37 7733 13788408316
37 7770 20492038649
37 7807 13150536133
37 7844 11098898322
37 7881 9826956402
37 7918 12025647036
37 7955 16157160296
37 7992 11739863893
37 8029 12956736946
37 8066 11632158720
37 8103 9555374274
37 8140 20721153929
37 8177 13137839307
37 8251 17057021980
37 8288 19788764596
37 8325 24539935569
37 8362 -5720090612
37 8399 9518533854
37 8436 17414158220
37 8473 16498178936
41 41 6865243334406
41 82 1716310833601
41 123 1144207222401
41 164 858155416800
41 205 686524333440
41 246 381402407467
41 287 490374523886
41 328 429077708400
41 369 381402407467
41 410 228841444480
41 451 312056515200
41 492 190701203733
41 533 264047820554
41 574 163458174628
41 615 152560962986
41 656 214538854200
41 697 201918921600
41 738 127134135822
41 779 180664298273
41 820 114420722240
41 861 108972116419
41 902 104018838400
41 943 149244420313
41 984 95350601866
41 1025 137304866688
41 1066 88015940184
41 1107 127134135822
41 1148 81729087314
41 1189 118366264386
41 1230 57210361120
41 1271 110729731200
41 1312 107269427100
41 1353 69345892266
41 1394 67306307200
41 1435 65383269851
41 1476 63567067911
41 1517 92773558573
41 1558 60221432757
41 1599 58677293456
41 1640 57210361120
41 1722 40864543657
41 1763 79828410865
41 1804 52009419200
41 1845 50853654328
41 1886 49748140104
41 1927 73034503558
41 1968 47675300933
41 2009 70053503412
41 2050 45768288896
41 2091 44870871466
41 2132 44007970092
41 2173 64766446551
41 2214 42378045274
41 2255 41607535360
41 2296 40864543657
41 2337 40147621838
41 2378 39455421462
41 2419 58180028258
41 2460 28605180560
41 2501 56272486348
41 2542 36909910400
41 2583 36324038806
41 2624 53634713550
41 2665 35206376073
41 2706 26004709600
41 2747 51233159212
41 2788 33653153600
41 2829 33165426736
41 2870 24518726194
41 2911 48346784045
41 2952 31783533955
41 2993 47022214619
41 3034 30924519524
41 3075 30512192597
41 3116 30110716378
41 3157 29719668114
41 3198 22003985046
41 3239 43450907180
41 3280 28605180560
41 3321 42378045274
41 3403 41356887557
41 3444 20432271828
41 3485 26922522880
41 3526 26609470288
41 3567 26303614308
41 3608 26004709600
41 3649 26267853441
41 3690 19070120373
41 3731 25147411481
41 3772 24874070052
41 3813 24606606933
41 3854 24344834519
41 3895 24088573103
41 3936 23837650466
41 3977 34559632818
41 4018 23351167804
41 4059 23115297422
41 4100 22884144448
41 4141 33986353141
41 4182 16826576800
41 4223 29374340872
41 4264 22003985046
41 4305 23812972526
41 4346 21588815517
41 4387 32080576329
41 4428 21189022637
41 4469 31491941901
41 4510 25208695662
41 4551 20616346349
41 4592 20432271828
41 4633 18173043573
41 4674 15055358189
41 4715 19899256041
41 4756 19727710731
41 4797 19559097818
41 4838 20660344163
41 4879 19230373485
41 4920 14302590280
41 4961 28368774109
41 5002 17798748386
41 5084 23335327860
41 5125 27460973337
41 5166 26281305101
41 5207 17430401379
41 5248 26817356775
41 5289 14584565716
41 5330 29751712152
41 5371 17961508088
41 5412 24744320336
41 5453 20226573617
41 5494 13276210843
41 5535 16951218109
41 5576 16826576800
41 5617 21228157123
41 5658 33264327398
41 5699 16346464332
41 5740 23701819589
41 5781 21928679135
41 5822 17214282223
41 5863 19165994663
41 5904 23678040223
41 5945 20760101918
41 5986 19709386951
41 6027 22053862658
41 6068 23090564090
41 6109 16875927594
41 6150 24101862773
41 6191 22900394026
41 6232 23073736055
41 6273 22905076459
41 6314 23033328390
41 6355 10783668335
41 6396 11001992523
41 6437 19443987875
41 6478 15473760844
41 6519 19070757885
41 6560 14302590280
41 6601 14213754315
41 6642 14409347545
41 6683 16837912757
41 6765 25559864095
41 6806 15685076220
41 6847 17800888127
41 6888 22837857639
41 6929 23342903122
41 6970 21984398928
41 7011 27319298724
41 7052 12191307468
41 7093 19841743741
41 7134 19740631114
41 7175 13076653970
41 7216 20784974968
41 7257 8728178893
41 7298 14360509375
41 7339 -16589275631
41 7380 19470209314
41 7421 12616812544
41 7462 21111041625
41 7503 15360165376
41 7544 18842890245
41 7585 22753960211
41 7626 17652238584
41 7667 20620966454
41 7708 15255116163
41 7749 18974954245
41 7790 21158084398
41 7831 19379461417
41 7872 24152914805
41 7913 9224027263
41 7954 11787277443
41 7995 18736743146
41 8036 7019293614
41 8077 2029347633
41 8118 22374945074
41 8159 15167979817
41 8200 19781663912
41 8241 7878297107
41 8282 12910650342
41 8323 15162010058
41 8364 18713700365
41 8446 21443992424
41 8487 18969583077
43 43 6545929690945
43 86 1636482422736
43 129 1090988281824
43 172 818241211368
43 215 654592969094
43 258 363662760608
43 301 467566406496
43 344 409120605684
43 387 363662760608
43 430 218197656364
43 473 297542258679
43 516 181831380304
43 559 251766526574
43 602 155855468832
43 645 145465104243
43 688 204560302842
43 731 192527343851
43 774 121220920202
43 817 172261307656
43 860 109098828182
43 903 103903645888
43 946 99180752893
43 989 142302819368
43 1032 90915690152
43 1075 130918593818
43 1118 83922175524
43 1161 121220920202
43 1204 77927734416
43 1247 112860856740
43 1290 54549414091
43 1333 105579511144
43 1376 102280151421
43 1419 66120501928
43 1462 64175781283
43 1505 62342187532
43 1548 60610460101
43 1591 88458509337
43 1634 57420435885
43 1677 55948117016
43 1720 54549414091
43 1763 79828410865
43 1806 38963867208
43 1892 49590376446
43 1935 48488368081
43 1978 47434273122
43 2021 69637549904
43 2064 45457845076
43 2107 66795200928
43 2150 43639531272
43 2193 42783854189
43 2236 41961087762
43 2279 61754053688
43 2322 40406973400
43 2365 39672301157
43 2408 38963867208
43 2451 38280290590
43 2494 37620285580
43 2537 55473980432
43 2580 27274707045
43 2623 53655161401
43 2666 35193170381
43 2709 34634548629
43 2752 51140075710
43 2795 33568870209
43 2838 24795188223
43 2881 48850221574
43 2924 32087890641
43 2967 31622848748
43 3010 23378320324
43 3053 46098096415
43 3096 30305230050
43 3139 44835134869
43 3182 29486169779
43 3225 29093020848
43 3268 28710217942
43 3311 28337357969
43 3354 32369617272
43 3397 41429934753
43 3440 27274707045
43 3483 40406973400
43 3526 26609470288
43 3569 39433311391
43 3612 19481933604
43 3655 25670312513
43 3741 25080190386
43 3784 24795188223
43 3827 36774885904
43 3870 18183138030
43 3913 23977764435
43 3956 23717136561
43 3999 23462113587
43 4042 23212516634
43 4085 22968174354
43 4128 22728922538
43 4171 29768817628
43 4214 22265066976
43 4257 22040167309
43 4300 21819765636
43 4343 32405592529
43 4386 28477578697
43 4429 23678867075
43 4472 20980543881
43 4515 27441796126
43 4558 16458206399
43 4601 30588456500
43 4644 20203486700
43 4687 30027200417
43 4730 14877112933
43 4773 19657446519
43 4816 19481933604
43 4859 21027379128
43 4902 14355108971
43 4945 18973709249
43 4988 19339311090
43 5031 18649372338
43 5074 18945759435
43 5117 18335937509
43 5160 13637353522
43 5203 27049296243
43 5246 21958369230
43 5289 24049809142
43 5332 17596585190
43 5375 26183718763
43 5418 23613918017
43 5461 3539224176
43 5504 25570037855
43 5590 12588326328
43 5633 20613618830
43 5676 23802120793
43 5719 21308355444
43 5762 20707150784
43 5805 17893427874
43 5848 20908489224
43 5891 19622579116
43 5934 23509063951
43 5977 23303211731
43 6020 23852888330
43 6063 20247698209
43 6106 11344445614
43 6149 23872450952
43 6192 15152615025
43 6235 23175068374
43 6278 19804850077
43 6321 15429676795
43 6364 25846490612
43 6407 13879894284
43 6450 22392309270
43 6493 19169432744
43 6536 27245780985
43 6579 14261284729
43 6622 22307271558
43 6665 16096368016
43 6708 10490271940
43 6751 9988782001
43 6794 14800103368
43 6837 21776782343
43 6880 21386961270
43 6923 21133269408
43 6966 13489228712
43 7009 8038159622
43 7052 25455130176
43 7095 20791472656
43 7138 14378767612
43 7181 13271875070
43 7224 21463611381
43 7267 21016843721
43 7310 21030893874
43 7353 12760096863
43 7439 -1041879270
43 7482 15623139538
43 7525 20945629804
43 7568 21015976633
43 7611 14887458839
43 7654 17649554812
43 7697 18495445924
43 7740 20879978781
43 7783 2430154772
43 7826 24709464232
43 7869 9936037806
43 7912 19673664666
43 7955 14551509593
43 7998 16069195293
43 8041 19527263713
43 8084 22189533584
43 8127 21071401363
43 8170 16911583119
43 8213 -13457527667
43 8256 14706394150
43 8299 13514608130
43 8342 -365110591
43 8385 30052867075
43 8428 14542466191
43 8471 15207040902
47 47 5988829291716
47 94 1497207322929
47 141 998138215286
47 188 748603661464
47 235 598882929171
47 282 332712738428
47 329 427773520836
47 376 374301830732
47 423 332712738428
47 470 199627643057
47 517 272219513259
47 564 166356369214
47 611 230339588142
47 658 142591173612
47 705 133085095371
47 752 187150915366
47 799 176142037991
47 846 110904246142
47 893 157600770834
47 940 99813821528
47 987 95060782408
47 1034 90739837753
47 1081 130191941124
47 1128 83178184607
47 1175 119776585834
47 1222 76779862714
47 1269 110904246142
47 1316 71295586806
47 1363 103255677443
47 1410 49906910764
47 1457 96594020834
47 1504 93575457683
47 1551 60493225168
47 1598 58714012663
47 1645 57036469444
47 1692 55452123071
47 1739 80930125563
47 1786 52533590278
47 1833 51186575142
47 1880 49906910764
47 1927 73034503557
47 1974 35647793403
47 2021 69637549903
47 2068 45369918876
47 2115 44361698457
47 2162 43397313708
47 2256 41589092303
47 2303 61110502976
47 2350 39925528611
47 2397 39142675109
47 2444 38389931357
47 2491 56498389544
47 2538 36968082047
47 2585 36295935101
47 2632 35647793403
47 2679 35022393518
47 2726 34418559147
47 2773 50752790608
47 2820 24953455382
47 2867 49088764686
47 2914 32198006944
47 2961 31686927469
47 3008 46787728841
47 3055 30711945085
47 3102 22684959438
47 3149 44692755908
47 3196 29357006331
47 3243 28931542472
47 3290 21388676041
47 3337 42174854167
47 3384 27726061535
47 3431 41019378710
47 3478 26976708521
47 3525 26617019074
47 3572 26266795139
47 3619 25925667929
47 3666 19194965678
47 3713 37903982859
47 3760 24953455382
47 3807 36968082047
47 3854 24344834519
47 3901 36077284890
47 3948 17823896701
47 3995 23485605065
47 4042 23212516634
47 4089 22945706098
47 4136 22684959438
47 4183 33645108380
47 4230 16635636921
47 4277 21937103632
47 4324 21698656854
47 4371 21465337963
47 4465 21013436111
47 4512 20794546151
47 4559 26422306260
47 4606 23517987583
47 4653 20164408389
47 4700 19962764305
47 4747 29647669761
47 4794 26067576556
47 4841 29071986853
47 4888 19194965678
47 4935 14259117361
47 4982 18832796514
47 5029 24022365990
47 5076 18484041023
47 5123 27471693999
47 5170 13610975662
47 5217 17984472347
47 5264 26439810233
47 5311 26499244654
47 5358 24575854061
47 5405 17358925483
47 5452 17209279573
47 5499 21970778102
47 5546 21092685791
47 5593 16775432189
47 5640 24199372270
47 5687 22435742176
47 5734 20933762822
47 5781 24363677081
47 5828 16099003472
47 5875 23955317166
47 5922 23855726240
47 5969 21637564207
47 6016 20704960821
47 6063 18853507147
47 6110 23509288055
47 6157 22858127068
47 6204 22049659545
47 6251 15009597222
47 6298 19280118856
47 6345 23304944195
47 6392 22834870137
47 6439 6819248509
47 6486 20924336354
47 6533 17545815240
47 6580 20994749985
47 6674 19056995920
47 6721 22212440588
47 6768 20947005621
47 6815 21693058891
47 6862 12674422796
47 6909 19683492450
47 6956 18819861017
47 7003 13369227083
47 7050 22673466702
47 7097 1371107182
47 7144 13133397569
47 7191 20961999201
47 7238 19885530750
47 7285 16204619607
47 7332 21320127418
47 7379 511571806
47 7426 16976988596
47 7473 20840587226
47 7520 12476727691
47 7567 21227703012
47 7614 13261676765
47 7661 8503952169
47 7708 19240434276
47 7755 19009132903
47 7802 2331136247
47 7849 17930626622
47 7896 20301021741
47 7943 20401931937
47 7990 25582719718
47 8037 18297563924
47 8084 11627601824
47 8131 20419896523
47 8178 22635604469
47 8225 11407293888
47 8272 23249614993
47 8319 8235903680
47 8366 12514641920
47 8413 -25457181
47 8460 20106228226
53 53 5310848617182
53 106 1327712154295
53 159 885141436197
53 212 663856077147
53 265 531084861718
53 318 295047145399
53 371 379346329798
53 424 331928038573
53 477 295047145399
53 530 177028287239
53 583 241402209871
53 636 147523572699
53 689 204263408353
53 742 126448776599
53 795 118018858159
53 848 165964019286
53 901 156201429917
53 954 98349048466
53 1007 139759174136
53 1060 88514143619
53 1113 84299184399
53 1166 80467403290
53 1219 115453230808
53 1272 73761786349
53 1325 106216972343
53 1378 68087802784
53 1431 98349048466
53 1484 63224388299
53 1537 91566355468
53 1590 44257071809
53 1643 85658848664
53 1696 82982009643
53 1749 53644935527
53 1802 52067143305
53 1855 50579510639
53 1908 49174524233
53 1961 71768224556
53 2014 46586391378
53 2067 45391868522
53 2120 44257071809
53 2173 64766446551
53 2226 31612194149
53 2279 61754053688
53 2332 40233701645
53 2385 39339619386
53 2438 38484410269
53 2491 56498389544
53 2544 36880893174
53 2597 54192332828
53 2650 35405657447
53 2703 34711428870
53 2756 34043901392
53 2862 33634457445
53 2915 32186961316
53 2968 31612194149
53 3021 31057594252
53 3074 30522118489
53 3127 45007191671
53 3180 22128535904
53 3233 43531546042
53 3286 28552949554
53 3339 28099728133
53 3392 41491004821
53 3445 27235121113
53 3498 20116850822
53 3551 39633198636
53 3604 26033571652
53 3657 25656273512
53 3710 18967316489
53 3763 37400342375
53 3816 24587262116
53 3869 32236075761
53 3922 23922741518
53 3975 23603771631
53 4028 23293195689
53 4081 22990686654
53 4134 28927242712
53 4187 33612965932
53 4240 30330504072
53 4293 32783016155
53 4346 21588815517
53 4399 31993063959
53 4452 28040647532
53 4505 20826857322
53 4558 28837640888
53 4611 20348078993
53 4664 20116850822
53 4717 29314624311
53 4770 26545123485
53 4823 19453657938
53 4876 27724223912
53 4929 24890196970
53 4982 18832796514
53 5035 23580760549
53 5088 18440446587
53 5141 21818241028
53 5194 18064110942
53 5247 17881645175
53 5300 26138351949
53 5353 22303678208
53 5406 24957673301
53 5459 25780818530
53 5512 17021950696
53 5565 12644877659
53 5671 34558579125
53 5724 16391508077
53 5777 31006085368
53 5830 24953860591
53 5883 23032469199
53 5936 15806097074
53 5989 13553851385
53 6042 23435007610
53 6095 24222234631
53 6148 23858464534
53 6201 23257576982
53 6254 12747614958
53 6307 22479344446
53 6360 21227673229
53 6413 21945655442
53 6466 18365620548
53 6519 18148652181
53 6572 18320442217
53 6625 21243394468
53 6678 23112582130
53 6731 17418103677
53 6784 19470782159
53 6837 15951177050
53 6890 22447720875
53 6943 26170374490
53 6996 22418919769
53 7049 28753402970
53 7102 6972730600
53 7155 21269573434
53 7208 25730345274
53 7261 10952486477
53 7314 18453016538
53 7367 22450875902
53 7420 19418807372
53 7473 16706924318
53 7526 29212746335
53 7579 20535967478
53 7632 18603793342
53 7685 27378147657
53 7738 16528749705
53 7791 15169495066
53 7844 18758383434
53 7897 8089778386
53 7950 15254677400
53 8003 19316626631
53 8056 18270030596
53 8109 26204414714
53 8162 18429666138
53 8215 13766450155
53 8268 15362664249
53 8321 3621661376
53 8374 11016176287
53 8480 33123384655
59 59 4770762317129
59 118 1192690579282
59 177 795127052854
59 236 596345289641
59 295 477076231712
59 354 265042350951
59 413 340768736937
59 472 298172644820
59 531 265042350951
59 590 159025410570
59 649 216852832596
59 708 132521175475
59 767 183490858351
59 826 113589578979
59 885 106016940380
59 944 149086322410
59 1003 140316538739
59 1062 88347450317
59 1121 125546376766
59 1180 79512705285
59 1239 75726385986
59 1298 72284277532
59 1357 103712224285
59 1416 66260587737
59 1475 95415246342
59 1534 61163619450
59 1593 88347450317
59 1652 56794789489
59 1711 82254522709
59 1770 39756352642
59 1829 76947779308
59 1888 74543161205
59 1947 48189518354
59 2006 46772179579
59 2065 45435831591
59 2124 44173725158
59 2183 64469761042
59 2242 41848792255
59 2301 40775746300
59 2360 39756352642
59 2419 58180028257
59 2478 28397394744
59 2537 55473980431
59 2596 36142138766
59 2655 35338980126
59 2714 34570741428
59 2773 50752790607
59 2832 33130293868
59 2891 48681248133
59 2950 31805082114
59 3009 36111875841
59 3068 30581809725
59 3127 45007191671
59 3186 29449150105
59 3245 32121637068
59 3304 28397394744
59 3363 27899194837
59 3422 27418174236
59 3540 27184316864
59 3599 39104609157
59 3658 25649259769
59 3717 25242128662
59 3776 37271580602
59 3835 24465447780
59 3894 18071069383
59 3953 35602703859
59 4012 31868108567
59 4071 23047160952
59 4130 18276994025
59 4189 28702073012
59 4248 44484107047
59 4307 10734078906
59 4366 34122371047
59 4425 21203388076
59 4484 29203595525
59 4543 28743228287
59 4602 15290904862
59 4661 30194698210
59 4720 28034543293
59 4779 29449150105
59 4838 24804435899
59 4897 28739532031
59 4956 26808524175
59 5015 26496926297
59 5074 30395169126
59 5133 26903971502
59 5192 32142123743
59 5251 21960650991
59 5310 35888866118
59 5369 25952512140
59 5428 25928676266
59 5487 38261191917
59 5546 28447163768
59 5605 24342534690
59 5664 24878832556
59 5723 19547475900
59 5782 22739326640
59 5841 24688361462
59 5900 32621854949
59 5959 13650496119
59 6018 23481454660
59 6077 12653852349
59 6136 23216540094
59 6195 22763484579
59 6254 31843401342
59 6313 26614934632
59 6372 22683984298
59 6431 21884230813
59 6490 34265609902
59 6549 22640299186
59 6608 27309787306
59 6667 13518132719
59 6726 34406917721
59 6785 21687236415
59 6844 21634722350
59 6903 28916317299
59 7021 21603809451
59 7080 29735601119
59 7139 22360648444
59 7198 15465262201
59 7257 29936101768
59 7316 16759860136
59 7375 4760131671
59 7434 33999495599
59 7493 14258738103
59 7552 12314235845
59 7611 19053769148
59 7670 30732080986
59 7729 44493989300
59 7788 31167319602
59 7847 30224438028
59 7906 20980197871
59 7965 27557395440
59 8024 27553495800
59 8083 13083995094
59 8142 27866311688
59 8201 22526954472
59 8260 19098328483
59 8319 24016013888
59 8378 18546608924
59 8437 19597850379
59 8496 26958439897
61 61 4614343880502
61 122 1153585970125
61 183 769057313417
61 244 576792985062
61 305 461434388050
61 366 256352437805
61 427 329595991464
61 488 288396492531
61 549 256352437805
61 610 153811462683
61 671 209742903659
61 732 128176218902
61 793 177474764634
61 854 109865330488
61 915 102540975122
61 976 144198246265
61 1037 135715996485
61 1098 85450812601
61 1159 121430102118
61 1220 76905731341
61 1281 73243553658
61 1342 69914301219
61 1403 100311823489
61 1464 64088109451
61 1525 92286877610
61 1586 59158254878
61 1647 85450812601
61 1708 54932665244
61 1769 79557653112
61 1830 38452865670
61 1891 74424901298
61 1952 72099123132
61 2013 46609534146
61 2074 45238665495
61 2135 43946132195
61 2196 42725406300
61 2257 62355998385
61 2318 40476700706
61 2379 39438836585
61 2440 38452865670
61 2501 56272486347
61 2562 27466332622
61 2623 53655161401
61 2684 34957150609
61 2745 34180325040
61 2806 33437274496
61 2867 49088764686
61 2928 32044054725
61 2989 47085141637
61 3050 30762292536
61 3111 30159110330
61 3172 29579127439
61 3233 43531546042
61 3294 28483604200
61 3355 27965720487
61 3416 27466332622
61 3477 26984467137
61 3538 26519217704
61 3599 39104609156
61 3660 19226432835
61 3782 24808300432
61 3843 24414517886
61 3904 36049561566
61 3965 23663301951
61 4026 29722788954
61 4087 34435402093
61 4148 27883766187
61 4209 30752906030
61 4270 27962226025
61 4331 32495379440
61 4392 21362703150
61 4453 31777015142
61 4514 29053068107
61 4575 22142427696
61 4636 20238350353
61 4697 19975514634
61 4758 25089975684
61 4819 29204708104
61 4880 27755236655
61 4941 28483604200
61 5002 28158935567
61 5063 38633345588
61 5124 23668315439
61 5185 26335795770
61 5246 21660601896
61 5307 25272194063
61 5368 25228183052
61 5429 21942085109
61 5490 36240935817
61 5551 27301912256
61 5612 27528366284
61 5673 21331976945
61 5734 20199607757
61 5795 27202937036
61 5856 27590557658
61 5917 23785277735
61 5978 19187941547
61 6039 22794832766
61 6100 23240086112
61 6161 21754636695
61 6222 22561522014
61 6283 14521965228
61 6344 24789604523
61 6405 33072117281
61 6466 16636030248
61 6527 19418568816
61 6588 42553009336
61 6649 25228542484
61 6710 20422294310
61 6771 20472566540
61 6832 22210358609
61 6893 16389341142
61 6954 21049644015
61 7015 23334426585
61 7076 28028537972
61 7137 28977645907
61 7198 20199438445
61 7259 20518048592
61 7320 20486613784
61 7381 18984819673
61 7503 17564683585
61 7564 13798027916
61 7625 23469726147
61 7686 21515938565
61 7747 3995015331
61 7808 14515564221
61 7869 24513918519
61 7930 31370847363
61 7991 17795937572
61 8052 29885293398
61 8113 22954070738
61 8174 31253731441
61 8235 28940557200
61 8296 22243193471
61 8357 17000507690
61 8418 17963765846
61 8479 11468051744
67 67 4201119055382
67 134 1050279763845
67 201 700186509230
67 268 525139881922
67 335 420111905538
67 402 233395503076
67 469 300079932527
67 536 262569940961
67 603 233395503076
67 670 140037301846
67 737 190959957062
67 804 116697751538
67 871 161581502130
67 938 100026644175
67 1005 93358201230
67 1072 131284970480
67 1139 123562325158
67 1206 77798501025
67 1273 110555764615
67 1340 70018650923
67 1407 66684429450
67 1474 63653319020
67 1541 91328675117
67 1608 58348875769
67 1675 84022381107
67 1742 53860500710
67 1809 77798501025
67 1876 50013322087
67 1943 72433087161
67 2010 35009325461
67 2077 67759984764
67 2144 65642485240
67 2211 42435546013
67 2278 41187441719
67 2345 40010657670
67 2412 38899250512
67 2479 56771879126
67 2546 36851921538
67 2613 35907000473
67 2680 35009325461
67 2747 51233159211
67 2814 25006661043
67 2881 48850221574
67 2948 31826659510
67 3015 31119400410
67 3082 30442891705
67 3149 44692755908
67 3216 29174437884
67 3283 42868561789
67 3350 28007460369
67 3417 27458294479
67 3484 40245560153
67 3551 39633198635
67 3618 25932833675
67 3685 25461327608
67 3752 25006661043
67 3819 24567947692
67 3886 24144362387
67 3953 35602703859
67 4020 40363705226
67 4087 34435402093
67 4154 31184066878
67 4221 30558908834
67 4288 32821242620
67 4355 21544200284
67 4422 15913329755
67 4556 28280173683
67 4623 28255852787
67 4690 26486423078
67 4757 29585345460
67 4824 40608784058
67 4891 28849522247
67 4958 31648412686
67 5025 27206990708
67 5092 18425960769
67 5159 18186662577
67 5226 26180913624
67 5293 26589361110
67 5360 24588637584
67 5427 25932833675
67 5494 24680737525
67 5561 21244469046
67 5628 35150232358
67 5695 23059493853
67 5762 20041979132
67 5829 24573433889
67 5896 15913329755
67 5963 10653812190
67 6030 27446366160
67 6097 23629044060
67 6164 22722682946
67 6231 18650897924
67 6298 18799059679
67 6365 31192946743
67 6432 23064411240
67 6499 13075301557
67 6566 18702374684
67 6633 22475947688
67 6700 21918171016
67 6767 19400215190
67 6834 19902730331
67 6901 11568095137
67 6968 21379566009
67 7035 34045022647
67 7102 32393152861
67 7169 15475915983
67 7236 20569434625
67 7303 19271188327
67 7370 31610255910
67 7437 24557254603
67 7504 20290505401
67 7571 10477659554
67 7638 21413686364
67 7705 27589023118
67 7772 19758634017
67 7839 27138519711
67 7906 13007138518
67 7973 36378818565
67 8040 32383381489
67 8107 -3265629209
67 8174 2844571933
67 8241 24153480500
67 8308 23241870886
67 8375 13203663642
67 8442 19126498437
71 71 3964436291699
71 142 991109072924
71 213 660739381949
71 284 495554536462
71 355 396443629169
71 426 220246460649
71 497 283174020835
71 568 247777268231
71 639 220246460649
71 710 132147876389
71 781 180201649622
71 852 110123230324
71 923 152478318911
71 994 94391340278
71 1065 88098584259
71 1136 123888634115
71 1207 116601067402
71 1278 73415486883
71 1349 104327270834
71 1420 66073938194
71 1491 62927560185
71 1562 60067216540
71 1633 86183397645
71 1704 55061615162
71 1775 79288725833
71 1846 50826106303
71 1917 73415486883
71 1988 47195670139
71 2059 68352349856
71 2130 33036969097
71 2201 63942520833
71 2272 61944317057
71 2343 40044811027
71 2414 38867022467
71 2485 37756536111
71 2556 36707743441
71 2627 53573463401
71 2698 34775756944
71 2769 33884070869
71 2840 33036969097
71 2911 48346784045
71 2982 35893858461
71 3053 46098096415
71 3124 30033608270
71 3195 37758919017
71 3266 37058564899
71 3337 42174854167
71 3408 27530807581
71 3479 40453431547
71 3550 37320478233
71 3621 34055432899
71 3692 38611385333
71 3763 37400342374
71 3834 32700058197
71 3905 24026886616
71 3976 34765170371
71 4047 35572111963
71 4118 59351431268
71 4189 38491762440
71 4260 41359094133
71 4331 32495379440
71 4402 47230779720
71 4473 50312143983
71 4544 38174214234
71 4615 31468833195
71 4686 27377298493
71 4757 29585345460
71 4828 29993427113
71 4899 27380095379
71 4970 36056289185
71 5112 29492262394
71 5183 23532741793
71 5254 37346297891
71 5325 36935769845
71 5396 33459077816
71 5467 33300201110
71 5538 34604114719
71 5609 28909252495
71 5680 27685819850
71 5751 21829256108
71 5822 29550346345
71 5893 18852070064
71 5964 33120410203
71 6035 23628875369
71 6106 34179263017
71 6177 34749074303
71 6248 31774845083
71 6319 20118020802
71 6390 42541355608
71 6461 31172196262
71 6532 35595960352
71 6603 24979849817
71 6674 23060702260
71 6745 29981502121
71 6816 39683864227
71 6887 25300525157
71 6958 20612610246
71 7029 24239173298
71 7100 27429116084
71 7171 16537900337
71 7242 27881250141
71 7313 25394392165
71 7384 29356978179
71 7455 35194295091
71 7526 7923179360
71 7597 23176445735
71 7668 28374053722
71 7739 26821496230
71 7810 30066226038
71 7881 25310411190
71 7952 35077852681
71 8023 29382716775
71 8094 28785412755
71 8165 25359212193
71 8236 27941149545
71 8307 33280785142
71 8378 13491124787
71 8449 27451507832
73 73 3855821598776
73 146 963955399694
73 219 642636933129
73 292 481977699847
73 365 385582159877
73 438 214212311043
73 511 275415828484
73 584 240988849923
73 657 214212311043
73 730 128527386625
73 803 175264618126
73 876 107106155521
73 949 148300830722
73 1022 91805276161
73 1095 85684924417
73 1168 120494424961
73 1241 113406517611
73 1314 71404103681
73 1387 101468989441
73 1460 64263693312
73 1533 61203517440
73 1606 58421539375
73 1679 83822208669
73 1752 53553077760
73 1825 77116431975
73 1898 49433610240
73 1971 71404103681
73 2044 45902638080
73 2117 66479682737
73 2190 32131846656
73 2263 62190670948
73 2336 60247212480
73 2409 38947692916
73 2482 37802172537
73 2555 36722110464
73 2628 35702051840
73 2701 52105697280
73 2774 33822996480
73 2847 32955740160
73 2920 32131846656
73 2993 47022214619
73 3066 22951319040
73 3139 44835134869
73 3212 29210769687
73 3285 59579128584
73 3358 36304055789
73 3431 41019378710
73 3504 34885623348
73 3577 39345118354
73 3650 33994566243
73 3723 33149567662
73 3796 33258610164
73 3869 40515275159
73 3942 31749487197
73 4015 31897419570
73 4088 46850137436
73 4161 38914269966
73 4234 34965862323
73 4307 54618829547
73 4380 39404599023
73 4453 31433175001
73 4526 36876445565
73 4599 28510256948
73 4672 30123606240
73 4745 28779499096
73 4818 33814336960
73 4891 28700053854
73 4964 34001711318
73 5037 25494098792
73 5110 26189590521
73 5183 30774604668
73 5256 34989408200
73 5402 31950481326
73 5475 33521399043
73 5548 33295912400
73 5621 44996513682
73 5694 36881867121
73 5767 34560693885
73 5840 37148542934
73 5913 32617700897
73 5986 26339231119
73 6059 26602943140
73 6132 37004155533
73 6205 34549290296
73 6278 22965290656
73 6351 31303617194
73 6424 31135739207
73 6497 20507014699
73 6570 42170401020
73 6643 36405686086
73 6716 29213125037
73 6789 29246399838
73 6862 28006849187
73 6935 21685565564
73 7008 39725304048
73 7081 24294267648
73 7154 24598074848
73 7227 32059615597
73 7300 36676014777
73 7373 4694949058
73 7446 35241077274
73 7519 13678939738
73 7592 28504624476
73 7665 35128687506
73 7738 19554163824
73 7811 24429647280
73 7884 35002410082
73 7957 31637770948
73 8030 32871515062
73 8103 24867052911
73 8176 30659232474
73 8249 24262225069
73 8322 30743621369
73 8395 22711860776
73 8468 25953148159
79 79 3562974388742
79 158 890743597185
79 237 593829064790
79 316 445371798592
79 395 356297438874
79 474 197943021596
79 553 254498170624
79 632 222685899296
79 711 197943021596
79 790 118765812958
79 869 161953381306
79 948 98971510798
79 1027 137037476490
79 1106 84832723541
79 1185 79177208638
79 1264 111342949648
79 1343 104793364374
79 1422 65981007198
79 1501 93762483914
79 1580 59382906479
79 1659 56555149027
79 1738 53984460435
79 1817 77455964972
79 1896 49485755399
79 1975 71259487774
79 2054 45679158830
79 2133 65981007198
79 2212 42416361770
79 2291 61430592909
79 2370 29691453239
79 2449 57467328850
79 2528 55671474824
79 2607 35989640290
79 2686 34931121458
79 2765 33933089416
79 2844 32990503599
79 2923 48148302550
79 3002 31254161304
79 3081 30452772553
79 3160 29691453239
79 3239 43450907179
79 3318 31915360711
79 3397 41429934752
79 3476 35669140197
79 3555 26392402879
79 3634 34308691520
79 3713 37903982858
79 3792 33284682743
79 3871 36356881517
79 3950 23753162591
79 4029 39931916879
79 4108 22839579415
79 4187 33612965931
79 4266 21993669066
79 4345 29762040892
79 4424 29201653223
79 4503 28887004244
79 4582 20476864303
79 4661 30194698209
79 4740 25146138584
79 4819 29204708104
79 4898 38267198678
79 4977 35099054324
79 5056 27835737412
79 5135 30884041840
79 5214 25025794344
79 5293 26589361110
79 5372 25280657115
79 5451 23835869412
79 5530 12724908531
79 5609 21273485374
79 5688 24878707853
79 5767 14247174453
79 5846 24042906521
79 5925 24377246771
79 6004 23677977360
79 6083 32232089534
79 6162 23853423084
79 6320 14845726619
79 6399 21993669066
79 6478 25238440285
79 6557 9675558499
79 6636 20539239570
79 6715 22261537501
79 6794 24564782809
79 6873 18052304022
79 6952 21311211494
79 7031 37038000853
79 7110 21301677761
79 7189 19918129547
79 7268 25459966722
79 7347 24736252178
79 7426 16802326226
79 7505 20188117345
79 7584 26431208881
79 7663 5547139486
79 7742 20649037633
79 7821 20448318891
79 7900 20044838013
79 7979 18427709860
79 8058 19439960190
79 8137 4854780196
79 8216 19323955869
79 8295 20012951590
79 8374 21639088549
79 8453 16709069322
83 83 3391264779646
83 166 847816194911
83 249 565210796607
83 332 423908097455
83 415 339126477964
83 498 188403598869
83 581 242233198546
83 664 211954048727
83 747 188403598869
83 830 113042159321
83 913 154148399074
83 996 94201799434
83 1079 130433260755
83 1162 80744399515
83 1245 75361439547
83 1328 105977024363
83 1411 99743081754
83 1494 62801199623
83 1577 89243809990
83 1660 56521079660
83 1743 53829599676
83 1826 51382799691
83 1909 73723147383
83 1992 47100899717
83 2075 67825295592
83 2158 43477753585
83 2241 62801199623
83 2324 40372199757
83 2407 58470082407
83 2490 40883498317
83 2573 54697819026
83 2656 52988512181
83 2739 34255199794
83 2822 33247693918
83 2905 32297759806
83 2988 39653065361
83 3071 45827902427
83 3154 29747936663
83 3237 28985169056
83 3320 28260539830
83 3403 41356887556
83 3486 31928065414
83 3569 39433311391
83 3652 25691399845
83 3735 25120479849
83 3818 47931248503
83 3901 36077284889
83 3984 31852126752
83 4067 34604742649
83 4150 30764798836
83 4233 30466806172
83 4316 29425329616
83 4399 31993063958
83 4482 28870594551
83 4565 20553119876
83 4648 27872552702
83 4731 22729094815
83 4814 19490027469
83 4897 28739532030
83 4980 25003667282
83 5063 16961158996
83 5146 29469302431
83 5229 17943199892
83 5312 26494256090
83 5395 39534735730
83 5478 34563328425
83 5561 29371423187
83 5644 16623846959
83 5727 24509875782
83 5810 48262483299
83 5893 28912222607
83 5976 24115605563
83 6059 19852738772
83 6142 30661033191
83 6225 30824245639
83 6308 19631224453
83 6391 14680799911
83 6474 34670409546
83 6557 33251843775
83 6640 29493444167
83 6723 14979873641
83 6806 25298116995
83 6972 31645528607
83 7055 26577893839
83 7138 19395855181
83 7221 21245817196
83 7304 27214019034
83 7387 15306294451
83 7470 31137808446
83 7553 27912512945
83 7636 32832837169
83 7719 26773771784
83 7802 33699337481
83 7885 27098212453
83 7968 25054041201
83 8051 10833064872
83 8134 15468287407
83 8217 25888359029
83 8300 26167978256
83 8383 4339698935
83 8466 20034568058
89 89 3162640187760
89 178 790660046940
89 267 527106697960
89 356 395330023470
89 445 316264018776
89 534 175702232653
89 623 225902870554
89 712 197665011735
89 801 175702232653
89 890 105421339592
89 979 143756372170
89 1068 87851116326
89 1157 121640007221
89 1246 75300956851
89 1335 70280893061
89 1424 98832505867
89 1513 93018829051
89 1602 58567410884
89 1691 83227373362
89 1780 52710669796
89 1869 50200637900
89 1958 47918790723
89 2047 68753047560
89 2136 43925558163
89 2225 63252803755
89 2314 48961150223
89 2403 58567410884
89 2492 42515022329
89 2581 54528279099
89 2670 39492749276
89 2759 51010325609
89 2848 49416252933
89 2937 39893979786
89 3026 39259923826
89 3115 45902430052
89 3204 34425876878
89 3293 42738380915
89 3382 35994923337
89 3471 35344798337
89 3560 42870681782
89 3649 50869712114
89 3738 30798367651
89 3827 36774885904
89 3916 64533872075
89 4005 28056791167
89 4094 30865801824
89 4183 33645108380
89 4272 41047626343
89 4361 40611114961
89 4450 28585505012
89 4539 60184244862
89 4628 36925743020
89 4717 30357832061
89 4806 25279307340
89 4895 35377831151
89 4984 35543504978
89 5073 34800104774
89 5162 42507410533
89 5251 31643419987
89 5340 47931797908
89 5429 29904475346
89 5518 30064239025
89 5607 31943513292
89 5696 29659883038
89 5785 24633148779
89 5874 43170117538
89 5963 36549772701
89 6052 39140782145
89 6141 34219929903
89 6230 34925697493
89 6319 24426207194
89 6408 37355777715
89 6497 22816823489
89 6586 26950315150
89 6675 36770103606
89 6764 28572467643
89 6853 40960379109
89 6942 35534278042
89 7031 2995419245
89 7120 35803436955
89 7209 12672053595
89 7298 21789420631
89 7387 22797804196
89 7476 33605792618
89 7565 37351993154
89 7654 19349353123
89 7743 21595238047
89 7832 31521265544
89 8010 32275679143
89 8099 32755363490
89 8188 19410500211
89 8277 27266178854
89 8366 21046255682
89 8455 25815537267
97 97 2901803883615
97 194 725450970903
97 291 483633980602
97 388 362725485451
97 485 290180388361
97 582 161211326867
97 679 207271705972
97 776 181362742725
97 873 161211326867
97 970 96726796120
97 1067 131900176527
97 1164 80605663433
97 1261 111607841677
97 1358 69090568657
97 1455 64484530747
97 1552 90681371362
97 1649 85347173047
97 1746 53737108955
97 1843 76363260095
97 1940 48363398060
97 2037 46060379105
97 2134 48847098169
97 2231 63082693122
97 2328 45563301116
97 2425 58036077672
97 2522 45172270810
97 2619 53737108955
97 2716 34545284328
97 2813 50031101441
97 2910 26658465451
97 3007 46803288445
97 3104 45340685681
97 3201 37631711561
97 3298 28449057682
97 3395 27636227463
97 3492 37983089093
97 3589 39213565994
97 3686 33774981253
97 3783 24801742595
97 3880 32151355948
97 3977 36216071660
97 4074 51694915965
97 4171 37714993618
97 4268 48524708368
97 4365 55243197814
97 4462 21027564374
97 4559 35318201902
97 4656 25031788518
97 4753 34447652064
97 4850 32757459072
97 4947 36959368139
97 5044 41887996518
97 5141 32932775643
97 5238 34976522011
97 5335 25605068069
97 5432 39308511018
97 5529 46489114461
97 5626 34670363497
97 5723 29635640771
97 5820 37102661354
97 5917 23785277734
97 6014 25268365395
97 6111 28740883243
97 6208 31309649206
97 6305 39337567236
97 6402 23726736172
97 6499 30235204168
97 6596 36136962391
97 6693 32448813506
97 6790 22615970375
97 6887 15569952077
97 6984 40346070317
97 7081 15456470483
97 7178 25487277244
97 7275 36405756035
97 7372 20854164157
97 7469 34840325372
97 7566 34608344465
97 7663 31184555243
97 7760 18675366681
97 7857 20320825216
97 7954 22600816161
97 8051 24128427701
97 8148 33292048219
97 8245 27614453698
97 8342 34062081323
97 8439 35694746203
101 101 2786880957531
101 202 696720239382
101 303 464480159588
101 404 348360119691
101 505 278688095753
101 606 154826719862
101 707 199062925537
101 808 174180059845
101 909 154826719862
101 1010 92896031917
101 1111 126676407160
101 1212 77413359931
101 1313 107187729135
101 1414 66354308512
101 1515 61930687945
101 1616 87090029922
101 1717 81967086986
101 1818 51608906620
101 1919 73338972566
101 2020 46448015958
101 2121 44236205675
101 2222 42225469053
101 2323 60584368641
101 2424 38706679965
101 2525 55737619150
101 2626 35729243045
101 2727 51608906620
101 2828 33177154256
101 2929 48049671681
101 3030 46317625674
101 3131 44949692863
101 3232 43545014961
101 3333 38868189602
101 3434 43050924042
101 3535 26541723405
101 3636 25804453310
101 3737 37660553480
101 3838 24446324188
101 3939 42622629807
101 4040 39195908299
101 4141 33986353140
101 4242 38370644893
101 4343 32405592529
101 4444 21112734526
101 4545 39325541404
101 4646 27982844013
101 4747 29647669760
101 4848 35744973112
101 4949 29265303926
101 5050 42387530321
101 5151 34606541349
101 5252 40503853004
101 5353 30278981368
101 5454 49254165843
101 5555 46608199187
101 5656 25028437494
101 5757 32026111173
101 5858 38325990203
101 5959 33584774347
101 6060 23334648568
101 6161 23931936379
101 6262 26294020990
101 6363 25032279099
101 6464 36236227264
101 6565 40323551187
101 6666 32722448270
101 6767 22195022982
101 6868 22196531626
101 6969 27415565253
101 7070 34478816548
101 7171 22713944135
101 7272 31909192473
101 7373 33481502415
101 7474 26114493505
101 7575 28084319339
101 7676 26395718638
101 7777 28814898347
101 7878 27833177881
101 7979 16849264285
101 8080 34963357562
101 8181 45943911741
101 8282 20636461482
101 8383 29237180071
101 8484 29746696627
103 103 2732766764181
103 206 683191691045
103 309 455461127363
103 412 341595845522
103 515 273276676418
103 618 151820375787
103 721 195197626012
103 824 170797922761
103 927 151820375787
103 1030 91092225472
103 1133 124216671099
103 1236 75910187893
103 1339 105106414006
103 1442 65065875337
103 1545 60728150315
103 1648 85398961380
103 1751 80375493064
103 1854 50606791929
103 1957 71914914846
103 2060 45546112736
103 2163 43377250225
103 2266 41405557033
103 2369 59407973134
103 2472 37955093946
103 2575 54655335283
103 2678 43198280435
103 2781 50606791929
103 2884 40360914692
103 2987 47116668347
103 3090 34215512860
103 3193 48415338283
103 3296 42699480690
103 3399 27603704688
103 3502 35281867551
103 3605 41816749681
103 3708 33793432494
103 3811 36929280597
103 3914 46595534526
103 4017 23356980890
103 4120 35775586304
103 4223 37278507034
103 4326 39952068153
103 4429 39873848371
103 4532 37013490488
103 4635 36553428743
103 4738 47459871970
103 4841 29071986852
103 4944 35828390363
103 5047 36408078147
103 5150 34413426390
103 5253 34906626686
103 5356 39856281989
103 5459 25780818530
103 5562 24471948431
103 5665 32990853849
103 5768 33117312224
103 5871 24282769082
103 5974 35199662710
103 6077 33664228399
103 6180 34533020402
103 6283 30277489922
103 6386 27020267694
103 6489 29345277468
103 6592 46248245939
103 6695 34930725850
103 6798 37862359894
103 6901 29219468507
103 7004 36434957668
103 7107 21817685339
103 7210 31313215406
103 7313 13095280569
103 7416 25053068354
103 7519 23756221415
103 7622 14677450307
103 7725 33086257830
103 7828 24784134229
103 7931 32746696468
103 8034 26224720686
103 8137 29737204160
103 8240 26097999492
103 8343 19379134470
103 8446 9945336254
107 107 2630607258978
107 214 657651814744
107 321 438434543163
107 428 328825907372
107 535 263060725897
107 642 146144847721
107 749 187900518498
107 856 164412953686
107 963 146144847721
107 1070 87686908632
107 1177 119573057226
107 1284 73072423860
107 1391 101177202268
107 1498 62633506166
107 1605 58457939088
107 1712 82206476843
107 1819 77370801734
107 1926 48714949240
107 2033 69226506815
107 2140 43843454316
107 2247 41755670777
107 2354 39857685742
107 2461 57187114325
107 2568 36536211930
107 2675 52612145179
107 2782 33725734089
107 2889 48714949240
107 2996 39443707225
107 3103 45355297568
107 3210 21921727158
107 3317 42429149338
107 3424 41103238421
107 3531 34812120066
107 3638 33445218212
107 3745 30247107158
107 3852 30941991786
107 3959 35548746742
107 4066 31001137503
107 4173 22483822726
107 4280 21921727158
107 4387 32080576329
107 4494 38608118970
107 4601 30588456499
107 4708 27187164255
107 4815 19485979696
107 4922 27189325583
107 5029 31948001222
107 5136 25860821559
107 5243 34809404932
107 5350 25130097320
107 5457 24277486350
107 5564 25025676144
107 5671 15075520101
107 5778 23739553507
107 5885 51685093232
107 5992 23640462167
107 6099 22641989565
107 6206 23100518148
107 6313 17971629079
107 6420 22749273345
107 6527 23706140347
107 6634 18217320594
107 6741 27366839093
107 6848 24633023760
107 6955 21083009229
107 7062 21216277076
107 7169 23786878927
107 7276 29299610984
107 7383 19792222481
107 7490 19330175052
107 7597 13874360729
107 7704 25627019478
107 7811 11606068596
107 7918 22006648302
107 8025 19192824911
107 8132 24728885407
107 8239 18471885066
107 8346 18240300492
107 8453 16589756741
109 109 2582339235877
109 218 645584808969
109 327 430389872646
109 436 322792404484
109 545 258233923587
109 654 143463290882
109 763 184452802562
109 872 161396202242
109 981 143463290882
109 1090 86077974529
109 1199 117379056176
109 1308 71731645441
109 1417 99320739841
109 1526 61484267520
109 1635 57385316352
109 1744 80698101121
109 1853 75951153996
109 1962 47821096960
109 2071 67956295680
109 2180 43038987264
109 2289 40989511680
109 2398 39126352058
109 2507 56137809475
109 2616 35865822720
109 2725 51646784717
109 2834 33106913280
109 2943 47821096960
109 3052 30742133760
109 3161 44523090273
109 3270 21519493632
109 3379 41650632836
109 3488 40349050560
109 3597 26084234705
109 3706 25317051332
109 3815 24593707008
109 3924 23910548480
109 4033 34896476160
109 4142 22652098560
109 4251 22071275520
109 4360 21519493632
109 4469 31491941900
109 4578 15371066880
109 4687 30027200417
109 4796 19563176029
109 4905 19128438784
109 5014 18712603158
109 5123 27471693998
109 5232 17932911360
109 5341 26350400366
109 5450 17215594905
109 5559 16878034221
109 5668 16553456640
109 5777 17717296441
109 5886 15940365653
109 5995 15650540823
109 6104 15371066880
109 6213 15101399040
109 6322 14841030091
109 6431 21884230812
109 6540 10759746816
109 6649 17104887612
109 6758 13883544278
109 6867 13663170560
109 6976 20174525280
109 7085 13242765312
109 7194 9781588014
109 7303 19271188327
109 7412 12658525666
109 7521 12475068772
109 7630 9222640128
109 7739 9549478923
109 7848 11955274240
109 7957 3736739132
109 8066 11632158720
109 8175 11477063270
109 8284 8124092646
109 8393 11178957731
113 113 2490928997439
113 226 622732249359
113 339 415154832906
113 452 311366124679
113 565 249092899743
113 678 138384944302
113 791 177923499817
113 904 155683062339
113 1017 138384944302
113 1130 83030966581
113 1243 113224045338
113 1356 69192472151
113 1469 95804961439
113 1582 59307833272
113 1695 55353977720
113 1808 77841531169
113 1921 73262617571
113 2034 54467906455
113 2147 65550763090
113 2260 41515483290
113 2373 39538555514
113 2486 37741348446
113 2599 58459000736
113 2712 34596236075
113 2825 49818579948
113 2938 31934987146
113 3051 46128314767
113 3164 36737891490
113 3277 42947051679
113 3390 35345793492
113 3503 40176274152
113 3616 38920765584
113 3729 41396821450
113 3842 26037088309
113 3955 40123878196
113 4068 31661562673
113 4181 37739386154
113 4294 21850254363
113 4407 62459768031
113 4520 37158486533
113 4633 42581322218
113 4746 24703734067
113 4859 36901202207
113 4972 37931945181
113 5085 18451325906
113 5198 39677122789
113 5311 26499244653
113 5424 25212558869
113 5537 25417642831
113 5650 33125879854
113 5763 29336990512
113 5876 31841316653
113 5989 33444808944
113 6102 36795833318
113 6215 31608385500
113 6328 38940112414
113 6441 36200818943
113 6554 37977265336
113 6667 28701002830
113 6780 34873432249
113 6893 24445560455
113 7006 30289534318
113 7119 37007811852
113 7232 27578344035
113 7345 29111991062
113 7458 36458722407
113 7571 26700385183
113 7684 27535289101
113 7797 31955422318
113 7910 30158624311
113 8023 5700790231
113 8136 29068714703
113 8249 9860089964
113 8362 39414429739
113 8475 30914449278
127 127 2216338399296
127 254 554084599824
127 381 369389733216
127 508 277042299912
127 635 221633839929
127 762 123129911072
127 889 158309885664
127 1016 138521149956
127 1143 123129911072
127 1270 73877946643
127 1397 100742654513
127 1524 61564955536
127 1651 85243784588
127 1778 52769961888
127 1905 62342615170
127 2032 69260574978
127 2159 65186423508
127 2286 41043303690
127 2413 58324694718
127 2540 42127328977
127 2667 58721669272
127 2794 49146551917
127 2921 48181269549
127 3048 38891562236
127 3175 44326767985
127 3302 36340230094
127 3429 54775287032
127 3556 41950648024
127 3683 38212731022
127 3810 18469486660
127 3937 56583423495
127 4064 34630287489
127 4191 36512519252
127 4318 60512888442
127 4445 37957598889
127 4572 36669680607
127 4699 29950518909
127 4826 42983259586
127 4953 48533859865
127 5080 43002848812
127 5207 36626632750
127 5334 44600316693
127 5461 48003529296
127 5588 25079531336
127 5715 32440846776
127 5842 36525016197
127 5969 25518571948
127 6096 31131970502
127 6223 35248604367
127 6350 35725179914
127 6477 37834328769
127 6604 37087490945
127 6731 24399601970
127 6858 37903391130
127 6985 37691968796
127 7112 35298019452
127 7239 32933982804
127 7366 42561799041
127 7493 23306319512
127 7620 36411991901
127 7747 32338401050
127 7874 28240864676
127 8001 30975644043
127 8128 31028496852
127 8255 30896657445
127 8382 29777528355
131 131 2148663944356
131 262 537165986089
131 393 358110657392
131 524 268582993044
131 655 214866394435
131 786 119370219130
131 917 153475996025
131 1048 134291496522
131 1179 119370219130
131 1310 71622131478
131 1441 97666542925
131 1572 59685109565
131 1703 82640920936
131 1834 51158665341
131 1965 47748087652
131 2096 67145748261
131 2227 63195998363
131 2358 39790073043
131 2489 56543788009
131 2620 35811065739
131 2751 34105776894
131 2882 32555514308
131 3013 46710085746
131 3144 29842554782
131 3275 42973278887
131 3406 35744322573
131 3537 39790073043
131 3668 25579332670
131 3799 37045930075
131 3930 29387959321
131 4061 34655870070
131 4192 36167051958
131 4323 28841796089
131 4454 36276261783
131 4585 36454088992
131 4716 19895036521
131 4847 29035999248
131 4978 18847929336
131 5109 33810929603
131 5240 25043652753
131 5371 34444929579
131 5502 31598045723
131 5633 29355310108
131 5764 23536078538
131 5895 50501051815
131 6026 23162744176
131 6157 22858127067
131 6288 22835718223
131 6419 29144710315
131 6550 35394147057
131 6681 36690848569
131 6812 30842286918
131 6943 14370454648
131 7074 21177798513
131 7205 27656749085
131 7336 26218351563
131 7467 26376685602
131 7598 23005242944
131 7729 -8075956345
131 7860 30611470512
131 7991 17428061515
131 8122 15680300151
131 8253 26579521294
131 8384 23379703850
137 137 2054561873800
137 274 513640468450
137 411 342426978966
137 548 256820234225
137 685 205456187380
137 822 114142326322
137 959 146754419557
137 1096 128410117112
137 1233 114142326322
137 1370 68485395793
137 1507 93389176081
137 1644 57071163161
137 1781 79021610530
137 1918 48918139852
137 2055 45656930528
137 2192 64205058556
137 2329 60428290405
137 2466 46098338815
137 2603 54067417731
137 2740 34242697896
137 2877 32612093234
137 3014 31129725360
137 3151 44664388560
137 3288 37064385400
137 3425 41091237476
137 3562 34772975061
137 3699 38047442107
137 3836 32509966634
137 3973 48222255609
137 4110 41406801093
137 4247 33138094738
137 4384 36449152859
137 4521 29005615790
137 4658 27644000562
137 4795 19796415400
137 4932 49169542125
137 5069 27764349645
137 5206 26551276397
137 5343 38945501407
137 5480 25373814498
137 5617 28883108091
137 5754 44307250231
137 5891 28157929577
137 6028 28758416838
137 6165 45100195179
137 6302 29949225260
137 6439 36894833912
137 6576 41860864093
137 6713 29029215008
137 6850 35841299830
137 6987 34346582445
137 7124 40271178506
137 7261 27812831896
137 7398 28866235490
137 7535 28866237334
137 7672 28414722693
137 7809 32715392521
137 7946 37390548153
137 8083 21739087512
137 8220 32852400858
137 8357 16680834503
137 8494 15217092579
139 139 2024999832450
139 278 506249958112
139 417 337499972075
139 556 253124979056
139 695 202499983245
139 834 112499990691
139 973 144642845175
139 1112 126562489528
139 1251 112499990691
139 1390 67499994415
139 1529 92045446929
139 1668 56249995345
139 1807 77884608940
139 1946 48214281725
139 2085 58351425996
139 2224 63281244764
139 2363 59558818601
139 2502 85338977099
139 2641 53289469275
139 2780 53268859089
139 2919 40740259773
139 3058 38844624743
139 3197 52296130717
139 3336 41841203240
139 3475 40499996649
139 3614 33955008651
139 3753 55932615591
139 3892 40741261980
139 4031 34913790214
139 4170 49093340347
139 4309 32661287620
139 4448 62713732376
139 4587 37088664880
139 4726 36492940931
139 4865 35996169108
139 5004 42565233280
139 5143 47962724310
139 5282 34342647341
139 5421 42341670837
139 5560 50411417695
139 5699 33043775483
139 5838 42930266734
139 5977 23789807628
139 6116 31341046267
139 6255 41645468690
139 6394 28815786180
139 6533 25539287578
139 6672 29936348914
139 6811 26948717917
139 6950 35333467790
139 7089 31271789650
139 7228 35275195998
139 7367 15756668106
139 7506 31970645348
139 7645 36373674053
139 7784 35104649862
139 7923 35784748961
139 8062 33536249551
139 8201 11795076586
139 8340 31299379236
139 8479 21728666820
149 149 1889093803427
149 298 472273450856
149 447 314848967237
149 596 236136725428
149 745 188909380342
149 894 104949655745
149 1043 134935271673
149 1192 118068362714
149 1341 104949655745
149 1490 62969793447
149 1639 85867900155
149 1788 52474827872
149 1937 72657453977
149 2086 44978423891
149 2235 70242488152
149 2384 61664416057
149 2533 55561582453
149 2682 34983218581
149 2831 49712994827
149 2980 45107361697
149 3129 38328641943
149 3278 52332425899
149 3427 41067256596
149 3576 34405670654
149 3725 62376202290
149 3874 54447034555
149 4023 34983218581
149 4172 35917938063
149 4321 59178626848
149 4470 40998852042
149 4619 30469254893
149 4768 32078863293
149 4917 52474876716
149 5066 34693152950
149 5215 41701162070
149 5364 46656961582
149 5513 36508868482
149 5662 42865529132
149 5811 38132145975
149 5960 48549652070
149 6109 29199531026
149 6258 34489371545
149 6407 30052519749
149 6556 37734799850
149 6705 39587520430
149 6854 32936893609
149 7003 26824258096
149 7152 28535895264
149 7301 19629562070
149 7450 41802675388
149 7599 30015263998
149 7748 29155685682
149 7897 27553500923
149 8046 30583133645
149 8195 32214491747
149 8344 31381603938
149 8493 24270965008
151 151 1864072693448
151 302 466018173362
151 453 310678782241
151 604 233009086681
151 755 186407269344
151 906 103559594080
151 1057 133148049532
151 1208 116504543340
151 1359 103559594080
151 1510 62135756448
151 1661 84730576974
151 1812 51779797040
151 1963 71695103594
151 2114 44382683177
151 2265 41423837632
151 2416 58252271670
151 2567 54825667454
151 2718 48021563489
151 2869 49054544564
151 3020 31067878224
151 3171 29588455451
151 3322 36399892630
151 3473 40523319422
151 3624 33576351344
151 3775 37281453868
151 3926 31584820688
151 4077 34519864693
151 4228 38540317962
151 4379 46395438433
151 4530 38571064647
151 4681 30065688604
151 4832 43382389899
151 4983 34246205401
151 5134 34624704168
151 5285 25254310364
151 5436 47255993540
151 5587 25190171533
151 5738 39162877602
151 5889 46377599703
151 6040 31275505778
151 6191 22564793619
151 6342 32214622400
151 6493 24181095010
151 6644 37650196485
151 6795 41907276724
151 6946 21997809670
151 7097 38290013955
151 7248 36005198778
151 7399 22848625417
151 7550 26905570291
151 7701 32336686408
151 7852 34157221045
151 8003 15854556264
151 8154 24632211522
151 8305 26368001049
151 8456 18954610638
157 157 1792834246564
157 314 448208561641
157 471 298805707760
157 628 224104280820
157 785 179283424656
157 942 99601902586
157 1099 128059589040
157 1256 112052140410
157 1413 99601902586
157 1570 59761141552
157 1727 81492465752
157 1884 71978303121
157 2041 68955163329
157 2198 42686529680
157 2355 39840761034
157 2512 56026070205
157 2669 52730419016
157 2826 57331535251
157 2983 47179848593
157 3140 32856221260
157 3297 44593344061
157 3454 27164155250
157 3611 38974657534
157 3768 32472670388
157 3925 50711548943
157 4082 33608656979
157 4239 41105606130
157 4396 29663826062
157 4553 30910935285
157 4710 41356881925
157 4867 28916681396
157 5024 28013035102
157 5181 51914047333
157 5338 25179824126
157 5495 32835472036
157 5652 50184663448
157 5809 29503812262
157 5966 24901270801
157 6123 24740925876
157 6280 44671413568
157 6437 24283676675
157 6594 24327177854
157 6751 31705037686
157 6908 28676030313
157 7065 27915667552
157 7222 26051792608
157 7379 37633837695
157 7536 20608080199
157 7693 9003575145
157 7850 35625537284
157 8007 22584375072
157 8164 33702062362
157 8321 30205399879
157 8478 25868429658
163 163 1726840347918
163 326 431710086979
163 489 287806724653
163 652 215855043489
163 815 172684034791
163 978 95935574884
163 1141 123345739137
163 1304 107927521744
163 1467 95935574884
163 1630 57561344930
163 1793 78492743087
163 1956 47967787442
163 2119 66416936458
163 2282 81101074751
163 2445 46705355483
163 2608 53963760872
163 2771 50789421997
163 2934 44595400573
163 3097 49257319214
163 3260 84148993999
163 3423 65470328972
163 3586 42201324279
163 3749 41700288174
163 3912 56034770457
163 4075 38598634394
163 4238 37902287381
163 4401 64348493177
163 4564 41146711797
163 4727 33587261610
163 4890 37084648365
163 5053 36257562552
163 5216 45165053461
163 5379 50578357895
163 5542 41183152424
163 5705 32483175135
163 5868 46174681170
163 6031 38101360827
163 6194 38335983420
163 6357 38906005322
163 6520 35327773066
163 6683 25280144509
163 6846 34664941832
163 7009 32120918236
163 7172 35650997095
163 7335 36833421674
163 7498 24095455470
163 7661 28237331829
163 7824 32845390538
163 7987 16388755062
163 8150 29911623444
163 8313 32066537677
163 8476 34348372644
167 167 1685478902459
167 334 421369725614
167 501 280913150409
167 668 210684862807
167 835 168547890245
167 1002 93637716803
167 1169 120391350175
167 1336 105342431403
167 1503 93637716803
167 1670 56182630081
167 1837 76612677384
167 2004 54077179785
167 2171 64826111633
167 2338 40130450058
167 2505 37455086721
167 2672 52671215701
167 2839 49572908895
167 3006 53100349775
167 3173 44354707959
167 3340 36331644612
167 3507 57659351278
167 3674 25537559128
167 3841 36640845705
167 4008 31095882024
167 4175 33709578049
167 4342 29180898619
167 4509 31212572267
167 4676 20065225029
167 4843 29059981076
167 5010 36715792086
167 5177 31028370000
167 5344 26335607850
167 5511 31938311770
167 5678 31637726009
167 5845 47662752445
167 6012 34459814007
167 6179 26619968337
167 6346 22033834231
167 6513 36293580093
167 6680 32981941620
167 6847 23308353396
167 7014 28401924325
167 7181 25925308708
167 7348 21009109136
167 7515 38116871501
167 7682 41275383932
167 7849 17930626621
167 8016 26418046139
167 8183 19646703334
167 8350 32971314005
173 173 1627022986766
173 346 406755746691
173 519 271170497794
173 692 203377873345
173 865 162702298676
173 1038 90390165931
173 1211 116215927626
173 1384 101688936672
173 1557 90390165931
173 1730 54234099558
173 1903 73955590307
173 2076 69833220821
173 2249 62577807183
173 2422 38738642542
173 2595 36156066372
173 2768 50844468336
173 2941 47853617257
173 3114 30130055310
173 3287 42816394388
173 3460 42324679505
173 3633 50427455666
173 3806 24651863435
173 3979 35370064929
173 4152 30347149230
173 4325 36326557106
173 4498 20859269061
173 4671 47976077674
173 4844 22120430497
173 5017 32196664920
173 5190 36369969478
173 5363 30199526654
173 5536 30984017797
173 5709 32295859283
173 5882 32258370848
173 6055 15495457016
173 6228 36915612401
173 6401 31186351588
173 6574 34507306432
173 6747 21478374116
173 6920 40531884460
173 7093 19841743741
173 7266 39456083053
173 7439 38879623148
173 7612 27989980297
173 7785 23175589382
173 7958 40010358492
173 8131 14197613833
173 8304 27089096753
173 8477 18421918275
179 179 1572485903411
179 358 393121475852
179 537 262080983901
179 716 196560737926
179 895 157248590341
179 1074 87360327967
179 1253 112320421672
179 1432 98280368963
179 1611 87360327967
179 1790 52416196780
179 1969 71476631973
179 2148 50127046149
179 2327 71121755033
179 2506 50784863185
179 2685 59404114020
179 2864 49140184481
179 3043 47778155905
179 3222 49265480490
179 3401 53611199401
179 3580 39552821018
179 3759 41514108898
179 3938 32065873563
179 4117 44492726978
179 4296 37432039585
179 4475 45679246463
179 4654 41860430636
179 4833 57861714109
179 5012 43822754012
179 5191 40072104384
179 5370 45995671927
179 5549 29519518672
179 5728 35191887088
179 5907 46063037720
179 6086 41525440823
179 6265 41972191661
179 6444 30961918311
179 6623 36613485019
179 6802 42409137642
179 6981 39703899062
179 7160 37861545169
179 7339 54942590348
179 7518 34225160799
179 7697 18073993690
179 7876 32240544295
179 8055 32264545362
179 8234 36297258450
179 8413 33482604062
181 181 1555110368567
181 362 388777592141
181 543 259185061427
181 724 194388796070
181 905 155511036856
181 1086 86395020475
181 1267 111079312040
181 1448 97194398035
181 1629 86395020475
181 1810 51837012285
181 1991 74925431083
181 2172 43197510237
181 2353 59811937252
181 2534 52278668918
181 2715 43093358652
181 2896 52576903640
181 3077 45738540251
181 3258 42434240084
181 3439 47494353694
181 3620 54690437572
181 3801 29842999192
181 3982 63326378271
181 4163 33806747142
181 4344 46763589154
181 4525 62413802548
181 4706 37056745501
181 4887 48680390138
181 5068 18513218673
181 5249 26812247733
181 5430 34867530638
181 5611 38679683795
181 5792 32421228795
181 5973 47416715104
181 6154 41565737173
181 6335 38961237582
181 6516 41397244603
181 6697 21015004980
181 6878 40621624051
181 7059 36836054271
181 7240 35814502431
181 7421 25312708640
181 7602 35772845008
181 7783 33735202636
181 7964 35634412879
181 8145 34557660074
181 8326 26069071367
191 191 1473690977542
191 382 368422744385
191 573 245615162923
191 764 184211372192
191 955 147369097754
191 1146 81871720974
191 1337 105263641253
191 1528 92105686096
191 1719 81871720974
191 1910 49123032584
191 2101 66985953524
191 2292 56434316491
191 2483 56680422213
191 2674 35087880417
191 2865 40652854551
191 3056 46052843048
191 3247 47500695091
191 3438 35194739820
191 3629 50828282941
191 3820 32216467260
191 4011 39377996776
191 4202 37986255240
191 4393 56787898971
191 4584 36906365257
191 4775 29473819550
191 4966 50374400701
191 5157 31456136423
191 5348 50841657759
191 5539 25408465130
191 5730 45232407671
191 5921 26917192627
191 6112 23026421524
191 6303 41902635020
191 6494 38120390647
191 6685 29692756233
191 6876 29143742833
191 7067 27804841555
191 7258 44165425041
191 7449 28165041180
191 7640 30893283880
191 7831 16564220962
191 8022 32019654110
191 8213 47729410865
191 8404 25998482053
193 193 1458419568448
193 386 364604892112
193 579 243069928074
193 772 182302446056
193 965 145841956844
193 1158 81023309358
193 1351 104172826317
193 1544 91151223028
193 1737 81023309358
193 1930 48613985614
193 2123 66291798565
193 2316 40511654679
193 2509 56093060324
193 2702 34724275439
193 2895 32409323743
193 3088 45575611514
193 3281 42894693189
193 3474 34266091170
193 3667 38379462327
193 3860 61305602489
193 4053 30964613345
193 4246 30206418300
193 4439 31704773227
193 4632 28070923725
193 4825 32954488739
193 5018 56511439088
193 5211 27007769786
193 5404 25471289831
193 5597 37097847655
193 5790 46352291096
193 5983 23522896265
193 6176 26745026173
193 6369 26939208798
193 6562 41848202765
193 6755 41427215352
193 6948 25711582899
193 7141 27018461900
193 7334 27073817499
193 7527 26812922776
193 7720 34467120417
193 7913 26347181723
193 8106 20552730107
193 8299 20402126019
193 8492 30782148565
197 197 1428806988378
197 394 357201747094
197 591 238134498063
197 788 178600873547
197 985 142880698837
197 1182 79378166021
197 1379 102057642027
197 1576 89300436773
197 1773 79378166021
197 1970 47626899612
197 2167 64945772199
197 2364 42503070704
197 2561 54954114937
197 2758 36846572987
197 2955 39610206252
197 3152 44650218386
197 3349 42023734952
197 3546 34274485059
197 3743 53313599483
197 3940 31416467594
197 4137 22679476006
197 4334 24462578427
197 4531 31061021486
197 4728 19844541505
197 4925 28576139767
197 5122 26176978156
197 5319 26459388673
197 5516 32113861886
197 5713 28385221794
197 5910 47278676991
197 6107 26892398252
197 6304 26126618087
197 6501 45026806809
197 6698 27715319256
197 6895 28924019083
197 7092 16057053314
197 7289 23215750738
197 7486 20392334478
197 7683 27180067676
197 7880 33884225394
197 8077 32819603303
197 8274 29065914911
197 8471 18021028595
199 199 1414447119149
199 398 353611779787
199 597 235741186524
199 796 176805889893
199 995 141444711914
199 1194 78580395508
199 1393 101031937082
199 1592 88402944946
199 1791 78580395508
199 1990 47148237304
199 2189 64293050870
199 2388 55323782196
199 2587 54401812274
199 2786 41280330148
199 2985 46915480923
199 3184 44201472473
199 3383 45476189731
199 3582 34008561555
199 3781 37222292609
199 3980 31323726400
199 4179 36676144689
199 4378 29003211698
199 4577 50933627901
199 4776 33504677249
199 4975 28288942382
199 5174 45912058718
199 5373 34079102422
199 5572 46628586790
199 5771 38397530764
199 5970 33123964000
199 6169 19375960066
199 6368 45406256044
199 6567 29770667357
199 6766 47834893340
199 6965 35791893016
199 7164 21264989302
199 7363 28355320182
199 7562 32214825419
199 7761 26374747473
199 7960 32151019202
199 8159 19330730406
199 8358 30186220601
211 211 1334004628960
211 422 333501157240
211 633 222334104826
211 844 166750578620
211 1055 133400462896
211 1266 74111368275
211 1477 95286044925
211 1688 83375289310
211 1899 74111368275
211 2110 44466820965
211 2321 60636574043
211 2532 37055684137
211 2743 58818288443
211 2954 31762014975
211 3165 67027586388
211 3376 41687644655
211 3587 41667702215
211 3798 38899416919
211 4009 35105384972
211 4220 22233410482
211 4431 29149979810
211 4642 25076735251
211 4853 29000100629
211 5064 41673288638
211 5275 26680092579
211 5486 17102623448
211 5697 28823954211
211 5908 30901843685
211 6119 42682741770
211 6330 45564359905
211 6541 17726526233
211 6752 24963987113
211 6963 40433438650
211 7174 21053779914
211 7385 12704805990
211 7596 37430324874
211 7807 22903643028
211 8018 24234609042
211 8229 25597376459
211 8440 32286201445
223 223 1262219626505
223 446 315554906626
223 669 210369937750
223 892 157777453313
223 1115 126221962650
223 1338 70123312583
223 1561 90158544750
223 1784 78888726656
223 2007 70123312583
223 2230 42073987550
223 2453 57373619386
223 2676 35061656291
223 2899 48546908711
223 3122 30052848250
223 3345 28049325033
223 3568 39444363328
223 3791 37124106661
223 4014 23374437527
223 4237 33216305960
223 4460 21036993775
223 4683 20035232166
223 4906 19124539795
223 5129 27439557097
223 5352 17530828145
223 5575 25244392530
223 5798 55880722263
223 6021 30432373971
223 6244 15026424125
223 6467 21762407353
223 6690 20681902164
223 6913 20358381072
223 7136 19722181664
223 7359 26865566085
223 7582 19150305738
223 7805 18796742818
223 8028 11687218763
223 8251 17057021979
223 8474 11072101986
227 227 1239977870972
227 454 309994467743
227 681 206662978495
227 908 154997233871
227 1135 123997787097
227 1362 68887659498
227 1589 88569847926
227 1816 77498616935
227 2043 68887659498
227 2270 49653156921
227 2497 56362630498
227 2724 42494726457
227 2951 47691456575
227 3178 44658154204
227 3405 35669078621
227 3632 51566575484
227 3859 69869524978
227 4086 57686351942
227 4313 45448263621
227 4540 43333070753
227 4767 42348961332
227 4994 53323470118
227 5221 42449707736
227 5448 51622376954
227 5675 38619469380
227 5902 24011167013
227 6129 45476440059
227 6356 37940348579
227 6583 47537603085
227 6810 40553531933
227 7037 33673827068
227 7264 38752476265
227 7491 32032127201
227 7718 34667730293
227 7945 35515601659
227 8172 34287603853
227 8399 23994381577
229 229 1229148369915
229 458 307287092478
229 687 204858061652
229 916 153643546239
229 1145 122914836991
229 1374 68286020550
229 1603 87796312136
229 1832 76821773119
229 2061 68286020550
229 2290 40971612330
229 2519 55870380450
229 2748 42202468745
229 2977 51338414375
229 3206 29265437378
229 3435 42906365814
229 3664 38410886559
229 3893 36151422644
229 4122 30871091318
229 4351 32346009734
229 4580 36785594207
229 4809 27637245727
229 5038 48049219742
229 5267 26720616737
229 5496 32663462731
229 5725 28612696633
229 5954 37264751430
229 6183 26882171636
229 6412 44250594072
229 6641 21192213274
229 6870 28741883725
229 7099 28493403408
229 7328 29958662777
229 7557 27631504167
229 7786 34895877096
229 8015 35363798322
229 8244 24355365280
229 8473 16722047277
233 233 1208047110346
233 466 302011777586
233 699 201341185057
233 932 151005888793
233 1165 120804711034
233 1398 67113728352
233 1631 86289079310
233 1864 75502944396
233 2097 91590630408
233 2330 40268237011
233 2563 58974709359
233 2796 63950456184
233 3029 50701946546
233 3262 36021347820
233 3495 43237124471
233 3728 41642782282
233 3961 47594333925
233 4194 44790462868
233 4427 31790713430
233 4660 34893676983
233 4893 59862381645
233 5126 52479766923
233 5359 30500489852
233 5592 48066502868
233 5825 49887693294
233 6058 31184844465
233 6291 26000403476
233 6524 36800733302
233 6757 32891935016
233 6990 36471901077
233 7223 25801942844
233 7456 33832509962
233 7689 25335972036
233 7922 27884994095
233 8155 30585920683
233 8388 24979762798
239 239 1177719567827
239 478 294429891956
239 717 196286594637
239 956 147214945978
239 1195 117771956782
239 1434 65428864879
239 1673 84122826273
239 1912 73607472989
239 2151 65428864879
239 2390 47413685899
239 2629 83937941707
239 2868 48656611179
239 3107 49667752093
239 3346 44288476695
239 3585 26171545951
239 3824 40784032319
239 4063 38619106643
239 4302 50951835680
239 4541 30992620205
239 4780 42578298323
239 5019 34519627526
239 5258 37822890180
239 5497 33726366602
239 5736 23441191073
239 5975 23554391356
239 6214 38125122412
239 6453 37154546342
239 6692 35071517467
239 6931 40568685791
239 7170 39010141711
239 7409 38558460362
239 7648 36872580993
239 7887 11896157250
239 8126 37275896003
239 8365 33569208065
241 241 1167945961455
241 482 291986490363
241 723 194657660242
241 964 145993245181
241 1205 116794596145
241 1446 64885886747
241 1687 95977657669
241 1928 72996622590
241 2169 72919073886
241 2410 38931532048
241 2651 65416690296
241 2892 57099418379
241 3133 71103543562
241 3374 27808237177
241 3615 34194684271
241 3856 48452474737
241 4097 38659308573
241 4338 60101630838
241 4579 50220438212
241 4820 56843556406
241 5061 33646095667
241 5302 50249290175
241 5543 47035770546
241 5784 48822799538
241 6025 42643351825
241 6266 43655743643
241 6507 40566836352
241 6748 43353446080
241 6989 41257142820
241 7230 30301193454
241 7471 22630674874
241 7712 33838585692
241 7953 33109998263
241 8194 26517671463
241 8435 32440506081
251 251 1121414249843
251 502 280353562460
251 753 186902374973
251 1004 140176781230
251 1255 112141424984
251 1506 62300791657
251 1757 80101017845
251 2008 70088390615
251 2259 62300791657
251 2510 37380474994
251 2761 50973374992
251 3012 31150395828
251 3263 43131317301
251 3514 26700339281
251 3765 24920316663
251 4016 35044195307
251 4267 32982772054
251 4518 20766930552
251 4769 29510901311
251 5020 18690237497
251 5271 17800226187
251 5522 16991124997
251 5773 24378570648
251 6024 47812270510
251 6275 22428284996
251 6526 14377105767
251 6777 20766930552
251 7028 13350169640
251 7279 19334728445
251 7530 9345118748
251 7781 18087326610
251 8032 17522097653
251 8283 11327416665
257 257 1095233372415
257 514 273808343103
257 771 182538895402
257 1028 136904171551
257 1285 109523337241
257 1542 60846298467
257 1799 78230955172
257 2056 68452085775
257 2313 60846298467
257 2570 36507779080
257 2827 87779152151
257 3084 30423149233
257 3341 42124360477
257 3598 26076985057
257 3855 32447671499
257 4112 38251491241
257 4369 32212746247
257 4626 20282099489
257 4883 28821930853
257 5140 26068985926
257 5397 17384656705
257 5654 32460438130
257 5911 23809421139
257 6168 23320726728
257 6425 25812215641
257 6682 14041453492
257 6939 24307547843
257 7196 27234120022
257 7453 43784712602
257 7710 20849589349
257 7967 17665054393
257 8224 38777985290
257 8481 25258590851
263 263 1070247059736
263 526 267561764934
263 789 178374509956
263 1052 133780882467
263 1315 107024705973
263 1578 59458169985
263 1841 76446218552
263 2104 66890441233
263 2367 59458169985
263 2630 43611763335
263 2893 64515266910
263 3156 42335519566
263 3419 79762014702
263 3682 33418934194
263 3945 28761371370
263 4208 66733526234
263 4471 31477854698
263 4734 24488963225
263 4997 30653447996
263 5260 49572797567
263 5523 32719741941
263 5786 49832977951
263 6049 54314743833
263 6312 34865954154
263 6575 29270787881
263 6838 33413997662
263 7101 22308441683
263 7364 37750368959
263 7627 26318382199
263 7890 25773076815
263 8153 17262049350
263 8416 19057396923
269 269 1046375378106
269 538 261593844526
269 807 174395896351
269 1076 130796922263
269 1345 104637537810
269 1614 58131965450
269 1883 74741098436
269 2152 65398461131
269 2421 58131965450
269 2690 34879179270
269 2959 47562517186
269 3228 29065982725
269 3497 40245206850
269 3766 24913699478
269 4035 30390906064
269 4304 32699230565
269 4573 30775746414
269 4842 26244263126
269 5111 27536194160
269 5380 24688521213
269 5649 56459349211
269 5918 23103103973
269 6187 22747290828
269 6456 21671111246
269 6725 20927507562
269 6994 20282010260
269 7263 19377321816
269 7532 19323791049
269 7801 21665420583
269 8070 8719794817
269 8339 20446082169
271 271 1038653050592
271 542 259663262648
271 813 173108841765
271 1084 129831631324
271 1355 103865305059
271 1626 57702947255
271 1897 74189503613
271 2168 64915815662
271 2439 57702947255
271 2710 42276719321
271 2981 47211502299
271 3252 35989593511
271 3523 39948194253
271 3794 31596775847
271 4065 23539918328
271 4336 32457907831
271 4607 30548619135
271 4878 25818832917
271 5149 34729510441
271 5420 24449004060
271 5691 16486556358
271 5962 22321684599
271 6233 25871672726
271 6504 21292678123
271 6775 45441370209
271 7046 20183006061
271 7317 19463685464
271 7588 19231858578
271 7859 42489491322
271 8130 30014644289
271 8401 16752468557
277 277 1016155150579
277 554 254038787644
277 831 169359191763
277 1108 127019393822
277 1385 101615515057
277 1662 71294711093
277 1939 80623859530
277 2216 66086591610
277 2493 56453063921
277 2770 61103367840
277 3047 46188870480
277 3324 41035272326
277 3601 52957070692
277 3878 72243746784
277 4155 36640089804
277 4432 63705547090
277 4709 39933620995
277 4986 18817687973
277 5263 37982051761
277 5540 32280052784
277 5817 39867095352
277 6094 43968501677
277 6371 26019799282
277 6648 36813852996
277 6925 42125377838
277 7202 27510002731
277 7479 39646374129
277 7756 26359938237
277 8033 33488760630
277 8310 30336723828
281 281 1001690308578
281 562 250422577144
281 843 166948384763
281 1124 125211288572
281 1405 100169030857
281 1686 55649461587
281 1967 71549307755
281 2248 62605644286
281 2529 59476937071
281 2810 41204773338
281 3091 49438925855
281 3372 51562379311
281 3653 46567899104
281 3934 40489802373
281 4215 31084721371
281 4496 31302822143
281 4777 46743371242
281 5058 54258600107
281 5339 33715428591
281 5620 46261345336
281 5901 23554797135
281 6182 29887440513
281 6463 49421085318
281 6744 41890515784
281 7025 31801431852
281 7306 39598262550
281 7587 35111698248
281 7868 35433526884
281 8149 37137188932
281 8430 32117663560
283 283 994611225125
283 566 248652806281
283 849 165768537520
283 1132 124326403140
283 1415 99461122512
283 1698 55256179173
283 1981 71043658937
283 2264 62163201570
283 2547 55256179173
283 2830 40756725292
283 3113 45209601142
283 3396 80692656762
283 3679 53478619214
283 3962 72352026576
283 4245 30258838641
283 4528 34883109679
283 4811 29253271327
283 5094 26575093363
283 5377 26173979608
283 5660 48262647037
283 5943 45707446230
283 6226 23226234019
283 6509 21621983154
283 6792 35646813911
283 7075 41409765323
283 7358 35052496117
283 7641 22496909877
283 7924 34137635960
283 8207 28447487186
283 8490 32235567821
293 293 960665449524
293 586 240166362381
293 879 160110908254
293 1172 120083181190
293 1465 96066544952
293 1758 53370302751
293 2051 68618960680
293 2344 60041590595
293 2637 53370302751
293 2930 32022181650
293 3223 43666611342
293 3516 33823271259
293 3809 36948671135
293 4102 22872986893
293 4395 35372656196
293 4688 30020795297
293 4981 35617806739
293 5274 32515982071
293 5567 28849729666
293 5860 30035625921
293 6153 29974539082
293 6446 46855184832
293 6739 20884031511
293 7032 13342575687
293 7325 22782368932
293 7618 12316223711
293 7911 17790100917
293 8204 37036623029
293 8497 23575464953
307 307 916856601663
307 614 229214150415
307 921 152809433610
307 1228 114607075207
307 1535 91685660166
307 1842 50936477870
307 2149 65489757261
307 2456 57303537603
307 2763 50936477870
307 3070 53648227230
307 3377 53218470329
307 3684 62909265045
307 3991 42653615310
307 4298 44658553953
307 4605 57059492046
307 4912 54302071042
307 5219 56173261826
307 5526 38965358470
307 5833 35107428408
307 6140 48488571623
307 6447 37381914257
307 6754 27805490093
307 7061 34083611185
307 7368 27945048463
307 7675 29811172264
307 7982 38646815252
307 8289 31596196097
311 311 905064233796
311 622 226266058449
311 933 150844038966
311 1244 113133029224
311 1555 90506423379
311 1866 50281346322
311 2177 64647445271
311 2488 56566514612
311 2799 50281346322
311 3110 37823758761
311 3421 41139283354
311 3732 32795624129
311 4043 34810162838
311 4354 37118540223
311 4665 59246977229
311 4976 35782465149
311 5287 55224961674
311 5598 23844423628
311 5909 27774700252
311 6220 15084403896
311 6531 21450073803
311 6842 20297611617
311 7153 23217296857
311 7464 19154853746
311 7775 34302433064
311 8086 37907369852
311 8397 16760448774
313 313 899281075752
313 626 224820268938
313 939 149880179292
313 1252 112410134469
313 1565 89928107575
313 1878 49960059764
313 2191 64234362553
313 2504 56205067234
313 2817 53951102577
313 3130 45042096338
313 3443 51957514499
313 3756 24980029882
313 4069 38613182036
313 4382 37252479654
313 4695 63902828575
313 5008 39157567780
313 5321 48208217145
313 5634 43207784376
313 5947 38262313057
313 6260 46464955737
313 6573 39736804561
313 6886 33567582828
313 7199 31247261200
313 7512 33259565671
313 7825 39429671761
313 8138 26552232917
313 8451 27828981501
317 317 887933680475
317 634 221983420118
317 951 147988946745
317 1268 110991710059
317 1585 88793368047
317 1902 89488489319
317 2219 102548512983
317 2536 86611371970
317 2853 77792209725
317 3170 74932298829
317 3487 81592321324
317 3804 47821267787
317 4121 34151295402
317 4438 51994787436
317 4755 59781411895
317 5072 39700128064
317 5389 40668405844
317 5706 44639600517
317 6023 40165816207
317 6340 42932954041
317 6657 34457912846
317 6974 39264667123
317 7291 32821574202
317 7608 37309582373
317 7925 34018148417
317 8242 31428026388
331 331 850377573143
331 662 212594393285
331 993 141729595523
331 1324 106297196642
331 1655 85037757314
331 1986 67445964411
331 2317 60741255224
331 2648 53148598321
331 2979 94813040542
331 3310 42678825536
331 3641 75499497403
331 3972 43824365157
331 4303 62964301774
331 4634 59052109793
331 4965 53815265369
331 5296 29866557743
331 5627 47925601562
331 5958 46172798318
331 6289 39101927885
331 6620 41915465898
331 6951 42586293699
331 7282 34974975787
331 7613 29721391266
331 7944 38009672993
331 8275 32157929704
337 337 835237319616
337 674 208809329904
337 1011 139206219936
337 1348 104404664952
337 1685 83523731961
337 2022 85019268612
337 2359 87728954776
337 2696 76314258292
337 3033 74021402720
337 3370 89357958014
337 3707 37965332709
337 4044 60485511168
337 4381 60528619094
337 4718 57297463726
337 5055 25809760902
337 5392 48095637124
337 5729 32213046946
337 6066 41353276976
337 6403 51591794198
337 6740 37089835137
337 7077 43490542212
337 7414 30116512067
337 7751 27888870967
337 8088 33115227294
337 8425 31863107082
347 347 811167079857
347 694 202791769964
347 1041 135194513309
347 1388 101395884982
347 1735 81116707985
347 2082 52148812623
347 2429 57940505704
347 2776 62017777038
347 3123 45064837769
347 3470 42062210943
347 3817 51992574343
347 4164 67964388042
347 4511 63975881232
347 4858 55820503467
347 5205 26182302079
347 5552 29427154731
347 5899 44444842555
347 6246 30261954415
347 6593 35077451705
347 6940 28206443972
347 7287 34982951070
347 7634 26998831106
347 7981 25286784943
347 8328 25225887148
349 349 806518557910
349 698 201629639477
349 1047 134419759651
349 1396 100814819738
349 1745 80651855791
349 2094 61080832052
349 2443 61237629114
349 2792 50407409869
349 3141 44806586550
349 3490 79255873854
349 3839 60569698186
349 4188 61593463392
349 4537 50799247386
349 4886 34320084035
349 5235 57067430903
349 5584 28989802305
349 5933 31557947577
349 6282 42384802586
349 6631 46229197189
349 6980 28873110551
349 7329 35029981076
349 7678 39880500800
349 8027 26489665948
349 8376 30835823987
353 353 797379537423
353 706 199344884355
353 1059 132896589570
353 1412 99672442177
353 1765 79737953742
353 2118 52224498422
353 2471 80602240332
353 2824 99605252467
353 3177 48619267216
353 3530 71577365321
353 3883 44561304063
353 4236 66396766377
353 4589 54165557001
353 4942 55420614960
353 5295 40994896690
353 5648 53005308092
353 6001 42646800906
353 6354 37326466324
353 6707 35619602896
353 7060 29923218227
353 7413 33498659308
353 7766 27807632018
353 8119 28411779156
353 8472 33246782729
359 359 784052859918
359 718 196013214979
359 1077 130675476653
359 1436 98006607489
359 1795 78405285991
359 2154 43558492217
359 2513 56003775708
359 2872 49003303744
359 3231 43558492217
359 3590 26135095330
359 3949 46580503829
359 4308 29594342494
359 4667 34063427420
359 5026 40551400176
359 5385 56501279769
359 5744 31563986795
359 6103 50486010011
359 6462 36459263637
359 6821 20632969997
359 7180 34951022605
359 7539 12445283490
359 7898 26004258632
359 8257 24106962312
367 367 766961789402
367 734 191740447350
367 1101 127826964900
367 1468 95870223675
367 1835 76696178940
367 2202 42608988300
367 2569 69821307338
367 2936 51477099264
367 3303 86111796846
367 3670 47215970626
367 4037 46972473127
367 4404 36704665916
367 4771 29498530361
367 5138 56331839691
367 5505 49540297234
367 5872 46289179695
367 6239 34668273297
367 6606 35853573746
367 6973 35646625393
367 7340 34691084534
367 7707 26046846293
367 8074 31778414198
367 8441 28384274678
373 373 754624602441
373 746 188656150610
373 1119 125770767073
373 1492 102187910173
373 1865 79453503057
373 2238 57027843906
373 2611 110159457351
373 2984 51402633801
373 3357 86692293498
373 3730 60407765008
373 4103 63937251920
373 4476 50853403976
373 4849 29024023170
373 5222 44677688815
373 5595 16769435609
373 5968 42898598291
373 6341 41688189426
373 6714 36433137024
373 7087 34296715145
373 7460 20559162333
373 7833 33142368912
373 8206 30041868675
379 379 742678038814
379 758 185669509703
379 1137 123779673135
379 1516 92834754851
379 1895 74267803881
379 2274 41259891045
379 2653 53048431343
379 3032 46417377425
379 3411 41259891045
379 3790 32571031013
379 4169 44163576526
379 4548 20629945522
379 4927 38970023807
379 5306 17682810447
379 5685 16503956418
379 6064 23208688712
379 6443 21843471729
379 6822 13753297015
379 7201 44568806137
379 7580 12377967313
379 7959 19603636684
379 8338 37674022785
383 383 734921610210
383 766 183730402552
383 1149 122486935035
383 1532 91865201276
383 1915 73492161021
383 2298 48743419177
383 2681 52494400729
383 3064 49889821054
383 3447 51779403668
383 3830 38897000559
383 4213 72247602730
383 4596 27915726266
383 4979 32016834324
383 5362 57273176882
383 5745 16331591338
383 6128 30166107095
383 6511 21615341476
383 6894 21524100280
383 7277 23090660920
383 7660 20163134335
383 8043 26065035936
383 8426 11135175912
389 389 723586058382
389 778 180896514595
389 1167 120597676397
389 1556 90448257297
389 1945 72358605838
389 2334 55868719277
389 2723 103674629238
389 3112 76492682737
389 3501 71467779554
389 3890 24119535279
389 4279 65016588173
389 4668 67962700706
389 5057 35664979920
389 5446 45375150507
389 5835 43559581584
389 6224 44902074222
389 6613 35355398404
389 7002 33419698701
389 7391 40141444550
389 7780 20228024357
389 8169 34203984037
397 397 709004979120
397 794 177251244780
397 1191 118167496520
397 1588 88625622390
397 1985 70900497912
397 2382 54241114872
397 2779 54600433210
397 3176 44312811195
397 3573 39389165506
397 3970 66421536320
397 4367 36184719466
397 4764 54373535301
397 5161 58188084759
397 5558 16881070931
397 5955 38522056400
397 6352 22156405597
397 6749 28279062304
397 7146 47385267003
397 7543 22615246182
397 7940 37724043458
397 8337 30979783565
401 401 701932610251
401 802 175483152562
401 1203 116988768375
401 1604 92962722292
401 2005 117728021282
401 2406 113654710045
401 2807 97221247770
401 3208 43870788140
401 3609 76798351753
401 4010 66167092553
401 4411 62364290784
401 4812 54793205444
401 5213 51140601539
401 5614 51745141150
401 6015 52084755722
401 6416 44833936859
401 6817 36678147569
401 7218 36620910679
401 7619 30948980230
401 8020 40421174507
401 8421 38315307574
409 409 688202877043
409 818 172050719260
409 1227 114700479507
409 1636 86025359630
409 2045 73027940533
409 2454 91014081481
409 2863 99475254583
409 3272 43012679815
409 3681 67974197601
409 4090 64130812327
409 4499 61022653388
409 4908 27532052242
409 5317 30676994253
409 5726 16385782786
409 6135 29559154679
409 6544 40092102273
409 6953 45558133272
409 7362 30327576053
409 7771 30318647218
409 8180 42229548508
419 419 671777987376
419 838 167944496844
419 1257 184651173124
419 1676 136949167419
419 2095 127798209448
419 2514 105039380610
419 2933 72844630087
419 3352 83024244053
419 3771 74237000891
419 4190 60776496076
419 4609 62812300111
419 5028 54815098891
419 5447 48796326254
419 5866 50330275651
419 6285 42781880096
419 6704 42344349080
419 7123 42228339074
419 7542 35172564479
419 7961 38962315338
419 8380 31887598977
421 421 668586643018
421 842 167146660754
421 1263 111431107169
421 1684 87693495163
421 2105 74601982088
421 2526 44644939483
421 2947 55626972120
421 3368 66339697668
421 3789 37143702389
421 4210 59375411285
421 4631 38133619742
421 5052 53576598970
421 5473 54989009858
421 5894 51228262283
421 6315 42615922729
421 6736 28636650381
421 7157 19664313029
421 7578 40189529723
421 7999 29704296281
421 8420 37869303456
431 431 653074191904
431 862 163268547976
431 1293 112814129322
431 1724 89483848430
431 2155 65307419190
431 2586 73860906834
431 3017 92762513361
431 3448 71958467000
431 3879 74486077488
431 4310 67201573715
431 4741 56901054547
431 5172 52898743373
431 5603 51731540520
431 6034 37429243921
431 6465 37084164526
431 6896 37770104282
431 7327 34328626444
431 7758 35299145280
431 8189 38971499130
433 433 650057682934
433 866 162514420733
433 1299 108342947155
433 1732 81257210366
433 2165 65005768293
433 2598 36114315718
433 3031 50389912054
433 3464 77355588808
433 3897 73961994441
433 4330 66071747067
433 4763 30924589894
433 5196 48561900621
433 5629 45251442025
433 6062 40488546043
433 6495 14445726287
433 6928 35681348759
433 7361 41854102831
433 7794 22705572865
433 8227 29286953625
439 439 641173067678
439 878 160293266919
439 1317 106862177946
439 1756 80146633459
439 2195 64117306767
439 2634 35620725982
439 3073 53715197764
439 3512 54734014066
439 3951 35620725982
439 4390 43192593169
439 4829 60400087239
439 5268 51241971212
439 5707 48087392794
439 6146 15266025420
439 6585 39765415298
439 7024 23787276911
439 7463 41787645675
439 7902 39467025499
439 8341 37797439995
443 443 635383694606
443 886 163046890622
443 1329 206080336049
443 1772 156308651835
443 2215 108844117774
443 2658 104075130932
443 3101 91905002333
443 3544 54275067475
443 3987 69626921008
443 4430 60630180998
443 4873 59593149527
443 5316 50178163652
443 5759 51682424674
443 6202 42501824559
443 6645 43369372915
443 7088 37906406183
443 7531 32893604246
443 7974 31470292716
443 8417 39180032573
449 449 626893043899
449 898 156723260974
449 1347 104482173983
449 1796 78361630487
449 2245 62689304389
449 2694 72180427055
449 3143 84760418999
449 3592 78955825135
449 4041 71159825643
449 4490 35606749422
449 4939 55380927140
449 5388 58905610572
449 5837 45835146209
449 6286 43203758173
449 6735 37894572603
449 7184 37628478559
449 7633 18438030702
449 8082 11609130442
457 457 615918986237
457 914 153979746559
457 1371 110719236005
457 1828 76989873279
457 2285 96107620625
457 2742 34217721457
457 3199 56062641317
457 3656 75521101019
457 4113 70603488781
457 4570 54340882986
457 5027 57824784999
457 5484 59392956489
457 5941 42344505799
457 6398 50042765627
457 6855 34969945063
457 7312 36214491134
457 7769 32496486655
457 8226 24166705947
461 461 610574786791
461 922 152643696697
461 1383 101762464465
461 1844 76321848348
461 2305 61057478679
461 2766 41058941372
461 3227 43612484770
461 3688 79808951811
461 4149 37489881430
461 4610 27490612777
461 5071 58179351140
461 5532 16960410744
461 5993 23483645645
461 6454 14537494923
461 6915 20706448479
461 7376 22649522029
461 7837 17958081964
461 8298 11306940496
463 463 607937314709
463 926 151984328677
463 1389 101322885784
463 1852 75992164338
463 2315 60793731470
463 2778 33774295261
463 3241 43424093907
463 3704 37996082169
463 4167 33774295261
463 4630 20264577156
463 5093 27633514304
463 5556 16887147630
463 6019 23382204411
463 6482 14474697969
463 6945 13509718104
463 7408 41842306620
463 7871 17880509256
463 8334 36795652881
467 467 602730142849
467 934 150682535712
467 1401 100455023808
467 1868 87433049623
467 2335 60273014284
467 2802 76963644854
467 3269 88048170180
467 3736 37670633928
467 4203 55224326395
467 4670 42440561389
467 5137 50663384755
467 5604 45894164302
467 6071 44511018920
467 6538 36700274314
467 7005 38544396011
467 7472 30927098731
467 7939 39105285511
467 8406 38373596221
479 479 587630431546
479 958 146907607886
479 1437 97938405257
479 1916 73453803943
479 2395 62590518638
479 2874 70007342505
479 3353 64087676618
479 3832 77150848537
479 4311 43516783520
479 4790 48195919231
479 5269 48654587794
479 5748 57684549085
479 6227 26428645928
479 6706 35732497621
479 7185 27580346312
479 7664 39622438360
479 8143 21110723470
487 487 577977364908
487 974 144494341227
487 1461 112270362371
487 1948 80054826704
487 2435 57797736490
487 2922 96336133179
487 3409 41284097493
487 3896 73644727072
487 4383 32109853606
487 4870 57906413025
487 5357 26271698404
487 5844 31670238985
487 6331 41441493062
487 6818 39857334502
487 7305 38535262875
487 7792 37201163023
487 8279 31155107026
491 491 573268791671
491 982 143317197917
491 1473 95544798611
491 1964 71658598958
491 2455 57326879167
491 2946 31848266203
491 3437 40947770833
491 3928 35829299479
491 4419 31848266203
491 4910 19108959722
491 5401 56483624089
491 5892 15924133101
491 6383 22048799679
491 6874 13649256944
491 7365 12739306481
491 7856 17914649739
491 8347 36725603179
499 499 564078109640
499 998 141019527410
499 1497 94013018273
499 1996 70509763705
499 2495 78154959162
499 2994 37922189923
499 3493 84141122394
499 3992 49894260713
499 4491 42684793035
499 4990 54187747938
499 5489 47327881674
499 5988 48584049610
499 6487 46717635640
499 6986 48568787730
499 7485 33831741199
499 7984 28974561204
499 8483 27168084061
503 503 559592399027
503 1006 139898099756
503 1509 97194869759
503 2012 73241308461
503 2515 55959239902
503 3018 31088466612
503 3521 46973416241
503 4024 42196253444
503 4527 65154355764
503 5030 58140440099
503 5533 39660277239
503 6036 22128750472
503 6539 45017083190
503 7042 45450150566
503 7545 26878843655
503 8048 31711521571
509 509 552996024971
509 1018 138249006242
509 1527 92166004161
509 2036 69124503121
509 2545 55299602497
509 3054 37588942697
509 3563 39499716069
509 4072 34562251560
509 4581 34155472042
509 5090 18433200832
509 5599 25136182953
509 6108 22227942003
509 6617 44304338553
509 7126 45403644619
509 7635 44697410491
509 8144 40457598522
521 521 540259072381
521 1042 138633828037
521 1563 90043178730
521 2084 67532384047
521 2605 54025907238
521 3126 91229413602
521 3647 38589933741
521 4168 71850310504
521 4689 30014392910
521 5210 18008635746
521 5731 28126290504
521 6252 15007196455
521 6773 20779195091
521 7294 20001431131
521 7815 38395717956
521 8336 20452155953
523 523 538193072104
523 1046 134548268026
523 1569 89698845350
523 2092 133993838409
523 2615 108347305776
523 3138 88671695816
523 3661 76052073138
523 4184 33637067006
523 4707 50812392049
523 5230 55882484263
523 5753 45376098392
523 6276 45633302137
523 6799 38484001943
523 7322 41930680843
523 7845 33627695496
523 8368 34027743217
541 541 520286463420
541 1082 130071615855
541 1623 173369150095
541 2164 129999197253
541 2705 52028646342
541 3246 86629654213
541 3787 40964827709
541 4328 32517903963
541 4869 32706312417
541 5410 51855317805
541 5951 23649384700
541 6492 43385501641
541 7033 42881249949
541 7574 19990790726
541 8115 34627263733
547 547 514579482103
547 1094 128644870525
547 1641 85763247017
547 2188 64322435262
547 2735 102936971057
547 3282 85698201343
547 3829 40324737235
547 4376 66337787919
547 4923 32156808947
547 5470 51366241338
547 6017 23389976459
547 6564 21431994386
547 7111 19791518542
547 7658 19390012315
547 8205 34273005509
557 557 505341071293
557 1114 126335267823
557 1671 168544180932
557 2228 126334553090
557 2785 50534107129
557 3342 83967095921
557 3899 36095790806
557 4456 31583816955
557 5013 28074503960
557 5570 50451669459
557 6127 22970048695
557 6684 42228196018
557 7241 19436195049
557 7798 44371299350
557 8355 33549752043
563 563 499955553660
563 1126 211248012441
563 1689 138681929447
563 2252 121005529186
563 2815 49995555366
563 3378 89790472392
563 3941 35711110975
563 4504 64986011965
563 5067 57249696488
563 5630 44735350556
563 6193 49320136522
563 6756 35545919354
563 7319 40432981089
563 7882 11903703658
563 8445 37629270595
569 569 494683614605
569 1138 123670903651
569 1707 82447269100
569 2276 123721868540
569 2845 68732499028
569 3414 82523156336
569 3983 54598681468
569 4552 30917725912
569 5121 46746560601
569 5690 16489453820
569 6259 22485618845
569 6828 41328039625
569 7397 41842431920
569 7966 38268677816
571 571 492950922435
571 1142 123237730608
571 1713 86115707488
571 2284 65369483851
571 2855 49295092243
571 3426 87406243903
571 3997 42918619136
571 4568 64776693841
571 5139 27386162357
571 5710 16431697414
571 6281 22406860110
571 6852 21194318272
571 7423 26667489825
571 7994 11736926724
577 577 487824916309
577 1154 121956229077
577 1731 81304152718
577 2308 60978114538
577 2885 96649092195
577 3462 27101384239
577 4039 34844636879
577 4616 63176660949
577 5193 57320734111
577 5770 55287980328
577 6347 48947595290
577 6924 32273206691
577 7501 40037329701
577 8078 29917116601
587 587 479514440733
587 1174 123420597610
587 1761 79919073455
587 2348 63231563674
587 2935 97654257204
587 3522 33723666005
587 4109 34251031480
587 4696 29969652545
587 5283 30181678578
587 5870 56680921820
587 6457 48569846400
587 7044 47195962673
587 7631 21735121688
587 8218 25085502513
593 593 474662692598
593 1186 118665673149
593 1779 79110448766
593 2372 62901896516
593 2965 47466269259
593 3558 39578099506
593 4151 44077512943
593 4744 39839453188
593 5337 53942744917
593 5930 49743406267
593 6523 44419842472
593 7116 26393024712
593 7709 18256257407
593 8302 38599376442
599 599 469908141420
599 1198 117477035355
599 1797 89673468175
599 2396 69648596467
599 2995 69256337537
599 3594 47926165436
599 4193 68371619891
599 4792 60268463292
599 5391 57066785201
599 5990 54626406548
599 6589 21359460973
599 7188 35763893138
599 7787 18073390054
599 8386 11188289081
601 601 468344387205
601 1202 117086096801
601 1803 78057397867
601 2404 92121630203
601 3005 46834438720
601 3606 82420209736
601 4207 33453170514
601 4808 57848820173
601 5409 54606577464
601 6010 55735242507
601 6611 21288381236
601 7212 19319728595
601 7813 39314099253
601 8414 29413282584
607 607 463714953394
607 1214 231634956439
607 1821 154613230593
607 2428 116107390255
607 3035 92707547349
607 3642 77150175548
607 4249 66216669051
607 4856 57966719511
607 5463 51575924953
607 6070 46426149931
607 6677 41733956097
607 7284 38472037541
607 7891 35882908456
613 613 459176144715
613 1226 114794036178
613 1839 76529357452
613 2452 57397018089
613 3065 45917614471
613 3678 25509785817
613 4291 32798296051
613 4904 58917858916
613 5517 25509785817
613 6130 15305871490
613 6743 20871642941
613 7356 12754892908
613 7969 17660620950
617 617 456199313955
617 1234 114049828488
617 1851 76033218992
617 2468 57024914244
617 3085 45619931395
617 3702 25344406330
617 4319 66374075096
617 4936 28512457122
617 5553 25344406330
617 6170 15206643798
617 6787 20736332452
617 7404 12672203165
617 8021 40390392995
619 619 454725325865
619 1238 113681331466
619 1857 126693079143
619 2476 92453720329
619 3095 92815119502
619 3714 79445595793
619 4333 62461117615
619 4952 28420332866
619 5571 52354056948
619 6190 47394583458
619 6809 39160442493
619 7428 35176681567
619 8047 17489435610
631 631 446077617608
631 1262 111519404402
631 1893 74346269601
631 2524 55759702201
631 3155 51469080285
631 3786 79412593393
631 4417 66676468599
631 5048 58099200972
631 5679 24782089867
631 6310 28591890970
631 6941 27137573870
631 7572 26113681983
631 8203 24018149971
641 641 439118528409
641 1282 222290325756
641 1923 146446532055
641 2564 109778773084
641 3205 90528861014
641 3846 73255174980
641 4487 65796380927
641 5128 57664257897
641 5769 42890846711
641 6410 45523299266
641 7051 38455306020
641 7692 36502946135
641 8333 36632176256
643 643 437752685397
643 1286 109438171349
643 1929 72958780899
643 2572 54719085674
643 3215 88992356118
643 3858 24319593633
643 4501 65056458770
643 5144 27359542837
643 5787 24319593633
643 6430 14591756179
643 7073 19897849336
643 7716 12159796816
647 647 435046331855
647 1294 217435611984
647 1941 144970520568
647 2588 108763142803
647 3235 43504633185
647 3882 72362812210
647 4529 31074737989
647 5176 57409745612
647 5823 24169240658
647 6470 14501544395
647 7117 42951306008
647 7764 36531384432
647 8411 36284558178
653 653 431048968929
653 1306 107762242232
653 1959 71841494821
653 2612 107768535370
653 3265 43104896892
653 3918 71726573513
653 4571 64577621880
653 5224 57159910430
653 5877 23947164940
653 6530 46605371560
653 7183 19593134951
653 7836 35858160775
653 8489 16578806497
659 1318 213616317160
659 1977 142435098661
659 2636 106745484471
659 3295 42712439561
659 3954 71166913855
659 4613 30508885401
659 5272 56733065992
659 6590 14237479853
659 7249 19414745255
659 7908 35731669051
661 661 425832037383
661 1322 212961114853
661 1983 142145860011
661 2644 106469385820
661 3305 87800291317
661 3966 70844790138
661 5288 26614502336
661 5949 23657335410
661 6610 14194401246
661 7271 42532474441
661 7932 35514721032
673 673 418239192735
673 1346 104559798183
673 2019 69706532122
673 2692 52279899091
673 3365 87041006852
673 4038 23235510707
673 4711 64171761410
673 5384 26139949545
673 6057 49704242032
673 6730 46178379020
673 7403 19010872397
673 8076 11617755353
677 677 415768060133
677 1354 103942015033
677 2031 69294676688
677 2708 51971007516
677 3385 41576806013
677 4062 23098225562
677 4739 63846538374
677 5416 56411455499
677 6093 23098225562
677 7447 18898548187
677 8124 11549112781
683 1366 206021946324
683 2049 137296286730
683 2732 103051066066
683 4098 68566177381
683 4781 29436830862
683 5464 25757227005
683 7513 18732528730
683 8196 34412136511
691 691 407344394660
691 1382 105980643124
691 2073 135698375454
691 2764 101758455751
691 3455 44878983925
691 4146 30919333065
691 4837 33240572649
691 5528 25459024666
691 6219 49325602036
691 6910 46016166696
691 7601 42207260954
691 8292 33986673433
701 701 401533490314
701 1402 200709295266
701 2103 133707114785
701 2804 100315690424
701 3505 40153349031
701 4206 66874684370
701 4907 58900313465
701 6309 48953190558
701 7711 18251522287
701 8412 33632939686
709 4254 22055710445
709 4963 28357342001
709 6381 22055710445
709 7799 18045581273
719 719 391481191530
719 1438 97870297882
719 2157 65246865255
719 3595 39148119153
719 4314 35873624931
719 5033 35025277175
719 5752 24467574470
719 6471 44724411429
719 7190 27174042897
719 7909 37145590170
727 727 387173282958
727 2181 64528880493
727 2908 48396660369
727 3635 38717328295
727 4362 67198157903
727 5816 24198330184
727 6543 21509626831
727 7270 45142848694
727 7997 40551567897
733 733 384004060996
733 1466 96001015249
733 2199 64000676832
733 2932 48000507624
733 3665 79688023756
733 4398 21333558944
733 5131 27428861499
733 5864 24000253812
733 6597 48416420629
733 7330 12800135366
733 8063 37197732132
739 739 380886301367
739 2956 47610787670
739 3695 38088630136
739 4434 21160350075
739 5173 27206164383
743 2972 47354471182
743 3715 37883576946
743 4458 21046431636
743 5201 27059697818
743 5944 23677235591
751 751 374800235300
751 1502 187348103223
751 2253 124928842655
751 3004 46850029412
751 4506 62400794528
751 6008 23425014706
751 6759 20822235294
751 7510 12493341176
757 757 371829559723
757 1514 92957389930
757 2271 127083974372
757 3785 37182955972
757 4542 20657197762
757 5299 56985206006
757 6056 23239347482
757 6813 20657197762
757 7570 45383042837
761 761 369875133653
761 1522 92468783413
761 2283 61645855608
761 3044 46234391706
761 3805 36987513365
761 4566 20548618536
761 5327 26419652403
761 6088 23117195853
761 6849 43392884072
761 7610 44687997996
769 769 366027277907
769 1538 184032802262
769 2307 61004546317
769 3845 74348358020
769 4614 66023379844
769 5383 26144805564
769 6152 22876704869
769 6921 20334848772
769 7690 45340829465
769 8459 16637603541
773 773 364133216960
773 1546 91033304240
773 2319 60688869493
773 3865 36413321696
773 4638 20229623164
773 5411 26009515497
773 6957 20229623164
787 787 357655624791
787 1574 178807575548
787 2361 119225258673
787 3148 44706953098
787 3935 35765562479
787 4722 59602130727
787 6296 22353476549
787 7083 19869756932
809 809 347929513857
809 2427 57988252309
809 3236 43491189232
809 4045 34792951385
809 5663 24852108132
811 811 347071487929
811 1622 86767871982
811 2433 118719032924
811 3244 43383935991
811 4055 72452779022
811 4866 19281749329
811 5677 51259551891
811 6488 21691967995
811 7299 19281749329
811 8110 11569049597
821 821 342844064202
821 1642 171413769194
821 2463 114321854703
821 3284 42855508025
821 4926 57076009110
821 5747 24488861728
821 6568 21427754012
821 7389 19046892455
823 823 342010907303
823 1646 170918902634
823 2469 113967308680
823 3292 42751363412
823 4115 34201090730
823 4938 56897819012
823 6584 21375681706
823 7407 19000605961
823 8230 11400363576
827 3308 42544585355
827 4135 34035668284
827 4962 18908704602
827 5789 24311191631
827 6616 21272292677
827 8270 11345222761
863 863 326158721565
863 2589 54359786927
863 6041 23297051540
863 6904 20384920097
863 7767 18119928975
877 877 320952082908
877 1754 80238020727
877 2631 53492013818
877 4385 32095208290
877 5262 17830671272
877 7016 20059505181
877 7893 17830671272
883 2649 53128534675
883 3532 39846401006
883 4415 31877120805
883 6181 22769372003
883 7064 19923200503
887 3548 39666710359
887 4435 31733368287
887 6209 22666691633
887 7983 17629649048
907 907 310336247751
907 1814 77584061937
907 2721 51722707958
907 3628 38792030968
907 4535 31033624775
907 7256 19396015484
907 8163 17240902652
953 1906 73839185915
953 4765 29535674366
953 5718 16408707981
953 6671 21096910261
953 7624 18459796478
1019 1019 276226669981
1019 2038 69056667495
1019 3057 46037778330
1019 4076 34528333747
1019 5095 27622666998
1019 7133 19730476427
