# A101877 lower-bound certificate: n K F  then lines  p x lambda  (sum over p of lambda <= floor(2^F/x))
9 8496 48
2 2048 137438953472
2 6144 22906492245
2 1024 274877906944
2 3072 46716704642
2 5120 27487790694
2 7168 20537856361
2 512 549755813888
2 1536 91625968981
2 2560 54975581389
2 3584 39268272421
2 4608 61907926538
2 5632 43229557153
2 6656 40414010000
2 7680 34802992772
2 256 1099511627776
2 768 183251937963
2 1280 109951162778
2 1792 78536544841
2 2304 61083979321
2 2816 49977801263
2 3328 42288908761
2 3840 24433591729
2 4352 32338577288
2 4864 28934516520
2 5376 32355439898
2 5888 26374755392
2 6400 34199461820
2 6912 28154389388
2 7424 32443621520
2 7936 22874059965
2 8448 30797303681
2 128 2199023255552
2 384 366503875925
2 640 219902325555
2 896 157073089682
2 1152 122167958642
2 1408 99955602525
2 1664 84577817521
2 1920 48867183458
2 2176 64677154575
2 2432 57869033041
2 2688 34905131041
2 2944 47804853382
2 3200 43980465111
2 3456 40722652881
2 3712 37914194061
2 3968 35468117025
2 4224 30371237614
2 4480 29524477962
2 4736 29716530480
2 4992 26942685898
2 5248 26817356775
2 5504 25570037855
2 5760 23309333486
2 6016 26005832452
2 6272 25976263434
2 6528 30095165588
2 6784 23564734384
2 7040 28713325676
2 7296 26519148046
2 7552 25561446817
2 7808 21893020603
2 8064 27256976758
2 8320 25606690638
2 64 4398046511104
2 192 733007751851
2 320 439804651110
2 448 314146179365
2 576 244335917284
2 704 199911205050
2 832 169155635042
2 960 97734366914
2 1088 129354309150
2 1216 115738066082
2 1344 69810262081
2 1472 95609706763
2 1600 87960930222
2 1728 81445305761
2 1856 75828388122
2 1984 70936234050
2 2112 44424712234
2 2240 41886157249
2 2368 59433060961
2 2496 37590141121
2 2624 53634713550
2 2752 51140075711
2 2880 32578122305
2 3008 46787728842
2 3136 44878025624
2 3264 28745402034
2 3392 41491004822
2 3520 26654827340
2 3648 25719570241
2 3776 37271580603
2 3904 36049561566
2 4032 23270087361
2 4160 22554084672
2 4288 32821242620
2 4416 21246601504
2 4544 23849036357
2 4672 30123606240
2 4800 19546873384
2 4928 19039162387
2 5056 27835737412
2 5184 27148435254
2 5312 26494256091
2 5440 17247241220
2 5568 16850752916
2 5696 20397457938
2 5824 16110060480
2 5952 15763607568
2 6080 15431742144
2 6208 10646898924
2 6336 14808237411
2 6464 6370738893
2 6592 -3364621428
2 6720 10471539312
2 6848 16632644657
2 6976 20174525280
2 7104 13861877574
2 7232 11635951332
2 7360 12747960903
2 7488 12530047040
2 7616 12319458014
2 7744 14356292763
2 7872 4296158335
2 8000 3577758011
2 8128 2697626770
2 8256 14244634962
2 8384 12994917699
2 32 8796093022208
2 96 1466015503701
2 160 879609302221
2 224 628292358729
2 288 488671834567
2 352 399822410100
2 416 338311270085
2 480 195468733828
2 544 258708618300
2 608 231476132163
2 672 139620524162
2 736 191219413526
2 800 175921860444
2 864 162890611522
2 928 151656776245
2 992 141872468100
2 1056 88849424468
2 1120 83772314497
2 1184 118866121922
2 1248 75180282241
2 1312 107269427100
2 1376 102280151421
2 1440 65156244610
2 1504 93575457683
2 1568 89756051247
2 1632 57490804068
2 1696 82982009643
2 1760 53309654680
2 1824 51439140482
2 1888 74543161205
2 1952 72099123133
2 2016 46540174722
2 2080 45108169345
2 2144 65642485240
2 2208 42493203007
2 2272 61944317058
2 2336 60247212481
2 2400 39093746766
2 2464 38078324772
2 2528 55671474824
2 2592 54296870507
2 2656 52988512182
2 2720 34494482440
2 2784 33701505832
2 2848 49416252934
2 2912 32220120961
2 2976 31527215134
2 3040 30863484289
2 3104 45340685681
2 3168 29616474822
2 3232 43545014961
2 3296 42699480690
2 3360 20943078625
2 3424 41103238422
2 3488 40349050561
2 3552 26414693761
2 3616 38920765585
2 3680 25495921804
2 3744 25060094081
2 3808 24638916029
2 3872 36347491827
2 3936 23837650468
2 4000 35184372089
2 4064 34630287489
2 4128 22728922538
2 4192 29491422740
2 4256 22045345920
2 4320 21718748204
2 4384 28153533638
2 4448 290679230
2 4512 20794546153
2 4576 20503713339
2 4640 20220903499
2 4704 19945789166
2 4768 25239730946
2 4832 17515343855
2 4896 19163601356
2 4960 18916329080
2 5024 28013035103
2 5088 18440446588
2 5152 18211372718
2 5216 10946370943
2 5280 13327413670
2 5344 26335607851
2 5408 22293251001
2 5472 17146380160
2 5536 20599270208
2 5600 16754462900
2 5664 12349039180
2 5728 13029895228
2 5792 12626411518
2 5856 10398827158
2 5920 15848816256
2 5984 15679310200
2 6048 15513391574
2 6112 23026421524
2 6176 19067061420
2 6240 11277042336
2 6304 18533589827
2 6368 -1589201635
2 6432 10811091401
2 6496 14443502500
2 6560 14302590280
2 6624 14164401003
2 6688 14028856496
2 6752 16709661953
2 6816 1285159170
2 6880 9771199229
2 6944 13511663629
2 7008 684916723
2 7072 13267108632
2 7136 19722181664
2 7200 13031248923
2 7264 -440353566
2 7328 8095945629
2 7392 9519581195
2 7456 2739805278
2 7520 12476727691
2 7584 5138501404
2 7648 79587018
2 7712 3542528971
2 7776 10253297783
2 7840 7907554224
2 7904 11870570880
2 7968 6341527296
2 8032 17522097654
2 8096 11589055365
2 8160 18158557693
2 8224 -3481612008
2 8288 7281941314
2 8352 11233835278
2 8416 16722610308
2 8480 205704293
2 16 17592186044416
2 48 2932031007403
2 80 1759218604442
2 112 1256584717458
2 144 977343669134
2 176 799644820201
2 208 676622540170
2 240 390937467655
2 272 517417236600
2 304 462952264327
2 336 279241048324
2 368 382438827053
2 400 351843720888
2 432 325781223045
2 464 303313552490
2 496 283744936200
2 528 177698848934
2 560 167544628995
2 592 237732243843
2 624 150360564482
2 656 214538854200
2 688 204560302842
2 720 130312489219
2 752 187150915366
2 784 179512102494
2 816 114981608134
2 848 165964019287
2 880 106619309360
2 912 102878280962
2 944 149086322410
2 976 144198246266
2 1008 93080349442
2 1040 90216338689
2 1072 131284970481
2 1104 84986406013
2 1136 123888634116
2 1168 120494424962
2 1200 78187493532
2 1232 76156649544
2 1264 111342949648
2 1296 108593741015
2 1328 105977024364
2 1360 68988964880
2 1392 67403011665
2 1424 98832505868
2 1456 64440241922
2 1488 63054430268
2 1520 61726968578
2 1552 90681371363
2 1584 59232949645
2 1616 87090029923
2 1648 85398961381
2 1680 41886157250
2 1712 82206476843
2 1744 80698101121
2 1776 52829387522
2 1808 77841531170
2 1840 50991843607
2 1872 50120188162
2 1904 49277832057
2 1936 72694983655
2 1968 47675300934
2 2000 70368744178
2 2032 69260574978
2 2064 45457845076
2 2096 67145748261
2 2128 44090691841
2 2160 43437496407
2 2192 64205058556
2 2224 63281244764
2 2256 41589092304
2 2288 41007426678
2 2320 40441806999
2 2352 39891578332
2 2384 55152392067
2 2416 58252271670
2 2448 38327202711
2 2480 37832658160
2 2512 56026070205
2 2544 36880893176
2 2576 36422745434
2 2608 53963760872
2 2640 26654827340
2 2672 52671215702
2 2704 52047887705
2 2736 34292760321
2 2768 50844468336
2 2800 33508925800
2 2832 33130293870
2 2864 49140184482
2 2896 44523391349
2 2928 32044054727
2 2960 31697632513
2 2992 31358620400
2 3024 31026783147
2 3056 46052843048
2 3088 45575611514
2 3120 22554084673
2 3152 44650218387
2 3184 44201472473
2 3216 29174437885
2 3248 28887004999
2 3280 28605180560
2 3312 28328802005
2 3344 28057712990
2 3376 41687644655
2 3408 26691517437
2 3440 27274707046
2 3472 27023327257
2 3504 22868193989
2 3536 26534217262
2 3568 39444363328
2 3600 26062497844
2 3632 28053106837
2 3664 38410886560
2 3696 19039162387
2 3728 33802476558
2 3760 24953455382
2 3792 20584072554
2 3824 32776703691
2 3856 24989184506
2 3888 36197913672
2 3920 21675548945
2 3952 23741141761
2 3984 20950181548
2 4016 35044195308
2 4048 23178110731
2 4080 17247241220
2 4112 30293603413
2 4144 22641166080
2 4176 22467670556
2 4208 502004398
2 4240 18355617992
2 4272 12488523512
2 4304 32699230566
2 4336 32457907831
2 4368 16110060480
2 4400 21323861872
2 4432 -123055376
2 4464 21018143422
2 4496 31302822143
2 4528 26947440410
2 4560 15431742144
2 4592 20432271829
2 4624 30436308035
2 4656 15950667236
2 4688 30020795298
2 4720 15719371176
2 4752 19744316548
2 4784 19612247541
2 4816 19481933604
2 4848 11341096323
2 4880 15048366185
2 4912 4015737002
2 4944 11326798882
2 4976 21021195389
2 5008 17222652022
2 5040 13962052416
2 5072 12731185976
2 5104 18382639546
2 5136 14287281068
2 5168 18154990759
2 5200 18043267739
2 5232 17932911360
2 5264 13891457227
2 5296 23248246416
2 5328 17609795840
2 5360 13523837835
2 5392 3578740293
2 5424 13577373702
2 5456 17196662800
2 5488 21570778402
2 5520 12747960904
2 5552 21368146349
2 5584 21492856194
2 5616 16706729388
2 5648 -3161891239
2 5680 11151562215
2 5712 12319458015
2 5744 17468977283
2 5776 24365908649
2 5808 12061465431
2 5840 4080318408
2 5872 2267684664
2 5904 11864734175
2 5936 15806097076
2 5968 4818831777
2 6000 15637498706
2 6032 15554541153
2 6064 23208688713
2 6096 7633092604
2 6128 15748255589
2 6160 11423497432
2 6192 15152615026
2 6224 419730727
2 6256 14997601062
2 6288 11200533055
2 6320 11037228447
2 6352 22156405598
2 6384 11022672960
2 6416 -3849717180
2 6448 14551022369
2 6480 8064727749
2 6512 14408014779
2 6544 3240796640
2 6576 995742266
2 6608 6281460031
2 6640 6473816989
2 6672 6475600205
2 6704 -611696570
2 6736 13381068891
2 6768 10321713189
2 6800 13797792976
2 6832 9599005936
2 6864 10251856669
2 6896 798234289
2 6928 1181626327
2 6960 10110451751
2 6992 13418906213
2 7024 16182296137
2 7056 13297192778
2 7088 426700855
2 7120 2101193429
2 7152 5899171183
2 7184 1568459349
2 7216 8980621124
2 7248 1495837381
2 7280 9666036288
2 7312 1593456730
2 7344 12775734237
2 7376 15570325920
2 7408 -3733148311
2 7440 5448663603
2 7472 7260709542
2 7504 8381383325
2 7536 11073325913
2 7568 8313483774
2 7600 12345393716
2 7632 9182640809
2 7664 -1742303321
2 7696 8007651613
2 7728 6069170306
2 7760 8764796770
2 7792 -1019648284
2 7824 1140529796
2 7856 17914649740
2 7888 11894649117
2 7920 8884942448
2 7952 523142266
2 7984 2424469035
2 8016 766956147
2 8048 7180229960
2 8080 -42611579
2 8112 4509451672
2 8144 -1979220018
2 8176 1652765631
2 8208 11430920108
2 8240 1525036403
2 8272 3735247187
2 8304 3228300759
2 8336 9581440479
2 8368 -1000768211
2 8400 8377231451
2 8432 3919639494
2 8464 13212159112
2 8496 2761061259
2 8 35184372088832
2 24 5864062014805
2 40 3518437208883
2 56 2513169434917
2 72 1954687338268
2 88 1599289640401
2 104 1353245080340
2 120 781874935308
2 136 1034834473201
2 152 925904528653
2 168 558482096648
2 184 764877654105
2 200 703687441777
2 216 651562446089
2 232 606627104980
2 248 567489872401
2 264 355397697868
2 280 335089257990
2 296 475464487687
2 312 300721128965
2 328 429077708400
2 344 409120605684
2 360 260624978437
2 376 374301830732
2 392 359024204988
2 408 229963216268
2 424 331928038574
2 440 213238618720
2 456 205756561924
2 472 298172644821
2 488 288396492531
2 504 186160698884
2 520 180432677379
2 536 262569940961
2 552 169972812024
2 568 247777268231
2 584 240988849924
2 600 156374987062
2 616 152313299087
2 632 222685899296
2 648 217187482030
2 664 211954048728
2 680 137977929760
2 696 134806023330
2 712 197665011735
2 728 128880483843
2 744 126108860534
2 760 123453937155
2 776 181362742726
2 792 118465899290
2 808 174180059846
2 824 170797922761
2 840 83772314497
2 856 164412953686
2 872 161396202242
2 888 105658775042
2 904 155683062340
2 920 101983687214
2 936 100240376322
2 952 98555664115
2 968 145389967309
2 984 95350601868
2 1000 140737488355
2 1016 138521149956
2 1032 90915690152
2 1048 134291496522
2 1064 88181383681
2 1080 86874992813
2 1096 128410117113
2 1112 126562489528
2 1128 83178184607
2 1144 82014853355
2 1160 80883613997
2 1176 79783156664
2 1192 118068362714
2 1208 116504543341
2 1224 76654405422
2 1240 75665316320
2 1256 112052140410
2 1272 73761786351
2 1288 72845490867
2 1304 107927521745
2 1320 53309654680
2 1336 105342431404
2 1352 104095775411
2 1368 68585520642
2 1384 101688936673
2 1400 67017851599
2 1416 66260587739
2 1432 98280368963
2 1448 97194398035
2 1464 64088109452
2 1480 63395265026
2 1496 62717240800
2 1512 62053566294
2 1528 92105686096
2 1544 91151223028
2 1560 45108169346
2 1576 89300436774
2 1592 88402944947
2 1608 58348875769
2 1624 57774009998
2 1640 57210361120
2 1656 56657604009
2 1672 56115425980
2 1688 83375289310
2 1704 55061615163
2 1720 54549414091
2 1736 54046654515
2 1752 53553077762
2 1768 53068434523
2 1784 78888726657
2 1800 52124995687
2 1816 77498616936
2 1832 76821773120
2 1848 38078324772
2 1864 75502944397
2 1880 49906910764
2 1896 49485755399
2 1912 73607472989
2 1928 72996622591
2 1944 72395827343
2 1960 47869893999
2 1976 47482283522
2 1992 47100899717
2 2008 70088390615
2 2024 46356221462
2 2040 34494482440
2 2056 68452085776
2 2072 45282332161
2 2088 44935341110
2 2104 66890441234
2 2120 44257071811
2 2136 43925558164
2 2152 65398461132
2 2168 64915815662
2 2184 32220120961
2 2200 42647723744
2 2216 57120606933
2 2232 42036286845
2 2248 62605644286
2 2264 60765883784
2 2280 30863484289
2 2296 40864543657
2 2312 60872616071
2 2328 36293330781
2 2344 60041590595
2 2360 39756352644
2 2376 39488633096
2 2392 39224495082
2 2408 38963867208
2 2424 38706679967
2 2440 38452865672
2 2456 57303537604
2 2472 37955093948
2 2488 56566514612
2 2504 56205067235
2 2520 27924104833
2 2536 21814258404
2 2552 36765279091
2 2568 36536211930
2 2584 36309981517
2 2600 36086535477
2 2616 35865822721
2 2632 35647793403
2 2648 53148598321
2 2664 35219591681
2 2680 35009325462
2 2696 28575903427
2 2712 34596236076
2 2728 34393325600
2 2744 51289172141
2 2760 25495921805
2 2776 35609087815
2 2792 50407409869
2 2808 33413458775
2 2824 6484051
2 2840 33036969098
2 2856 24638916030
2 2872 49003303745
2 2888 48731817298
2 2904 32308881624
2 2920 32131846657
2 2936 44393794258
2 2952 31783533956
2 2968 31612194151
2 2984 43453188912
2 3000 27443869995
2 3016 31109082307
2 3032 46417377426
2 3048 26833482128
2 3064 42211856301
2 3080 22846994865
2 3096 30305230052
2 3112 14470104215
2 3128 29995202123
2 3144 29842554784
2 3160 29691453240
2 3176 44312811195
2 3192 22045345921
2 3208 43870788141
2 3224 29102044739
2 3240 28958330937
2 3256 28816029558
2 3272 39288209424
2 3288 24401421206
2 3304 28397394746
2 3320 28260539831
2 3336 23369580988
2 3352 637005908
2 3368 17906982335
2 3384 27726061537
2 3400 27595585952
2 3416 27466332622
2 3432 20503713339
2 3448 5400685811
2 3464 1722529923
2 3480 20220903500
2 3496 26837812426
2 3512 25345982752
2 3528 26594385556
2 3544 21236793443
2 3560 14363264991
2 3576 22541310290
2 3592 -1264669712
2 3608 26004709600
2 3624 21926037365
2 3640 19332072577
2 3656 9834414741
2 3672 25551468474
2 3688 -3190946402
2 3704 37996082169
2 3720 18916329080
2 3736 37670633928
2 3752 25006661045
2 3768 21189626907
2 3784 24795188223
2 3800 24690787432
2 3816 24587262117
2 3832 -472100329
2 3848 24382794241
2 3864 18211372719
2 3880 20106299104
2 3896 -420103879
2 3912 11841689791
2 3928 35829299479
2 3944 23789298235
2 3960 17769884894
2 3976 18230912735
2 3992 16725857217
2 4008 19737642027
2 4024 31648472194
2 4040 13835314069
2 4056 23132394537
2 4072 34562251561
2 4088 11045481007
2 4104 22861840214
2 4120 18651109170
2 4136 22684959438
2 4152 18639034908
2 4168 -3947494664
2 4184 33637067007
2 4200 16754462900
2 4216 22254504800
2 4232 33255550178
2 4248 10488448841
2 4264 22003985046
2 4280 21921727158
2 4296 11728750345
2 4312 21759042727
2 4328 32517903964
2 4344 6387593032
2 4360 21519493632
2 4376 -1668510468
2 4392 21362703151
2 4408 21285161578
2 4424 17074020511
2 4440 15848816256
2 4456 31583816956
2 4472 20980543881
2 4488 15679310200
2 4504 -1780412953
2 4520 12654969550
2 4536 16591263179
2 4552 30917725913
2 4568 -2936149946
2 4584 12688000667
2 4600 20396737444
2 4616 -2642092853
2 4632 16464307974
2 4648 16408977933
2 4664 20116850823
2 4680 15036056448
2 4696 29969652546
2 4712 19911925348
2 4728 19844541505
2 4744 15759925029
2 4760 14783349617
2 4776 12337490915
2 4792 -1167473250
2 4808 1253157443
2 4824 9211572754
2 4840 19385328975
2 4856 112908617
2 4872 14443502501
2 4888 19194965679
2 4904 -1410474717
2 4920 14302590280
2 4936 28512457122
2 4952 28420332867
2 4968 18885868003
2 4984 11104818196
2 5000 12297406083
2 5016 14028856496
2 5032 18645666185
2 5048 -2229132661
2 5064 6627160927
2 5080 6750469249
2 5096 18411497693
2 5112 11963284585
2 5128 -2664075736
2 5144 27359542837
2 5160 13637353525
2 5176 -2918588021
2 5192 11545791917
2 5208 9680536213
2 5224 -3168423204
2 5240 14395396703
2 5256 9784491869
2 5272 -3413709036
2 5288 26614502336
2 5304 13267108633
2 5320 13227207552
2 5336 17583394347
2 5352 17530828147
2 5368 13661122155
2 5384 26139949546
2 5400 17374998563
2 5416 -3779253943
2 5432 5249198248
2 5448 318041978
2 5464 25757227005
2 5480 13209190409
2 5496 9068579679
2 5512 17021950696
2 5528 25459024666
2 5544 12692774926
2 5560 1060701064
2 5576 16826576800
2 5592 1943357022
2 5624 16682964480
2 5640 8685208325
2 5656 12735353240
2 5688 8340116340
2 5704 13228324112
2 5720 12302228003
2 5736 12465224236
2 5752 24467574471
2 5768 8540220307
2 5784 88849012
2 5800 16176722800
2 5816 24198330185
2 5832 9781918289
2 5848 13639079879
2 5864 24000253812
2 5880 8444041363
2 5896 15913329755
2 5928 11870570880
2 5944 23677235591
2 5960 -361607565
2 5976 11922145446
2 5992 12117058962
2 6008 23425014706
2 6024 -3543990567
2 6040 7888057518
2 6056 23239347483
2 6072 11589055365
2 6088 23117195853
2 6104 15371066880
2 6120 8387170565
2 6136 11327043708
2 6152 22876704869
2 6168 11480881766
2 6200 15133063264
2 6216 8142270679
2 6232 12421878964
2 6248 6333715535
2 6264 14978447037
2 6280 -107662507
2 6296 22353476549
2 6312 3854703874
2 6328 5201829981
2 6344 10406344663
2 6360 7648651976
2 6392 10691991377
2 6408 3523325533
2 6424 6706573857
2 6440 10926823630
2 6456 11022855196
2 6488 21691967996
2 6504 10954893217
2 6520 2653693518
2 6536 9613442128
2 6552 10740040320
2 6568 21427754013
2 6584 21375681706
2 6600 10661930936
2 6616 21272292678
2 6648 2675373907
2 6664 6245331804
2 6680 4164916369
2 6696 11543583626
2 6728 -2010392755
2 6744 243509845
2 6760 226571495
2 6776 835604452
2 6792 2561062386
2 6808 13781579353
2 6840 4058453630
2 6888 6292290285
2 6904 20384920098
2 6920 123718999
2 6936 10056404419
2 6952 9604123125
2 6968 9744380841
2 6984 887737076
2 7000 9707466673
2 7016 20059505182
2 7032 6225003578
2 7064 19923200503
2 7080 4380164549
2 7112 2412733427
2 7128 9182052803
2 7144 13133397570
2 7160 1423261084
2 7176 9806123772
2 7192 8805504198
2 7208 6771815072
2 7224 5848974817
2 7240 1694766575
2 7256 19396015484
2 7272 5347944653
2 7304 5449259050
2 7320 5229997362
2 7336 4916695579
2 7368 5185818661
2 7384 4351176232
2 7400 12679053006
2 7416 8670873085
2 7448 8805821161
2 7464 9244283836
2 7480 9407586120
2 7512 1929366889
2 7544 7477097961
2 7560 9308034944
2 7592 4406491299
2 7608 -518892347
2 7624 18459796479
2 7640 533809475
2 7656 6013007412
2 7672 2182765864
2 7688 18306124916
2 7704 1436937269
2 7720 2825271704
2 7752 5606651783
2 7784 1436906314
2 7800 9021633871
2 7832 2558333378
2 7848 11955274240
2 7880 146201476
2 7896 4931123456
2 7912 7966576297
2 7944 -400581067
2 7960 1484481142
2 7992 11739863894
2 8008 8787305717
2 8024 3842165119
2 8040 1134779297
2 8056 8468285485
2 8088 1229135409
2 8120 8666101501
2 8136 2883328538
2 8184 6009933740
2 8200 7509632749
2 8216 7377097083
2 8232 4017266329
2 8280 8498640601
2 8296 3757794621
2 8328 3874738993
2 8344 1071898007
2 8360 8417313899
2 8376 1217407111
2 8424 3203693835
2 8440 2974283048
2 8456 7114845898
2 8472 -243408154
2 4 70368744177664
2 12 11728124029611
2 20 7036874417766
2 28 5026338869833
2 36 3909374676537
2 44 3198579280803
2 52 2706490160679
2 60 1563749870616
2 68 2069668946402
2 76 1851809057307
2 84 1116964193296
2 92 1529755308210
2 100 1407374883553
2 108 1303124892179
2 116 1213254209960
2 124 1134979744801
2 132 710795395735
2 140 670178515979
2 148 950928975374
2 156 601442257930
2 164 858155416801
2 172 818241211368
2 180 521249956872
2 188 748603661465
2 196 718048409976
2 204 459926432535
2 212 663856077148
2 220 426477237441
2 228 411513123847
2 236 596345289641
2 244 576792985063
2 252 372321397766
2 260 360865354757
2 268 525139881923
2 276 339945624048
2 284 495554536462
2 292 481977699847
2 300 312749974124
2 308 304626598173
2 316 445371798593
2 324 434374964060
2 332 423908097456
2 340 275955859520
2 348 269612046659
2 356 395330023470
2 364 257760967685
2 372 252217721068
2 380 246907874308
2 388 362725485452
2 396 236931798579
2 404 348360119691
2 412 341595845523
2 420 167544628995
2 428 328825907372
2 436 322792404485
2 444 211317550083
2 452 311366124680
2 460 203967374428
2 468 200480752644
2 476 197111328230
2 484 290779934618
2 492 190701203734
2 500 281474976711
2 508 277042299912
2 516 181831380304
2 524 268582993045
2 532 176362767363
2 540 173749985625
2 548 256820234225
2 556 253124979056
2 564 166356369215
2 572 164029706709
2 580 161767227995
2 588 159566313328
2 596 236136725428
2 604 233009086681
2 612 153308810845
2 620 151330632640
2 628 224104280821
2 636 147523572700
2 644 145690981734
2 652 215855043490
2 660 106619309360
2 668 210684862807
2 676 208191550821
2 684 137171041283
2 692 203377873346
2 700 134035703196
2 708 132521175477
2 716 196560737926
2 724 194388796071
2 732 128176218904
2 740 126790530051
2 748 125434481600
2 756 124107132589
2 764 184211372193
2 772 182302446056
2 780 90216338690
2 788 178600873547
2 796 176805889894
2 804 116697751539
2 812 115548019996
2 820 114420722240
2 828 113315208016
2 836 112230851959
2 844 166750578620
2 852 110123230326
2 860 109098828183
2 868 108093309030
2 876 107106155522
2 884 106136869046
2 892 157777453313
2 900 104249991374
2 908 154997233872
2 916 153643546239
2 924 76156649545
2 932 151005888793
2 940 99813821529
2 948 98971510799
2 956 147214945978
2 964 145993245182
2 972 144791654687
2 980 95739787998
2 988 94964567042
2 996 94201799435
2 1004 140176781230
2 1012 92712442923
2 1020 68988964880
2 1028 136904171552
2 1036 90564664321
2 1044 89870682219
2 1052 133780882467
2 1060 88514143621
2 1068 87851116328
2 1076 130796922263
2 1084 129831631324
2 1092 64440241923
2 1100 85295447488
2 1108 127019393822
2 1116 84072573690
2 1124 125211288572
2 1132 124326403141
2 1140 61726968579
2 1148 81729087315
2 1156 121745232141
2 1164 80605663435
2 1172 120083181191
2 1180 79512705286
2 1188 78977266193
2 1196 78448990165
2 1204 77927734416
2 1212 77413359932
2 1220 76905731343
2 1228 114607075208
2 1236 75910187895
2 1244 113133029225
2 1252 112410134469
2 1260 55848209667
2 1268 110991710059
2 1276 73530558180
2 1284 73072423861
2 1292 72619963032
2 1300 72173070952
2 1308 71731645441
2 1316 71295586806
2 1324 106297196643
2 1332 70439183361
2 1340 70018650923
2 1348 104404664952
2 1356 69192472151
2 1364 68786651200
2 1372 102578344282
2 1380 50991843607
2 1388 101395884982
2 1396 100814819739
2 1404 66826917548
2 1412 99672442178
2 1420 66073938196
2 1428 49277832057
2 1436 98006607490
2 1444 97463634595
2 1452 64617763249
2 1460 64263693314
2 1468 95870223675
2 1476 63567067911
2 1484 63224388301
2 1492 86570128461
2 1500 62549994825
2 1508 62218164613
2 1516 92834754852
2 1524 61564955536
2 1532 91865201276
2 1540 45693989728
2 1548 60610460102
2 1556 90448257298
2 1564 59990404244
2 1572 59685109566
2 1580 59382906479
2 1588 88625622390
2 1596 44090691842
2 1604 87741576281
2 1612 58204089478
2 1620 57916661875
2 1628 57632059114
2 1636 86025359630
2 1644 57071163161
2 1652 56794789490
2 1660 56521079662
2 1668 56249995347
2 1676 29089106848
2 1684 76051118159
2 1692 55452123072
2 1700 55191171904
2 1708 54932665244
2 1716 41007426679
2 1724 73431654443
2 1732 81257210367
2 1740 40441807000
2 1748 53675624850
2 1756 80146633460
2 1764 53188771110
2 1772 5482692551
2 1780 52710669796
2 1788 52474827874
2 1796 78361630487
2 1804 52009419200
2 1812 51779797040
2 1820 38664145154
2 1828 76989873280
2 1836 51102936948
2 1844 76321848349
2 1852 75992164339
2 1860 37832658160
2 1868 63766660434
2 1876 50013322089
2 1884 39028246387
2 1892 49590376447
2 1900 49381574862
2 1908 49174524233
2 1916 73453803943
2 1924 48765588482
2 1932 36422745435
2 1940 48363398060
2 1948 65195716867
2 1956 47967787442
2 1964 71658598959
2 1972 47578596469
2 1980 35539769788
2 1988 47195670139
2 1996 70509763705
2 2004 42838033505
2 2012 66622997133
2 2020 46448015960
2 2028 46264789072
2 2036 69124503121
2 2044 45902638082
2 2052 45723680427
2 2060 45546112737
2 2068 45369918877
2 2076 33470527206
2 2084 63740864682
2 2092 803505808
2 2100 33508925801
2 2108 44509009600
2 2116 62619108372
2 2124 44173725159
2 2132 44007970093
2 2140 43843454316
2 2148 38302997819
2 2156 43518085453
2 2164 175610812
2 2172 43197510239
2 2180 43038987265
2 2188 64322435263
2 2196 42725406302
2 2204 42570323157
2 2212 42416361772
2 2220 31697632513
2 2228 -467548098
2 2236 41961087763
2 2244 31358620400
2 2252 5573991665
2 2260 41515483291
2 2268 41369044196
2 2276 -39653031
2 2284 57764503076
2 2292 33087379347
2 2300 40793474886
2 2308 60978114539
2 2316 40511654679
2 2324 40372199759
2 2332 40233701645
2 2340 30072112897
2 2348 56613252347
2 2356 39823850696
2 2364 37208724853
2 2372 51930708423
2 2380 29566699235
2 2388 35579349013
2 2396 43933106453
2 2404 22106229200
2 2412 38899250514
2 2420 38770657949
2 2428 -126542380
2 2436 28887004999
2 2444 38389931357
2 2452 57397018089
2 2460 28605180560
2 2468 57024914244
2 2476 21567336335
2 2484 37771736005
2 2492 33448505563
2 2500 56294995342
2 2508 28057712990
2 2516 37291332368
2 2524 55759702201
2 2532 37055684139
2 2540 36938973322
2 2548 36822995384
2 2556 36707743442
2 2564 52235013
2 2572 54719085675
2 2580 27274707047
2 2588 -267096321
2 2596 36142138766
2 2604 27023327257
2 2612 222539195
2 2620 35811065739
2 2628 35702051841
2 2636 -213564053
2 2644 318681552
2 2652 26534217263
2 2660 26454415105
2 2668 35166788695
2 2676 35061656293
2 2684 34957150611
2 2692 52279899092
2 2700 34749997126
2 2708 51971007517
2 2716 34545284330
2 2724 30496788373
2 2732 -96413335
2 2740 34242697898
2 2748 30432161535
2 2756 34043901392
2 2764 331009947
2 2772 25385549849
2 2780 23472029974
2 2788 33653153600
2 2796 18815882791
2 2804 -186019699
2 2812 33365928961
2 2820 24953455382
2 2828 33177154256
2 2844 32990503600
2 2852 32897963618
2 2860 24604456006
2 2868 25232493726
2 2884 28666783375
2 2892 20867768378
2 2900 32353445600
2 2908 48396660370
2 2916 48263884896
2 2924 32087890643
2 2932 48000507625
2 2940 23934946999
2 2948 31826659511
2 2956 47610787671
2 2964 23741141761
2 2972 47354471183
2 2980 27282923861
2 2988 27481625258
2 2996 27352891928
2 3004 46850029413
2 3012 31150395830
2 3020 31067878224
2 3036 23178110731
2 3044 46234391707
2 3052 30742133761
2 3060 22996321628
2 3068 30581809725
2 3084 30423149235
2 3100 30266126528
2 3108 22641166081
2 3116 30110716380
2 3124 30033608271
2 3132 29956894073
2 3140 28488799108
2 3148 44706953099
2 3156 25782043618
2 3164 25301135292
2 3172 29579127439
2 3180 22128535907
2 3196 29357006333
2 3204 27876795968
2 3212 29210769689
2 3220 21853647260
2 3228 29065982725
2 3236 43491189232
2 3244 43383935991
2 3252 25341337461
2 3260 1944185878
2 3268 28710217944
2 3276 21480080641
2 3284 42855508025
2 3292 42751363413
2 3300 21323861872
2 3308 42544585355
2 3324 18045922617
2 3332 28158761176
2 3340 24299795676
2 3348 28024191230
2 3364 41836352068
2 3372 16319330048
2 3380 27758873444
2 3388 27693327107
2 3396 1898049127
2 3404 27563158707
2 3420 20575656193
2 3444 20432271830
2 3460 19515812924
2 3468 27054496032
2 3476 22701530550
2 3484 19309467540
2 3492 21049401608
2 3500 26807140639
2 3516 10653344990
2 3532 39846401007
2 3540 19878176322
2 3548 39666710359
2 3556 18214723647
2 3564 26325755398
2 3572 26266795139
2 3580 19609618569
2 3588 19612247541
2 3596 26091488386
2 3604 26033571654
2 3612 19481933604
2 3620 10611686606
2 3628 38792030969
2 3636 25804453311
2 3652 25691399847
2 3660 19226432836
2 3668 25579332672
2 3684 3481157948
2 3692 17462252887
2 3700 25358106011
2 3708 21125913550
2 3724 25194681053
2 3732 21349153795
2 3740 18815172240
2 3756 24980029882
2 3772 24874070052
2 3780 18616069889
2 3796 20804646581
2 3804 13244400375
2 3820 20769996927
2 3828 18382639547
2 3836 16753465342
2 3844 -727614434
2 3852 21031421875
2 3860 7981521270
2 3876 18154990760
2 3892 15652298715
2 3900 18043267740
2 3916 4257689863
2 3924 23910548481
2 3940 20021930440
2 3948 17823896703
2 3956 23717136562
2 3972 16088616867
2 3980 23574118653
2 3996 23479727787
2 4004 17574611435
2 4012 19265416166
2 4020 9461038050
2 4028 23293195690
2 4044 7669007012
2 4060 17332203000
2 4068 18984716637
2 4076 34528333748
2 4092 17196662800
2 4100 22884144448
2 4108 22839579415
2 4116 2715969611
2 4140 16997281203
2 4148 21243317831
2 4164 -1084850861
2 4172 14911319009
2 4180 16834627795
2 4188 1078262302
2 4212 22275639183
2 4220 22233410484
2 4228 14432362232
2 4236 -315761699
2 4260 8453859259
2 4268 9764078218
2 4284 16425944019
2 4292 21860436216
2 4300 21819765637
2 4308 18003118569
2 4316 17961754846
2 4324 21698656854
2 4332 20282570549
2 4340 16213996355
2 4356 17361772001
2 4380 7939547999
2 4396 17410825365
2 4404 13246488145
2 4420 15920530359
2 4428 21189022637
2 4444 21112734528
2 4452 11993859026
2 4460 21036993775
2 4476 6509465753
2 4484 16633696460
2 4500 20849998276
2 4508 20812997391
2 4524 15554541154
2 4532 12679260995
2 4540 9640171926
2 4548 20629945523
2 4556 20593720861
2 4564 8603637305
2 4572 12324719194
2 4580 16774957424
2 4588 20450085493
2 4596 16560126945
2 4620 12185063930
2 4628 11893204151
2 4636 20238350353
2 4644 20203486701
2 4660 12583652632
2 4668 -3846533886
2 4676 20065225029
2 4692 14997601063
2 4700 19962764307
2 4708 16257055696
2 4716 16353718943
2 4732 13706540609
2 4740 11374883024
2 4756 19727710731
2 4764 2219584958
2 4780 8480887323
2 4788 14696897280
2 4796 19563176030
2 4812 2286001015
2 4820 816519719
2 4828 11651543901
2 4836 14551022369
2 4844 19369321271
2 4860 19305553958
2 4876 19242205136
2 4884 14408014779
2 4900 19147957600
2 4908 15392276194
2 4932 3875729478
2 4940 14244685056
2 4956 9907997704
2 4964 11944619447
2 4972 9876189638
2 4980 8054102872
2 4988 16338016336
2 5004 6851452684
2 5012 4037623620
2 5020 14969493161
2 5028 490182295
2 5044 7395078841
2 5052 1444232138
2 5060 13906866439
2 5068 18513218674
2 5076 18484041025
2 5084 15973579030
2 5092 18425960769
2 5100 13797792976
2 5124 10554853950
2 5140 14273064643
2 5148 13669142227
2 5172 430937598
2 5180 13584699648
2 5196 3616450756
2 5220 13480602335
2 5236 13439408745
2 5244 13418906213
2 5252 6976295742
2 5260 2877237746
2 5268 1653801512
2 5292 12548598802
2 5300 15116848385
2 5316 878405455
2 5324 -3330218190
2 5332 17596585192
2 5340 2030208731
2 5348 1567289877
2 5356 6535462526
2 5364 5997133957
2 5372 13573568744
2 5380 13916157497
2 5388 -382442572
2 5396 9693159062
2 5404 13375625930
2 5412 8987415451
2 5420 13800748010
2 5428 13145130024
2 5436 6409489038
2 5452 17209279575
2 5460 10310438708
2 5476 25700783118
2 5484 -2989739058
2 5500 6553758349
2 5508 12832339452
2 5516 9363725411
2 5532 16960410744
2 5540 5257107534
2 5548 9092946070
2 5556 16887147632
2 5564 12943892492
2 5572 831676439
2 5580 8590102885
2 5588 12574334665
2 5604 560233652
2 5612 10815578305
2 5620 924542765
2 5628 6608687255
2 5644 16623846959
2 5652 382917050
2 5660 292822809
2 5668 16553456640
2 5676 8621466572
2 5684 16506860000
2 5700 12345393716
2 5724 16391508079
2 5740 12259363097
2 5748 -1906782587
2 5764 12296932257
2 5772 12191397120
2 5780 16232697620
2 5796 12140915146
2 5820 4174197516
2 5828 16099003473
2 5844 9003473056
2 5852 12024734139
2 5860 -550526820
2 5868 3565516750
2 5876 9586620303
2 5892 15924133103
2 5900 9103002404
2 5908 8265882239
2 5916 11894649118
2 5940 11846589931
2 5964 4729420712
2 5980 11767348526
2 5988 -4163008450
2 6004 11849958706
2 6012 5806215608
2 6020 7702648373
2 6028 7806984302
2 6036 12218180561
2 6052 3196129371
2 6060 7887533600
2 6068 11246152007
2 6076 14670093545
2 6084 7764003844
2 6100 11400321372
2 6108 11890157096
2 6116 7334354042
2 6132 3852652239
2 6140 -2383703755
2 6148 12705304575
2 6156 11449707443
2 6164 11711309687
2 6180 3744246348
2 6188 11371807400
2 6204 11342479719
2 6220 15084403897
2 6228 4204196950
2 6244 15026424125
2 6252 11215677089
2 6260 -710477463
2 6276 -1215746717
2 6292 11094338369
2 6300 11169641935
2 6308 12405456343
2 6324 7215093860
2 6340 151519645
2 6348 -1278284092
2 6356 3752444652
2 6364 5633091087
2 6372 9133193359
2 6380 11029583729
2 6396 6799344551
2 6412 -803582593
2 6420 7240119242
2 6444 7086879073
2 6460 10892994456
2 6468 7062068213
2 6492 -272391118
2 6500 11108561445
2 6516 2596597342
2 6524 3412795119
2 6532 3072947406
2 6540 10759746816
2 6556 3179635191
2 6564 10783738337
2 6572 6185144635
2 6580 3098500666
2 6588 60191656
2 6596 3099599409
2 6604 6851502656
2 6612 10642580789
2 6620 250721866
2 6636 7425778083
2 6644 2614788529
2 6660 7024559924
2 6684 56421422
2 6692 1652933886
2 6700 10282985848
2 6708 7948256970
2 6716 1149818756
2 6732 10452873468
2 6740 2829017243
2 6748 356963512
2 6756 3702559060
2 6764 6731142527
2 6780 2533758833
2 6804 10068937063
2 6812 6069808918
2 6820 6847154082
2 6828 -14223631
2 6844 9745225963
2 6852 9838718952
2 6860 234682734
2 6868 5828313537
2 6876 5796805689
2 6900 10198368722
2 6908 2213220476
2 6916 10174775040
2 6924 473252896
2 6940 6202006211
2 6948 9611892908
2 6956 62283130
2 6972 2696609066
2 6980 5750302327
2 6996 6166433427
2 7004 666974636
2 7020 10024037632
2 7028 9629425305
2 7044 -1924158284
2 7052 3575190830
2 7060 5087039412
2 7068 5880562749
2 7076 9405246624
2 7084 9933476028
2 7092 10807651596
2 7100 6145290815
2 7116 6680709689
2 7124 381742146
2 7140 17132454643
2 7164 9400628939
2 7172 585332437
2 7180 2147674653
2 7188 1772619353
2 7196 5726019794
2 7212 9898576062
2 7220 6056103165
2 7228 1542074178
2 7236 9074424853
2 7252 12937809190
2 7260 2292804074
2 7268 4939948518
2 7276 4698200971
2 7284 -100187432
2 7300 -9587393
2 7308 9629001667
2 7316 41974509
2 7332 5805963474
2 7340 1646299207
2 7348 8977260198
2 7356 12754892910
2 7364 525997536
2 7372 8763348862
2 7380 6356747827
2 7404 12672203166
2 7412 12658525666
2 7420 6305345886
2 7428 1246833048
2 7436 1714294300
2 7452 2412653547
2 7460 5103319653
2 7476 2003672580
2 7500 8468650704
2 7524 9352570997
2 7532 8986006142
2 7540 5621875953
2 7548 7921950437
2 7564 5006749608
2 7572 5554856022
2 7580 12377967314
2 7588 8894073672
2 7596 -379763683
2 7612 4857288976
2 7620 314392748
2 7636 678517415
2 7644 5427594387
2 7660 8527949167
2 7668 4173638193
2 7676 3537822444
2 7684 4426999269
2 7692 142081157
2 7700 9138797945
2 7708 1759849853
2 7716 12159796817
2 7740 5110744118
2 7748 1170796806
2 7756 1079795254
2 7764 137726906
2 7772 1594763460
2 7780 8363663994
2 7788 1802597246
2 7812 4680683014
2 7820 8998560638
2 7828 370983338
2 7836 192206746
2 7844 1457506646
2 7852 -51245086
2 7860 1771074098
2 7868 57107282
2 7876 1707752405
2 7884 205236975
2 7900 4337390271
2 7908 80185897
2 7924 385819348
2 7932 -206860093
2 7940 -1361731220
2 7956 8844739087
2 7964 -310649310
2 7980 6742491000
2 8004 1358387610
2 8020 -2382527899
2 8028 11687218765
2 8036 -34538943
2 8052 565539694
2 8060 7919149659
2 8076 11617755355
2 8084 883248398
2 8092 7211564957
2 8100 4718686788
2 8124 11549112782
2 8132 4670380812
2 8140 4973021692
2 8148 1722998543
2 8164 1249985312
2 8172 749868905
2 8180 -3290360167
2 8188 1812998398
2 8196 320243688
2 8204 3860022563
2 8220 757316606
2 8228 3732988246
2 8236 1388239943
2 8244 4587993695
2 8260 1417060433
2 8268 1917047010
2 8284 8133190867
2 8292 52766379
2 8300 4334384205
2 8308 135626323
2 8316 8461849949
2 8340 1771055179
2 8364 4942444802
2 8372 4989632969
2 8380 1347160622
2 8388 5417531455
2 8404 3994150099
2 8412 -368057236
2 8420 -2698526783
2 8428 3616543731
2 8436 3956914364
2 8460 4336993565
2 8468 3398565254
2 8476 -321943627
2 8484 1385286283
2 8492 327860263
2 2 140737488355328
2 6 23456248059221
2 10 14073748835533
2 14 10052677739666
2 18 7818749353074
2 22 6397158561606
2 26 5412980321359
2 30 3127499741230
2 34 4139337892804
2 38 3703618114614
2 42 2233928386593
2 46 3059510616420
2 50 2814749767107
2 54 2606249784358
2 58 2426508419919
2 62 2269959489602
2 66 1421590791469
2 70 1340357031956
2 74 1901857950748
2 78 1202884515858
2 82 1716310833602
2 86 1636482422736
2 90 1042499913743
2 94 1497207322929
2 98 1436096819952
2 102 919852865068
2 106 1327712154296
2 110 852954474882
2 114 823026247693
2 118 1192690579282
2 122 1153585970126
2 126 744642795532
2 130 721730709515
2 134 1050279763846
2 138 679891248094
2 142 991109072925
2 146 963955399694
2 150 625499948247
2 154 609253196344
2 158 890743597186
2 162 868749928119
2 166 847816194912
2 170 551911719041
2 174 539224093316
2 178 790660046940
2 182 515521935368
2 186 504435442135
2 190 493815748615
2 194 725450970904
2 198 473863597157
2 202 696720239383
2 206 683191691045
2 210 335089257991
2 214 657651814745
2 218 645584808969
2 222 422635100166
2 226 622732249360
2 230 407934748856
2 234 400961505287
2 238 394222656458
2 242 581559869237
2 246 381402407467
2 250 562949953421
2 254 554084599824
2 258 363662760608
2 262 537165986089
2 266 352725534725
2 270 347499971249
2 274 513640468450
2 278 506249958113
2 282 332712738430
2 286 328059413417
2 290 323534455989
2 294 319132626656
2 298 472273450857
2 302 466018173362
2 306 306617621689
2 310 302661265280
2 314 448208561641
2 318 295047145399
2 322 291381963469
2 326 431710086980
2 330 213238618720
2 334 421369725615
2 338 416383101643
2 342 274342082565
2 346 406755746692
2 350 268071406391
2 354 265042350952
2 358 393121475853
2 362 388777592142
2 366 256352437807
2 370 253581060101
2 374 250868963200
2 378 248214265178
2 382 368422744386
2 386 364604892112
2 390 180432677380
2 394 357201747095
2 398 353611779787
2 402 233395503078
2 406 231096039992
2 410 228841444480
2 414 226630416031
2 418 224461703917
2 422 333501157240
2 426 220246460651
2 430 218197656366
2 434 216186618058
2 438 214212311043
2 442 212273738093
2 446 315554906626
2 450 208499982749
2 454 309994467743
2 458 307287092479
2 462 152313299088
2 466 302011777587
2 470 199627643057
2 474 197943021598
2 478 294429891957
2 482 291986490364
2 486 289583309373
2 490 191479575994
2 494 189929134084
2 498 188403598869
2 502 280353562461
2 506 185424885844
2 510 137977929760
2 514 273808343104
2 518 181129328643
2 522 179741364439
2 526 267561764934
2 530 177028287240
2 534 175702232654
2 538 261593844527
2 542 259663262648
2 546 128880483844
2 550 170590894976
2 554 254038787645
2 558 168145147379
2 562 250422577145
2 566 248652806281
2 570 123453937156
2 574 163458174630
2 578 243490464283
2 582 161211326868
2 586 240166362381
2 590 159025410572
2 594 157954532385
2 598 156897980329
2 602 155855468832
2 606 154826719864
2 610 153811462684
2 614 229214150416
2 618 151820375789
2 622 226266058449
2 626 224820268938
2 630 111696419331
2 634 221983420119
2 638 147061116360
2 642 146144847721
2 646 145239926063
2 650 144346141904
2 654 143463290882
2 658 142591173612
2 662 212594393286
2 666 140878366722
2 670 140037301846
2 674 208809329904
2 678 138384944302
2 682 137573302400
2 686 205156688565
2 690 101983687214
2 694 202791769964
2 698 201629639478
2 702 133653835095
2 706 199344884356
2 710 132147876391
2 714 98555664115
2 718 196013214980
2 722 194927269190
2 726 129235526497
2 730 128527386627
2 734 191740447351
2 738 127134135823
2 742 126448776600
2 746 188656150610
2 750 125099989649
2 754 124436329227
2 758 185669509704
2 762 123129911072
2 766 183730402553
2 770 91387979453
2 774 121220920204
2 778 180896514596
2 782 119980808487
2 786 119370219132
2 790 118765812958
2 794 177251244780
2 798 88181383682
2 802 175483152563
2 806 116408178955
2 810 115833323749
2 814 115264118227
2 818 172050719261
2 822 114142326322
2 826 113589578979
2 830 113042159322
2 834 112499990693
2 838 167944496844
2 842 167146660755
2 846 110904246144
2 850 110382343808
2 854 109865330488
2 858 82014853356
2 862 163268547976
2 866 162514420734
2 870 80883613998
2 874 107351249700
2 878 160293266920
2 882 106377542220
2 886 158845923652
2 890 105421339592
2 894 104949655747
2 898 156723260975
2 902 104018838400
2 906 103559594081
2 910 77328290305
2 914 153979746559
2 918 102205873897
2 922 152643696698
2 926 151984328677
2 930 75665316320
2 934 150682535712
2 938 100026644177
2 942 99601902588
2 946 99180752893
2 950 98763149723
2 954 98349048467
2 958 146907607887
2 962 97531176962
2 966 72845490867
2 970 96726796121
2 974 144494341227
2 978 95935574885
2 982 143317197918
2 986 95157192938
2 990 71079539574
2 994 94391340279
2 998 141019527410
2 1002 93637716803
2 1006 139898099757
2 1010 92896031919
2 1014 92529578144
2 1018 138249006243
2 1022 91805276162
2 1026 91447360855
2 1030 91092225474
2 1034 90739837753
2 1038 90390165932
2 1042 131554631928
2 1046 134548268026
2 1050 67017851600
2 1054 89018019200
2 1058 133022200714
2 1062 88347450317
2 1066 88015940186
2 1070 87686908633
2 1074 87360327967
2 1078 87036170906
2 1082 130071615855
2 1086 86395020477
2 1090 86077974529
2 1094 128644870526
2 1098 85450812603
2 1102 85140646314
2 1106 84832723542
2 1110 63395265027
2 1114 126335267823
2 1118 83922175526
2 1122 62717240800
2 1126 40348625814
2 1130 83030966581
2 1134 82738088392
2 1138 123670903651
2 1142 123237730609
2 1146 81871720975
2 1150 81586949771
2 1154 121956229077
2 1158 81023309358
2 1162 80744399516
2 1166 80467403291
2 1170 60144225795
2 1174 115986618198
2 1178 79647701390
2 1182 79378166021
2 1186 118665673150
2 1190 59133398470
2 1194 78580395508
2 1198 117477035355
2 1202 117086096801
2 1206 77798501026
2 1210 77541315898
2 1214 375233376
2 1218 57774009998
2 1222 76779862714
2 1226 114794036179
2 1230 57210361120
2 1234 114049828489
2 1238 113681331466
2 1242 75543472011
2 1246 75300956852
2 1250 112589990684
2 1254 56115425981
2 1258 74582664735
2 1262 111519404402
2 1266 74111368276
2 1270 73877946643
2 1274 73645990768
2 1278 73415486883
2 1282 -4187995291
2 1286 109438171349
2 1290 54549414091
2 1294 305766087
2 1298 72284277532
2 1302 54046654515
2 1306 107762242232
2 1310 71622131479
2 1314 71404103681
2 1318 378236702
2 1322 -170970963
2 1326 53068434523
2 1330 52908830211
2 1334 70333577390
2 1338 70123312584
2 1342 69914301221
2 1346 104559798184
2 1350 69499994250
2 1354 103942015033
2 1358 69090568658
2 1362 68887659499
2 1366 -119210474
2 1370 68485395794
2 1374 68286020552
2 1378 68087802785
2 1382 97658616250
2 1386 50771099696
2 1390 67499994415
2 1394 67306307200
2 1398 67113728353
2 1402 -91279323
2 1406 66731857922
2 1410 49906910765
2 1414 66354308513
2 1422 65981007200
2 1426 65795927236
2 1430 49208912013
2 1434 65428864879
2 1438 97870297883
2 1442 65065875338
2 1446 64885886748
2 1450 64706891199
2 1458 96527769791
2 1462 64175781285
2 1466 96001015249
2 1470 47869893999
2 1474 63653319022
2 1482 47482283522
2 1490 62969793448
2 1494 62801199623
2 1498 62633506166
2 1502 132618850
2 1506 62300791659
2 1510 62135756448
2 1514 92957389931
2 1518 46356221463
2 1522 92468783413
2 1526 61484267522
2 1530 45992643254
2 1534 61163619451
2 1538 -2870830632
2 1542 60846298468
2 1546 91033304240
2 1550 60532253056
2 1554 45282332162
2 1558 60221432759
2 1562 60067216542
2 1566 59913788146
2 1570 59761141552
2 1574 130303126
2 1578 59458169986
2 1582 59307833273
2 1586 59158254878
2 1590 44257071812
2 1598 58714012665
2 1602 58567410885
2 1606 58421539376
2 1610 43707294521
2 1614 58131965451
2 1622 86767871982
2 1626 57702947255
2 1630 57561344931
2 1634 57420435886
2 1638 42960161282
2 1642 286400923
2 1646 145292033
2 1650 42647723744
2 1662 44838626727
2 1666 56317522351
2 1670 56182630083
2 1674 56048382459
2 1682 83672704135
2 1686 55649461589
2 1690 55517746887
2 1694 55386654213
2 1698 55256179174
2 1702 55126317414
2 1710 41151312386
2 1722 40864543657
2 1730 54234099560
2 1734 54108992064
2 1738 53984460436
2 1742 53860500710
2 1746 53737108957
2 1750 53614281278
2 1754 80238020727
2 1758 53370302752
2 1770 39756352644
2 1778 52769961888
2 1782 52651510795
2 1786 52533590278
2 1790 52416196781
2 1794 39224495083
2 1798 52182976773
2 1802 52067143307
2 1806 38963867208
2 1810 51837012286
2 1814 77584061938
2 1818 51608906622
2 1826 51382799692
2 1830 38452865673
2 1834 51158665343
2 1842 50936477870
2 1846 50826106305
2 1850 50716212021
2 1854 50606791929
2 1862 50389362104
2 1866 50281346322
2 1870 37630344480
2 1878 49960059764
2 1886 49748140105
2 1890 37232139778
2 1898 49433610242
2 1902 31885971083
2 1906 73839185916
2 1910 49123032586
2 1914 36765279091
2 1918 48918139853
2 1922 73224499665
2 1926 48714949241
2 1930 48613985616
2 1938 36309981518
2 1946 48214281725
2 1950 36086535477
2 1958 47918790724
2 1962 47821096962
2 1970 47626899613
2 1974 35647793403
2 1978 47434273124
2 1986 39710216121
2 1990 47148237306
2 1998 46959455574
2 2002 35149222868
2 2006 46772179581
2 2010 35009325463
2 2014 46586391380
2 2022 27028660224
2 2030 34664406001
2 2034 42101281964
2 2038 69056667495
2 2046 34393325600
2 2050 45768288896
2 2054 45679158830
2 2058 45590375237
2 2070 33994562406
2 2074 45238665495
2 2082 41523520191
2 2086 44978423891
2 2090 33669255588
2 2094 39449746737
2 2106 44551278365
2 2110 44466820966
2 2114 44382683178
2 2118 40521741243
2 2130 33036969098
2 2134 39765976886
2 2142 32851888038
2 2146 43720872432
2 2150 43639531274
2 2154 43558492219
2 2158 43477753585
2 2162 43397313708
2 2166 43317170931
2 2170 32427992710
2 2178 43078508833
2 2190 32131846657
2 2198 42686529680
2 2202 42608988300
2 2210 31841060716
2 2214 42378045274
2 2222 42225469054
2 2226 31612194152
2 2230 42073987550
2 2238 34293099256
2 2242 41848792256
2 2250 41699996551
2 2254 41625994781
2 2262 31109082308
2 2266 41405557033
2 2270 37325223349
2 2274 41259891045
2 2278 41187441720
2 2282 21413218940
2 2286 41043303692
2 2290 40971612331
2 2294 40900170985
2 2298 37108234008
2 2310 24370127856
2 2314 36462846676
2 2318 40476700706
2 2322 40406973402
2 2330 40268237012
2 2334 32648759592
2 2338 40130450059
2 2346 29995202124
2 2350 39925528612
2 2354 39857685742
2 2358 39790073044
2 2366 31655218821
2 2370 27758731439
2 2378 39455421462
2 2382 32089605829
2 2390 33326824762
2 2394 29393794561
2 2398 39126352060
2 2406 5374275883
2 2410 38931532049
2 2414 38867022468
2 2418 29102044739
2 2422 38738642542
2 2430 38611107917
2 2438 38484410270
2 2442 28816029559
2 2450 38295915200
2 2454 11840705118
2 2466 30341837524
2 2470 28489370113
2 2478 28397394747
2 2482 37802172537
2 2486 37741348446
2 2490 24482385370
2 2494 37620285580
2 2502 12895113727
2 2506 30841660737
2 2510 37380474996
2 2514 4583702033
2 2522 33127213967
2 2526 33289340163
2 2530 27813732878
2 2534 29538078392
2 2538 36968082048
2 2542 36909910400
2 2546 36851921539
2 2550 27595585952
2 2562 27466332622
2 2570 36507779081
2 2574 27338284452
2 2586 17017782434
2 2590 27169399297
2 2598 36114315719
2 2610 26961204668
2 2618 26878817487
2 2622 26837812426
2 2626 35729243045
2 2630 31727860615
2 2634 35620725982
2 2646 35459180740
2 2650 35405657449
2 2658 603930562
2 2662 52869079022
2 2666 35193170382
2 2670 21603739710
2 2674 35087880419
2 2678 30942495955
2 2682 33529675044
2 2686 34931121458
2 2690 34879179270
2 2694 16980571833
2 2698 34775756946
2 2702 34724275439
2 2706 26004709600
2 2710 30845640812
2 2714 34570741429
2 2718 30741710233
2 2726 34418559149
2 2730 20620877417
2 2742 34217721458
2 2750 34118178995
2 2754 34068624632
2 2758 31597171267
2 2766 30410685322
2 2770 18318670786
2 2774 33822996481
2 2778 33774295262
2 2782 33725734090
2 2786 29901184821
2 2790 25221772108
2 2794 25410627542
2 2802 12172341236
2 2806 33437274497
2 2810 29598157587
2 2814 25006661046
2 2822 33247693918
2 2826 21421531251
2 2830 29019547129
2 2834 33106913281
2 2838 24795188224
2 2842 33013720000
2 2850 24690787433
2 2862 31908320389
2 2870 24518726195
2 2874 17028976600
2 2882 32555514309
2 2886 24382794241
2 2890 24566584251
2 2898 24281830289
2 2910 20159965354
2 2914 32198006946
2 2922 -637633104
2 2926 24049468278
2 2930 32022181652
2 2934 24363829445
2 2938 31934987147
2 2946 31848266205
2 2950 31805082114
2 2954 31762014975
2 2958 23789298236
2 2970 23693179860
2 2982 19529297965
2 2990 23534697050
2 2994 28011620014
2 3002 31254161306
2 3006 19885875531
2 3010 23378320327
2 3014 31129725361
2 3018 31088466613
2 3026 26695607822
2 3030 15922036965
2 3034 30924519525
2 3038 30883802580
2 3042 30843192714
2 3050 30762292538
2 3054 27251157789
2 3058 26602374895
2 3066 22951319041
2 3070 14997211704
2 3074 30522118490
2 3078 30482453618
2 3082 30442891707
2 3090 21360650332
2 3094 22743614797
2 3102 22684959439
2 3110 26377288427
2 3114 30130055311
2 3122 30052848250
2 3126 -4163368840
2 3130 22723869538
2 3138 286444851
2 3146 29823583039
2 3150 22339283868
2 3154 29747936664
2 3162 22254504800
2 3170 11155447562
2 3174 15299960431
2 3178 22034923686
2 3182 29486169779
2 3186 29449150107
2 3190 22059167456
2 3198 22003985046
2 3206 29265437380
2 3210 21921727158
2 3222 19110611952
2 3230 21785988910
2 3234 17518802733
2 3246 -270614821
2 3250 28869228381
2 3258 20622831522
2 3262 25066922791
2 3266 26115831184
2 3270 21519493633
2 3278 16834486104
2 3282 -334878346
2 3286 28552949556
2 3290 21388676044
2 3294 28483604201
2 3298 28449057683
2 3302 24606096690
2 3306 21285161578
2 3310 20599564893
2 3318 17698044719
2 3322 28243525658
2 3330 21131755009
2 3342 255317290
2 3346 20169981977
2 3350 28007460369
2 3354 17284440234
2 3358 23738088251
2 3366 20905746934
2 3370 -2014902017
2 3374 27808237178
2 3378 -3107591517
2 3382 27742457788
2 3390 17085954471
2 3402 27579362798
2 3406 23537550869
2 3410 20635995360
2 3414 351087620
2 3422 27418174237
2 3426 -2638675903
2 3430 23578097602
2 3434 19095610545
2 3438 23087925686
2 3450 20396737445
2 3454 27164155252
2 3458 20349550081
2 3462 27101384240
2 3470 19581547275
2 3474 23195531735
2 3478 26976708521
2 3486 15894600557
2 3490 945693771
2 3498 20116850824
2 3502 22614348607
2 3510 20048075265
2 3514 26700339283
2 3522 22747699168
2 3526 26609470289
2 3530 1170693663
2 3534 19911925348
2 3538 26519217704
2 3542 19866952056
2 3546 22667869309
2 3550 22355767610
2 3558 19865784484
2 3562 24939654187
2 3570 15768906259
2 3582 22652147590
2 3586 18613357840
2 3590 26135095331
2 3594 11300596633
2 3598 26076985058
2 3606 -2196459933
2 3610 24614287643
2 3614 21777790807
2 3618 25932833675
2 3626 25875618378
2 3630 19385328976
2 3634 21641172577
2 3638 21998747880
2 3642 381962473
2 3650 21773037850
2 3654 19258003334
2 3658 25649259770
2 3666 19194965680
2 3670 15156705075
2 3674 25537559128
2 3678 25509785818
2 3682 21535031476
2 3686 21588265738
2 3690 19070120374
2 3702 25344406332
2 3706 25317051332
2 3710 18967316492
2 3714 -1707110592
2 3718 25235339494
2 3726 25181157338
2 3730 8082693618
2 3738 15283921635
2 3750 3627774457
2 3762 18705141995
2 3766 24913699480
2 3770 18665449386
2 3774 18645666186
2 3782 24808300434
2 3786 -2211449320
2 3790 21214617047
2 3794 21258990941
2 3798 17984159484
2 3806 24651863437
2 3810 18469486663
2 3818 14543285781
2 3822 18411497693
2 3830 17279342277
2 3834 20203401309
2 3838 24446324190
2 3842 24420872525
2 3846 47560549
2 3850 18277595891
2 3854 24344834519
2 3858 24319593633
2 3870 18183138031
2 3874 8942873029
2 3878 500620330
2 3882 -340833439
2 3886 24144362387
2 3890 24119535280
2 3894 18071069383
2 3906 18015551507
2 3910 17997121273
2 3914 14251059460
2 3918 385180667
2 3922 23922741520
2 3926 19934506711
2 3930 14114013505
2 3934 17577891729
2 3938 20034024625
2 3942 19948144007
2 3950 23753162592
2 3954 87952663
2 3962 -286915578
2 3966 -756641840
2 3970 6158501508
2 3978 17689478175
2 3982 3483957650
2 3990 14109021389
2 4002 17583394347
2 4010 1479741090
2 4014 23374437529
2 4018 23351167804
2 4026 13275927335
2 4030 17461226843
2 4038 23235510708
2 4042 23212516635
2 4046 23189568028
2 4050 21789752840
2 4062 23098225564
2 4066 19143062798
2 4070 17289617734
2 4074 5950553684
2 4082 19274205702
2 4086 8573809293
2 4090 2606553618
2 4094 19005523980
2 4098 25671060
2 4102 15040569682
2 4110 9512376432
2 4114 13563446070
2 4118 4850155788
2 4122 19220689270
2 4130 16154918511
2 4134 13074909320
2 4142 22652098560
2 4146 18452761734
2 4150 18474271489
2 4154 18545313326
2 4158 16923699899
2 4170 6239564551
2 4182 16826576800
2 4186 16810497893
2 4190 3633513569
2 4194 7444018108
2 4202 14821662653
2 4206 -228240702
2 4210 4167531708
2 4214 22265066976
2 4218 12759118850
2 4230 16635636922
2 4234 15712977124
2 4238 14621859426
2 4242 9330084908
2 4246 18110754399
2 4250 14352509921
2 4254 22055710447
2 4266 21993669066
2 4270 12688280207
2 4278 16448981810
2 4290 13122376539
2 4294 21850254364
2 4298 10748485821
2 4302 7501618519
2 4310 -438061504
2 4314 14716280496
2 4318 5353197523
2 4326 8450631220
2 4330 -2851477598
2 4334 19168232575
2 4338 2945648767
2 4342 17897855138
2 4346 21588815517
2 4350 16176722800
2 4354 14036884722
2 4362 -1221562565
2 4366 12632882972
2 4370 16102687457
2 4374 32175923264
2 4378 17720168217
2 4382 13719780547
2 4386 11860199816
2 4390 10499463839
2 4398 21333558944
2 4402 656052098
2 4410 15956631335
2 4422 15913329755
2 4430 4017758422
2 4434 21160350077
2 4438 6029503246
2 4446 15827427840
2 4450 12989665696
2 4454 13126001316
2 4458 21046431638
2 4462 21027564374
2 4466 15756548182
2 4470 10154744450
2 4482 16717625454
2 4490 13675449889
2 4494 8410474014
2 4498 20859269061
2 4506 -315795858
2 4510 12409967347
2 4514 19360569557
2 4518 17046186216
2 4522 15561420651
2 4526 12778312389
2 4530 8279814122
2 4542 20657197763
2 4550 15465658061
2 4554 15452073821
2 4558 16500862165
2 4566 20548618536
2 4570 3685265739
2 4578 15371066880
2 4582 20476864303
2 4590 15330881085
2 4598 16312634067
2 4602 15290904864
2 4606 10877517578
2 4610 16842356726
2 4614 -2396340623
2 4626 20282099489
2 4630 20264577158
2 4634 673259925
2 4638 20229623165
2 4642 17600223318
2 4646 17789924104
2 4650 14396621733
2 4654 9353983342
2 4658 16288401241
2 4662 15094110720
2 4670 9408435366
2 4674 15055358190
2 4686 10288359980
2 4690 11212477261
2 4698 16246792325
2 4706 7863769553
2 4710 6445339028
2 4718 633828867
2 4722 -101435091
2 4726 11481999463
2 4730 14877112936
2 4734 19819389995
2 4738 5310358349
2 4746 11500905573
2 4750 19752629945
2 4758 11318720123
2 4770 14752357272
2 4774 12216522009
2 4790 5038510518
2 4794 10697678271
2 4806 15320497432
2 4810 14629676544
2 4814 19490027469
2 4818 8158467723
2 4826 7911857688
2 4830 11655278541
2 4838 9599980889
2 4842 15906478220
2 4850 12959455327
2 4858 1660581586
2 4862 14473209416
2 4866 19281749330
2 4870 -110295362
2 4878 15908263008
2 4886 11525894264
2 4890 6460279293
2 4898 3042315736
2 4902 14355108972
2 4906 19124539796
2 4910 19108959723
2 4914 14320053760
2 4922 15098510288
2 4926 348600521
2 4930 14273578942
2 4938 -55992986
2 4942 1532199790
2 4950 14215907916
2 4958 14789799335
2 4962 18908704603
2 4966 3613145591
2 4970 6849575314
2 4978 18847929337
2 4982 18832796516
2 4986 18817687975
2 4990 1281017193
2 4994 1779172283
2 4998 14079380590
2 5002 10484591585
2 5010 6401360979
2 5014 18712603159
2 5018 -378201929
2 5022 14392094484
2 5026 7748052224
2 5030 -1015253393
2 5038 7866588307
2 5046 15267881507
2 5050 7210123801
2 5054 15093658230
2 5058 1497042342
2 5066 10497009963
2 5070 6365254821
2 5074 12080347235
2 5082 10070536013
2 5090 18433200833
2 5094 13209170554
2 5106 13781579353
2 5110 9851816870
2 5122 14337213416
2 5126 406167309
2 5130 13717104128
2 5134 10753010268
2 5138 -1638747224
2 5146 6463769404
2 5150 10286936011
2 5162 5846313224
2 5166 9422176395
2 5170 10432663304
2 5174 6778792143
2 5190 5957288035
2 5194 18064110944
2 5198 6728662317
2 5202 18036330688
2 5206 13888312202
2 5210 14217116380
2 5214 9800011464
2 5222 4440537192
2 5226 8048146987
2 5230 -466496436
2 5238 9382420240
2 5246 9851492895
2 5250 9627442780
2 5254 9553885031
2 5258 7515200897
2 5262 17830671274
2 5270 10981401887
2 5274 3649264777
2 5278 13332463847
2 5282 10001922734
2 5290 14410240684
2 5302 2501073916
2 5306 17682810449
2 5310 9360125564
2 5330 8387538927
2 5334 2813341965
2 5338 13800678799
2 5346 17550503599
2 5350 13556556830
2 5358 11733747310
2 5362 -1919764347
2 5370 2276897821
2 5382 13074831694
2 5390 12186431592
2 5394 8735075664
2 5402 5360017263
2 5406 10364491007
2 5410 324932243
2 5418 9446638156
2 5430 6239623131
2 5434 12949713688
2 5446 3553775264
2 5450 17215594907
2 5454 1297903587
2 5470 369204412
2 5474 12855086625
2 5478 6038606029
2 5486 17102623448
2 5490 8116309605
2 5494 13185727752
2 5502 9248348756
2 5510 12771096949
2 5518 3507007671
2 5522 16991124998
2 5526 2343121999
2 5530 12724908531
2 5538 5397400848
2 5542 5278527564
2 5546 3650346341
2 5550 11849095116
2 5558 16881070932
2 5562 13092803102
2 5566 13078653344
2 5570 13854471
2 5586 8600488172
2 5590 12588326330
2 5598 13219131194
2 5610 10034758528
2 5614 -4299976889
2 5626 6652549010
2 5630 2066779471
2 5634 2593942399
2 5642 8776201243
2 5650 8578333264
2 5654 8681180665
2 5658 2237292637
2 5662 1746656059
2 5670 8887281123
2 5678 8880006423
2 5690 16489453820
2 5694 4161469908
2 5698 12349726955
2 5706 1692994710
2 5710 16431697415
2 5718 16408707981
2 5726 12661312397
2 5730 1662779374
2 5734 8084873664
2 5738 9068433207
2 5742 12255093032
2 5746 12857905486
2 5750 12158584808
2 5754 1831286600
2 5762 8679180542
2 5766 16272111037
2 5770 -6208463712
2 5778 12383954186
2 5782 6628328666
2 5786 -1217787301
2 5790 1030624301
2 5798 -4471566079
2 5810 -195018530
2 5814 12103327174
2 5822 4163417838
2 5830 7994415782
2 5838 1184478335
2 5842 4455970474
2 5846 11915273809
2 5850 12028845160
2 5858 6353199564
2 5866 -1390391809
2 5870 -2913108763
2 5874 2704580065
2 5882 8325934240
2 5886 15940365654
2 5890 7669795476
2 5894 -2445591703
2 5902 12121024652
2 5910 977424401
2 5918 12330740258
2 5922 8070359750
2 5930 -3829451569
2 5934 7851195932
2 5950 11826679695
2 5954 4648814785
2 5958 596159314
2 5962 12411114688
2 5966 12015767458
2 5970 4955324740
2 5974 2656258480
2 5978 1142925714
2 5986 7872828139
2 5990 -3451950231
2 5994 10235660117
2 6006 9373126099
2 6010 -4508105797
2 6014 6643392024
2 6018 7712220000
2 6026 15570028582
2 6030 6534474141
2 6034 4487887951
2 6042 7925853509
2 6050 11716743814
2 6058 7818043490
2 6062 1036856777
2 6066 4497459793
2 6070 10664907
2 6086 1360878109
2 6090 6207325549
2 6094 3181793211
2 6102 6696998308
2 6106 2799903637
2 6110 8883500181
2 6118 11501919612
2 6130 15305871491
2 6138 11464441868
2 6142 1970264532
2 6146 15266025422
2 6150 9010092927
2 6154 81913206
2 6162 7236044202
2 6170 15206643799
2 6174 1873355058
2 6182 8125672141
2 6190 -776782191
2 6194 1965668880
2 6202 1909919167
2 6206 11577114944
2 6210 11331520803
2 6214 3725038119
2 6222 7455304148
2 6226 11257628997
2 6230 3200541306
2 6246 7499470114
2 6254 891654097
2 6258 2137339975
2 6262 1493382521
2 6266 776180772
2 6270 8978468159
2 6278 1638968494
2 6282 1059297338
2 6286 5136862895
2 6290 7395880345
2 6298 6899463191
2 6302 1144893361
2 6310 8033065008
2 6314 7414182693
2 6318 8346061017
2 6322 14841030091
2 6330 -202263585
2 6342 4193161180
2 6346 11064158316
2 6350 2852105883
2 6354 3592724909
2 6358 11286154237
2 6370 7138553723
2 6386 2392798542
2 6390 1030204302
2 6394 6212317431
2 6398 -1325419760
2 6402 2792465287
2 6410 -1083476489
2 6422 3360105424
2 6426 10950629346
2 6430 14591756181
2 6438 6728245245
2 6446 7437965003
2 6450 7118363452
2 6454 14537494924
2 6462 3710695277
2 6466 1126593406
2 6470 14501544395
2 6474 4793271354
2 6478 3509002414
2 6482 14474697969
2 6486 4644018738
2 6490 3515052314
2 6494 5444962088
2 6498 14439056977
2 6510 6170738309
2 6526 14377105767
2 6530 -1565994089
2 6534 10175757437
2 6538 3668148292
2 6550 3378248923
2 6554 402501714
2 6562 -26436710
2 6566 6614042642
2 6570 1077568933
2 6574 285869176
2 6578 10697589570
2 6586 406998699
2 6590 14237479855
2 6594 2844092850
2 6606 3794308195
2 6610 14194401246
2 6622 6718164348
2 6630 8490949526
2 6634 6880987863
2 6642 1269682585
2 6650 10581766044
2 6666 3677542420
2 6670 7357178196
2 6674 87853293
2 6678 6498756326
2 6682 14041453493
2 6690 7340184528
2 6698 4732527040
2 6706 2912873815
2 6710 7308832824
2 6714 3162956153
2 6726 728929461
2 6730 -1992986628
2 6734 7123716215
2 6750 3574600265
2 6754 3294227374
2 6758 13883544280
2 6762 3757342737
2 6766 -780962191
2 6786 6388869205
2 6790 6667481653
2 6794 2679960566
2 6798 2338259518
2 6802 -432408772
2 6806 2748370576
2 6810 453425994
2 6818 1658736490
2 6822 13753297015
2 6834 7104002019
2 6838 2509616815
2 6842 10387041707
2 6846 1468101153
2 6850 2491760429
2 6854 5307493958
2 6858 2084288371
2 6862 882322508
2 6870 3620191616
2 6874 13649256945
2 6878 71350794
2 6882 2299363007
2 6886 874306021
2 6890 4957730967
2 6894 9888915112
2 6902 10195413529
2 6910 -2394771903
2 6930 8123375952
2 6942 1705168488
2 6946 9729618681
2 6950 2280967866
2 6954 6138350281
2 6958 82851499
2 6966 1999191985
2 6970 6365253228
2 6974 540830769
2 6986 -3240267387
2 6990 445826038
2 6994 9944225352
2 7002 3689138757
2 7006 1469421761
2 7014 2134385764
2 7018 4048524181
2 7030 10009778688
2 7038 9998400708
2 7042 -2808043898
2 7046 9845221153
2 7050 6204260208
2 7062 6110059209
2 7070 2120278651
2 7074 9542613344
2 7098 2666912234
2 7102 571894885
2 7106 9902722233
2 7110 5762990707
2 7126 -2767721030
2 7130 2709407017
2 7134 6537802622
2 7138 2612171124
2 7146 -4444187166
2 7150 9841782403
2 7154 213178523
2 7170 -851925231
2 7174 9406689580
2 7178 2472091840
2 7182 9797931520
2 7190 6016698462
2 7194 9781588016
2 7198 2582686649
2 7202 5957325790
2 7210 2887788318
2 7218 2059729298
2 7222 5140730158
2 7230 1755008941
2 7238 6306509498
2 7242 3583864136
2 7250 9230529499
2 7254 5566521205
2 7258 -955476002
2 7266 -113418542
2 7270 -3028516954
2 7282 2025473552
2 7290 4857201932
2 7294 5561655714
2 7298 3097578473
2 7306 -203530875
2 7310 5850239653
2 7314 4382397359
2 7322 -5095074749
2 7326 6064025607
2 7330 12800135367
2 7334 2879835432
2 7350 1371943335
2 7358 344536922
2 7362 2464164771
2 7366 105724595
2 7370 2017193365
2 7378 5813174524
2 7398 4756800962
2 7406 5927112299
2 7410 7597165364
2 7414 1685212924
2 7426 6391166516
2 7434 1418223428
2 7446 372888978
2 7450 -827754003
2 7458 443225381
2 7462 5471772731
2 7470 2613086048
2 7474 3761641888
2 7482 3101222733
2 7486 8552569739
2 7490 6216713566
2 7498 8658973627
2 7502 37302071
2 7506 3621439572
2 7510 12493341178
2 7514 5597529374
2 7518 507332317
2 7526 66613328
2 7530 9345118750
2 7542 1089784436
2 7546 4907589299
2 7550 5644373866
2 7562 3708059091
2 7566 1146756863
2 7570 -3776567221
2 7574 8611645398
2 7578 -1868644381
2 7582 9196389860
2 7590 7416995436
2 7598 2129623910
2 7602 838695584
2 7610 -4190184404
2 7614 1205968825
2 7618 12316223713
2 7622 494696610
2 7626 739056848
2 7630 9222640128
2 7634 5295391705
2 7638 5215302941
2 7650 9198528652
2 7654 1562817317
2 7658 8741756264
2 7670 2071368227
2 7678 -219903333
2 7682 -1169197725
2 7686 5363924842
2 7690 -4486423935
2 7710 5146119873
2 7714 6011221858
2 7718 483006435
2 7722 9112761486
2 7738 519038547
2 7742 4095207498
2 7750 912803478
2 7758 220583664
2 7766 4766556640
2 7770 4066860787
2 7774 490093184
2 7786 1462003205
2 7790 6380920095
2 7794 8317360903
2 7798 -4414205049
2 7802 700973357
2 7810 540640996
2 7826 4574099236
2 7830 5463636086
2 7850 241826471
2 7854 3744674721
2 7866 8109485307
2 7874 832805956
2 7878 811889000
2 7882 11903703659
2 7890 2009528662
2 7898 4846914198
2 7902 -2876315587
2 7906 442649158
2 7910 1019091452
2 7918 1586452916
2 7922 3408915619
2 7930 1212420381
2 7938 1312440938
2 7942 11813773890
2 7946 -1124939663
2 7950 2703908062
2 7954 1555281786
2 7958 287289800
2 7966 -1629878201
2 7974 738106066
2 7982 -3224225585
2 7986 11748684227
2 7990 2269633777
2 7994 11736926725
2 7998 1998654689
2 8010 979117184
2 8018 1713184004
2 8022 923488965
2 8030 1331327518
2 8034 326971342
2 8046 729499323
2 8050 8741458904
2 8058 5222644199
2 8062 473552632
2 8066 7497998345
2 8070 8719794819
2 8074 1664808659
2 8078 3583464038
2 8082 11609130443
2 8086 -1095656437
2 8094 469832410
2 8106 4960324525
2 8110 11569049598
2 8118 5557246285
2 8122 4039692987
2 8126 142949873
2 8130 1553261803
2 8134 1422584341
2 8138 4296630904
2 8142 177165866
2 8150 2815581050
2 8154 3987882328
2 8162 4972055072
2 8170 1255230925
2 8174 966732867
2 8178 498861512
2 8190 6873625808
2 8194 5241507953
2 8206 1769198688
2 8214 11422570276
2 8218 4198965764
2 8226 1225064651
2 8230 11400363578
2 8234 243450614
2 8242 1120531100
2 8246 2981871059
2 8250 3615746417
2 8262 7045539683
2 8270 11345222762
2 8274 1785173562
2 8282 60002046
2 8294 5068679199
2 8298 11306940496
2 8302 -2054534191
2 8310 1593219362
2 8322 1209357313
2 8326 1750650954
2 8330 4483767199
2 8334 -1735185887
2 8338 -2935962813
2 8342 -33265798
2 8346 592607750
2 8350 38866797
2 8358 1440114459
2 8362 -500038963
2 8366 631888963
2 8370 4248452225
2 8374 2878077805
2 8378 1734846087
2 8382 831461753
2 8386 11188289082
2 8398 8379226505
2 8406 -3097193198
2 8410 11156360552
2 8414 2425931046
2 8418 2575746809
2 8426 11135175912
2 8430 1024138679
2 8442 850695791
2 8446 1494818081
2 8450 3970436778
2 8466 4419931496
2 8470 4981945389
2 8474 11072101988
2 8478 3148012582
2 8490 852130523
2 8494 2934534882
3 2187 128703693054
3 4374 32175923263
3 729 386111079164
3 1458 96527769791
3 2916 48263884895
3 3645 46642520782
3 5103 35592530171
3 5832 38481966606
3 7290 28896704053
3 8019 37370349253
3 243 1158333237492
3 486 289583309373
3 972 144791654686
3 1215 115833323749
3 1701 82738088392
3 1944 72395827343
3 2430 38611107916
3 2673 52651510795
3 3159 44551278365
3 3402 27579362797
3 3888 36197913671
3 4131 34068624632
3 4617 30482453618
3 4860 19305553958
3 5346 17550503598
3 5589 25181157337
3 6075 23166664750
3 6318 27859156333
3 6804 21231170072
3 7047 19971262715
3 7533 18682794153
3 7776 25944615888
3 8262 19977545268
3 81 3474999712477
3 162 868749928119
3 324 434374964059
3 405 347499971248
3 567 248214265177
3 648 217187482029
3 810 115833323749
3 891 157954532385
3 1053 133653835095
3 1134 82738088392
3 1296 108593741014
3 1377 102205873896
3 1539 91447360855
3 1620 57916661874
3 1782 52651510795
3 1863 75543472010
3 2025 69499994250
3 2106 44551278365
3 2268 41369044196
3 2349 59913788146
3 2511 56048382459
3 2592 54296870507
3 2754 34068624632
3 2835 33095235358
3 2997 46959455574
3 3078 30482453618
3 3240 28958330937
3 3321 42378045274
3 3483 40406973401
3 3564 26325755397
3 3726 25181157336
3 3807 36968082048
3 3969 35459180740
3 4050 25920488571
3 4212 22275639182
3 4293 32783016155
3 4455 21060604318
3 4536 28871039936
3 4698 27420203497
3 4779 29449150106
3 4941 28483604201
3 5022 27264193491
3 5184 27148435253
3 5265 26061858596
3 5427 25932833675
3 5508 25438258044
3 5670 22981009672
3 5751 25301786852
3 5913 15635723423
3 5994 26488135340
3 6156 22824265541
3 6237 26302276727
3 6399 21993669066
3 6480 27308040908
3 6642 23273454177
3 6723 26037975323
3 6885 20710085014
3 6966 25762666035
3 7128 21124527492
3 7209 25746465056
3 7371 25023949281
3 7452 26158501946
3 7614 22993057715
3 7695 25518582081
3 7857 15848229678
3 7938 24989475635
3 8100 25312623550
3 8181 -10059926233
3 8343 14126503906
3 8424 27006071103
3 27 10424999137431
3 54 2606249784357
3 108 1303124892178
3 135 1042499913743
3 189 744642795531
3 216 651562446089
3 270 347499971247
3 297 473863597156
3 351 400961505286
3 378 248214265176
3 432 325781223044
3 459 306617621689
3 513 274342082564
3 540 173749985623
3 594 157954532385
3 621 226630416031
3 675 208499982749
3 702 133653835095
3 756 124107132588
3 783 179741364438
3 837 168145147378
3 864 162890611522
3 918 102205873896
3 945 99285706072
3 999 140878366722
3 1026 91447360854
3 1080 86874992811
3 1107 127134135822
3 1161 121220920203
3 1188 78977266192
3 1242 75543472010
3 1269 110904246143
3 1323 106377542219
3 1350 69499994249
3 1404 66826917547
3 1431 98349048466
3 1485 63181812954
3 1512 62053566294
3 1566 59913788146
3 1593 88347450317
3 1647 85450812602
3 1674 56048382459
3 1728 81445305761
3 1755 53461534038
3 1809 77798501026
3 1836 51102936948
3 1890 37232139776
3 1917 73415486883
3 1971 71404103681
3 1998 46959455574
3 2052 45723680427
3 2079 45129866397
3 2133 65981007199
3 2160 43437496405
3 2214 42378045274
3 2241 62801199623
3 2295 40882349559
3 2322 40406973400
3 2376 39488633096
3 2403 58567410884
3 2457 38186810027
3 2484 37771736005
3 2538 36968082047
3 2565 36578944343
3 2619 53737108956
3 2646 35459180739
3 2700 34749997124
3 2727 51608906621
3 2781 50606791929
3 2808 33413458773
3 2862 31908320388
3 2889 48714949240
3 2943 47821096961
3 2970 23693179857
3 3024 31026783147
3 3051 46128314767
3 3105 30217388804
3 3132 29956894073
3 3186 29449150105
3 3213 29201678256
3 3267 43078508832
3 3294 28483604200
3 3348 28024191229
3 3375 41699996550
3 3429 27407098536
3 3456 40722652880
3 3510 20048075264
3 3537 39790073044
3 3591 26127817387
3 3618 25932833675
3 3672 25551468474
3 3699 38047442107
3 3753 20335816702
3 3780 18616069888
3 3834 20203401309
3 3861 24300697290
3 3915 23965515259
3 3942 19948144005
3 3996 23479727787
3 4023 34983218582
3 4077 34519864693
3 4104 22861840213
3 4158 16923699898
3 4185 22419352985
3 4239 24914148270
3 4266 21993669066
3 4320 21718748202
3 4347 21583849147
3 4401 -1146181439
3 4428 21189022637
3 4482 16717625452
3 4509 31212572268
3 4563 12191101642
3 4590 15330881084
3 4644 20203486700
3 4671 15600634934
3 4725 19857141214
3 4752 19744316548
3 4806 15320497430
3 4833 572750678
3 4887 8720019497
3 4914 14320053760
3 4968 18885868002
3 4995 18783782230
3 5049 18582886164
3 5076 18484041023
3 5130 13717104128
3 5157 23263540854
3 5211 27007769786
3 5238 9382420238
3 5292 12548598800
3 5319 26459388674
3 5373 18721233981
3 5400 17374998562
3 5454 2621113169
3 5481 17118225185
3 5535 16951218110
3 5562 13092803102
3 5616 16706729386
3 5643 16626792883
3 5697 20569629050
3 5724 16391508077
3 5778 12383954185
3 5805 14762886305
3 5859 16013823561
3 5886 15940365653
3 5940 11846589928
3 5967 15723980600
3 6021 16380161792
3 6048 15513391573
3 6102 6696998307
3 6129 1275795986
3 6183 18723365124
3 6210 11331520801
3 6264 14978447036
3 6291 18675139137
3 6345 11010110872
3 6372 9133193357
3 6426 10950629346
3 6453 3179910770
3 6507 3846094146
3 6534 10175757437
3 6588 659367073
3 6615 10142324035
3 6669 14068824748
3 6696 11543583624
3 6750 3555890838
3 6777 17243498415
3 6831 13735176729
3 6858 1694852737
3 6912 12568263492
3 6939 16349660014
3 6993 13416987308
3 7020 10024037632
3 7074 9542613344
3 7101 15821712550
3 7155 9126694672
3 7182 9797931520
3 7236 9074424852
3 7263 19377321817
3 7317 15538212105
3 7344 12775734237
3 7398 4756800961
3 7425 12636362592
3 7479 -1804840130
3 7506 3704809183
3 7560 9308034944
3 7587 3483359958
3 7641 14606488340
3 7668 4173638192
3 7722 9112761483
3 7749 6160442924
3 7803 -1690548380
3 7830 5463636083
3 7884 1637955202
3 7911 2241450052
3 7965 4078745489
3 7992 11739863893
3 8046 2598466445
3 8073 11622072618
3 8127 6722324092
3 8154 4754403768
3 8208 11430920106
3 8235 5194236838
3 8289 2807444001
3 8316 8461849949
3 8370 4248452222
3 8397 16760448774
3 8451 5708281077
3 8478 2322062494
3 9 31274997412295
3 18 7818749353073
3 36 3909374676536
3 45 3127499741230
3 63 2233928386593
3 72 1954687338268
3 90 1042499913743
3 99 1421590791468
3 117 1202884515858
3 126 744642795530
3 144 977343669134
3 153 919852865068
3 171 823026247692
3 180 521249956871
3 198 473863597155
3 207 679891248093
3 225 625499948246
3 234 400961505285
3 252 372321397765
3 261 539224093315
3 279 504435442134
3 288 488671834567
3 306 306617621689
3 315 297857118213
3 333 422635100166
3 342 274342082563
3 360 260624978435
3 369 381402407467
3 387 363662760608
3 396 236931798577
3 414 226630416031
3 423 332712738429
3 441 319132626656
3 450 208499982748
3 468 200480752642
3 477 295047145399
3 495 189545438863
3 504 186160698882
3 522 179741364438
3 531 265042350952
3 549 256352437806
3 558 168145147377
3 576 244335917283
3 585 160384602115
3 603 233395503077
3 612 153308810844
3 630 111696419329
3 639 220246460650
3 657 214212311043
3 666 140878366722
3 684 137171041281
3 693 135389599188
3 711 197943021597
3 720 130312489217
3 738 127134135822
3 747 188403598869
3 765 122647048677
3 774 121220920202
3 792 118465899288
3 801 175702232653
3 819 114560430083
3 828 113315208015
3 846 110904246142
3 855 109736833026
3 873 161211326868
3 882 106377542218
3 900 104249991374
3 909 154826719863
3 927 151820375788
3 936 100240376321
3 954 98349048466
3 963 146144847721
3 981 143463290882
3 990 71079539573
3 1008 93080349441
3 1017 138384944302
3 1035 90652166413
3 1044 89870682219
3 1062 88347450317
3 1071 87605034769
3 1089 129235526497
3 1098 85450812601
3 1116 84072573688
3 1125 125099989649
3 1143 123129911072
3 1152 122167958641
3 1170 60144225792
3 1179 119370219131
3 1197 78383452161
3 1206 77798501025
3 1224 76654405422
3 1233 114142326322
3 1251 112499990692
3 1260 55848209664
3 1278 73415486883
3 1287 72902091870
3 1305 71896545776
3 1314 71404103681
3 1332 70439183361
3 1341 104949655746
3 1359 103559594080
3 1368 68585520640
3 1386 50771099695
3 1395 67258058951
3 1413 99601902587
3 1422 65981007198
3 1440 65156244608
3 1449 64751547438
3 1467 95935574884
3 1476 63567067911
3 1494 62801199623
3 1503 93637716803
3 1521 92529578143
3 1530 45992643253
3 1548 60610460101
3 1557 90390165931
3 1575 59571423643
3 1584 59232949644
3 1602 58567410884
3 1611 87360327967
3 1629 86395020476
3 1638 42960161280
3 1656 56657604007
3 1665 56351346690
3 1683 55748658490
3 1692 55452123071
3 1710 41151312384
3 1719 81871720975
3 1737 81023309358
3 1746 53737108955
3 1764 53188771109
3 1773 79378166021
3 1791 78580395508
3 1800 52124995687
3 1818 51608906620
3 1827 51354675555
3 1845 50853654330
3 1854 50606791929
3 1872 50120188160
3 1881 49880378649
3 1899 74111368276
3 1908 49174524233
3 1926 48714949240
3 1935 48488368081
3 1953 48041470680
3 1962 47821096960
3 1980 35539769786
3 1989 47171941799
3 2007 70123312584
3 2016 46540174720
3 2034 42101281963
3 2043 68887659498
3 2061 68286020551
3 2070 33994562404
3 2088 44935341109
3 2097 47308799716
3 2115 44361698457
3 2124 44173725158
3 2142 32851888038
3 2151 65428864879
3 2169 56684498802
3 2178 43078508832
3 2196 42725406300
3 2205 42551016888
3 2223 42206474241
3 2232 42036286844
3 2250 41699996549
3 2259 62300791658
3 2277 41205530188
3 2286 41043303690
3 2304 61083979320
3 2313 60846298468
3 2331 40250961921
3 2340 30072112896
3 2358 39790073043
3 2367 59458169985
3 2385 39339619387
3 2394 29393794560
3 2412 38899250512
3 2421 58131965450
3 2439 57702947255
3 2448 38327202711
3 2466 30341837523
3 2475 37909087773
3 2493 56453063921
3 2502 12895113727
3 2520 27924104832
3 2529 51938612847
3 2547 55256179174
3 2556 36707743441
3 2574 27338284451
3 2583 36324038807
3 2601 54108992063
3 2610 26961204665
3 2628 35702051840
3 2637 53370302751
3 2655 35338980128
3 2664 35219591680
3 2682 33529675042
3 2691 34866217852
3 2709 34634548630
3 2718 30741710232
3 2736 34292760320
3 2745 34180325042
3 2763 50936477870
3 2772 25385549847
3 2790 25221772106
3 2799 50281346322
3 2817 46249211023
3 2826 21421531250
3 2844 32990503599
3 2853 24513526086
3 2871 32680248081
3 2880 32578122304
3 2898 24281830289
3 2907 32275539125
3 2925 32076920424
3 2934 24363829444
3 2952 31783533955
3 2961 31686927470
3 2979 -693941994
3 2988 27481625257
3 3006 19885875529
3 3015 31119400410
3 3033 19524271820
3 3042 30843192714
3 3060 22996321626
3 3069 30571844979
3 3087 45590375237
3 3096 30305230050
3 3114 30130055310
3 3123 45064837770
3 3141 44806586551
3 3150 22339283865
3 3168 29616474822
3 3177 40366423715
3 3195 26955817357
3 3204 27876795968
3 3222 19110611951
3 3231 43558492218
3 3249 43317170931
3 3258 20622831521
3 3276 21480080640
3 3285 12967208790
3 3303 -1630318639
3 3312 28328802003
3 3330 21131755008
3 3339 28099728133
3 3357 -2180745814
3 3366 20905746933
3 3384 27726061535
3 3393 27652517607
3 3411 41259891045
3 3420 20575656192
3 3438 23087925686
3 3447 29756571387
3 3465 20308439878
3 3474 23195531735
3 3492 21049401606
3 3501 9445201032
3 3519 26662401886
3 3528 26594385554
3 3546 22667869307
3 3555 26392402880
3 3573 39389165507
3 3582 22652147589
3 3600 26062497843
3 3609 1843628799
3 3627 25868484213
3 3636 25804453310
3 3654 19258003332
3 3663 25614248496
3 3681 9319032647
3 3690 19070120373
3 3708 21125913549
3 3717 25242128662
3 3735 25120479849
3 3744 25060094080
3 3762 18705141992
3 3771 595068637
3 3789 37143702390
3 3798 17984159484
3 3816 24587262116
3 3825 24529409735
3 3843 24414517886
3 3852 21031421875
3 3870 18183138030
3 3879 -682912794
3 3897 -577726463
3 3906 18015551504
3 3924 23910548480
3 3933 23855833267
3 3951 35620725982
3 3960 17769884893
3 3978 17689478174
3 3987 1078135943
3 4005 21944981298
3 4014 23374437527
3 4032 23270087360
3 4041 -1680153974
3 4059 23115297422
3 4068 18984716635
3 4086 8573809293
3 4095 17184064513
3 4113 -4449293926
3 4122 19220689270
3 4140 16997281202
3 4149 30410685321
3 4167 33774295262
3 4176 22467670554
3 4194 7444018108
3 4203 12172341236
3 4221 18148702402
3 4230 16635636921
3 4248 10488448841
3 4257 22040167310
3 4275 21947366605
3 4284 16425944019
3 4302 7501618518
3 4311 21567808150
3 4329 21673594880
3 4338 1895983559
3 4356 17361772001
3 4365 4783185673
3 4383 32109853606
3 4392 21362703150
3 4410 15956631332
3 4419 31848266204
3 4437 21146042875
3 4446 15827427840
3 4464 21018143422
3 4473 5965823197
3 4491 16134700867
3 4500 20849998274
3 4518 17046186215
3 4527 -2925344908
3 4545 11201691097
3 4554 15452073820
3 4572 12324719193
3 4581 27251157789
3 4599 16492827588
3 4608 -823947218
3 4626 20282099489
3 4635 12219199251
3 4653 20164408390
3 4662 15094110720
3 4680 15036056448
3 4689 30014392910
3 4707 11791699811
3 4716 16353718941
3 4734 19819389995
3 4743 18369376009
3 4761 18715576408
3 4770 14752357269
3 4788 14696897280
3 4797 19559097820
3 4815 19485979696
3 4824 9211572753
3 4842 15906478218
3 4851 19341371313
3 4869 25128675982
3 4878 15908263006
3 4896 19163601355
3 4905 19128438784
3 4923 25077612839
3 4932 3875729476
3 4950 14215907914
3 4959 18920143625
3 4977 10786223890
3 4986 18817687973
3 5004 6851452683
3 5013 28074503961
3 5031 18649372340
3 5040 13962052416
3 5058 1191878475
3 5067 -1421199103
3 5085 18451325908
3 5094 13209170554
3 5112 11963284583
3 5121 8883399205
3 5139 27386162358
3 5148 13669142225
3 5166 9422176394
3 5175 18130433283
3 5193 -3007599523
3 5202 18036330687
3 5220 13480602332
3 5229 17943199892
3 5247 17881645177
3 5256 9784491869
3 5274 3748960564
3 5283 22747699167
3 5301 17699489199
3 5310 9360125562
3 5328 17609795840
3 5337 -854740785
3 5355 13140755216
3 5364 5997133955
3 5382 13074831694
3 5391 -3975825090
3 5409 -2626787264
3 5418 9446638156
3 5436 6409489036
3 5445 5645574664
3 5463 433049901
3 5472 17146380160
3 5490 8116309604
3 5499 12878446207
3 5517 25509785818
3 5526 2343121997
3 5544 12692774923
3 5553 25344406331
3 5571 -1707110592
3 5580 8590102884
3 5598 13219131194
3 5607 9152522211
3 5625 9169906342
3 5634 2593942397
3 5652 -701556876
3 5661 16573925498
3 5679 24782089867
3 5688 8340116338
3 5706 1692994710
3 5715 8747581499
3 5733 16365775727
3 5742 12255093029
3 5760 12778924985
3 5769 6213237825
3 5787 24319593633
3 5796 12140915144
3 5814 12103327171
3 5823 24169240659
3 5841 12053600509
3 5850 12028845158
3 5868 5203448450
3 5877 23947164941
3 5895 -1422981754
3 5904 11864734173
3 5922 8070359750
3 5949 23657335410
3 5958 770563094
3 5976 11922145444
3 5985 11757517824
3 6003 15629683864
3 6012 5806215606
3 6030 6534474138
3 6039 11864724207
3 6057 -3019110826
3 6066 4497459791
3 6084 7764003844
3 6093 23098225563
3 6111 7380097611
3 6120 8387170564
3 6138 11464441866
3 6165 385778055
3 6174 1873355057
3 6192 15152615025
3 6201 11299495425
3 6219 -3595278212
3 6228 4204196950
3 6246 7499470112
3 6255 1762582597
3 6273 10915608894
3 6282 1059297338
3 6300 11169641932
3 6309 -4236011318
3 6327 14829301760
3 6336 14808237411
3 6354 3592724909
3 6363 8415545041
3 6381 22055710446
3 6390 1867638469
3 6408 3523325533
3 6417 14621317163
3 6435 10935313782
3 6444 7086879073
3 6462 3710695275
3 6471 -983128027
3 6489 11133030664
3 6498 14439056977
3 6516 2596597342
3 6525 14379309155
3 6543 21509626831
3 6552 10740040320
3 6570 1494966185
3 6579 14261284731
3 6597 -1397630452
3 6606 3794308195
3 6624 14164401001
3 6633 10065741257
3 6660 7024559924
3 6678 6498756323
3 6705 1718424689
3 6714 3162956151
3 6732 10452873466
3 6741 3176756886
3 6759 20822235294
3 6768 10321713187
3 6786 6388869205
3 6795 209302891
3 6813 20657197762
3 6822 13753297015
3 6840 16829887282
3 6849 -2182570860
3 6867 13663170560
3 6876 5796805689
3 6894 9888915111
3 6903 6489757443
3 6921 20334848773
3 6930 8123375951
3 6948 9611892908
3 6957 20229623164
3 6975 13451611790
3 6984 660865203
3 7002 3689138755
3 7011 7063818326
3 7029 7886440100
3 7038 9998400707
3 7056 13297192777
3 7065 6177078986
3 7083 19869756933
3 7092 10807651594
3 7110 5762990704
3 7119 2045262847
3 7137 5626570419
3 7146 -3114846283
3 7164 9400628937
3 7191 9193196143
3 7200 13031248921
3 7218 2059729296
3 7227 4204863920
3 7245 8873287197
3 7254 5566521204
3 7272 5347944653
3 7299 19281749329
3 7308 9629001666
3 7326 6064025605
3 7335 1480832406
3 7353 12760096864
3 7362 2464164771
3 7380 6356747825
3 7389 19046892456
3 7407 19000605961
3 7416 8670873085
3 7434 1418223427
3 7470 2613086047
3 7488 12530047040
3 7497 10046492978
3 7515 -201573876
3 7524 9352570996
3 7542 1089784435
3 7569 -4137255144
3 7578 -1868644383
3 7596 -359461550
3 7605 5030399445
3 7623 8532017841
3 7632 9182640809
3 7650 9198528650
3 7659 8176485090
3 7686 5363924841
3 7704 1436937269
3 7740 5110744118
3 7758 2241578464
3 7767 18119928976
3 7785 7229058164
3 7794 8317360902
3 7812 4680683013
3 7821 7856306074
3 7839 3719747610
3 7848 11955274240
3 7866 8109485304
3 7875 8203435988
3 7893 17830671273
3 7902 -907795007
3 7920 8884942446
3 7956 8844739087
3 7974 738106064
3 7983 17629649049
3 8001 5196647105
3 8010 642571118
3 8028 11687218763
3 8037 8203287576
3 8055 1544778872
3 8064 3824077141
3 8082 11609130442
3 8091 1415201054
3 8109 8099632692
3 8118 5557246284
3 8136 2883328536
3 8145 427961708
3 8163 17240902653
3 8172 543721982
3 8190 6873625804
3 8217 820708758
3 8226 1225064650
3 8244 3859952939
3 8253 3429260825
3 8280 8498640601
3 8298 11306940496
3 8307 36328716
3 8325 5025918275
3 8334 -1023275040
3 8352 11233835277
3 8379 961726653
3 8388 4283223742
3 8406 -1556142743
3 8415 8362298774
3 8442 850695790
3 8460 4336993563
3 8487 7163150261
3 8496 2761061258
3 3 93824992236885
3 6 23456248059221
3 12 11728124029610
3 15 9382499223689
3 21 6701785159778
3 24 5864062014805
3 30 3127499741229
3 33 4264772374404
3 39 3608653547573
3 42 2233928386592
3 48 2932031007402
3 51 2759558595203
3 57 2469078743076
3 60 1563749870614
3 66 1421590791467
3 69 2039673744280
3 75 1876499844738
3 78 1202884515857
3 84 1116964193296
3 87 1617672279946
3 93 1513306326401
3 96 1466015503701
3 102 919852865067
3 105 893571354637
3 111 1267905300498
3 114 823026247691
3 120 781874935307
3 123 1144207222401
3 129 1090988281824
3 132 710795395733
3 138 679891248093
3 141 998138215286
3 147 957397879968
3 150 625499948245
3 156 601442257928
3 159 885141436197
3 165 568636316587
3 168 558482096648
3 174 539224093315
3 177 795127052855
3 183 769057313417
3 186 504435442133
3 192 733007751850
3 195 481153806343
3 201 700186509230
3 204 459926432533
3 210 335089257988
3 213 660739381950
3 219 642636933129
3 222 422635100166
3 228 411513123845
3 231 406168797562
3 237 593829064790
3 240 390937467653
3 246 381402407467
3 249 565210796608
3 255 367941146027
3 258 363662760608
3 264 355397697866
3 267 527106697960
3 273 343681290245
3 276 339945624046
3 282 332712738428
3 285 329210499078
3 291 483633980603
3 294 319132626656
3 300 312749974122
3 303 464480159589
3 309 455461127364
3 312 300721128964
3 318 295047145399
3 321 438434543163
3 327 430389872646
3 330 213238618720
3 336 279241048324
3 339 415154832907
3 345 271956499238
3 348 269612046657
3 354 265042350951
3 357 262815104305
3 363 387706579491
3 366 256352437805
3 372 252217721066
3 375 375299968948
3 381 369389733216
3 384 366503875925
3 390 180432677378
3 393 358110657393
3 399 235150356484
3 402 233395503076
3 408 229963216266
3 411 342426978967
3 417 337499972075
3 420 167544628994
3 426 220246460649
3 429 218706275611
3 435 215689637326
3 438 214212311043
3 444 211317550083
3 447 314848967238
3 453 310678782241
3 456 205756561922
3 462 152313299085
3 465 201774176854
3 471 298805707761
3 474 197943021596
3 480 195468733826
3 483 194254642313
3 489 287806724653
3 492 190701203733
3 498 188403598869
3 501 280913150410
3 507 277588734429
3 510 137977929760
3 516 181831380304
3 519 271170497794
3 525 178714270928
3 528 177698848933
3 534 175702232653
3 537 262080983902
3 543 259185061428
3 546 128880483841
3 552 169972812023
3 555 169054040067
3 561 167245975468
3 564 166356369214
3 570 123453937153
3 573 245615162924
3 579 243069928075
3 582 161211326867
3 588 159566313328
3 591 238134498063
3 597 235741186525
3 600 156374987061
3 606 154826719862
3 609 154064026662
3 615 152560962988
3 618 151820375787
3 624 150360564482
3 627 149641135945
3 633 222334104827
3 636 147523572699
3 642 146144847721
3 645 145465104243
3 651 144124412038
3 654 143463290882
3 660 106619309360
3 663 141515825395
3 669 210369937751
3 672 139620524162
3 678 138384944302
3 681 206662978495
3 687 204858061653
3 690 101983687214
3 696 134806023328
3 699 201341185058
3 705 133085095372
3 708 132521175475
3 714 98555664114
3 717 196286594638
3 723 194657660243
3 726 129235526497
3 732 128176218902
3 735 127653050663
3 741 126619422723
3 744 126108860533
3 750 125099989649
3 753 186902374974
3 759 123616590563
3 762 123129911072
3 768 183251937962
3 771 182538895403
3 777 120752885763
3 780 90216338689
3 786 119370219130
3 789 178374509956
3 795 118018858160
3 798 88181383681
3 804 116697751538
3 807 174395896351
3 813 173108841765
3 816 114981608133
3 822 114142326322
3 825 113727263318
3 831 169359191763
3 834 112499990691
3 840 83772314497
3 843 166948384763
3 849 165768537521
3 852 110123230324
3 858 82014853353
3 861 108972116419
3 867 162326976188
3 870 80883613997
3 876 107106155521
3 879 160110908254
3 885 106016940381
3 888 105658775041
3 894 104949655745
3 897 104598653554
3 903 103903645888
3 906 103559594080
3 912 102878280961
3 915 102540975122
3 921 152809433611
3 924 76156649542
3 930 75665316320
3 933 150844038966
3 939 149880179292
3 942 99601902586
3 948 98971510798
3 951 147988946746
3 957 98040744239
3 960 97734366913
3 966 72845490867
3 969 96826617376
3 975 96230761269
3 978 95935574884
3 984 95350601866
3 987 95060782408
3 993 141729595524
3 996 94201799434
3 1002 93637716803
3 1005 93358201232
3 1011 139206219936
3 1014 92529578142
3 1020 68988964880
3 1023 91715534934
3 1029 136771125710
3 1032 90915690152
3 1038 90390165931
3 1041 135194513310
3 1047 134419759652
3 1050 67017851597
3 1056 88849424466
3 1059 132896589571
3 1065 88098584261
3 1068 87851116326
3 1074 87360327967
3 1077 130675476653
3 1083 129951512793
3 1086 86395020475
3 1092 64440241920
3 1095 85684924417
3 1101 127826964900
3 1104 84986406011
3 1110 63395265024
3 1113 84299184401
3 1119 125770767074
3 1122 62717240800
3 1128 83178184607
3 1131 82957552819
3 1137 123779673136
3 1140 61726968576
3 1146 81871720974
3 1149 122486935035
3 1155 60925319635
3 1158 81023309358
3 1164 80605663433
3 1167 120597676397
3 1173 79987205658
3 1176 79783156664
3 1182 79378166021
3 1185 79177208640
3 1191 118167496520
3 1194 78580395508
3 1200 78187493530
3 1203 116988768375
3 1209 77605452637
3 1212 77413359931
3 1218 57774009998
3 1221 76842745486
3 1227 114700479507
3 1230 57210361120
3 1236 75910187893
3 1239 75726385986
3 1245 75361439549
3 1248 75180282241
3 1254 56115425978
3 1257 37493797895
3 1263 111431107170
3 1266 74111368275
3 1272 73761786349
3 1275 73588229206
3 1281 73243553660
3 1284 73072423860
3 1290 54549414091
3 1293 105033460600
3 1299 108342947156
3 1302 54046654514
3 1308 71731645441
3 1311 71567499799
3 1317 106862177946
3 1320 53309654680
3 1326 53068434523
3 1329 7618383423
3 1335 70280893062
3 1338 70123312583
3 1344 69810262081
3 1347 104482173983
3 1353 69345892268
3 1356 69192472151
3 1362 68887659498
3 1365 51552193539
3 1371 94935959731
3 1374 68286020550
3 1380 50991843607
3 1383 101762464465
3 1389 101322885785
3 1392 67403011664
3 1398 67113728352
3 1401 100455023808
3 1407 66684429451
3 1410 49906910764
3 1416 66260587737
3 1419 66120501930
3 1425 65842099816
3 1428 49277832057
3 1434 65428864879
3 1437 97938405258
3 1443 65020784642
3 1446 64885886747
3 1452 64617763248
3 1455 64484530747
3 1461 84215394963
3 1464 64088109451
3 1470 47869893998
3 1473 95544798612
3 1479 63438128626
3 1482 47482283520
3 1488 63054430266
3 1491 62927560187
3 1497 94013018273
3 1500 62549994824
3 1506 62300791657
3 1509 93265399838
3 1515 61930687945
3 1518 46356221460
3 1524 61564955536
3 1527 92166004162
3 1533 61203517442
3 1536 91625968981
3 1542 60846298467
3 1545 60728150315
3 1551 60493225170
3 1554 45282332160
3 1560 45108169344
3 1563 90043178730
3 1569 89698845351
3 1572 59685109565
3 1578 59458169985
3 1581 59345346134
3 1587 88681467143
3 1590 44257071809
3 1596 44090691840
3 1599 58677293457
3 1605 58457939089
3 1608 58348875769
3 1614 58131965450
3 1617 58024113938
3 1623 620276914
3 1626 57702947255
3 1632 57490804066
3 1635 57385316354
3 1641 85763247017
3 1644 57071163161
3 1650 42647723744
3 1653 56760430875
3 1659 56555149028
3 1662 44838626727
3 1668 56249995345
3 1671 269578089
3 1677 55948117017
3 1680 41886157248
3 1686 55649461587
3 1689 29516463316
3 1695 55353977722
3 1698 55256179173
3 1704 55061615162
3 1707 82447269101
3 1713 78437742736
3 1716 41007426676
3 1722 40864543657
3 1725 54391299848
3 1731 81304152718
3 1734 54108992062
3 1740 40441806998
3 1743 53829599678
3 1749 53644935527
3 1752 53553077760
3 1758 53370302751
3 1761 79919073456
3 1767 53098467593
3 1770 39756352642
3 1776 52829387520
3 1779 79110448766
3 1785 39422265648
3 1788 52474827872
3 1794 39224495082
3 1797 67037638994
3 1803 78057397868
3 1806 38963867208
3 1812 51779797040
3 1815 51694210600
3 1821 -350785045
3 1824 51439140480
3 1830 38452865670
3 1833 51186575144
3 1839 76529357453
3 1842 50936477870
3 1848 38078324771
3 1851 76033218993
3 1857 26460350786
3 1860 37832658160
3 1866 50281346322
3 1869 50200637902
3 1875 75059993790
3 1878 49960059764
3 1884 39028246386
3 1887 49721776490
3 1893 74346269601
3 1896 49485755399
3 1902 31885971083
3 1905 45117804055
3 1911 49097327179
3 1914 36765279089
3 1920 48867183456
3 1923 131892514
3 1929 72958780900
3 1932 36422745433
3 1938 36309981515
3 1941 -130714823
3 1947 48189518356
3 1950 36086535475
3 1956 47967787442
3 1959 71841494822
3 1965 47748087653
3 1968 47675300933
3 1974 35647793403
3 1977 228276758
3 1983 -468372964
3 1986 39710216119
3 1992 47100899717
3 1995 35272553474
3 2001 46889051593
3 2004 42838033504
3 2010 35009325461
3 2013 46609534147
3 2019 69706532123
3 2022 27028660224
3 2028 46264789071
3 2031 69294676689
3 2037 46060379105
3 2040 34494482440
3 2046 34393325600
3 2049 154677190
3 2055 45656930530
3 2058 45590375236
3 2064 45457845076
3 2067 45391868524
3 2073 45370838
3 2076 33470527204
3 2082 41523520189
3 2085 38696540160
3 2091 44870871468
3 2094 39449746736
3 2100 33508925798
3 2103 481910647
3 2109 44487905281
3 2112 44424712233
3 2118 40521741243
3 2121 44236205675
3 2130 33036969097
3 2136 43925558163
3 2139 43863951491
3 2145 32805941343
3 2148 38302997818
3 2154 43558492217
3 2157 65246865255
3 2163 43377250225
3 2166 43317170931
3 2172 43197510237
3 2175 43137927465
3 2181 64528880493
3 2184 32220120960
3 2190 32131846656
3 2193 42783854189
3 2199 64000676833
3 2202 42608988300
3 2208 42493203005
3 2211 42435546015
3 2220 31697632512
3 2226 31612194149
3 2235 26898592927
3 2238 34293099255
3 2244 31358620400
3 2247 41755670778
3 2253 292149958
3 2256 41589092303
3 2262 31109082306
3 2265 41423837632
3 2271 -2275732089
3 2274 41259891045
3 2280 30863484288
3 2283 61645855609
3 2289 40989511681
3 2292 33087379347
3 2298 37108234008
3 2301 40775746300
3 2307 61004546318
3 2310 24370127853
3 2316 40511654679
3 2319 60688869493
3 2325 40354835372
3 2328 36293330779
3 2334 32648759590
3 2337 40147621839
3 2343 40044811027
3 2346 29995202121
3 2352 39891578332
3 2355 39840761036
3 2361 147675203
3 2364 37208724852
3 2370 27758731437
3 2373 39538555516
3 2379 39438836586
3 2382 32089605827
3 2388 35579349013
3 2397 39142675109
3 2400 39093746765
3 2406 5374275883
3 2409 38947692918
3 2415 29138196349
3 2418 29102044738
3 2424 38706679965
3 2427 57988252310
3 2433 -2267917013
3 2436 28887004999
3 2442 28816029556
3 2445 33015563956
3 2451 38280290590
3 2454 11840705118
3 2460 28605180560
3 2463 238852177
3 2469 -29572959
3 2472 37955093946
3 2478 28397394744
3 2490 24482385369
3 2496 37590141120
3 2499 37545014902
3 2505 37455086721
3 2508 28057712989
3 2514 4583702031
3 2523 55781802757
3 2526 33289340161
3 2532 37055684137
3 2535 37011831257
3 2541 36924436142
3 2544 36880893174
3 2550 27595585952
3 2553 36750878275
3 2562 27466332622
3 2568 36536211930
3 2580 27274707045
3 2586 17017782434
3 2589 54359786928
3 2595 36156066373
3 2598 36114315718
3 2604 27023327257
3 2607 35989640290
3 2613 35907000474
3 2616 35865822720
3 2622 26837812424
3 2625 35742854186
3 2631 53492013818
3 2634 35620725982
3 2640 26654827340
3 2649 53128534675
3 2652 26534217261
3 2658 603930560
3 2667 23650267374
3 2670 21603739710
3 2676 35061656291
3 2679 35022393520
3 2685 22733526882
3 2688 34905131040
3 2694 16980571831
3 2697 34788651182
3 2703 34711428871
3 2706 26004709600
3 2712 34596236075
3 2715 30341900436
3 2721 51722707959
3 2724 30496788373
3 2730 20620877414
3 2739 34255199795
3 2742 34217721457
3 2748 30432161534
3 2751 34105776895
3 2760 25495921803
3 2766 30410685321
3 2769 33884070869
3 2775 33810808013
3 2778 33774295261
3 2784 33701505832
3 2793 33592908069
3 2796 18815882791
3 2802 12172341236
3 2805 25086896320
3 2814 25006661043
3 2820 24953455382
3 2829 33165426736
3 2832 33130293868
3 2838 24795188223
3 2847 32955740161
3 2850 24690787430
3 2856 24638916028
3 2865 28546040419
3 2868 25232493725
3 2874 17028976598
3 2877 32612093236
3 2883 48816333110
3 2886 24382794240
3 2892 20867768376
3 2895 32409323743
3 2904 32308881624
3 2910 20159965354
3 2919 28193858844
3 2922 341042349
3 2928 32044054725
3 2937 28033701943
3 2940 23934946999
3 2946 31848266203
3 2955 27770441512
3 2958 23789298234
3 2964 23741141760
3 2967 31622848749
3 2976 31527215133
3 2982 19529297963
3 2985 24036478395
3 2994 28011620012
3 3000 27443869995
3 3003 23432815246
3 3009 28418284012
3 3012 31150395828
3 3018 31088466612
3 3021 31057594253
3 3030 15922036964
3 3036 23178110730
3 3045 23109603999
3 3048 26833482128
3 3054 27251157789
3 3057 46037778330
3 3066 22951319040
3 3072 44909264339
3 3075 30512192598
3 3081 30452772554
3 3084 30423149233
3 3090 21360650332
3 3102 22684959438
3 3108 22641166080
3 3111 30159110330
3 3120 22554084672
3 3126 -4299607573
3 3129 26067024058
3 3135 22446170393
3 3138 291001330
3 3144 29842554782
3 3156 25782043616
3 3162 22254504800
3 3165 11750005749
3 3171 29588455452
3 3174 15299960430
3 3180 22128535904
3 3192 22045345920
3 3198 22003985046
3 3201 25444996045
3 3210 21921727158
3 3216 29174437884
3 3219 29147248287
3 3225 29093020849
3 3228 29065982725
3 3234 17518802731
3 3237 28985169058
3 3243 28931542472
3 3246 -270614822
3 3252 25341337460
3 3255 21618661807
3 3264 28745402033
3 3270 21519493632
3 3282 -356062794
3 3288 24401421205
3 3297 20919516518
3 3300 21323861872
3 3306 21285161578
3 3315 21227373810
3 3318 17698044718
3 3324 18045922616
3 3333 20596030701
3 3336 23369580986
3 3342 255317288
3 3345 28049325034
3 3354 17284440234
3 3360 20943078624
3 3363 27899194837
3 3372 16319330046
3 3378 -3107591519
3 3381 27750663188
3 3390 17085954470
3 3396 1898049125
3 3399 27603704690
3 3405 23778936259
3 3408 26691517437
3 3414 351087619
3 3417 27458294480
3 3423 4162010769
3 3426 -2638675904
3 3432 20503713338
3 3435 19311482761
3 3441 27266780657
3 3444 20432271828
3 3450 20396737442
3 3462 27101384239
3 3468 27054496031
3 3471 24626247274
3 3477 26984467138
3 3480 20220903499
3 3486 15894600554
3 3495 18947264589
3 3498 20116850822
3 3504 22868193988
3 3507 15815874919
3 3516 10653344988
3 3522 22747699166
3 3525 26617019074
3 3531 22780271130
3 3534 19911925347
3 3540 19878176321
3 3549 26437022327
3 3552 26414693760
3 3558 19865784482
3 3567 26303614308
3 3570 15768906258
3 3576 22541310289
3 3585 26171545953
3 3588 19612247541
3 3594 11300596631
3 3597 26084234707
3 3606 -2196459934
3 3612 19481933604
3 3615 22062362714
3 3621 21733865898
3 3624 21926037365
3 3630 19385328974
3 3633 14964930991
3 3642 200592373
3 3648 25719570240
3 3657 25656273514
3 3660 19226432835
3 3666 19194965678
3 3675 25530610133
3 3678 25509785817
3 3684 3481157948
3 3696 19039162385
3 3702 25344406330
3 3705 18992913409
3 3714 -1707110593
3 3720 18916329080
3 3723 21348224470
3 3729 17336467504
3 3732 21349153795
3 3738 15283921632
3 3741 25080190388
3 3750 3627774455
3 3756 24980029882
3 3759 16877075016
3 3765 24920316663
3 3768 21189626905
3 3774 18645666183
3 3783 24801742595
3 3786 -2211449320
3 3792 20584072553
3 3795 18542488585
3 3801 20642943303
3 3804 13244400374
3 3810 18469486660
3 3813 24606606934
3 3819 24567947692
3 3822 18411497691
3 3828 18382639544
3 3840 24433591728
3 3846 47560548
3 3855 20607826535
3 3858 24319593633
3 3864 18211372716
3 3876 18154990757
3 3882 -340833440
3 3885 18112932865
3 3894 18071069383
3 3900 18043267737
3 3912 11841689791
3 3918 408522739
3 3927 17919211657
3 3930 14114013503
3 3936 23837650466
3 3939 13624073258
3 3945 19785590549
3 3948 17823896701
3 3954 87952661
3 3966 329961292
3 3972 16088616865
3 3975 23603771633
3 3984 20950181547
3 3990 14109021389
3 3993 35246052681
3 3999 23462113588
3 4002 17583394347
3 4008 19737642025
3 4011 15573368109
3 4017 23356980891
3 4020 9461038047
3 4026 13275927332
3 4029 15401368586
3 4035 19742650013
3 4038 23235510707
3 4044 7669007012
3 4047 17050946480
3 4053 19357997594
3 4056 23132394535
3 4062 23098225562
3 4065 19385075255
3 4071 23047160952
3 4074 5950553683
3 4080 17247241220
3 4089 22945706099
3 4092 17196662800
3 4098 125958188
3 4110 9512376431
3 4116 2715969611
3 4125 22745452664
3 4128 22728922538
3 4134 13074909320
3 4137 22679476006
3 4146 18452761732
3 4152 18639034906
3 4155 11664408315
3 4161 14397383823
3 4164 -749623015
3 4170 6239564548
3 4173 22483822726
3 4179 15619806989
3 4182 16826576800
3 4188 1078262302
3 4191 15220309314
3 4200 16754462899
3 4206 -231102325
3 4209 18212075584
3 4215 19779426477
3 4218 12759118850
3 4224 18132915368
3 4233 19564860969
3 4236 -181557620
3 4242 9330084908
3 4245 18290233619
3 4251 22071275520
3 4254 22055710445
3 4260 8453859257
3 4263 18096988127
3 4272 12488523510
3 4278 16448981808
3 4290 13122376536
3 4296 11728750343
3 4305 12315672584
3 4308 18003118567
3 4314 14716280496
3 4323 18193540039
3 4326 8450631219
3 4332 20282570548
3 4335 21643596825
3 4344 6387593030
3 4350 16176722799
3 4362 -1221562565
3 4368 16110060480
3 4371 21465337963
3 4380 7939547999
3 4386 11860199813
3 4389 16032978851
3 4395 -5094814396
3 4398 21333558944
3 4404 13246488145
3 4407 105318169
3 4416 21246601502
3 4422 15913329755
3 4425 21203388076
3 4431 17502889475
3 4434 21160350075
3 4440 15848816256
3 4452 11993859023
3 4458 21046431636
3 4470 10154744447
3 4476 6509465753
3 4485 15689798035
3 4488 15679310200
3 4494 8410474012
3 4503 17058985590
3 4506 616953107
3 4512 20794546151
3 4515 11666572329
3 4521 16840991701
3 4524 15554541153
3 4530 8279814122
3 4539 571382774
3 4542 20657197762
3 4548 20629945522
3 4551 20616346350
3 4557 20589201721
3 4560 15431742144
3 4566 20548618536
3 4575 20508195025
3 4578 15371066880
3 4584 12688000666
3 4587 11999701614
3 4596 16560126944
3 4602 15290904862
3 4605 2656791763
3 4611 20348078993
3 4614 -2396340624
3 4620 12185063926
3 4623 16362821662
3 4632 16464307973
3 4638 20229623164
3 4641 15162409866
3 4650 14396621733
3 4656 15950667235
3 4665 347900232
3 4668 -3846533888
3 4674 15055358189
3 4683 20035232168
3 4686 10288359980
3 4692 14997601060
3 4695 -1161042962
3 4704 19945789166
3 4710 6445339028
3 4719 19882388693
3 4722 -170869388
3 4728 19844541505
3 4731 19831957777
3 4740 11374883021
3 4746 11500905573
3 4755 -1312626840
3 4758 11318720121
3 4764 2219584957
3 4767 8656062504
3 4773 19657446520
3 4776 12337490915
3 4785 14706111638
3 4794 10697678268
3 4800 19546873382
3 4809 15563250211
3 4812 2286001014
3 4818 8158467720
3 4830 11655278538
3 4836 14551022369
3 4845 14523992607
3 4848 11341096321
3 4866 19281749329
3 4872 14443502499
3 4875 8101937302
3 4884 14408014778
3 4890 6460279291
3 4893 -1233780572
3 4899 14883438492
3 4902 14355108971
3 4908 15392276193
3 4917 840155281
3 4920 14302590280
3 4926 412479609
3 4929 18198290453
3 4935 14259117361
3 4938 -153716282
3 4944 11326798881
3 4947 8941553650
3 4953 4655569844
3 4956 9907997703
3 4962 18908704602
3 4965 832484026
3 4980 8054102872
3 4983 11633797793
3 4992 14721262891
3 4998 14079380587
3 5010 6401360978
3 5016 14028856494
3 5019 10920180119
3 5025 14805485951
3 5028 445131747
3 5037 12675955726
3 5046 15267881507
3 5052 1444232136
3 5055 15037397188
3 5061 6974016338
3 5064 6627160925
3 5070 6365254820
3 5073 10710315448
3 5082 10070536012
3 5088 18440446587
3 5100 13797792976
3 5106 13781579353
3 5109 10831794182
3 5115 12364836102
3 5124 10554853950
3 5133 14269210547
3 5136 14287281068
3 5145 8767075635
3 5151 10202664558
3 5160 13637353522
3 5172 546403074
3 5181 3705305781
3 5187 13566366720
3 5190 5957288033
3 5196 3616450756
3 5205 14045110212
3 5208 9680536211
3 5214 9800011461
3 5217 17984472348
3 5226 8048146985
3 5232 17932911360
3 5235 -929489568
3 5244 13418906212
3 5250 9627442778
3 5253 9734845353
3 5262 17830671272
3 5268 2880199019
3 5271 17800226189
3 5280 13327413670
3 5289 14628656611
3 5295 6390664927
3 5304 13267108630
3 5307 13867240419
3 5313 13244634703
3 5316 878405454
3 5325 9818625210
3 5334 2813341965
3 5340 2030208731
3 5343 7162109534
3 5352 17530828145
3 5358 11733747308
3 5370 2276897821
3 5376 10001128331
3 5379 563481230
3 5385 -1799884846
3 5388 -428618049
3 5394 8735075664
3 5397 17384656705
3 5406 10364491006
3 5412 8987415451
3 5415 13856024775
3 5421 4922226703
3 5424 13577373700
3 5430 6239623130
3 5439 17250412253
3 5448 283531477
3 5451 14034124300
3 5457 13652193917
3 5460 10310438707
3 5475 9318432714
3 5478 6038606026
3 5484 -2989739060
3 5487 1350575944
3 5496 9068579677
3 5502 9248348755
3 5505 981303314
3 5511 9252695157
3 5520 12747960901
3 5523 8976472358
3 5529 548797348
3 5532 16960410744
3 5538 5397400845
3 5550 11849095113
3 5556 16887147630
3 5559 16878034222
3 5565 12644877662
3 5568 16850752916
3 5577 13032040297
3 5586 8600488169
3 5592 1943357022
3 5595 16769435611
3 5604 560233652
3 5610 10034758528
3 5628 6608687252
3 5640 8685208325
3 5649 -3192751071
3 5655 12443632924
3 5658 2237292637
3 5664 12349039179
3 5673 7868319719
3 5676 8621466570
3 5685 16503956418
3 5691 16486556359
3 5694 4161469908
3 5700 12345393715
3 5709 8507619129
3 5712 12319458014
3 5718 16408707981
3 5727 12419060487
3 5730 1662779374
3 5736 12465224234
3 5745 16331591338
3 5748 -1600689760
3 5754 1831286600
3 5757 8070797674
3 5763 11642823330
3 5766 16272111036
3 5772 12191397120
3 5775 12185063929
3 5781 2959274587
3 5784 88849010
3 5790 1030624299
3 5808 12061465431
3 5811 5058151982
3 5817 4945395957
3 5820 4174197516
3 5829 12320114051
3 5835 2246967384
3 5838 1184478334
3 5844 9003473056
3 5856 10398827156
3 5865 11998080850
3 5871 11797346681
3 5874 2704580062
3 5880 8444041361
3 5883 12407176767
3 5889 118682651
3 5892 15924133101
3 5901 12188997428
3 5907 3244166865
3 5910 -154293611
3 5916 11894649117
3 5925 11676636583
3 5928 11870570880
3 5934 7851195930
3 5943 636585642
3 5952 15763607566
3 5955 4735362188
3 5964 4729420709
3 5970 4955324740
3 5973 668640574
3 5988 -3823182321
3 6000 15637498706
3 6006 9373126097
3 6015 -1625371997
3 6018 7712219997
3 6024 -4421972515
3 6027 15567445204
3 6036 12218180561
3 6042 7925853507
3 6045 11640817896
3 6060 7887533598
3 6063 11334770401
3 6069 15459712019
3 6072 11589055365
3 6090 6207325546
3 6096 7633092604
3 6099 11711881006
3 6105 11526411824
3 6108 11890157095
3 6123 7785199694
3 6132 3852652239
3 6135 8376068464
3 6141 5129615119
3 6144 22906492245
3 6150 9010092927
3 6153 4416643977
3 6162 7236044200
3 6168 11480881764
3 6171 15204179589
3 6177 5135663320
3 6180 3744246348
3 6195 7567438534
3 6204 11342479719
3 6213 15101399040
3 6216 8142270679
3 6222 7455304145
3 6225 6964188170
3 6231 7448801875
3 6240 11277042336
3 6252 11215677089
3 6258 2137339972
3 6270 8978468156
3 6276 -1215746718
3 6279 11206998597
3 6285 319135093
3 6288 11200533054
3 6303 1255880822
3 6312 3854703873
3 6315 1391700559
3 6321 1142893208
3 6324 7215093860
3 6330 -180046338
3 6342 4193161179
3 6348 -1278284094
3 6351 6874451843
3 6357 1994973342
3 6360 7648651975
3 6369 10839518808
3 6375 10400242438
3 6384 11022672960
3 6396 6799344551
3 6402 2792465286
3 6405 3563933847
3 6420 7240119242
3 6432 10811091401
3 6438 6728245243
3 6441 277681398
3 6447 3471846126
3 6450 7118363452
3 6456 11022855195
3 6465 3304080895
3 6468 7062068212
3 6474 4793271353
3 6477 542048022
3 6486 4644018738
3 6492 -376687866
3 6495 14445726288
3 6501 -166831170
3 6504 10954893215
3 6510 6170738308
3 6513 3079105847
3 6519 2385183454
3 6528 6511468731
3 6531 10824781369
3 6540 10759746816
3 6549 8709623154
3 6555 10735124972
3 6564 10783738335
3 6567 6891664831
3 6573 2490226426
3 6576 1051190291
3 6585 273722067
3 6594 2844092850
3 6600 10661930936
3 6603 189089023
3 6612 10642580789
3 6630 8490949523
3 6636 7425778081
3 6645 -1058080435
3 6648 2675373907
3 6657 849533760
3 6666 3677542419
3 6672 6475600204
3 6675 2937651424
3 6681 2964674438
3 6684 222876229
3 6690 7340184526
3 6693 4062155944
3 6699 6540504299
3 6708 7948256968
3 6720 10471539312
3 6726 728929458
3 6735 3294355646
3 6744 638144582
3 6747 10195330633
3 6756 3702559059
3 6762 3757342736
3 6765 6891747673
3 6771 3599354179
3 6780 2533758831
3 6783 10374280433
3 6789 1983168561
3 6792 2561062385
3 6798 3488677473
3 6810 453425991
3 6816 374102450
3 6825 10310438708
3 6828 -129970251
3 6834 7104002016
3 6837 3512115487
3 6846 1468101150
3 6852 9838718950
3 6855 2799044828
3 6864 10251856669
3 6870 3620191614
3 6873 9517082495
3 6882 2299363004
3 6888 6292290284
3 6897 9711747646
3 6900 10198368721
3 6909 13580111773
3 6915 10058192429
3 6924 998628056
3 6936 10056404417
3 6942 1705168487
3 6945 13509718105
3 6951 -1363475093
3 6954 6138350279
3 6960 10110451749
3 6963 -283482108
3 6969 4260677212
3 6972 2696609065
3 6981 -82937250
3 6987 1677753317
3 6990 4206795111
3 6996 6166433426
3 7005 929141019
3 7008 1220082994
3 7014 2134385762
3 7032 6225003576
3 7035 2181003591
3 7044 -4017056488
3 7050 6204260205
3 7059 1900288823
3 7062 6110059207
3 7068 5880562747
3 7077 -672408793
3 7080 4380164547
3 7089 1145167387
3 7095 6394643152
3 7098 2666912233
3 7104 2487319476
3 7107 9018026301
3 7116 6680709688
3 7125 6336685377
3 7134 6537802620
3 7140 1168162578
3 7152 5899171183
3 7161 5625915834
3 7170 851905030
3 7176 9806123770
3 7185 5453450062
3 7188 1772619352
3 7194 9781588014
3 7212 9898576062
3 7215 8891834285
3 7221 9074377092
3 7224 5848974817
3 7230 1755008941
3 7239 3910749359
3 7242 3583864133
3 7248 1495837381
3 7257 106994122
3 7260 2292804073
3 7266 53238016
3 7275 173341554
3 7284 -100187433
3 7287 1876994966
3 7293 9648806279
3 7296 4775440459
3 7305 -373345773
3 7314 4382397358
3 7320 5229997360
3 7329 820092122
3 7332 5805963473
3 7347 2959813672
3 7350 1371943333
3 7356 12754892908
3 7359 5755417461
3 7365 12739306482
3 7368 5185818660
3 7383 9166930049
3 7392 9519581192
3 7395 5739591755
3 7404 12672203165
3 7410 7597165363
3 7413 1747186217
3 7428 1246833046
3 7437 4608504453
3 7440 5448663603
3 7446 505732637
3 7449 5083385679
3 7455 1970914685
3 7458 727211891
3 7464 9244283835
3 7467 5599933747
3 7473 134921479
3 7476 2003672579
3 7482 3101222733
3 7485 1413516342
3 7491 1677602708
3 7500 8468650702
3 7503 3599076452
3 7512 1929366889
3 7518 507332316
3 7521 12475068773
3 7527 4915348165
3 7530 9345118748
3 7536 11073325912
3 7539 12445283492
3 7545 9109333900
3 7548 7921950434
3 7557 4178721679
3 7566 1146756863
3 7572 5554856021
3 7575 4755791754
3 7581 -2570157109
3 7584 5138501402
3 7590 7416995433
3 7599 213567292
3 7602 838695582
3 7608 -294625492
3 7611 1085019362
3 7620 314392747
3 7626 81705396
3 7635 -3010791014
3 7638 5215302939
3 7644 5427594384
3 7656 6013007411
3 7665 1131462675
3 7680 1073731556
3 7683 2926105524
3 7689 860561869
3 7692 132672875
3 7701 6433240298
3 7707 574673072
3 7710 5146119873
3 7716 12159796816
3 7719 1519544070
3 7725 2841625428
3 7728 6069170305
3 7743 8074702731
3 7752 5606651780
3 7755 5603140178
3 7761 2687135850
3 7764 -71385718
3 7770 4066860784
3 7788 1802597244
3 7791 4780678712
3 7797 966608214
3 7800 9021633868
3 7809 243753890
3 7815 -960831698
3 7824 1140529795
3 7833 1672439071
3 7836 212530792
3 7845 646619004
3 7854 3744674717
3 7860 1771074095
3 7869 654874240
3 7872 5709943167
3 7878 811888999
3 7881 1668840650
3 7887 11896157252
3 7890 2009528659
3 7896 4931123453
3 7905 4993457028
3 7908 -131082538
3 7917 8888309231
3 7923 1061924577
3 7932 -182543062
3 7935 -908280253
3 7944 -335431281
3 7950 2703908059
3 7953 669780126
3 7959 8247222719
3 7968 6341527296
3 7980 6370120018
3 7986 11748684227
3 7995 5623281658
3 7998 1998654688
3 8004 1358387608
3 8007 4179700957
3 8016 766956146
3 8022 923488964
3 8025 7837225591
3 8034 326971339
3 8040 1134779296
3 8043 4447377654
3 8052 565539693
3 8058 5222644197
3 8070 8719794817
3 8076 11617755353
3 8085 4412117768
3 8088 1229135409
3 8094 469832410
3 8103 1300567140
3 8106 4960324522
3 8112 4509451670
3 8115 555553156
3 8124 11549112781
3 8130 1553261802
3 8142 177165866
3 8148 1722998543
3 8151 8633142459
3 8160 5445308249
3 8169 564001099
3 8175 11477063271
3 8178 498861509
3 8184 6009933740
3 8196 -725308637
3 8205 -99740048
3 8211 8570057749
3 8214 11422570274
3 8220 757316606
3 8229 4682119025
3 8232 4851148636
3 8241 580462818
3 8250 3615746414
3 8256 5135086803
3 8265 8514064632
3 8268 1917047010
3 8274 1785173561
3 8277 1345490172
3 8283 7803984527
3 8292 -27948284
3 8295 4787168707
3 8304 3228300758
3 8310 1593219362
3 8313 889868902
3 8319 453657807
3 8322 1209357313
3 8328 4384497279
3 8337 390995922
3 8340 1771055176
3 8346 592607749
3 8349 439229509
3 8355 246616508
3 8358 1440114459
3 8364 4942444802
3 8376 1217407110
3 8382 1053891680
3 8385 1812901931
3 8400 8377231449
3 8412 393335255
3 8418 2575746809
3 8421 -2509289942
3 8430 1024138679
3 8436 3956914364
3 8439 -87621637
3 8445 -1890523446
3 8448 105391633
3 8463 3100363346
3 8466 4419931494
3 8472 160519045
3 8475 116059889
3 8481 3750490623
3 8484 1385286283
3 8490 597775355
3 8493 4084253313
5 625 450359962737
5 1250 112589990684
5 1875 75059993789
5 2500 56294995342
5 3750 67804444877
5 4375 36209917029
5 5000 43997589259
5 5625 40870089517
5 6875 43946780731
5 7500 20592695488
5 8125 17321537028
5 125 2251799813685
5 250 562949953421
5 375 375299968947
5 500 281474976710
5 750 125099989649
5 875 160842843835
5 1000 140737488355
5 1125 125099989649
5 1375 102354536986
5 1500 62549994824
5 1625 86607685142
5 1750 53614281278
5 2000 70368744177
5 2125 66229406285
5 2250 41699996549
5 2375 59257889834
5 2625 35742854185
5 2750 34118178995
5 2875 48952169863
5 3000 38937252246
5 3250 28869228380
5 3375 41699996549
5 3500 26807140639
5 3625 38824134719
5 3875 36319351834
5 4000 35184372088
5 4125 22745452663
5 4250 37524386443
5 4500 20849998274
5 4625 30429727212
5 4750 19752629944
5 4875 41534582159
5 5125 27460973338
5 5250 24731952942
5 5375 26183718764
5 5500 38069751795
5 5750 24635000246
5 5875 23955317167
5 6000 15637498706
5 6125 33245079884
5 6375 23352452647
5 6500 21086719680
5 6625 21243394469
5 6750 34569505446
5 7000 20795777613
5 7125 26831889135
5 7250 20363075721
5 7375 32402942756
5 7625 12991710794
5 7750 23119186779
5 7875 19335982210
5 8000 31606614077
5 8250 25096758886
5 8375 20655922342
5 25 11258999068426
5 50 2814749767106
5 75 1876499844737
5 100 1407374883553
5 150 625499948245
5 175 804214219173
5 200 703687441776
5 225 625499948245
5 275 511772684928
5 300 312749974122
5 325 433038425709
5 350 268071406391
5 400 351843720888
5 425 331147031424
5 450 208499982748
5 475 296289449169
5 525 178714270927
5 550 170590894976
5 575 244760849314
5 600 156374987061
5 650 144346141902
5 675 208499982748
5 700 134035703195
5 725 194120673594
5 775 181596759168
5 800 175921860444
5 825 113727263317
5 850 110382343808
5 900 104249991374
5 925 152148636060
5 950 98763149723
5 975 96230761268
5 1025 137304866688
5 1050 67017851597
5 1075 130918593819
5 1100 85295447488
5 1150 81586949771
5 1175 119776585834
5 1200 78187493530
5 1225 114887745596
5 1275 73588229205
5 1300 72173070951
5 1325 106216972344
5 1350 69499994249
5 1400 67017851597
5 1425 65842099815
5 1450 64706891197
5 1475 95415246343
5 1525 92286877610
5 1550 60532253056
5 1575 59571423642
5 1600 87960930222
5 1650 42647723744
5 1675 84022381108
5 1700 55191171904
5 1725 54391299847
5 1775 79288725834
5 1800 52124995687
5 1825 77116431976
5 1850 50716212019
5 1900 49381574861
5 1925 48740255708
5 1950 36086535475
5 1975 71259487775
5 2025 69499994249
5 2050 45768288896
5 2075 67825295593
5 2100 33508925798
5 2150 43639531272
5 2175 43137927465
5 2200 42647723744
5 2225 63252803755
5 2275 41241754830
5 2300 40793474885
5 2325 40354835370
5 2350 39925528611
5 2400 39093746765
5 2425 58036077672
5 2450 38295915198
5 2475 37909087772
5 2525 55737619151
5 2550 27595585952
5 2575 54655335284
5 2600 36086535475
5 2650 35405657447
5 2675 52612145180
5 2700 34749997124
5 2725 51646784718
5 2775 33810808013
5 2800 33508925798
5 2825 49818579949
5 2850 24690787430
5 2900 32353445598
5 2925 32076920422
5 2950 31805082114
5 2975 31537812517
5 3025 46524789539
5 3050 30762292536
5 3075 30512192597
5 3100 30266126528
5 3150 22339283865
5 3175 44326767986
5 3200 43980465111
5 3225 29093020848
5 3275 42973278887
5 3300 21323861872
5 3325 28218042778
5 3350 28007460369
5 3400 27595585952
5 3425 41091237476
5 3450 20396737442
5 3475 40499996649
5 3525 26617019074
5 3550 22355767608
5 3575 26244753073
5 3600 26062497843
5 3650 21773037850
5 3675 25530610132
5 3700 25358106009
5 3725 13913677704
5 3775 37281453869
5 3800 24690787430
5 3825 24529409735
5 3850 18277595890
5 3900 18043267737
5 3925 20075644114
5 3950 23753162591
5 3975 23603771631
5 4025 23310557078
5 4050 21789752838
5 4075 34536806958
5 4100 22884144448
5 4150 18474271489
5 4175 33709578049
5 4200 16754462899
5 4225 33310648131
5 4275 21947366605
5 4300 21819765636
5 4325 28829610994
5 4350 16176722799
5 4400 21323861872
5 4425 21203388076
5 4450 12989665695
5 4475 17148721373
5 4525 713394350
5 4550 15465658061
5 4575 20508195024
5 4600 20396737442
5 4650 14396621733
5 4675 20069517056
5 4700 19962764305
5 4725 19857141214
5 4775 29473819551
5 4800 19546873382
5 4825 25034230994
5 4850 12959455327
5 4900 19147957599
5 4925 26020385097
5 4950 14215907914
5 4975 28288942383
5 5025 14805485951
5 5050 7210123800
5 5075 18487683200
5 5100 13797792976
5 5150 10286936010
5 5175 18130433282
5 5200 18043267737
5 5225 17956936313
5 5275 26680092579
5 5300 15116848383
5 5325 9818625208
5 5350 13556556829
5 5400 17374998562
5 5425 17294929445
5 5450 17215594905
5 5475 9318432713
5 5525 16981899048
5 5550 11849095113
5 5575 25244392530
5 5600 16754462899
5 5650 8578333264
5 5675 13952131126
5 5700 12345393715
5 5725 20872118657
5 5775 12185063926
5 5800 16176722799
5 5825 -1686636064
5 5850 12028845158
5 5900 9103002404
5 5925 11676636581
5 5950 11826679693
5 5975 23554391357
5 6025 4048169109
5 6050 11716743813
5 6075 23166664749
5 6100 11400321371
5 6150 9010092927
5 6175 15194330727
5 6200 15133063264
5 6225 6964188169
5 6275 22428284997
5 6300 11169641932
5 6325 14833990868
5 6350 2852105882
5 6400 9781003291
5 6425 17923842551
5 6450 7118363452
5 6475 14490346292
5 6525 14379309155
5 6550 3378248921
5 6575 17592703144
5 6600 10661930936
5 6650 10581766041
5 6675 2937651424
5 6700 10282985847
5 6725 20927507562
5 6775 -3673606651
5 6800 13797792976
5 6825 10310438707
5 6850 2491760427
5 6900 10198368721
5 6925 -842655273
5 6950 2407136886
5 6975 13451611790
5 7025 10501994267
5 7050 6204260205
5 7075 -1261271445
5 7100 6145290813
5 7150 9841782402
5 7175 13076653970
5 7200 13031248921
5 7225 15096018086
5 7275 3051282203
5 7300 2660289489
5 7325 12095736879
5 7350 1633198189
5 7400 12679053004
5 7425 12636362590
5 7450 -1777018891
5 7475 12551838427
5 7525 8637310090
5 7550 5644373865
5 7575 4755791754
5 7600 12345393715
5 7650 9198528650
5 7675 7095867927
5 7700 9138797945
5 7725 3007892142
5 7775 1370546528
5 7800 9021633868
5 7825 -1854388459
5 7850 -639560660
5 7900 4337390269
5 7925 1214225699
5 7950 14849972271
5 7975 11764889310
5 8025 7837225589
5 8050 8741458904
5 8075 11619194085
5 8100 4718686786
5 8150 2217550037
5 8175 11477063270
5 8200 7509632749
5 8225 11407293890
5 8275 2028693295
5 8300 4334384205
5 8325 5025918273
5 8350 888815771
5 8400 8377231449
5 8425 2102283521
5 8450 4153030482
5 8475 2694736319
5 5 56294995342131
5 10 14073748835532
5 15 9382499223688
5 20 7036874417766
5 30 3127499741229
5 35 4021071095867
5 40 3518437208883
5 45 3127499741229
5 55 2558863424642
5 60 1563749870614
5 65 2165192128544
5 70 1340357031955
5 80 1759218604441
5 85 1655735157122
5 90 1042499913743
5 95 1481447245846
5 105 893571354637
5 110 852954474880
5 115 1223804246568
5 120 781874935307
5 130 721730709514
5 135 1042499913743
5 140 670178515977
5 145 970603367968
5 155 907983795841
5 160 879609302220
5 165 568636316587
5 170 551911719040
5 180 521249956871
5 185 760743180299
5 190 493815748615
5 195 481153806343
5 205 686524333441
5 210 335089257988
5 215 654592969095
5 220 426477237440
5 230 407934748856
5 235 598882929172
5 240 390937467653
5 245 574438727981
5 255 367941146027
5 260 360865354757
5 265 531084861718
5 270 347499971247
5 280 335089257988
5 285 329210499076
5 290 323534455989
5 295 477076231713
5 305 461434388050
5 310 302661265280
5 315 297857118212
5 320 439804651110
5 330 213238618720
5 335 420111905538
5 340 275955859520
5 345 271956499237
5 355 396443629170
5 360 260624978435
5 365 385582159878
5 370 253581060099
5 380 246907874307
5 385 243701278538
5 390 180432677378
5 395 356297438874
5 405 347499971247
5 410 228841444480
5 415 339126477965
5 420 167544628994
5 430 218197656364
5 435 215689637326
5 440 213238618720
5 445 316264018776
5 455 206208774147
5 460 203967374428
5 465 201774176853
5 470 199627643057
5 480 195468733826
5 485 290180388362
5 490 191479575993
5 495 189545438862
5 505 278688095753
5 510 137977929760
5 515 273276676418
5 520 180432677378
5 530 177028287239
5 535 263060725898
5 540 173749985623
5 545 258233923588
5 555 169054040066
5 560 167544628994
5 565 249092899744
5 570 123453937153
5 580 161767227994
5 585 160384602114
5 590 159025410570
5 595 157689062583
5 605 232623947695
5 610 153811462683
5 615 152560962986
5 620 151330632640
5 630 111696419329
5 635 221633839930
5 640 219902325555
5 645 145465104243
5 655 214866394436
5 660 106619309360
5 665 141090213890
5 670 140037301846
5 680 137977929760
5 685 205456187380
5 690 101983687214
5 695 202499983245
5 705 133085095371
5 710 132147876389
5 715 131223765366
5 720 130312489217
5 730 128527386625
5 735 127653050662
5 740 126790530049
5 745 188909380343
5 755 186407269345
5 760 123453937153
5 765 122647048675
5 770 91387979451
5 780 90216338689
5 785 179283424656
5 790 118765812958
5 795 118018858159
5 805 116552785388
5 810 115833323749
5 815 172684034792
5 820 114420722240
5 830 113042159321
5 835 168547890246
5 840 83772314497
5 845 166553240657
5 855 109736833025
5 860 109098828182
5 865 162702298677
5 870 80883613997
5 880 106619309360
5 885 106016940380
5 890 105421339592
5 895 157248590341
5 905 155511036857
5 910 77328290305
5 915 102540975122
5 920 101983687214
5 930 75665316320
5 935 100347585280
5 940 99813821528
5 945 99285706070
5 955 147369097754
5 960 97734366913
5 965 145841956845
5 970 96726796120
5 980 95739787996
5 985 142880698838
5 990 71079539573
5 995 141444711915
5 1005 93358201230
5 1010 92896031917
5 1015 92438415998
5 1020 68988964880
5 1030 91092225472
5 1035 90652166412
5 1040 90216338689
5 1045 89784681567
5 1055 133400462896
5 1060 88514143619
5 1065 88098584259
5 1070 87686908632
5 1080 86874992811
5 1085 86474647224
5 1090 86077974529
5 1095 85684924417
5 1105 84909495237
5 1110 63395265024
5 1115 126221962651
5 1120 83772314497
5 1130 83030966581
5 1135 123997787097
5 1140 61726968576
5 1145 122914836992
5 1155 60925319634
5 1160 80883613997
5 1165 120804711035
5 1170 60144225792
5 1180 79512705285
5 1185 79177208638
5 1190 59133398468
5 1195 117771956783
5 1205 116794596146
5 1210 77541315898
5 1215 115833323749
5 1220 76905731341
5 1230 57210361120
5 1235 75971653633
5 1240 75665316320
5 1245 75361439547
5 1255 112141424984
5 1260 55848209664
5 1265 74169954338
5 1270 73877946643
5 1280 109951162777
5 1285 109523337242
5 1290 54549414091
5 1295 72451731457
5 1305 71896545775
5 1310 71622131478
5 1315 107024705974
5 1320 53309654680
5 1330 52908830208
5 1335 70280893061
5 1340 70018650923
5 1345 104637537811
5 1355 103865305059
5 1360 68988964880
5 1365 51552193536
5 1370 68485395793
5 1380 50991843607
5 1385 101615515058
5 1390 67499994415
5 1395 67258058951
5 1405 100169030858
5 1410 49906910764
5 1415 99461122513
5 1420 66073938194
5 1430 49208912012
5 1435 65383269852
5 1440 65156244608
5 1445 97396185713
5 1455 64484530747
5 1460 64263693312
5 1465 96066544952
5 1470 47869893998
5 1480 63395265024
5 1485 63181812954
5 1490 62969793447
5 1495 62759192133
5 1505 62342187534
5 1510 62135756448
5 1515 61930687945
5 1520 61726968576
5 1530 45992643253
5 1535 91685660166
5 1540 45693989725
5 1545 60728150315
5 1555 90506423380
5 1560 45108169344
5 1565 89928107575
5 1570 59761141552
5 1580 59382906479
5 1585 88793368048
5 1590 44257071809
5 1595 58824446544
5 1605 58457939088
5 1610 43707294520
5 1615 58095970425
5 1620 57916661874
5 1630 57561344930
5 1635 57385316352
5 1640 57210361120
5 1645 57036469446
5 1655 85037757314
5 1660 56521079660
5 1665 56351346688
5 1670 56182630081
5 1680 41886157248
5 1685 83523731962
5 1690 55517746885
5 1695 55353977720
5 1705 55029320960
5 1710 41151312384
5 1715 82062675426
5 1720 54549414091
5 1730 54234099558
5 1735 81116707986
5 1740 40441806998
5 1745 80651855791
5 1755 53461534038
5 1760 53309654680
5 1765 79737953742
5 1770 39756352642
5 1780 52710669796
5 1785 39422265645
5 1790 52416196780
5 1795 78405285992
5 1805 77970907676
5 1810 51837012285
5 1815 51694210598
5 1820 38664145152
5 1830 38452865670
5 1835 76696178940
5 1840 50991843607
5 1845 50853654328
5 1855 50579510641
5 1860 37832658160
5 1865 67988703189
5 1870 37630344480
5 1880 49906910764
5 1885 49774531691
5 1890 37232139776
5 1895 74267803881
5 1905 45117804053
5 1910 49123032584
5 1915 73492161021
5 1920 48867183456
5 1930 48613985614
5 1935 48488368081
5 1940 48363398060
5 1945 72358605838
5 1955 47992323396
5 1960 47869893998
5 1965 47748087652
5 1970 47626899612
5 1980 35539769786
5 1985 70900497912
5 1990 47148237304
5 1995 35272553472
5 2005 27524642410
5 2010 35009325461
5 2015 46563271582
5 2020 46448015958
5 2030 34664405998
5 2035 46105647292
5 2040 34494482440
5 2045 68820287704
5 2055 45656930528
5 2060 45546112736
5 2065 45435831593
5 2070 33994562404
5 2080 45108169344
5 2085 38696540158
5 2090 33669255587
5 2095 7774144624
5 2105 59346400599
5 2110 44466820965
5 2115 44361698457
5 2120 44257071809
5 2130 33036969097
5 2135 43946132195
5 2140 43843454316
5 2145 32805941341
5 2155 65307419190
5 2160 43437496405
5 2165 65005768293
5 2170 32427992708
5 2180 43038987264
5 2185 42940499880
5 2190 32131846656
5 2195 64117306768
5 2205 42551016887
5 2210 31841060713
5 2215 19355423493
5 2220 31697632512
5 2230 42073987550
5 2235 26898592926
5 2240 41886157248
5 2245 62689304390
5 2255 41607535360
5 2260 41515483290
5 2265 41423837632
5 2270 37325223349
5 2280 30863484288
5 2285 27329054936
5 2290 40971612330
5 2295 40882349558
5 2305 61057478679
5 2310 24370127853
5 2315 60793731471
5 2320 40441806998
5 2330 40268237011
5 2335 60273014285
5 2340 30072112896
5 2345 40010657670
5 2355 39840761034
5 2360 39756352642
5 2365 39672301157
5 2370 27758731437
5 2380 29566699234
5 2385 39339619386
5 2390 33326824761
5 2395 54628882780
5 2405 39012470785
5 2410 38931532048
5 2415 29138196346
5 2420 38770657949
5 2430 38611107916
5 2435 57797736491
5 2440 38452865670
5 2445 33015563954
5 2455 57326879167
5 2460 28605180560
5 2465 38062877175
5 2470 28489370112
5 2480 37832658160
5 2485 37756536112
5 2490 24482385369
5 2495 34708742086
5 2505 37455086721
5 2510 37380474994
5 2515 55959239903
5 2520 27924104832
5 2530 27813732876
5 2535 37011831257
5 2540 36938973321
5 2545 55299602497
5 2555 36722110465
5 2560 54975581388
5 2565 36578944341
5 2570 36507779080
5 2580 27274707045
5 2585 36295935101
5 2590 27169399296
5 2595 36156066372
5 2605 54025907238
5 2610 26961204665
5 2615 -208957615
5 2620 35811065739
5 2630 31727860615
5 2635 35607207680
5 2640 26654827340
5 2645 53208880286
5 2655 35338980126
5 2660 26454415104
5 2665 35206376075
5 2670 21603739710
5 2680 35009325461
5 2685 22733526880
5 2690 34879179270
5 2695 34814468363
5 2705 52028646342
5 2710 30845640812
5 2715 30341900435
5 2720 34494482440
5 2730 20620877414
5 2735 19857300
5 2740 34242697896
5 2745 34180325040
5 2755 34056258525
5 2760 25495921803
5 2765 33933089417
5 2770 18318670785
5 2780 23472029973
5 2785 50534107129
5 2790 25221772106
5 2795 33568870211
5 2805 25086896320
5 2810 29598157586
5 2815 49995555366
5 2820 24953455382
5 2830 29019547129
5 2835 33095235356
5 2840 33036969097
5 2845 30869337632
5 2855 49295092244
5 2860 24604456006
5 2865 28546040417
5 2870 24518726194
5 2880 32578122304
5 2885 2076016405
5 2890 24566584249
5 2895 32409323743
5 2905 32297759806
5 2910 20159965354
5 2915 32186961316
5 2920 32131846656
5 2930 32022181650
5 2935 -4786192374
5 2940 23934946999
5 2945 31859080557
5 2955 27770441511
5 2960 31697632512
5 2965 47466269260
5 2970 23693179857
5 2980 27282923859
5 2985 24036478395
5 2990 23534697049
5 2995 20905018341
5 3005 46834438721
5 3010 23378320324
5 3015 31119400410
5 3020 31067878224
5 3030 15922036964
5 3035 -30203733
5 3040 30863484288
5 3045 23109603999
5 3055 30711945087
5 3060 22996321626
5 3065 45917614472
5 3070 14997211704
5 3080 22846994862
5 3085 45619931396
5 3090 21360650332
5 3095 -936826718
5 3105 30217388804
5 3110 26377288427
5 3115 21687843992
5 3120 22554084672
5 3130 22723869537
5 3135 22446170391
5 3140 28488799108
5 3145 29833065894
5 3155 37771572849
5 3160 29691453239
5 3165 11750005749
5 3170 11155447562
5 3180 22128535904
5 3185 29458396308
5 3190 22059167453
5 3195 26955817357
5 3205 -2153236559
5 3210 21921727158
5 3215 -1086738203
5 3220 21853647260
5 3230 21785988909
5 3235 43504633186
5 3240 28958330937
5 3245 25140793100
5 3255 21618661805
5 3260 1944185878
5 3265 43104896893
5 3270 21519493632
5 3280 28605180560
5 3285 12967208789
5 3290 21388676041
5 3295 42712439562
5 3305 -2278803005
5 3310 20599564891
5 3315 21227373809
5 3320 28260539830
5 3330 21131755008
5 3335 28133430956
5 3340 24299795674
5 3345 28049325033
5 3355 27965720489
5 3360 20943078624
5 3365 -3038087469
5 3370 -2818174541
5 3380 27758873442
5 3385 41576806013
5 3390 17085954470
5 3395 27636227463
5 3405 23778936258
5 3410 20635995360
5 3420 20575656192
5 3430 23578097600
5 3435 19311482760
5 3440 27274707045
5 3445 27235121115
5 3455 36556957051
5 3460 19515812923
5 3465 20308439878
5 3470 19581547273
5 3480 20220903499
5 3485 26922522880
5 3490 945693770
5 3495 18947264589
5 3505 40153349031
5 3510 20048075264
5 3515 26692743169
5 3520 26654827340
5 3530 1170693663
5 3535 26541723405
5 3540 19878176321
5 3555 26392402879
5 3560 14363264991
5 3565 26318370895
5 3570 15768906258
5 3580 19609618569
5 3585 26171545951
5 3590 26135095330
5 3595 39148119153
5 3605 18210512520
5 3610 24614287641
5 3615 22062362714
5 3620 10611686604
5 3630 19385328974
5 3635 38717328296
5 3640 19332072576
5 3645 30579695050
5 3655 25670312514
5 3660 19226432835
5 3665 -2920283063
5 3670 15156705075
5 3680 25495921803
5 3685 25461327609
5 3690 19070120373
5 3695 38088630137
5 3705 18992913408
5 3710 18967316489
5 3715 37883576946
5 3720 18916329080
5 3730 8082693616
5 3735 25120479849
5 3740 18815172240
5 3745 25053402467
5 3760 24953455382
5 3765 24920316663
5 3770 18665449383
5 3780 18616069888
5 3785 37182955972
5 3790 21214617047
5 3795 18542488584
5 3805 36987513365
5 3810 18469486660
5 3815 24593707009
5 3820 20769996926
5 3830 17279342277
5 3835 24465447780
5 3840 24433591728
5 3845 -737136475
5 3855 20607826535
5 3860 7981521269
5 3865 36413321696
5 3870 18183138030
5 3880 20106299104
5 3885 18112932864
5 3890 24119535279
5 3895 24088573103
5 3905 24026886617
5 3910 17997121273
5 3915 23965515258
5 3920 21675548945
5 3930 14114013503
5 3935 35765562479
5 3940 20021930440
5 3945 19785590549
5 3955 15620361215
5 3960 17769884893
5 3965 23663301951
5 3970 6158501508
5 3980 23574118652
5 3990 14109021389
5 3995 23485605066
5 4005 21944981296
5 4010 1479741090
5 4015 19537488333
5 4020 9461038047
5 4030 17461226843
5 4035 19742650013
5 4040 13835314068
5 4045 34792951386
5 4055 -2632715473
5 4060 17332202999
5 4065 19385075255
5 4070 17289617734
5 4080 17247241220
5 4085 22968174354
5 4090 2606553617
5 4095 17184064512
5 4110 9512376431
5 4115 34201090730
5 4120 18651109170
5 4130 16154918508
5 4135 34035668284
5 4140 16997281202
5 4155 11664408314
5 4160 22554084672
5 4165 22527008941
5 4170 6239564548
5 4180 16834627793
5 4185 22419352983
5 4190 5705404670
5 4205 30143028909
5 4210 4167531706
5 4215 19779426477
5 4220 22233410482
5 4230 16635636921
5 4235 22154661685
5 4240 18355617990
5 4245 18290233618
5 4255 22050526965
5 4260 8453859257
5 4270 12688280207
5 4280 21921727158
5 4290 13122376536
5 4305 12315672581
5 4310 -622214059
5 4320 21718748202
5 4330 -2340666764
5 4335 21643596825
5 4340 16213996354
5 4345 17863091322
5 4355 17551985330
5 4360 21519493632
5 4365 4783185672
5 4370 16102687454
5 4380 7939547999
5 4385 32095208291
5 4390 10499463839
5 4395 -780286457
5 4410 15956631332
5 4415 31877120805
5 4420 15920530356
5 4430 4017758420
5 4435 31733368288
5 4440 15848816256
5 4445 13478161460
5 4455 21060604318
5 4460 21036993775
5 4465 21013436111
5 4470 10154744447
5 4480 16652378955
5 4485 15689798032
5 4490 13675449888
5 4495 20873190710
5 4505 20826857322
5 4510 12409967347
5 4515 11666572329
5 4520 12654969550
5 4530 8279814122
5 4535 31033624775
5 4540 9640171925
5 4545 11201691096
5 4560 15431742144
5 4565 20553119877
5 4570 3165726971
5 4580 16774957424
5 4585 12864634074
5 4590 15330881084
5 4605 2656791763
5 4610 16842356726
5 4615 13939855385
5 4620 12185063926
5 4630 20264577156
5 4635 12219199249
5 4640 20220903499
5 4655 20155744842
5 4660 12583652630
5 4665 583884292
5 4670 9408435365
5 4680 15036056448
5 4690 11212477260
5 4695 -1161042963
5 4710 6445339028
5 4715 19899256043
5 4720 15719371175
5 4730 14877112933
5 4740 11374883021
5 4745 13382856959
5 4755 -87851619
5 4760 14783349617
5 4765 29535674366
5 4770 14752357269
5 4780 8480887321
5 4785 14706111635
5 4790 5038510517
5 4795 19567255942
5 4805 29289799866
5 4810 14629676544
5 4815 19485979696
5 4820 816519719
5 4830 11655278538
5 4840 19385328974
5 4845 14523992606
5 4860 19305553958
5 4865 10310791484
5 4870 -141138192
5 4880 15048366184
5 4890 6460279291
5 4895 11616626433
5 4905 19128438784
5 4910 19108959722
5 4920 14302590280
5 4930 14273578940
5 4935 14259117361
5 4940 14244685056
5 4945 18973709249
5 4960 18916329080
5 4965 832484026
5 4970 6849575311
5 4980 8054102872
5 4990 1281017191
5 4995 18783782229
5 5005 14059689147
5 5010 6401360978
5 5015 14358941277
5 5020 14969493160
5 5030 -1015253394
5 5035 18634556552
5 5040 13962052416
5 5055 15037397186
5 5060 13906866438
5 5070 6365254820
5 5080 6750469247
5 5085 18451325906
5 5090 18433200832
5 5095 27622666998
5 5110 9851816870
5 5115 12364836102
5 5120 27487790694
5 5130 13717104128
5 5135 14290838635
5 5140 14273064643
5 5145 8767075634
5 5160 13637353522
5 5170 10432663301
5 5180 13584699648
5 5185 14303946832
5 5190 5957288033
5 5205 14045110210
5 5210 14217116380
5 5215 6203222276
5 5220 13480602332
5 5230 -466496436
5 5235 -1513451226
5 5240 14395396702
5 5260 2877237745
5 5265 13699837721
5 5270 10981401887
5 5280 13327413670
5 5285 13898711044
5 5290 14410240683
5 5295 6390664927
5 5310 9360125562
5 5320 13227207552
5 5330 8387538925
5 5335 13603617220
5 5340 2030208731
5 5355 13140755215
5 5360 13523837833
5 5365 17488348973
5 5370 2276897821
5 5380 13916157497
5 5385 -1799884846
5 5390 12186431589
5 5395 6318884878
5 5405 17358925483
5 5410 -207617242
5 5415 13856024774
5 5420 13800748009
5 5430 6239623130
5 5440 17247241220
5 5445 5645574662
5 5460 10310438707
5 5470 299615310
5 5480 13209190408
5 5490 8116309604
5 5495 9366044856
5 5505 549734810
5 5510 12771096946
5 5520 12747960901
5 5530 12724908531
5 5535 16951218109
5 5540 5257107534
5 5555 1875280733
5 5560 587232713
5 5565 12644877659
5 5570 -68204959
5 5580 8590102884
5 5590 12588326328
5 5595 16769435609
5 5605 12947997536
5 5610 10034758528
5 5620 924542765
5 5630 3833905495
5 5635 11360992004
5 5640 8685208325
5 5655 12443632922
5 5660 292822809
5 5665 10026783777
5 5670 8887281120
5 5680 11151562213
5 5685 16503956418
5 5690 16489453820
5 5695 12951544551
5 5705 8895208695
5 5710 16431697414
5 5715 8747581499
5 5720 12302228003
5 5730 1662779374
5 5735 9091515268
5 5740 12259363097
5 5745 16331591338
5 5760 12778924985
5 5770 -958912462
5 5780 16232697618
5 5785 12134845231
5 5790 1030624299
5 5795 12243638907
5 5805 14762886304
5 5810 265798749
5 5820 4174197516
5 5830 7994415780
5 5835 2246967384
5 5840 4080318408
5 5845 1043273072
5 5860 -550526821
5 5865 11998080848
5 5870 -4294096117
5 5880 8444041361
5 5885 -3146043389
5 5890 7669795475
5 5895 -1422981755
5 5910 -253262035
5 5915 11881388500
5 5920 15848816256
5 5930 -5101798045
5 5940 11846589928
5 5945 14981306406
5 5955 4735362186
5 5960 -1416632657
5 5970 4955324740
5 5980 11767348524
5 5985 11757517824
5 5990 -3886322790
5 5995 15650540824
5 6010 -3515315528
5 6015 -1625371997
5 6020 7702648372
5 6030 6534474138
5 6035 12278302040
5 6040 7888057518
5 6045 11640817895
5 6055 15495457018
5 6060 7887533598
5 6070 -34218390
5 6080 15431742144
5 6090 6207325546
5 6095 12862653108
5 6105 11526411822
5 6110 8883500181
5 6120 8387170564
5 6130 15305871490
5 6135 8376068463
5 6140 -2383703755
5 6160 11423497431
5 6165 173259544
5 6170 15206643798
5 6180 3744246348
5 6190 -776782191
5 6195 7567438531
5 6205 6320374600
5 6210 11331520801
5 6215 7296354294
5 6220 15084403896
5 6230 3200541304
5 6235 10870631817
5 6240 11277042336
5 6255 1762582595
5 6260 -710477463
5 6265 1922282656
5 6270 8978468156
5 6280 -181369870
5 6285 319135092
5 6290 7395880344
5 6305 2081771903
5 6310 8033065008
5 6315 1391700557
5 6320 11037228445
5 6330 -349253870
5 6335 2950170643
5 6340 1254449703
5 6345 11010110872
5 6355 12566763100
5 6360 7648651975
5 6365 6591668892
5 6370 7138553723
5 6380 11029583726
5 6390 263227509
5 6405 3563933844
5 6410 -1083476489
5 6420 7240119242
5 6430 14591756179
5 6435 10935313780
5 6440 10926823630
5 6460 10892994454
5 6465 3304080895
5 6470 14501544395
5 6480 8064727748
5 6490 3515052311
5 6495 14445726287
5 6510 6170738308
5 6520 2653693517
5 6530 -1565994089
5 6540 10759746816
5 6545 10751526995
5 6555 10735124969
5 6560 14302590280
5 6565 826438322
5 6570 1513655037
5 6580 3098500663
5 6585 1385991100
5 6590 14237479853
5 6610 14194401246
5 6615 10142324033
5 6620 996794943
5 6630 8490949523
5 6640 6473816989
5 6645 -1058080437
5 6655 21147631609
5 6660 7024559924
5 6665 5004284486
5 6670 7357178195
5 6680 4164916368
5 6685 6528163644
5 6690 7340184526
5 6695 1883848268
5 6705 1453340775
5 6710 7308832821
5 6715 9788703076
5 6720 10471539312
5 6730 -1992986629
5 6735 3294355646
5 6740 2829017242
5 6745 6215583368
5 6755 872370279
5 6760 -827894261
5 6765 6891747673
5 6780 2533758831
5 6785 9847471675
5 6790 6667481651
5 6795 -571898217
5 6810 453425991
5 6815 10071320012
5 6820 6847154082
5 6840 4058453630
5 6845 20560626495
5 6855 2799044828
5 6860 234682732
5 6870 3620191614
5 6880 9771199227
5 6885 10086132272
5 6890 4957730965
5 6895 5961804010
5 6910 -2394771905
5 6915 10058192428
5 6920 286284923
5 6930 8123375951
5 6935 9329860434
5 6940 6202006209
5 6945 13509718104
5 6955 9509468740
5 6960 10110451749
5 6965 6163316982
5 6970 6365253228
5 6980 5750302327
5 6985 2081786303
5 6990 598247151
5 7005 938718062
5 7015 2046910504
5 7020 10024037632
5 7030 10009778688
5 7035 2181003589
5 7040 5634457667
5 7055 7865379934
5 7060 5087039412
5 7065 6177078986
5 7070 2120278648
5 7080 4380164547
5 7085 13242765312
5 7095 6394643151
5 7105 9224663103
5 7110 5762990704
5 7120 2101193429
5 7130 2709407017
5 7140 1168162578
5 7155 9126694672
5 7160 1423261084
5 7170 -677913426
5 7180 2147674653
5 7185 5453450061
5 7190 6016698462
5 7205 6065272167
5 7210 2887788316
5 7215 8891834285
5 7220 6056103164
5 7230 1755008941
5 7240 1694766574
5 7245 8873287195
5 7260 2292804073
5 7270 -3028516955
5 7280 9666036288
5 7285 9090123137
5 7290 4857201931
5 7305 110716874
5 7310 5850239651
5 7315 9619787312
5 7320 5229997360
5 7330 12800135366
5 7335 1480832405
5 7340 1646299207
5 7345 6549689538
5 7360 12747960901
5 7365 12739306481
5 7370 2017193365
5 7380 6356747825
5 7385 11286140918
5 7395 5739591752
5 7410 7597165363
5 7420 6305345883
5 7440 5448663603
5 7455 1525891982
5 7460 5103319652
5 7470 2613086047
5 7480 9407586120
5 7485 1413516342
5 7490 6216713563
5 7505 8805560876
5 7510 12493341176
5 7515 -1050637929
5 7520 12476727691
5 7530 9345118748
5 7535 2405121045
5 7540 5621875950
5 7545 9109333900
5 7560 9308034944
5 7565 218807321
5 7570 -5130314546
5 7580 12377967313
5 7585 1999696694
5 7590 7416995433
5 7595 4347096400
5 7605 5030399443
5 7610 -3312590695
5 7620 434340551
5 7630 9222640128
5 7635 -4480522906
5 7640 1241888786
5 7645 -242273921
5 7660 8527949166
5 7665 547180783
5 7670 2071368225
5 7680 773663264
5 7685 4977966893
5 7690 -3854599426
5 7695 5530181130
5 7705 1849469154
5 7710 5146119873
5 7720 2825271702
5 7735 9097445919
5 7740 5110744118
5 7755 5603140177
5 7760 8764796770
5 7770 4066860784
5 7780 8363663992
5 7785 7229058164
5 7790 6380920093
5 7805 8842826939
5 7810 540640996
5 7815 -960831698
5 7820 8998560636
5 7830 5463636083
5 7840 7907554223
5 7845 1376427646
5 7860 1771074095
5 7865 6676542204
5 7880 815802871
5 7885 4054003749
5 7890 2009528659
5 7905 4993457028
5 7910 1019091449
5 7920 8884942446
5 7930 1212420379
5 7935 -908280253
5 7940 -581489540
5 7945 738812637
5 7955 4676895801
5 7960 1484481142
5 7965 4078745489
5 7980 7151831818
5 7990 2269633775
5 7995 5623281657
5 8010 1019706574
5 8015 -291577243
5 8020 -2382527900
5 8030 1331327517
5 8040 1134779296
5 8055 1544778870
5 8060 7919149657
5 8070 8719794817
5 8080 14658611
5 8085 4412117766
5 8110 11569049597
5 8115 -401727183
5 8120 8666101499
5 8130 1553261802
5 8140 4973021692
5 8145 -349217450
5 8155 887551116
5 8160 5445308249
5 8165 4757882600
5 8170 1255230922
5 8180 -3290360169
5 8190 6873625804
5 8195 1733293053
5 8205 -209907323
5 8215 2381731469
5 8220 757316606
5 8230 11400363576
5 8235 5194236838
5 8240 1525036403
5 8245 3863633316
5 8255 1563101349
5 8260 1417060432
5 8265 8514064631
5 8270 11345222761
5 8280 8498640601
5 8295 4787168707
5 8305 4014328614
5 8310 1593219362
5 8320 4112218185
5 8330 4483767197
5 8340 1771055176
5 8355 334293797
5 8360 8417313896
5 8365 753612498
5 8370 4248452222
5 8380 1347160621
5 8385 1812901930
5 8395 568610372
5 8410 11156360551
5 8415 8362298773
5 8420 -2698526785
5 8430 1024138679
5 8435 -21937724
5 8440 3670225726
5 8445 -2804400632
5 8455 2872755795
5 8460 4336993563
5 8470 4981945386
5 8480 240516682
5 8490 969624175
7 343 820626754258
7 686 205156688564
7 1029 136771125709
7 1372 102578344282
7 1715 82062675425
7 2058 45590375236
7 2744 51289172141
7 3087 45590375236
7 3430 34906480223
7 3773 40973003278
7 4116 62953623632
7 4459 48108944198
7 5145 37174299014
7 5488 29718393739
7 5831 35543111074
7 6174 41843665121
7 6517 44517493163
7 6860 40561972246
7 7546 27486037506
7 7889 24287087850
7 8232 25324366462
7 49 5744387279809
7 98 1436096819952
7 147 957397879968
7 196 718048409976
7 245 574438727980
7 294 319132626656
7 392 359024204988
7 441 319132626656
7 490 191479575993
7 539 261108512719
7 588 159566313328
7 637 220937972300
7 735 127653050662
7 784 179512102494
7 833 168952567053
7 882 106377542218
7 931 151168086311
7 980 95739787996
7 1078 87036170906
7 1127 124877984344
7 1176 79783156664
7 1225 114887745596
7 1274 73645990766
7 1323 106377542218
7 1421 99041159997
7 1470 47869893998
7 1519 92651407739
7 1568 89756051247
7 1617 58024113937
7 1666 56317522351
7 1764 53188771109
7 1813 77626855133
7 1862 50389362103
7 1911 49097327177
7 1960 47869893998
7 2009 70053503412
7 2107 66795200928
7 2156 43518085453
7 2205 42551016887
7 2254 41625994781
7 2303 61110502977
7 2352 39891578332
7 2450 38295915198
7 2499 37545014900
7 2548 36822995383
7 2597 54192332828
7 2646 35459180739
7 2695 34814468362
7 2793 33592908069
7 2842 33013719998
7 2891 48681248134
7 2940 23934946999
7 2989 47085141638
7 3038 30883802579
7 3136 44878025623
7 3185 29458396306
7 3234 34479762711
7 3283 42868561790
7 3332 28158761175
7 3381 27750663187
7 3479 40453431548
7 3528 26594385554
7 3577 39345118355
7 3626 25875618377
7 3675 25530610132
7 3724 25194681051
7 3822 18411497691
7 3871 36356881518
7 3920 28453743107
7 3969 35459180739
7 4018 23351167804
7 4067 34604742649
7 4165 22527008940
7 4214 22265066976
7 4263 29833463745
7 4312 21759042726
7 4361 25856285285
7 4410 15956631332
7 4508 20812997390
7 4557 20589201719
7 4606 27104000625
7 4655 20155744841
7 4704 19945789166
7 4753 24803625336
7 4851 19341371312
7 4900 19147957599
7 4949 27398674047
7 4998 14079380587
7 5047 19758999816
7 5096 18411497691
7 5194 18064110942
7 5243 18645998562
7 5292 28091573507
7 5341 26350400366
7 5390 15662407773
7 5439 17250412251
7 5537 25417642831
7 5586 24587897593
7 5635 27229209730
7 5684 16506859999
7 5733 16365775725
7 5782 18650445716
7 5880 22537769913
7 5929 23737137520
7 5978 26585477087
7 6027 15567445202
7 6076 14670093543
7 6125 12710018354
7 6223 10772707017
7 6272 18901762189
7 6321 27339591377
7 6370 22771933291
7 6419 14743449950
7 6468 22331880816
7 6566 19016523766
7 6615 22266368819
7 6664 29747478157
7 6713 13333249887
7 6762 16470592180
7 6811 15340366369
7 6909 13580111772
7 6958 18326441355
7 7007 28577545396
7 7056 13297192777
7 7105 21167137793
7 7154 14718784009
7 7252 12937809188
7 7301 18282275103
7 7350 33918830341
7 7399 15014444746
7 7448 20180379257
7 7497 17452028946
7 7595 16337653466
7 7644 20540212228
7 7693 27220245828
7 7742 16029469540
7 7791 15942911722
7 7840 20087312051
7 7938 9157264166
7 7987 18044853681
7 8036 27051269862
7 8085 21578115062
7 8134 15903467877
7 8183 14339070044
7 8281 8610782312
7 8330 20339211817
7 8379 26724131457
7 8428 14789954904
7 8477 13878911697
7 7 40210710958665
7 14 10052677739666
7 21 6701785159777
7 28 5026338869833
7 35 4021071095866
7 42 2233928386592
7 56 2513169434916
7 63 2233928386592
7 70 1340357031955
7 77 1827759589030
7 84 1116964193296
7 91 1546565806103
7 105 893571354637
7 112 1256584717458
7 119 1182667969373
7 126 744642795530
7 133 1058176604175
7 140 670178515977
7 154 609253196343
7 161 874145890406
7 168 558482096648
7 175 804214219173
7 182 515521935367
7 189 744642795530
7 203 693288119977
7 210 335089257988
7 217 648559854172
7 224 628292358729
7 231 406168797562
7 238 394222656457
7 252 372321397765
7 259 543387985928
7 266 352725534725
7 273 343681290245
7 280 335089257988
7 287 490374523886
7 301 467566406496
7 308 304626598171
7 315 297857118212
7 322 291381963468
7 329 427773520837
7 336 279241048324
7 350 268071406391
7 357 262815104305
7 364 257760967683
7 371 379346329799
7 378 248214265176
7 385 243701278537
7 399 235150356483
7 406 231096039992
7 413 340768736938
7 420 167544628994
7 427 329595991464
7 434 216186618057
7 448 314146179364
7 455 206208774147
7 462 152313299085
7 469 300079932527
7 476 197111328228
7 483 194254642312
7 497 283174020836
7 504 186160698882
7 511 275415828484
7 518 181129328642
7 525 178714270927
7 532 176362767362
7 546 128880483841
7 553 254498170624
7 560 167544628994
7 567 248214265176
7 574 163458174628
7 581 242233198546
7 595 157689062583
7 602 155855468832
7 609 154064026661
7 616 152313299085
7 623 225902870554
7 630 111696419329
7 644 145690981734
7 651 144124412038
7 658 142591173612
7 665 141090213890
7 672 139620524162
7 679 207271705973
7 693 135389599187
7 700 134035703195
7 707 199062925538
7 714 98555664114
7 721 195197626013
7 728 128880483841
7 742 126448776599
7 749 187900518498
7 756 124107132588
7 763 184452802563
7 770 91387979451
7 777 120752885761
7 791 177923499817
7 798 88181383681
7 805 116552785387
7 812 115548019996
7 819 114560430081
7 826 113589578979
7 840 83772314497
7 847 166159962639
7 854 109865330488
7 861 108972116419
7 868 108093309028
7 875 160842843834
7 889 158309885664
7 896 157073089682
7 903 103903645888
7 910 77328290305
7 917 153475996025
7 924 76156649542
7 938 100026644175
7 945 99285706070
7 952 98555664114
7 959 146754419557
7 966 72845490867
7 973 144642845175
7 987 95060782408
7 994 94391340278
7 1001 93731260977
7 1008 93080349441
7 1015 92438415996
7 1022 91805276161
7 1036 90564664321
7 1043 134935271673
7 1050 67017851597
7 1057 133148049532
7 1064 88181383681
7 1071 87605034768
7 1085 86474647222
7 1092 64440241920
7 1099 128059589040
7 1106 84832723541
7 1113 84299184399
7 1120 83772314497
7 1134 82738088392
7 1141 123345739137
7 1148 81729087314
7 1155 60925319634
7 1162 80744399515
7 1169 120391350176
7 1183 118966600469
7 1190 59133398468
7 1197 78383452161
7 1204 77927734416
7 1211 116215927626
7 1218 57774009998
7 1232 76156649542
7 1239 75726385986
7 1246 75300956851
7 1253 112320421672
7 1260 55848209664
7 1267 111079312041
7 1281 73243553658
7 1288 72845490867
7 1295 72451731457
7 1302 54046654514
7 1309 71676846629
7 1316 71295586806
7 1330 52908830208
7 1337 105263641253
7 1344 69810262081
7 1351 104172826318
7 1358 69090568657
7 1365 51552193536
7 1379 102057642027
7 1386 50771099695
7 1393 101031937082
7 1400 67017851597
7 1407 66684429450
7 1414 66354308512
7 1428 49277832057
7 1435 65383269851
7 1442 65065875337
7 1449 64751547437
7 1456 64440241920
7 1463 64131915405
7 1477 95286044926
7 1484 63224388299
7 1491 62927560185
7 1498 62633506166
7 1505 62342187532
7 1512 62053566294
7 1526 61484267520
7 1533 61203517440
7 1540 45693989725
7 1547 60649639455
7 1554 45282332160
7 1561 90158544750
7 1575 59571423642
7 1582 59307833272
7 1589 88569847927
7 1596 44090691840
7 1603 87796312137
7 1610 43707294520
7 1624 57774009998
7 1631 86289079310
7 1638 42960161280
7 1645 57036469444
7 1652 56794789489
7 1659 56555149027
7 1673 84122826273
7 1680 41886157248
7 1687 73382533106
7 1694 55386654213
7 1701 82738088392
7 1708 54932665244
7 1722 40864543657
7 1729 54265466882
7 1736 54046654514
7 1743 53829599676
7 1750 53614281278
7 1757 80101017846
7 1771 52978538813
7 1778 52769961888
7 1785 39422265645
7 1792 78536544841
7 1799 78230955173
7 1806 38963867208
7 1820 38664145152
7 1827 51354675553
7 1834 51158665341
7 1841 76446218553
7 1848 38078324771
7 1855 50579510639
7 1869 50200637900
7 1876 50013322087
7 1883 74741098436
7 1890 37232139776
7 1897 74189503614
7 1904 49277832057
7 1918 48918139852
7 1925 48740255707
7 1932 36422745433
7 1939 65189979244
7 1946 48214281725
7 1953 48041470679
7 1967 71549307756
7 1974 35647793403
7 1981 71043658938
7 1988 47195670139
7 1995 35272553472
7 2002 35149222865
7 2016 46540174720
7 2023 69568704081
7 2030 34664405998
7 2037 46060379105
7 2044 45902638080
7 2051 68618960680
7 2065 45435831591
7 2072 45282332160
7 2079 45129866395
7 2086 44978423891
7 2093 44827994381
7 2100 33508925798
7 2114 44382683177
7 2121 44236205675
7 2128 44090691840
7 2135 43946132195
7 2142 32851888038
7 2149 65489757262
7 2163 43377250225
7 2170 32427992708
7 2177 64647445271
7 2184 32220120960
7 2191 64234362554
7 2198 42686529680
7 2212 42416361770
7 2219 25966110153
7 2226 31612194149
7 2233 42017461818
7 2240 41886157248
7 2247 41755670777
7 2261 41497121733
7 2268 41369044196
7 2275 41241754829
7 2282 21413218940
7 2289 40989511680
7 2296 40864543657
7 2310 24370127853
7 2317 60741255225
7 2324 40372199757
7 2331 40250961920
7 2338 40130450058
7 2345 40010657670
7 2359 32312635158
7 2366 31655218819
7 2373 39538555514
7 2380 29566699234
7 2387 39306657829
7 2394 29393794560
7 2408 38963867208
7 2415 29138196346
7 2422 38738642542
7 2429 57940505704
7 2436 28887004999
7 2443 53912364775
7 2457 38186810027
7 2464 38078324771
7 2471 33357537914
7 2478 28397394744
7 2485 37756536111
7 2492 33448505561
7 2506 30841660736
7 2513 56003775708
7 2520 27924104832
7 2527 55693505483
7 2534 29538078390
7 2541 36924436142
7 2555 36722110464
7 2562 27466332622
7 2569 35596008619
7 2576 36422745433
7 2583 36324038806
7 2590 27169399296
7 2604 27023327257
7 2611 -1819050749
7 2618 26878817485
7 2625 35742854185
7 2632 35647793403
7 2639 35553236923
7 2653 53048431344
7 2660 26454415104
7 2667 23650267374
7 2674 35087880417
7 2681 52494400729
7 2688 34905131040
7 2702 34724275439
7 2709 34634548629
7 2716 34545284328
7 2723 -625448018
7 2730 20620877414
7 2737 34280230996
7 2751 34105776894
7 2758 31597171267
7 2765 33933089416
7 2772 25385549847
7 2779 46922468457
7 2786 29901184819
7 2800 33508925798
7 2807 4152182593
7 2814 25006661043
7 2821 33259479701
7 2828 33177154256
7 2835 33095235356
7 2849 32932605209
7 2856 24638916028
7 2863 -2962310353
7 2870 24518726194
7 2877 32612093234
7 2884 28666783373
7 2898 24281830289
7 2905 32297759806
7 2912 32220120960
7 2919 28193858843
7 2926 24049468276
7 2933 23668862838
7 2947 36379614341
7 2954 31762014975
7 2961 31686927469
7 2968 31612194149
7 2975 31537812516
7 2982 19529297963
7 2996 27352891928
7 3003 23432815243
7 3010 23378320324
7 3017 658465821
7 3024 31026783147
7 3031 42711947301
7 3045 23109603999
7 3052 30742133760
7 3059 30671785628
7 3066 22951319040
7 3073 33852720067
7 3080 22846994862
7 3094 22743614795
7 3101 -821875768
7 3108 22641166080
7 3115 21687843991
7 3122 30052848250
7 3129 26067024057
7 3143 1688321887
7 3150 22339283865
7 3157 29719668114
7 3164 25301135292
7 3171 29588455451
7 3178 22034923686
7 3192 22045345920
7 3199 28170306810
7 3206 29265437378
7 3213 29201678256
7 3220 21853647260
7 3227 43612484771
7 3241 43424093908
7 3248 28887004999
7 3255 21618661805
7 3262 25066922789
7 3269 -2293643466
7 3276 21480080640
7 3290 21388676041
7 3297 20919516517
7 3304 28397394744
7 3311 28337357970
7 3318 17698044718
7 3325 28218042778
7 3339 28099728133
7 3346 20169981977
7 3353 22885600168
7 3360 20943078624
7 3367 27866050561
7 3374 27808237177
7 3388 27693327106
7 3395 27636227463
7 3402 27579362797
7 3409 41284097493
7 3416 27466332622
7 3423 4162010767
7 3437 40947770834
7 3444 20432271828
7 3451 27187769412
7 3458 20349550080
7 3465 20308439878
7 3472 27023327257
7 3486 15894600554
7 3493 -2349794092
7 3500 26807140639
7 3507 15815874918
7 3514 26700339281
7 3521 32989905880
7 3535 26541723405
7 3542 19866952054
7 3549 26437022326
7 3556 18214723647
7 3563 39499716069
7 3570 15768906258
7 3584 39268272420
7 3591 26127817387
7 3598 26076985057
7 3605 18210512520
7 3612 19481933604
7 3619 25925667930
7 3633 14964930989
7 3640 19332072576
7 3647 38589933742
7 3654 19258003332
7 3661 1014419422
7 3668 25579332670
7 3682 21535031474
7 3689 25433719772
7 3696 19039162385
7 3703 34680290316
7 3710 18967316489
7 3717 25242128662
7 3731 25147411482
7 3738 15283921632
7 3745 25053402466
7 3752 25006661043
7 3759 16877075014
7 3766 24913699478
7 3780 18616069888
7 3787 33387191275
7 3794 21258990939
7 3801 20642943302
7 3808 24638916028
7 3815 24593707008
7 3829 33245541126
7 3836 16753465342
7 3843 24414517886
7 3850 18277595890
7 3857 24325898947
7 3864 18211372716
7 3878 -81176131
7 3885 18112932864
7 3892 15652298714
7 3899 36095790807
7 3906 18015551504
7 3913 23977764437
7 3927 17919211657
7 3934 17577891727
7 3941 35711110976
7 3948 17823896701
7 3955 15620361213
7 3962 -437087747
7 3976 18230912734
7 3983 16735520071
7 3990 14109021389
7 3997 27635673609
7 4004 17574611432
7 4011 15573368108
7 4025 23310557077
7 4032 23270087360
7 4039 34844636879
7 4046 23189568026
7 4053 19357997593
7 4060 17332202999
7 4074 5950553683
7 4081 22990686655
7 4088 11045481006
7 4095 17184064512
7 4102 15040569681
7 4109 34251031481
7 4123 22756486111
7 4130 16154918508
7 4137 22679476006
7 4144 22641166080
7 4151 19997984785
7 4158 16923699898
7 4172 14911319008
7 4179 15619806987
7 4186 16810497892
7 4193 -5036642545
7 4200 16754462899
7 4207 33453170515
7 4221 18148702402
7 4228 14432362230
7 4235 22154661685
7 4242 9330084908
7 4249 37948651
7 4256 22045345920
7 4270 12688280207
7 4277 21937103633
7 4284 16425944019
7 4291 32798296051
7 4298 10748485821
7 4305 12315672581
7 4319 -5154128271
7 4326 8450631219
7 4333 3112971655
7 4340 16213996354
7 4347 21583849145
7 4354 14036884720
7 4368 16110060480
7 4375 28127220504
7 4382 13719780546
7 4389 16032978851
7 4396 17410825365
7 4403 21309332782
7 4417 -2621813279
7 4424 17074020510
7 4431 17502889475
7 4438 6029503245
7 4445 13478161460
7 4452 11993859023
7 4466 15756548181
7 4473 5965823197
7 4480 16652378955
7 4487 -2982281121
7 4494 8410474012
7 4501 -2351070972
7 4515 11666572329
7 4522 15561420649
7 4529 31074737990
7 4536 16591263179
7 4543 18059195099
7 4550 15465658061
7 4564 8603637304
7 4571 -2829907863
7 4578 15371066880
7 4585 12864634072
7 4592 20432271828
7 4599 16492827588
7 4613 30508885401
7 4620 12185063926
7 4634 1167167344
7 4641 15162409863
7 4648 16408977931
7 4662 15094110720
7 4669 20095307826
7 4676 20065225029
7 4683 20035232166
7 4690 11212477260
7 4697 19975514634
7 4711 -3744891876
7 4718 633828867
7 4725 19857141214
7 4732 13706540607
7 4739 -4392090078
7 4746 11500905573
7 4760 14783349617
7 4767 8656062504
7 4774 12216522007
7 4781 29436830863
7 4788 14696897280
7 4795 19567255940
7 4809 15563250209
7 4816 19481933604
7 4823 19453657939
7 4830 11655278538
7 4837 24918545775
7 4844 19369321271
7 4858 1660581585
7 4865 10310791484
7 4872 14443502499
7 4879 19230373487
7 4886 11525894263
7 4893 -2026416634
7 4907 -1428020168
7 4914 14320053760
7 4921 19066245120
7 4928 19039162385
7 4935 14259117361
7 4942 1532199789
7 4956 9907997703
7 4963 28357342002
7 4970 6849575311
7 4977 10786223889
7 4984 11104818194
7 4991 18798836354
7 5005 14059689146
7 5012 4037623618
7 5019 10920180119
7 5026 7748052224
7 5033 20930267663
7 5040 13962052416
7 5054 15093658229
7 5061 6974016338
7 5068 18513218673
7 5075 18487683199
7 5082 10070536012
7 5103 19566195423
7 5110 9851816870
7 5117 18335937510
7 5124 10554853950
7 5131 27428861500
7 5138 -2830671388
7 5152 18211372716
7 5159 18186662578
7 5166 9422176394
7 5173 27206164383
7 5180 13584699648
7 5187 13566366720
7 5201 27059697819
7 5208 9680536211
7 5215 6203222275
7 5222 4618214184
7 5229 17943199892
7 5236 13439408742
7 5250 9627442778
7 5264 13891457226
7 5271 17800226187
7 5278 13332463845
7 5285 13898711042
7 5299 -3549729496
7 5306 17682810447
7 5313 13244634703
7 5320 13227207552
7 5327 26419652404
7 5334 2813341965
7 5348 881244424
7 5355 13140755215
7 5362 -1919764348
7 5369 13488808054
7 5376 10001128331
7 5383 26144805565
7 5397 17384656705
7 5404 13375625929
7 5411 26009515497
7 5418 9446638156
7 5425 17294929444
7 5432 5249198247
7 5446 3553775264
7 5453 16434315899
7 5460 10310438707
7 5467 9099785582
7 5474 12855086623
7 5481 17118225184
7 5495 9366044856
7 5502 9248348755
7 5516 9363725410
7 5523 8976472358
7 5530 12724908531
7 5544 12692774923
7 5551 11468660904
7 5558 16881070931
7 5565 12644877659
7 5572 831676438
7 5593 16775432191
7 5600 16754462899
7 5607 9152522209
7 5614 -4878655404
7 5621 2493293257
7 5628 6608687252
7 5642 8776201240
7 5649 -3192751073
7 5656 12735353240
7 5663 24852108133
7 5670 8887281120
7 5677 -1463800968
7 5691 16486556358
7 5698 12349726952
7 5705 8895208694
7 5712 12319458014
7 5719 15601473090
7 5726 12661312395
7 5740 12259363097
7 5747 24488861729
7 5754 1831286600
7 5768 8540220306
7 5775 12185063926
7 5789 24311191632
7 5796 12140915144
7 5810 872560373
7 5817 4945395956
7 5824 16110060480
7 5838 1184478334
7 5845 309492883
7 5852 12024734138
7 5859 16013823559
7 5866 -1555618777
7 5887 23906486896
7 5894 -1665350025
7 5901 12188997426
7 5908 8265882238
7 5915 11881388498
7 5922 8070359750
7 5936 15806097074
7 5943 636585640
7 5950 11826679693
7 5957 15750376405
7 5964 4729420709
7 5985 11757517824
7 5992 12117058961
7 6006 9373126097
7 6020 7702648372
7 6034 4487887950
7 6041 23297051540
7 6048 15513391573
7 6055 15495457016
7 6062 1036856776
7 6069 15459712017
7 6083 7699008373
7 6090 6207325546
7 6097 11847396909
7 6104 15371066880
7 6111 7380097609
7 6118 11501919610
7 6132 3852652239
7 6146 15266025420
7 6153 4416643975
7 6160 11423497431
7 6181 22769372004
7 6188 11371807397
7 6195 7567438531
7 6202 1909919165
7 6209 22666691634
7 6216 8142270679
7 6230 3200541304
7 6237 9413794834
7 6244 15026424125
7 6251 15009597223
7 6258 2137339972
7 6265 2230167269
7 6279 11206998594
7 6286 4406075691
7 6293 14909421936
7 6300 11169641932
7 6307 11084807294
7 6314 7414182690
7 6328 5201829981
7 6335 2950170641
7 6342 4193161179
7 6356 3752444652
7 6363 8415545039
7 6384 11022672960
7 6391 14680799913
7 6398 -1325419761
7 6405 3563933844
7 6412 -475604390
7 6426 10950629346
7 6440 10926823630
7 6447 3471846125
7 6454 14537494923
7 6461 6079424270
7 6475 14490346291
7 6482 14474697969
7 6489 11133030663
7 6496 14443502499
7 6510 6170738308
7 6524 3412795118
7 6531 10824781369
7 6538 3668148290
7 6545 10751526994
7 6552 10740040320
7 6573 4764834788
7 6580 3098500663
7 6594 2844092850
7 6601 14213754316
7 6608 6281460030
7 6622 6718164346
7 6636 7425778081
7 6643 2842945628
7 6650 10581766041
7 6657 849533759
7 6671 21096910262
7 6678 6498756323
7 6685 6528163644
7 6692 1652933885
7 6699 6540504299
7 6706 2912873815
7 6720 10471539312
7 6727 -1809903778
7 6734 7123716215
7 6741 3176756884
7 6748 -866198953
7 6755 -116759777
7 6776 663898471
7 6783 10374280433
7 6790 6667481651
7 6804 10068937061
7 6818 1605250963
7 6825 10310438707
7 6832 9599005936
7 6846 1468101150
7 6853 5034741
7 6867 13663170560
7 6874 13649256944
7 6888 6292290284
7 6895 5961804009
7 6902 10195413529
7 6916 10174775040
7 6923 9774495003
7 6930 8123375951
7 6944 13511663628
7 6951 -1303396416
7 6965 6163316982
7 6972 2696609065
7 6986 -3541685246
7 6993 13416987306
7 7000 9707466672
7 7014 2134385762
7 7021 9571960515
7 7028 9629425303
7 7035 2181003589
7 7042 -2808043898
7 7049 5424089838
7 7070 2120278648
7 7077 -5499414139
7 7084 9933476027
7 7098 2666912233
7 7112 2412733427
7 7119 2045262845
7 7126 -2767721030
7 7133 19730476427
7 7140 1168162578
7 7161 5625915834
7 7168 18730416059
7 7175 13076653970
7 7182 9797931520
7 7189 9580344639
7 7196 5726019792
7 7210 2887788316
7 7224 5848974817
7 7238 6306509496
7 7245 8873287195
7 7259 9113094948
7 7266 268064944
7 7280 9666036288
7 7287 1876994966
7 7294 5561655714
7 7308 9629001666
7 7315 9619787310
7 7322 -2871939264
7 7329 820092121
7 7336 4916695578
7 7364 834346226
7 7371 6581430373
7 7378 5813174523
7 7385 11286140918
7 7392 9519581192
7 7406 5927112298
7 7413 1747186216
7 7420 6305345883
7 7434 1418223427
7 7455 1970914682
7 7462 5471772729
7 7469 798345807
7 7476 2003672579
7 7490 6216713563
7 7504 8381383323
7 7511 12491677838
7 7518 507332316
7 7525 8637310089
7 7532 8986006141
7 7539 12445283490
7 7553 2071207003
7 7560 9308034944
7 7567 8246444472
7 7574 8611645397
7 7581 -2129617107
7 7588 8894073670
7 7602 2019953090
7 7616 12319458014
7 7623 8532017839
7 7630 9222640128
7 7658 8741756264
7 7665 284069727
7 7672 2182765864
7 7686 5363924841
7 7700 9138797945
7 7707 574673072
7 7714 6011221855
7 7728 6069170305
7 7735 9097445918
7 7749 6160442923
7 7756 1079795252
7 7770 4066860784
7 7777 1748551852
7 7784 962127178
7 7798 -4678204553
7 7805 8842826939
7 7812 4680683013
7 7826 4574099235
7 7833 1672439069
7 7847 1176024541
7 7854 3744674717
7 7868 54875274
7 7875 8203435987
7 7882 11903703658
7 7896 4931123453
7 7910 1019091449
7 7917 8888309230
7 7924 385819346
7 7931 840264900
7 7945 558983272
7 7952 1275401741
7 7959 8247222718
7 7966 -1037740022
7 7973 -862146805
7 7980 8265619638
7 7994 11736926724
7 8001 3995513374
7 8008 8787305716
7 8015 -455711630
7 8022 923488964
7 8029 3510664014
7 8043 4447377654
7 8050 8741458904
7 8064 3824077141
7 8078 3583464036
7 8092 7211564956
7 8099 1409569934
7 8106 4960324522
7 8113 6422874867
7 8120 8666101499
7 8127 6722324092
7 8148 718619987
7 8155 887551114
7 8162 4972055071
7 8169 365392606
7 8176 2027819373
7 8190 6873625804
7 8204 6257722593
7 8211 8570057749
7 8218 4198965763
7 8225 11407293888
7 8239 7846592632
7 8246 2981871057
7 8253 3429260825
7 8260 1417060432
7 8274 1785173561
7 8288 7281941314
7 8295 4787168707
7 8302 -2054534193
7 8316 8461849949
7 8323 7258038212
7 8337 1709517872
7 8344 680914230
7 8358 1440114459
7 8365 -699843556
7 8372 4989632969
7 8386 11188289081
7 8393 11178957731
7 8400 8377231449
7 8414 2425931046
7 8421 -2509289942
7 8435 1196824018
7 8442 850695790
7 8449 495234446
7 8456 7114845897
7 8463 2209333089
7 8470 4981945386
7 8484 1385286283
11 1331 211476316086
11 2662 52869079021
11 3993 35246052681
11 5324 56199297211
11 6655 21147631608
11 7986 11748684227
11 121 2326239476947
11 242 581559869236
11 363 387706579491
11 484 290779934618
11 605 232623947694
11 726 129235526497
11 847 166159962639
11 968 145389967309
11 1089 129235526497
11 1210 77541315898
11 1452 64617763248
11 1573 89470749113
11 1694 55386654213
11 1815 51694210598
11 1936 72694983654
11 2057 68418808146
11 2178 43078508832
11 2299 61216828341
11 2420 38770657949
11 2541 36924436142
11 2783 50570423412
11 2904 32308881624
11 3025 46524789538
11 3146 29823583037
11 3267 43078508832
11 3388 27693327106
11 3509 40107577189
11 3630 19385328974
11 3751 37519991564
11 3872 36347491827
11 4114 41291916007
11 4235 22154661685
11 4356 29894219246
11 4477 31435668607
11 4598 28591560208
11 4719 19882388691
11 4840 19385328974
11 4961 28368774109
11 5082 25175046176
11 5203 27049296244
11 5445 40403061272
11 5566 24413116725
11 5687 28831050877
11 5808 24340391574
11 5929 23737137519
11 6050 23091301911
11 6171 15204179587
11 6292 22546697820
11 6413 21945655443
11 6534 22726993958
11 6776 40040487736
11 6897 21387723601
11 7018 26818293004
11 7139 18228777928
11 7260 31892245729
11 7381 20715801492
11 7502 13813926388
11 7623 19860400462
11 7744 21991199064
11 7865 22435215237
11 8107 38542096503
11 8228 26743427582
11 8349 28246244515
11 8470 18286156366
11 11 25588634246423
11 22 6397158561605
11 33 4264772374403
11 44 3198579280802
11 55 2558863424642
11 66 1421590791467
11 77 1827759589030
11 88 1599289640401
11 99 1421590791467
11 110 852954474880
11 132 710795395733
11 143 984178240247
11 154 609253196343
11 165 568636316587
11 176 799644820200
11 187 752606889601
11 198 473863597155
11 209 673385111748
11 220 426477237440
11 231 406168797562
11 253 556274657531
11 264 355397697866
11 275 511772684928
11 286 328059413415
11 297 473863597155
11 308 304626598171
11 319 441183349076
11 330 213238618720
11 341 412719907200
11 352 399822410100
11 374 250868963200
11 385 243701278537
11 396 236931798577
11 407 345792354681
11 418 224461703915
11 429 218706275610
11 440 213238618720
11 451 312056515200
11 462 152313299085
11 473 297542258679
11 495 189545438862
11 506 185424885843
11 517 272219513260
11 528 177698848933
11 539 261108512718
11 550 170590894976
11 561 167245975466
11 572 164029706707
11 583 241402209872
11 594 157954532385
11 616 152313299085
11 627 149641135943
11 638 147061116358
11 649 216852832597
11 660 106619309360
11 671 209742903659
11 682 137573302400
11 693 135389599187
11 704 199911205050
11 715 131223765366
11 737 190959957063
11 748 125434481600
11 759 123616590562
11 770 91387979451
11 781 180201649623
11 792 118465899288
11 803 175264618126
11 814 115264118227
11 825 113727263317
11 836 112230851957
11 858 82014853353
11 869 161953381306
11 880 106619309360
11 891 157954532385
11 902 104018838400
11 913 154148399075
11 924 76156649542
11 935 100347585280
11 946 99180752893
11 957 98040744239
11 979 143756372171
11 990 71079539573
11 1001 93731260975
11 1012 92712442921
11 1023 91715534933
11 1034 90739837753
11 1045 89784681566
11 1056 88849424466
11 1067 131900176528
11 1078 87036170906
11 1100 85295447488
11 1111 126676407161
11 1122 62717240800
11 1133 124216671099
11 1144 82014853353
11 1155 60925319634
11 1166 80467403290
11 1177 119573057226
11 1188 78977266192
11 1199 117379056176
11 1221 76842745484
11 1232 76156649542
11 1243 113224045338
11 1254 56115425978
11 1265 74169954337
11 1276 73530558179
11 1287 72902091870
11 1298 72284277532
11 1309 71676846628
11 1320 53309654680
11 1342 69914301219
11 1353 69345892266
11 1364 68786651200
11 1375 102354536985
11 1386 50771099695
11 1397 100742654513
11 1408 99955602525
11 1419 66120501928
11 1430 49208912012
11 1441 97666542925
11 1463 64131915404
11 1474 63653319020
11 1485 63181812954
11 1496 62717240800
11 1507 93389176082
11 1518 46356221460
11 1529 92045446930
11 1540 45693989725
11 1551 60493225168
11 1562 60067216540
11 1584 59232949644
11 1595 58824446543
11 1606 58421539375
11 1617 58024113937
11 1628 57632059113
11 1639 85867900156
11 1650 42647723744
11 1661 84730576975
11 1672 56115425978
11 1683 55748658488
11 1705 55029320960
11 1716 41007426676
11 1727 81492465753
11 1738 53984460435
11 1749 53644935527
11 1760 53309654680
11 1771 52978538812
11 1782 52651510795
11 1793 78492743087
11 1804 52009419200
11 1826 51382799691
11 1837 76612677385
11 1848 38078324771
11 1859 75706018481
11 1870 37630344480
11 1881 49880378647
11 1892 49590376446
11 1903 73955590308
11 1914 36765279089
11 1925 48740255707
11 1947 48189518354
11 1958 47918790723
11 1969 71476631973
11 1980 35539769786
11 1991 66509352520
11 2002 35149222865
11 2013 46609534146
11 2024 46356221460
11 2035 46105647290
11 2046 34393325600
11 2068 45369918876
11 2079 45129866395
11 2090 33669255587
11 2101 66985953525
11 2112 44424712233
11 2123 66291798566
11 2134 39765976886
11 2145 32805941341
11 2156 43518085453
11 2167 64945772199
11 2189 64293050870
11 2200 42647723744
11 2211 42435546013
11 2222 42225469053
11 2233 42017461816
11 2244 31358620400
11 2255 41607535360
11 2266 41405557033
11 2277 41205530187
11 2288 41007426676
11 2310 24370127853
11 2321 60636574044
11 2332 40233701645
11 2343 40044811027
11 2354 39857685742
11 2365 39672301157
11 2376 39488633096
11 2387 39306657828
11 2398 39126352058
11 2409 38947692916
11 2431 38595225109
11 2442 28816029556
11 2453 57373619387
11 2464 38078324771
11 2475 37909087772
11 2486 37741348446
11 2497 56362630499
11 2508 28057712989
11 2519 55870380451
11 2530 27813732876
11 2552 36765279089
11 2563 46779634933
11 2574 27338284451
11 2585 36295935101
11 2596 36142138766
11 2607 35989640290
11 2618 26878817485
11 2629 23703654741
11 2640 26654827340
11 2651 41513277796
11 2673 52651510795
11 2684 34957150609
11 2695 34814468362
11 2706 26004709600
11 2717 34532569833
11 2728 34393325600
11 2739 34255199794
11 2750 34118178995
11 2761 50973374993
11 2772 25385549847
11 2794 25410627540
11 2805 25086896320
11 2816 49977801262
11 2827 13170369010
11 2838 24795188223
11 2849 32932605207
11 2860 24604456006
11 2871 32680248079
11 2882 32555514308
11 2893 33687380374
11 2915 32186961316
11 2926 24049468276
11 2937 28033701942
11 2948 31826659510
11 2959 47562517187
11 2970 23693179857
11 2981 47211502300
11 2992 31358620400
11 3003 23432815243
11 3014 31129725360
11 3036 23178110730
11 3047 46188870481
11 3058 26602374895
11 3069 30571844977
11 3080 22846994862
11 3091 41739858297
11 3102 22684959438
11 3113 45209601142
11 3124 30033608270
11 3135 22446170391
11 3157 29719668114
11 3168 29616474822
11 3179 44270993506
11 3190 22059167453
11 3201 25444996044
11 3212 29210769687
11 3223 43666611342
11 3234 17518802731
11 3245 25140793098
11 3256 28816029556
11 3278 16834486104
11 3289 28526905515
11 3300 21323861872
11 3311 28337357969
11 3322 28243525658
11 3333 20596030700
11 3344 28057712989
11 3355 27965720487
11 3366 20905746933
11 3377 26110625058
11 3399 27603704688
11 3410 20635995360
11 3421 41139283354
11 3432 20503713338
11 3443 29784339083
11 3454 27164155250
11 3465 20308439878
11 3476 22701530548
11 3487 -918087605
11 3498 20116850822
11 3520 26654827340
11 3531 22780271128
11 3542 19866952054
11 3553 26407259284
11 3564 26325755397
11 3575 26244753073
11 3586 18613357838
11 3597 26084234705
11 3608 26004709600
11 3619 25925667929
11 3641 1811794265
11 3652 25691399845
11 3663 25614248494
11 3674 25537559128
11 3685 25461327608
11 3696 19039162385
11 3707 37965332710
11 3718 25235339493
11 3729 17336467504
11 3740 18815172240
11 3762 18705141992
11 3773 33629428927
11 3784 24795188223
11 3795 18542488584
11 3806 24651863435
11 3817 18006248686
11 3828 18382639544
11 3839 11704506015
11 3850 18277595890
11 3861 24300697290
11 3883 28041904883
11 3894 18071069383
11 3905 24026886616
11 3916 4257689861
11 3927 17919211657
11 3938 20034024625
11 3949 24718893348
11 3960 17769884893
11 3971 35441321671
11 3982 3483957649
11 4004 17574611432
11 4015 19537488333
11 4026 13275927332
11 4037 27089555255
11 4048 23178110730
11 4059 23115297422
11 4070 17289617734
11 4081 22990686654
11 4092 17196662800
11 4103 5466663550
11 4125 22745452663
11 4136 22684959438
11 4147 22624787132
11 4158 16923699898
11 4169 19920890621
11 4180 16834627793
11 4191 15220309313
11 4202 14821662651
11 4213 -4230974618
11 4224 18132915368
11 4246 18110754398
11 4257 22040167309
11 4268 9764078217
11 4279 151036578
11 4290 13122376536
11 4301 21814692452
11 4312 21759042726
11 4323 18193540038
11 4334 19168232575
11 4345 17863091322
11 4367 28506754714
11 4378 17720168215
11 4389 16032978851
11 4400 21323861872
11 4411 5420952892
11 4422 15913329755
11 4433 21165123446
11 4444 21112734526
11 4455 21060604318
11 4466 15756548181
11 4488 15679310200
11 4499 2640695489
11 4510 12409967347
11 4521 16840991700
11 4532 12679260994
11 4543 18059195098
11 4554 15452073820
11 4565 20553119876
11 4576 20503713338
11 4587 11999701614
11 4609 -2386437821
11 4620 12185063926
11 4631 22878038252
11 4642 17600223316
11 4653 20164408389
11 4664 20116850822
11 4675 20069517056
11 4686 10288359980
11 4697 19975514634
11 4708 16257055696
11 4730 14877112933
11 4741 1703156376
11 4752 19744316548
11 4763 29548076497
11 4774 12216522007
11 4785 14706111635
11 4796 19563176029
11 4807 19518409036
11 4818 8158467720
11 4829 -2142047653
11 4851 19341371312
11 4862 14473209415
11 4873 -1603509137
11 4884 14408014778
11 4895 11616626432
11 4906 19124539795
11 4917 2349428992
11 4928 19039162385
11 4939 3742410830
11 4950 14215907914
11 4972 9876189638
11 4983 11633797792
11 4994 3028889029
11 5005 14059689146
11 5016 14028856494
11 5027 -4251712547
11 5038 7866588307
11 5049 18582886162
11 5060 13906866438
11 5071 -2826273092
11 5093 27633514305
11 5104 18382639544
11 5115 12364836102
11 5126 1205661030
11 5137 5139647857
11 5148 13669142225
11 5159 18186662577
11 5170 10432663301
11 5181 3667146016
11 5192 11545791917
11 5214 9800011461
11 5225 17956936313
11 5236 13439408742
11 5247 17881645175
11 5258 7515200897
11 5269 3488311701
11 5280 13327413670
11 5291 17732941267
11 5302 2501073916
11 5313 13244634703
11 5335 13603617218
11 5346 17550503598
11 5357 26271698405
11 5368 13661122153
11 5379 713243963
11 5390 12186431589
11 5401 -4051311413
11 5412 8987415451
11 5423 17301307808
11 5434 12949713687
11 5456 17196662800
11 5467 9099785580
11 5478 6038606026
11 5489 4353313225
11 5500 6553758348
11 5511 9252695155
11 5522 16991124997
11 5533 15128985628
11 5544 12692774923
11 5555 2144490370
11 5577 13032040296
11 5588 12574334663
11 5599 25136182953
11 5610 10034758528
11 5621 2400353366
11 5632 6748244109
11 5643 16626792882
11 5654 8681180664
11 5665 10026783777
11 5676 8621466570
11 5698 12349726952
11 5709 8507619127
11 5720 12302228003
11 5731 17255575030
11 5742 12255093029
11 5753 6355406153
11 5764 12296932257
11 5775 12185063926
11 5786 -355737899
11 5797 16185094400
11 5819 24185854675
11 5830 7994415780
11 5841 12053600507
11 5852 12024734138
11 5863 13607089780
11 5874 2047641706
11 5885 -2454000046
11 5896 15913329755
11 5907 3244166865
11 5918 12330740257
11 5940 11846589928
11 5951 23649384701
11 5962 12411114688
11 5973 -265284335
11 5984 15679310200
11 5995 15650540823
11 6006 9373126097
11 6017 23389976459
11 6028 7806984302
11 6039 11864724207
11 6061 15480117512
11 6072 11589055365
11 6083 7699008371
11 6094 1662709719
11 6105 11526411822
11 6116 7334354041
11 6127 22970048695
11 6138 11464441866
11 6149 15258577368
11 6160 11423497431
11 6182 8125672140
11 6193 -3529369095
11 6204 11342479719
11 6215 7296354293
11 6226 11257628996
11 6237 9413794834
11 6248 6333715535
11 6259 22485618846
11 6270 8978468156
11 6281 22406860111
11 6303 1770712281
11 6314 7414182690
11 6325 14833990867
11 6336 14808237411
11 6347 -4411691792
11 6358 11286154237
11 6369 10839518807
11 6380 11029583726
11 6391 14680799911
11 6402 2792465286
11 6424 6706573855
11 6435 10935313780
11 6446 7437965003
11 6457 -5055752079
11 6468 7062068212
11 6479 13070891739
11 6490 3515052311
11 6501 -453956235
11 6512 14408014778
11 6523 -4665748627
11 6545 10751526994
11 6556 3179635190
11 6567 6891664829
11 6578 10697589567
11 6589 21359460974
11 6600 10661930936
11 6611 21288381237
11 6622 6718164346
11 6633 10065741256
11 6644 2614788529
11 6666 3677542419
11 6677 -524252854
11 6688 14028856494
11 6699 6540504299
11 6710 7308832821
11 6721 9825814665
11 6732 10452873466
11 6743 20871642942
11 6754 3294227372
11 6765 6891747673
11 6787 20736332453
11 6798 3165768597
11 6809 2699715843
11 6820 6847154082
11 6831 13735176729
11 6842 10387041706
11 6853 764435692
11 6864 10251856669
11 6875 -3004965937
11 6886 2001483041
11 6908 2213220475
11 6919 13560484497
11 6930 8123375951
11 6941 13440066434
11 6952 9604123123
11 6963 1147257103
11 6974 755980869
11 6985 2081786303
11 6996 6166433426
11 7007 5796497511
11 7029 7886440099
11 7040 5634457667
11 7051 1777697134
11 7062 6110059207
11 7073 19897849336
11 7084 9933476027
11 7095 6394643151
11 7106 9902722231
11 7117 -2956356130
11 7128 9182052801
11 7150 9841782402
11 7161 5625915834
11 7172 3008475431
11 7183 19593134951
11 7194 9781588014
11 7205 6065272166
11 7216 8980621124
11 7227 4204863919
11 7238 6306509496
11 7249 19414745255
11 7271 -3375187697
11 7282 2025473550
11 7293 9648806276
11 7304 5449259048
11 7315 9619787310
11 7326 6064025605
11 7337 12787923162
11 7348 8977260198
11 7359 5755417461
11 7370 2017193365
11 7392 9519581192
11 7403 19010872397
11 7414 1685212924
11 7425 12636362590
11 7436 1714294298
11 7447 18898548188
11 7458 1843615607
11 7469 2366085384
11 7480 9407586120
11 7491 1677602706
11 7513 18732528731
11 7524 9352570996
11 7535 2405121045
11 7546 4907589297
11 7557 5817718348
11 7568 8313483773
11 7579 8393088716
11 7590 7416995433
11 7601 -4870307245
11 7612 4857288974
11 7634 5010097712
11 7645 1480607086
11 7656 6013007411
11 7667 8144535019
11 7678 -2528553498
11 7689 2056525681
11 7700 9138797945
11 7711 18251522287
11 7722 9112761483
11 7733 12133065077
11 7755 5603140177
11 7766 4766556638
11 7777 1748551851
11 7788 1802597244
11 7799 18045581274
11 7810 4121290936
11 7821 7856306073
11 7832 2558333376
11 7843 8109671974
11 7854 4154015537
11 7876 1707752404
11 7887 11896157250
11 7898 4846914197
11 7909 -1611430752
11 7920 8884942446
11 7931 3951215691
11 7942 11813773890
11 7953 1549593438
11 7964 272080375
11 7975 11764889308
11 7997 -1661560209
11 8008 8787305716
11 8019 -2269342057
11 8030 2041304525
11 8041 7687498974
11 8052 3952139513
11 8063 -1805615753
11 8074 1959179859
11 8085 4412117766
11 8096 11589055365
11 8118 5557246284
11 8140 4973021692
11 8151 8633142458
11 8162 5916879951
11 8184 6009933740
11 8195 1632167919
11 8206 1769198687
11 8217 3330035153
11 8239 7846592632
11 8250 1789927278
11 8272 3735247187
11 8283 7803984527
11 8294 5068679197
11 8305 4014328614
11 8316 8461849949
11 8338 -1397062820
11 8360 8417313896
11 8382 1330984204
11 8393 11178957731
11 8404 3994150098
11 8415 8362298773
11 8426 11135175912
11 8437 7134146293
11 8448 2415838861
11 8459 16637603541
11 8481 3750490621
11 8492 1292753422
13 169 1665532406571
13 338 416383101642
13 507 277588734428
13 676 208191550821
13 845 166553240657
13 1014 92529578142
13 1183 118966600469
13 1352 104095775410
13 1521 92529578142
13 1690 55517746885
13 1859 75706018480
13 2028 46264789071
13 2366 55656162829
13 2535 37011831257
13 2704 52047887705
13 2873 48986247252
13 3042 30843192714
13 3211 43829800173
13 3380 27758873442
13 3549 26437022326
13 3718 25235339493
13 3887 36207226230
13 4056 23132394535
13 4225 33310648131
13 4563 49495283786
13 4732 32070219018
13 4901 32743108779
13 5070 36421982424
13 5239 30956401293
13 5408 29754636704
13 5577 24406598394
13 5746 23270436280
13 5915 23823863189
13 6084 30736781383
13 6253 26600170064
13 6422 37109589326
13 6760 42239632930
13 6929 17252333573
13 7098 31654796789
13 7267 19139086218
13 7436 34424420642
13 7605 26951032369
13 7774 22865018988
13 7943 17082953039
13 8112 25679688461
13 8281 25379674964
13 8450 25187180871
13 13 21651921285435
13 26 5412980321358
13 39 3608653547572
13 52 2706490160679
13 65 2165192128543
13 78 1202884515857
13 91 1546565806102
13 104 1353245080339
13 117 1202884515857
13 130 721730709514
13 143 984178240247
13 156 601442257928
13 182 515521935367
13 195 481153806343
13 208 676622540169
13 221 636821214278
13 234 400961505285
13 247 569787402248
13 260 360865354757
13 273 343681290245
13 286 328059413415
13 299 470693940988
13 312 300721128964
13 325 433038425708
13 351 400961505285
13 364 257760967683
13 377 373308987680
13 390 180432677378
13 403 349224536862
13 416 338311270084
13 429 218706275610
13 442 212273738092
13 455 206208774147
13 468 200480752642
13 481 292593530884
13 494 189929134082
13 520 180432677378
13 533 264047820554
13 546 128880483841
13 559 251766526575
13 572 164029706707
13 585 160384602114
13 598 156897980329
13 611 230339588143
13 624 150360564482
13 637 220937972300
13 650 144346141902
13 663 141515825395
13 689 204263408353
13 702 133653835095
13 715 131223765366
13 728 128880483841
13 741 126619422721
13 754 124436329226
13 767 183490858351
13 780 90216338689
13 793 177474764635
13 806 116408178953
13 819 114560430081
13 832 169155635042
13 858 82014853353
13 871 161581502130
13 884 106136869046
13 897 104598653552
13 910 77328290305
13 923 152478318912
13 936 100240376321
13 949 148300830722
13 962 97531176961
13 975 96230761268
13 988 94964567041
13 1001 93731260975
13 1027 137037476490
13 1040 90216338689
13 1053 133653835095
13 1066 88015940184
13 1079 130433260756
13 1092 64440241920
13 1105 84909495237
13 1118 83922175524
13 1131 82957552817
13 1144 82014853353
13 1157 121640007222
13 1170 60144225792
13 1196 78448990164
13 1209 77605452635
13 1222 76779862714
13 1235 75971653633
13 1248 75180282241
13 1261 111607841678
13 1274 73645990766
13 1287 72902091870
13 1300 72173070951
13 1313 107187729136
13 1326 53068434523
13 1339 105106414007
13 1365 51552193536
13 1378 68087802784
13 1391 101177202268
13 1404 66826917547
13 1417 99320739841
13 1430 49208912012
13 1443 65020784640
13 1456 64440241920
13 1469 95804961440
13 1482 47482283520
13 1495 62759192131
13 1508 62218164613
13 1534 61163619450
13 1547 60649639455
13 1560 45108169344
13 1573 89470749113
13 1586 59158254878
13 1599 58677293456
13 1612 58204089476
13 1625 86607685141
13 1638 42960161280
13 1651 85243784588
13 1664 84577817521
13 1677 55948117016
13 1703 82640920937
13 1716 41007426676
13 1729 54265466880
13 1742 53860500710
13 1755 53461534038
13 1768 53068434523
13 1781 79021610531
13 1794 39224495082
13 1807 77884608940
13 1820 38664145152
13 1833 51186575142
13 1846 50826106303
13 1872 50120188160
13 1885 49774531690
13 1898 49433610240
13 1911 49097327177
13 1924 48765588480
13 1937 72657453978
13 1950 36086535475
13 1963 71695103594
13 1976 47482283520
13 1989 47171941798
13 2002 35149222865
13 2015 46563271581
13 2041 68955163329
13 2054 45679158830
13 2067 45391868522
13 2080 45108169344
13 2093 44827994379
13 2106 44551278365
13 2119 66416936458
13 2132 44007970092
13 2145 32805941341
13 2158 43477753585
13 2171 64826111633
13 2184 32220120960
13 2210 31841060713
13 2223 42206474240
13 2236 41961087762
13 2249 62577807183
13 2262 31109082306
13 2275 41241754829
13 2288 41007426676
13 2301 40775746300
13 2314 36462846674
13 2327 50280184699
13 2340 30072112896
13 2353 59811937253
13 2379 39438836585
13 2392 39224495082
13 2405 39012470784
13 2418 29102044738
13 2431 38595225107
13 2444 38389931357
13 2457 38186810027
13 2470 28489370112
13 2483 56680422213
13 2496 37590141120
13 2509 56093060325
13 2522 33127213966
13 2548 36822995383
13 2561 54954114938
13 2574 27338284451
13 2587 54401812275
13 2600 36086535475
13 2613 35907000473
13 2626 35729243045
13 2639 35553236921
13 2652 26534217261
13 2665 35206376073
13 2678 30942495954
13 2691 34866217850
13 2717 34532569833
13 2730 20620877414
13 2743 43692745096
13 2756 34043901392
13 2769 33884070869
13 2782 33725734089
13 2795 33568870209
13 2808 33413458773
13 2821 33259479701
13 2834 33106913280
13 2847 32955740160
13 2860 24604456006
13 2886 24382794240
13 2899 48546908712
13 2912 32220120960
13 2925 32076920422
13 2938 31934987146
13 2951 47691456576
13 2964 23741141760
13 2977 43327895928
13 2990 23534697049
13 3003 23432815243
13 3016 31109082306
13 3029 34221533859
13 3055 30711945085
13 3068 30581809725
13 3081 30452772553
13 3094 22743614795
13 3107 41415117165
13 3120 22554084672
13 3133 17735660701
13 3146 29823583037
13 3159 44551278365
13 3172 29579127439
13 3185 29458396306
13 3198 22003985046
13 3224 29102044738
13 3237 28985169056
13 3250 28869228380
13 3263 43131317302
13 3276 21480080640
13 3289 28526905514
13 3302 24606096688
13 3315 21227373809
13 3328 42288908760
13 3341 42124360478
13 3354 17284440234
13 3367 27866050560
13 3393 27652517605
13 3406 23537550868
13 3419 6733647543
13 3432 20503713338
13 3445 27235121113
13 3458 20349550080
13 3471 24626247272
13 3484 19309467540
13 3497 40245206850
13 3510 20048075264
13 3523 39948194254
13 3536 26534217261
13 3562 24939654186
13 3575 26244753073
13 3588 19612247541
13 3601 23248339641
13 3614 21777790806
13 3627 25868484211
13 3640 19332072576
13 3653 30731998324
13 3666 19194965678
13 3679 23068856006
13 3692 17462252885
13 3705 18992913408
13 3731 25147411481
13 3744 25060094080
13 3757 37460071428
13 3770 18665449383
13 3783 24801742595
13 3796 20804646580
13 3809 36948671136
13 3822 18411497691
13 3835 24465447780
13 3848 24382794240
13 3861 24300697290
13 3874 8942873027
13 3900 18043267737
13 3913 23977764435
13 3926 19934506709
13 3939 13624073257
13 3952 23741141760
13 3965 23663301951
13 3978 17689478174
13 3991 24597044132
13 4004 17574611432
13 4017 23356980890
13 4030 17461226843
13 4043 34810162838
13 4069 30655294208
13 4082 19274205702
13 4095 17184064512
13 4108 22839579415
13 4121 34151295403
13 4134 13074909320
13 4147 22624787132
13 4160 22554084672
13 4173 22483822726
13 4186 16810497892
13 4199 22344604011
13 4212 22275639182
13 4238 14621859425
13 4251 22071275520
13 4264 22003985046
13 4277 21937103632
13 4290 13122376536
13 4303 1735172673
13 4316 17961754845
13 4329 21673594880
13 4342 17897855136
13 4355 17551985330
13 4368 16110060480
13 4381 1583889027
13 4407 1333403869
13 4420 15920530356
13 4433 21165123446
13 4446 15827427840
13 4459 15016190744
13 4472 20980543881
13 4485 15689798032
13 4498 20859269061
13 4511 -3960983878
13 4524 15554541153
13 4537 13405762303
13 4550 15465658061
13 4576 20503713338
13 4589 7754431824
13 4602 15290904862
13 4615 13939855384
13 4628 11893204149
13 4641 15162409863
13 4654 9353983340
13 4667 26379751687
13 4680 15036056448
13 4693 29988810645
13 4706 7863769552
13 4719 19882388691
13 4745 13382856959
13 4758 11318720121
13 4771 29498530362
13 4784 19612247541
13 4797 19559097818
13 4810 14629676544
13 4823 19453657938
13 4836 14551022369
13 4849 29024023171
13 4862 14473209415
13 4875 8101937300
13 4888 19194965678
13 4914 14320053760
13 4927 14727337902
13 4940 14244685056
13 4953 4655569842
13 4966 3613145591
13 4979 24411853549
13 4992 14721262891
13 5005 14059689146
13 5018 -1000348462
13 5031 18649372338
13 5044 7395078841
13 5057 20279767140
13 5083 18458585921
13 5096 18411497691
13 5109 10831794182
13 5122 14337213415
13 5135 14290838635
13 5148 13669142225
13 5161 -4283162115
13 5174 6778792141
13 5187 13566366720
13 5200 18043267737
13 5213 1635386232
13 5226 8048146985
13 5252 6976295741
13 5265 13699837721
13 5278 13332463845
13 5291 17732941265
13 5304 13267108630
13 5317 22744871034
13 5330 8387538925
13 5343 7162109532
13 5356 6535462524
13 5369 13488808052
13 5382 13074831694
13 5395 6318884878
13 5421 4922226702
13 5434 12949713687
13 5447 2095851617
13 5460 10310438707
13 5473 -3611537984
13 5486 17102623448
13 5499 12878446207
13 5512 17021950696
13 5525 16981899047
13 5538 5397400845
13 5551 11468660903
13 5564 12943892490
13 5590 12588326328
13 5603 -2790619588
13 5616 16706729386
13 5629 2683501792
13 5642 8776201240
13 5655 12443632922
13 5668 16553456640
13 5681 16515576878
13 5694 4161469908
13 5707 1742672994
13 5720 12302228003
13 5733 16365775725
13 5759 -1904831925
13 5772 12191397120
13 5785 12134845230
13 5798 -3691324401
13 5811 4750267365
13 5824 16110060480
13 5837 2673706669
13 5850 12028845158
13 5863 13607089779
13 5876 9586620303
13 5889 501174782
13 5902 12121024650
13 5928 11870570880
13 5941 5418230148
13 5954 4648814783
13 5967 15723980599
13 5980 11767348524
13 5993 23483645646
13 6006 9373126097
13 6019 23382204412
13 6032 15554541153
13 6045 11640817895
13 6058 7818043488
13 6071 1808067189
13 6097 11847396908
13 6110 8883500181
13 6123 7785199692
13 6136 11327043707
13 6149 15258577368
13 6162 7236044200
13 6175 15194330726
13 6188 11371807397
13 6201 11299495423
13 6214 3725038119
13 6227 18467010069
13 6240 11277042336
13 6266 697821113
13 6279 11206998594
13 6292 11094338367
13 6305 2325892997
13 6318 8346061015
13 6331 1825913122
13 6344 10406344662
13 6357 2300512576
13 6370 7138553723
13 6383 22048799680
13 6396 6799344551
13 6409 14639568144
13 6435 10935313780
13 6448 14551022369
13 6461 6079424270
13 6474 4793271353
13 6487 -2207066961
13 6500 11108561445
13 6513 3079105847
13 6526 14377105767
13 6539 -1999911011
13 6552 10740040320
13 6565 1161672917
13 6578 10697589567
13 6604 6851502655
13 6617 -5056017632
13 6630 8490949523
13 6643 2842945628
13 6656 1874898760
13 6669 14068824746
13 6682 14041453492
13 6695 1889738528
13 6708 7948256968
13 6721 9825814663
13 6734 7123716215
13 6747 10195330633
13 6773 20779195092
13 6786 6388869205
13 6799 2721777065
13 6812 6069808916
13 6825 10310438707
13 6838 2509616814
13 6851 10320718581
13 6864 10251856669
13 6877 16572961971
13 6890 4957730965
13 6903 6489757442
13 6916 10174775040
13 6942 1705168487
13 6955 9509468738
13 6968 9744380840
13 6981 708720785
13 6994 9944225352
13 7007 5796497511
13 7020 10024037632
13 7033 -2735563397
13 7046 9845221153
13 7059 1900288821
13 7072 13267108630
13 7085 13242765312
13 7111 19791518542
13 7124 275075845
13 7137 5626570417
13 7150 9841782402
13 7163 13098560971
13 7176 9806123770
13 7189 9580344639
13 7202 5957325789
13 7215 8891834285
13 7228 1542074176
13 7241 19436195050
13 7254 5566521204
13 7280 9666036288
13 7293 9648806276
13 7306 -540108669
13 7319 -2065495078
13 7332 5805963473
13 7345 6549689537
13 7358 2651871347
13 7371 6581430373
13 7384 4351176230
13 7397 -4964273229
13 7410 7597165363
13 7423 11384544298
13 7449 5083385677
13 7462 5471772729
13 7475 12551838426
13 7488 12530047040
13 7501 -3898695387
13 7514 5597529374
13 7527 4915348164
13 7540 5621875950
13 7553 2551635487
13 7566 1211373847
13 7579 8393088716
13 7592 4406491299
13 7618 12316223711
13 7631 15116810360
13 7644 5427594384
13 7657 8226459718
13 7670 2071368225
13 7683 3051034681
13 7696 8007651613
13 7709 18256257408
13 7722 9112761483
13 7735 9097445918
13 7748 2494171663
13 7761 2723911958
13 7787 18073390055
13 7800 9021633868
13 7813 -3370612308
13 7826 4574099235
13 7839 3719747608
13 7852 1502541463
13 7865 6676542204
13 7878 4085691987
13 7891 199226876
13 7904 11870570880
13 7917 8888309230
13 7930 2061871535
13 7956 8844739087
13 7969 17660620951
13 7982 -3224225585
13 7995 5623281657
13 8008 8787305716
13 8021 -5185061936
13 8034 3905881431
13 8047 17489435610
13 8060 7919149657
13 8073 11622072616
13 8086 -1537864584
13 8099 961147291
13 8125 17321537028
13 8138 4050872117
13 8151 8633142458
13 8164 581116711
13 8177 10612972702
13 8190 6873625804
13 8203 10320642534
13 8216 7377097082
13 8229 4682119024
13 8242 1335929975
13 8255 1371100194
13 8268 14630296454
13 8294 5068679197
13 8307 1049342965
13 8320 4112218185
13 8333 -2568551021
13 8346 4068583933
13 8372 4989632969
13 8385 6201676330
13 8398 8379226503
13 8411 -2672585426
13 8424 3203693835
13 8437 7134146291
13 8463 2113247221
13 8476 -1067307282
13 8489 16578806497
17 289 973961857130
17 578 243490464282
17 867 162326976188
17 1156 121745232141
17 1445 97396185713
17 1734 54108992062
17 2023 69568704080
17 2312 60872616070
17 2601 54108992062
17 2890 48263017213
17 3179 44270993505
17 3468 27054496031
17 3757 37460071428
17 4046 23189568026
17 4335 21643596825
17 4624 30436308035
17 5202 18036330687
17 5491 25630575188
17 5780 16232697618
17 6069 15459712017
17 6358 21698685031
17 6647 21173083851
17 6936 20468935211
17 7225 23862456199
17 7514 26265012680
17 7803 37763209755
17 8092 20361222127
17 8381 19869368864
17 17 16557351571215
17 34 4139337892803
17 51 2759558595202
17 68 2069668946401
17 85 1655735157121
17 102 919852865067
17 119 1182667969372
17 136 1034834473200
17 153 919852865067
17 170 551911719040
17 187 752606889600
17 204 459926432533
17 221 636821214277
17 238 394222656457
17 255 367941146027
17 272 517417236600
17 306 306617621689
17 323 435719778190
17 340 275955859520
17 357 262815104305
17 374 250868963200
17 391 359942425461
17 408 229963216266
17 425 331147031424
17 442 212273738092
17 459 306617621689
17 476 197111328228
17 493 285471578814
17 510 137977929760
17 527 267054057600
17 544 258708618300
17 561 167245975466
17 595 157689062583
17 612 153308810844
17 629 223747994206
17 646 145239926063
17 663 141515825395
17 680 137977929760
17 697 201918921600
17 714 98555664114
17 731 192527343851
17 748 125434481600
17 765 122647048675
17 782 119980808487
17 799 176142037992
17 816 114981608133
17 833 168952567053
17 850 110382343808
17 884 106136869046
17 901 156201429917
17 918 102205873896
17 935 100347585280
17 952 98555664114
17 969 96826617375
17 986 95157192938
17 1003 140316538739
17 1020 68988964880
17 1037 135715996485
17 1054 89018019200
17 1071 87605034768
17 1088 129354309150
17 1105 84909495237
17 1122 62717240800
17 1139 123562325158
17 1173 79987205658
17 1190 59133398468
17 1207 116601067403
17 1224 76654405422
17 1241 113406517611
17 1258 74582664735
17 1275 73588229205
17 1292 72619963031
17 1309 71676846628
17 1326 53068434523
17 1343 104793364375
17 1360 68988964880
17 1377 102205873896
17 1394 67306307200
17 1411 99743081754
17 1428 49277832057
17 1462 64175781283
17 1479 63438128625
17 1496 62717240800
17 1513 93018829052
17 1530 45992643253
17 1547 60649639455
17 1564 59990404243
17 1581 59345346133
17 1598 58714012663
17 1615 58095970425
17 1632 57490804066
17 1649 85347173048
17 1666 56317522351
17 1683 55748658488
17 1700 55191171904
17 1717 81967086986
17 1751 80375493064
17 1768 53068434523
17 1785 39422265645
17 1802 52067143305
17 1819 77370801735
17 1836 51102936948
17 1853 75951153996
17 1870 37630344480
17 1887 49721776490
17 1904 49277832057
17 1921 73262617572
17 1938 36309981515
17 1955 47992323394
17 1972 47578596469
17 1989 47171941798
17 2006 46772179579
17 2040 34494482440
17 2057 68418808145
17 2074 45238665495
17 2091 44870871466
17 2108 44509009600
17 2125 66229406284
17 2142 32851888038
17 2159 65186423509
17 2176 64677154575
17 2193 42783854189
17 2210 31841060713
17 2227 63195998363
17 2244 31358620400
17 2261 41497121732
17 2278 41187441719
17 2295 40882349558
17 2329 60428290406
17 2346 29995202121
17 2363 59558818601
17 2380 29566699234
17 2397 39142675109
17 2414 38867022467
17 2431 38595225107
17 2448 38327202711
17 2465 38062877175
17 2482 37802172537
17 2499 37545014900
17 2516 37291332367
17 2533 55561582454
17 2550 27595585952
17 2567 54825667454
17 2584 36309981515
17 2618 26878817485
17 2635 35607207680
17 2652 26534217261
17 2669 52730419017
17 2686 34931121458
17 2703 34711428870
17 2720 34494482440
17 2737 34280230996
17 2754 34068624632
17 2771 50789421998
17 2788 33653153600
17 2805 25086896320
17 2822 33247693918
17 2839 49572908896
17 2856 24638916028
17 2873 48986247252
17 2907 32275539125
17 2924 32087890641
17 2941 47853617258
17 2958 23789298234
17 2975 31537812516
17 2992 31358620400
17 3009 28418284012
17 3026 26695607821
17 3043 45374889627
17 3060 22996321626
17 3077 45738540252
17 3094 22743614795
17 3111 30159110330
17 3128 29995202121
17 3145 29833065894
17 3162 22254504800
17 3196 29357006331
17 3213 29201678256
17 3230 21785988909
17 3247 39424877727
17 3264 28745402033
17 3281 42894693190
17 3298 28449057682
17 3315 21227373809
17 3332 28158761175
17 3349 42023734952
17 3366 20905746933
17 3383 41601385857
17 3400 27595585952
17 3417 27458294479
17 3434 19095610543
17 3451 27187769410
17 3485 26922522880
17 3502 22614348606
17 3519 26662401886
17 3536 26534217261
17 3553 26407259284
17 3570 15768906258
17 3587 36623462233
17 3604 26033571652
17 3621 21733865896
17 3638 21998747878
17 3655 25670312513
17 3672 25551468474
17 3689 25433719771
17 3706 25317051332
17 3723 21348224470
17 3740 18815172240
17 3774 18645666183
17 3791 37124106662
17 3808 24638916028
17 3825 24529409735
17 3842 24420872523
17 3859 3890220773
17 3876 18154990757
17 3893 32112780919
17 3910 17997121273
17 3927 17919211657
17 3944 23789298234
17 3961 23743294439
17 3978 17689478174
17 3995 23485605065
17 4012 19265416164
17 4029 15401368585
17 4063 30611778014
17 4080 17247241220
17 4097 30655248161
17 4114 13563446068
17 4131 34068624632
17 4148 21243317830
17 4165 22527008940
17 4182 16826576800
17 4199 22344604009
17 4216 22254504800
17 4233 19564860967
17 4250 14352509920
17 4267 32982772054
17 4284 16425944019
17 4301 21814692452
17 4318 5353197523
17 4352 32338577287
17 4369 32212746248
17 4386 11860199813
17 4403 21309332781
17 4420 15920530356
17 4437 21146042875
17 4454 13126001314
17 4471 27278516540
17 4488 15679310200
17 4505 20826857322
17 4522 15561420649
17 4539 1348691353
17 4556 20593720859
17 4573 30775746415
17 4590 15330881084
17 4607 30548619135
17 4641 15162409863
17 4658 16288401240
17 4675 20069517056
17 4692 14997601060
17 4709 17843884794
17 4726 11481999461
17 4743 18369376008
17 4760 14783349617
17 4777 13691183953
17 4794 10697678268
17 4811 29253271327
17 4828 11651543899
17 4845 14523992606
17 4862 14473209415
17 4879 19230373485
17 4896 19163601355
17 4930 14273578940
17 4947 8941553650
17 4964 11944619446
17 4981 20422448950
17 4998 14079380587
17 5015 14358941275
17 5032 18645666183
17 5049 18582886162
17 5066 10497009962
17 5083 18458585921
17 5100 13797792976
17 5117 18335937509
17 5134 10753010266
17 5151 10202664558
17 5168 18154990757
17 5185 14303946832
17 5219 -5668517308
17 5236 13439408742
17 5253 9734845351
17 5270 10981401887
17 5287 -3276269855
17 5304 13267108630
17 5321 3290011310
17 5338 13800678797
17 5355 13140755215
17 5372 13573568744
17 5389 12871044840
17 5406 10364491006
17 5423 17301307806
17 5440 17247241220
17 5457 13652193916
17 5474 12855086623
17 5508 12832339452
17 5525 16981899047
17 5542 5278527563
17 5559 16878034221
17 5576 16826576800
17 5593 16775432189
17 5610 10034758528
17 5627 2756303696
17 5644 16623846959
17 5661 16573925496
17 5678 8880006423
17 5695 12951544549
17 5712 12319458014
17 5729 17039654115
17 5746 12857905486
17 5763 11642823329
17 5797 16185094400
17 5814 12103327171
17 5831 12729050941
17 5848 13639079877
17 5865 11998080848
17 5882 8325934239
17 5899 2342694150
17 5916 11894649117
17 5933 18649015492
17 5950 11826679693
17 5967 15723980599
17 5984 15679310200
17 6001 4282879926
17 6018 7712219997
17 6035 12278302040
17 6052 3196129371
17 6086 4070592296
17 6103 -3675167203
17 6120 20831131560
17 6137 15993571790
17 6154 3258567190
17 6171 15204179587
17 6188 11371807397
17 6205 6320374598
17 6222 7455304145
17 6239 14785355425
17 6256 14997601060
17 6273 10915608893
17 6290 7395880344
17 6307 11084807292
17 6324 7215093860
17 6341 3538258609
17 6375 10400242438
17 6392 10691991375
17 6409 14639568144
17 6426 10950629346
17 6443 21843471730
17 6460 10892994454
17 6477 3133411798
17 6494 5039546630
17 6511 21615341477
17 6528 6511468731
17 6545 10751526994
17 6562 384351898
17 6579 14261284729
17 6596 3099599409
17 6613 7607478673
17 6630 8490949523
17 6664 6245331802
17 6681 2964674436
17 6698 4732527038
17 6715 9788703076
17 6732 10452873466
17 6749 13553527942
17 6766 -4175455645
17 6783 10374280433
17 6800 13797792976
17 6817 3684943235
17 6834 7104002016
17 6851 10320718579
17 6868 5828313536
17 6885 10086132272
17 6902 10195413529
17 6919 13560484497
17 6953 -2696587900
17 6970 6365253228
17 6987 1677753317
17 7004 1987959339
17 7021 9571960513
17 7038 9998400707
17 7055 7865379934
17 7072 13267108630
17 7089 5382385494
17 7106 9902722231
17 7123 -3185364185
17 7140 18785323268
17 7157 19664313030
17 7174 9406689579
17 7191 9193196141
17 7208 6771815071
17 7242 3583864133
17 7259 9113094947
17 7276 4698200970
17 7293 9648806276
17 7310 5850239651
17 7327 3731769889
17 7344 12775734237
17 7361 -3804912400
17 7378 5813174523
17 7395 5739591752
17 7412 12658525666
17 7429 12629558788
17 7446 882959069
17 7463 -3985483777
17 7480 9407586120
17 7497 10046492976
17 7531 4855784776
17 7548 7921950434
17 7565 349160663
17 7582 9196389859
17 7599 3707442355
17 7616 12319458014
17 7633 18438030703
17 7650 9198528650
17 7667 8144535019
17 7684 3517110730
17 7701 4701330340
17 7718 2662114387
17 7735 9097445918
17 7752 5606651780
17 7769 7393531748
17 7786 746788599
17 7820 8998560636
17 7837 17958081964
17 7854 20450383622
17 7871 17880509256
17 7888 11894649117
17 7905 4993457028
17 7922 4581435571
17 7939 -3324561752
17 7956 8844739087
17 7973 -903105793
17 7990 3079227047
17 8007 4179700956
17 8024 3842165117
17 8041 7687498972
17 8058 5222644197
17 8075 11619194085
17 8109 8099632692
17 8126 -1362277077
17 8143 13149087612
17 8160 5445308249
17 8177 10612972702
17 8194 3946527487
17 8211 8570057749
17 8228 3732988244
17 8245 3863633316
17 8262 7045539681
17 8279 2768274978
17 8296 3757794619
17 8313 254007728
17 8330 4483767197
17 8347 -2889409614
17 8364 4942444802
17 8398 8379226503
17 8415 8362298773
17 8432 13498214733
17 8449 4687187804
17 8466 4419931494
17 8483 5934645522
19 361 779709076760
19 722 194927269190
19 1083 129951512793
19 1444 97463634595
19 1805 77970907676
19 2166 43317170931
19 2527 55693505482
19 2888 48731817297
19 3249 43317170931
19 3610 28742332392
19 3971 35441321670
19 4332 24410615299
19 4693 29988810644
19 5054 25506189023
19 5415 24268555568
19 5776 24365908648
19 6137 29871668019
19 6498 14439056977
19 7220 26873247509
19 7581 41828777871
19 7942 11813773890
19 8303 16950197321
19 19 14814472458455
19 38 3703618114613
19 57 2469078743075
19 76 1851809057306
19 95 1481447245845
19 114 823026247691
19 133 1058176604175
19 152 925904528653
19 171 823026247691
19 190 493815748615
19 209 673385111747
19 228 411513123845
19 247 569787402248
19 266 352725534725
19 285 329210499076
19 304 462952264326
19 323 435719778189
19 342 274342082563
19 380 246907874307
19 399 235150356483
19 418 224461703915
19 437 322053749097
19 456 205756561922
19 475 296289449169
19 494 189929134082
19 513 274342082563
19 532 176362767362
19 551 255421938939
19 570 123453937153
19 589 238943104169
19 608 231476132163
19 627 149641135943
19 646 145239926063
19 665 141090213890
19 684 137171041281
19 703 200195573763
19 741 126619422721
19 760 123453937153
19 779 180664298274
19 798 88181383681
19 817 172261307656
19 836 112230851957
19 855 109736833025
19 874 107351249698
19 893 157600770835
19 912 102878280961
19 931 151168086310
19 950 98763149723
19 969 96826617375
19 988 94964567041
19 1007 139759174136
19 1026 91447360854
19 1045 89784681566
19 1064 88181383681
19 1102 85140646312
19 1121 125546376767
19 1140 61726968576
19 1159 121430102118
19 1178 79647701389
19 1197 78383452161
19 1216 115738066081
19 1235 75971653633
19 1254 56115425978
19 1273 110555764615
19 1292 72619963031
19 1311 71567499799
19 1330 52908830208
19 1349 104327270834
19 1368 68585520640
19 1387 101468989441
19 1406 66731857920
19 1425 65842099815
19 1463 64131915404
19 1482 47482283520
19 1501 93762483914
19 1520 61726968576
19 1539 91447360854
19 1558 60221432757
19 1577 89243809991
19 1596 44090691840
19 1615 58095970425
19 1634 57420435885
19 1653 56760430875
19 1672 56115425978
19 1691 83227373362
19 1710 41151312384
19 1729 54265466880
19 1748 53675624849
19 1767 53098467593
19 1786 52533590278
19 1824 51439140480
19 1843 76363260095
19 1862 50389362103
19 1881 49880378647
19 1900 49381574861
19 1919 73338972567
19 1938 36309981515
19 1957 71914914847
19 1976 47482283520
19 1995 35272553472
19 2014 46586391378
19 2033 69226506815
19 2052 45723680427
19 2071 67956295681
19 2090 33669255587
19 2109 44487905280
19 2128 44090691840
19 2147 65550763091
19 2185 42940499879
19 2204 42570323156
19 2223 42206474240
19 2242 41848792255
19 2261 41497121732
19 2280 30863484288
19 2299 61216828340
19 2318 40476700706
19 2337 40147621838
19 2356 39823850694
19 2375 59257889833
19 2394 29393794560
19 2413 58324694718
19 2432 57869033040
19 2451 38280290590
19 2470 28489370112
19 2489 56543788009
19 2508 28057712989
19 2546 36851921538
19 2565 36578944341
19 2584 36309981515
19 2603 54067417732
19 2622 26837812424
19 2641 53289469275
19 2660 26454415104
19 2679 35022393518
19 2698 34775756944
19 2717 34532569833
19 2736 34292760320
19 2755 34056258525
19 2774 33822996480
19 2793 33592908069
19 2812 33365928960
19 2831 49712994827
19 2850 24690787430
19 2869 49054544564
19 2907 32275539125
19 2926 24049468276
19 2945 31859080555
19 2964 23741141760
19 2983 47179848594
19 3002 31254161304
19 3021 31057594252
19 3040 30863484288
19 3059 30671785628
19 3078 30482453618
19 3097 41367472337
19 3116 30110716378
19 3135 22446170391
19 3154 29747936663
19 3173 44354707959
19 3192 22045345920
19 3211 43829800172
19 3230 21785988909
19 3268 28710217942
19 3287 42816394389
19 3306 21285161578
19 3325 28218042778
19 3344 28057712989
19 3363 27899194837
19 3382 27742457787
19 3401 29170603679
19 3420 20575656192
19 3439 33341291226
19 3458 20349550080
19 3477 26984467137
19 3496 26837812424
19 3515 26692743168
19 3534 19911925347
19 3553 26407259284
19 3572 26266795139
19 3591 26127817387
19 3629 29382218511
19 3648 25719570240
19 3667 38379462328
19 3686 21588265736
19 3705 18992913408
19 3724 25194681051
19 3743 24287369833
19 3762 18705141992
19 3781 37222292609
19 3800 24690787430
19 3819 24567947692
19 3838 24446324188
19 3857 24325898946
19 3876 18154990757
19 3895 24088573103
19 3914 14251059460
19 3933 23855833266
19 3952 23741141760
19 3990 14109021389
19 4009 35105384973
19 4028 23293195689
19 4047 17050946480
19 4066 19143062796
19 4085 22968174354
19 4104 22861840213
19 4123 22756486111
19 4142 22652098560
19 4161 14397383823
19 4180 16834627793
19 4199 22344604009
19 4218 12759118850
19 4237 33216305961
19 4256 22045345920
19 4275 21947366605
19 4294 21850254363
19 4313 21934794974
19 4351 32346009735
19 4370 16102687454
19 4389 16032978851
19 4408 21285161578
19 4427 31790713430
19 4446 15827427840
19 4465 21013436111
19 4484 16633696458
19 4503 17058985589
19 4522 15561420649
19 4541 30992620206
19 4560 15431742144
19 4579 7869383824
19 4598 16312634065
19 4617 30482453618
19 4636 20238350353
19 4655 20155744841
19 4674 15055358189
19 4712 19911925347
19 4731 19831957775
19 4750 19752629944
19 4769 29510901312
19 4788 14696897280
19 4807 19518409036
19 4826 7911857688
19 4845 14523992606
19 4864 28934516520
19 4883 28821930853
19 4902 14355108971
19 4921 19066245120
19 4940 14244685056
19 4959 18920143625
19 4978 18847929336
19 4997 24166718864
19 5016 14028856494
19 5035 18634556551
19 5073 10710315448
19 5092 18425960769
19 5111 27536194161
19 5130 13717104128
19 5149 20046711308
19 5168 18154990757
19 5187 13566366720
19 5206 13888312202
19 5225 17956936313
19 5244 13418906212
19 5263 11551977206
19 5282 10001922734
19 5301 17699489197
19 5320 13227207552
19 5339 19308817531
19 5358 11733747308
19 5377 24776661823
19 5396 9693159061
19 5434 12949713687
19 5453 16434315899
19 5472 17146380160
19 5491 25630575187
19 5510 12771096946
19 5529 4839191007
19 5548 9092946070
19 5567 5222954135
19 5586 8600488169
19 5605 12947997536
19 5624 16682964480
19 5643 16626792882
19 5662 6077445326
19 5681 16515576876
19 5700 12345393715
19 5719 15601473089
19 5738 9068433205
19 5757 8070797674
19 5795 12243638906
19 5814 12103327171
19 5833 13383388261
19 5852 12024734138
19 5871 11797346681
19 5890 7669795475
19 5909 20096735500
19 5928 11870570880
19 5947 9244092292
19 5966 12015767456
19 5985 11757517824
19 6004 11849958705
19 6023 7150517204
19 6042 7925853507
19 6061 15480117511
19 6080 15431742144
19 6099 11711881006
19 6118 11501919610
19 6156 11449707443
19 6175 15194330726
19 6194 5377461363
19 6213 15101399040
19 6232 12421878963
19 6251 15009597222
19 6270 8978468156
19 6289 5685107490
19 6308 12405456341
19 6327 14829301760
19 6346 11064158316
19 6365 6591668891
19 6384 11022672960
19 6403 -5810017483
19 6422 3360105422
19 6441 6629590337
19 6460 10892994454
19 6479 13070891738
19 6517 -1326611360
19 6536 9613442127
19 6555 10735124969
19 6574 6384944366
19 6593 5898583169
19 6612 10642580789
19 6631 -3822547373
19 6650 10581766041
19 6669 14068824746
19 6688 14028856494
19 6707 5959159111
19 6726 6332460086
19 6745 6215583366
19 6764 6731142525
19 6783 10374280433
19 6802 -664557864
19 6821 20632969998
19 6840 16204517842
19 6878 710187584
19 6897 9711747646
19 6916 10174775040
19 6935 9329860434
19 6954 6138350279
19 6973 3860563942
19 6992 13418906212
19 7011 7063818324
19 7030 10009778688
19 7049 5424089836
19 7068 5880562747
19 7087 4270330013
19 7106 9902722231
19 7125 6336685377
19 7144 13133397569
19 7163 13098560971
19 7182 9797931520
19 7201 -5810902831
19 7239 3910749357
19 7258 -3531258374
19 7277 15485680146
19 7296 7284766855
19 7315 9619787310
19 7334 5509173006
19 7353 12760096863
19 7372 8763348860
19 7391 -1640578855
19 7410 7597165363
19 7429 12629558788
19 7448 8805821159
19 7467 5599933747
19 7486 8552569737
19 7505 8805560874
19 7524 9352570996
19 7543 14937281429
19 7562 3708059089
19 7600 12345393715
19 7619 4641597029
19 7638 5215302939
19 7657 8226459717
19 7676 6222005012
19 7695 5530181130
19 7714 6011221855
19 7733 12133065076
19 7752 19490026172
19 7771 5074470611
19 7790 6380920093
19 7809 2667434594
19 7828 6673862597
19 7847 4791511252
19 7866 8109485304
19 7885 6680021318
19 7904 11870570880
19 7923 -1331629714
19 7961 -4051659666
19 7980 6742490998
19 7999 5647612705
19 8018 5877251724
19 8037 8203287574
19 8056 8468285483
19 8075 11619194085
19 8094 5147775022
19 8113 6422874867
19 8132 4670380810
19 8151 8633142458
19 8170 13699191918
19 8189 -4604482507
19 8208 11430920106
19 8227 4206841961
19 8246 8553895409
19 8265 8514064631
19 8284 17711766106
19 8322 1264723405
19 8341 -3649107062
19 8360 8417313896
19 8379 5907049959
19 8398 8379226503
19 8417 -4724058808
19 8436 7329915548
19 8455 4974785863
19 8474 11072101986
19 8493 4289074723
23 529 532088802855
23 1058 133022200713
23 1587 88681467142
23 2116 70403092341
23 2645 53208880285
23 3174 58081546281
23 3703 41332395806
23 4232 33255550178
23 4761 40405401687
23 5290 24388398918
23 5819 24185854675
23 6348 46897301757
23 6877 24356945940
23 7406 26152118464
23 7935 37289147363
23 8464 20043391066
23 23 12238042465680
23 46 3059510616420
23 69 2039673744280
23 92 1529755308210
23 115 1223804246568
23 138 679891248093
23 161 874145890405
23 184 764877654105
23 207 679891248093
23 230 407934748856
23 253 556274657530
23 276 339945624046
23 299 470693940987
23 322 291381963468
23 345 271956499237
23 368 382438827052
23 391 359942425461
23 414 226630416031
23 437 322053749096
23 460 203967374428
23 483 194254642312
23 506 185424885843
23 552 169972812023
23 575 244760849313
23 598 156897980329
23 621 226630416031
23 644 145690981734
23 667 211000732167
23 690 101983687214
23 713 197387781705
23 736 191219413526
23 759 123616590562
23 782 119980808487
23 805 116552785387
23 828 113315208015
23 851 165378952239
23 874 107351249698
23 897 104598653552
23 920 101983687214
23 943 149244420313
23 966 72845490867
23 989 142302819368
23 1012 92712442921
23 1035 90652166412
23 1081 130191941124
23 1104 84986406011
23 1127 124877984343
23 1150 81586949771
23 1173 79987205658
23 1196 78448990164
23 1219 115453230808
23 1242 75543472010
23 1265 74169954337
23 1288 72845490867
23 1311 71567499799
23 1334 70333577388
23 1357 103712224285
23 1380 50991843607
23 1403 100311823489
23 1426 65795927234
23 1449 64751547437
23 1472 95609706763
23 1495 62759192131
23 1518 46356221460
23 1541 91328675117
23 1564 59990404243
23 1610 43707294520
23 1633 86183397646
23 1656 56657604007
23 1679 83822208669
23 1702 55126317412
23 1725 54391299847
23 1748 53675624849
23 1771 52978538812
23 1794 39224495082
23 1817 77455964973
23 1840 50991843607
23 1863 75543472010
23 1886 49748140104
23 1909 73723147384
23 1932 36422745433
23 1955 47992323394
23 1978 47434273122
23 2001 46889051592
23 2024 46356221460
23 2047 68753047560
23 2070 33994562404
23 2093 44827994379
23 2139 43863951489
23 2162 43397313708
23 2185 42940499879
23 2208 42493203005
23 2231 63082693122
23 2254 41625994781
23 2277 41205530187
23 2300 40793474885
23 2323 60584368642
23 2346 29995202121
23 2369 59407973134
23 2392 39224495082
23 2415 29138196346
23 2438 38484410269
23 2461 57187114326
23 2484 37771736005
23 2507 56137809476
23 2530 27813732876
23 2553 36750878275
23 2576 36422745433
23 2599 51822391073
23 2622 26837812424
23 2668 35166788694
23 2691 34866217850
23 2714 34570741428
23 2737 34280230996
23 2760 25495921803
23 2783 50570423411
23 2806 33437274496
23 2829 33165426736
23 2852 32897963617
23 2875 48952169862
23 2898 24281830289
23 2921 48181269550
23 2944 47804853381
23 2967 31622848748
23 2990 23534697049
23 3013 46710085747
23 3036 23178110730
23 3059 30671785628
23 3082 30442891705
23 3105 30217388804
23 3128 29995202121
23 3151 44664388561
23 3197 36108584467
23 3220 21853647260
23 3243 28931542472
23 3266 26115831184
23 3289 28526905514
23 3312 28328802003
23 3335 28133430955
23 3358 23738088251
23 3381 27750663187
23 3404 27563158706
23 3427 41067256596
23 3450 20396737442
23 3473 40523319423
23 3496 26837812424
23 3519 26662401886
23 3542 19866952054
23 3565 26318370893
23 3588 19612247541
23 3611 38974657534
23 3634 21641172575
23 3657 25656273512
23 3680 25495921803
23 3726 25181157336
23 3749 33418060365
23 3772 24874070052
23 3795 18542488584
23 3818 14543285781
23 3841 36640845706
23 3864 18211372716
23 3887 36207226229
23 3910 17997121273
23 3933 23855833266
23 3956 23717136561
23 3979 35370064930
23 4002 17583394347
23 4025 23310557077
23 4048 23178110730
23 4071 23047160952
23 4094 19005523980
23 4117 19787901469
23 4140 16997281202
23 4163 33806747143
23 4186 16810497892
23 4209 18212075582
23 4255 22050526965
23 4278 16448981808
23 4301 21814692452
23 4324 21698656854
23 4347 21583849145
23 4370 16102687454
23 4393 6691221296
23 4416 21246601502
23 4439 31704773227
23 4462 21027564374
23 4485 15689798032
23 4508 20812997390
23 4531 31061021486
23 4554 15452073820
23 4577 12349810079
23 4600 20396737442
23 4623 16362821662
23 4646 17789924104
23 4669 20095307825
23 4692 14997601060
23 4715 19899256041
23 4738 5310358348
23 4784 19612247541
23 4807 19518409036
23 4830 11655278538
23 4853 29000100630
23 4876 19242205134
23 4899 14883438491
23 4922 15098510286
23 4945 18973709249
23 4968 18885868002
23 4991 18798836352
23 5014 18712603158
23 5037 12675955726
23 5060 13906866438
23 5083 18458585921
23 5106 13781579353
23 5129 27439557098
23 5152 18211372716
23 5175 18130433282
23 5198 9336891506
23 5221 11922542399
23 5244 13418906212
23 5267 26720616737
23 5313 13244634703
23 5336 17583394347
23 5359 22084411288
23 5382 13074831694
23 5405 17358925483
23 5428 13145130024
23 5451 14034124299
23 5474 12855086623
23 5497 17731639187
23 5520 12747960901
23 5543 2050706065
23 5566 13078653342
23 5589 25181157336
23 5612 10815578305
23 5635 11360992003
23 5658 12158725269
23 5681 16515576876
23 5704 13228324110
23 5727 12419060485
23 5750 12158584808
23 5773 24378570649
23 5796 12140915144
23 5842 6791697898
23 5865 11998080848
23 5888 21430097989
23 5911 23809421139
23 5934 7851195930
23 5957 15750376403
23 5980 11767348524
23 6003 15629683864
23 6026 15570028582
23 6049 -6730189053
23 6072 11589055365
23 6095 12862653106
23 6118 11501919610
23 6141 7423191636
23 6164 11711309685
23 6187 22747290828
23 6210 11331520801
23 6233 19253361398
23 6256 14997601060
23 6279 11206998594
23 6302 11925868396
23 6325 14833990867
23 6371 18198337375
23 6394 8836404731
23 6417 14621317163
23 6440 10926823630
23 6463 -5120345406
23 6486 11760746150
23 6509 21621983155
23 6532 5713366784
23 6555 10735124969
23 6578 10697589567
23 6601 14213754315
23 6624 14164401001
23 6647 21173083850
23 6670 20128611847
23 6693 6086863002
23 6716 9877316368
23 6739 7036386537
23 6762 17640717128
23 6785 9847471674
23 6808 13781579353
23 6831 13735176729
23 6854 5307493958
23 6900 10198368721
23 6923 9774495002
23 6946 9729618679
23 6969 8424744933
23 6992 13418906212
23 7015 13375293126
23 7038 9998400707
23 7061 6051305197
23 7084 9933476027
23 7107 9018026300
23 7130 7074590897
23 7153 16133991850
23 7176 9806123770
23 7199 7228015437
23 7222 6758209221
23 7245 12231066875
23 7268 7149273110
23 7291 5433643621
23 7314 10171140730
23 7337 12787923161
23 7360 12747960901
23 7383 9166930047
23 7429 12629558788
23 7452 9200580512
23 7475 12551838426
23 7498 8658973626
23 7521 12475068772
23 7544 9846280623
23 7567 8246444472
23 7590 7416995433
23 7613 6363789068
23 7636 4883402860
23 7659 8176485089
23 7682 -2506013730
23 7705 7140754107
23 7728 18215234517
23 7751 6557323086
23 7774 12852114057
23 7797 1931757230
23 7820 8998560636
23 7843 8109671972
23 7866 11455293984
23 7889 11392336248
23 7912 7966576295
23 7958 -3848104615
23 7981 9877114515
23 8004 16926355548
23 8027 7837342590
23 8050 8741458904
23 8073 11622072616
23 8096 11589055365
23 8119 4471699884
23 8142 5693473134
23 8165 4757882600
23 8188 6084934501
23 8211 8570057749
23 8234 -1136574283
23 8257 10027344626
23 8280 8498640601
23 8303 16950197320
23 8326 9104826903
23 8349 5028141583
23 8372 18652096877
23 8395 10638238130
23 8418 11505384845
23 8441 4480829082
23 8487 7163150260
29 841 334690816540
29 1682 83672704135
29 2523 55781802756
29 3364 41836352067
29 4205 36795134399
29 5046 25246039742
29 5887 23906486895
29 6728 43846744822
29 7569 41325123648
29 8410 11156360551
29 29 9706033679677
29 58 2426508419919
29 87 1617672279946
29 116 1213254209959
29 145 970603367967
29 174 539224093315
29 203 693288119976
29 232 606627104979
29 261 539224093315
29 290 323534455989
29 319 441183349076
29 348 269612046657
29 377 373308987679
29 406 231096039992
29 435 215689637326
29 464 303313552489
29 493 285471578814
29 522 179741364438
29 551 255421938938
29 580 161767227994
29 609 154064026661
29 638 147061116358
29 667 211000732166
29 696 134806023328
29 725 194120673593
29 754 124436329226
29 783 179741364438
29 812 115548019996
29 870 80883613997
29 899 156548930317
29 928 151656776244
29 957 98040744239
29 986 95157192938
29 1015 92438415996
29 1044 89870682219
29 1073 131162617293
29 1102 85140646312
29 1131 82957552817
29 1160 80883613997
29 1189 118366264386
29 1218 57774009998
29 1247 112860856740
29 1276 73530558179
29 1305 71896545775
29 1334 70333577388
29 1363 103255677443
29 1392 67403011664
29 1421 99041159996
29 1450 64706891197
29 1479 63438128625
29 1508 62218164613
29 1537 91566355469
29 1566 59913788146
29 1595 58824446543
29 1624 57774009998
29 1653 56760430875
29 1711 82254522709
29 1740 40441806998
29 1769 79557653112
29 1798 52182976772
29 1827 51354675553
29 1856 75828388122
29 1885 49774531690
29 1914 36765279089
29 1943 72433087162
29 1972 47578596469
29 2001 46889051592
29 2030 34664405998
29 2059 68352349857
29 2088 44935341109
29 2117 66479682738
29 2146 43720872430
29 2175 43137927465
29 2204 42570323156
29 2233 42017461816
29 2262 31109082306
29 2291 61430592909
29 2320 40441806998
29 2349 59913788146
29 2378 39455421462
29 2407 58470082408
29 2436 28887004999
29 2465 38062877175
29 2494 37620285580
29 2552 36765279089
29 2581 54528279099
29 2610 26961204665
29 2639 35553236921
29 2668 35166788694
29 2697 34788651181
29 2726 34418559147
29 2755 34056258525
29 2784 33701505832
29 2813 50031101442
29 2842 33013719998
29 2871 32680248079
29 2900 32353445598
29 2929 48049671682
29 2958 23789298234
29 2987 47116668348
29 3016 31109082306
29 3045 23109603999
29 3074 30522118489
29 3103 45355297569
29 3132 29956894073
29 3161 44523090274
29 3190 22059167453
29 3219 29147248287
29 3248 28887004999
29 3277 42947051680
29 3306 21285161578
29 3335 28133430955
29 3393 27652517605
29 3422 27418174236
29 3451 27187769410
29 3480 20220903499
29 3509 40107577188
29 3538 26519217704
29 3567 26303614308
29 3596 26091488386
29 3625 38824134718
29 3654 19258003332
29 3683 38212731022
29 3712 37914194061
29 3741 25080190386
29 3770 18665449383
29 3799 37045930075
29 3828 18382639544
29 3857 24325898946
29 3886 24144362387
29 3915 23965515258
29 3944 23789298234
29 3973 21025158751
29 4002 17583394347
29 4031 34913790215
29 4060 17332202999
29 4089 22945706098
29 4118 4850155786
29 4147 22624787132
29 4176 22467670554
29 4234 15712977122
29 4263 18096988125
29 4292 21860436215
29 4321 4834240973
29 4350 16176722799
29 4379 20528392390
29 4408 21285161578
29 4437 21146042875
29 4466 15756548181
29 4495 20873190708
29 4524 15554541153
29 4553 30910935286
29 4582 20476864303
29 4611 20348078993
29 4640 20220903499
29 4669 20095307825
29 4698 16246792324
29 4727 25697414734
29 4756 19727710731
29 4785 14706111635
29 4814 19490027469
29 4843 29059981077
29 4872 14443502499
29 4901 24689043171
29 4930 14273578940
29 4959 18920143625
29 4988 16338016336
29 5017 23836012706
29 5075 18487683199
29 5104 18382639544
29 5133 14269210547
29 5162 5846313224
29 5191 12530425972
29 5220 13480602332
29 5249 26812247734
29 5278 13332463845
29 5307 13867240418
29 5336 17583394347
29 5365 17488348972
29 5394 8735075664
29 5423 17301307806
29 5452 17209279573
29 5481 17118225184
29 5510 12771096946
29 5539 25408465130
29 5568 16850752916
29 5597 17231900601
29 5626 6652549008
29 5655 12443632922
29 5684 16506859999
29 5713 20780241020
29 5742 12255093029
29 5771 13201405174
29 5800 16176722799
29 5829 12320114050
29 5858 6353199564
29 5916 11894649117
29 5945 14981306404
29 5974 5567845823
29 6003 15629683864
29 6032 15554541153
29 6061 15480117511
29 6090 21389905811
29 6119 1478340408
29 6148 12705304573
29 6177 5135663320
29 6206 11577114942
29 6235 10870631817
29 6264 14978447036
29 6293 14909421934
29 6322 14841030091
29 6351 6874451842
29 6380 11029583726
29 6409 14639568144
29 6438 6728245243
29 6467 21762407354
29 6496 14443502499
29 6525 14379309155
29 6554 3589466370
29 6583 1444691449
29 6612 10642580789
29 6641 21192213274
29 6670 7357178195
29 6699 22395948919
29 6757 9040895530
29 6786 22312168793
29 6815 10071320012
29 6844 9745225963
29 6873 9517082493
29 6902 10195413529
29 6931 303351806
29 6960 10110451749
29 6989 -1075998279
29 7018 9240760003
29 7047 19971262715
29 7076 9405246624
29 7105 9224663102
29 7134 6537802620
29 7163 13098560971
29 7192 8805504198
29 7221 9074377092
29 7250 9230529498
29 7279 19334728446
29 7308 9629001666
29 7337 12787923161
29 7366 -25679420
29 7395 20844101916
29 7424 5470572541
29 7453 -8907613588
29 7482 15545183729
29 7511 12491677837
29 7540 20465270914
29 7598 9796887922
29 7627 14640297462
29 7656 18726256855
29 7685 15508375392
29 7714 18455182851
29 7743 8074702730
29 7772 11173338698
29 7801 14517522657
29 7830 19557364635
29 7859 -6071426346
29 7888 11894649117
29 7917 8888309230
29 7946 -531119143
29 7975 11764889308
29 8004 15523657928
29 8033 950391282
29 8062 644163744
29 8091 8590888414
29 8120 8666101499
29 8149 165457632
29 8178 7967053785
29 8207 6138617589
29 8236 8399411158
29 8265 8514064631
29 8294 18731143105
29 8323 7258038211
29 8352 11233835277
29 8381 13715522761
29 8439 -1093661270
29 8468 4875351078
31 961 292897998658
31 1922 73224499664
31 2883 48816333109
31 3844 73952114098
31 4805 29289799865
31 5766 16272111036
31 6727 43652475014
31 7688 18306124916
31 31 9079837958408
31 62 2269959489602
31 93 1513306326401
31 124 1134979744801
31 155 907983795840
31 186 504435442133
31 217 648559854172
31 248 567489872400
31 279 504435442133
31 310 302661265280
31 341 412719907200
31 372 252217721066
31 403 349224536861
31 434 216186618057
31 465 201774176853
31 496 283744936200
31 527 267054057600
31 558 168145147377
31 589 238943104168
31 620 151330632640
31 651 144124412038
31 682 137573302400
31 713 197387781704
31 744 126108860533
31 775 181596759168
31 806 116408178953
31 837 168145147377
31 868 108093309028
31 899 156548930317
31 930 75665316320
31 992 141872468100
31 1023 91715534933
31 1054 89018019200
31 1085 86474647222
31 1116 84072573688
31 1147 122700512951
31 1178 79647701389
31 1209 77605452635
31 1240 75665316320
31 1271 110729731200
31 1302 54046654514
31 1333 105579511144
31 1364 68786651200
31 1395 67258058951
31 1426 65795927234
31 1457 96594020834
31 1488 63054430266
31 1519 92651407738
31 1550 60532253056
31 1581 59345346133
31 1612 58204089476
31 1643 85658848664
31 1674 56048382459
31 1705 55029320960
31 1736 54046654514
31 1767 53098467593
31 1798 52182976772
31 1829 76947779309
31 1860 37832658160
31 1891 74424901298
31 1953 48041470679
31 1984 70936234050
31 2015 46563271581
31 2046 34393325600
31 2077 67759984764
31 2108 44509009600
31 2139 43863951489
31 2170 32427992708
31 2201 63942520834
31 2232 42036286844
31 2263 62190670948
31 2294 40900170983
31 2325 40354835370
31 2356 39823850694
31 2387 39306657828
31 2418 29102044738
31 2449 57467328851
31 2480 37832658160
31 2511 56048382459
31 2542 36909910400
31 2573 54697819027
31 2604 27023327257
31 2635 35607207680
31 2666 35193170381
31 2697 34788651181
31 2728 34393325600
31 2759 51010325609
31 2790 25221772106
31 2821 33259479701
31 2852 32897963617
31 2914 32198006944
31 2945 31859080555
31 2976 31527215133
31 3007 46803288445
31 3038 30883802579
31 3069 30571844977
31 3100 30266126528
31 3131 44949692863
31 3162 22254504800
31 3193 44076883293
31 3224 29102044738
31 3255 21618661805
31 3286 28552949554
31 3317 42429149338
31 3348 28024191229
31 3379 41650632837
31 3410 20635995360
31 3441 27266780655
31 3472 27023327257
31 3503 40176274152
31 3534 19911925347
31 3565 26318370893
31 3596 26091488386
31 3627 25868484211
31 3658 25649259769
31 3689 25433719771
31 3720 18916329080
31 3751 37519991563
31 3782 24808300432
31 3813 24606606933
31 3875 36319351833
31 3906 18015551504
31 3937 15967440429
31 3968 35468117025
31 3999 23462113587
31 4030 17461226843
31 4061 34655870070
31 4092 17196662800
31 4123 22756486111
31 4154 18545313326
31 4185 22419352983
31 4216 22254504800
31 4247 33138094739
31 4278 16448981808
31 4309 32661287620
31 4340 16213996354
31 4371 21465337963
31 4402 15871220441
31 4433 21165123446
31 4464 21018143422
31 4495 20873190708
31 4526 12778312388
31 4557 20589201719
31 4588 20450085491
31 4619 30469254894
31 4650 17342387857
31 4681 30065688604
31 4712 19911925347
31 4743 22606594116
31 4774 22310420719
31 4836 14551022369
31 4867 27539769485
31 4898 15070584066
31 4929 20709318203
31 4960 18916329080
31 4991 18798836352
31 5022 14392094484
31 5053 19596156103
31 5084 15973579030
31 5115 17934812654
31 5146 18800921440
31 5177 23513356413
31 5208 25005045879
31 5239 22770450531
31 5270 20466605859
31 5301 17699489197
31 5332 17596585190
31 5363 22732170071
31 5394 25977749780
31 5425 17294929444
31 5456 17196662800
31 5487 11475648340
31 5518 15353354974
31 5549 21071176537
31 5580 24673235560
31 5611 9724794769
31 5642 23560615828
31 5673 20378948252
31 5704 22890297204
31 5735 21318599406
31 5797 16185094400
31 5828 16099003472
31 5859 16013823559
31 5890 24779234407
31 5921 19566561343
31 5952 15763607566
31 5983 23522896265
31 6014 13716176219
31 6045 11640817895
31 6076 16985516781
31 6107 16456119469
31 6138 11464441866
31 6169 25379409785
31 6200 15133063264
31 6231 18901161328
31 6262 12952554961
31 6293 14909421934
31 6324 22863728020
31 6355 19158366280
31 6386 14813520612
31 6417 14621317163
31 6448 14551022369
31 6479 17302417280
31 6510 18554370378
31 6541 24462004402
31 6572 18783159108
31 6603 16133814244
31 6634 17504940602
31 6665 21692826985
31 6696 18949119594
31 6758 13883544278
31 6789 10696474466
31 6820 20730528474
31 6851 20443802470
31 6882 18836004504
31 6913 20358381073
31 6944 13511663628
31 6975 13451611790
31 7006 9317547629
31 7037 3031645610
31 7068 22182162451
31 7099 9920338956
31 7130 26984151409
31 7161 22428910326
31 7192 21526224183
31 7223 13314341098
31 7254 22103162704
31 7285 16257652893
31 7316 18933597808
31 7347 14793039366
31 7378 20711056087
31 7409 -601621904
31 7440 21486667351
31 7471 15239793375
31 7502 23668763104
31 7533 18682794153
31 7564 17110911650
31 7595 16375813229
31 7626 19560180988
31 7657 20307558129
31 7719 10852610398
31 7750 12287361576
31 7781 14563894472
31 7812 21989053969
31 7843 19669343636
31 7874 10456518929
31 7905 20626836596
31 7936 12594057060
31 7967 17665054394
31 7998 15544020512
31 8029 15156031884
31 8060 11165004713
31 8091 24782561713
31 8122 15414251085
31 8153 17077650542
31 8184 16363524380
31 8215 14832880641
31 8246 19617091641
31 8277 6643466604
31 8308 9373837819
31 8339 13366886061
31 8370 20883672806
31 8401 16752468558
31 8432 15963902973
31 8463 25836536045
31 8494 15532549355
37 5476 25700783118
37 6845 20560626494
37 8214 11422570274
37 37 7607431802990
37 74 1901857950747
37 111 1267905300498
37 148 950928975373
37 185 760743180299
37 222 422635100166
37 259 543387985927
37 296 475464487686
37 333 422635100166
37 370 253581060099
37 407 345792354681
37 444 211317550083
37 481 292593530884
37 518 181129328642
37 555 169054040066
37 592 237732243843
37 629 223747994205
37 666 140878366722
37 703 200195573762
37 740 126790530049
37 777 120752885761
37 814 115264118227
37 851 165378952238
37 888 105658775041
37 925 152148636059
37 962 97531176961
37 999 140878366722
37 1036 90564664321
37 1073 131162617292
37 1110 63395265024
37 1147 122700512951
37 1184 118866121921
37 1221 76842745484
37 1258 74582664735
37 1295 72451731457
37 1332 70439183361
37 1406 66731857920
37 1443 65020784640
37 1480 63395265024
37 1517 92773558573
37 1554 45282332160
37 1591 88458509337
37 1628 57632059113
37 1665 56351346688
37 1702 55126317412
37 1739 80930125564
37 1776 52829387520
37 1813 77626855132
37 1850 50716212019
37 1887 49721776490
37 1924 48765588480
37 1961 71768224557
37 1998 46959455574
37 2035 46105647290
37 2072 45282332160
37 2109 44487905280
37 2146 43720872430
37 2183 64469761042
37 2220 31697632512
37 2257 62355998385
37 2294 40900170983
37 2331 40250961920
37 2368 59433060960
37 2405 39012470784
37 2442 28816029556
37 2479 56771879127
37 2516 37291332367
37 2553 36750878275
37 2590 27169399296
37 2627 53573463401
37 2664 35219591680
37 2701 52105697281
37 2775 33810808013
37 2812 33365928960
37 2849 32932605207
37 2886 24382794240
37 2923 48148302551
37 2960 31697632512
37 2997 46959455574
37 3034 30924519524
37 3071 45827902428
37 3108 22641166080
37 3145 29833065894
37 3182 29486169779
37 3219 29147248287
37 3256 28816029556
37 3293 42738380916
37 3330 21131755008
37 3367 27866050560
37 3404 27563158706
37 3441 27266780655
37 3478 26976708521
37 3515 26692743168
37 3552 26414693760
37 3589 39213565995
37 3626 25875618377
37 3663 25614248494
37 3700 25358106009
37 3737 37660553480
37 3774 18645666183
37 3811 36929280597
37 3848 24382794240
37 3885 18112932864
37 3922 23922741518
37 3959 35548746743
37 3996 23479727787
37 4033 34896476161
37 4070 17289617734
37 4144 22641166080
37 4181 29674690878
37 4218 28454501370
37 4255 22050526965
37 4292 21860436215
37 4329 21673594880
37 4366 19836811963
37 4403 21309332781
37 4440 15848816256
37 4477 31435668607
37 4514 19360569557
37 4551 20616346349
37 4588 20450085491
37 4625 30429727211
37 4662 15094110720
37 4699 29950518909
37 4736 29716530480
37 4773 19657446519
37 4810 14629676544
37 4847 29035999248
37 4884 14408014778
37 4921 19066245120
37 4958 14789799333
37 4995 18783782229
37 5032 18645666183
37 5069 27764349646
37 5106 13781579353
37 5143 7216360390
37 5180 13584699648
37 5217 17984472347
37 5254 9553885029
37 5291 17732941265
37 5328 17609795840
37 5365 17488348972
37 5402 17782900224
37 5439 17250412251
37 5513 17116774533
37 5550 15168926677
37 5587 25190171533
37 5624 16682964480
37 5661 16573925496
37 5698 12349726952
37 5735 18670090506
37 5772 12191397120
37 5809 16399950248
37 5846 11915273808
37 5883 12407176765
37 5920 15848816256
37 5957 15750376403
37 5994 10235660117
37 6031 7845405270
37 6068 11246152007
37 6105 11526411822
37 6142 12985626055
37 6179 19104954750
37 6216 20855520123
37 6253 18414219302
37 6290 22561957808
37 6327 14829301760
37 6364 13063270328
37 6401 13644274188
37 6438 23536136699
37 6475 14490346291
37 6512 14408014778
37 6549 12912271123
37 6586 15583253032
37 6623 8200646567
37 6660 21189830244
37 6697 21015004981
37 6734 20427927195
37 6771 16662780403
37 6808 13781579353
37 6882 17465440468
37 6919 13560484497
37 6956 21243357099
37 6993 13416987306
37 7030 10009778688
37 7067 14434594491
37 7104 23272843590
37 7141 10527877430
37 7178 12440904821
37 7215 12336967929
37 7252 12937809188
37 7289 12960928509
37 7326 20229295925
37 7363 10653879285
37 7400 12679053004
37 7437 7271760540
37 7474 8062742906
37 7511 12491677837
37 7548 13525481062
37 7585 13353084840
37 7622 13393365924
37 7659 20397908096
37 7696 20558888134
37 7733 12133065076
37 7770 19958422589
37 7807 15642804786
37 7844 12904508122
37 7881 9219631241
37 7918 12706593844
37 7955 16051453898
37 7992 11739863893
37 8029 16390593516
37 8066 19900479470
37 8103 8524488846
37 8140 19660170392
37 8177 13196822935
37 8251 17057021980
37 8288 19397866492
37 8325 23758971465
37 8362 -6903110687
37 8399 7341420550
37 8436 18122184684
37 8473 14708141107
41 41 6865243334406
41 82 1716310833601
41 123 1144207222401
41 164 858155416800
41 205 686524333440
41 246 381402407467
41 287 490374523886
41 328 429077708400
41 369 381402407467
41 410 228841444480
41 451 312056515200
41 492 190701203733
41 533 264047820554
41 574 163458174628
41 615 152560962986
41 656 214538854200
41 697 201918921600
41 738 127134135822
41 779 180664298273
41 820 114420722240
41 861 108972116419
41 902 104018838400
41 943 149244420313
41 984 95350601866
41 1025 137304866688
41 1066 88015940184
41 1107 127134135822
41 1148 81729087314
41 1189 118366264386
41 1230 57210361120
41 1271 110729731200
41 1312 107269427100
41 1353 69345892266
41 1394 67306307200
41 1435 65383269851
41 1476 63567067911
41 1517 92773558573
41 1558 60221432757
41 1599 58677293456
41 1640 57210361120
41 1722 40864543657
41 1763 79828410865
41 1804 52009419200
41 1845 50853654328
41 1886 49748140104
41 1927 73034503558
41 1968 47675300933
41 2009 70053503412
41 2050 45768288896
41 2091 44870871466
41 2132 44007970092
41 2173 64766446551
41 2214 42378045274
41 2255 41607535360
41 2296 40864543657
41 2337 40147621838
41 2378 39455421462
41 2419 58180028258
41 2460 28605180560
41 2501 56272486348
41 2542 36909910400
41 2583 36324038806
41 2624 53634713550
41 2665 35206376073
41 2706 26004709600
41 2747 51233159212
41 2788 33653153600
41 2829 33165426736
41 2870 24518726194
41 2911 48346784045
41 2952 31783533955
41 2993 47022214619
41 3034 30924519524
41 3075 30512192597
41 3116 30110716378
41 3157 29719668114
41 3198 22003985046
41 3239 43450907180
41 3280 28605180560
41 3321 42378045274
41 3403 41356887557
41 3444 20432271828
41 3485 26922522880
41 3526 26609470288
41 3567 26303614308
41 3608 26004709600
41 3649 27383982085
41 3690 19070120373
41 3731 25147411481
41 3772 24874070052
41 3813 24606606933
41 3854 24344834519
41 3895 24088573103
41 3936 23837650466
41 3977 34564306850
41 4018 23351167804
41 4059 23115297422
41 4100 22884144448
41 4141 33986353141
41 4182 16826576800
41 4223 29204476755
41 4264 22003985046
41 4305 28436252105
41 4346 21588815517
41 4387 32080576329
41 4428 21189022637
41 4469 31491941901
41 4510 25181400999
41 4551 20616346349
41 4592 20432271828
41 4633 19281625276
41 4674 15055358189
41 4715 19899256041
41 4756 19727710731
41 4797 19559097818
41 4838 22663407112
41 4879 19230373485
41 4920 14302590280
41 4961 28368774109
41 5002 17567203922
41 5084 23417707540
41 5125 27460973337
41 5166 26219529026
41 5207 17476422248
41 5248 26817356775
41 5289 14628656609
41 5330 27646947333
41 5371 18499540928
41 5412 25047172847
41 5453 18749739137
41 5494 13185727752
41 5535 16951218109
41 5576 16826576800
41 5617 21264113241
41 5658 33114829561
41 5699 14417152674
41 5740 12259363097
41 5781 21864162003
41 5822 16674046369
41 5863 20794515087
41 5904 23945832585
41 5945 17383892944
41 5986 19637275625
41 6027 15567445202
41 6068 23894475272
41 6109 15351982872
41 6150 18738010115
41 6191 22732593823
41 6232 20322316641
41 6273 23039653679
41 6314 22336954098
41 6355 12566763100
41 6396 23609936439
41 6437 18322514695
41 6478 15002384664
41 6519 26913881875
41 6560 14302590280
41 6601 14213754315
41 6642 17834908512
41 6683 14583897535
41 6765 20932292341
41 6806 17132671206
41 6847 21371459231
41 6888 21987672804
41 6929 23370408050
41 6970 21288024636
41 7011 26019985188
41 7052 13048137098
41 7093 19841743741
41 7134 19842013600
41 7175 13076653970
41 7216 21045822152
41 7257 9074548437
41 7298 13357432710
41 7339 -15191653343
41 7380 19069997269
41 7421 13476925458
41 7462 21305799033
41 7503 15053650553
41 7544 19987726494
41 7585 21756641895
41 7626 16528967168
41 7667 20423461162
41 7708 14398821367
41 7749 24003152959
41 7790 16990099373
41 7831 19486893353
41 7872 25750374198
41 7913 9626746724
41 7954 10466481008
41 7995 18336531101
41 8036 8010020787
41 8077 1531230192
41 8118 18001207280
41 8159 13859529814
41 8200 19306951174
41 8241 9722460869
41 8282 11183218407
41 8323 19302856258
41 8364 18825819194
41 8446 19601862502
41 8487 18839126215
43 43 6545929690945
43 86 1636482422736
43 129 1090988281824
43 172 818241211368
43 215 654592969094
43 258 363662760608
43 301 467566406496
43 344 409120605684
43 387 363662760608
43 430 218197656364
43 473 297542258679
43 516 181831380304
43 559 251766526574
43 602 155855468832
43 645 145465104243
43 688 204560302842
43 731 192527343851
43 774 121220920202
43 817 172261307656
43 860 109098828182
43 903 103903645888
43 946 99180752893
43 989 142302819368
43 1032 90915690152
43 1075 130918593818
43 1118 83922175524
43 1161 121220920202
43 1204 77927734416
43 1247 112860856740
43 1290 54549414091
43 1333 105579511144
43 1376 102280151421
43 1419 66120501928
43 1462 64175781283
43 1505 62342187532
43 1548 60610460101
43 1591 88458509337
43 1634 57420435885
43 1677 55948117016
43 1720 54549414091
43 1763 79828410865
43 1806 38963867208
43 1892 49590376446
43 1935 48488368081
43 1978 47434273122
43 2021 69637549904
43 2064 45457845076
43 2107 66795200928
43 2150 43639531272
43 2193 42783854189
43 2236 41961087762
43 2279 61754053688
43 2322 40406973400
43 2365 39672301157
43 2408 38963867208
43 2451 38280290590
43 2494 37620285580
43 2537 55473980432
43 2580 27274707045
43 2623 53655161401
43 2666 35193170381
43 2709 34634548629
43 2752 51140075710
43 2795 33568870209
43 2838 24795188223
43 2881 48850221574
43 2924 32087890641
43 2967 31622848748
43 3010 23378320324
43 3053 46098096415
43 3096 30305230050
43 3139 44835134869
43 3182 29486169779
43 3225 29093020848
43 3268 28710217942
43 3311 28337357969
43 3354 32068854822
43 3397 41429934753
43 3440 27274707045
43 3483 40406973400
43 3526 26609470288
43 3569 39433311391
43 3612 19481933604
43 3655 25670312513
43 3741 25080190386
43 3784 24795188223
43 3827 32654212279
43 3870 18183138030
43 3913 23977764435
43 3956 23717136561
43 3999 23462113587
43 4042 23212516634
43 4085 22968174354
43 4128 22728922538
43 4171 28260790252
43 4214 22265066976
43 4257 22040167309
43 4300 21819765636
43 4343 32405592529
43 4386 28595181841
43 4429 23844848639
43 4472 20980543881
43 4515 27342470545
43 4558 16500862163
43 4601 30588456500
43 4644 20203486700
43 4687 30027200417
43 4730 14877112933
43 4773 19657446519
43 4816 19481933604
43 4859 22583417398
43 4902 14355108971
43 4945 18973709249
43 4988 23754395698
43 5031 18649372338
43 5074 16257829648
43 5117 18335937509
43 5160 13637353522
43 5203 27049296243
43 5246 22499816159
43 5289 23961627356
43 5332 17596585190
43 5375 26183718763
43 5418 23611908476
43 5461 2690846875
43 5504 25570037855
43 5590 12588326328
43 5633 20909064543
43 5676 23725976734
43 5719 18014570294
43 5762 19694542066
43 5805 18962595472
43 5848 20853676206
43 5891 20072801196
43 5934 23880685330
43 5977 21492457688
43 6020 23648695532
43 6063 11334770399
43 6106 10238978526
43 6149 15258577368
43 6192 15152615025
43 6235 23403079062
43 6278 18609626481
43 6321 16047649367
43 6364 25532893253
43 6407 13942689495
43 6450 22284440916
43 6493 21675263877
43 6536 23838442659
43 6579 14261284729
43 6622 22351543914
43 6665 15534692986
43 6708 18116316856
43 6751 11375134489
43 6794 14639495934
43 6837 23232142976
43 6880 21369662112
43 6923 21108958385
43 6966 12645115380
43 7009 8883494715
43 7052 23290877504
43 7095 20488371703
43 7138 21155774681
43 7181 11730979418
43 7224 21416942757
43 7267 19594225562
43 7310 20954749815
43 7353 12760096863
43 7439 -1876997523
43 7482 15872656385
43 7525 20130692340
43 7568 20565814787
43 7611 17419771763
43 7654 16436745472
43 7697 18744576493
43 7740 21034043706
43 7783 1000510241
43 7826 22244348947
43 7869 10968289591
43 7912 19642552250
43 7955 14655054035
43 7998 15651840492
43 8041 19629973663
43 8084 22428325415
43 8127 21189900445
43 8170 18242607766
43 8213 -11709226906
43 8256 14713662042
43 8299 13365393140
43 8342 78886855
43 8385 23741390018
43 8428 14991101829
43 8471 14133676591
47 47 5988829291716
47 94 1497207322929
47 141 998138215286
47 188 748603661464
47 235 598882929171
47 282 332712738428
47 329 427773520836
47 376 374301830732
47 423 332712738428
47 470 199627643057
47 517 272219513259
47 564 166356369214
47 611 230339588142
47 658 142591173612
47 705 133085095371
47 752 187150915366
47 799 176142037991
47 846 110904246142
47 893 157600770834
47 940 99813821528
47 987 95060782408
47 1034 90739837753
47 1081 130191941124
47 1128 83178184607
47 1175 119776585834
47 1222 76779862714
47 1269 110904246142
47 1316 71295586806
47 1363 103255677443
47 1410 49906910764
47 1457 96594020834
47 1504 93575457683
47 1551 60493225168
47 1598 58714012663
47 1645 57036469444
47 1692 55452123071
47 1739 80930125563
47 1786 52533590278
47 1833 51186575142
47 1880 49906910764
47 1927 73034503557
47 1974 35647793403
47 2021 69637549903
47 2068 45369918876
47 2115 44361698457
47 2162 43397313708
47 2256 41589092303
47 2303 61110502976
47 2350 39925528611
47 2397 39142675109
47 2444 38389931357
47 2491 56498389544
47 2538 36968082047
47 2585 36295935101
47 2632 35647793403
47 2679 35022393518
47 2726 34418559147
47 2773 50752790608
47 2820 24953455382
47 2867 49088764686
47 2914 32198006944
47 2961 31686927469
47 3008 46787728841
47 3055 30711945085
47 3102 22684959438
47 3149 44692755908
47 3196 29357006331
47 3243 28931542472
47 3290 21388676041
47 3337 42174854167
47 3384 27726061535
47 3431 41019378710
47 3478 26976708521
47 3525 26617019074
47 3572 26266795139
47 3619 25925667929
47 3666 19194965678
47 3713 37903982859
47 3760 24953455382
47 3807 36968082047
47 3854 24344834519
47 3901 36077284890
47 3948 17823896701
47 3995 23485605065
47 4042 23212516634
47 4089 22945706098
47 4136 22684959438
47 4183 33645108380
47 4230 16635636921
47 4277 21937103632
47 4324 21698656854
47 4371 21465337963
47 4465 21013436111
47 4512 20794546151
47 4559 26036408315
47 4606 23128984773
47 4653 20164408389
47 4700 19962764305
47 4747 29647669761
47 4794 26620977856
47 4841 29071986853
47 4888 19194965678
47 4935 14259117361
47 4982 18832796514
47 5029 24052744131
47 5076 18484041023
47 5123 27471693999
47 5170 23145912745
47 5217 17984472347
47 5264 25688775651
47 5311 26499244654
47 5358 17332348352
47 5405 17358925483
47 5452 17209279573
47 5499 25429682728
47 5546 19899458594
47 5593 16775432189
47 5640 23851285789
47 5687 20663406079
47 5734 20311073442
47 5781 23866232448
47 5828 16099003472
47 5875 23955317166
47 5922 23319311954
47 5969 22544709113
47 6016 20781896389
47 6063 23755492469
47 6110 19417417085
47 6157 22858127068
47 6204 11342479719
47 6251 15009597222
47 6298 18871712478
47 6345 22341476713
47 6392 22651526745
47 6439 5886941502
47 6486 22348530082
47 6533 17358805902
47 6580 33481850091
47 6674 19285143989
47 6721 22228295788
47 6768 20945665927
47 6815 21159630953
47 6862 13226753589
47 6909 13580111772
47 6956 19159422552
47 7003 10672155854
47 7050 21312747993
47 7097 3643184835
47 7144 13133397569
47 7191 20756282825
47 7238 19968973404
47 7285 13289832303
47 7332 20972040937
47 7379 366054788
47 7426 19226509296
47 7473 21016231041
47 7520 12476727691
47 7567 20704808520
47 7614 12769055507
47 7661 9007900846
47 7708 20358580558
47 7755 19486514569
47 7802 3917147592
47 7849 17930626622
47 7896 20854423041
47 7943 18353906675
47 7990 27609912999
47 8037 18615818368
47 8084 11507201138
47 8131 21835082565
47 8178 25453782341
47 8225 11407293888
47 8272 26556944783
47 8319 10195188901
47 8366 12550254722
47 8413 1589555274
47 8460 20260293151
53 53 5310848617182
53 106 1327712154295
53 159 885141436197
53 212 663856077147
53 265 531084861718
53 318 295047145399
53 371 379346329798
53 424 331928038573
53 477 295047145399
53 530 177028287239
53 583 241402209871
53 636 147523572699
53 689 204263408353
53 742 126448776599
53 795 118018858159
53 848 165964019286
53 901 156201429917
53 954 98349048466
53 1007 139759174136
53 1060 88514143619
53 1113 84299184399
53 1166 80467403290
53 1219 115453230808
53 1272 73761786349
53 1325 106216972343
53 1378 68087802784
53 1431 98349048466
53 1484 63224388299
53 1537 91566355468
53 1590 44257071809
53 1643 85658848664
53 1696 82982009643
53 1749 53644935527
53 1802 52067143305
53 1855 50579510639
53 1908 49174524233
53 1961 71768224556
53 2014 46586391378
53 2067 45391868522
53 2120 44257071809
53 2173 64766446551
53 2226 31612194149
53 2279 61754053688
53 2332 40233701645
53 2385 39339619386
53 2438 38484410269
53 2491 56498389544
53 2544 36880893174
53 2597 54192332828
53 2650 35405657447
53 2703 34711428870
53 2756 34043901392
53 2862 34532407689
53 2915 32186961316
53 2968 31612194149
53 3021 31057594252
53 3074 30522118489
53 3127 45007191671
53 3180 22128535904
53 3233 43531546042
53 3286 28552949554
53 3339 28099728133
53 3392 41491004821
53 3445 27235121113
53 3498 20116850822
53 3551 39633198636
53 3604 26033571652
53 3657 25656273512
53 3710 18967316489
53 3763 37400342375
53 3816 24587262116
53 3869 36375675460
53 3922 23922741518
53 3975 23603771631
53 4028 23293195689
53 4081 22990686654
53 4134 28863074824
53 4187 33612965932
53 4240 29674371732
53 4293 32783016155
53 4346 21588815517
53 4399 31993063959
53 4452 27242811227
53 4505 20826857322
53 4558 28752329360
53 4611 20348078993
53 4664 20116850822
53 4717 28506516188
53 4770 14752357269
53 4823 19453657938
53 4876 19242205134
53 4929 18198290453
53 4982 18832796514
53 5035 18634556551
53 5088 18440446587
53 5141 21556355465
53 5194 18064110942
53 5247 17881645175
53 5300 22874789403
53 5353 22231410512
53 5406 20973670286
53 5459 21712281424
53 5512 17021950696
53 5565 12644877659
53 5671 33467157657
53 5724 16391508077
53 5777 31073915388
53 5830 24297194632
53 5883 23031129505
53 5936 15806097074
53 5989 14467976183
53 6042 22808830855
53 6095 20455986109
53 6148 20372568586
53 6201 22792877674
53 6254 14103991595
53 6307 22459365390
53 6360 21311115883
53 6413 21945655442
53 6466 19297065219
53 6519 13878565705
53 6572 17861120589
53 6625 21243394468
53 6678 22653323227
53 6731 17016860839
53 6784 17926270437
53 6837 14425110662
53 6890 25979488773
53 6943 20270414569
53 6996 21734401366
53 7049 29083012936
53 7102 6611979899
53 7155 21086230042
53 7208 25506727336
53 7261 10922523710
53 7314 19548474822
53 7367 22330445736
53 7420 19018595327
53 7473 16514440509
53 7526 29023485028
53 7579 20352624086
53 7632 18515611556
53 7685 16140199902
53 7738 17516203112
53 7791 15404631451
53 7844 21522097510
53 7897 13307915148
53 7950 15147869055
53 8003 16133414884
53 8056 18003222566
53 8109 18512163486
53 8162 18625039887
53 8215 17048927355
53 8268 15579510918
53 8321 3749903767
53 8374 14170545631
53 8480 32746582882
59 59 4770762317129
59 118 1192690579282
59 177 795127052854
59 236 596345289641
59 295 477076231712
59 354 265042350951
59 413 340768736937
59 472 298172644820
59 531 265042350951
59 590 159025410570
59 649 216852832596
59 708 132521175475
59 767 183490858351
59 826 113589578979
59 885 106016940380
59 944 149086322410
59 1003 140316538739
59 1062 88347450317
59 1121 125546376766
59 1180 79512705285
59 1239 75726385986
59 1298 72284277532
59 1357 103712224285
59 1416 66260587737
59 1475 95415246342
59 1534 61163619450
59 1593 88347450317
59 1652 56794789489
59 1711 82254522709
59 1770 39756352642
59 1829 76947779308
59 1888 74543161205
59 1947 48189518354
59 2006 46772179579
59 2065 45435831591
59 2124 44173725158
59 2183 64469761042
59 2242 41848792255
59 2301 40775746300
59 2360 39756352642
59 2419 58180028257
59 2478 28397394744
59 2537 55473980431
59 2596 36142138766
59 2655 35338980126
59 2714 34570741428
59 2773 50752790607
59 2832 33130293868
59 2891 48681248133
59 2950 31805082114
59 3009 36707791135
59 3068 30581809725
59 3127 45007191671
59 3186 29449150105
59 3245 36459546840
59 3304 28397394744
59 3363 27899194837
59 3422 27418174236
59 3540 19878176321
59 3599 39104609157
59 3658 25649259769
59 3717 25242128662
59 3776 37271580602
59 3835 24465447780
59 3894 18071069383
59 3953 35602703859
59 4012 31627437039
59 4071 23047160952
59 4130 19688991860
59 4189 29591969248
59 4248 45283690055
59 4307 14394103602
59 4366 32000066107
59 4425 21203388076
59 4484 29505795465
59 4543 25839561973
59 4602 15290904862
59 4661 30194698210
59 4720 28195786613
59 4779 29449150105
59 4838 25916640256
59 4897 28739532031
59 4956 27070796379
59 5015 27408732943
59 5074 27135803548
59 5133 26297927378
59 5192 31121624315
59 5251 22449132243
59 5310 24928093502
59 5369 25448343422
59 5428 25565852094
59 5487 38472295255
59 5546 27202985672
59 5605 24322555634
59 5664 24997362444
59 5723 16667219690
59 5782 23402473751
59 5841 24082317338
59 5900 29501618363
59 5959 14741144111
59 6018 23635519585
59 6077 13590779531
59 6136 23218627172
59 6195 22733515995
59 6254 30011545979
59 6313 22293281856
59 6372 25907338442
59 6431 21884230813
59 6490 32825409583
59 6549 21357946417
59 6608 30033172056
59 6667 15392266514
59 6726 34058473250
59 6785 21789946365
59 6844 21636809428
59 6903 27796231415
59 7021 20946518611
59 7080 26615858999
59 7139 21199009816
59 7198 17638142961
59 7257 29605142946
59 7316 19498317337
59 7375 5763155781
59 7434 33608522711
59 7493 13962540618
59 7552 11710133785
59 7611 18477862496
59 7670 30484066993
59 7729 44738941097
59 7788 30734347032
59 7847 29902857568
59 7906 21359425528
59 7965 27181489148
59 8024 27394804448
59 8083 12688965009
59 8142 28522936562
59 8201 21624224012
59 8260 29825692396
59 8319 23186347030
59 8378 20128721381
59 8437 19093681661
59 8496 27608171351
61 61 4614343880502
61 122 1153585970125
61 183 769057313417
61 244 576792985062
61 305 461434388050
61 366 256352437805
61 427 329595991464
61 488 288396492531
61 549 256352437805
61 610 153811462683
61 671 209742903659
61 732 128176218902
61 793 177474764634
61 854 109865330488
61 915 102540975122
61 976 144198246265
61 1037 135715996485
61 1098 85450812601
61 1159 121430102118
61 1220 76905731341
61 1281 73243553658
61 1342 69914301219
61 1403 100311823489
61 1464 64088109451
61 1525 92286877610
61 1586 59158254878
61 1647 85450812601
61 1708 54932665244
61 1769 79557653112
61 1830 38452865670
61 1891 74424901298
61 1952 72099123132
61 2013 46609534146
61 2074 45238665495
61 2135 43946132195
61 2196 42725406300
61 2257 62355998385
61 2318 40476700706
61 2379 39438836585
61 2440 38452865670
61 2501 56272486347
61 2562 27466332622
61 2623 53655161401
61 2684 34957150609
61 2745 34180325040
61 2806 33437274496
61 2867 49088764686
61 2928 32044054725
61 2989 47085141637
61 3050 30762292536
61 3111 30159110330
61 3172 29579127439
61 3233 43531546042
61 3294 28483604200
61 3355 27965720487
61 3416 27466332622
61 3477 26984467137
61 3538 26519217704
61 3599 39104609156
61 3660 19226432835
61 3782 24808300432
61 3843 24414517886
61 3904 36049561566
61 3965 23663301951
61 4026 30086519220
61 4087 34435402093
61 4148 25371362581
61 4209 30450397826
61 4270 27854357671
61 4331 32495379440
61 4392 21362703150
61 4453 31278400209
61 4514 23634859271
61 4575 20508195024
61 4636 20238350353
61 4697 19975514634
61 4758 25202094513
61 4819 29204708104
61 4880 27582566137
61 4941 28483604200
61 5002 28220690840
61 5063 38204133291
61 5124 23268103394
61 5185 25678504930
61 5246 21303852347
61 5307 25303954571
61 5368 25113481606
61 5429 21450219531
61 5490 26921558748
61 5551 27769753802
61 5612 28524755134
61 5673 21369332894
61 5734 20692817580
61 5795 24084763034
61 5856 27268427774
61 5917 24000463556
61 5978 19356738836
61 6039 22880085732
61 6100 23342796062
61 6161 22989086181
61 6222 22872753057
61 6283 14325927297
61 6344 23556001833
61 6405 33254330660
61 6466 23107887417
61 6527 19090043979
61 6588 42005847571
61 6649 25163567404
61 6710 20022082265
61 6771 21308531008
61 6832 22001487061
61 6893 19864886783
61 6954 22061649867
61 7015 24702525765
61 7076 20968333308
61 7137 28185695749
61 7198 18883779546
61 7259 20549809100
61 7320 22762873588
61 7381 17419271900
61 7503 18862263893
61 7564 15094789391
61 7625 23923040250
61 7686 20530002305
61 7747 4244114013
61 7808 14156540963
61 7869 24146943769
61 7930 31008240631
61 7991 18521792464
61 8052 29873931709
61 8113 21848565156
61 8174 31266040514
61 8235 23791851364
61 8296 26413409881
61 8357 17255975551
61 8418 16780396033
61 8479 11783164201
67 67 4201119055382
67 134 1050279763845
67 201 700186509230
67 268 525139881922
67 335 420111905538
67 402 233395503076
67 469 300079932527
67 536 262569940961
67 603 233395503076
67 670 140037301846
67 737 190959957062
67 804 116697751538
67 871 161581502130
67 938 100026644175
67 1005 93358201230
67 1072 131284970480
67 1139 123562325158
67 1206 77798501025
67 1273 110555764615
67 1340 70018650923
67 1407 66684429450
67 1474 63653319020
67 1541 91328675117
67 1608 58348875769
67 1675 84022381107
67 1742 53860500710
67 1809 77798501025
67 1876 50013322087
67 1943 72433087161
67 2010 35009325461
67 2077 67759984764
67 2144 65642485240
67 2211 42435546013
67 2278 41187441719
67 2345 40010657670
67 2412 38899250512
67 2479 56771879126
67 2546 36851921538
67 2613 35907000473
67 2680 35009325461
67 2747 51233159211
67 2814 25006661043
67 2881 48850221574
67 2948 31826659510
67 3015 31119400410
67 3082 30442891705
67 3149 44692755908
67 3216 29174437884
67 3283 42868561789
67 3350 28007460369
67 3417 27458294479
67 3484 42171815985
67 3551 39633198635
67 3618 25932833675
67 3685 25461327608
67 3752 25006661043
67 3819 24567947692
67 3886 24144362387
67 3953 35602703859
67 4020 41635536779
67 4087 34435402093
67 4154 30669358112
67 4221 30387024646
67 4288 32821242620
67 4355 29528630192
67 4422 15913329755
67 4556 20593720859
67 4623 28160140087
67 4690 26378554724
67 4757 29585345460
67 4824 39925730262
67 4891 24825792411
67 4958 27192280458
67 5025 26403948836
67 5092 18425960769
67 5159 18186662577
67 5226 29716059753
67 5293 22419151599
67 5360 25466312524
67 5427 25932833675
67 5494 24861703707
67 5561 25546057826
67 5628 30187260328
67 5695 23521840963
67 5762 20476498966
67 5829 23648496673
67 5896 15913329755
67 5963 10795346388
67 6030 27075678198
67 6097 22471349648
67 6164 22241718186
67 6231 18823359973
67 6298 18921580239
67 6365 31038968063
67 6432 22139474024
67 6499 13076434510
67 6566 17237995381
67 6633 22304063500
67 6700 21445218858
67 6767 18672996475
67 6834 19875435668
67 6901 13831370769
67 6968 20906613851
67 7035 33467646901
67 7102 32449323851
67 7169 16868863005
67 7236 20750400807
67 7303 19271188327
67 7370 32140411317
67 7437 25967654424
67 7504 20747224917
67 7571 10311105883
67 7638 21206012719
67 7705 27541246785
67 7772 23448441422
67 7839 28467505255
67 7906 13800629173
67 7973 37068774071
67 8040 31604987572
67 8107 -3822104310
67 8174 2202628712
67 8241 23852515787
67 8308 24370528240
67 8375 12953030101
67 8442 30790127354
71 71 3964436291699
71 142 991109072924
71 213 660739381949
71 284 495554536462
71 355 396443629169
71 426 220246460649
71 497 283174020835
71 568 247777268231
71 639 220246460649
71 710 132147876389
71 781 180201649622
71 852 110123230324
71 923 152478318911
71 994 94391340278
71 1065 88098584259
71 1136 123888634115
71 1207 116601067402
71 1278 73415486883
71 1349 104327270834
71 1420 66073938194
71 1491 62927560185
71 1562 60067216540
71 1633 86183397645
71 1704 55061615162
71 1775 79288725833
71 1846 50826106303
71 1917 73415486883
71 1988 47195670139
71 2059 68352349856
71 2130 33036969097
71 2201 63942520833
71 2272 61944317057
71 2343 40044811027
71 2414 38867022467
71 2485 37756536111
71 2556 36707743441
71 2627 53573463401
71 2698 34775756944
71 2769 33884070869
71 2840 33036969097
71 2911 48346784045
71 2982 35803446387
71 3053 46098096415
71 3124 30033608270
71 3195 34186949545
71 3266 33951735277
71 3337 42174854167
71 3408 29209387869
71 3479 40453431547
71 3550 34577190615
71 3621 34266313141
71 3692 41314653683
71 3763 37400342374
71 3834 33008684265
71 3905 24026886616
71 3976 34331679739
71 4047 35449620929
71 4118 58652038282
71 4189 37601866204
71 4260 40712360421
71 4331 32495379440
71 4402 47415248294
71 4473 50995913791
71 4544 38095280700
71 4615 33111616795
71 4686 29202136600
71 4757 29585345460
71 4828 34997445901
71 4899 27688721447
71 4970 36086078231
71 5112 31135045994
71 5183 25546225850
71 5254 34465693341
71 5325 33221900137
71 5396 32777317294
71 5467 33286614444
71 5538 34633903765
71 5609 28541756649
71 5680 27252329218
71 5751 23641871070
71 5822 27509319838
71 5893 19322781735
71 5964 33007408009
71 6035 22083822881
71 6106 33059214252
71 6177 35296906597
71 6248 32382981335
71 6319 19691457000
71 6390 40888221849
71 6461 31406385434
71 6532 34305384632
71 6603 26305443955
71 6674 22801856885
71 6745 29299741599
71 6816 39636949751
71 6887 26818518704
71 6958 22044138693
71 7029 24271930828
71 7100 27353781288
71 7171 16500437195
71 7242 28115430065
71 7313 25011955013
71 7384 29417227265
71 7455 32288814762
71 7526 8310244018
71 7597 22918241348
71 7668 28360467056
71 7739 25591185037
71 7810 30837756996
71 7881 24827170376
71 7952 33598208597
71 8023 29680350350
71 8094 28688317102
71 8165 24957593858
71 8236 24388523827
71 8307 32798399188
71 8378 11733350258
71 8449 28132168436
73 73 3855821598776
73 146 963955399694
73 219 642636933129
73 292 481977699847
73 365 385582159877
73 438 214212311043
73 511 275415828484
73 584 240988849923
73 657 214212311043
73 730 128527386625
73 803 175264618126
73 876 107106155521
73 949 148300830722
73 1022 91805276161
73 1095 85684924417
73 1168 120494424961
73 1241 113406517611
73 1314 71404103681
73 1387 101468989441
73 1460 64263693312
73 1533 61203517440
73 1606 58421539375
73 1679 83822208669
73 1752 53553077760
73 1825 77116431975
73 1898 49433610240
73 1971 71404103681
73 2044 45902638080
73 2117 66479682737
73 2190 32131846656
73 2263 62190670948
73 2336 60247212480
73 2409 38947692916
73 2482 37802172537
73 2555 36722110464
73 2628 35702051840
73 2701 52105697280
73 2774 33822996480
73 2847 32955740160
73 2920 32131846656
73 2993 47022214619
73 3066 22951319040
73 3139 44835134869
73 3212 29210769687
73 3285 59750506838
73 3358 36346032167
73 3431 41019378710
73 3504 34593228664
73 3577 39345118354
73 3650 33570356275
73 3723 32907896134
73 3796 32541122200
73 3869 36375675460
73 3942 31507815669
73 4015 31030870584
73 4088 46762995108
73 4161 38851225314
73 4234 35053728491
73 4307 50958804851
73 4380 40445049315
73 4453 31931789934
73 4526 36634046171
73 4599 28217862264
73 4672 30123606240
73 4745 32554618370
73 4818 33946136212
73 4891 32723783690
73 4964 32814019912
73 5037 30529560994
73 5110 25527715086
73 5183 28761120611
73 5256 33984094022
73 5402 28962779793
73 5475 32774089223
73 5548 32548602580
73 5621 45181958555
73 5694 36949200516
73 5767 33229150130
73 5840 40037133168
73 5913 31967012364
73 5986 19512110855
73 6059 28046082816
73 6132 34344681363
73 6205 32721857846
73 6278 24586539894
73 6351 30570884806
73 6424 30403006819
73 6497 20873297923
73 6570 38756272053
73 6643 36685774664
73 6716 30883969210
73 6789 28780804271
73 6862 26910302613
73 6935 21927874908
73 7008 38259808603
73 7081 24484138270
73 7154 24413155822
73 7227 30537965077
73 7300 35907513891
73 7373 6633822395
73 7446 36040591853
73 7519 14492767426
73 7592 28262225082
73 7665 34759397279
73 7738 18340433801
73 7811 20303740951
73 7884 33858859663
73 7957 31739606423
73 8030 30348964065
73 8103 24912075534
73 8176 30746393556
73 8249 21839616751
73 8322 30139558449
73 8395 22322034965
73 8468 24965925036
79 79 3562974388742
79 158 890743597185
79 237 593829064790
79 316 445371798592
79 395 356297438874
79 474 197943021596
79 553 254498170624
79 632 222685899296
79 711 197943021596
79 790 118765812958
79 869 161953381306
79 948 98971510798
79 1027 137037476490
79 1106 84832723541
79 1185 79177208638
79 1264 111342949648
79 1343 104793364374
79 1422 65981007198
79 1501 93762483914
79 1580 59382906479
79 1659 56555149027
79 1738 53984460435
79 1817 77455964972
79 1896 49485755399
79 1975 71259487774
79 2054 45679158830
79 2133 65981007198
79 2212 42416361770
79 2291 61430592909
79 2370 35489618645
79 2449 57467328850
79 2528 55671474824
79 2607 35989640290
79 2686 34931121458
79 2765 33933089416
79 2844 32990503599
79 2923 48148302550
79 3002 31254161304
79 3081 30452772553
79 3160 29691453239
79 3239 43450907179
79 3318 31738589386
79 3397 41429934752
79 3476 35573629555
79 3555 26392402879
79 3634 34173619820
79 3713 37903982858
79 3792 33060487991
79 3871 36356881517
79 3950 23753162591
79 4029 39059505745
79 4108 22839579415
79 4187 33612965931
79 4266 21993669066
79 4345 29055169878
79 4424 29476501635
79 4503 28390351430
79 4582 20476864303
79 4661 30194698209
79 4740 25258257413
79 4819 29204708104
79 4898 39354429048
79 4977 34982701248
79 5056 27835737412
79 5135 26233313326
79 5214 24584426049
79 5293 30759570621
79 5372 25249544699
79 5451 23569061382
79 5530 12724908531
79 5609 21640981220
79 5688 32805522721
79 5767 15578718208
79 5846 24317754933
79 5925 24153052019
79 6004 23181324546
79 6083 30874377914
79 6162 23971026228
79 6320 22462722967
79 6399 21993669066
79 6478 24939520101
79 6557 9310123208
79 6636 20139027525
79 6715 22339939597
79 6794 24110478252
79 6873 21919563618
79 6952 21280099078
79 7031 36979626629
79 7110 22299632204
79 7189 19992875433
79 7268 26638760858
79 7347 20558699529
79 7426 12286307046
79 7505 19893871815
79 7584 26837313743
79 7663 5934992565
79 7742 16232204479
79 7821 20277028143
79 7900 26954963347
79 7979 18009803572
79 8058 19263188865
79 8137 4785503042
79 8216 19505174957
79 8295 19571583295
79 8374 16564342495
79 8453 15033770852
83 83 3391264779646
83 166 847816194911
83 249 565210796607
83 332 423908097455
83 415 339126477964
83 498 188403598869
83 581 242233198546
83 664 211954048727
83 747 188403598869
83 830 113042159321
83 913 154148399074
83 996 94201799434
83 1079 130433260755
83 1162 80744399515
83 1245 75361439547
83 1328 105977024363
83 1411 99743081754
83 1494 62801199623
83 1577 89243809990
83 1660 56521079660
83 1743 53829599676
83 1826 51382799691
83 1909 73723147383
83 1992 47100899717
83 2075 67825295592
83 2158 43477753585
83 2241 62801199623
83 2324 40372199757
83 2407 58470082407
83 2490 39595003213
83 2573 54697819026
83 2656 52988512181
83 2739 34255199794
83 2822 33247693918
83 2905 32297759806
83 2988 39238548919
83 3071 45827902427
83 3154 29747936663
83 3237 28985169056
83 3320 28260539830
83 3403 41356887556
83 3486 33060597850
83 3569 39433311391
83 3652 25691399845
83 3735 25120479849
83 3818 44636575821
83 3901 36077284889
83 3984 28750986480
83 4067 34604742649
83 4150 30876752614
83 4233 27365665900
83 4316 29293120686
83 4399 31993063958
83 4482 29365948717
83 4565 20553119876
83 4648 27740343772
83 4731 19831957775
83 4814 19490027469
83 4897 28739532030
83 4980 32358771044
83 5063 17390371293
83 5146 29433128182
83 5229 17943199892
83 5312 26494256090
83 5395 39535534546
83 5478 33266981610
83 5561 25069834407
83 5644 16623846959
83 5727 24310643950
83 5810 47503299117
83 5893 28441510936
83 5976 23256608827
83 6059 18409599096
83 6142 30872011840
83 6225 31288487389
83 6308 19810992311
83 6391 14680799911
83 6474 29097939525
83 6557 33617279066
83 6640 29443175767
83 6723 15829491092
83 6806 21475845774
83 6972 32282372561
83 7055 24166472833
83 7138 15665365586
83 7221 20831300754
83 7304 27638581670
83 7387 15097661117
83 7470 29841461631
83 7553 32643803440
83 7636 31299653416
83 7719 24093058216
83 7802 31459163940
83 7885 24963498929
83 7968 22642620195
83 8051 11455574038
83 8134 17278690431
83 8217 30104455883
83 8300 25243879386
83 8383 6681530339
83 8466 19987899434
89 89 3162640187760
89 178 790660046940
89 267 527106697960
89 356 395330023470
89 445 316264018776
89 534 175702232653
89 623 225902870554
89 712 197665011735
89 801 175702232653
89 890 105421339592
89 979 143756372170
89 1068 87851116326
89 1157 121640007221
89 1246 75300956851
89 1335 70280893061
89 1424 98832505867
89 1513 93018829051
89 1602 58567410884
89 1691 83227373362
89 1780 52710669796
89 1869 50200637900
89 1958 47918790723
89 2047 68753047560
89 2136 43925558163
89 2225 63252803755
89 2314 48714313871
89 2403 58567410884
89 2492 46054424153
89 2581 54528279099
89 2670 40610120462
89 2759 51010325609
89 2848 49416252933
89 2937 39770177562
89 3026 39627613408
89 3115 46985460238
89 3204 32097524390
89 3293 42738380915
89 3382 27742457787
89 3471 31840843601
89 3560 50339474712
89 3649 49753583470
89 3738 29449191952
89 3827 40895559529
89 3916 63362806361
89 4005 26390930467
89 4094 30741999600
89 4183 33645108380
89 4272 40911290223
89 4361 38687392016
89 4450 37273472364
89 4539 60092478574
89 4628 37033595310
89 4717 31165940184
89 4806 27926416022
89 4895 34269296003
89 4984 34266081248
89 5073 34064284678
89 5162 42835652651
89 5251 31154938735
89 5340 46620043603
89 5429 30396340924
89 5518 32149962964
89 5607 31895593480
89 5696 29018794995
89 5785 24386312427
89 5874 40461988890
89 5963 36408238503
89 6052 40117155783
89 6141 33282558285
89 6230 35578950196
89 6319 24852770996
89 6408 36878907097
89 6497 22450540265
89 6586 26748129184
89 6675 36293232988
89 6764 28151401629
89 6853 40303778758
89 6942 35431163611
89 7031 3053793469
89 7120 35330615489
89 7209 13298475533
89 7298 22113771594
89 7387 23006437530
89 7476 31639460687
89 7565 36639563636
89 7654 18775323115
89 7743 20202780605
89 7832 30822426288
89 8010 32499051654
89 8099 32383570552
89 8188 26478590881
89 8277 26017926963
89 8366 20462964695
89 8455 25443407686
97 97 2901803883615
97 194 725450970903
97 291 483633980602
97 388 362725485451
97 485 290180388361
97 582 161211326867
97 679 207271705972
97 776 181362742725
97 873 161211326867
97 970 96726796120
97 1067 131900176527
97 1164 80605663433
97 1261 111607841677
97 1358 69090568657
97 1455 64484530747
97 1552 90681371362
97 1649 85347173047
97 1746 53737108955
97 1843 76363260095
97 1940 48363398060
97 2037 46060379105
97 2134 52368222755
97 2231 63082693122
97 2328 48321833590
97 2425 58036077672
97 2522 45353413744
97 2619 53737108955
97 2716 34545284328
97 2813 50031101441
97 2910 36246900058
97 3007 46803288445
97 3104 45340685681
97 3201 37043458929
97 3298 28449057682
97 3395 27636227463
97 3492 38506860219
97 3589 39213565994
97 3686 33186728621
97 3783 24801742595
97 3880 32332498882
97 3977 36211397628
97 4074 51238907607
97 4171 39223020994
97 4268 46421931828
97 4365 54918159402
97 4462 21027564374
97 4559 35704099847
97 4656 28552913104
97 4753 34416862084
97 4850 32117167018
97 4947 39015008065
97 5044 41013763156
97 5141 33194661206
97 5238 34972268477
97 5335 25552836173
97 5432 41319529998
97 5529 45520851708
97 5626 36726003423
97 5723 32515896981
97 5820 35840805512
97 5917 23570091913
97 6014 26443720202
97 6111 31300183885
97 6208 34693786757
97 6305 40235471771
97 6402 35589329650
97 6499 30234071215
97 6596 36474387705
97 6693 31906109802
97 6790 21451896239
97 6887 14051958530
97 6984 38754229437
97 7081 15266599861
97 7178 24300569333
97 7275 35466094691
97 7372 20654932325
97 7469 34521333531
97 7566 33697726319
97 7663 30796702164
97 7760 18742955005
97 7857 19976509625
97 7954 23366089445
97 8051 23505918535
97 8148 30380667255
97 8245 26411602587
97 8342 33696284566
97 8439 34535350534
101 101 2786880957531
101 202 696720239382
101 303 464480159588
101 404 348360119691
101 505 278688095753
101 606 154826719862
101 707 199062925537
101 808 174180059845
101 909 154826719862
101 1010 92896031917
101 1111 126676407160
101 1212 77413359931
101 1313 107187729135
101 1414 66354308512
101 1515 61930687945
101 1616 87090029922
101 1717 81967086986
101 1818 51608906620
101 1919 73338972566
101 2020 46448015958
101 2121 44236205675
101 2222 42225469053
101 2323 60584368641
101 2424 38706679965
101 2525 55737619150
101 2626 35729243045
101 2727 51608906620
101 2828 33177154256
101 2929 48049671681
101 3030 45129921024
101 3131 44949692863
101 3232 43545014961
101 3333 43258876706
101 3434 43775865898
101 3535 26541723405
101 3636 25804453310
101 3737 37660553480
101 3838 24446324188
101 3939 44210339575
101 4040 42001395801
101 4141 33986353140
101 4242 38364053788
101 4343 32405592529
101 4444 21112734526
101 4545 39527305752
101 4646 25004520433
101 4747 29647669760
101 4848 35377827304
101 4949 29476447535
101 5050 41317371549
101 5151 34239395541
101 5252 39641273084
101 5353 30351249064
101 5454 47689889864
101 5555 46650791761
101 5656 24295024904
101 5757 32751053029
101 5858 35343272553
101 5959 32494126355
101 6060 22785415162
101 6161 22697486893
101 6262 30503755381
101 6363 27405115595
101 6464 37174276068
101 6565 40886980415
101 6666 31192841795
101 6767 22922241697
101 6868 29326916420
101 6969 27704156949
101 7070 33451749160
101 7171 22751407277
101 7272 28010790659
101 7373 31542629078
101 7474 25836168686
101 7575 27646829259
101 7676 26909658827
101 7777 32696155485
101 7878 30019773059
101 7979 17267170573
101 8080 34863964937
101 8181 44465863980
101 8282 22743132687
101 8383 26895348667
101 8484 29021295407
103 103 2732766764181
103 206 683191691045
103 309 455461127363
103 412 341595845522
103 515 273276676418
103 618 151820375787
103 721 195197626012
103 824 170797922761
103 927 151820375787
103 1030 91092225472
103 1133 124216671099
103 1236 75910187893
103 1339 105106414006
103 1442 65065875337
103 1545 60728150315
103 1648 85398961380
103 1751 80375493064
103 1854 50606791929
103 1957 71914914846
103 2060 45546112736
103 2163 43377250225
103 2266 41405557033
103 2369 59407973134
103 2472 37955093946
103 2575 54655335283
103 2678 43221422097
103 2781 50606791929
103 2884 40265246258
103 2987 47116668347
103 3090 27010274476
103 3193 44076883293
103 3296 42699480690
103 3399 27603704688
103 3502 35146795851
103 3605 41658025365
103 3708 33658360794
103 3811 36929280597
103 3914 43412795926
103 4017 23356980890
103 4120 31016950764
103 4223 37448371151
103 4326 39713981679
103 4429 39707866807
103 4532 36749813560
103 4635 36289751815
103 4738 48787256437
103 4841 29071986852
103 4944 34279043157
103 5047 36011750473
103 5150 34081463262
103 5253 34113971338
103 5356 39482281953
103 5459 29849355636
103 5562 24421185725
103 5665 29633100885
103 5768 31718965890
103 5871 24348583202
103 5974 38892564044
103 6077 32727301217
103 6180 34313373692
103 6283 30473527853
103 6386 26870564139
103 6489 21111188898
103 6592 46064102118
103 6695 38268978806
103 6798 32412851445
103 6901 26956192875
103 7004 37532812557
103 7107 21569262821
103 7210 30376160252
103 7313 13477717721
103 7416 20613347776
103 7519 22942393727
103 7622 23041218063
103 7725 30587372619
103 7828 28912611488
103 7931 30698996865
103 8034 30475647223
103 8137 29806481314
103 8240 31109511746
103 8343 19611357380
103 8446 12229743370
107 107 2630607258978
107 214 657651814744
107 321 438434543163
107 428 328825907372
107 535 263060725897
107 642 146144847721
107 749 187900518498
107 856 164412953686
107 963 146144847721
107 1070 87686908632
107 1177 119573057226
107 1284 73072423860
107 1391 101177202268
107 1498 62633506166
107 1605 58457939088
107 1712 82206476843
107 1819 77370801734
107 1926 48714949240
107 2033 69226506815
107 2140 43843454316
107 2247 41755670777
107 2354 39857685742
107 2461 57187114325
107 2568 36536211930
107 2675 52612145179
107 2782 33725734089
107 2889 48714949240
107 2996 39244475393
107 3103 45355297568
107 3210 21921727158
107 3317 42429149338
107 3424 41103238421
107 3531 34154829226
107 3638 33373305976
107 3745 25053402466
107 3852 31009580110
107 3959 35548746742
107 4066 30940381221
107 4173 22483822726
107 4280 21921727158
107 4387 32080576329
107 4494 37402084128
107 4601 30588456499
107 4708 27272417221
107 4815 19485979696
107 4922 26990093751
107 5029 31917623081
107 5136 26229755759
107 5243 35039863866
107 5350 25499031520
107 5457 24276146656
107 5564 24700816152
107 5671 16166941569
107 5778 23947040869
107 5885 53429266325
107 5992 22741011701
107 6099 22727242531
107 6206 22201067682
107 6313 22293281855
107 6420 22123096590
107 6527 24034665184
107 6634 18043220873
107 6741 35402157007
107 6848 24470593764
107 6955 21451943429
107 7062 21527508119
107 7169 22393931905
107 7276 29288998926
107 7383 19790882787
107 7490 18929963007
107 7597 14132565116
107 7704 33662337392
107 7811 15731974925
107 7918 21255699982
107 8025 19400312273
107 8132 25272491785
107 8239 18470545372
107 8346 28471934657
107 8453 18265055211
109 109 2582339235877
109 218 645584808969
109 327 430389872646
109 436 322792404484
109 545 258233923587
109 654 143463290882
109 763 184452802562
109 872 161396202242
109 981 143463290882
109 1090 86077974529
109 1199 117379056176
109 1308 71731645441
109 1417 99320739841
109 1526 61484267520
109 1635 57385316352
109 1744 80698101121
109 1853 75951153996
109 1962 47821096960
109 2071 67956295680
109 2180 43038987264
109 2289 40989511680
109 2398 39126352058
109 2507 56137809475
109 2616 35865822720
109 2725 51646784717
109 2834 33106913280
109 2943 47821096960
109 3052 30742133760
109 3161 44523090273
109 3270 21519493632
109 3379 41650632836
109 3488 40349050560
109 3597 26084234705
109 3706 25317051332
109 3815 24593707008
109 3924 23910548480
109 4033 34896476160
109 4142 22652098560
109 4251 22071275520
109 4360 21519493632
109 4469 31491941900
109 4578 15371066880
109 4687 30027200417
109 4796 19563176029
109 4905 19128438784
109 5014 18712603158
109 5123 27471693998
109 5232 17932911360
109 5341 26350400366
109 5450 17215594905
109 5559 16878034221
109 5668 16553456640
109 5777 17649466421
109 5886 15940365653
109 5995 15650540823
109 6104 15371066880
109 6213 15101399040
109 6322 14841030091
109 6431 21884230812
109 6540 10759746816
109 6649 17169862692
109 6758 13883544278
109 6867 13663170560
109 6976 20174525280
109 7085 13242765312
109 7194 9781588014
109 7303 19271188327
109 7412 12658525666
109 7521 12475068772
109 7630 9222640128
109 7739 10779790116
109 7848 11955274240
109 7957 3634903657
109 8066 7497998345
109 8175 11477063270
109 8284 8133190867
109 8393 11178957731
113 113 2490928997439
113 226 622732249359
113 339 415154832906
113 452 311366124679
113 565 249092899743
113 678 138384944302
113 791 177923499817
113 904 155683062339
113 1017 138384944302
113 1130 83030966581
113 1243 113224045338
113 1356 69192472151
113 1469 95804961439
113 1582 59307833272
113 1695 55353977720
113 1808 77841531169
113 1921 73262617571
113 2034 54182380375
113 2147 65550763090
113 2260 41515483290
113 2373 39538555514
113 2486 37741348446
113 2599 56478869685
113 2712 34596236075
113 2825 49818579948
113 2938 31934987146
113 3051 46128314767
113 3164 38359479324
113 3277 42947051679
113 3390 31773103170
113 3503 40176274152
113 3616 38920765584
113 3729 40809761884
113 3842 24420872523
113 3955 39928677498
113 4068 31223038879
113 4181 37647714458
113 4294 21850254363
113 4407 62431252255
113 4520 36963285835
113 4633 41472740515
113 4746 24805116553
113 4859 35345163937
113 4972 36859643393
113 5085 18451325906
113 5198 38085076556
113 5311 26499244653
113 5424 24739606711
113 5537 25417642831
113 5650 32661913420
113 5763 25556098388
113 5876 28729240113
113 5989 32530684146
113 6102 32734318152
113 6215 30696909548
113 6328 34077214992
113 6441 36793236992
113 6554 38955083595
113 6667 26826869035
113 6780 33914206795
113 6893 20970014814
113 7006 29389304762
113 7119 35448029822
113 7232 27284814252
113 7345 25222605500
113 7458 34727295567
113 7571 26866938854
113 7684 28687198786
113 7797 33202054808
113 7910 32527425613
113 8023 5403156656
113 8136 28829579001
113 8249 12282698282
113 8362 41064352318
113 8475 30401590424
127 127 2216338399296
127 254 554084599824
127 381 369389733216
127 508 277042299912
127 635 221633839929
127 762 123129911072
127 889 158309885664
127 1016 138521149956
127 1143 123129911072
127 1270 73877946643
127 1397 100742654513
127 1524 61564955536
127 1651 85243784588
127 1778 52769961888
127 1905 57520285178
127 2032 69260574978
127 2159 65186423508
127 2286 41043303690
127 2413 58324694718
127 2540 36938973321
127 2667 58239389028
127 2794 49921399431
127 2921 48181269549
127 3048 38680469048
127 3175 44326767985
127 3302 36031591210
127 3429 54679508845
127 3556 42725495538
127 3683 38212731022
127 3810 18469486660
127 3937 55527346645
127 4064 34630287489
127 4191 36721151048
127 4318 54480028462
127 4445 36367631345
127 4572 36915517149
127 4699 29950518909
127 4826 42500979342
127 4953 47518050039
127 5080 41907521486
127 5207 36580611881
127 5334 44329935993
127 5461 48851906597
127 5588 25222657928
127 5715 31756801430
127 5842 36933601177
127 5969 24611427042
127 6096 30907531444
127 6223 34458688887
127 6350 38622556220
127 6477 39782155852
127 6604 28918886983
127 6731 24800844808
127 6858 37264162582
127 6985 36133489199
127 7112 34752004562
127 7239 31061631096
127 7366 38132685847
127 7493 23602516997
127 7620 35875847275
127 7747 32089302368
127 7874 24458068652
127 8001 25987814113
127 8128 31932660719
127 8255 31163312292
127 8382 30364547200
131 131 2148663944356
131 262 537165986089
131 393 358110657392
131 524 268582993044
131 655 214866394435
131 786 119370219130
131 917 153475996025
131 1048 134291496522
131 1179 119370219130
131 1310 71622131478
131 1441 97666542925
131 1572 59685109565
131 1703 82640920936
131 1834 51158665341
131 1965 47748087652
131 2096 67145748261
131 2227 63195998363
131 2358 39790073043
131 2489 56543788009
131 2620 35811065739
131 2751 34105776894
131 2882 32555514308
131 3013 46710085746
131 3144 29842554782
131 3275 42973278887
131 3406 35565819199
131 3537 39790073043
131 3668 25579332670
131 3799 37045930075
131 3930 29280090967
131 4061 34655870070
131 4192 37654325521
131 4323 28723948539
131 4454 36943995733
131 4585 35661130264
131 4716 26977671681
131 4847 29035999248
131 4978 18847929336
131 5109 33430358927
131 5240 24925805203
131 5371 33906896739
131 5502 23413619075
131 5633 29059864395
131 5764 24239406948
131 5895 50594051161
131 6026 15570028582
131 6157 22858127067
131 6288 22362766065
131 6419 29106834628
131 6550 36216781043
131 6681 36201316701
131 6812 29180842634
131 6943 20270414569
131 7074 20704846355
131 7205 26936072837
131 7336 28535607849
131 7467 26495991178
131 7598 25119418243
131 7729 -8320908142
131 7860 30497843451
131 7991 16702206623
131 8122 15201925998
131 8253 27247255244
131 8384 20577956431
137 137 2054561873800
137 274 513640468450
137 411 342426978966
137 548 256820234225
137 685 205456187380
137 822 114142326322
137 959 146754419557
137 1096 128410117112
137 1233 114142326322
137 1370 68485395793
137 1507 93389176081
137 1644 57071163161
137 1781 79021610530
137 1918 48918139852
137 2055 45656930528
137 2192 64205058556
137 2329 60428290405
137 2466 53458651275
137 2603 54067417731
137 2740 34242697896
137 2877 32612093234
137 3014 31129725360
137 3151 44664388560
137 3288 36803902330
137 3425 41091237476
137 3562 29142302157
137 3699 38047442107
137 3836 39870279094
137 3973 49821802414
137 4110 39948266499
137 4247 33138094738
137 4384 36051524918
137 4521 28577467320
137 4658 27851487924
137 4795 19567255940
137 4932 49319704207
137 5069 27764349645
137 5206 26290793327
137 5343 38356854621
137 5480 24945666028
137 5617 28847151973
137 5754 43424280052
137 5891 27707707497
137 6028 31080619436
137 6165 45097892929
137 6302 31593626803
137 6439 37827140919
137 6576 40756439813
137 6713 28596584272
137 6850 36107716620
137 6987 36930020303
137 7124 38853987274
137 7261 27842794663
137 7398 28533840184
137 7535 32545428342
137 7672 32323073161
137 7809 33133756670
137 7946 37079539388
137 8083 22134117597
137 8220 31970748078
137 8357 16425366642
137 8494 14671010501
139 139 2024999832450
139 278 506249958112
139 417 337499972075
139 556 253124979056
139 695 202499983245
139 834 112499990691
139 973 144642845175
139 1112 126562489528
139 1251 112499990691
139 1390 67499994415
139 1529 92045446929
139 1668 56249995345
139 1807 77884608940
139 1946 48214281725
139 2085 57606908512
139 2224 63281244764
139 2363 59558818601
139 2502 86709763237
139 2641 53289469275
139 2780 54305931675
139 2919 40040845763
139 3058 38840697139
139 3197 51934886509
139 3336 37635831044
139 3475 40499996649
139 3614 34329027327
139 3753 54664177092
139 3892 41016825158
139 4031 34913790214
139 4170 48781300768
139 4309 32661287620
139 4448 62990565534
139 4587 37364228058
139 4726 36594819677
139 4865 37235555102
139 5004 42547089978
139 5143 47513364811
139 5282 33285623807
139 5421 42078619221
139 5560 48977062034
139 5699 34973087141
139 5838 44660846722
139 5977 25600561671
139 6116 31354015381
139 6255 41474831084
139 6394 28973013326
139 6533 25726296916
139 6672 29236296100
139 6811 25986160823
139 6950 35811891897
139 7089 33178326186
139 7228 35858156116
139 7367 15877098272
139 7506 30173748142
139 7645 35579845606
139 7784 33761677801
139 7923 35796017987
139 8062 33796073838
139 8201 12697807046
139 8340 28436831676
139 8479 21413554363
149 149 1889093803427
149 298 472273450856
149 447 314848967237
149 596 236136725428
149 745 188909380342
149 894 104949655745
149 1043 134935271673
149 1192 118068362714
149 1341 104949655745
149 1490 62969793447
149 1639 85867900155
149 1788 52474827872
149 1937 72657453977
149 2086 44978423891
149 2235 72142401042
149 2384 62915970647
149 2533 55561582453
149 2682 37890305659
149 2831 49712994827
149 2980 39888842451
149 3129 37822799667
149 3278 52198927947
149 3427 41067256596
149 3576 33629621230
149 3725 61650074433
149 3874 54771707921
149 4023 34983218581
149 4172 37644997819
149 4321 60306924662
149 4470 32505560103
149 4619 30469254893
149 4768 33794450411
149 4917 54055682497
149 5066 34567562528
149 5215 41567664118
149 5364 40480559960
149 5513 33939814748
149 5662 41888893442
149 5811 38629883304
149 5960 49005585307
149 6109 30723475748
149 6258 38566403972
149 6407 29989724538
149 6556 36574679696
149 6705 38808096834
149 6854 30452268680
149 7003 29521329325
149 7152 27557778538
149 7301 20270659660
149 7450 40386648962
149 7599 33120045322
149 7748 32663758519
149 7897 22335364161
149 8046 31655252813
149 8195 30981699090
149 8344 31981005681
149 8493 24768668515
151 151 1864072693448
151 302 466018173362
151 453 310678782241
151 604 233009086681
151 755 186407269344
151 906 103559594080
151 1057 133148049532
151 1208 116504543340
151 1359 103559594080
151 1510 62135756448
151 1661 84730576974
151 1812 51779797040
151 1963 71695103594
151 2114 44382683177
151 2265 41423837632
151 2416 58252271670
151 2567 54825667454
151 2718 42076173615
151 2869 49054544564
151 3020 31067878224
151 3171 29588455451
151 3322 28243525658
151 3473 40523319422
151 3624 33817620830
151 3775 37281453868
151 3926 31826090174
151 4077 34519864693
151 4228 37709300304
151 4379 43749976349
151 4530 37296314082
151 4681 30065688604
151 4832 40736927815
151 4983 33219455731
151 5134 33319646920
151 5285 25461797726
151 5436 38960818966
151 5587 25190171533
151 5738 30917678152
151 5889 47176878296
151 6040 30825702300
151 6191 22732593822
151 6342 31803199639
151 6493 21675263877
151 6644 37135711429
151 6795 41786432958
151 6946 21064082062
151 7097 36017936302
151 7248 35843173018
151 7399 23027855120
151 7550 25992706137
151 7701 25415874331
151 7852 34396255420
151 8003 19037768011
151 8154 25777578597
151 8305 25863573561
151 8456 19057320588
157 157 1792834246564
157 314 448208561641
157 471 298805707760
157 628 224104280820
157 785 179283424656
157 942 99601902586
157 1099 128059589040
157 1256 112052140410
157 1413 99601902586
157 1570 59761141552
157 1727 81492465752
157 1884 71346361107
157 2041 68955163329
157 2198 42686529680
157 2355 39840761034
157 2512 56026070205
157 2669 52730419016
157 2826 56758840085
157 2983 47179848593
157 3140 32664114112
157 3297 43534026325
157 3454 27164155250
157 3611 38974657534
157 3768 32322173128
157 3925 51637725748
157 4082 30406751925
157 4239 41487120121
157 4396 29208143790
157 4553 30910935285
157 4710 40425124468
157 4867 30293593307
157 5024 28013035102
157 5181 46955858704
157 5338 25129061420
157 5495 32491745904
157 5652 50119591119
157 5809 32055029388
157 5966 23148313679
157 6123 30399709500
157 6280 45109888541
157 6437 25405149855
157 6594 34154251130
157 6751 30318685198
157 6908 36319791925
157 7065 27486603062
157 7222 27075718155
157 7379 37779354713
157 7536 15204061645
157 7693 9368208183
157 7850 36254419120
157 8007 26794210764
157 8164 32646479641
157 8321 30077157488
157 8478 27730559119
163 163 1726840347918
163 326 431710086979
163 489 287806724653
163 652 215855043489
163 815 172684034791
163 978 95935574884
163 1141 123345739137
163 1304 107927521744
163 1467 95935574884
163 1630 57561344930
163 1793 78492743087
163 1956 47967787442
163 2119 66416936458
163 2282 80519301257
163 2445 49091561951
163 2608 53963760872
163 2771 50789421997
163 2934 47207915995
163 3097 49518861763
163 3260 82453645639
163 3423 73906471222
163 3586 41266027409
163 3749 41661954761
163 3912 48268301581
163 4075 34536806958
163 4238 37173217607
163 4401 65103231361
163 4564 44465594959
163 4727 33848804159
163 4890 38180507055
163 5053 36108371249
163 5216 43017389929
163 5379 51051770198
163 5542 40232366870
163 5705 31547878265
163 5868 39198822242
163 6031 38825955484
163 6194 38100036807
163 6357 39982471720
163 6520 37863621662
163 6683 27534159731
163 6846 36710942926
163 7009 31275583143
163 7172 35652563675
163 7335 35412565142
163 7498 20222060310
163 7661 27733383152
163 7824 33694780990
163 7987 17196786072
163 8150 29503675871
163 8313 32715738035
163 8476 34597719138
167 167 1685478902459
167 334 421369725614
167 501 280913150409
167 668 210684862807
167 835 168547890245
167 1002 93637716803
167 1169 120391350175
167 1336 105342431403
167 1503 93637716803
167 1670 56182630081
167 1837 76612677384
167 2004 54780508195
167 2171 64826111633
167 2338 40130450058
167 2505 37455086721
167 2672 52671215701
167 2839 49572908895
167 3006 53865965743
167 3173 44354707959
167 3340 35674353772
167 3507 48629150280
167 3674 25537559128
167 3841 36640845705
167 4008 30753003550
167 4175 33709578049
167 4342 29030401359
167 4509 31212572267
167 4676 20065225029
167 4843 29059981076
167 5010 36978547146
167 5177 30856930763
167 5344 26335607850
167 5511 32569727944
167 5678 31812896049
167 5845 46803774115
167 6012 35206427187
167 6179 26448529100
167 6346 22226391327
167 6513 37059196061
167 6680 33807139824
167 6847 19737782292
167 7014 33727292770
167 7181 27466204360
167 7348 20351818296
167 7515 38707298526
167 7682 40316057160
167 7849 17930626621
167 8016 33580231508
167 8183 20058458577
167 8350 32781895481
173 173 1627022986766
173 346 406755746691
173 519 271170497794
173 692 203377873345
173 865 162702298676
173 1038 90390165931
173 1211 116215927626
173 1384 101688936672
173 1557 90390165931
173 1730 54234099558
173 1903 73955590307
173 2076 68644194487
173 2249 62577807183
173 2422 38738642542
173 2595 36156066372
173 2768 50844468336
173 2941 47853617257
173 3114 30130055310
173 3287 42816394388
173 3460 42319523491
173 3633 47547423104
173 3806 24651863435
173 3979 35370064929
173 4152 30514554634
173 4325 36251308476
173 4498 20859269061
173 4671 44659475686
173 4844 19369321271
173 5017 32268228216
173 5190 36362235457
173 5363 29752442405
173 5536 30245198128
173 5709 32288488615
173 5882 31201748778
173 6055 15495457016
173 6228 36786689065
173 6401 30329320048
173 6574 36145580846
173 6747 21327876856
173 6920 40265570747
173 7093 19841743741
173 7266 38530758124
173 7439 39714741401
173 7612 27263217203
173 7785 21697950044
173 7958 38930879744
173 8131 12782427791
173 8304 27439710707
173 8477 19325639053
179 179 1572485903411
179 358 393121475852
179 537 262080983901
179 716 196560737926
179 895 157248590341
179 1074 87360327967
179 1253 112320421672
179 1432 98280368963
179 1611 87360327967
179 1790 52416196780
179 1969 71476631973
179 2148 54434496313
179 2327 70680269409
179 2506 50637100199
179 2685 59365339798
179 2864 49140184481
179 3043 47124281161
179 3222 49139104064
179 3401 53591812290
179 3580 39405058032
179 3759 41126131084
179 3938 31408582723
179 4117 48581050853
179 4296 42062745287
179 4475 45750714763
179 4654 41772260372
179 4833 57667467966
179 5012 48084963598
179 5191 41693225869
179 5370 45585503317
179 5549 29654175185
179 5728 36110289253
179 5907 41162754252
179 6086 40818114989
179 6265 40775718743
179 6444 29506405837
179 6623 34298972444
179 6802 42478174620
179 6981 39694367834
179 7160 36465625417
179 7339 53544968060
179 7518 35918143608
179 7697 17824863121
179 7876 32322811177
179 8055 31854573444
179 8234 35077599830
179 8413 31867591607
181 181 1555110368567
181 362 388777592141
181 543 259185061427
181 724 194388796070
181 905 155511036856
181 1086 86395020475
181 1267 111079312040
181 1448 97194398035
181 1629 86395020475
181 1810 51837012285
181 1991 74864317349
181 2172 43197510237
181 2353 59811937252
181 2534 52003155258
181 2715 42990223700
181 2896 52671006686
181 3077 45738540251
181 3258 45149357432
181 3439 48506622909
181 3620 56532145218
181 3801 32766988088
181 3982 63718919635
181 4163 33806747142
181 4344 52021079294
181 4525 61491020392
181 4706 44084398147
181 4887 48876660820
181 5068 18513218673
181 5249 26812247733
181 5430 33118142894
181 5611 40440055829
181 5792 35970787499
181 5973 46721200384
181 6154 42398059855
181 6335 38531383532
181 6516 38004315553
181 6697 21015004980
181 6878 40142418689
181 7059 36074047191
181 7240 35488226065
181 7421 24452595726
181 7602 33329093090
181 7783 35164847167
181 7964 35381986402
181 8145 34479263932
181 8326 22951269285
191 191 1473690977542
191 382 368422744385
191 573 245615162923
191 764 184211372192
191 955 147369097754
191 1146 81871720974
191 1337 105263641253
191 1528 92105686096
191 1719 81871720974
191 1910 49123032584
191 2101 66985953524
191 2292 56632822767
191 2483 56680422213
191 2674 35087880417
191 2865 41153984333
191 3056 46052843048
191 3247 47262826834
191 3438 35695869602
191 3629 48180464517
191 3820 32144555024
191 4011 39029024618
191 4202 37342628220
191 4393 57382299466
191 4584 36027789397
191 4775 29473819550
191 4966 49454131031
191 5157 31317606462
191 5348 50183286325
191 5539 25408465130
191 5730 44134694462
191 5921 27971857287
191 6112 23026421524
191 6303 41630709246
191 6494 32859343562
191 6685 29049129213
191 6876 29342249109
191 7067 25394891388
191 7258 43268075890
191 7449 27620176786
191 7640 35066576177
191 7831 16456789026
191 8022 32317413524
191 8213 45981110104
191 8404 25504676565
193 193 1458419568448
193 386 364604892112
193 579 243069928074
193 772 182302446056
193 965 145841956844
193 1158 81023309358
193 1351 104172826317
193 1544 91151223028
193 1737 81023309358
193 1930 48613985614
193 2123 66291798565
193 2316 40511654679
193 2509 56093060324
193 2702 34724275439
193 2895 32409323743
193 3088 45575611514
193 3281 42894693189
193 3474 34632245888
193 3667 38379462327
193 3860 56957935883
193 4053 30732555691
193 4246 30070289768
193 4439 31704773227
193 4632 27838866071
193 4825 33302551743
193 5018 57471610715
193 5211 27007769786
193 5404 25335161299
193 5597 33058429345
193 5790 45522112715
193 5983 23522896265
193 6176 26508550094
193 6369 22515494762
193 6562 42536778001
193 6755 40913520025
193 6948 21287868863
193 7141 28888867663
193 7334 29990453889
193 7527 27564677220
193 7720 30809945805
193 7913 25944462262
193 8106 19843301870
193 8299 20551341009
193 8492 31525285597
197 197 1428806988378
197 394 357201747094
197 591 238134498063
197 788 178600873547
197 985 142880698837
197 1182 79378166021
197 1379 102057642027
197 1576 89300436773
197 1773 79378166021
197 1970 47626899612
197 2167 64945772199
197 2364 44649799326
197 2561 54954114937
197 2758 38863299493
197 2955 39712916202
197 3152 44650218386
197 3349 42023734952
197 3546 34042427405
197 3743 50912997976
197 3940 31396488538
197 4137 22679476006
197 4334 26609307049
197 4531 31061021486
197 4728 19844541505
197 4925 31131894438
197 5122 26279688106
197 5319 26459388673
197 5516 32301370192
197 5713 28488965475
197 5910 47057030857
197 6107 29634428543
197 6304 26116628559
197 6501 43917968871
197 6698 32558680874
197 6895 28899448791
197 7092 18073779820
197 7289 25655476582
197 7486 20495044428
197 7683 30658936420
197 7880 34758170362
197 8077 33317720744
197 8274 28663693325
197 8471 19094392906
199 199 1414447119149
199 398 353611779787
199 597 235741186524
199 796 176805889893
199 995 141444711914
199 1194 78580395508
199 1393 101031937082
199 1592 88402944946
199 1791 78580395508
199 1990 47148237304
199 2189 64293050870
199 2388 46711895236
199 2587 54401812274
199 2786 41229567442
199 2985 46223517819
199 3184 44201472473
199 3383 41601385857
199 3582 33276100329
199 3781 37222292609
199 3980 23574118652
199 4179 36115010745
199 4378 28852714438
199 4577 49147890753
199 4776 34260314801
199 4975 28288942382
199 5174 40844227990
199 5373 33665696357
199 5572 48852615664
199 5771 35572633417
199 5970 32282263084
199 6169 20247916639
199 6368 45790674108
199 6567 29078704253
199 6766 46557803693
199 6965 28086140868
199 7164 20488939878
199 7363 27574421232
199 7562 29806174429
199 7761 30856827041
199 7960 32392215694
199 8159 20639180409
199 8358 29356968983
211 211 1334004628960
211 422 333501157240
211 633 222334104826
211 844 166750578620
211 1055 133400462896
211 1266 74111368275
211 1477 95286044925
211 1688 83375289310
211 1899 74111368275
211 2110 44466820965
211 2321 60636574043
211 2532 37055684137
211 2743 58922995593
211 2954 31762014975
211 3165 65433630432
211 3376 41687644655
211 3587 41847398294
211 3798 38143049307
211 4009 35105384972
211 4220 22233410482
211 4431 28518251000
211 4642 25436127409
211 4853 29000100629
211 5064 42329204354
211 5275 26680092579
211 5486 17102623448
211 5697 28837949800
211 5908 31111257985
211 6119 44521819211
211 6330 45198384758
211 6541 18570402983
211 6752 24977982702
211 6963 39560607700
211 7174 20422051104
211 7385 15542136134
211 7596 37794909370
211 7807 20411374375
211 8018 27514949244
211 8229 24841008847
211 8440 26705606950
223 223 1262219626505
223 446 315554906626
223 669 210369937750
223 892 157777453313
223 1115 126221962650
223 1338 70123312583
223 1561 90158544750
223 1784 78888726656
223 2007 70123312583
223 2230 42073987550
223 2453 57373619386
223 2676 35061656291
223 2899 48546908711
223 3122 30052848250
223 3345 28049325033
223 3568 39444363328
223 3791 37124106661
223 4014 23374437527
223 4237 33216305960
223 4460 21036993775
223 4683 20035232166
223 4906 19124539795
223 5129 27439557097
223 5352 17530828145
223 5575 25244392530
223 5798 56709799191
223 6021 30368713263
223 6244 15026424125
223 6467 21762407353
223 6690 20053433970
223 6913 20358381072
223 7136 19722181664
223 7359 26738244669
223 7582 18731326942
223 7805 18377764022
223 8028 11687218763
223 8251 17057021979
223 8474 11072101986
227 227 1239977870972
227 454 309994467743
227 681 206662978495
227 908 154997233871
227 1135 123997787097
227 1362 68887659498
227 1589 88569847926
227 1816 77498616935
227 2043 68887659498
227 2270 49347340399
227 2497 56362630498
227 2724 42337912501
227 2951 47691456575
227 3178 44500000554
227 3405 35107318881
227 3632 49445510098
227 3859 69049653990
227 4086 51740040912
227 4313 43327198235
227 4540 42718549697
227 4767 41734440276
227 4994 51554569186
227 5221 41989538947
227 5448 51064171168
227 5675 35646983712
227 5902 23449407273
227 6129 44649310346
227 6356 36780034659
227 6583 41313166170
227 6810 39972317723
227 7037 36967640550
227 7264 39189662033
227 7491 34219881585
227 7718 33324816559
227 7945 34130143261
227 8172 33150238862
227 8399 26171494881
229 229 1229148369915
229 458 307287092478
229 687 204858061652
229 916 153643546239
229 1145 122914836991
229 1374 68286020550
229 1603 87796312136
229 1832 76821773119
229 2061 68286020550
229 2290 40971612330
229 2519 55870380450
229 2748 41564707757
229 2977 51221978680
229 3206 29265437378
229 3435 43320259140
229 3664 38410886559
229 3893 40190064370
229 4122 29844642010
229 4351 32346009734
229 4580 27907503647
229 4809 27404374337
229 5038 40137203836
229 5267 26720616737
229 5496 33077356057
229 5725 28293816139
229 5954 37977307736
229 6183 26800648576
229 6412 45177343051
229 6641 21192213274
229 6870 30111037486
229 7099 29729608460
229 7328 30314940930
229 7557 27250480273
229 7786 33942630840
229 8015 35865813727
229 8244 25695063641
229 8473 18512085106
233 233 1208047110346
233 466 302011777586
233 699 201341185057
233 932 151005888793
233 1165 120804711034
233 1398 67113728352
233 1631 86289079310
233 1864 75502944396
233 2097 86918656989
233 2330 40268237011
233 2563 63042829643
233 2796 63038826946
233 3029 58705166936
233 3262 36155233730
233 3495 42641944845
233 3728 41700467838
233 3961 47318300287
233 4194 52225692136
233 4427 31790713430
233 4660 35235050255
233 4893 60786250079
233 5126 53299403949
233 5359 30439376118
233 5592 46448582220
233 5825 50008520477
233 6058 30827263419
233 6291 26067346431
233 6524 36318949418
233 6757 32615901378
233 6990 35017368711
233 7223 25654920526
233 7456 35011666920
233 7689 33690400642
233 7922 27540446173
233 8155 32740529494
233 8388 23856108979
239 239 1177719567827
239 478 294429891956
239 717 196286594637
239 956 147214945978
239 1195 117771956782
239 1434 65428864879
239 1673 84122826273
239 1912 73607472989
239 2151 65428864879
239 2390 51118307259
239 2629 83361760516
239 2868 47678309867
239 3107 49178695744
239 3346 43782862319
239 3585 26171545951
239 3824 40830769298
239 4063 38665843622
239 4302 50425627842
239 4541 30992620205
239 4780 41924203747
239 5019 34241523944
239 5258 38502305834
239 5497 33473559414
239 5736 24141200189
239 5975 23554391356
239 6214 37846830216
239 6453 40439332482
239 6692 38755545365
239 6931 40307667774
239 7170 39935252554
239 7409 38592575704
239 7648 36724149476
239 7887 11896157250
239 8126 35858138022
239 8365 33595361567
241 241 1167945961455
241 482 291986490363
241 723 194657660242
241 964 145993245181
241 1205 116794596145
241 1446 64885886747
241 1687 93466889959
241 1928 72996622590
241 2169 73087274693
241 2410 38931532048
241 2651 64663627790
241 2892 55593293367
241 3133 72106336334
241 3374 27808237177
241 3615 33738338669
241 3856 48007438084
241 4097 38047455454
241 4338 60044254421
241 4579 53601456252
241 4820 56764258634
241 5061 41668441679
241 5302 48086304961
241 5543 48729553128
241 5784 48486717038
241 6025 42669669349
241 6266 43446996632
241 6507 39411163685
241 6748 42221591207
241 6989 41349996949
241 7230 33666505225
241 7471 22435882800
241 7712 32955782324
241 7953 33172928298
241 8194 25163316367
241 8435 32194998319
251 251 1121414249843
251 502 280353562460
251 753 186902374973
251 1004 140176781230
251 1255 112141424984
251 1506 62300791657
251 1757 80101017845
251 2008 70088390615
251 2259 62300791657
251 2510 37380474994
251 2761 50973374992
251 3012 31150395828
251 3263 43131317301
251 3514 26700339281
251 3765 24920316663
251 4016 35044195307
251 4267 32982772054
251 4518 28208419226
251 4769 29510901311
251 5020 26131726171
251 5271 17800226187
251 5522 16991124997
251 5773 24378570648
251 6024 54691556825
251 6275 22428284996
251 6526 14377105767
251 6777 24290362690
251 7028 20791658314
251 7279 19334728445
251 7530 9345118748
251 7781 21610758748
251 8032 17522097653
251 8283 18374280941
257 257 1095233372415
257 514 273808343103
257 771 182538895402
257 1028 136904171551
257 1285 109523337241
257 1542 60846298467
257 1799 78230955172
257 2056 68452085775
257 2313 60846298467
257 2570 36507779080
257 2827 86396301209
257 3084 30423149233
257 3341 42124360477
257 3598 26076985057
257 3855 31799905091
257 4112 38158482362
257 4369 32212746247
257 4626 20282099489
257 4883 28821930853
257 5140 26215539334
257 5397 17384656705
257 5654 32420973780
257 5911 23809421139
257 6168 22672960320
257 6425 25885492345
257 6682 14041453492
257 6939 24214538964
257 7196 27663438000
257 7453 46674281602
257 7710 21069419461
257 7967 17665054393
257 8224 37707654895
257 8481 25687908829
263 263 1070247059736
263 526 267561764934
263 789 178374509956
263 1052 133780882467
263 1315 107024705973
263 1578 59458169985
263 1841 76446218552
263 2104 66890441233
263 2367 59458169985
263 2630 43568984743
263 2893 63607806874
263 3156 37623167744
263 3419 75593049359
263 3682 33376155602
263 3945 31778622884
263 4208 66388436835
263 4471 35677192856
263 4734 19819389995
263 4997 32162073753
263 5260 47757877495
263 5523 33011200985
263 5786 50221118824
263 6049 53262669911
263 6312 36884219742
263 6575 25217179245
263 6838 36144114822
263 7101 23817067440
263 7364 36862765514
263 7627 22264773563
263 7890 29646316011
263 8153 17446448159
263 8416 16722610308
269 269 1046375378106
269 538 261593844526
269 807 174395896351
269 1076 130796922263
269 1345 104637537810
269 1614 58131965450
269 1883 74741098436
269 2152 65398461131
269 2421 58131965450
269 2690 34879179270
269 2959 47562517186
269 3228 29065982725
269 3497 40245206850
269 3766 24913699478
269 4035 30273058514
269 4304 32699230565
269 4573 30775746414
269 4842 26319009012
269 5111 27536194160
269 5380 24486453911
269 5649 56212901101
269 5918 22901036671
269 6187 22747290828
269 6456 21553263696
269 6725 20927507562
269 6994 20356756146
269 7263 19377321816
269 7532 19398536935
269 7801 21564386932
269 8070 8719794817
269 8339 20387158394
271 271 1038653050592
271 542 259663262648
271 813 173108841765
271 1084 129831631324
271 1355 103865305059
271 1626 57702947255
271 1897 74189503613
271 2168 64915815662
271 2439 57702947255
271 2710 42174023435
271 2981 47211502299
271 3252 35871745961
271 3523 39948194253
271 3794 31671521733
271 4065 30473386196
271 4336 32457907831
271 4607 30548619135
271 4878 25886421241
271 5149 34619238723
271 5420 24331156510
271 5691 16486556358
271 5962 22389272923
271 6233 25905466888
271 6504 21367424009
271 6775 45219728674
271 7046 20257751947
271 7317 22930419398
271 7588 19306604464
271 7859 41887048780
271 8130 29961982946
271 8401 16752468557
277 277 1016155150579
277 554 254038787644
277 831 169359191763
277 1108 127019393822
277 1385 101615515057
277 1662 79681938309
277 1939 79975042267
277 2216 69898786889
277 2493 56453063921
277 2770 64978173486
277 3047 46188870480
277 3324 48587750648
277 3601 54917441172
277 3878 72163066556
277 4155 44414860076
277 4432 63632752287
277 4709 41929947593
277 4986 18817687973
277 5263 41929872824
277 5540 40293542460
277 5817 38497548590
277 6094 41344367550
277 6371 25982321345
277 6648 36989050126
277 6925 41488861296
277 7202 27168238827
277 7479 39440216077
277 7756 34131664871
277 8033 34089441496
277 8310 29092180266
281 281 1001690308578
281 562 250422577144
281 843 166948384763
281 1124 125211288572
281 1405 100169030857
281 1686 55649461587
281 1967 71549307755
281 2248 62605644286
281 2529 59360310328
281 2810 40972715684
281 3091 49322897028
281 3372 50835532287
281 3653 46321102335
281 3934 36393524299
281 4215 27220500951
281 4496 31302822143
281 4777 45231775375
281 5058 52960540770
281 5339 33411725025
281 5620 48235429898
281 5901 23321543649
281 6182 29280033381
281 6463 48672097952
281 6744 40855441763
281 7025 29565618076
281 7306 39270189873
281 7587 33616281100
281 7868 35662671321
281 8149 34375587491
281 8430 30317260915
283 283 994611225125
283 566 248652806281
283 849 165768537520
283 1132 124326403140
283 1415 99461122512
283 1698 55256179173
283 1981 71043658937
283 2264 63560519356
283 2547 55256179173
283 2830 41422028254
283 3113 45209601142
283 3396 79088170508
283 3679 53439699772
283 3962 71767662262
283 4245 29726947771
283 4528 35215761160
283 4811 29253271327
283 5094 28837838065
283 5377 27571297394
283 5660 49144915638
283 5943 46089268009
283 6226 22694343149
283 6509 21621983154
283 6792 36320009609
283 7075 41045720450
283 7358 35257869620
283 7641 22230964442
283 7924 34750190774
283 8207 28158321208
283 8490 30734177451
293 293 960665449524
293 586 240166362381
293 879 160110908254
293 1172 120083181190
293 1465 96066544952
293 1758 53370302751
293 2051 68618960680
293 2344 60041590595
293 2637 53370302751
293 2930 32022181650
293 3223 43666611342
293 3516 58748764149
293 3809 36948671135
293 4102 38537821317
293 4395 69919464154
293 4688 30020795297
293 4981 36087283374
293 5274 45972077410
293 5567 45338385313
293 5860 49134326117
293 6153 36912685834
293 6446 28790681336
293 6739 34731676485
293 7032 27577719909
293 7325 26330881101
293 7618 12316223711
293 7911 33338751782
293 8204 24191735184
307 307 916856601663
307 614 229214150415
307 921 152809433610
307 1228 114607075207
307 1535 91685660166
307 1842 50936477870
307 2149 65489757261
307 2456 57303537603
307 2763 50936477870
307 3070 61691236758
307 3377 57239975093
307 3684 69442400909
307 3991 45930386765
307 4298 43992785619
307 4605 55810189918
307 4912 53287800601
307 5219 59601258582
307 5526 46250233874
307 5833 34872222352
307 6140 50610237593
307 6447 36716145923
307 6754 35086845329
307 7061 33812025310
307 7368 27830721081
307 7675 29578396139
307 7982 41712166618
307 8289 31150207912
311 311 905064233796
311 622 226266058449
311 933 150844038966
311 1244 113133029224
311 1555 90506423379
311 1866 50281346322
311 2177 64647445271
311 2488 56566514612
311 2799 50281346322
311 3110 37751846525
311 3421 41139283354
311 3732 32723711893
311 4043 34810162838
311 4354 36573675829
311 4665 59405831062
311 4976 35545319223
311 5287 56515342431
311 5598 23843083934
311 5909 27538224173
311 6220 15084403896
311 6531 21448734109
311 6842 20365199941
311 7153 23216627010
311 7464 19222442070
311 7775 34832022823
311 8086 37443683859
311 8397 16760448774
313 313 899281075752
313 626 224820268938
313 939 149880179292
313 1252 112410134469
313 1565 89928107575
313 1878 49960059764
313 2191 64234362553
313 2504 56205067234
313 2817 53670908505
313 3130 44480368500
313 3443 51968485985
313 3756 24980029882
313 4069 38520173157
313 4382 36794801460
313 4695 62274157641
313 5008 38982415212
313 5321 49608875498
313 5634 44772174968
313 5947 38086490642
313 6260 46385008713
313 6573 35567847155
313 6886 38000623472
313 7199 31871161769
313 7512 33611311045
313 7825 37825631489
313 8138 26240230661
313 8451 27598425432
317 317 887933680475
317 634 221983420118
317 951 147988946745
317 1268 110991710059
317 1585 88793368047
317 1902 84217004579
317 2219 100881558486
317 2536 89177451655
317 2853 74145771744
317 3170 66482472923
317 3487 81639331284
317 3804 47505672623
317 4121 34151295402
317 4438 51364827828
317 4755 60596057157
317 5072 42764669053
317 5389 39360348129
317 5706 45943659495
317 6023 39582834399
317 6340 42990714675
317 6657 40583488694
317 6974 39063810201
317 7291 33172168573
317 7608 37810754525
317 7925 34303121520
317 8242 31694834327
331 331 850377573143
331 662 212594393285
331 993 141729595523
331 1324 106297196642
331 1655 85037757314
331 1986 62309163283
331 2317 60741255224
331 2648 53148598321
331 2979 95180339009
331 3310 43838627530
331 3641 75495257838
331 3972 38687564029
331 4303 63678486799
331 4634 58900827955
331 4965 55026870157
331 5296 29900351905
331 5627 47265906488
331 5958 45876476099
331 6289 39071606885
331 6620 41271361848
331 6951 43161041658
331 7282 34602578949
331 7613 30609148894
331 7944 36168411228
331 8275 31986409630
337 337 835237319616
337 674 208809329904
337 1011 139206219936
337 1348 104404664952
337 1685 83523731961
337 2022 85148899488
337 2359 87006981930
337 2696 75828761525
337 3033 73279874804
337 3370 88356808519
337 3707 37965332709
337 4044 54265095944
337 4381 62665135558
337 4718 58392150810
337 5055 25607693600
337 5392 48623592183
337 5729 32091952921
337 6066 37407153728
337 6403 49769876410
337 6740 36103831495
337 7077 45945028628
337 7414 34594906861
337 7751 29757342984
337 8088 32343284166
337 8425 31307209263
347 347 811167079857
347 694 202791769964
347 1041 135194513309
347 1388 101395884982
347 1735 81116707985
347 2082 52147472929
347 2429 57940505704
347 2776 65786797167
347 3123 45064837769
347 3470 41953613437
347 3817 55736213119
347 4164 69431730530
347 4511 66358451559
347 4858 54619342533
347 5205 25987584901
347 5552 29329796142
347 5899 45373016429
347 6246 30065897543
347 6593 36794421034
347 6940 28154341572
347 7287 34873013870
347 7634 26565741485
347 7981 25391019391
347 8328 25539392055
349 349 806518557910
349 698 201629639477
349 1047 134419759651
349 1396 100814819738
349 1745 80651855791
349 2094 55520266178
349 2443 61304572069
349 2792 50407409869
349 3141 44806586550
349 3490 78760468250
349 3839 61615362885
349 4188 65053355221
349 4537 48634126767
349 4886 34556679895
349 5235 56210844654
349 5584 28914553675
349 5933 28793252620
349 6282 42687991874
349 6631 46270892526
349 6980 28825323241
349 7329 36765461371
349 7678 39408391281
349 8027 27228681666
349 8376 31170125691
353 353 797379537423
353 706 199344884355
353 1059 132896589570
353 1412 99672442177
353 1765 79737953742
353 2118 51853107084
353 2471 80553824575
353 2824 99665958126
353 3177 48231302665
353 3530 77396566416
353 3883 44447143973
353 4236 66945614104
353 4589 53582455670
353 4942 53891281665
353 5295 40377305974
353 5648 52998112327
353 6001 42621798745
353 6354 37113413372
353 6707 36008184963
353 7060 29694898047
353 7413 34476081730
353 7766 26711411150
353 8119 30196975656
353 8472 33307036501
359 359 784052859918
359 718 196013214979
359 1077 130675476653
359 1436 98006607489
359 1795 78405285991
359 2154 43558492217
359 2513 56003775708
359 2872 49003303744
359 3231 43558492217
359 3590 26135095330
359 3949 46558639371
359 4308 29331501190
359 4667 33932006768
359 5026 40507671260
359 5385 55869960353
359 5744 31534326461
359 6103 49795923668
359 6462 36137101665
359 6821 20632969997
359 7180 34907293689
359 7539 12445283490
359 7898 25944937964
359 8257 24061910153
367 367 766961789402
367 734 191740447350
367 1101 127826964900
367 1468 95870223675
367 1835 76696178940
367 2202 42608988300
367 2569 73969961295
367 2936 51476429417
367 3303 86848295239
367 3670 46382768790
367 4037 42634243781
367 4404 37420506160
367 4771 29498530361
367 5138 59252403569
367 5505 49599747836
367 5872 45667427173
367 6239 30330043951
367 6606 35020371910
367 6973 36505846026
367 7340 35055491056
367 7707 35372643827
367 8074 31237911000
367 8441 28865335674
373 373 754624602441
373 746 188656150610
373 1119 125770767073
373 1492 102086022149
373 1865 82936217299
373 2238 57184568562
373 2611 109622565383
373 2984 50874886393
373 3357 86027923863
373 3730 59297073010
373 4103 63135573035
373 4476 49866452030
373 4849 29024023170
373 5222 44843005941
373 5595 16769435609
373 5968 42345205875
373 6341 40851423887
373 6714 35597676720
373 7087 35446754326
373 7460 27524590817
373 7833 32589626738
373 8206 30762720917
379 379 742678038814
379 758 185669509703
379 1137 123779673135
379 1516 92834754851
379 1895 74267803881
379 2274 41259891045
379 2653 53048431343
379 3032 46417377425
379 3411 41259891045
379 3790 31838569787
379 4169 47595294725
379 4548 20629945522
379 4927 42401742006
379 5306 17682810447
379 5685 16503956418
379 6064 23208688712
379 6443 21843471729
379 6822 13753297015
379 7201 44899220663
379 7580 12377967313
379 7959 18871175458
379 8338 38091118306
383 383 734921610210
383 766 183730402552
383 1149 122486935035
383 1532 91865201276
383 1915 73492161021
383 2298 48270467019
383 2681 52494400729
383 3064 49653344975
383 3447 51901385303
383 3830 38933476467
383 4213 71042030091
383 4596 28123213628
383 4979 32120578005
383 5362 56333929424
383 5745 16331591338
383 6128 30184345049
383 6511 21615341476
383 6894 21051148122
383 7277 23194404601
383 7660 19690182177
383 8043 26101511844
383 8426 11135175912
389 389 723586058382
389 778 180896514595
389 1167 120597676397
389 1556 90448257297
389 1945 72358605838
389 2334 55300157215
389 2723 103994884929
389 3112 75978153082
389 3501 70953249899
389 3890 24119535279
389 4279 65629514184
389 4668 67991905972
389 5057 35380698889
389 5446 44577167927
389 5835 43745135790
389 6224 44804397921
389 6613 34956407114
389 7002 32820947953
389 7391 39724055611
389 7780 19451974933
389 8169 33527085265
397 397 709004979120
397 794 177251244780
397 1191 118167496520
397 1588 88625622390
397 1985 70900497912
397 2382 53988284864
397 2779 54363957131
397 3176 44312811195
397 3573 39389165506
397 3970 58583494896
397 4367 35948243387
397 4764 54644578345
397 5161 58822006662
397 5558 16881070931
397 5955 37796274234
397 6352 22156405597
397 6749 28152647300
397 7146 46948198955
397 7543 22378770103
397 7940 37393469716
397 8337 31661628068
401 401 701932610251
401 802 175483152562
401 1203 116988768375
401 1604 87741576281
401 2005 112861879640
401 2406 106240216609
401 2807 96123904585
401 3208 43870788140
401 3609 76148883451
401 4010 67233778845
401 4411 58391102585
401 4812 53922382158
401 5213 52359429941
401 5614 59316675882
401 6015 50046251344
401 6416 47720505320
401 6817 37605210309
401 7218 34876797531
401 7619 32302224563
401 8020 39861686311
401 8421 38443942276
409 409 688202877043
409 818 172050719260
409 1227 114700479507
409 1636 86025359630
409 2045 68820287704
409 2454 91019069271
409 2863 101277007073
409 3272 46737150206
409 3681 67147953691
409 4090 63607180469
409 4499 59923202424
409 4908 26565687366
409 5317 30193811815
409 5726 23834723568
409 6135 29128054875
409 6544 39771883175
409 6953 43179110079
409 7362 33305163627
409 7771 31146733443
409 8180 40990864188
419 419 671777987376
419 838 167944496844
419 1257 186432197897
419 1676 138855389996
419 2095 126581452851
419 2514 102795593832
419 2933 72299421072
419 3352 83335242514
419 3771 74046929960
419 4190 57838880498
419 4609 63457163946
419 5028 55046184906
419 5447 49579378181
419 5866 50930152541
419 6285 44146928973
419 6704 42597820781
419 7123 42701716383
419 7542 35141430427
419 7961 39408395843
419 8380 30894578125
421 421 668586643018
421 842 167146660754
421 1263 111431107169
421 1684 91095542595
421 2105 74370928004
421 2526 44852426845
421 2947 59132763233
421 3368 65666348042
421 3789 37143702389
421 4210 58523600887
421 4631 37902565658
421 5052 52827089310
421 5473 55041279754
421 5894 51867130515
421 6315 41789041751
421 6736 28405596297
421 7157 19664313029
421 7578 40880991153
421 7999 29541157980
421 8420 38826385718
431 431 653074191904
431 862 163268547976
431 1293 112657936701
431 1724 89836893533
431 2155 65307419190
431 2586 74810133782
431 3017 92637847308
431 3448 76233588177
431 3879 73246711894
431 4310 66367694753
431 4741 57667224706
431 5172 53445508653
431 5603 53027095888
431 6034 37672380663
431 6465 36930117670
431 6896 40018902705
431 7327 34684359046
431 7758 33819737422
431 8189 38976808396
433 433 650057682934
433 866 162514420733
433 1299 108342947155
433 1732 81257210366
433 2165 65005768293
433 2598 36114315718
433 3031 50153435975
433 3464 79534680443
433 3897 72806357900
433 4330 70197912655
433 4763 29548076497
433 5196 46938572065
433 5629 47320935356
433 6062 44358978085
433 6495 14445726287
433 6928 39446978856
433 7361 42043599631
433 7794 19479593913
433 8227 30006720298
439 439 641173067678
439 878 160293266919
439 1317 106862177946
439 1756 80146633459
439 2195 64117306767
439 2634 35620725982
439 3073 57743432458
439 3512 54800650707
439 3951 35620725982
439 4390 43118379089
439 4829 60430508351
439 5268 48897088442
439 5707 47578332212
439 6146 15266025420
439 6585 41085158011
439 7024 23891020592
439 7463 41701546581
439 7902 39404836576
439 8341 37395057992
443 443 635383694606
443 886 158845923651
443 1329 204176181445
443 1772 153363231100
443 2215 107721315428
443 2658 104689421312
443 3101 91590974997
443 3544 58186168382
443 3987 69520052346
443 4430 55502852618
443 4873 59365663192
443 5316 51191830308
443 5759 50780500740
443 6202 41564711282
443 6645 44475073845
443 7088 39284780057
443 7531 32519726671
443 7974 33822882014
443 8417 38165305892
449 449 626893043899
449 898 156723260974
449 1347 104482173983
449 1796 78361630487
449 2245 62689304389
449 2694 70521030319
449 3143 87867827241
449 3592 79626300199
449 4041 71334936629
449 4490 35338404612
449 4939 53247865888
449 5388 53052147612
449 5837 45548835169
449 6286 35235135978
449 6735 35204158301
449 7184 37612355894
449 7633 18438030702
449 8082 11609130442
457 457 615918986237
457 914 153979746559
457 1371 110370369014
457 1828 76989873279
457 2285 95854742311
457 2742 34217721457
457 3199 59818119795
457 3656 67155458538
457 4113 72884736841
457 4570 54740905913
457 5027 60244347659
457 5484 57306060304
457 5941 41960153408
457 6398 46645052823
457 6855 35463176093
457 7312 36901479909
457 7769 28836996854
457 8226 31767592156
461 461 610574786791
461 922 152643696697
461 1383 101762464465
461 1844 76321848348
461 2305 61057478679
461 2766 40941093822
461 3227 43612484770
461 3688 79512794750
461 4149 37430957655
461 4610 27372765227
461 5071 58333071891
461 5532 16960410744
461 5993 23483645645
461 6454 14537494923
461 6915 20588600929
461 7376 22590598254
461 7837 17958081964
461 8298 11306940496
463 463 607937314709
463 926 151984328677
463 1389 101322885784
463 1852 75992164338
463 2315 60793731470
463 2778 33774295261
463 3241 43424093907
463 3704 37996082169
463 4167 33774295261
463 4630 20264577156
463 5093 27633514304
463 5556 16887147630
463 6019 23382204411
463 6482 14474697969
463 6945 13509718104
463 7408 41729230480
463 7871 17880509256
463 8334 36532756188
467 467 602730142849
467 934 150682535712
467 1401 100455023808
467 1868 86915875278
467 2335 60273014284
467 2802 76110341336
467 3269 88397949587
467 3736 37670633928
467 4203 54797674636
467 4670 41456143553
467 5137 49654001492
467 5604 49107044600
467 6071 44555789953
467 6538 35715856478
467 7005 38314150442
467 7472 30409924386
467 7939 38779276037
467 8406 38138343877
479 479 587630431546
479 958 146907607886
479 1437 97938405257
479 1916 73453803943
479 2395 62897203529
479 2874 63880452059
479 3353 61061604338
479 3832 73925904272
479 4311 43724462021
479 4790 48686022119
479 5269 49932636621
479 5748 52476674975
479 6227 26735330819
479 6706 36147854623
479 7185 28268461980
479 7664 38469205292
479 8143 21417408361
487 487 577977364908
487 974 144494341227
487 1461 108443726673
487 1948 79298624360
487 2435 57797736490
487 2922 96626151573
487 3409 41284097493
487 3896 72667274492
487 4383 32109853606
487 4870 58049170044
487 5357 26271698404
487 5844 30157834297
487 6331 42633884178
487 6818 38020110040
487 7305 38794453226
487 7792 37143233590
487 8279 31230393546
491 491 573268791671
491 982 143317197917
491 1473 95544798611
491 1964 71658598958
491 2455 57326879167
491 2946 31848266203
491 3437 40947770833
491 3928 35829299479
491 4419 31848266203
491 4910 19108959722
491 5401 56166656110
491 5892 15924133101
491 6383 22048799679
491 6874 13649256944
491 7365 12739306481
491 7856 17914649739
491 8347 36611103241
499 499 564078109640
499 998 141019527410
499 1497 94013018273
499 1996 70509763705
499 2495 78106879842
499 2994 37989778247
499 3493 82932381183
499 3992 53783906488
499 4491 46540644648
499 4990 53845776580
499 5489 46926514924
499 5988 54992699907
499 6487 45597690779
499 6986 47073246178
499 7485 34778174625
499 7984 32830412817
499 8483 27246419750
503 503 559592399027
503 1006 139898099756
503 1509 93265399837
503 2012 73275102623
503 2515 55959239902
503 3018 31088466612
503 3521 46951865409
503 4024 38300577684
503 4527 65102278133
503 5030 57989746689
503 5533 35743050647
503 6036 22196338796
503 6539 45045480166
503 7042 45586973440
503 7545 19087492135
503 8048 27794294979
509 509 552996024971
509 1018 138249006242
509 1527 92166004161
509 2036 69124503121
509 2545 55299602497
509 3054 37663688583
509 3563 39499716069
509 4072 34562251560
509 4581 34192844985
509 5090 18433200832
509 5599 25136182953
509 6108 22302687889
509 6617 47594173399
509 7126 45035158129
509 7635 44357715584
509 8144 36541471578
521 521 540259072381
521 1042 138574904262
521 1563 90043178730
521 2084 71323903413
521 2605 54025907238
521 3126 98506155143
521 3647 38589933741
521 4168 71479878711
521 4689 30014392910
521 5210 25591674478
521 5731 31858886095
521 6252 22590235187
521 6773 20779195091
521 7294 27466622313
521 7815 37938934888
521 8336 24184751544
523 523 538193072104
523 1046 134548268026
523 1569 89698845350
523 2092 133744762218
523 2615 107847572035
523 3138 89121399169
523 3661 75870305164
523 4184 33637067006
523 4707 48007530422
523 5230 54752300082
523 5753 42571236765
523 6276 47280916110
523 6799 38677690019
523 7322 46409376306
523 7845 33856491490
523 8368 34637835217
541 541 520286463420
541 1082 130071615855
541 1623 172808544226
541 2164 129896005043
541 2705 52028646342
541 3246 87255640213
541 3787 40939446356
541 4328 32517903963
541 4869 32680931064
541 5410 51911331341
541 5951 23649384700
541 6492 44006284269
541 7033 42757599044
541 7574 19940028020
541 8115 34531938255
547 547 514579482103
547 1094 128644870525
547 1641 85763247017
547 2188 64322435262
547 2735 102896039120
547 3282 86454188157
547 3829 40265813460
547 4376 65990945730
547 4923 32097885172
547 5470 50789128488
547 6017 23389976459
547 6564 21314146836
547 7111 19791518542
547 7658 19272164765
547 8205 34614946177
557 557 505341071293
557 1114 126335267823
557 1671 168177445675
557 2228 126802815921
557 2785 50534107129
557 3342 83712877304
557 3899 36095790806
557 4456 31583816955
557 5013 28074503960
557 5570 50588457617
557 6127 22970048695
557 6684 41832458290
557 7241 19436195049
557 7798 45188200408
557 8355 33108494447
563 563 499955553660
563 1126 209629151016
563 1689 137135387904
563 2252 119414896750
563 2815 49995555366
563 3378 89541108646
563 3941 35711110975
563 4504 64274857160
563 5067 56971816176
563 5630 44094870400
563 6193 48979873973
563 6756 34257844686
563 7319 40523614590
563 7882 11903703658
563 8445 38025294322
569 569 494683614605
569 1138 123670903651
569 1707 82447269100
569 2276 123710556682
569 2845 68067385289
569 3414 81745093861
569 3983 53933567729
569 4552 30917725912
569 5121 46081446862
569 5690 16489453820
569 6259 22485618845
569 6828 41367828432
569 7397 43016858967
569 7966 38002162123
571 571 492950922435
571 1142 123237730608
571 1713 85879231409
571 2284 65473227532
571 2855 49295092243
571 3426 87435838879
571 3997 42785886738
571 4568 64555015250
571 5139 27386162357
571 5710 16431697414
571 6281 22406860110
571 6852 21401805634
571 7423 26534757427
571 7994 11736926724
577 577 487824916309
577 1154 121956229077
577 1731 81304152718
577 2308 60978114538
577 2885 95488966856
577 3462 27101384239
577 4039 34844636879
577 4616 63620207391
577 5193 57210368001
577 5770 55949867804
577 6347 48759411456
577 6924 39180195407
577 7501 41423688949
577 8078 27677708805
587 587 479514440733
587 1174 123770602168
587 1761 79919073455
587 2348 63265357836
587 2935 100689080520
587 3522 34423675121
587 4109 34251031480
587 4696 29969652545
587 5283 30531683136
587 5870 55158648953
587 6457 48647973963
587 7044 45900751499
587 7631 21768915850
587 8218 25853099953
593 593 474662692598
593 1186 118665673149
593 1779 79110448766
593 2372 66734964726
593 2965 47466269259
593 3558 39378879800
593 4151 47810971300
593 4744 43572911545
593 5337 53595039962
593 5930 56397518873
593 6523 47816902499
593 7116 26193805006
593 7709 18256257407
593 8302 38013546426
599 599 469908141420
599 1198 117477035355
599 1797 89598408146
599 2396 73543928902
599 2995 73076609943
599 3594 55716830306
599 4193 72166377033
599 4792 59905990927
599 5391 56187840803
599 5990 54329087163
599 6589 21359460973
599 7188 35613773080
599 7787 18073390054
599 8386 11188289081
601 601 468344387205
601 1202 117086096801
601 1803 78057397867
601 2404 94979867601
601 3005 46834438720
601 3606 82450317734
601 4207 33453170514
601 4808 57289890957
601 5409 54665052509
601 6010 54857860045
601 6611 21288381236
601 7212 19231546809
601 7813 39397103631
601 8414 28601308422
607 607 463714953394
607 1214 231482243321
607 1821 154922436176
607 2428 116055280728
607 3035 92773194411
607 3642 76703270719
607 4249 66207044691
607 4856 57851460557
607 5463 51090833809
607 6070 46395048822
607 6677 42680157708
607 7284 38843287647
607 7891 35471154154
613 613 459176144715
613 1226 114794036178
613 1839 76529357452
613 2452 57397018089
613 3065 45917614471
613 3678 25509785817
613 4291 32798296051
613 4904 58807492806
613 5517 25509785817
613 6130 15305871490
613 6743 20871642941
613 7356 12754892908
613 7969 17660620950
617 617 456199313955
617 1234 114049828488
617 1851 76033218992
617 2468 57024914244
617 3085 45619931395
617 3702 25344406330
617 4319 70325458836
617 4936 28512457122
617 5553 25344406330
617 6170 15206643798
617 6787 20736332452
617 7404 12672203165
617 8021 40277316855
619 619 454725325865
619 1238 113681331466
619 1857 125114757835
619 2476 92113995131
619 3095 91881891891
619 3714 79201775495
619 4333 61847789182
619 4952 28420332866
619 5571 52232146799
619 6190 47026096968
619 6809 38638950144
619 7428 35400111061
619 8047 17489435610
631 631 446077617608
631 1262 111519404402
631 1893 74346269601
631 2524 55759702201
631 3155 51443950672
631 3786 78769168241
631 4417 66347187223
631 5048 57988834862
631 5679 24782089867
631 6310 28541631744
631 6941 27112444257
631 7572 26063422757
631 8203 23993020358
641 641 439118528409
641 1282 223747259495
641 1923 146240950289
641 2564 109727397089
641 3205 89976942240
641 3846 73091300304
641 4487 65713499465
641 5128 57553891787
641 5769 42577709776
641 6410 46078805818
641 7051 38142169085
641 7692 36318456668
641 8333 36346899360
643 643 437752685397
643 1286 109438171349
643 1929 72958780899
643 2572 54719085674
643 3215 88637275282
643 3858 24319593633
643 4501 64887168885
643 5144 27359542837
643 5787 24319593633
643 6430 14591756179
643 7073 19897849336
643 7716 12159796816
647 647 435046331855
647 1294 217217399840
647 1941 145146158774
647 2588 109028679284
647 3235 43504633185
647 3882 73189388854
647 4529 31074737989
647 5176 57299379502
647 5823 24169240658
647 6470 14501544395
647 7117 42506022662
647 7764 36187519799
647 8411 36137687876
653 653 431048968929
653 1306 107762242232
653 1959 71841494821
653 2612 107539703037
653 3265 43104896892
653 3918 71047791415
653 4571 64408331995
653 5224 57049544320
653 5877 23947164940
653 6530 46236885070
653 7183 19593134951
653 7836 35516009872
653 8489 16578806497
659 1318 213183961105
659 1977 142146521780
659 2636 106994662956
659 3295 42712439561
659 3954 71011493945
659 4613 30508885401
659 5272 56804258487
659 6590 14237479853
659 7249 19414745255
659 7908 35644596275
661 661 425832037383
661 1322 213086989654
661 1983 142412385425
661 2644 106139327793
661 3305 87445210481
661 3966 71398686778
661 5288 26614502336
661 5949 23657335410
661 6610 14194401246
661 7271 42087191095
661 7932 35875406270
673 673 418239192735
673 1346 104559798183
673 2019 69706532122
673 2692 52279899091
673 3365 86685926016
673 4038 23235510707
673 4711 63493347981
673 5384 26139949545
673 6057 49490132241
673 6730 45809892530
673 7403 19010872397
673 8076 11617755353
677 677 415768060133
677 1354 103942015033
677 2031 69294676688
677 2708 51971007516
677 3385 41576806013
677 4062 23098225562
677 4739 63787527239
677 5416 55750261459
677 6093 23098225562
677 7447 18898548187
677 8124 11549112781
683 1366 206177026514
683 2049 137217200170
683 2732 103125321355
683 4098 68534309432
683 4781 29436830862
683 5464 25757227005
683 7513 18732528730
683 8196 34748034289
691 691 407344394660
691 1382 106013581080
691 2073 135736094048
691 2764 101505088718
691 3455 44911921881
691 4146 30985208977
691 4837 33273510605
691 5528 25459024666
691 6219 48855766507
691 6910 45523983274
691 7601 41901615850
691 8292 33920548126
701 701 401533490314
701 1402 200858024480
701 2103 133362586124
701 2804 100569392277
701 3505 40153349031
701 4206 67381591412
701 4907 58789947355
701 6309 48850843575
701 7711 18251522287
701 8412 33435846173
709 4254 22055710445
709 4963 28357342001
709 6381 22055710445
709 7799 18045581273
719 719 391481191530
719 1438 97870297882
719 2157 65246865255
719 3595 39148119153
719 4314 35814304263
719 5033 34995616841
719 5752 24467574470
719 6471 44481038197
719 7190 27114722229
719 7909 37200629982
727 727 387173282958
727 2181 64528880493
727 2908 48396660369
727 3635 38717328295
727 4362 66972005623
727 5816 24198330184
727 6543 21509626831
727 7270 44774362204
727 7997 36859131387
733 733 384004060996
733 1466 96001015249
733 2199 64000676832
733 2932 48000507624
733 3665 79721095262
733 4398 21333558944
733 5131 27428861499
733 5864 24000253812
733 6597 44064748340
733 7330 12800135366
733 8063 36715075843
739 739 380886301367
739 2956 47610787670
739 3695 38088630136
739 4434 21160350075
739 5173 27206164383
743 2972 47354471182
743 3715 37883576946
743 4458 21046431636
743 5201 27059697818
743 5944 23677235591
751 751 374800235300
751 1502 187267498800
751 2253 124641261808
751 3004 46850029412
751 4506 62165548634
751 6008 23425014706
751 6759 20822235294
751 7510 12493341176
757 757 371829559723
757 1514 92957389930
757 2271 126218918663
757 3785 37182955972
757 4542 20657197762
757 5299 56668238027
757 6056 23239347482
757 6813 20657197762
757 7570 46089837739
761 761 369875133653
761 1522 92468783413
761 2283 61645855608
761 3044 46234391706
761 3805 36987513365
761 4566 20548618536
761 5327 26419652403
761 6088 23117195853
761 6849 43279807932
761 7610 44490288464
769 769 366027277907
769 1538 185884469585
769 2307 61004546317
769 3845 73942592056
769 4614 65797227564
769 5383 26144805564
769 6152 22876704869
769 6921 20334848772
769 7690 44943751151
769 8459 16637603541
773 773 364133216960
773 1546 91033304240
773 2319 60688869493
773 3865 36413321696
773 4638 20229623164
773 5411 26009515497
773 6957 20229623164
787 787 357655624791
787 1574 178697509269
787 2361 119070866394
787 3148 44706953098
787 3935 35765562479
787 4722 59881575277
787 6296 22353476549
787 7083 19869756932
809 809 347929513857
809 2427 57988252309
809 3236 43491189232
809 4045 34792951385
809 5663 24852108132
811 811 347071487929
811 1622 86767871982
811 2433 117958412989
811 3244 43383935991
811 4055 72047013058
811 4866 19281749329
811 5677 51045442100
811 6488 21691967995
811 7299 19281749329
811 8110 11569049597
821 821 342844064202
821 1642 171135631178
821 2463 114042502557
821 3284 42855508025
821 4926 56379597237
821 5747 24488861728
821 6568 21427754012
821 7389 19046892455
823 823 342010907303
823 1646 170860161618
823 2469 114033208726
823 3292 42751363412
823 4115 34201090730
823 4938 57211527151
823 6584 21375681706
823 7407 19000605961
823 8230 11400363576
827 3308 42544585355
827 4135 34035668284
827 4962 18908704602
827 5789 24311191631
827 6616 21272292677
827 8270 11345222761
863 863 326158721565
863 2589 54359786927
863 6041 23297051540
863 6904 20384920097
863 7767 18119928975
877 877 320952082908
877 1754 80238020727
877 2631 53492013818
877 4385 32095208290
877 5262 17830671272
877 7016 20059505181
877 7893 17830671272
883 2649 53128534675
883 3532 39846401006
883 4415 31877120805
883 6181 22769372003
883 7064 19923200503
887 3548 39666710359
887 4435 31733368287
887 6209 22666691633
887 7983 17629649048
907 907 310336247751
907 1814 77584061937
907 2721 51722707958
907 3628 38792030968
907 4535 31033624775
907 7256 19396015484
907 8163 17240902652
953 1906 73839185915
953 4765 29535674366
953 5718 16408707981
953 6671 21096910261
953 7624 18459796478
1019 1019 276226669981
1019 2038 69056667495
1019 3057 46037778330
1019 4076 34528333747
1019 5095 27622666998
1019 7133 19730476427
