# A101877 lower-bound certificate: n K F  then lines  p x lambda  (sum over p of lambda <= floor(2^F/x))
9 8497 48
2 2048 137438953472
2 6144 22906492245
2 1024 274877906944
2 3072 45812984491
2 5120 27487790694
2 7168 19634136210
2 512 549755813888
2 1536 91625968981
2 2560 54975581389
2 3584 43154142122
2 4608 61326055484
2 5632 45575086828
2 6656 40505305445
2 7680 35851131112
2 256 1099511627776
2 768 183251937963
2 1280 109951162778
2 1792 78536544841
2 2304 61083979321
2 2816 49977801263
2 3328 42288908761
2 3840 24433591729
2 4352 32338577288
2 4864 28934516520
2 5376 33665322154
2 5888 23902426691
2 6400 32504205235
2 6912 28129653582
2 7424 32147202179
2 7936 19906768543
2 8448 29962585986
2 128 2199023255552
2 384 366503875925
2 640 219902325555
2 896 157073089682
2 1152 122167958642
2 1408 99955602525
2 1664 84577817521
2 1920 48867183458
2 2176 64677154575
2 2432 57869033041
2 2688 34905131041
2 2944 47804853382
2 3200 43980465111
2 3456 40722652881
2 3712 37914194061
2 3968 35468117025
2 4224 25117264092
2 4480 29342642292
2 4736 29716530480
2 4992 28262892592
2 5248 26817356775
2 5504 25570037855
2 5760 23575698484
2 6016 25115027745
2 6272 26064367649
2 6528 26141168682
2 6784 22290169534
2 7040 29337192854
2 7296 27418467271
2 7552 25038706964
2 7808 21316428615
2 8064 28444320556
2 8320 25879718290
2 64 4398046511104
2 192 733007751851
2 320 439804651110
2 448 314146179365
2 576 244335917284
2 704 199911205050
2 832 169155635042
2 960 97734366914
2 1088 129354309150
2 1216 115738066082
2 1344 69810262081
2 1472 95609706763
2 1600 87960930222
2 1728 81445305761
2 1856 75828388122
2 1984 70936234050
2 2112 44424712234
2 2240 41886157249
2 2368 59433060961
2 2496 37590141121
2 2624 53634713550
2 2752 51140075711
2 2880 32578122305
2 3008 46787728842
2 3136 44878025624
2 3264 28745402034
2 3392 41491004822
2 3520 26654827340
2 3648 25719570241
2 3776 37271580603
2 3904 36049561566
2 4032 23270087361
2 4160 22554084672
2 4288 32821242620
2 4416 21246601504
2 4544 25071784440
2 4672 29648182689
2 4800 19546873384
2 4928 19039162387
2 5056 27835737412
2 5184 27148435254
2 5312 26494256091
2 5440 17247241220
2 5568 16850752916
2 5696 19868762069
2 5824 16110060480
2 5952 15763607568
2 6080 15431742144
2 6208 14653524193
2 6336 14808237411
2 6464 7291829510
2 6592 -3919245485
2 6720 10471539312
2 6848 16508173904
2 6976 20174525280
2 7104 14308096941
2 7232 11256177583
2 7360 12087614345
2 7488 12530047040
2 7616 12319458014
2 7744 14074557680
2 7872 5612776475
2 8000 3912269380
2 8128 3911215396
2 8256 14286465409
2 8384 12932637815
2 32 8796093022208
2 96 1466015503701
2 160 879609302221
2 224 628292358729
2 288 488671834567
2 352 399822410100
2 416 338311270085
2 480 195468733828
2 544 258708618300
2 608 231476132163
2 672 139620524162
2 736 191219413526
2 800 175921860444
2 864 162890611522
2 928 151656776245
2 992 141872468100
2 1056 88849424468
2 1120 83772314497
2 1184 118866121922
2 1248 75180282241
2 1312 107269427100
2 1376 102280151421
2 1440 65156244610
2 1504 93575457683
2 1568 89756051247
2 1632 57490804068
2 1696 82982009643
2 1760 53309654680
2 1824 51439140482
2 1888 74543161205
2 1952 72099123133
2 2016 46540174722
2 2080 45108169345
2 2144 65642485240
2 2208 42493203007
2 2272 61944317058
2 2336 60247212481
2 2400 39093746766
2 2464 38078324772
2 2528 55671474824
2 2592 54296870507
2 2656 52988512182
2 2720 34494482440
2 2784 33701505832
2 2848 49416252934
2 2912 32220120961
2 2976 31527215134
2 3040 30863484289
2 3104 45340685681
2 3168 29616474822
2 3232 43545014961
2 3296 42699480690
2 3360 20943078625
2 3424 41103238422
2 3488 40349050561
2 3552 26414693761
2 3616 38920765585
2 3680 25495921804
2 3744 25060094081
2 3808 24638916029
2 3872 36347491827
2 3936 23837650468
2 4000 35184372089
2 4064 34630287489
2 4128 22728922538
2 4192 29258082046
2 4256 22045345920
2 4320 21718748204
2 4384 28201638735
2 4448 241918912
2 4512 20794546153
2 4576 20503713339
2 4640 20220903499
2 4704 19945789166
2 4768 27043737853
2 4832 16784079597
2 4896 19163601356
2 4960 18044914817
2 5024 28013035103
2 5088 18440446588
2 5152 18211372718
2 5216 14974105108
2 5280 13327413670
2 5344 26335607851
2 5408 22123053310
2 5472 17146380160
2 5536 21289915503
2 5600 16754462900
2 5664 12451032317
2 5728 14172317675
2 5792 16170611324
2 5856 10095506915
2 5920 15848816256
2 5984 15679310200
2 6048 15513391574
2 6112 23026421524
2 6176 18813746105
2 6240 11277042336
2 6304 18466001680
2 6368 -1179547272
2 6432 10561770588
2 6496 14443502500
2 6560 14302590280
2 6624 14164401003
2 6688 14028856496
2 6752 16990023078
2 6816 483139744
2 6880 9523238906
2 6944 13511663629
2 7008 492761888
2 7072 13267108632
2 7136 19722181664
2 7200 13031248923
2 7264 10855448
2 7328 8187554998
2 7392 9519581195
2 7456 2775715439
2 7520 12476727691
2 7584 5117169475
2 7648 76256327
2 7712 7131284081
2 7776 10696267425
2 7840 7543835705
2 7904 11870570880
2 7968 3590336599
2 8032 17522097654
2 8096 11589055365
2 8160 8623620610
2 8224 -3696421318
2 8288 7177457188
2 8352 11233835278
2 8416 12473053824
2 8480 227396203
2 16 17592186044416
2 48 2932031007403
2 80 1759218604442
2 112 1256584717458
2 144 977343669134
2 176 799644820201
2 208 676622540170
2 240 390937467655
2 272 517417236600
2 304 462952264327
2 336 279241048324
2 368 382438827053
2 400 351843720888
2 432 325781223045
2 464 303313552490
2 496 283744936200
2 528 177698848934
2 560 167544628995
2 592 237732243843
2 624 150360564482
2 656 214538854200
2 688 204560302842
2 720 130312489219
2 752 187150915366
2 784 179512102494
2 816 114981608134
2 848 165964019287
2 880 106619309360
2 912 102878280962
2 944 149086322410
2 976 144198246266
2 1008 93080349442
2 1040 90216338689
2 1072 131284970481
2 1104 84986406013
2 1136 123888634116
2 1168 120494424962
2 1200 78187493532
2 1232 76156649544
2 1264 111342949648
2 1296 108593741015
2 1328 105977024364
2 1360 68988964880
2 1392 67403011665
2 1424 98832505868
2 1456 64440241922
2 1488 63054430268
2 1520 61726968578
2 1552 90681371363
2 1584 59232949645
2 1616 87090029923
2 1648 85398961381
2 1680 41886157250
2 1712 82206476843
2 1744 80698101121
2 1776 52829387522
2 1808 77841531170
2 1840 50991843607
2 1872 50120188162
2 1904 49277832057
2 1936 72694983655
2 1968 47675300934
2 2000 70368744178
2 2032 69260574978
2 2064 45457845076
2 2096 67145748261
2 2128 44090691841
2 2160 43437496407
2 2192 64205058556
2 2224 63281244764
2 2256 41589092304
2 2288 41007426678
2 2320 40441806999
2 2352 39891578332
2 2384 56560741115
2 2416 58252271670
2 2448 38327202711
2 2480 37832658160
2 2512 56026070205
2 2544 36880893176
2 2576 36422745434
2 2608 53963760872
2 2640 26654827340
2 2672 52671215702
2 2704 52047887705
2 2736 34292760321
2 2768 50844468336
2 2800 33508925800
2 2832 33130293870
2 2864 49140184482
2 2896 44553753711
2 2928 32044054727
2 2960 31697632513
2 2992 31358620400
2 3024 31026783147
2 3056 46052843048
2 3088 45575611514
2 3120 22554084673
2 3152 44650218387
2 3184 44201472473
2 3216 29174437885
2 3248 28887004999
2 3280 28605180560
2 3312 28328802005
2 3344 28057712990
2 3376 41687644655
2 3408 27530807581
2 3440 27274707046
2 3472 27023327257
2 3504 22613519483
2 3536 26534217262
2 3568 39444363328
2 3600 26062497844
2 3632 28039010042
2 3664 38410886560
2 3696 19039162387
2 3728 33695676132
2 3760 24953455382
2 3792 20260138413
2 3824 32544532516
2 3856 19656521385
2 3888 36197913672
2 3920 22090900996
2 3952 23741141761
2 3984 19038836245
2 4016 35044195308
2 4048 23178110731
2 4080 17247241220
2 4112 29995504690
2 4144 22641166080
2 4176 22467670556
2 4208 134072405
2 4240 17647967125
2 4272 12694795876
2 4304 32699230566
2 4336 32457907831
2 4368 16110060480
2 4400 21323861872
2 4432 -149179560
2 4464 21018143422
2 4496 31302822143
2 4528 27222493272
2 4560 15431742144
2 4592 19005327446
2 4624 30436308035
2 4656 17700930662
2 4688 30020795298
2 4720 17403165673
2 4752 19744316548
2 4784 19612247541
2 4816 19481933604
2 4848 11246961667
2 4880 17095326380
2 4912 3809953126
2 4944 10780665442
2 4976 20767210227
2 5008 20591093502
2 5040 13962052416
2 5072 12079050118
2 5104 18382639546
2 5136 14225231427
2 5168 18154990759
2 5200 18043267739
2 5232 17932911360
2 5264 13768100636
2 5296 23266492721
2 5328 17609795840
2 5360 13962675305
2 5392 4682269575
2 5424 13324058387
2 5456 17196662800
2 5488 21393126201
2 5520 12747960904
2 5552 21335057128
2 5584 21178256581
2 5616 16706729388
2 5648 -1310005721
2 5680 11007503171
2 5712 12319458015
2 5744 17479058603
2 5776 24365908649
2 5808 11821081461
2 5840 5775955788
2 5872 2758928054
2 5904 11385738579
2 5936 15806097076
2 5968 8606802978
2 6000 15637498706
2 6032 12399460011
2 6064 23208688713
2 6096 7114104868
2 6128 15544379261
2 6160 11423497432
2 6192 15152615026
2 6224 111968388
2 6256 14997601062
2 6288 10947217740
2 6320 14845726621
2 6352 22156405598
2 6384 11022672960
2 6416 -2145800236
2 6448 14551022369
2 6480 7802339370
2 6512 14408014779
2 6544 2313149687
2 6576 1655149391
2 6608 5934594350
2 6640 6092578453
2 6672 5956120520
2 6704 -625554390
2 6736 12893824588
2 6768 10321043342
2 6800 13797792976
2 6832 9364928566
2 6864 10251856669
2 6896 1413549952
2 6928 2758771552
2 6960 10110451751
2 6992 13418906213
2 7024 16325781472
2 7056 13297192778
2 7088 1689867866
2 7120 2119982417
2 7152 5729783951
2 7184 1936254289
2 7216 10647534624
2 7248 910979965
2 7280 9666036288
2 7312 1115752540
2 7344 12775734237
2 7376 15582694229
2 7408 -3865985155
2 7440 6829916834
2 7472 3164231469
2 7504 8302827054
2 7536 10058609176
2 7568 9947108915
2 7600 12345393716
2 7632 9138549916
2 7664 -1585263722
2 7696 8028377722
2 7728 6043705972
2 7760 4531679402
2 7792 -1600689731
2 7824 1583692937
2 7856 17914649740
2 7888 11894649117
2 7920 8884942448
2 7952 136788106
2 7984 6316216544
2 8016 2225142048
2 8048 3297931354
2 8080 -158275098
2 8112 4357500286
2 8144 -5918412686
2 8176 1087748484
2 8208 11430920108
2 8240 798357826
2 8272 7699161053
2 8304 3473779231
2 8336 9531528904
2 8368 -665561645
2 8400 8377231451
2 8432 3529837914
2 8464 13239973330
2 8496 6738484954
2 8 35184372088832
2 24 5864062014805
2 40 3518437208883
2 56 2513169434917
2 72 1954687338268
2 88 1599289640401
2 104 1353245080340
2 120 781874935308
2 136 1034834473201
2 152 925904528653
2 168 558482096648
2 184 764877654105
2 200 703687441777
2 216 651562446089
2 232 606627104980
2 248 567489872401
2 264 355397697868
2 280 335089257990
2 296 475464487687
2 312 300721128965
2 328 429077708400
2 344 409120605684
2 360 260624978437
2 376 374301830732
2 392 359024204988
2 408 229963216268
2 424 331928038574
2 440 213238618720
2 456 205756561924
2 472 298172644821
2 488 288396492531
2 504 186160698884
2 520 180432677379
2 536 262569940961
2 552 169972812024
2 568 247777268231
2 584 240988849924
2 600 156374987062
2 616 152313299087
2 632 222685899296
2 648 217187482030
2 664 211954048728
2 680 137977929760
2 696 134806023330
2 712 197665011735
2 728 128880483843
2 744 126108860534
2 760 123453937155
2 776 181362742726
2 792 118465899290
2 808 174180059846
2 824 170797922761
2 840 83772314497
2 856 164412953686
2 872 161396202242
2 888 105658775042
2 904 155683062340
2 920 101983687214
2 936 100240376322
2 952 98555664115
2 968 145389967309
2 984 95350601868
2 1000 140737488355
2 1016 138521149956
2 1032 90915690152
2 1048 134291496522
2 1064 88181383681
2 1080 86874992813
2 1096 128410117113
2 1112 126562489528
2 1128 83178184607
2 1144 82014853355
2 1160 80883613997
2 1176 79783156664
2 1192 118068362714
2 1208 116504543341
2 1224 76654405422
2 1240 75665316320
2 1256 112052140410
2 1272 73761786351
2 1288 72845490867
2 1304 107927521745
2 1320 53309654680
2 1336 105342431404
2 1352 104095775411
2 1368 68585520642
2 1384 101688936673
2 1400 67017851599
2 1416 66260587739
2 1432 98280368963
2 1448 97194398035
2 1464 64088109452
2 1480 63395265026
2 1496 62717240800
2 1512 62053566294
2 1528 92105686096
2 1544 91151223028
2 1560 45108169346
2 1576 89300436774
2 1592 88402944947
2 1608 58348875769
2 1624 57774009998
2 1640 57210361120
2 1656 56657604009
2 1672 56115425980
2 1688 83375289310
2 1704 55061615163
2 1720 54549414091
2 1736 54046654515
2 1752 53553077762
2 1768 53068434523
2 1784 78888726657
2 1800 52124995687
2 1816 77498616936
2 1832 76821773120
2 1848 38078324772
2 1864 75502944397
2 1880 49906910764
2 1896 49485755399
2 1912 73607472989
2 1928 72996622591
2 1944 72395827343
2 1960 47869893999
2 1976 47482283522
2 1992 47100899717
2 2008 70088390615
2 2024 46356221462
2 2040 34494482440
2 2056 68452085776
2 2072 45282332161
2 2088 44935341110
2 2104 66890441234
2 2120 44257071811
2 2136 43925558164
2 2152 65398461132
2 2168 64915815662
2 2184 32220120961
2 2200 42647723744
2 2216 59271100762
2 2232 42036286845
2 2248 62605644286
2 2264 62163201570
2 2280 30863484289
2 2296 40864543657
2 2312 60872616071
2 2328 40302831718
2 2344 60041590595
2 2360 39756352644
2 2376 39488633096
2 2392 39224495082
2 2408 38963867208
2 2424 38706679967
2 2440 38452865672
2 2456 57303537604
2 2472 37955093948
2 2488 56566514612
2 2504 56205067235
2 2520 27924104833
2 2536 22913926324
2 2552 36765279091
2 2568 36536211930
2 2584 36309981517
2 2600 36086535477
2 2616 35865822721
2 2632 35647793403
2 2648 53148598321
2 2664 35219591681
2 2680 35009325462
2 2696 31561788869
2 2712 34596236076
2 2728 34393325600
2 2744 51289172141
2 2760 25495921805
2 2776 38953741350
2 2792 50407409869
2 2808 33413458775
2 2824 61684987
2 2840 33036969098
2 2856 24638916030
2 2872 49003303745
2 2888 48731817298
2 2904 32308881624
2 2920 32131846657
2 2936 44393124411
2 2952 31783533956
2 2968 31612194151
2 2984 43217964337
2 3000 27142678747
2 3016 31109082307
2 3032 46417377426
2 3048 26881587225
2 3064 41958540986
2 3080 22846994865
2 3096 30305230052
2 3112 13201152865
2 3128 29995202123
2 3144 29842554784
2 3160 29691453240
2 3176 44312811195
2 3192 22045345921
2 3208 43870788141
2 3224 29102044739
2 3240 28958330937
2 3256 28816029558
2 3272 43012679815
2 3288 24421466963
2 3304 28397394746
2 3320 28260539831
2 3336 23082082406
2 3352 269780245
2 3368 16799153667
2 3384 27726061537
2 3400 27595585952
2 3416 27466332622
2 3432 20503713339
2 3448 8811409431
2 3464 1234898506
2 3480 20220903500
2 3496 26837812426
2 3512 21268242891
2 3528 26594385556
2 3544 17062149995
2 3560 15970659004
2 3576 22491809586
2 3592 -828210332
2 3608 26004709600
2 3624 22086328401
2 3640 19332072577
2 3656 13352269978
2 3672 25551468474
2 3688 -3519418020
2 3704 37996082169
2 3720 18916329080
2 3736 37670633928
2 3752 25006661045
2 3768 20875027294
2 3784 24795188223
2 3800 24690787432
2 3816 24587262117
2 3832 -3225604032
2 3848 24382794241
2 3864 18211372719
2 3880 20020420847
2 3896 -1087253866
2 3912 10228694929
2 3928 35829299479
2 3944 23789298235
2 3960 17769884894
2 3976 18086853691
2 3992 16782051781
2 4008 19605859083
2 4024 27720645183
2 4040 15649875927
2 4056 23132394537
2 4072 34562251561
2 4088 9976949941
2 4104 22861840214
2 4120 16156051343
2 4136 22684959438
2 4152 20225328580
2 4168 -686404795
2 4184 33637067007
2 4200 16754462900
2 4216 22254504800
2 4232 33255550178
2 4248 9998500064
2 4264 22003985046
2 4280 21921727158
2 4296 12073135386
2 4312 21759042727
2 4328 32517903964
2 4344 6281063315
2 4360 21519493632
2 4376 -2031063820
2 4392 21362703151
2 4408 21285161578
2 4424 16903234550
2 4440 15848816256
2 4456 31583816956
2 4472 20980543881
2 4488 15679310200
2 4504 -4367977529
2 4520 12611886495
2 4536 16432698344
2 4552 30917725913
2 4568 -3141753428
2 4584 16493870592
2 4600 20396737444
2 4616 -873458965
2 4632 16141712722
2 4648 15453478166
2 4664 20116850823
2 4680 15036056448
2 4696 29969652546
2 4712 19911925348
2 4728 19844541505
2 4744 19549127613
2 4760 14783349617
2 4776 12715309691
2 4792 -1303007523
2 4808 4023378838
2 4824 9204357017
2 4840 19385328975
2 4856 3128214
2 4872 14443502501
2 4888 19194965679
2 4904 -1519712754
2 4920 14302590280
2 4936 28512457122
2 4952 28420332867
2 4968 18885868003
2 4984 10487208526
2 5000 12833783376
2 5016 14028856496
2 5032 18645666185
2 5048 -2338370698
2 5064 7014996779
2 5080 5556591755
2 5096 18411497693
2 5112 11864216901
2 5128 -2773313773
2 5144 27359542837
2 5160 13637353525
2 5176 -3027826058
2 5192 12190579027
2 5208 8313605292
2 5224 -3277661241
2 5240 10207983178
2 5256 9353649742
2 5272 -3309838038
2 5288 26614502336
2 5304 13267108633
2 5320 13227207552
2 5336 17583394347
2 5352 17530828147
2 5368 13239979157
2 5384 26139949546
2 5400 17374998563
2 5416 -4495900800
2 5432 4845519744
2 5448 55169565
2 5464 25757227005
2 5480 13065552883
2 5496 13428186473
2 5512 17021950696
2 5528 25459024666
2 5544 12692774926
2 5560 37906102
2 5576 16826576800
2 5592 2030290309
2 5624 16682964480
2 5640 8362613073
2 5656 12082548728
2 5688 12331454027
2 5704 14057576786
2 5720 12302228003
2 5736 12411142905
2 5752 24467574471
2 5768 8069587303
2 5784 24485863
2 5800 16176722800
2 5816 24198330185
2 5832 10109730221
2 5848 11844307957
2 5864 24000253812
2 5880 8469705643
2 5896 15913329755
2 5928 11870570880
2 5944 23677235591
2 5960 -1279218123
2 5976 11246067706
2 5992 11836122716
2 6008 23425014706
2 6024 -543338383
2 6040 7969262969
2 6056 23239347483
2 6072 11589055365
2 6088 23117195853
2 6104 15371066880
2 6120 8343079672
2 6136 10558283149
2 6152 22876704869
2 6168 10972978469
2 6200 15133063264
2 6216 8008866664
2 6232 11169488489
2 6248 9031898429
2 6264 14978447037
2 6280 -36300125
2 6296 22353476549
2 6312 3350878331
2 6328 6358774771
2 6344 9710621919
2 6360 7676466194
2 6392 10824703917
2 6408 5071527673
2 6424 6499006528
2 6440 10926823630
2 6456 11035223505
2 6488 21691967996
2 6504 10988053313
2 6520 5601918453
2 6536 9018904592
2 6552 10740040320
2 6568 21427754013
2 6584 21375681706
2 6600 10661930936
2 6616 21272292678
2 6648 2778269647
2 6664 7269725290
2 6680 6178987928
2 6696 9930944980
2 6728 -1945850206
2 6744 129708831
2 6760 -51785867
2 6776 838435680
2 6792 2439606641
2 6808 13781579353
2 6840 4023891075
2 6888 5903207071
2 6904 20384920098
2 6920 -60231977
2 6936 10089564515
2 6952 9382000492
2 6968 9491065526
2 6984 172503730
2 7000 9240550922
2 7016 20059505182
2 7032 13342575689
2 7064 19923200503
2 7080 5434727946
2 7112 1853454788
2 7128 5140750789
2 7144 13133397570
2 7160 1092934909
2 7176 9806123772
2 7192 8902618341
2 7208 8914718397
2 7224 5626852184
2 7240 1456090702
2 7256 19396015484
2 7272 3011257419
2 7304 5325579500
2 7320 5969897753
2 7336 4621075001
2 7368 5290026115
2 7384 4792305389
2 7400 12679053006
2 7416 8637783864
2 7448 8458917994
2 7464 9262530141
2 7480 9407586120
2 7512 1320471983
2 7544 6097744343
2 7560 9308034944
2 7592 4073086565
2 7608 -416793156
2 7624 18459796479
2 7640 758668571
2 7656 9191319773
2 7672 4201278311
2 7688 18306124916
2 7704 1362868912
2 7720 961097797
2 7752 5639811879
2 7784 523608719
2 7800 9021633871
2 7832 1743619816
2 7848 11955274240
2 7880 373297957
2 7896 4898034235
2 7912 7744453664
2 7944 -209599077
2 7960 1211137387
2 7992 11739863894
2 8008 8787305717
2 8024 7746971580
2 8040 995278267
2 8056 8334881470
2 8088 1886190039
2 8120 5022782835
2 8136 3186756122
2 8184 6013370685
2 8200 7190612354
2 8216 7129265888
2 8232 3746671712
2 8280 8498640601
2 8296 4935493764
2 8328 400668813
2 8344 666331296
2 8360 8417313899
2 8376 1434739909
2 8424 3255741321
2 8440 2300139972
2 8456 7149597479
2 8472 -83964808
2 4 70368744177664
2 12 11728124029611
2 20 7036874417766
2 28 5026338869833
2 36 3909374676537
2 44 3198579280803
2 52 2706490160679
2 60 1563749870616
2 68 2069668946402
2 76 1851809057307
2 84 1116964193296
2 92 1529755308210
2 100 1407374883553
2 108 1303124892179
2 116 1213254209960
2 124 1134979744801
2 132 710795395735
2 140 670178515979
2 148 950928975374
2 156 601442257930
2 164 858155416801
2 172 818241211368
2 180 521249956872
2 188 748603661465
2 196 718048409976
2 204 459926432535
2 212 663856077148
2 220 426477237441
2 228 411513123847
2 236 596345289641
2 244 576792985063
2 252 372321397766
2 260 360865354757
2 268 525139881923
2 276 339945624048
2 284 495554536462
2 292 481977699847
2 300 312749974124
2 308 304626598173
2 316 445371798593
2 324 434374964060
2 332 423908097456
2 340 275955859520
2 348 269612046659
2 356 395330023470
2 364 257760967685
2 372 252217721068
2 380 246907874308
2 388 362725485452
2 396 236931798579
2 404 348360119691
2 412 341595845523
2 420 167544628995
2 428 328825907372
2 436 322792404485
2 444 211317550083
2 452 311366124680
2 460 203967374428
2 468 200480752644
2 476 197111328230
2 484 290779934618
2 492 190701203734
2 500 281474976711
2 508 277042299912
2 516 181831380304
2 524 268582993045
2 532 176362767363
2 540 173749985625
2 548 256820234225
2 556 253124979056
2 564 166356369215
2 572 164029706709
2 580 161767227995
2 588 159566313328
2 596 236136725428
2 604 233009086681
2 612 153308810845
2 620 151330632640
2 628 224104280821
2 636 147523572700
2 644 145690981734
2 652 215855043490
2 660 106619309360
2 668 210684862807
2 676 208191550821
2 684 137171041283
2 692 203377873346
2 700 134035703196
2 708 132521175477
2 716 196560737926
2 724 194388796071
2 732 128176218904
2 740 126790530051
2 748 125434481600
2 756 124107132589
2 764 184211372193
2 772 182302446056
2 780 90216338690
2 788 178600873547
2 796 176805889894
2 804 116697751539
2 812 115548019996
2 820 114420722240
2 828 113315208016
2 836 112230851959
2 844 166750578620
2 852 110123230326
2 860 109098828183
2 868 108093309030
2 876 107106155522
2 884 106136869046
2 892 157777453313
2 900 104249991374
2 908 154997233872
2 916 153643546239
2 924 76156649545
2 932 151005888793
2 940 99813821529
2 948 98971510799
2 956 147214945978
2 964 145993245182
2 972 144791654687
2 980 95739787998
2 988 94964567042
2 996 94201799435
2 1004 140176781230
2 1012 92712442923
2 1020 68988964880
2 1028 136904171552
2 1036 90564664321
2 1044 89870682219
2 1052 133780882467
2 1060 88514143621
2 1068 87851116328
2 1076 130796922263
2 1084 129831631324
2 1092 64440241923
2 1100 85295447488
2 1108 127019393822
2 1116 84072573690
2 1124 125211288572
2 1132 124326403141
2 1140 61726968579
2 1148 81729087315
2 1156 121745232141
2 1164 80605663435
2 1172 120083181191
2 1180 79512705286
2 1188 78977266193
2 1196 78448990165
2 1204 77927734416
2 1212 77413359932
2 1220 76905731343
2 1228 114607075208
2 1236 75910187895
2 1244 113133029225
2 1252 112410134469
2 1260 55848209667
2 1268 110991710059
2 1276 73530558180
2 1284 73072423861
2 1292 72619963032
2 1300 72173070952
2 1308 71731645441
2 1316 71295586806
2 1324 106297196643
2 1332 70439183361
2 1340 70018650923
2 1348 104404664952
2 1356 69192472151
2 1364 68786651200
2 1372 102578344282
2 1380 50991843607
2 1388 101395884982
2 1396 100814819739
2 1404 66826917548
2 1412 99672442178
2 1420 66073938196
2 1428 49277832057
2 1436 98006607490
2 1444 97463634595
2 1452 64617763249
2 1460 64263693314
2 1468 95870223675
2 1476 63567067911
2 1484 63224388301
2 1492 82288136546
2 1500 62549994825
2 1508 62218164613
2 1516 92834754852
2 1524 61564955536
2 1532 91865201276
2 1540 45693989728
2 1548 60610460102
2 1556 90448257298
2 1564 59990404244
2 1572 59685109566
2 1580 59382906479
2 1588 88625622390
2 1596 44090691842
2 1604 87741576281
2 1612 58204089478
2 1620 57916661875
2 1628 57632059114
2 1636 86025359630
2 1644 57071163161
2 1652 56794789490
2 1660 56521079662
2 1668 56249995347
2 1676 28156149734
2 1684 75469974643
2 1692 55452123072
2 1700 55191171904
2 1708 54932665244
2 1716 41007426679
2 1724 69283512023
2 1732 81257210367
2 1740 40441807000
2 1748 53675624850
2 1756 80146633460
2 1764 53188771110
2 1772 4400944547
2 1780 52710669796
2 1788 52474827874
2 1796 78361630487
2 1804 52009419200
2 1812 51779797040
2 1820 38664145154
2 1828 76989873280
2 1836 51102936948
2 1844 76321848349
2 1852 75992164339
2 1860 37832658160
2 1868 59670182361
2 1876 50013322089
2 1884 39021807233
2 1892 49590376447
2 1900 49381574862
2 1908 49174524233
2 1916 73453803943
2 1924 48765588482
2 1932 36422745435
2 1940 48363398060
2 1948 64723954402
2 1956 47967787442
2 1964 71658598959
2 1972 47578596469
2 1980 35539769788
2 1988 47195670139
2 1996 70509763705
2 2004 43073254051
2 2012 66641243438
2 2020 46448015960
2 2028 46264789072
2 2036 69124503121
2 2044 45902638082
2 2052 45723680427
2 2060 45546112737
2 2068 45369918877
2 2076 34640639050
2 2084 67532384048
2 2092 174121559
2 2100 33508925801
2 2108 44509009600
2 2116 62565027041
2 2124 44173725159
2 2132 44007970093
2 2140 43843454316
2 2148 38563826604
2 2156 43518085453
2 2164 92735168
2 2172 43197510239
2 2180 43038987265
2 2188 64322435263
2 2196 42725406302
2 2204 42570323157
2 2212 42416361772
2 2220 31697632513
2 2228 -50348603
2 2236 41961087763
2 2244 31358620400
2 2252 3874420759
2 2260 41515483291
2 2268 41369044196
2 2276 4151535
2 2284 57907988411
2 2292 34974432599
2 2300 40793474886
2 2308 60978114539
2 2316 40511654679
2 2324 40372199759
2 2332 40233701645
2 2340 30072112897
2 2348 56631498652
2 2356 39823850696
2 2364 35633286945
2 2372 55835068717
2 2380 29566699235
2 2388 33937754451
2 2396 47688951700
2 2404 28678931476
2 2412 38899250514
2 2420 38770657949
2 2428 42269198
2 2436 28887004999
2 2444 38389931357
2 2452 57397018089
2 2460 28605180560
2 2468 57024914244
2 2476 28750924190
2 2484 37771736005
2 2492 35029448394
2 2500 56294995342
2 2508 28057712990
2 2516 37291332368
2 2524 55759702201
2 2532 37055684139
2 2540 34419079955
2 2548 36822995384
2 2556 36707743442
2 2564 -105296490
2 2572 54719085675
2 2580 27274707047
2 2588 -69663380
2 2596 36142138766
2 2604 27023327257
2 2612 89938380
2 2620 35811065739
2 2628 35702051841
2 2636 26474541
2 2644 22519335
2 2652 26534217263
2 2660 26454415105
2 2668 35166788695
2 2676 35061656293
2 2684 34957150611
2 2692 52279899092
2 2700 34749997126
2 2708 51971007517
2 2716 34545284330
2 2724 29711208035
2 2732 70024808
2 2740 34242697898
2 2748 30100135738
2 2756 34043901392
2 2764 69955598
2 2772 25385549849
2 2780 23873016853
2 2788 33653153600
2 2796 19412694885
2 2804 -3596497
2 2812 33365928961
2 2820 24953455382
2 2828 33177154256
2 2844 32990503600
2 2852 32897963618
2 2860 24604456006
2 2868 24566753558
2 2884 28442847079
2 2892 23571899128
2 2900 32353445600
2 2908 48396660370
2 2916 48263884896
2 2924 32087890643
2 2932 48000507625
2 2940 23934946999
2 2948 31826659511
2 2956 47610787671
2 2964 23741141761
2 2972 47354471183
2 2980 27248148173
2 2988 27344803746
2 2996 27513182964
2 3004 46850029413
2 3012 31150395830
2 3020 31067878224
2 3036 23178110731
2 3044 46234391707
2 3052 30742133761
2 3060 22996321628
2 3068 30581809725
2 3084 30423149235
2 3100 30266126528
2 3108 22641166081
2 3116 30110716380
2 3124 30033608271
2 3132 29956894073
2 3140 29348330644
2 3148 44706953099
2 3156 20975168294
2 3164 24691038421
2 3172 29579127439
2 3180 22128535907
2 3196 29357006333
2 3204 24963907850
2 3212 28735346138
2 3220 21853647260
2 3228 29065982725
2 3236 43491189232
2 3244 43383935991
2 3252 25353705770
2 3260 4984291843
2 3268 28710217944
2 3276 21480080641
2 3284 42855508025
2 3292 42751363413
2 3300 21323861872
2 3308 42544585355
2 3324 19849513279
2 3332 28158761176
2 3340 24237515792
2 3348 28024191230
2 3364 41836352068
2 3372 15400237611
2 3380 27758873444
2 3388 27693327107
2 3396 1618677330
2 3404 27563158707
2 3420 20575656193
2 3444 20432271830
2 3460 19030031593
2 3468 27054496032
2 3476 26992230219
2 3484 18508385333
2 3492 21204277850
2 3500 26807140639
2 3516 19403285285
2 3532 39846401007
2 3540 19878176322
2 3548 39666710359
2 3556 18269441999
2 3564 26325755398
2 3572 26266795139
2 3580 19824864624
2 3588 19612247541
2 3596 26091488386
2 3604 26033571654
2 3612 19481933604
2 3620 11924059532
2 3628 38792030969
2 3636 25804453311
2 3652 25691399847
2 3660 19226432836
2 3668 21155694877
2 3684 3364700888
2 3692 17142383652
2 3700 25358106011
2 3708 21064799816
2 3724 25194681053
2 3732 21002250628
2 3740 18815172240
2 3756 24980029882
2 3772 24874070052
2 3780 18616069889
2 3796 20535809905
2 3804 13504378968
2 3820 20423093760
2 3828 18382639547
2 3836 18181475833
2 3844 -1077799477
2 3852 21049668180
2 3860 5585878627
2 3876 18154990760
2 3892 15510894969
2 3900 18043267740
2 3916 4259103263
2 3924 23910548481
2 3940 19954342293
2 3948 17823896703
2 3956 23717136562
2 3972 15901935252
2 3980 19474930419
2 3996 23479727787
2 4004 17574611435
2 4012 19111702364
2 4020 10764413442
2 4028 23293195690
2 4044 8440534007
2 4060 17332203000
2 4068 18863653916
2 4076 34528333748
2 4092 17196662800
2 4100 22884144448
2 4108 22839579415
2 4116 4206941240
2 4140 16997281203
2 4148 20176788782
2 4164 -2133815263
2 4172 16270167353
2 4180 16834627795
2 4188 301194504
2 4212 22275639183
2 4220 22233410484
2 4228 14082248876
2 4236 147958202
2 4260 8316300926
2 4268 8973894267
2 4284 16425944019
2 4292 21860436216
2 4300 21819765637
2 4308 17665131492
2 4316 17006255079
2 4324 21698656854
2 4332 17178016685
2 4340 16213996355
2 4356 17308716218
2 4380 8025394869
2 4396 17061396536
2 4404 13314975527
2 4420 15920530359
2 4428 21189022637
2 4444 21112734528
2 4452 11673778412
2 4460 21036993775
2 4476 6290655648
2 4484 16673032456
2 4500 20849998276
2 4508 20812997391
2 4524 15554541154
2 4532 12489682632
2 4540 8395133678
2 4548 20629945523
2 4556 15859809845
2 4564 7433925968
2 4572 12336982381
2 4580 16442931627
2 4588 20450085493
2 4596 16703612280
2 4620 12185063930
2 4628 11887218814
2 4636 20238350353
2 4644 20203486701
2 4660 12141373310
2 4668 -523026821
2 4676 20065225029
2 4692 14997601063
2 4700 19962764307
2 4708 16183238520
2 4716 16072782697
2 4732 13550492021
2 4740 11408043120
2 4756 19727710731
2 4764 2414276539
2 4780 7944542680
2 4788 14696897280
2 4796 19563176030
2 4812 1395853712
2 4820 1404935404
2 4828 11131432718
2 4836 14551022369
2 4844 19369321271
2 4860 19305553958
2 4876 19242205136
2 4884 14408014779
2 4900 19147957600
2 4908 14834878281
2 4932 5397715654
2 4940 14244685056
2 4956 9892072696
2 4964 11318467371
2 4972 9700839427
2 4980 10486951249
2 4988 18810142790
2 5004 5728250827
2 5012 6976626239
2 5020 18690237498
2 5028 348134965
2 5044 6895875135
2 5052 797739232
2 5060 13906866439
2 5068 18513218674
2 5076 18484041025
2 5084 14203131446
2 5092 18425960769
2 5100 13797792976
2 5124 10421449935
2 5140 14139774922
2 5148 13669142227
2 5172 1036144220
2 5180 13584699648
2 5196 3741631227
2 5220 13480602335
2 5236 13439408745
2 5244 13182892157
2 5252 6554136931
2 5260 1922604114
2 5268 993840647
2 5292 12721549784
2 5300 15129262024
2 5316 452746150
2 5324 -4205124060
2 5332 17596585192
2 5340 1244644864
2 5348 1060416951
2 5356 6259298793
2 5364 5583012835
2 5372 13351446111
2 5380 13796270969
2 5388 -1291971583
2 5396 9048202179
2 5404 13416064404
2 5412 8801457824
2 5420 13813116319
2 5428 14691328349
2 5436 6508032555
2 5452 17209279575
2 5460 10310438708
2 5476 25700783118
2 5484 -3395008558
2 5500 5811505472
2 5508 12429631507
2 5516 9439622599
2 5532 16960410744
2 5540 9236773264
2 5548 8507359967
2 5556 16887147632
2 5564 12819421739
2 5572 3096823524
2 5580 8119731962
2 5588 12551846271
2 5604 627335360
2 5612 11525336230
2 5620 1009491577
2 5628 4795345490
2 5644 16623846959
2 5652 -40588983
2 5660 231913662
2 5668 16553456640
2 5676 8538486600
2 5684 16506860000
2 5700 12345393716
2 5724 16391508079
2 5740 9800982110
2 5748 -3858220985
2 5764 12145438489
2 5772 12191397120
2 5780 16232697620
2 5796 12140915146
2 5820 3446630521
2 5828 16099003473
2 5844 8531710591
2 5852 12024734139
2 5860 16011090826
2 5868 2240514816
2 5876 9459627628
2 5892 15924133103
2 5900 10004180723
2 5908 8535449942
2 5916 11894649118
2 5940 11846589931
2 5964 4413298197
2 5980 11767348526
2 5988 -3287760900
2 6004 11345212349
2 6012 7852590721
2 6020 7675246045
2 6028 11036994738
2 6036 12236426866
2 6052 3587619112
2 6060 7497889373
2 6068 13003878775
2 6076 15441901291
2 6084 7688187100
2 6100 11435072953
2 6108 11923317192
2 6116 6433274818
2 6132 3348590988
2 6140 -3979689095
2 6148 10914463684
2 6156 11387427559
2 6164 11510568961
2 6180 3437330080
2 6188 11371807400
2 6204 7844711861
2 6220 15084403897
2 6228 3675097822
2 6244 15026424125
2 6252 15007196455
2 6260 -1266098288
2 6276 -1351849521
2 6292 10812603286
2 6300 11169641935
2 6308 10450330538
2 6324 8660997145
2 6340 403046170
2 6348 -807357297
2 6356 3145326438
2 6364 3223121027
2 6372 10212961440
2 6380 11029583729
2 6396 11001992523
2 6412 -187760387
2 6420 7014790263
2 6444 7342914662
2 6460 10892994456
2 6468 6628061494
2 6492 116892184
2 6500 11126807750
2 6516 1526023051
2 6524 3225013201
2 6532 3502599999
2 6540 10759746816
2 6556 2365033621
2 6564 10796106646
2 6572 6170851774
2 6580 7256654521
2 6588 -48670640
2 6596 2911887774
2 6604 6419047917
2 6612 10642580789
2 6620 512658249
2 6636 7292374068
2 6644 2719208269
2 6660 7258071064
2 6684 -6874550
2 6692 3611510148
2 6700 10029670533
2 6708 10490271942
2 6716 422322017
2 6732 10452873468
2 6740 3117162909
2 6748 -64724074
2 6756 6317924671
2 6764 6244830987
2 6780 2390055379
2 6804 9815621748
2 6812 5668323901
2 6820 6880314178
2 6828 52681613
2 6844 8976465404
2 6852 9982204287
2 6860 189629524
2 6868 9760290622
2 6876 7683858941
2 6900 10198368722
2 6908 4956171120
2 6916 10174775040
2 6924 2523531860
2 6940 6118356392
2 6948 5761393997
2 6956 -177935694
2 6972 2572929516
2 6980 5470454295
2 6996 6204626162
2 7004 340307239
2 7020 10024037632
2 7028 13350169642
2 7044 -3832297264
2 7052 1035419543
2 7060 5304601022
2 7068 5210037442
2 7076 9311846077
2 7084 9933476028
2 7092 9097375673
2 7100 5829168300
2 7116 6565551979
2 7124 -71138087
2 7140 17048960999
2 7164 8858136437
2 7172 4829521704
2 7180 2090353924
2 7188 1604504434
2 7196 5840906453
2 7212 9854485169
2 7220 5964030855
2 7228 191585649
2 7236 9107309325
2 7252 12937809190
2 7260 1715986471
2 7268 4247966787
2 7276 4669614101
2 7284 -56360958
2 7300 407025721
2 7308 6241199908
2 7316 808582650
2 7332 5483368222
2 7340 1524036889
2 7348 8914980314
2 7356 12754892910
2 7364 76220766
2 7372 8625142587
2 7380 6223343812
2 7404 12672203166
2 7412 12658525666
2 7420 6171941871
2 7428 1426819519
2 7436 1486027393
2 7452 1342828486
2 7460 4472954578
2 7476 1031482420
2 7500 8484550612
2 7524 9352570997
2 7532 4855368464
2 7540 5621847801
2 7548 7901942306
2 7564 5483574466
2 7572 5585470636
2 7580 12377967314
2 7588 8927233768
2 7596 -93102113
2 7612 4544036028
2 7620 298643321
2 7636 89098931
2 7644 5115658257
2 7660 8274633852
2 7668 4126043391
2 7676 886176286
2 7684 3007305691
2 7692 -58860706
2 7700 9138797945
2 7708 996098940
2 7716 12159796817
2 7740 5145495699
2 7748 2773897878
2 7756 4949055177
2 7764 66249356
2 7772 7338270178
2 7780 8314163290
2 7788 1720473896
2 7812 5364457087
2 7820 5287683745
2 7828 2714645775
2 7836 114298121
2 7844 3196370161
2 7852 51178000
2 7860 1489634581
2 7868 -55770234
2 7876 1731144433
2 7884 88747136
2 7900 7744262632
2 7908 -23501150
2 7924 848121868
2 7932 84939186
2 7940 -1350866513
2 7956 8844739087
2 7964 -160031167
2 7980 6868015342
2 8004 1078790412
2 8020 -1087536599
2 8028 11687218765
2 8036 217561419
2 8052 930724896
2 8060 5232845565
2 8076 11617755355
2 8084 880983037
2 8092 7513232196
2 8100 4249057077
2 8124 11549112782
2 8132 3922697467
2 8140 4899204516
2 8148 310197949
2 8164 308006545
2 8172 220019712
2 8180 -2243990738
2 8188 2451757069
2 8196 5549901
2 8204 -1362454306
2 8220 518286372
2 8228 3805351199
2 8236 2578110886
2 8244 4572601349
2 8260 2835289144
2 8268 1811457213
2 8284 8124092646
2 8292 -50470722
2 8300 4138700306
2 8308 108198978
2 8316 8461849949
2 8340 1119828724
2 8364 4975604898
2 8372 5017447187
2 8380 1362355255
2 8388 1718176214
2 8404 8009244446
2 8412 -12935311
2 8420 -2376038980
2 8428 2879996337
2 8436 4589382076
2 8460 4371745146
2 8468 4221643015
2 8476 -7097460
2 8484 720156511
2 8492 4254937603
2 2 140737488355328
2 6 23456248059221
2 10 14073748835533
2 14 10052677739666
2 18 7818749353074
2 22 6397158561606
2 26 5412980321359
2 30 3127499741230
2 34 4139337892804
2 38 3703618114614
2 42 2233928386593
2 46 3059510616420
2 50 2814749767107
2 54 2606249784358
2 58 2426508419919
2 62 2269959489602
2 66 1421590791469
2 70 1340357031956
2 74 1901857950748
2 78 1202884515858
2 82 1716310833602
2 86 1636482422736
2 90 1042499913743
2 94 1497207322929
2 98 1436096819952
2 102 919852865068
2 106 1327712154296
2 110 852954474882
2 114 823026247693
2 118 1192690579282
2 122 1153585970126
2 126 744642795532
2 130 721730709515
2 134 1050279763846
2 138 679891248094
2 142 991109072925
2 146 963955399694
2 150 625499948247
2 154 609253196344
2 158 890743597186
2 162 868749928119
2 166 847816194912
2 170 551911719041
2 174 539224093316
2 178 790660046940
2 182 515521935368
2 186 504435442135
2 190 493815748615
2 194 725450970904
2 198 473863597157
2 202 696720239383
2 206 683191691045
2 210 335089257991
2 214 657651814745
2 218 645584808969
2 222 422635100166
2 226 622732249360
2 230 407934748856
2 234 400961505287
2 238 394222656458
2 242 581559869237
2 246 381402407467
2 250 562949953421
2 254 554084599824
2 258 363662760608
2 262 537165986089
2 266 352725534725
2 270 347499971249
2 274 513640468450
2 278 506249958113
2 282 332712738430
2 286 328059413417
2 290 323534455989
2 294 319132626656
2 298 472273450857
2 302 466018173362
2 306 306617621689
2 310 302661265280
2 314 448208561641
2 318 295047145399
2 322 291381963469
2 326 431710086980
2 330 213238618720
2 334 421369725615
2 338 416383101643
2 342 274342082565
2 346 406755746692
2 350 268071406391
2 354 265042350952
2 358 393121475853
2 362 388777592142
2 366 256352437807
2 370 253581060101
2 374 250868963200
2 378 248214265178
2 382 368422744386
2 386 364604892112
2 390 180432677380
2 394 357201747095
2 398 353611779787
2 402 233395503078
2 406 231096039992
2 410 228841444480
2 414 226630416031
2 418 224461703917
2 422 333501157240
2 426 220246460651
2 430 218197656366
2 434 216186618058
2 438 214212311043
2 442 212273738093
2 446 315554906626
2 450 208499982749
2 454 309994467743
2 458 307287092479
2 462 152313299088
2 466 302011777587
2 470 199627643057
2 474 197943021598
2 478 294429891957
2 482 291986490364
2 486 289583309373
2 490 191479575994
2 494 189929134084
2 498 188403598869
2 502 280353562461
2 506 185424885844
2 510 137977929760
2 514 273808343104
2 518 181129328643
2 522 179741364439
2 526 267561764934
2 530 177028287240
2 534 175702232654
2 538 261593844527
2 542 259663262648
2 546 128880483844
2 550 170590894976
2 554 254038787645
2 558 168145147379
2 562 250422577145
2 566 248652806281
2 570 123453937156
2 574 163458174630
2 578 243490464283
2 582 161211326868
2 586 240166362381
2 590 159025410572
2 594 157954532385
2 598 156897980329
2 602 155855468832
2 606 154826719864
2 610 153811462684
2 614 229214150416
2 618 151820375789
2 622 226266058449
2 626 224820268938
2 630 111696419331
2 634 221983420119
2 638 147061116360
2 642 146144847721
2 646 145239926063
2 650 144346141904
2 654 143463290882
2 658 142591173612
2 662 212594393286
2 666 140878366722
2 670 140037301846
2 674 208809329904
2 678 138384944302
2 682 137573302400
2 686 205156688565
2 690 101983687214
2 694 202791769964
2 698 201629639478
2 702 133653835095
2 706 199344884356
2 710 132147876391
2 714 98555664115
2 718 196013214980
2 722 194927269190
2 726 129235526497
2 730 128527386627
2 734 191740447351
2 738 127134135823
2 742 126448776600
2 746 188656150610
2 750 125099989649
2 754 124436329227
2 758 185669509704
2 762 123129911072
2 766 183730402553
2 770 91387979453
2 774 121220920204
2 778 180896514596
2 782 119980808487
2 786 119370219132
2 790 118765812958
2 794 177251244780
2 798 88181383682
2 802 175483152563
2 806 116408178955
2 810 115833323749
2 814 115264118227
2 818 172050719261
2 822 114142326322
2 826 113589578979
2 830 113042159322
2 834 112499990693
2 838 167944496844
2 842 167146660755
2 846 110904246144
2 850 110382343808
2 854 109865330488
2 858 82014853356
2 862 163268547976
2 866 162514420734
2 870 80883613998
2 874 107351249700
2 878 160293266920
2 882 106377542220
2 886 158845923652
2 890 105421339592
2 894 104949655747
2 898 156723260975
2 902 104018838400
2 906 103559594081
2 910 77328290305
2 914 153979746559
2 918 102205873897
2 922 152643696698
2 926 151984328677
2 930 75665316320
2 934 150682535712
2 938 100026644177
2 942 99601902588
2 946 99180752893
2 950 98763149723
2 954 98349048467
2 958 146907607887
2 962 97531176962
2 966 72845490867
2 970 96726796121
2 974 144494341227
2 978 95935574885
2 982 143317197918
2 986 95157192938
2 990 71079539574
2 994 94391340279
2 998 141019527410
2 1002 93637716803
2 1006 139898099757
2 1010 92896031919
2 1014 92529578144
2 1018 138249006243
2 1022 91805276162
2 1026 91447360855
2 1030 91092225474
2 1034 90739837753
2 1038 90390165932
2 1042 127713200987
2 1046 134548268026
2 1050 67017851600
2 1054 89018019200
2 1058 133022200714
2 1062 88347450317
2 1066 88015940186
2 1070 87686908633
2 1074 87360327967
2 1078 87036170906
2 1082 130071615855
2 1086 86395020477
2 1090 86077974529
2 1094 128644870526
2 1098 85450812603
2 1102 85140646314
2 1106 84832723542
2 1110 63395265027
2 1114 126335267823
2 1118 83922175526
2 1122 62717240800
2 1126 41460873879
2 1130 83030966581
2 1134 82738088392
2 1138 119365957315
2 1142 123237730609
2 1146 81871720975
2 1150 81586949771
2 1154 121956229077
2 1158 81023309358
2 1162 80744399516
2 1166 80467403291
2 1170 60144225795
2 1174 116336622756
2 1178 79647701390
2 1182 79378166021
2 1186 118665673150
2 1190 59133398470
2 1194 78580395508
2 1198 117477035355
2 1202 117086096801
2 1206 77798501026
2 1210 77541315898
2 1214 131752320
2 1218 57774009998
2 1222 76779862714
2 1226 114794036179
2 1230 57210361120
2 1234 114049828489
2 1238 113681331466
2 1242 75543472011
2 1246 75300956852
2 1250 112589990684
2 1254 56115425981
2 1258 74582664735
2 1262 111519404402
2 1266 74111368276
2 1270 73877946643
2 1274 73645990768
2 1278 73415486883
2 1282 -4402766516
2 1286 109438171349
2 1290 54549414091
2 1294 -45075487
2 1298 72284277532
2 1302 54046654515
2 1306 107762242232
2 1310 71622131479
2 1314 71404103681
2 1318 -6665283
2 1322 -91709767
2 1326 53068434523
2 1330 52908830211
2 1334 70333577390
2 1338 70123312584
2 1342 69914301221
2 1346 104559798184
2 1350 69499994250
2 1354 103942015033
2 1358 69090568658
2 1362 68887659499
2 1366 -1124735
2 1370 68485395794
2 1374 68286020552
2 1378 68087802785
2 1382 97584638795
2 1386 50771099696
2 1390 67499994415
2 1394 67306307200
2 1398 67113728353
2 1402 105920389
2 1406 66731857922
2 1410 49906910765
2 1414 66354308513
2 1422 65981007200
2 1426 65795927236
2 1430 49208912013
2 1434 65428864879
2 1438 97870297883
2 1442 65065875338
2 1446 64885886748
2 1450 64706891199
2 1458 96527769791
2 1462 64175781285
2 1466 96001015249
2 1470 47869893999
2 1474 63653319022
2 1482 47482283522
2 1490 62969793448
2 1494 62801199623
2 1498 62633506166
2 1502 -103093001
2 1506 62300791659
2 1510 62135756448
2 1514 92957389931
2 1518 46356221463
2 1522 92468783413
2 1526 61484267522
2 1530 45992643254
2 1534 61163619451
2 1538 -1251091358
2 1542 60846298468
2 1546 91033304240
2 1550 60532253056
2 1554 45282332162
2 1558 60221432759
2 1562 60067216542
2 1566 59913788146
2 1570 59761141552
2 1574 -52872672
2 1578 59458169986
2 1582 59307833273
2 1586 59158254878
2 1590 44257071812
2 1598 58714012665
2 1602 58567410885
2 1606 58421539376
2 1610 43707294521
2 1614 58131965451
2 1622 86767871982
2 1626 57702947255
2 1630 57561344931
2 1634 57420435886
2 1638 42960161282
2 1642 28658180
2 1646 79011584
2 1650 42647723744
2 1662 49064140904
2 1666 56317522351
2 1670 56182630083
2 1674 56048382459
2 1682 83672704135
2 1686 55649461589
2 1690 55517746887
2 1694 55386654213
2 1698 55256179174
2 1702 55126317414
2 1710 41151312386
2 1722 40864543657
2 1730 54234099560
2 1734 54108992064
2 1738 53984460436
2 1742 53860500710
2 1746 53737108957
2 1750 53614281278
2 1754 80238020727
2 1758 53370302752
2 1770 39756352644
2 1778 52769961888
2 1782 52651510795
2 1786 52533590278
2 1790 52416196781
2 1794 39224495083
2 1798 52182976773
2 1802 52067143307
2 1806 38963867208
2 1810 51837012286
2 1814 77584061938
2 1818 51608906622
2 1826 51382799692
2 1830 38452865673
2 1834 51158665343
2 1842 50936477870
2 1846 50826106305
2 1850 50716212021
2 1854 50606791929
2 1862 50389362104
2 1866 50281346322
2 1870 37630344480
2 1878 49960059764
2 1886 49748140105
2 1890 37232139778
2 1898 49433610242
2 1902 31386604399
2 1906 73839185916
2 1910 49123032586
2 1914 36765279091
2 1918 48918139853
2 1922 73224499665
2 1926 48714949241
2 1930 48613985616
2 1938 36309981518
2 1946 48214281725
2 1950 36086535477
2 1958 47918790724
2 1962 47821096962
2 1970 47626899613
2 1974 35647793403
2 1978 47434273124
2 1986 39523534506
2 1990 47148237306
2 1998 46959455574
2 2002 35149222868
2 2006 46772179581
2 2010 35009325463
2 2014 46586391380
2 2022 26677194576
2 2030 34664406001
2 2034 43741847941
2 2038 69056667495
2 2046 34393325600
2 2050 45768288896
2 2054 45679158830
2 2058 45590375237
2 2070 33994562406
2 2074 45238665495
2 2082 41522850344
2 2086 44978423891
2 2090 33669255588
2 2094 36589610713
2 2106 44551278365
2 2110 44466820966
2 2114 44382683178
2 2118 40016994886
2 2130 33036969098
2 2134 41516240312
2 2142 32851888038
2 2146 43720872432
2 2150 43639531274
2 2154 43558492219
2 2158 43477753585
2 2162 43397313708
2 2166 43317170931
2 2170 32427992710
2 2178 43078508833
2 2190 32131846657
2 2198 42686529680
2 2202 42608988300
2 2210 31841060716
2 2214 42378045274
2 2222 42225469054
2 2226 31612194152
2 2230 42073987550
2 2238 34353604619
2 2242 41848792256
2 2250 41699996551
2 2254 41625994781
2 2262 31109082308
2 2266 41405557033
2 2270 36878363498
2 2274 41259891045
2 2278 41187441720
2 2282 20749359464
2 2286 41043303692
2 2290 40971612331
2 2294 40900170985
2 2298 36854918693
2 2310 24370127856
2 2314 36035055461
2 2318 40476700706
2 2322 40406973402
2 2330 40268237012
2 2334 32742744223
2 2338 40130450059
2 2346 29995202124
2 2350 39925528612
2 2354 39857685742
2 2358 39790073044
2 2366 31457232079
2 2370 29691453241
2 2378 39455421462
2 2382 33270836193
2 2390 35311245612
2 2394 29393794561
2 2398 39126352060
2 2406 5112750243
2 2410 38931532049
2 2414 38867022468
2 2418 29102044739
2 2422 38738642542
2 2430 38611107917
2 2438 38484410270
2 2442 28816029559
2 2450 38295915200
2 2454 13577093345
2 2466 31769848015
2 2470 28489370113
2 2478 28397394747
2 2482 37802172537
2 2486 37741348446
2 2490 23806307630
2 2494 37620285580
2 2502 13306111686
2 2506 31056906792
2 2510 37380474996
2 2514 4093834324
2 2522 33041335710
2 2526 33432825498
2 2530 27813732878
2 2534 29382382491
2 2538 36968082048
2 2542 36909910400
2 2546 36851921539
2 2550 27595585952
2 2562 27466332622
2 2570 36507779081
2 2574 27338284452
2 2586 12973351420
2 2590 27169399297
2 2598 36114315719
2 2610 26961204668
2 2618 26878817487
2 2622 26837812426
2 2626 35729243045
2 2630 31170541775
2 2634 35620725982
2 2646 35459180740
2 2650 35405657449
2 2658 470211849
2 2662 52869079022
2 2666 35193170382
2 2670 22223016233
2 2674 35087880419
2 2678 30892345484
2 2682 32524837596
2 2686 34931121458
2 2690 34879179270
2 2694 16291006388
2 2698 34775756946
2 2702 34724275439
2 2706 26004709600
2 2710 30354745784
2 2714 34570741429
2 2718 30356845296
2 2726 34418559149
2 2730 20620877417
2 2742 34217721458
2 2750 34118178995
2 2754 34068624632
2 2758 29886895344
2 2766 30423053631
2 2770 20367683753
2 2774 33822996481
2 2778 33774295262
2 2782 33725734090
2 2786 29818204849
2 2790 25221772108
2 2794 25465345894
2 2802 7284706075
2 2806 33437274497
2 2810 29025029787
2 2814 25006661046
2 2822 33247693918
2 2826 20636086046
2 2830 29294599991
2 2834 33106913281
2 2838 24795188224
2 2842 33013720000
2 2850 24690787433
2 2862 31369388881
2 2870 24518726195
2 2874 13989218068
2 2882 32555514309
2 2886 24382794241
2 2890 24232131608
2 2898 24281830289
2 2910 22697031305
2 2914 32198006946
2 2922 46806305
2 2926 24049468278
2 2930 32022181652
2 2934 27245903248
2 2938 31934987147
2 2946 31848266205
2 2950 31805082114
2 2954 31762014975
2 2958 23789298236
2 2970 23693179860
2 2982 21122824422
2 2990 23534697050
2 2994 24176067069
2 3002 31254161306
2 3006 19951033036
2 3010 23378320327
2 3014 31129725361
2 3018 31088466613
2 3026 26844998168
2 3030 15687136244
2 3034 30924519525
2 3038 30883802580
2 3042 30843192714
2 3050 30762292538
2 3054 27284317885
2 3058 26585449822
2 3066 20202238530
2 3070 15242258881
2 3074 30522118490
2 3078 30482453618
2 3082 30442891707
2 3090 18598045078
2 3094 22743614797
2 3102 22684959439
2 3110 26030385260
2 3114 30130055311
2 3122 30052848250
2 3126 -4751781611
2 3130 22408600078
2 3138 1134556409
2 3146 29823583039
2 3150 22339283868
2 3154 29747936664
2 3162 22254504800
2 3170 10691073535
2 3174 15296294770
2 3178 21248673501
2 3182 29486169779
2 3186 29449150107
2 3190 22059167456
2 3198 22003985046
2 3206 29265437380
2 3210 17670363485
2 3222 19254987869
2 3230 21785988910
2 3234 19432407305
2 3246 33646974
2 3250 28869228381
2 3258 22135852712
2 3262 24481158134
2 3266 26154232514
2 3270 21519493633
2 3278 16587803559
2 3282 65260154
2 3286 28552949556
2 3290 21388676044
2 3294 28483604201
2 3298 28449057683
2 3302 24243393487
2 3306 21285161578
2 3310 21160613013
2 3318 17710413028
2 3322 23991297562
2 3330 21131755009
2 3342 110047265
2 3346 20044016989
2 3350 28007460369
2 3354 16937669343
2 3358 23631291305
2 3366 20905746934
2 3370 -1186741644
2 3374 27808237178
2 3378 -923708657
2 3382 23451933968
2 3390 16625422981
2 3402 27579362798
2 3406 23151895106
2 3410 20635995360
2 3414 -37821094
2 3422 27418174237
2 3426 -2590964070
2 3430 23495117630
2 3434 19202099874
2 3438 23389683115
2 3450 20396737445
2 3454 27164155252
2 3458 20349550081
2 3462 27101384240
2 3470 19715349460
2 3474 22905702356
2 3478 26976708521
2 3486 16086911647
2 3490 850963332
2 3498 20116850824
2 3502 22553234873
2 3510 20048075265
2 3514 26700339283
2 3522 23097703726
2 3526 26609470289
2 3530 4435356797
2 3534 19911925348
2 3538 26519217704
2 3542 19866952056
2 3546 22345274057
2 3550 21695664263
2 3558 19750626774
2 3562 22250446253
2 3570 15768906259
2 3582 17918199816
2 3586 17832147198
2 3590 26135095331
2 3594 15056441880
2 3598 26076985058
2 3606 -1558038225
2 3610 21509733779
2 3614 21449922700
2 3618 25932833675
2 3626 25875618378
2 3630 19385328976
2 3634 21704540374
2 3638 21651844713
2 3642 -114348740
2 3650 21466881176
2 3654 19258003334
2 3658 25649259770
2 3666 19194965680
2 3670 14701684995
2 3674 25537559128
2 3678 25509785818
2 3682 20977712636
2 3686 21163896213
2 3690 19070120374
2 3702 25344406332
2 3706 25317051332
2 3710 18967316492
2 3714 -1277811227
2 3718 25235339494
2 3726 25181157338
2 3730 7144084808
2 3738 15002985389
2 3750 3154720479
2 3762 18705141995
2 3766 24913699480
2 3770 18665449386
2 3774 18645666186
2 3782 24808300434
2 3786 -2604617286
2 3790 20641820009
2 3794 21292151037
2 3798 17366624695
2 3806 24651863437
2 3810 18469486663
2 3818 13661323636
2 3822 18411497693
2 3830 17075465949
2 3834 20181305141
2 3838 24446324190
2 3842 24420872525
2 3846 6977497
2 3850 18277595891
2 3854 24344834519
2 3858 24319593633
2 3870 18183138031
2 3874 8823885912
2 3878 -62616731
2 3882 -178247144
2 3886 24144362387
2 3890 24119535280
2 3894 18071069383
2 3906 18015551507
2 3910 17997121273
2 3914 15988175826
2 3918 104689919
2 3922 23922741520
2 3926 20094797747
2 3930 13767110338
2 3934 18056317558
2 3938 19971744741
2 3942 19638967336
2 3950 23753162592
2 3954 -75503162
2 3962 -574663962
2 3966 9009439
2 3970 6353193089
2 3978 17689478175
2 3982 3571121399
2 3990 14109021389
2 4002 17583394347
2 4010 1457108473
2 4014 23374437529
2 4018 23351167804
2 4026 13226347211
2 4030 17461226843
2 4038 23235510708
2 4042 23212516635
2 4046 23189568028
2 4050 20677916919
2 4062 23098225564
2 4066 18770555937
2 4070 17289617734
2 4074 5498388280
2 4082 18492953010
2 4086 7698721950
2 4090 3348127598
2 4094 18608237602
2 4098 18422344
2 4102 22872986894
2 4110 8917455412
2 4114 12709626692
2 4118 5236373796
2 4122 19220019423
2 4130 16602375203
2 4134 13218380577
2 4142 22652098560
2 4146 18378784279
2 4150 18722562163
2 4154 18426681933
2 4158 16923699899
2 4170 5670913898
2 4182 16826576800
2 4186 16810497893
2 4190 4232890291
2 4194 6961015928
2 4202 14358489042
2 4206 115115394
2 4210 3362436978
2 4214 22265066976
2 4218 12520563921
2 4230 16635636922
2 4234 15672627303
2 4238 14740320419
2 4242 8975824352
2 4246 13897466035
2 4250 14108554894
2 4254 22055710447
2 4266 21993669066
2 4270 12341377040
2 4278 16448981810
2 4290 13122376539
2 4294 21850254364
2 4298 9879329898
2 4302 7349808943
2 4310 -792762987
2 4314 14726361816
2 4318 4112923532
2 4326 9732913756
2 4330 -2456221723
2 4334 17592794667
2 4338 2819844174
2 4342 17583255525
2 4346 21588815517
2 4350 12865006424
2 4354 13436666240
2 4362 -1354399409
2 4366 17180475430
2 4370 16102687457
2 4374 32175923264
2 4378 17545147257
2 4382 13439932515
2 4386 11589713122
2 4390 6278238643
2 4398 21333558944
2 4402 1590578052
2 4410 15956631335
2 4422 15913329755
2 4430 800125839
2 4434 21160350077
2 4438 9826760569
2 4446 15827427840
2 4450 17373391026
2 4454 13586035212
2 4458 21046431638
2 4462 21027564374
2 4466 15756548182
2 4470 9337994061
2 4482 16890287902
2 4490 13544867689
2 4494 7733189573
2 4498 20859269061
2 4506 52013949
2 4510 12400869126
2 4514 19878786176
2 4518 20766930553
2 4522 15561420651
2 4526 12444907655
2 4530 7847745908
2 4542 20657197763
2 4550 15465658061
2 4554 15452073821
2 4558 16335128080
2 4566 20548618536
2 4570 3406154579
2 4578 15371066880
2 4582 20476864303
2 4590 15330881085
2 4598 16273290783
2 4602 15290904864
2 4606 16133419108
2 4610 16854725035
2 4614 -2529177467
2 4626 20282099489
2 4630 20264577158
2 4634 747367320
2 4638 20229623165
2 4642 15905566672
2 4646 17673184526
2 4650 15133063264
2 4654 8982867633
2 4658 11920272962
2 4662 15094110720
2 4670 9189896404
2 4674 15055358190
2 4686 9031898429
2 4690 10865574094
2 4698 15689394412
2 4706 11363485410
2 4710 6367617102
2 4718 1152040547
2 4722 -47407217
2 4726 11642459096
2 4730 14877112936
2 4734 15569833511
2 4738 6988324114
2 4746 11519151878
2 4750 19752629945
2 4758 11351880219
2 4770 13902865018
2 4774 12116317011
2 4790 5162973391
2 4794 10664589050
2 4806 16477717231
2 4810 14629676544
2 4814 19490027469
2 4818 8118117902
2 4826 6914727669
2 4830 11655278541
2 4838 12625657714
2 4842 15939638316
2 4850 13673797267
2 4858 1541871931
2 4862 14473209416
2 4866 19281749330
2 4870 220729539
2 4878 15926509313
2 4886 11154682062
2 4890 6417307094
2 4898 2447750987
2 4902 14355108972
2 4906 19124539796
2 4910 19108959723
2 4914 14320053760
2 4922 15258801324
2 4926 78882966
2 4930 14273578942
2 4938 73959924
2 4942 1112168487
2 4950 14215907916
2 4958 15120389591
2 4962 18908704603
2 4966 7659477091
2 4970 6506108580
2 4978 18847929337
2 4982 18832796516
2 4986 18817687975
2 4990 682749540
2 4994 599296379
2 4998 14079380590
2 5002 13043407452
2 5010 6242943327
2 5014 18712603159
2 5018 -53389449
2 5022 14369865309
2 5026 7690731495
2 5030 -1180980901
2 5038 7619079582
2 5046 18593934252
2 5050 8741296990
2 5054 15126818326
2 5058 806572649
2 5066 10343915971
2 5070 10236118056
2 5074 10631027849
2 5082 9987556041
2 5090 18433200833
2 5094 14404812273
2 5106 13781579353
2 5110 9521234940
2 5122 14371964997
2 5126 1706451462
2 5130 13717104128
2 5134 10378548698
2 5138 -409024260
2 5146 5492911993
2 5150 11120042514
2 5162 9835991131
2 5166 9526700451
2 5170 13610975665
2 5174 6468431563
2 5190 5471506704
2 5194 18064110944
2 5198 2953451710
2 5202 18036330688
2 5206 13908357959
2 5210 18008635746
2 5214 9692544992
2 5222 372767844
2 5226 7657563404
2 5230 -674400694
2 5238 9261476982
2 5246 9341511316
2 5250 9265147788
2 5254 9395467612
2 5258 7435274978
2 5262 17830671274
2 5270 9006107318
2 5274 10691422265
2 5278 13332463847
2 5282 9780922944
2 5290 13644494214
2 5302 1836136725
2 5306 17682810449
2 5310 7236689880
2 5330 7724994756
2 5334 2473899149
2 5338 8985077113
2 5346 17550503599
2 5350 13494507189
2 5358 8887385066
2 5362 -1892187710
2 5370 4933160751
2 5382 13074831694
2 5390 11758084772
2 5394 8874542816
2 5402 6595180864
2 5406 8701993742
2 5410 -158881042
2 5418 9445968309
2 5430 5825282870
2 5434 12949713688
2 5446 3477760125
2 5450 17215594907
2 5454 1817185755
2 5470 56594608
2 5474 12855086625
2 5478 5588551353
2 5486 17102623448
2 5490 6212944103
2 5494 13218612224
2 5502 8967412510
2 5510 12771096949
2 5518 4499515156
2 5522 16991124998
2 5526 2104056308
2 5530 12724908531
2 5538 5053934114
2 5542 5417034314
2 5546 6325246687
2 5550 11149868937
2 5558 16881070932
2 5562 13009823130
2 5566 12801011739
2 5570 -116647534
2 5586 8396443552
2 5590 12588326330
2 5598 13218461347
2 5610 10034758528
2 5614 -2501807473
2 5626 7763466941
2 5630 2881708736
2 5634 1764257831
2 5642 8613197377
2 5650 8893765008
2 5654 8249792221
2 5658 2147014526
2 5662 3392458936
2 5670 8767394595
2 5678 8721588771
2 5690 12184507484
2 5694 1752928902
2 5698 12349726955
2 5706 1626926956
2 5710 16431697415
2 5718 16408707981
2 5726 16385782788
2 5730 1155514870
2 5734 7779360076
2 5738 9091577528
2 5742 12255093032
2 5746 12891065582
2 5750 12273944647
2 5754 1338089814
2 5762 13968620837
2 5766 16272111037
2 5770 -4241281350
2 5778 12527439521
2 5782 7463241001
2 5786 -123678229
2 5790 845561678
2 5798 -2810155911
2 5810 90540593
2 5814 12103327174
2 5822 3482182776
2 5830 9755324140
2 5838 641085750
2 5842 2246484912
2 5846 11744487848
2 5850 12028845160
2 5858 5882199430
2 5866 -668174974
2 5870 -241292238
2 5874 1104237062
2 5882 10541522966
2 5886 15940365654
2 5890 7716617011
2 5894 -1441544275
2 5902 11758729660
2 5910 373297957
2 5918 12210853730
2 5922 8060343975
2 5930 -1234217691
2 5934 7802772216
2 5950 11826679695
2 5954 4740424154
2 5958 1197868639
2 5962 12429360993
2 5966 11701167845
2 5970 4657918532
2 5974 1294298133
2 5978 111678683
2 5986 1246215953
2 5990 -3632860962
2 5994 9907980116
2 6006 9373126099
2 6010 -3791715547
2 6014 6573259933
2 6018 7746971581
2 6026 15570028582
2 6030 6515175348
2 6034 4591599357
2 6042 7700524530
2 6050 11562189864
2 6058 7457927749
2 6062 1162037248
2 6066 3900074031
2 6070 65044608
2 6086 36251102
2 6090 5701854175
2 6094 1141981840
2 6102 5912035963
2 6106 1475391132
2 6110 7021275372
2 6118 11501919612
2 6130 15305871491
2 6138 11237903909
2 6142 3299707401
2 6146 15266025422
2 6150 8881092284
2 6154 284117994
2 6162 6908176095
2 6170 15206643799
2 6174 959080781
2 6182 7537188814
2 6190 -961025436
2 6194 1280803708
2 6202 1834701970
2 6206 11296178698
2 6210 11331520803
2 6214 3005216620
2 6222 7598789483
2 6226 11055952930
2 6230 3293742816
2 6246 7465711046
2 6254 251649115
2 6258 916095430
2 6262 1017667062
2 6266 116214032
2 6270 8978468159
2 6278 122224503
2 6282 1054507503
2 6286 3131609387
2 6290 7333600461
2 6298 10582793219
2 6302 223242497
2 6310 8063679622
2 6314 7399271194
2 6318 8230903307
2 6322 14841030091
2 6330 -68646550
2 6342 4086790403
2 6346 11141583987
2 6350 2353368300
2 6354 3150544351
2 6358 11319314333
2 6370 9749557749
2 6386 3772356645
2 6390 67496018
2 6394 4871779862
2 6398 -1853942633
2 6402 5268417504
2 6410 -1070037300
2 6422 2080094539
2 6426 10950629346
2 6430 14591756181
2 6438 9523126776
2 6446 -1707297782
2 6450 6771460285
2 6454 14537494924
2 6462 3382789520
2 6466 7338916787
2 6470 14501544395
2 6474 4702054817
2 6478 2632286802
2 6482 14474697969
2 6486 2478346994
2 6490 3181854376
2 6494 3984424657
2 6498 14439056977
2 6510 4365596419
2 6526 14377105767
2 6530 -1750237334
2 6534 9847889330
2 6538 3449609330
2 6550 3326149597
2 6554 1201180943
2 6562 -123591990
2 6566 6489648031
2 6570 547946999
2 6574 476248295
2 6578 10697589570
2 6586 184662709
2 6590 14237479855
2 6594 6088600452
2 6606 3339288115
2 6610 14194401246
2 6622 6689199090
2 6630 8490949526
2 6634 6355897391
2 6642 2377336702
2 6650 10581766044
2 6666 879847878
2 6670 3402006659
2 6674 -9073313
2 6678 6283671214
2 6682 14041453493
2 6690 7130695130
2 6698 7154207849
2 6706 3004176592
2 6710 7175428809
2 6714 3731935542
2 6726 2824230198
2 6730 -2177229873
2 6734 6907781533
2 6750 1061992331
2 6754 2963322538
2 6758 13883544280
2 6762 3657098818
2 6766 -766817199
2 6786 10369694102
2 6790 6617980949
2 6794 2249661545
2 6798 2775036918
2 6802 -83171566
2 6806 232649287
2 6810 146914513
2 6818 912510261
2 6822 13753297015
2 6834 7094903798
2 6838 2211622339
2 6842 10405288012
2 6846 1049161148
2 6850 2160502162
2 6854 2678863313
2 6858 315240178
2 6862 427218645
2 6870 3184595832
2 6874 13649256945
2 6878 99261621
2 6882 604672982
2 6886 3518797864
2 6890 6080851754
2 6894 9635599797
2 6902 10195413529
2 6910 -2403044556
2 6930 8123375952
2 6942 1018853288
2 6946 9344753744
2 6950 2785182548
2 6954 5710860830
2 6958 402103461
2 6966 723751161
2 6970 6350341729
2 6974 818351006
2 6986 -3737124282
2 6990 737336058
2 6994 9977385448
2 7002 3751329893
2 7006 397010447
2 7014 2226274452
2 7018 287347556
2 7030 10009778688
2 7038 9998400708
2 7042 -2726334087
2 7046 9878381249
2 7050 5477021939
2 7062 6253544544
2 7070 1938141118
2 7074 9289298029
2 7098 2449866434
2 7102 310943528
2 7106 9902722233
2 7110 6038043569
2 7126 -2951964275
2 7130 4265002098
2 7134 6556048927
2 7138 7886936249
2 7146 -1534075941
2 7150 9841782403
2 7154 403866648
2 7170 23537169
2 7174 8915457357
2 7178 1608147145
2 7182 9797931520
2 7190 6026779782
2 7194 9781588016
2 7198 1957305082
2 7202 5769840444
2 7210 3007472826
2 7218 1794321957
2 7222 2594694678
2 7230 1913709957
2 7238 6334323716
2 7242 2355323198
2 7250 8898503702
2 7254 5598614150
2 7258 -246800147
2 7266 -297549708
2 7270 -3212760199
2 7282 1857038242
2 7290 5258601870
2 7294 5511744139
2 7298 501444406
2 7306 -241189438
2 7310 5767259681
2 7314 4366720128
2 7322 -4437921421
2 7326 5783089361
2 7330 12800135367
2 7334 5365478032
2 7350 456602629
2 7358 99951184
2 7362 1513468365
2 7366 -16045943
2 7370 1925399328
2 7378 5374625517
2 7398 4709258572
2 7406 5189180047
2 7410 7597165364
2 7414 5515931985
2 7426 4212975154
2 7434 3244601202
2 7446 -38377716
2 7450 -130638518
2 7458 330850435
2 7462 4947540020
2 7470 2163031372
2 7474 2774365585
2 7482 2815313002
2 7486 8587321320
2 7490 6083309551
2 7498 1994728626
2 7502 134951665
2 7506 2498230199
2 7510 12493341178
2 7514 5228900784
2 7518 989279972
2 7526 -72312839
2 7530 9345118750
2 7542 5193423828
2 7546 4893096306
2 7550 5526465797
2 7562 2567854941
2 7566 73633201
2 7570 -4020098995
2 7574 8528665426
2 7578 -871564796
2 7582 8986900462
2 7590 7416995436
2 7598 1815214815
2 7602 420942940
2 7610 -4041299427
2 7614 1368963436
2 7618 12316223713
2 7622 2630518197
2 7626 11490189
2 7630 9222640128
2 7634 6207882470
2 7638 5167794799
2 7650 9198528652
2 7654 -24719255
2 7658 8754124573
2 7670 1964630553
2 7678 -805088717
2 7682 -366429795
2 7686 5301644958
2 7690 -605910658
2 7710 5012830152
2 7714 6060231720
2 7718 68155664
2 7722 9112761486
2 7738 -46909415
2 7742 317514375
2 7750 441514836
2 7758 1376623023
2 7766 4492116162
2 7770 3933456772
2 7774 991833832
2 7786 72514284
2 7790 6467388774
2 7794 8540337382
2 7798 -3952819030
2 7802 430822454
2 7810 2236633704
2 7826 4065166923
2 7830 8987068224
2 7850 -45070217
2 7854 3826108170
2 7866 8103461363
2 7874 -100074828
2 7878 949527686
2 7882 11903703659
2 7890 2448986292
2 7898 4856995518
2 7902 -564861886
2 7906 1239118829
2 7910 525312492
2 7918 609191408
2 7922 3618079599
2 7930 2222655946
2 7938 378199089
2 7942 11813773890
2 7946 -23329217
2 7950 2634352835
2 7954 146046391
2 7958 -97641773
2 7966 -1928144354
2 7974 1780770405
2 7982 -3198675271
2 7986 11748684227
2 7990 2349124876
2 7994 11736926725
2 7998 668677914
2 8010 776082670
2 8018 1186083534
2 8022 2810542217
2 8030 1048713435
2 8034 3072850771
2 8046 2491079446
2 8050 8741458904
2 8058 1260952856
2 8062 -17708080
2 8066 11632158720
2 8070 8719794819
2 8074 1998656359
2 8078 1389327067
2 8082 11609130443
2 8086 -75306215
2 8094 535033553
2 8106 4707009210
2 8110 11569049598
2 8118 5285254578
2 8122 3774326919
2 8126 75811558
2 8130 1080613080
2 8134 712103956
2 8138 3185381691
2 8142 141907314
2 8150 2323675574
2 8154 4966086899
2 8162 4750168180
2 8170 1594758933
2 8174 302951150
2 8178 2119110884
2 8190 6873625808
2 8194 3553468220
2 8206 1608306955
2 8214 11422570276
2 8218 4567216627
2 8226 866785789
2 8230 11400363578
2 8234 40245778
2 8242 173226782
2 8246 3197168615
2 8250 4643675050
2 8262 7041416127
2 8270 11345222762
2 8274 1651099700
2 8282 588477815
2 8294 8484295176
2 8298 11306940496
2 8302 -2443098386
2 8310 2111235155
2 8322 120856856
2 8326 1073157980
2 8330 4284608956
2 8334 -1624806884
2 8338 -2218831352
2 8342 53475400
2 8346 863657667
2 8350 278509483
2 8358 1135400796
2 8362 -173372459
2 8366 119435153
2 8370 4506366828
2 8374 3046516445
2 8378 256732969
2 8382 451107162
2 8386 11188289082
2 8398 8379226505
2 8406 -4346527854
2 8410 11156360552
2 8414 1380865093
2 8418 484908316
2 8426 11135175912
2 8430 322929887
2 8442 4389480366
2 8446 1568768839
2 8450 4475875681
2 8466 4197808863
2 8470 4664679468
2 8474 11072101988
2 8478 2352198839
2 8490 728358997
2 8494 2738411760
3 2187 128703693054
3 4374 32175923263
3 729 386111079164
3 1458 96527769791
3 2916 48263884895
3 3645 46899959653
3 5103 35191130233
3 5832 38154154674
3 7290 28093904177
3 8019 36839438182
3 243 1158333237492
3 486 289583309373
3 972 144791654686
3 1215 115833323749
3 1701 82738088392
3 1944 72395827343
3 2430 38611107916
3 2673 52651510795
3 3159 44551278365
3 3402 27579362797
3 3888 36197913671
3 4131 34068624632
3 4617 30482453618
3 4860 19305553958
3 5346 17550503598
3 5589 25181157337
3 6075 23166664750
3 6318 28089471753
3 6804 21737800702
3 7047 19971262715
3 7533 18682794153
3 7776 25501646246
3 8262 19985792380
3 81 3474999712477
3 162 868749928119
3 324 434374964059
3 405 347499971248
3 567 248214265177
3 648 217187482029
3 810 115833323749
3 891 157954532385
3 1053 133653835095
3 1134 82738088392
3 1296 108593741014
3 1377 102205873896
3 1539 91447360855
3 1620 57916661874
3 1782 52651510795
3 1863 75543472010
3 2025 69499994250
3 2106 44551278365
3 2268 41369044196
3 2349 59913788146
3 2511 56048382459
3 2592 54296870507
3 2754 34068624632
3 2835 33095235358
3 2997 46959455574
3 3078 30482453618
3 3240 28958330937
3 3321 42378045274
3 3483 40406973401
3 3564 26325755397
3 3726 25181157336
3 3807 36968082048
3 3969 35459180740
3 4050 28144160413
3 4212 22275639182
3 4293 32783016155
3 4455 29147494932
3 4536 29188169606
3 4698 28534999323
3 4779 29449150106
3 4941 27991161525
3 5022 27308651841
3 5184 27148435253
3 5265 26781648908
3 5427 25932833675
3 5508 26243673934
3 5670 23340669256
3 5751 26223815671
3 5913 15818935638
3 5994 27143495342
3 6156 22948825309
3 6237 28494369791
3 6399 26447901267
3 6480 27832817666
3 6642 25020680943
3 6723 26267484338
3 6885 21519596486
3 6966 26416485431
3 7128 29207131520
3 7209 26232621957
3 7371 25163059735
3 7452 26385922089
3 7614 22307976221
3 7695 29452295593
3 7857 15923941322
3 7938 26394602211
3 8100 26251882972
3 8181 -10459559558
3 8343 15584469231
3 8424 26901976131
3 27 10424999137431
3 54 2606249784357
3 108 1303124892178
3 135 1042499913743
3 189 744642795531
3 216 651562446089
3 270 347499971247
3 297 473863597156
3 351 400961505286
3 378 248214265176
3 432 325781223044
3 459 306617621689
3 513 274342082564
3 540 173749985623
3 594 157954532385
3 621 226630416031
3 675 208499982749
3 702 133653835095
3 756 124107132588
3 783 179741364438
3 837 168145147378
3 864 162890611522
3 918 102205873896
3 945 99285706072
3 999 140878366722
3 1026 91447360854
3 1080 86874992811
3 1107 127134135822
3 1161 121220920203
3 1188 78977266192
3 1242 75543472010
3 1269 110904246143
3 1323 106377542219
3 1350 69499994249
3 1404 66826917547
3 1431 98349048466
3 1485 63181812954
3 1512 62053566294
3 1566 59913788146
3 1593 88347450317
3 1647 85450812602
3 1674 56048382459
3 1728 81445305761
3 1755 53461534038
3 1809 77798501026
3 1836 51102936948
3 1890 37232139776
3 1917 73415486883
3 1971 71404103681
3 1998 46959455574
3 2052 45723680427
3 2079 45129866397
3 2133 65981007199
3 2160 43437496405
3 2214 42378045274
3 2241 62801199623
3 2295 40882349559
3 2322 40406973400
3 2376 39488633096
3 2403 58567410884
3 2457 38186810027
3 2484 37771736005
3 2538 36968082047
3 2565 36578944343
3 2619 53737108956
3 2646 35459180739
3 2700 34749997124
3 2727 51608906621
3 2781 50606791929
3 2808 33413458773
3 2862 31369388880
3 2889 48714949240
3 2943 47821096961
3 2970 23693179857
3 3024 31026783147
3 3051 44721223434
3 3105 30217388804
3 3132 29956894073
3 3186 29449150105
3 3213 29201678256
3 3267 43078508832
3 3294 28483604200
3 3348 28024191229
3 3375 41699996550
3 3429 26127959345
3 3456 40722652880
3 3510 20048075264
3 3537 39790073044
3 3591 26127817387
3 3618 25932833675
3 3672 25551468474
3 3699 38047442107
3 3753 21162554434
3 3780 18616069888
3 3834 20181305141
3 3861 24300697290
3 3915 23965515259
3 3942 19638967334
3 3996 23479727787
3 4023 34983218582
3 4077 34519864693
3 4104 22861840213
3 4158 16923699898
3 4185 22419352985
3 4239 25306546263
3 4266 21993669066
3 4320 21718748202
3 4347 21583849147
3 4401 -237125984
3 4428 21189022637
3 4482 16890287900
3 4509 31212572268
3 4563 10841147660
3 4590 15330881084
3 4644 20203486700
3 4671 14957681829
3 4725 19857141214
3 4752 19744316548
3 4806 16477717229
3 4833 105669380
3 4887 8807183246
3 4914 14320053760
3 4968 18885868002
3 4995 18783782230
3 5049 18582886164
3 5076 18484041023
3 5130 13717104128
3 5157 23028421411
3 5211 22754042948
3 5238 9261476980
3 5292 12721549782
3 5319 26459388674
3 5373 18095761507
3 5400 17374998562
3 5454 1870561259
3 5481 17118225185
3 5535 16951218110
3 5562 13009823130
3 5616 16706729386
3 5643 16626792883
3 5697 20849990175
3 5724 16391508077
3 5778 12527439520
3 5805 13737640038
3 5859 16013823561
3 5886 15940365653
3 5940 11846589928
3 5967 15723980600
3 6021 16293435360
3 6048 15513391573
3 6102 5912035962
3 6129 283123171
3 6183 18509778754
3 6210 11331520801
3 6264 14978447036
3 6291 18089374480
3 6345 10282872603
3 6372 10212961438
3 6426 10950629346
3 6453 6459154873
3 6507 2617309403
3 6534 9847889330
3 6588 228753787
3 6615 11806907276
3 6669 14068824748
3 6696 9930944978
3 6750 3799524330
3 6777 20766930553
3 6831 13501539946
3 6858 2791236082
3 6912 12592999298
3 6939 16051561291
3 6993 13416987308
3 7020 10024037632
3 7074 9289298029
3 7101 15565663157
3 7155 9290952636
3 7182 9797931520
3 7236 9107309324
3 7263 15213524043
3 7317 15071296354
3 7344 12775734237
3 7398 4709258571
3 7425 12636362592
3 7479 -2638709324
3 7506 4479591054
3 7560 9308034944
3 7587 2773711026
3 7641 14404812273
3 7668 4126043390
3 7722 9112761483
3 7749 8670329434
3 7803 -1839454318
3 7830 8987068221
3 7884 337682370
3 7911 17790100917
3 7965 4037153142
3 7992 11739863893
3 8046 2044816605
3 8073 11386388984
3 8127 4256157241
3 8154 5650962583
3 8208 11430920106
3 8235 5794549413
3 8289 2690747754
3 8316 8461849949
3 8370 4506366825
3 8397 16760448774
3 8451 4739293391
3 8478 4091935727
3 9 31274997412295
3 18 7818749353073
3 36 3909374676536
3 45 3127499741230
3 63 2233928386593
3 72 1954687338268
3 90 1042499913743
3 99 1421590791468
3 117 1202884515858
3 126 744642795530
3 144 977343669134
3 153 919852865068
3 171 823026247692
3 180 521249956871
3 198 473863597155
3 207 679891248093
3 225 625499948246
3 234 400961505285
3 252 372321397765
3 261 539224093315
3 279 504435442134
3 288 488671834567
3 306 306617621689
3 315 297857118213
3 333 422635100166
3 342 274342082563
3 360 260624978435
3 369 381402407467
3 387 363662760608
3 396 236931798577
3 414 226630416031
3 423 332712738429
3 441 319132626656
3 450 208499982748
3 468 200480752642
3 477 295047145399
3 495 189545438863
3 504 186160698882
3 522 179741364438
3 531 265042350952
3 549 256352437806
3 558 168145147377
3 576 244335917283
3 585 160384602115
3 603 233395503077
3 612 153308810844
3 630 111696419329
3 639 220246460650
3 657 214212311043
3 666 140878366722
3 684 137171041281
3 693 135389599188
3 711 197943021597
3 720 130312489217
3 738 127134135822
3 747 188403598869
3 765 122647048677
3 774 121220920202
3 792 118465899288
3 801 175702232653
3 819 114560430083
3 828 113315208015
3 846 110904246142
3 855 109736833026
3 873 161211326868
3 882 106377542218
3 900 104249991374
3 909 154826719863
3 927 151820375788
3 936 100240376321
3 954 98349048466
3 963 146144847721
3 981 143463290882
3 990 71079539573
3 1008 93080349441
3 1017 138384944302
3 1035 90652166413
3 1044 89870682219
3 1062 88347450317
3 1071 87605034769
3 1089 129235526497
3 1098 85450812601
3 1116 84072573688
3 1125 125099989649
3 1143 123129911072
3 1152 122167958641
3 1170 60144225792
3 1179 119370219131
3 1197 78383452161
3 1206 77798501025
3 1224 76654405422
3 1233 114142326322
3 1251 112499990692
3 1260 55848209664
3 1278 73415486883
3 1287 72902091870
3 1305 71896545776
3 1314 71404103681
3 1332 70439183361
3 1341 104949655746
3 1359 103559594080
3 1368 68585520640
3 1386 50771099695
3 1395 67258058951
3 1413 99601902587
3 1422 65981007198
3 1440 65156244608
3 1449 64751547438
3 1467 95935574884
3 1476 63567067911
3 1494 62801199623
3 1503 93637716803
3 1521 92529578143
3 1530 45992643253
3 1548 60610460101
3 1557 90390165931
3 1575 59571423643
3 1584 59232949644
3 1602 58567410884
3 1611 87360327967
3 1629 86395020476
3 1638 42960161280
3 1656 56657604007
3 1665 56351346690
3 1683 55748658490
3 1692 55452123071
3 1710 41151312384
3 1719 81871720975
3 1737 81023309358
3 1746 53737108955
3 1764 53188771109
3 1773 79378166021
3 1791 78580395508
3 1800 52124995687
3 1818 51608906620
3 1827 51354675555
3 1845 50853654330
3 1854 50606791929
3 1872 50120188160
3 1881 49880378649
3 1899 74111368276
3 1908 49174524233
3 1926 48714949240
3 1935 48488368081
3 1953 48041470680
3 1962 47821096960
3 1980 35539769786
3 1989 47171941799
3 2007 70123312584
3 2016 46540174720
3 2034 43741847940
3 2043 68887659498
3 2061 68286020551
3 2070 33994562404
3 2088 44935341109
3 2097 50661438091
3 2115 44361698457
3 2124 44173725158
3 2142 32851888038
3 2151 65428864879
3 2169 56245044777
3 2178 43078508832
3 2196 42725406300
3 2205 42551016888
3 2223 42206474241
3 2232 42036286844
3 2250 41699996549
3 2259 62300791658
3 2277 41205530188
3 2286 41043303690
3 2304 61083979320
3 2313 60846298468
3 2331 40250961921
3 2340 30072112896
3 2358 39790073043
3 2367 59458169985
3 2385 39339619387
3 2394 29393794560
3 2412 38899250512
3 2421 58131965450
3 2439 57702947255
3 2448 38327202711
3 2466 31769848014
3 2475 37909087773
3 2493 56453063921
3 2502 13306111686
3 2520 27924104832
3 2529 51703388272
3 2547 55256179174
3 2556 36707743441
3 2574 27338284451
3 2583 36324038807
3 2601 54108992063
3 2610 26961204665
3 2628 35702051840
3 2637 53370302751
3 2655 35338980128
3 2664 35219591680
3 2682 32524837594
3 2691 34866217852
3 2709 34634548630
3 2718 30356845295
3 2736 34292760320
3 2745 34180325042
3 2763 50936477870
3 2772 25385549847
3 2790 25221772106
3 2799 50281346322
3 2817 45934611410
3 2826 20636086045
3 2844 32990503599
3 2853 23019064979
3 2871 32680248081
3 2880 32578122304
3 2898 24281830289
3 2907 32275539125
3 2925 32076920424
3 2934 27245903247
3 2952 31783533955
3 2961 31686927470
3 2979 -623165735
3 2988 27344803745
3 3006 19951033034
3 3015 31119400410
3 3033 22617866266
3 3042 30843192714
3 3060 22996321626
3 3069 30571844979
3 3087 45590375237
3 3096 30305230050
3 3114 30130055310
3 3123 45064837770
3 3141 44806586551
3 3150 22339283865
3 3168 29616474822
3 3177 39005020702
3 3195 28863487475
3 3204 24963907850
3 3222 19254987868
3 3231 43558492218
3 3249 43317170931
3 3258 22135852711
3 3276 21480080640
3 3285 12700535007
3 3303 -2198728857
3 3312 28328802003
3 3330 21131755008
3 3339 28099728133
3 3357 -4435772293
3 3366 20905746933
3 3384 27726061535
3 3393 27652517607
3 3411 41259891045
3 3420 20575656192
3 3438 23389683115
3 3447 29696180394
3 3465 20308439878
3 3474 22905702356
3 3492 21204277848
3 3501 8176249682
3 3519 26662401886
3 3528 26594385554
3 3546 22345274055
3 3555 26392402880
3 3573 39389165507
3 3582 17918199815
3 3600 26062497843
3 3609 3946080987
3 3627 25868484213
3 3636 25804453310
3 3654 19258003332
3 3663 25614248496
3 3681 3980045221
3 3690 19070120373
3 3708 21064799815
3 3717 25242128662
3 3735 25120479849
3 3744 25060094080
3 3762 18705141992
3 3771 1329884930
3 3789 37143702390
3 3798 17366624695
3 3816 24587262116
3 3825 24529409735
3 3843 24414517886
3 3852 21049668180
3 3870 18183138030
3 3879 -461949785
3 3897 -3744403922
3 3906 18015551504
3 3924 23910548480
3 3933 23855833267
3 3951 35620725982
3 3960 17769884893
3 3978 17689478174
3 3987 1043776874
3 4005 21356216494
3 4014 23374437527
3 4032 23270087360
3 4041 -2553133338
3 4059 23115297422
3 4068 18863653914
3 4086 7698721950
3 4095 17184064513
3 4113 -1794416692
3 4122 19220019423
3 4140 16997281202
3 4149 30423053630
3 4167 33774295262
3 4176 22467670554
3 4194 6961015928
3 4203 7284706075
3 4221 22228143150
3 4230 16635636921
3 4248 9998500064
3 4257 22040167310
3 4275 21947366605
3 4284 16425944019
3 4302 7349808942
3 4311 21659110927
3 4329 21673594880
3 4338 2819844172
3 4356 17308716218
3 4365 4467455593
3 4383 32109853606
3 4392 21362703150
3 4410 15956631332
3 4419 31848266204
3 4437 21146042875
3 4446 15827427840
3 4464 21018143422
3 4473 6136920530
3 4491 20026448376
3 4500 20849998274
3 4518 20766930552
3 4527 -2889690367
3 4545 11485245740
3 4554 15452073820
3 4572 12336982380
3 4581 27284317885
3 4599 16238153082
3 4608 -242076164
3 4626 20282099489
3 4635 12029620888
3 4653 20164408390
3 4662 15094110720
3 4680 15036056448
3 4689 30014392910
3 4707 11174651028
3 4716 16072782695
3 4734 15569833511
3 4743 19259868067
3 4761 18684096529
3 4770 13902865015
3 4788 14696897280
3 4797 19559097820
3 4815 19485979696
3 4824 9204357016
3 4842 15939638314
3 4851 19341371313
3 4869 25045696010
3 4878 15926509311
3 4896 19163601355
3 4905 19128438784
3 4923 25089981148
3 4932 5397715652
3 4950 14215907914
3 4959 18920143625
3 4977 10567810631
3 4986 18817687973
3 5004 5728250826
3 5013 28074503961
3 5031 18649372340
3 5040 13962052416
3 5058 1185291713
3 5067 -3518540764
3 5085 18451325908
3 5094 14404812273
3 5112 11864216899
3 5121 8227010971
3 5139 27386162358
3 5148 13669142225
3 5166 9526700450
3 5175 18130433283
3 5193 -3116837560
3 5202 18036330687
3 5220 13480602332
3 5229 17943199892
3 5247 17881645177
3 5256 9353649742
3 5274 10691422265
3 5283 23097703725
3 5301 17699489199
3 5310 7236689878
3 5328 17609795840
3 5337 -1202609046
3 5355 13140755216
3 5364 5583012833
3 5382 13074831694
3 5391 -4473188834
3 5409 -1944944510
3 5418 9445968309
3 5436 6508032553
3 5445 5441009265
3 5463 -181988360
3 5472 17146380160
3 5490 6212944102
3 5499 12550578100
3 5517 25509785818
3 5526 2104056306
3 5544 12692774923
3 5553 25344406331
3 5571 -1277811227
3 5580 8119731961
3 5598 13218461347
3 5607 9059113914
3 5625 9706283635
3 5634 1764257829
3 5652 -97416614
3 5661 16573925498
3 5679 24782089867
3 5688 12331454025
3 5706 1626926956
3 5715 8542371281
3 5733 16365775727
3 5742 12255093029
3 5760 12645742486
3 5769 6126797308
3 5787 24319593633
3 5796 12140915144
3 5814 12103327171
3 5823 24169240659
3 5841 11718386762
3 5850 12028845158
3 5868 3809211826
3 5877 23947164941
3 5895 -2008359563
3 5904 11385738577
3 5922 8060343975
3 5949 23657335410
3 5958 513008369
3 5976 11246067704
3 5985 11757517824
3 6003 15629683864
3 6012 7852590719
3 6030 6515175345
3 6039 11790907031
3 6057 -3271834198
3 6066 4018930408
3 6084 7688187100
3 6093 23098225563
3 6111 7000028600
3 6120 8343079671
3 6138 11237903907
3 6165 176139241
3 6174 959080780
3 6192 15152615025
3 6201 11193312692
3 6219 -3807313733
3 6228 3675097822
3 6246 7465711044
3 6255 3795914052
3 6273 10475628242
3 6282 1054507503
3 6300 11169641932
3 6309 -4415717624
3 6327 14829301760
3 6336 14808237411
3 6354 3150544351
3 6363 10999797542
3 6381 22055710446
3 6390 718335813
3 6408 5071527673
3 6417 14621317163
3 6435 10935313782
3 6444 7342914662
3 6462 3382789518
3 6471 -1233564410
3 6489 8603534765
3 6498 14439056977
3 6516 1526023051
3 6525 14379309155
3 6543 21509626831
3 6552 10740040320
3 6570 451528523
3 6579 14261284731
3 6597 -1530467296
3 6606 3339288115
3 6624 14164401001
3 6633 12765308389
3 6660 7258071064
3 6678 6283671211
3 6705 1487085540
3 6714 3731935540
3 6732 10452873466
3 6741 3102688529
3 6759 20822235294
3 6768 10321043340
3 6786 10369694102
3 6795 -467452666
3 6813 20657197762
3 6822 13753297015
3 6840 16831717611
3 6849 -2315407704
3 6867 13663170560
3 6876 7683858941
3 6894 9635599796
3 6903 7907986154
3 6921 20334848773
3 6930 8123375951
3 6948 5761393997
3 6957 20229623164
3 6975 12332368311
3 6984 160501652
3 7002 3751329891
3 7011 6694859295
3 7029 8614359327
3 7038 9998400707
3 7056 13297192777
3 7065 9972447238
3 7083 19869756933
3 7092 9097375671
3 7110 6038043566
3 7119 1082159900
3 7137 5357987185
3 7146 -753129838
3 7164 8858136435
3 7191 9073498719
3 7200 13031248921
3 7218 1794321955
3 7227 3573067870
3 7245 9474558557
3 7254 5598614149
3 7272 3011257419
3 7299 19281749329
3 7308 6241199907
3 7326 5783089359
3 7335 329712676
3 7353 12760096864
3 7362 1513468365
3 7380 6223343810
3 7389 19046892456
3 7407 19000605961
3 7416 8637783864
3 7434 3244601201
3 7470 2163031371
3 7488 12530047040
3 7497 11088060585
3 7515 -204589554
3 7524 9352570996
3 7542 5193423827
3 7569 -4270091988
3 7578 -1011576994
3 7596 -81039291
3 7605 5055410995
3 7623 8449037869
3 7632 9138549916
3 7650 9198528650
3 7659 8019754561
3 7686 5301644957
3 7704 1362868912
3 7740 5145495699
3 7758 1096966201
3 7767 18119928976
3 7785 7919703459
3 7794 8540337381
3 7812 5364457086
3 7821 7737261523
3 7839 4164860485
3 7848 11955274240
3 7866 8103461360
3 7875 7871410191
3 7893 17830671273
3 7902 -564861887
3 7920 8884942446
3 7956 8844739087
3 7974 1780770403
3 7983 17629649049
3 8001 4072865399
3 8010 776082668
3 8028 11687218763
3 8037 8362414798
3 8055 1380248565
3 8064 3230405242
3 8082 11609130442
3 8091 247886771
3 8109 7256924330
3 8118 5285254577
3 8136 3186756120
3 8145 205324276
3 8163 17240902653
3 8172 -43744134
3 8190 6873625804
3 8217 1722765359
3 8226 866785788
3 8244 4111530929
3 8253 3889294721
3 8280 8498640601
3 8298 11306940496
3 8307 126548725
3 8325 5770222729
3 8334 -1396550736
3 8352 11233835277
3 8379 -27960160
3 8388 1718176214
3 8406 -1826394561
3 8415 8362298774
3 8442 4389480365
3 8460 4371745144
3 8487 7081082594
3 8496 6738484953
3 3 93824992236885
3 6 23456248059221
3 12 11728124029610
3 15 9382499223689
3 21 6701785159778
3 24 5864062014805
3 30 3127499741229
3 33 4264772374404
3 39 3608653547573
3 42 2233928386592
3 48 2932031007402
3 51 2759558595203
3 57 2469078743076
3 60 1563749870614
3 66 1421590791467
3 69 2039673744280
3 75 1876499844738
3 78 1202884515857
3 84 1116964193296
3 87 1617672279946
3 93 1513306326401
3 96 1466015503701
3 102 919852865067
3 105 893571354637
3 111 1267905300498
3 114 823026247691
3 120 781874935307
3 123 1144207222401
3 129 1090988281824
3 132 710795395733
3 138 679891248093
3 141 998138215286
3 147 957397879968
3 150 625499948245
3 156 601442257928
3 159 885141436197
3 165 568636316587
3 168 558482096648
3 174 539224093315
3 177 795127052855
3 183 769057313417
3 186 504435442133
3 192 733007751850
3 195 481153806343
3 201 700186509230
3 204 459926432533
3 210 335089257988
3 213 660739381950
3 219 642636933129
3 222 422635100166
3 228 411513123845
3 231 406168797562
3 237 593829064790
3 240 390937467653
3 246 381402407467
3 249 565210796608
3 255 367941146027
3 258 363662760608
3 264 355397697866
3 267 527106697960
3 273 343681290245
3 276 339945624046
3 282 332712738428
3 285 329210499078
3 291 483633980603
3 294 319132626656
3 300 312749974122
3 303 464480159589
3 309 455461127364
3 312 300721128964
3 318 295047145399
3 321 438434543163
3 327 430389872646
3 330 213238618720
3 336 279241048324
3 339 415154832907
3 345 271956499238
3 348 269612046657
3 354 265042350951
3 357 262815104305
3 363 387706579491
3 366 256352437805
3 372 252217721066
3 375 375299968948
3 381 369389733216
3 384 366503875925
3 390 180432677378
3 393 358110657393
3 399 235150356484
3 402 233395503076
3 408 229963216266
3 411 342426978967
3 417 337499972075
3 420 167544628994
3 426 220246460649
3 429 218706275611
3 435 215689637326
3 438 214212311043
3 444 211317550083
3 447 314848967238
3 453 310678782241
3 456 205756561922
3 462 152313299085
3 465 201774176854
3 471 298805707761
3 474 197943021596
3 480 195468733826
3 483 194254642313
3 489 287806724653
3 492 190701203733
3 498 188403598869
3 501 280913150410
3 507 277588734429
3 510 137977929760
3 516 181831380304
3 519 271170497794
3 525 178714270928
3 528 177698848933
3 534 175702232653
3 537 262080983902
3 543 259185061428
3 546 128880483841
3 552 169972812023
3 555 169054040067
3 561 167245975468
3 564 166356369214
3 570 123453937153
3 573 245615162924
3 579 243069928075
3 582 161211326867
3 588 159566313328
3 591 238134498063
3 597 235741186525
3 600 156374987061
3 606 154826719862
3 609 154064026662
3 615 152560962988
3 618 151820375787
3 624 150360564482
3 627 149641135945
3 633 222334104827
3 636 147523572699
3 642 146144847721
3 645 145465104243
3 651 144124412038
3 654 143463290882
3 660 106619309360
3 663 141515825395
3 669 210369937751
3 672 139620524162
3 678 138384944302
3 681 206662978495
3 687 204858061653
3 690 101983687214
3 696 134806023328
3 699 201341185058
3 705 133085095372
3 708 132521175475
3 714 98555664114
3 717 196286594638
3 723 194657660243
3 726 129235526497
3 732 128176218902
3 735 127653050663
3 741 126619422723
3 744 126108860533
3 750 125099989649
3 753 186902374974
3 759 123616590563
3 762 123129911072
3 768 183251937962
3 771 182538895403
3 777 120752885763
3 780 90216338689
3 786 119370219130
3 789 178374509956
3 795 118018858160
3 798 88181383681
3 804 116697751538
3 807 174395896351
3 813 173108841765
3 816 114981608133
3 822 114142326322
3 825 113727263318
3 831 169359191763
3 834 112499990691
3 840 83772314497
3 843 166948384763
3 849 165768537521
3 852 110123230324
3 858 82014853353
3 861 108972116419
3 867 162326976188
3 870 80883613997
3 876 107106155521
3 879 160110908254
3 885 106016940381
3 888 105658775041
3 894 104949655745
3 897 104598653554
3 903 103903645888
3 906 103559594080
3 912 102878280961
3 915 102540975122
3 921 152809433611
3 924 76156649542
3 930 75665316320
3 933 150844038966
3 939 149880179292
3 942 99601902586
3 948 98971510798
3 951 147988946746
3 957 98040744239
3 960 97734366913
3 966 72845490867
3 969 96826617376
3 975 96230761269
3 978 95935574884
3 984 95350601866
3 987 95060782408
3 993 141729595524
3 996 94201799434
3 1002 93637716803
3 1005 93358201232
3 1011 139206219936
3 1014 92529578142
3 1020 68988964880
3 1023 91715534934
3 1029 136771125710
3 1032 90915690152
3 1038 90390165931
3 1041 135194513310
3 1047 134419759652
3 1050 67017851597
3 1056 88849424466
3 1059 132896589571
3 1065 88098584261
3 1068 87851116326
3 1074 87360327967
3 1077 130675476653
3 1083 129951512793
3 1086 86395020475
3 1092 64440241920
3 1095 85684924417
3 1101 127826964900
3 1104 84986406011
3 1110 63395265024
3 1113 84299184401
3 1119 125770767074
3 1122 62717240800
3 1128 83178184607
3 1131 82957552819
3 1137 123779673136
3 1140 61726968576
3 1146 81871720974
3 1149 122486935035
3 1155 60925319635
3 1158 81023309358
3 1164 80605663433
3 1167 120597676397
3 1173 79987205658
3 1176 79783156664
3 1182 79378166021
3 1185 79177208640
3 1191 118167496520
3 1194 78580395508
3 1200 78187493530
3 1203 116988768375
3 1209 77605452637
3 1212 77413359931
3 1218 57774009998
3 1221 76842745486
3 1227 114700479507
3 1230 57210361120
3 1236 75910187893
3 1239 75726385986
3 1245 75361439549
3 1248 75180282241
3 1254 56115425978
3 1257 42739724029
3 1263 111431107170
3 1266 74111368275
3 1272 73761786349
3 1275 73588229206
3 1281 73243553660
3 1284 73072423860
3 1290 54549414091
3 1293 105023444825
3 1299 108342947156
3 1302 54046654514
3 1308 71731645441
3 1311 71567499799
3 1317 106862177946
3 1320 53309654680
3 1326 53068434523
3 1329 8452018596
3 1335 70280893062
3 1338 70123312583
3 1344 69810262081
3 1347 104482173983
3 1353 69345892268
3 1356 69192472151
3 1362 68887659498
3 1365 51552193539
3 1371 94239986326
3 1374 68286020550
3 1380 50991843607
3 1383 101762464465
3 1389 101322885785
3 1392 67403011664
3 1398 67113728352
3 1401 100455023808
3 1407 66684429451
3 1410 49906910764
3 1416 66260587737
3 1419 66120501930
3 1425 65842099816
3 1428 49277832057
3 1434 65428864879
3 1437 97938405258
3 1443 65020784642
3 1446 64885886747
3 1452 64617763248
3 1455 64484530747
3 1461 79758092394
3 1464 64088109451
3 1470 47869893998
3 1473 95544798612
3 1479 63438128626
3 1482 47482283520
3 1488 63054430266
3 1491 62927560187
3 1497 94013018273
3 1500 62549994824
3 1506 62300791657
3 1509 89319326522
3 1515 61930687945
3 1518 46356221460
3 1524 61564955536
3 1527 92166004162
3 1533 61203517442
3 1536 91625968981
3 1542 60846298467
3 1545 60728150315
3 1551 60493225170
3 1554 45282332160
3 1560 45108169344
3 1563 90043178730
3 1569 89698845351
3 1572 59685109565
3 1578 59458169985
3 1581 59345346134
3 1587 88681467143
3 1590 44257071809
3 1596 44090691840
3 1599 58677293457
3 1605 58457939089
3 1608 58348875769
3 1614 58131965450
3 1617 58024113938
3 1623 95791377
3 1626 57702947255
3 1632 57490804066
3 1635 57385316354
3 1641 85763247017
3 1644 57071163161
3 1650 42647723744
3 1653 56760430875
3 1659 56555149028
3 1662 49064140904
3 1668 56249995345
3 1671 13068602
3 1677 55948117017
3 1680 41886157248
3 1686 55649461587
3 1689 23661201469
3 1695 55353977722
3 1698 55256179173
3 1704 55061615162
3 1707 82447269101
3 1713 78184427421
3 1716 41007426676
3 1722 40864543657
3 1725 54391299848
3 1731 81304152718
3 1734 54108992062
3 1740 40441806998
3 1743 53829599678
3 1749 53644935527
3 1752 53553077760
3 1758 53370302751
3 1761 79919073456
3 1767 53098467593
3 1770 39756352642
3 1776 52829387520
3 1779 79110448766
3 1785 39422265648
3 1788 52474827872
3 1794 39224495082
3 1797 66869524075
3 1803 78057397868
3 1806 38963867208
3 1812 51779797040
3 1815 51694210600
3 1821 -55242086
3 1824 51439140480
3 1830 38452865670
3 1833 51186575144
3 1839 76529357453
3 1842 50936477870
3 1848 38078324771
3 1851 76033218993
3 1857 31958222620
3 1860 37832658160
3 1866 50281346322
3 1869 50200637902
3 1875 75059993790
3 1878 49960059764
3 1884 39021807232
3 1887 49721776490
3 1893 74346269601
3 1896 49485755399
3 1902 31386604399
3 1905 44947018094
3 1911 49097327179
3 1914 36765279089
3 1920 48867183456
3 1923 -84553439
3 1929 72958780900
3 1932 36422745433
3 1938 36309981515
3 1941 -132924524
3 1947 48189518356
3 1950 36086535475
3 1956 47967787442
3 1959 71841494822
3 1965 47748087653
3 1968 47675300933
3 1974 35647793403
3 1977 -45433683
3 1983 -29232282
3 1986 39523534504
3 1992 47100899717
3 1995 35272553474
3 2001 46889051593
3 2004 43073254050
3 2010 35009325461
3 2013 46609534147
3 2019 69706532123
3 2022 26677194576
3 2028 46264789071
3 2031 69294676689
3 2037 45826429876
3 2040 34494482440
3 2046 34393325600
3 2049 -68998376
3 2055 45656930530
3 2058 45590375236
3 2064 45457845076
3 2067 45391868524
3 2073 1041288
3 2076 34640639048
3 2082 41522850342
3 2085 38475658721
3 2091 44870871468
3 2094 36589610712
3 2100 33508925798
3 2103 165086074
3 2109 44487905281
3 2112 44424712233
3 2118 40016994886
3 2121 44236205675
3 2130 33036969097
3 2136 43925558163
3 2139 43863951491
3 2145 32805941343
3 2148 38563826603
3 2154 43558492217
3 2157 65246865255
3 2163 43377250225
3 2166 43317170931
3 2172 43197510237
3 2175 43137927465
3 2181 64528880493
3 2184 32220120960
3 2190 32131846656
3 2193 42783854189
3 2199 64000676833
3 2202 42608988300
3 2208 42493203005
3 2211 42435546015
3 2220 31697632512
3 2226 31612194149
3 2235 29791336462
3 2238 34353604618
3 2244 31358620400
3 2247 41755670778
3 2253 70646410
3 2256 41589092303
3 2262 31109082306
3 2265 41423837632
3 2271 -3118033995
3 2274 41259891045
3 2280 30863484288
3 2283 61645855609
3 2289 40989511681
3 2292 34974432599
3 2298 36854918693
3 2301 40775746300
3 2307 61004546318
3 2310 24370127853
3 2316 40511654679
3 2319 60688869493
3 2325 40354835372
3 2328 40302831716
3 2334 32742744221
3 2337 40147621839
3 2343 40044811027
3 2346 29995202121
3 2352 39891578332
3 2355 39840761036
3 2361 -77542034
3 2364 35633286944
3 2370 29691453239
3 2373 39538555516
3 2379 39438836586
3 2382 33270836191
3 2388 33937754451
3 2397 39142675109
3 2400 39093746765
3 2406 5112750243
3 2409 38947692918
3 2415 29138196349
3 2418 29102044738
3 2424 38706679965
3 2427 57988252310
3 2433 -3298305978
3 2436 28887004999
3 2442 28816029556
3 2445 34436919805
3 2451 38280290590
3 2454 13577093345
3 2460 28605180560
3 2463 90751573
3 2469 -66242123
3 2472 37955093946
3 2478 28397394744
3 2490 23806307629
3 2496 37590141120
3 2499 37545014902
3 2505 37455086721
3 2508 28057712989
3 2514 4093834322
3 2523 55781802757
3 2526 33432825496
3 2532 37055684137
3 2535 37011831257
3 2541 36924436142
3 2544 36880893174
3 2550 27595585952
3 2553 36750878275
3 2562 27466332622
3 2568 36536211930
3 2580 27274707045
3 2586 12973351420
3 2589 54359786928
3 2595 36156066373
3 2598 36114315718
3 2604 27023327257
3 2607 35989640290
3 2613 35907000474
3 2616 35865822720
3 2622 26837812424
3 2625 35742854186
3 2631 53492013818
3 2634 35620725982
3 2640 26654827340
3 2649 53128534675
3 2652 26534217261
3 2658 470211847
3 2667 22653137355
3 2670 22223016233
3 2676 35061656291
3 2679 35022393520
3 2685 22720729712
3 2688 34905131040
3 2694 16291006386
3 2697 34788651182
3 2703 34711428871
3 2706 26004709600
3 2712 34596236075
3 2715 30394988793
3 2721 51722707959
3 2724 29711208035
3 2730 20620877414
3 2739 34255199795
3 2742 34217721457
3 2748 30100135737
3 2751 34105776895
3 2760 25495921803
3 2766 30423053630
3 2769 33884070869
3 2775 33810808013
3 2778 33774295261
3 2784 33701505832
3 2793 33592908069
3 2796 19412694885
3 2802 7284706075
3 2805 25086896320
3 2814 25006661043
3 2820 24953455382
3 2829 33165426736
3 2832 33130293868
3 2838 24795188223
3 2847 32955740161
3 2850 24690787430
3 2856 24638916028
3 2865 28847797848
3 2868 24566753557
3 2874 13989218066
3 2877 32612093236
3 2883 48816333110
3 2886 24382794240
3 2892 23571899126
3 2895 32409323743
3 2904 32308881624
3 2910 22697031305
3 2919 27982874829
3 2922 -52847812
3 2928 32044054725
3 2937 27636415565
3 2940 23934946999
3 2946 31848266203
3 2955 27805193093
3 2958 23789298234
3 2964 23741141760
3 2967 31622848749
3 2976 31527215133
3 2982 21122824420
3 2985 23588962645
3 2994 24176067067
3 3000 27142678747
3 3003 23432815246
3 3009 31181453053
3 3012 31150395828
3 3018 31088466612
3 3021 31057594253
3 3030 15687136243
3 3036 23178110730
3 3045 23109603999
3 3048 26881587225
3 3054 27284317885
3 3057 46037778330
3 3066 20202238529
3 3072 45812984490
3 3075 30512192598
3 3081 30452772554
3 3084 30423149233
3 3090 18598045078
3 3102 22684959438
3 3108 22641166080
3 3111 30159110330
3 3120 22554084672
3 3126 -4414070924
3 3129 25672687084
3 3135 22446170393
3 3138 1134556407
3 3144 29842554782
3 3156 20975168292
3 3162 22254504800
3 3165 11650665677
3 3171 29588455452
3 3174 15296294769
3 3180 22128535904
3 3192 22045345920
3 3198 22003985046
3 3201 25020626520
3 3210 17670363485
3 3216 29174437884
3 3219 29147248287
3 3225 29093020849
3 3228 29065982725
3 3234 19432407303
3 3237 28985169058
3 3243 28931542472
3 3246 59573438
3 3252 25353705769
3 3255 21618661807
3 3264 28745402033
3 3270 21519493632
3 3282 65260152
3 3288 24421466962
3 3297 20061703532
3 3300 21323861872
3 3306 21285161578
3 3315 21227373810
3 3318 17710413027
3 3324 19849513278
3 3333 22497939616
3 3336 23082082404
3 3342 110047263
3 3345 28049325034
3 3354 16937669343
3 3360 20943078624
3 3363 27899194837
3 3372 15400237609
3 3378 -344586724
3 3381 27750663188
3 3390 16625422980
3 3396 1618677328
3 3399 27603704690
3 3405 23416641267
3 3408 27530807581
3 3414 17666668
3 3417 27458294480
3 3423 7748421217
3 3426 -2590964071
3 3432 20503713338
3 3435 23671089555
3 3441 27266780657
3 3444 20432271828
3 3450 20396737442
3 3462 27101384239
3 3468 27054496031
3 3471 22764090148
3 3477 26984467138
3 3480 20220903499
3 3486 16086911644
3 3495 18137520673
3 3498 20116850822
3 3504 22613519482
3 3507 15597504472
3 3516 19403285283
3 3522 23097703724
3 3525 26617019074
3 3531 18817100703
3 3534 19911925347
3 3540 19878176321
3 3549 26437022327
3 3552 26414693760
3 3558 19750626772
3 3567 26303614308
3 3570 15768906258
3 3576 22491809585
3 3585 26171545953
3 3588 19612247541
3 3594 15056441878
3 3597 26084234707
3 3606 -1558038226
3 3612 19481933604
3 3615 22100555449
3 3621 21672752164
3 3624 22086328401
3 3630 19385328974
3 3633 14435831863
3 3642 28610371
3 3648 25719570240
3 3657 25656273514
3 3660 19226432835
3 3666 19194965678
3 3675 25530610133
3 3678 25509785817
3 3684 3364700888
3 3696 19039162385
3 3702 25344406330
3 3705 18992913409
3 3714 -1277811228
3 3720 18916329080
3 3723 21039047799
3 3729 16956693755
3 3732 21002250628
3 3738 15002985386
3 3741 25080190388
3 3750 3154720477
3 3756 24980029882
3 3759 16372383440
3 3765 24920316663
3 3768 20875027292
3 3774 18645666183
3 3783 24801742595
3 3786 -2604617286
3 3792 20260138412
3 3795 18542488585
3 3801 22160226651
3 3804 13504378967
3 3810 18469486660
3 3813 24606606934
3 3819 24104384749
3 3822 18411497691
3 3828 18382639544
3 3840 24433591728
3 3846 68764659
3 3855 20099923238
3 3858 24319593633
3 3864 18211372716
3 3876 18154990757
3 3882 83784588
3 3885 18112932865
3 3894 18071069383
3 3900 18043267737
3 3912 10228694929
3 3918 18118087
3 3927 17919211657
3 3930 13767110336
3 3936 23837650466
3 3939 15148241638
3 3945 19529541156
3 3948 17823896701
3 3954 -75503164
3 3966 10964695
3 3972 15901935250
3 3975 23603771633
3 3984 19038836244
3 3990 14109021389
3 3993 35246052681
3 3999 23462113588
3 4002 17583394347
3 4008 19605859081
3 4011 14991345499
3 4017 23356980891
3 4020 10764413439
3 4026 13226347208
3 4029 14819267987
3 4035 19755018322
3 4038 23235510707
3 4044 8440534007
3 4047 16564347244
3 4053 19035402342
3 4056 23132394535
3 4062 23098225562
3 4065 18918159504
3 4071 23047160952
3 4074 5498388279
3 4080 17247241220
3 4089 22945706099
3 4092 17196662800
3 4098 68120436
3 4110 8917455411
3 4116 4206941240
3 4125 22745452664
3 4128 22728922538
3 4134 13218380577
3 4137 22679476006
3 4146 18378784277
3 4152 20225328578
3 4155 15240846402
3 4161 14164117559
3 4164 -2133815265
3 4170 5670913895
3 4173 18323843071
3 4179 15322400781
3 4182 16826576800
3 4188 301194504
3 4191 14622432358
3 4200 16754462899
3 4206 -192938980
3 4209 18427403860
3 4215 20830980106
3 4218 12520563921
3 4224 20759902129
3 4233 17653515666
3 4236 -76567954
3 4242 8975824352
3 4245 18088557552
3 4251 22071275520
3 4254 22055710445
3 4260 8316300924
3 4263 19139697685
3 4272 12694795874
3 4278 16448981808
3 4290 13122376536
3 4296 12073135384
3 4305 13881466552
3 4308 17665131490
3 4314 14726361816
3 4323 14006126514
3 4326 9732913755
3 4332 17178016684
3 4335 21643596825
3 4344 6281063313
3 4350 12865006423
3 4362 -1354399409
3 4368 16110060480
3 4371 21465337963
3 4380 8025394869
3 4386 11589713119
3 4389 16032978851
3 4395 21348121101
3 4398 21333558944
3 4404 13314975527
3 4407 208690465
3 4416 21246601502
3 4422 15913329755
3 4425 21203388076
3 4431 17011657252
3 4434 21160350075
3 4440 15848816256
3 4452 11673778409
3 4458 21046431636
3 4470 9337994058
3 4476 6290655648
3 4485 15689798035
3 4488 15679310200
3 4494 7733189571
3 4503 16554239233
3 4506 69537650
3 4512 20794546151
3 4515 11318524314
3 4521 16697354175
3 4524 15554541153
3 4530 7847745908
3 4539 221802968
3 4542 20657197762
3 4548 20629945522
3 4551 20616346350
3 4557 20589201721
3 4560 15431742144
3 4566 20548618536
3 4575 20508195025
3 4578 15371066880
3 4584 16493870591
3 4587 16203083892
3 4596 16703612279
3 4602 15290904862
3 4605 2029866499
3 4611 20348078993
3 4614 -2529177468
3 4620 12185063926
3 4623 19456102316
3 4632 16141712721
3 4638 20229623164
3 4641 15162409866
3 4650 15133063264
3 4656 17700930661
3 4665 1707358923
3 4668 -284901709
3 4674 15055358189
3 4683 20035232168
3 4686 9031898429
3 4692 14997601060
3 4695 -226780388
3 4704 19945789166
3 4710 6367617102
3 4719 17327481130
3 4722 -47407219
3 4728 19844541505
3 4731 19831957777
3 4740 11408043117
3 4746 11519151878
3 4755 -224136976
3 4758 11351880217
3 4764 2414276538
3 4767 11453898794
3 4773 19657446520
3 4776 12715309691
3 4785 14706111638
3 4794 10664589047
3 4800 19546873382
3 4809 15764687236
3 4812 1395853711
3 4818 8118117899
3 4830 11655278538
3 4836 14551022369
3 4845 14523992607
3 4848 11246961665
3 4866 19281749329
3 4872 14443502499
3 4875 7075436384
3 4884 14408014778
3 4890 6417307092
3 4893 -2412716094
3 4899 14861342324
3 4902 14355108971
3 4908 14834878280
3 4917 1037044922
3 4920 14302590280
3 4926 78882964
3 4929 12480496451
3 4935 14259117361
3 4938 17499159
3 4944 10780665441
3 4947 10052471581
3 4953 3962319673
3 4956 9892072695
3 4962 18908704602
3 4965 1707854264
3 4980 10486951249
3 4983 11440094089
3 4992 14061159544
3 4998 14079380587
3 5010 6242943326
3 5016 14028856494
3 5019 12119640372
3 5025 14381116426
3 5028 517802850
3 5037 10988970511
3 5046 18593934252
3 5052 797739230
3 5055 14917510660
3 5061 11247342033
3 5064 7014996777
3 5070 10236118055
3 5073 10217837842
3 5082 9987556040
3 5088 18440446587
3 5100 13797792976
3 5106 13781579353
3 5109 10326251891
3 5115 13757330240
3 5124 10421449935
3 5133 13933996800
3 5136 14225231427
3 5145 11539081526
3 5151 10108529902
3 5160 13637353522
3 5172 333471890
3 5181 727044114
3 5187 13566366720
3 5190 5471506702
3 5196 3741631227
3 5205 14012020991
3 5208 8313605290
3 5214 9692544989
3 5217 17984472348
3 5226 7657563402
3 5232 17932911360
3 5235 -2628600917
3 5244 13182892156
3 5250 9265147786
3 5253 9624623546
3 5262 17830671272
3 5268 817638887
3 5271 17800226189
3 5280 13327413670
3 5289 14584565718
3 5295 5091827713
3 5304 13267108630
3 5307 13636603932
3 5313 13244634703
3 5316 2030528439
3 5325 8009044484
3 5334 2473899149
3 5340 1244644864
3 5343 6668912748
3 5352 17530828145
3 5358 8887385064
3 5370 4933160751
3 5376 9346187203
3 5379 460026570
3 5385 -1574477819
3 5388 -3770452131
3 5394 8874542816
3 5397 17384656705
3 5406 8701993741
3 5412 8801457824
3 5415 13889184871
3 5421 4748128250
3 5424 13324058385
3 5430 5825282869
3 5439 17250412253
3 5448 -730609
3 5451 13900720285
3 5457 13651524070
3 5460 10310438707
3 5475 8732846611
3 5478 5588551350
3 5484 -3395008560
3 5487 790793535
3 5496 13428186471
3 5502 8967412509
3 5505 607538240
3 5511 9141012536
3 5520 12747960901
3 5523 8850815193
3 5529 419249949
3 5532 16960410744
3 5538 5053934111
3 5550 11149868934
3 5556 16887147630
3 5559 16878034222
3 5565 12644877662
3 5568 16850752916
3 5577 12969760413
3 5586 8396443549
3 5592 2030290309
3 5595 16769435611
3 5604 627335360
3 5610 10034758528
3 5628 4795345487
3 5640 8362613073
3 5649 -3378257214
3 5655 12443632924
3 5658 2147014526
3 5664 12451032316
3 5673 8058534517
3 5676 8538486598
3 5685 16503956418
3 5691 16486556359
3 5694 1752928902
3 5700 12345393715
3 5709 8374387691
3 5712 12319458014
3 5718 16408707981
3 5727 12579351523
3 5730 1155514870
3 5736 12411142903
3 5745 16331591338
3 5748 -3048774490
3 5754 1338089814
3 5757 8177287003
3 5763 8113853589
3 5766 16272111036
3 5772 12191397120
3 5775 12185063929
3 5781 5099188807
3 5784 37333130
3 5790 845561676
3 5808 11821081461
3 5811 5288647516
3 5817 4213394531
3 5820 3446630521
3 5829 12070793238
3 5835 2363938284
3 5838 641085749
3 5844 8531710591
3 5856 10095506913
3 5865 11998080850
3 5871 11881903954
3 5874 1104237059
3 5880 8469705641
3 5883 12406506920
3 5889 490091626
3 5892 15924133101
3 5901 11953772853
3 5907 3475875862
3 5910 373297957
3 5916 11894649117
3 5925 11352702442
3 5928 11870570880
3 5934 7802772214
3 5943 1378895216
3 5952 15763607566
3 5955 5663277237
3 5964 4413298194
3 5970 4657918532
3 5973 -47479524
3 5988 -5158012730
3 6000 15637498706
3 6006 9373126097
3 6015 -1422693979
3 6018 7746971578
3 6024 -543338384
3 6027 10819100538
3 6036 12236426866
3 6042 7700524528
3 6045 11640817896
3 6060 7497889371
3 6063 13049861768
3 6069 15459712019
3 6072 11589055365
3 6090 5701854172
3 6096 7114104868
3 6099 11638063830
3 6105 11526411824
3 6108 11923317191
3 6123 11209255012
3 6132 3348590988
3 6135 7920239257
3 6141 6445651387
3 6144 22906492245
3 6150 8881092284
3 6153 8149979278
3 6162 6908176093
3 6168 10972978467
3 6171 11114088998
3 6177 6885828339
3 6180 3437330080
3 6195 7499850387
3 6204 7844711861
3 6213 15101399040
3 6216 8008866664
3 6222 7598789480
3 6225 6914727985
3 6231 6648449337
3 6240 11277042336
3 6252 15007196455
3 6258 916095427
3 6270 8978468156
3 6276 -1351849522
3 6279 11206998597
3 6285 993994287
3 6288 10947217739
3 6303 679314691
3 6312 3350878330
3 6315 1485549665
3 6321 708956558
3 6324 8660997145
3 6330 -43865907
3 6342 4086790402
3 6348 -807357299
3 6351 6666884514
3 6357 2783355493
3 6360 7676466193
3 6369 6989019897
3 6375 10446743319
3 6384 11022672960
3 6396 11001992523
3 6402 5268417503
3 6405 3437453109
3 6420 7014790263
3 6432 10561770588
3 6438 9523126774
3 6441 199271082
3 6447 2602690203
3 6450 6771460285
3 6456 11035223504
3 6465 3356630919
3 6468 6628061493
3 6474 4702054816
3 6477 2990068145
3 6486 2478346994
3 6492 92196422
3 6495 14445726288
3 6501 -869577852
3 6504 10988053311
3 6510 4365596418
3 6513 3144263352
3 6519 6145788610
3 6528 8488467184
3 6531 10824111522
3 6540 10759746816
3 6549 8791608160
3 6555 10735124972
3 6564 10796106644
3 6567 6444149081
3 6573 4934108523
3 6576 702106508
3 6585 158310750
3 6594 6088600452
3 6600 10661930936
3 6603 182017169
3 6612 10642580789
3 6630 8490949523
3 6636 7292374066
3 6645 -259838319
3 6648 2778269647
3 6657 3481131052
3 6666 879847877
3 6672 5956120519
3 6675 4485853564
3 6681 445101661
3 6684 -6874551
3 6690 7130695128
3 6693 1225032820
3 6699 6530305802
3 6708 10490271940
3 6720 10471539312
3 6726 3010723271
3 6735 1446962443
3 6744 63115660
3 6747 9960106058
3 6756 3458328063
3 6762 3657098817
3 6765 4505272424
3 6771 4568773410
3 6780 2390055377
3 6783 10374280433
3 6789 338712652
3 6792 2581289311
3 6798 2775036917
3 6810 176567762
3 6816 323846016
3 6825 10310438708
3 6828 60771066
3 6834 7094903795
3 6837 3974697010
3 6846 1049161145
3 6852 9982204285
3 6855 4179971306
3 6864 10251856669
3 6870 3184595830
3 6873 6590178723
3 6882 604672979
3 6888 5903207070
3 6897 10061752204
3 6900 10198368721
3 6909 13580111773
3 6915 10070560738
3 6924 4928356959
3 6936 10089564513
3 6942 1018853287
3 6945 13509718105
3 6951 -148324902
3 6954 5710860828
3 6960 10110451749
3 6963 36215542
3 6969 9420318494
3 6972 2572929515
3 6981 176425248
3 6987 5206018472
3 6990 2397057351
3 6996 6204626161
3 7005 827672284
3 7008 394907798
3 7014 2226274450
3 7032 13342575687
3 7035 3515310059
3 7044 -3832297266
3 7050 5477021936
3 7059 1566734967
3 7062 6253544542
3 7068 5210037440
3 7077 -2662612375
3 7080 5434727944
3 7089 4609564791
3 7095 6274756624
3 7098 2449866433
3 7104 1892829342
3 7107 9102583574
3 7116 6565551978
3 7125 6039279169
3 7134 6556048925
3 7140 1039177829
3 7152 5729783951
3 7161 8414172151
3 7170 23537166
3 7176 9806123770
3 7185 5674697217
3 7188 1604504433
3 7194 9781588014
3 7212 9854485169
3 7215 9260675020
3 7221 8937555580
3 7224 5626852184
3 7230 1913709957
3 7239 4137668989
3 7242 2355323195
3 7248 910979965
3 7257 233131889
3 7260 1715986470
3 7266 -22725154
3 7275 734727170
3 7284 -75597946
3 7287 2010127304
3 7293 9648806279
3 7296 4259811853
3 7305 -58479101
3 7314 4366720127
3 7320 5969897751
3 7329 1921977477
3 7332 5483368221
3 7347 4040063078
3 7350 456602627
3 7356 12754892908
3 7359 5668691029
3 7365 12739306482
3 7368 5290026114
3 7383 9166260202
3 7392 9519581192
3 7395 9515719296
3 7404 12672203165
3 7410 7597165363
3 7413 2009102248
3 7428 1426819517
3 7437 568181680
3 7440 6829916834
3 7446 -38377717
3 7449 4483167197
3 7455 1906482034
3 7458 -63697307
3 7464 9262530140
3 7467 5699328189
3 7473 136254113
3 7476 1031482419
3 7482 2815313002
3 7485 1807216245
3 7491 3451704850
3 7500 8484550610
3 7503 3235097008
3 7512 1320471983
3 7518 989279971
3 7521 12475068773
3 7527 4938900225
3 7530 9345118748
3 7536 10058609175
3 7539 12445283492
3 7545 5181506889
3 7548 7901942303
3 7557 3252858445
3 7566 443013977
3 7572 5585470635
3 7575 4134504838
3 7581 -3473388243
3 7584 5117169473
3 7590 7416995433
3 7599 1434936667
3 7602 420942938
3 7608 -696076163
3 7611 4103451605
3 7620 298643320
3 7626 159939257
3 7635 -3238379328
3 7638 5167794797
3 7644 5115658254
3 7656 9191319772
3 7665 84187907
3 7680 399628240
3 7683 3783830277
3 7689 1130401090
3 7692 137701718
3 7701 540557393
3 7707 4716359317
3 7710 5012830152
3 7716 12159796816
3 7719 -87077265
3 7725 4136406916
3 7728 6043705971
3 7743 7270104399
3 7752 5639811876
3 7755 5762267400
3 7761 3124109098
3 7764 -82888042
3 7770 3933456769
3 7788 1720473894
3 7791 4526693550
3 7797 147377546
3 7800 9021633868
3 7809 202248438
3 7815 -1282662815
3 7824 1583692936
3 7833 1975816904
3 7836 -61545271
3 7845 2027027584
3 7854 3826108166
3 7860 1489634578
3 7869 446559831
3 7872 5108652568
3 7878 949527685
3 7881 1306029766
3 7887 11896157252
3 7890 2448986289
3 7896 4898034232
3 7905 4701298451
3 7908 -28332619
3 7917 8888309231
3 7923 -91547063
3 7932 29589930
3 7935 -455599763
3 7944 -320331134
3 7950 2634352832
3 7953 767904821
3 7959 7674425681
3 7968 3590336599
3 7980 6402511565
3 7986 11748684227
3 7995 5489877643
3 7998 668677913
3 8004 1078790410
3 8007 7137103196
3 8016 1656318824
3 8022 2810542216
3 8025 7980710926
3 8034 3072850768
3 8040 995278266
3 8043 4243501326
3 8052 930724895
3 8058 1260952854
3 8070 8719794817
3 8076 11617755353
3 8085 4801511166
3 8088 1775839620
3 8094 215407833
3 8103 234263089
3 8106 4707009207
3 8112 4357500284
3 8115 132572510
3 8124 11549112781
3 8130 1080613079
3 8142 31439010
3 8148 413333573
3 8151 8633142459
3 8160 8623620610
3 8169 279232799
3 8175 11477063271
3 8178 2119110881
3 8184 6013370685
3 8196 -132181700
3 8205 16766985
3 8211 8570057749
3 8214 11422570274
3 8220 518286372
3 8229 4064584236
3 8232 3746671712
3 8241 605117134
3 8250 4643675047
3 8256 5100524248
3 8265 5206258192
3 8268 1811457213
3 8274 1651099699
3 8277 302410357
3 8283 11327416665
3 8292 -51171086
3 8295 4679702235
3 8304 3473779230
3 8310 2111235155
3 8313 259807190
3 8319 750480088
3 8322 89170584
3 8328 400668812
3 8337 1866290811
3 8340 1119828721
3 8346 863657666
3 8349 137290656
3 8355 -71742393
3 8358 1135400796
3 8364 4975604898
3 8376 1434739908
3 8382 451107161
3 8385 2999717548
3 8400 8377231449
3 8412 -36700015
3 8418 484908316
3 8421 -853633799
3 8430 322929887
3 8436 4589382076
3 8439 8413286
3 8445 -3151626841
3 8448 1672396604
3 8463 2130928224
3 8466 4197808861
3 8472 176235937
3 8475 1288070800
3 8481 3865377282
3 8484 720156511
3 8490 1071965853
3 8493 1561283004
5 625 450359962737
5 1250 112589990684
5 1875 75059993789
5 2500 56294995342
5 3750 68750552833
5 4375 36194017121
5 5000 43461211966
5 5625 40333712224
5 6875 44759904982
5 7500 20560895672
5 8125 17321537028
5 125 2251799813685
5 250 562949953421
5 375 375299968947
5 500 281474976710
5 750 125099989649
5 875 160842843835
5 1000 140737488355
5 1125 125099989649
5 1375 102354536986
5 1500 62549994824
5 1625 86607685142
5 1750 53614281278
5 2000 70368744177
5 2125 66229406285
5 2250 41699996549
5 2375 59257889834
5 2625 35742854185
5 2750 34118178995
5 2875 48952169863
5 3000 39539634742
5 3250 28869228380
5 3375 41699996549
5 3500 26807140639
5 3625 38824134719
5 3875 36319351834
5 4000 35184372088
5 4125 22745452663
5 4250 38012296497
5 4500 20849998274
5 4625 30429727212
5 4750 19752629944
5 4875 43587583995
5 5125 27460973338
5 5250 25818837918
5 5375 26183718764
5 5500 39554257549
5 5750 24404280568
5 5875 23955317167
5 6000 15637498706
5 6125 32830169013
5 6375 23259450885
5 6500 21050227070
5 6625 21243394469
5 6750 36838479888
5 7000 21729609115
5 7125 27426701551
5 7250 21027127315
5 7375 32995689407
5 7625 13066751323
5 7750 23093978307
5 7875 20000033804
5 8000 31272102708
5 8250 20187153851
5 8375 20010469677
5 25 11258999068426
5 50 2814749767106
5 75 1876499844737
5 100 1407374883553
5 150 625499948245
5 175 804214219173
5 200 703687441776
5 225 625499948245
5 275 511772684928
5 300 312749974122
5 325 433038425709
5 350 268071406391
5 400 351843720888
5 425 331147031424
5 450 208499982748
5 475 296289449169
5 525 178714270927
5 550 170590894976
5 575 244760849314
5 600 156374987061
5 650 144346141902
5 675 208499982748
5 700 134035703195
5 725 194120673594
5 775 181596759168
5 800 175921860444
5 825 113727263317
5 850 110382343808
5 900 104249991374
5 925 152148636060
5 950 98763149723
5 975 96230761268
5 1025 137304866688
5 1050 67017851597
5 1075 130918593819
5 1100 85295447488
5 1150 81586949771
5 1175 119776585834
5 1200 78187493530
5 1225 114887745596
5 1275 73588229205
5 1300 72173070951
5 1325 106216972344
5 1350 69499994249
5 1400 67017851597
5 1425 65842099815
5 1450 64706891197
5 1475 95415246343
5 1525 92286877610
5 1550 60532253056
5 1575 59571423642
5 1600 87960930222
5 1650 42647723744
5 1675 84022381108
5 1700 55191171904
5 1725 54391299847
5 1775 79288725834
5 1800 52124995687
5 1825 77116431976
5 1850 50716212019
5 1900 49381574861
5 1925 48740255708
5 1950 36086535475
5 1975 71259487775
5 2025 69499994249
5 2050 45768288896
5 2075 67825295593
5 2100 33508925798
5 2150 43639531272
5 2175 43137927465
5 2200 42647723744
5 2225 63252803755
5 2275 41241754830
5 2300 40793474885
5 2325 40354835370
5 2350 39925528611
5 2400 39093746765
5 2425 58036077672
5 2450 38295915198
5 2475 37909087772
5 2525 55737619151
5 2550 27595585952
5 2575 54655335284
5 2600 36086535475
5 2650 35405657447
5 2675 52612145180
5 2700 34749997124
5 2725 51646784718
5 2775 33810808013
5 2800 33508925798
5 2825 49818579949
5 2850 24690787430
5 2900 32353445598
5 2925 32076920422
5 2950 31805082114
5 2975 31537812517
5 3025 46524789539
5 3050 30762292536
5 3075 30512192597
5 3100 30266126528
5 3150 22339283865
5 3175 44326767986
5 3200 43980465111
5 3225 29093020848
5 3275 40509974927
5 3300 21323861872
5 3325 28218042778
5 3350 28007460369
5 3400 27595585952
5 3425 41091237476
5 3450 20396737442
5 3475 40499996649
5 3525 26617019074
5 3550 21695664261
5 3575 26244753073
5 3600 26062497843
5 3650 21466881176
5 3675 25530610132
5 3700 25358106009
5 3725 12410953210
5 3775 37281453869
5 3800 24690787430
5 3825 24529409735
5 3850 18277595890
5 3900 18043267737
5 3925 23857129229
5 3950 23753162591
5 3975 23603771631
5 4025 23310557078
5 4050 20677916917
5 4075 30205473568
5 4100 22884144448
5 4150 18722562163
5 4175 33709578049
5 4200 16754462899
5 4225 33310648131
5 4275 21947366605
5 4300 21819765636
5 4325 28594386419
5 4350 12865006423
5 4400 21323861872
5 4425 21203388076
5 4450 17373391025
5 4475 16850685598
5 4525 -306631792
5 4550 15465658061
5 4575 20508195024
5 4600 20396737442
5 4650 15133063264
5 4675 20069517056
5 4700 19962764305
5 4725 19857141214
5 4775 29473819551
5 4800 19546873382
5 4825 25029968836
5 4850 13673797267
5 4900 19147957599
5 4925 28576139768
5 4950 14215907914
5 4975 28288942383
5 5025 14381116426
5 5050 8741296989
5 5075 18487683200
5 5100 13797792976
5 5150 11120042513
5 5175 18130433282
5 5200 18043267737
5 5225 17956936313
5 5275 26680092579
5 5300 15129262022
5 5325 8009044482
5 5350 13494507188
5 5400 17374998562
5 5425 17294929445
5 5450 17215594905
5 5475 8732846610
5 5525 16981899048
5 5550 11149868934
5 5575 25244392530
5 5600 16754462899
5 5650 8893765008
5 5675 13077713630
5 5700 12345393715
5 5725 20540092860
5 5775 12185063926
5 5800 16176722799
5 5825 -1496682819
5 5850 12028845158
5 5900 10004180723
5 5925 11352702440
5 5950 11826679693
5 5975 23554391357
5 6025 4742292858
5 6050 11562189863
5 6075 23166664749
5 6100 11435072952
5 6150 8881092284
5 6175 15194330727
5 6200 15133063264
5 6225 6914727984
5 6275 22428284997
5 6300 11169641932
5 6325 14833990868
5 6350 2353368299
5 6400 11476259876
5 6425 17790552830
5 6450 6771460285
5 6475 14490346292
5 6525 14379309155
5 6550 3326149595
5 6575 13267707821
5 6600 10661930936
5 6650 10581766041
5 6675 4485853564
5 6700 10029670532
5 6725 20927507562
5 6775 -3652558398
5 6800 13797792976
5 6825 10310438707
5 6850 2134759958
5 6900 10198368721
5 6925 -1485756527
5 6950 2256915005
5 6975 12332368311
5 7025 10965064569
5 7050 5477021936
5 7075 -1510812726
5 7100 5829168298
5 7150 9841782402
5 7175 13076653970
5 7200 13031248921
5 7225 15397685325
5 7275 2027786767
5 7300 1442663466
5 7325 11931442898
5 7350 5217591651
5 7400 12679053004
5 7425 12636362590
5 7450 -1547242263
5 7475 12551838427
5 7525 12468437507
5 7550 5526465796
5 7575 4134504838
5 7600 12345393715
5 7650 9198528650
5 7675 6969453615
5 7700 9138797945
5 7725 4292794849
5 7775 1842836317
5 7800 9021633868
5 7825 -2293338808
5 7850 271942383
5 7900 7744262630
5 7925 1618460268
5 7950 14882274380
5 7975 11764889310
5 8025 7980710924
5 8050 8741458904
5 8075 11619194085
5 8100 4249057075
5 8150 2585575373
5 8175 11477063270
5 8200 7190612354
5 8225 11407293890
5 8275 1908442801
5 8300 4138700306
5 8325 5770222727
5 8350 667695252
5 8400 8377231449
5 8425 3375106912
5 8450 4689595921
5 8475 1288070800
5 5 56294995342131
5 10 14073748835532
5 15 9382499223688
5 20 7036874417766
5 30 3127499741229
5 35 4021071095867
5 40 3518437208883
5 45 3127499741229
5 55 2558863424642
5 60 1563749870614
5 65 2165192128544
5 70 1340357031955
5 80 1759218604441
5 85 1655735157122
5 90 1042499913743
5 95 1481447245846
5 105 893571354637
5 110 852954474880
5 115 1223804246568
5 120 781874935307
5 130 721730709514
5 135 1042499913743
5 140 670178515977
5 145 970603367968
5 155 907983795841
5 160 879609302220
5 165 568636316587
5 170 551911719040
5 180 521249956871
5 185 760743180299
5 190 493815748615
5 195 481153806343
5 205 686524333441
5 210 335089257988
5 215 654592969095
5 220 426477237440
5 230 407934748856
5 235 598882929172
5 240 390937467653
5 245 574438727981
5 255 367941146027
5 260 360865354757
5 265 531084861718
5 270 347499971247
5 280 335089257988
5 285 329210499076
5 290 323534455989
5 295 477076231713
5 305 461434388050
5 310 302661265280
5 315 297857118212
5 320 439804651110
5 330 213238618720
5 335 420111905538
5 340 275955859520
5 345 271956499237
5 355 396443629170
5 360 260624978435
5 365 385582159878
5 370 253581060099
5 380 246907874307
5 385 243701278538
5 390 180432677378
5 395 356297438874
5 405 347499971247
5 410 228841444480
5 415 339126477965
5 420 167544628994
5 430 218197656364
5 435 215689637326
5 440 213238618720
5 445 316264018776
5 455 206208774147
5 460 203967374428
5 465 201774176853
5 470 199627643057
5 480 195468733826
5 485 290180388362
5 490 191479575993
5 495 189545438862
5 505 278688095753
5 510 137977929760
5 515 273276676418
5 520 180432677378
5 530 177028287239
5 535 263060725898
5 540 173749985623
5 545 258233923588
5 555 169054040066
5 560 167544628994
5 565 249092899744
5 570 123453937153
5 580 161767227994
5 585 160384602114
5 590 159025410570
5 595 157689062583
5 605 232623947695
5 610 153811462683
5 615 152560962986
5 620 151330632640
5 630 111696419329
5 635 221633839930
5 640 219902325555
5 645 145465104243
5 655 214866394436
5 660 106619309360
5 665 141090213890
5 670 140037301846
5 680 137977929760
5 685 205456187380
5 690 101983687214
5 695 202499983245
5 705 133085095371
5 710 132147876389
5 715 131223765366
5 720 130312489217
5 730 128527386625
5 735 127653050662
5 740 126790530049
5 745 188909380343
5 755 186407269345
5 760 123453937153
5 765 122647048675
5 770 91387979451
5 780 90216338689
5 785 179283424656
5 790 118765812958
5 795 118018858159
5 805 116552785388
5 810 115833323749
5 815 172684034792
5 820 114420722240
5 830 113042159321
5 835 168547890246
5 840 83772314497
5 845 166553240657
5 855 109736833025
5 860 109098828182
5 865 162702298677
5 870 80883613997
5 880 106619309360
5 885 106016940380
5 890 105421339592
5 895 157248590341
5 905 155511036857
5 910 77328290305
5 915 102540975122
5 920 101983687214
5 930 75665316320
5 935 100347585280
5 940 99813821528
5 945 99285706070
5 955 147369097754
5 960 97734366913
5 965 145841956845
5 970 96726796120
5 980 95739787996
5 985 142880698838
5 990 71079539573
5 995 141444711915
5 1005 93358201230
5 1010 92896031917
5 1015 92438415998
5 1020 68988964880
5 1030 91092225472
5 1035 90652166412
5 1040 90216338689
5 1045 89784681567
5 1055 133400462896
5 1060 88514143619
5 1065 88098584259
5 1070 87686908632
5 1080 86874992811
5 1085 86474647224
5 1090 86077974529
5 1095 85684924417
5 1105 84909495237
5 1110 63395265024
5 1115 126221962651
5 1120 83772314497
5 1130 83030966581
5 1135 123997787097
5 1140 61726968576
5 1145 122914836992
5 1155 60925319634
5 1160 80883613997
5 1165 120804711035
5 1170 60144225792
5 1180 79512705285
5 1185 79177208638
5 1190 59133398468
5 1195 117771956783
5 1205 116794596146
5 1210 77541315898
5 1215 115833323749
5 1220 76905731341
5 1230 57210361120
5 1235 75971653633
5 1240 75665316320
5 1245 75361439547
5 1255 112141424984
5 1260 55848209664
5 1265 74169954338
5 1270 73877946643
5 1280 109951162777
5 1285 109523337242
5 1290 54549414091
5 1295 72451731457
5 1305 71896545775
5 1310 71622131478
5 1315 107024705974
5 1320 53309654680
5 1330 52908830208
5 1335 70280893061
5 1340 70018650923
5 1345 104637537811
5 1355 103865305059
5 1360 68988964880
5 1365 51552193536
5 1370 68485395793
5 1380 50991843607
5 1385 101615515058
5 1390 67499994415
5 1395 67258058951
5 1405 100169030858
5 1410 49906910764
5 1415 99461122513
5 1420 66073938194
5 1430 49208912012
5 1435 65383269852
5 1440 65156244608
5 1445 97396185713
5 1455 64484530747
5 1460 64263693312
5 1465 96066544952
5 1470 47869893998
5 1480 63395265024
5 1485 63181812954
5 1490 62969793447
5 1495 62759192133
5 1505 62342187534
5 1510 62135756448
5 1515 61930687945
5 1520 61726968576
5 1530 45992643253
5 1535 91685660166
5 1540 45693989725
5 1545 60728150315
5 1555 90506423380
5 1560 45108169344
5 1565 89928107575
5 1570 59761141552
5 1580 59382906479
5 1585 88793368048
5 1590 44257071809
5 1595 58824446544
5 1605 58457939088
5 1610 43707294520
5 1615 58095970425
5 1620 57916661874
5 1630 57561344930
5 1635 57385316352
5 1640 57210361120
5 1645 57036469446
5 1655 85037757314
5 1660 56521079660
5 1665 56351346688
5 1670 56182630081
5 1680 41886157248
5 1685 83523731962
5 1690 55517746885
5 1695 55353977720
5 1705 55029320960
5 1710 41151312384
5 1715 82062675426
5 1720 54549414091
5 1730 54234099558
5 1735 81116707986
5 1740 40441806998
5 1745 80651855791
5 1755 53461534038
5 1760 53309654680
5 1765 79737953742
5 1770 39756352642
5 1780 52710669796
5 1785 39422265645
5 1790 52416196780
5 1795 78405285992
5 1805 77970907676
5 1810 51837012285
5 1815 51694210598
5 1820 38664145152
5 1830 38452865670
5 1835 76696178940
5 1840 50991843607
5 1845 50853654328
5 1855 50579510641
5 1860 37832658160
5 1865 67358338114
5 1870 37630344480
5 1880 49906910764
5 1885 49774531691
5 1890 37232139776
5 1895 74267803881
5 1905 44947018092
5 1910 49123032584
5 1915 73492161021
5 1920 48867183456
5 1930 48613985614
5 1935 48488368081
5 1940 48363398060
5 1945 72358605838
5 1955 47992323396
5 1960 47869893998
5 1965 47748087652
5 1970 47626899612
5 1980 35539769786
5 1985 70900497912
5 1990 47148237304
5 1995 35272553472
5 2005 29114734550
5 2010 35009325461
5 2015 46563271582
5 2020 46448015958
5 2030 34664405998
5 2035 46105647292
5 2040 34494482440
5 2045 64538419400
5 2055 45656930528
5 2060 45546112736
5 2065 45435831593
5 2070 33994562404
5 2080 45108169344
5 2085 38475658719
5 2090 33669255587
5 2095 8824578059
5 2105 58859156296
5 2110 44466820965
5 2115 44361698457
5 2120 44257071809
5 2130 33036969097
5 2135 43946132195
5 2140 43843454316
5 2145 32805941341
5 2155 65307419190
5 2160 43437496405
5 2165 65005768293
5 2170 32427992708
5 2180 43038987264
5 2185 42940499880
5 2190 32131846656
5 2195 64117306768
5 2205 42551016887
5 2210 31841060713
5 2215 21223610484
5 2220 31697632512
5 2230 42073987550
5 2235 29791336461
5 2240 41886157248
5 2245 62689304390
5 2255 41607535360
5 2260 41515483290
5 2265 41423837632
5 2270 36878363498
5 2280 30863484288
5 2285 26925062551
5 2290 40971612330
5 2295 40882349558
5 2305 61057478679
5 2310 24370127853
5 2315 60793731471
5 2320 40441806998
5 2330 40268237011
5 2335 60273014285
5 2340 30072112896
5 2345 40010657670
5 2355 39840761034
5 2360 39756352642
5 2365 39672301157
5 2370 29691453239
5 2380 29566699234
5 2385 39339619386
5 2390 35311245611
5 2395 54816969839
5 2405 39012470785
5 2410 38931532048
5 2415 29138196346
5 2420 38770657949
5 2430 38611107916
5 2435 57797736491
5 2440 38452865670
5 2445 34436919803
5 2455 57326879167
5 2460 28605180560
5 2465 38062877175
5 2470 28489370112
5 2480 37832658160
5 2485 37756536112
5 2490 23806307629
5 2495 34155638183
5 2505 37455086721
5 2510 37380474994
5 2515 55959239903
5 2520 27924104832
5 2530 27813732876
5 2535 37011831257
5 2540 34419079954
5 2545 55299602497
5 2555 36722110465
5 2560 54975581388
5 2565 36578944341
5 2570 36507779080
5 2580 27274707045
5 2585 36295935101
5 2590 27169399296
5 2595 36156066372
5 2605 54025907238
5 2610 26961204665
5 2615 -2003076741
5 2620 35811065739
5 2630 31170541775
5 2635 35607207680
5 2640 26654827340
5 2645 53208880286
5 2655 35338980126
5 2660 26454415104
5 2665 35206376075
5 2670 22223016233
5 2680 35009325461
5 2685 22720729710
5 2690 34879179270
5 2695 34814468363
5 2705 52028646342
5 2710 30354745784
5 2715 30394988792
5 2720 34494482440
5 2730 20620877414
5 2735 6544655
5 2740 34242697896
5 2745 34180325040
5 2755 34056258525
5 2760 25495921803
5 2765 33933089417
5 2770 20367683752
5 2780 23873016852
5 2785 50534107129
5 2790 25221772106
5 2795 33568870211
5 2805 25086896320
5 2810 29025029786
5 2815 45758806814
5 2820 24953455382
5 2830 29294599991
5 2835 33095235356
5 2840 33036969097
5 2845 30212949398
5 2855 49295092244
5 2860 24604456006
5 2865 28847797846
5 2870 24518726194
5 2880 32578122304
5 2885 3434300328
5 2890 24232131606
5 2895 32409323743
5 2905 32297759806
5 2910 22697031305
5 2915 32186961316
5 2920 32131846656
5 2930 32022181650
5 2935 -1652592420
5 2940 23934946999
5 2945 31859080557
5 2955 27805193092
5 2960 31697632512
5 2965 47466269260
5 2970 23693179857
5 2980 27248148171
5 2985 23588962645
5 2990 23534697049
5 2995 24492748669
5 3005 46834438721
5 3010 23378320324
5 3015 31119400410
5 3020 31067878224
5 3030 15687136243
5 3035 -59288366
5 3040 30863484288
5 3045 23109603999
5 3055 30711945087
5 3060 22996321626
5 3065 45917614472
5 3070 15242258881
5 3080 22846994862
5 3085 45619931396
5 3090 18598045078
5 3095 -905080057
5 3105 30217388804
5 3110 26030385260
5 3115 21829788681
5 3120 22554084672
5 3130 22408600077
5 3135 22446170391
5 3140 29348330644
5 3145 29833065894
5 3155 37802187463
5 3160 29691453239
5 3165 11650665677
5 3170 10691073535
5 3180 22128535904
5 3185 29458396308
5 3190 22059167453
5 3195 28863487475
5 3205 -2909097948
5 3210 17670363485
5 3215 -1402841512
5 3220 21853647260
5 3230 21785988909
5 3235 43504633186
5 3240 28958330937
5 3245 28464979484
5 3255 21618661805
5 3260 4984291843
5 3265 43104896893
5 3270 21519493632
5 3280 28605180560
5 3285 12700535006
5 3290 21388676041
5 3295 42712439562
5 3305 -2594906314
5 3310 21160613011
5 3315 21227373809
5 3320 28260539830
5 3330 21131755008
5 3335 28133430956
5 3340 24237515790
5 3345 28049325033
5 3355 27965720489
5 3360 20943078624
5 3365 -3354190778
5 3370 -1186741644
5 3380 27758873442
5 3385 41576806013
5 3390 16625422980
5 3395 27400543829
5 3405 23416641266
5 3410 20635995360
5 3420 20575656192
5 3430 23495117628
5 3435 23671089554
5 3440 27274707045
5 3445 27235121115
5 3455 36482979596
5 3460 19030031592
5 3465 20308439878
5 3470 19715349458
5 3480 20220903499
5 3485 26922522880
5 3490 850963331
5 3495 18137520673
5 3505 40153349031
5 3510 20048075264
5 3515 26692743169
5 3520 26654827340
5 3530 4435356797
5 3535 26541723405
5 3540 19878176321
5 3555 26392402879
5 3560 15970659004
5 3565 26318370895
5 3570 15768906258
5 3580 19824864624
5 3585 26171545951
5 3590 26135095330
5 3595 39148119153
5 3605 19492795056
5 3610 21509733777
5 3615 22100555449
5 3620 11924059530
5 3630 19385328974
5 3635 38717328296
5 3640 19332072576
5 3645 30322256179
5 3655 25670312514
5 3660 19226432835
5 3665 -3235716525
5 3670 14701684995
5 3680 25495921803
5 3685 25461327609
5 3690 19070120373
5 3695 38088630137
5 3705 18992913408
5 3710 18967316489
5 3715 37883576946
5 3720 18916329080
5 3730 7144084806
5 3735 25120479849
5 3740 18815172240
5 3745 20775463915
5 3760 24953455382
5 3765 24920316663
5 3770 18665449383
5 3780 18616069888
5 3785 37182955972
5 3790 20641820009
5 3795 18542488584
5 3805 36987513365
5 3810 18469486660
5 3815 24593707009
5 3820 20423093759
5 3830 17075465949
5 3835 24465447780
5 3840 24433591728
5 3845 -1087321518
5 3855 20099923238
5 3860 5585878626
5 3865 36413321696
5 3870 18183138030
5 3880 20020420847
5 3885 18112932864
5 3890 24119535279
5 3895 24088573103
5 3905 24026886617
5 3910 17997121273
5 3915 23965515258
5 3920 22090900996
5 3930 13767110336
5 3935 35765562479
5 3940 19954342293
5 3945 19529541156
5 3955 15577278160
5 3960 17769884893
5 3965 23663301951
5 3970 6353193089
5 3980 19474930418
5 3990 14109021389
5 3995 23485605066
5 4005 21356216492
5 4010 1457108473
5 4015 19138077552
5 4020 10764413439
5 4030 17461226843
5 4035 19755018322
5 4040 15649875926
5 4045 34792951386
5 4055 -2982900516
5 4060 17332202999
5 4065 18918159504
5 4070 17289617734
5 4080 17247241220
5 4085 22968174354
5 4090 3348127597
5 4095 17184064512
5 4110 8917455411
5 4115 34201090730
5 4120 16156051343
5 4130 16602375200
5 4135 34035668284
5 4140 16997281202
5 4155 15240846401
5 4160 22554084672
5 4165 22527008941
5 4170 5670913895
5 4180 16834627793
5 4185 22419352983
5 4190 3993003796
5 4205 33469081654
5 4210 3362436976
5 4215 20830980106
5 4220 22233410482
5 4230 16635636921
5 4235 22154661685
5 4240 17647967123
5 4245 18088557551
5 4255 22050526965
5 4260 8316300924
5 4270 12341377040
5 4280 21921727158
5 4290 13122376536
5 4305 13881466549
5 4310 -405399495
5 4320 21718748202
5 4330 -2456221723
5 4335 21643596825
5 4340 16213996354
5 4345 17461465509
5 4355 17089968083
5 4360 21519493632
5 4365 4467455592
5 4370 16102687454
5 4380 8025394869
5 4385 32095208291
5 4390 6278238643
5 4395 21348121100
5 4410 15956631332
5 4415 31877120805
5 4420 15920530356
5 4430 800125837
5 4435 31733368288
5 4440 15848816256
5 4445 13022333220
5 4455 17017159011
5 4460 21036993775
5 4465 21013436111
5 4470 9337994058
5 4480 16743296790
5 4485 15689798032
5 4490 13544867688
5 4495 20873190710
5 4505 20826857322
5 4510 12400869126
5 4515 11318524314
5 4520 12611886495
5 4530 7847745908
5 4535 31033624775
5 4540 8395133677
5 4545 11485245739
5 4560 15431742144
5 4565 20553119877
5 4570 3406154578
5 4580 16442931627
5 4585 12566420634
5 4590 15330881084
5 4605 2029866499
5 4610 16854725035
5 4615 13840787701
5 4620 12185063926
5 4630 20264577156
5 4635 12029620886
5 4640 20220903499
5 4655 20155744842
5 4660 12141373308
5 4665 439019917
5 4670 9189896403
5 4680 15036056448
5 4690 10865574093
5 4695 -226780389
5 4710 6367617102
5 4715 19899256043
5 4720 17403165672
5 4730 14877112933
5 4740 11408043117
5 4745 13067895249
5 4755 -243223765
5 4760 14783349617
5 4765 29535674366
5 4770 13902865015
5 4780 7944542678
5 4785 14706111635
5 4790 5162973390
5 4795 19567255942
5 4805 29289799866
5 4810 14629676544
5 4815 19485979696
5 4820 1404935404
5 4830 11655278538
5 4840 19385328974
5 4845 14523992606
5 4860 19305553958
5 4865 9851759477
5 4870 -161318242
5 4880 17095326379
5 4890 6417307092
5 4895 11170251174
5 4905 19128438784
5 4910 19108959722
5 4920 14302590280
5 4930 14273578940
5 4935 14259117361
5 4940 14244685056
5 4945 18973709249
5 4960 18044914817
5 4965 1707854264
5 4970 6506108577
5 4980 10486951249
5 4990 682749538
5 4995 18783782229
5 5005 14059689147
5 5010 6242943326
5 5015 14403925497
5 5020 18690237497
5 5030 -1180980902
5 5035 18634556552
5 5040 13962052416
5 5055 14917510658
5 5060 13906866438
5 5070 10236118055
5 5080 5556591753
5 5085 18451325906
5 5090 18433200832
5 5095 27622666998
5 5110 9521234940
5 5115 13757330240
5 5120 27487790694
5 5130 13717104128
5 5135 10163189657
5 5140 14139774922
5 5145 11539081525
5 5160 13637353522
5 5170 13610975662
5 5180 13584699648
5 5185 14241666948
5 5190 5471506702
5 5205 14012020989
5 5210 18008635746
5 5215 5956539731
5 5220 13480602332
5 5230 -674400694
5 5235 -2628600917
5 5240 10207983177
5 5260 1922604113
5 5265 13339942565
5 5270 9006107318
5 5280 13327413670
5 5285 14042196379
5 5290 13644494213
5 5295 5091827713
5 5310 7236689878
5 5320 13227207552
5 5330 7724994754
5 5335 13021368301
5 5340 1244644864
5 5355 13140755215
5 5360 13962675303
5 5365 17488348973
5 5370 4933160751
5 5380 13796270969
5 5385 -1574477819
5 5390 11758084769
5 5395 9944872461
5 5405 17358925483
5 5410 95780666
5 5415 13889184870
5 5420 13813116318
5 5430 5825282869
5 5440 17247241220
5 5445 5441009263
5 5460 10310438707
5 5470 -19215315
5 5480 13065552882
5 5490 6212944102
5 5495 12369265619
5 5505 607538240
5 5510 12771096946
5 5520 12747960901
5 5530 12724908531
5 5535 16951218109
5 5540 9236773264
5 5555 1997744753
5 5560 98034626
5 5565 12644877659
5 5570 99999100
5 5580 8119731961
5 5590 12588326328
5 5595 16769435609
5 5605 12880409389
5 5610 10034758528
5 5620 1009491577
5 5630 2881708736
5 5635 11088989005
5 5640 8362613073
5 5655 12443632922
5 5660 420954465
5 5665 11829601099
5 5670 8767394592
5 5680 11007503169
5 5685 16503956418
5 5690 12184507484
5 5695 13167170249
5 5705 8113998053
5 5710 16431697414
5 5715 8542371281
5 5720 12302228003
5 5730 1155514870
5 5735 8898826519
5 5740 9800982110
5 5745 16331591338
5 5760 12645742486
5 5770 -4645383892
5 5780 16232697618
5 5785 11707054016
5 5790 845561676
5 5795 10958305635
5 5805 13737640037
5 5810 93157624
5 5820 3446630521
5 5830 9755324138
5 5835 2363938284
5 5840 5775955788
5 5845 409682673
5 5860 16011090825
5 5865 11998080848
5 5870 -428248743
5 5880 8469705641
5 5885 -1270669688
5 5890 7716617010
5 5895 -722793399
5 5910 373297957
5 5915 11888153745
5 5920 15848816256
5 5930 -1234217691
5 5940 11846589928
5 5945 14329714599
5 5955 5663277235
5 5960 -1004211677
5 5970 4657918532
5 5980 11767348524
5 5985 11757517824
5 5990 -4022492148
5 5995 15650540824
5 6010 -4431042653
5 6015 -1422693979
5 6020 7675246044
5 6030 6515175345
5 6035 11279786418
5 6040 7969262969
5 6045 11640817895
5 6055 15495457018
5 6060 7497889371
5 6070 -56012898
5 6080 15431742144
5 6090 5701854172
5 6095 10998685569
5 6105 11526411822
5 6110 7021275372
5 6120 8343079671
5 6130 15305871490
5 6135 7920239256
5 6140 -5250619862
5 6160 11423497431
5 6165 112666583
5 6170 15206643798
5 6180 3437330080
5 6190 -961025436
5 6195 7499850384
5 6205 5808107994
5 6210 11331520801
5 6215 6921976258
5 6220 15084403896
5 6230 3293742814
5 6235 10766245928
5 6240 11277042336
5 6255 3795914050
5 6260 -1266098288
5 6265 199750756
5 6270 8978468156
5 6280 -43686302
5 6285 993994286
5 6290 7333600460
5 6305 1173126804
5 6310 8063679622
5 6315 1485549663
5 6320 14845726619
5 6330 -69675767
5 6335 3011365151
5 6340 175811265
5 6345 10282872603
5 6355 12391751256
5 6360 7676466193
5 6365 6601528257
5 6370 9749557749
5 6380 11029583726
5 6390 552462293
5 6405 3437453106
5 6410 -1070037300
5 6420 7014790263
5 6430 14591756179
5 6435 10935313780
5 6440 10926823630
5 6460 10892994454
5 6465 3356630919
5 6470 14501544395
5 6480 7802339369
5 6490 3181854373
5 6495 14445726287
5 6510 4365596418
5 6520 5601918452
5 6530 -1750237334
5 6540 10759746816
5 6545 10751526995
5 6555 10735124969
5 6560 14302590280
5 6565 289607792
5 6570 547946999
5 6580 7256654518
5 6585 158310748
5 6590 14237479853
5 6610 14194401246
5 6615 11806907274
5 6620 1270379006
5 6630 8490949523
5 6640 6092578453
5 6645 -259838321
5 6655 21147631609
5 6660 7258071064
5 6665 5595252215
5 6670 3402006658
5 6680 6178987927
5 6685 6064990033
5 6690 7130695128
5 6695 898610181
5 6705 1796310544
5 6710 7175428806
5 6715 9460834969
5 6720 10471539312
5 6730 -2177229874
5 6735 1446962443
5 6740 3117162908
5 6745 5159376107
5 6755 67762319
5 6760 31789731
5 6765 4505272424
5 6780 2390055377
5 6785 9882223256
5 6790 6617980947
5 6795 -55113755
5 6810 160082322
5 6815 9604404261
5 6820 6880314178
5 6840 4023891075
5 6845 20560626495
5 6855 4179971306
5 6860 228464486
5 6870 3184595830
5 6880 9523238904
5 6885 9681376536
5 6890 6080851752
5 6895 5782694093
5 6910 -2403044558
5 6915 10070560737
5 6920 286866176
5 6930 8123375951
5 6935 9354187302
5 6940 6118356390
5 6945 13509718104
5 6955 9447419099
5 6960 10110451749
5 6965 5074562156
5 6970 6350341729
5 6980 5470454295
5 6985 952991411
5 6990 2328784835
5 7005 5285142123
5 7015 4513961395
5 7020 10024037632
5 7030 10009778688
5 7035 3515310057
5 7040 5322524078
5 7055 5114189237
5 7060 5304601022
5 7065 9972447238
5 7070 1938141115
5 7080 5434727944
5 7085 13242765312
5 7095 6274756623
5 7105 12122363378
5 7110 6038043566
5 7120 2119982417
5 7130 4265002098
5 7140 1039177829
5 7155 9290952636
5 7160 1092934909
5 7170 31526670
5 7180 2090353924
5 7185 5674697216
5 7190 6026779782
5 7205 5688330649
5 7210 3007472824
5 7215 9260675020
5 7220 5964030854
5 7230 1918670545
5 7240 1456090701
5 7245 9474558555
5 7260 1715986470
5 7270 -3212760200
5 7280 9666036288
5 7285 4345049426
5 7290 5258601869
5 7305 124987620
5 7310 5767259679
5 7315 9619787312
5 7320 5969897751
5 7330 12800135366
5 7335 329712675
5 7340 1524036889
5 7345 7234584861
5 7360 12087614343
5 7365 12739306481
5 7370 1925399328
5 7380 6223343810
5 7385 11283747157
5 7395 9515719293
5 7410 7597165363
5 7420 6171941868
5 7440 6829916834
5 7455 1906482031
5 7460 4472954577
5 7470 2163031371
5 7480 9407586120
5 7485 1807216245
5 7490 6083309548
5 7505 8698094404
5 7510 12493341176
5 7515 -713702160
5 7520 12476727691
5 7530 9345118748
5 7535 4423633492
5 7540 5621847798
5 7545 5181506889
5 7560 9308034944
5 7565 180425605
5 7570 -5009236253
5 7580 12377967313
5 7585 284827693
5 7590 7416995433
5 7595 2899985385
5 7605 5055410993
5 7610 -3663398051
5 7620 298643320
5 7630 9222640128
5 7635 -4622817386
5 7640 758668571
5 7645 6722234
5 7660 8274633851
5 7665 89908667
5 7670 1964630551
5 7680 399628240
5 7685 8262774081
5 7690 -605910659
5 7695 3563324374
5 7705 1177310013
5 7710 5012830152
5 7720 961097795
5 7735 9097445919
5 7740 5145495699
5 7755 5762267399
5 7760 4531679402
5 7770 3933456769
5 7780 8314163288
5 7785 7919703459
5 7790 6467388772
5 7805 8633337541
5 7810 2236633704
5 7815 -1282662815
5 7820 5287683743
5 7830 8987068221
5 7840 7543835704
5 7845 2027027582
5 7860 1489634578
5 7865 5428452336
5 7880 373297957
5 7885 3380329466
5 7890 2448986289
5 7905 4701298451
5 7910 525312489
5 7920 8884942446
5 7930 2222655944
5 7935 -455599763
5 7940 -1350866513
5 7945 69999249
5 7955 4632862222
5 7960 1211137387
5 7965 4037153142
5 7980 7102392800
5 7990 2349124874
5 7995 5489877642
5 8010 454731776
5 8015 -10472398
5 8020 -1087536600
5 8030 994189646
5 8040 995278266
5 8055 1380248563
5 8060 5232845563
5 8070 8719794817
5 8080 -172112951
5 8085 4801511164
5 8110 11569049597
5 8115 -23805116
5 8120 5022782833
5 8130 1080613079
5 8140 4899204516
5 8145 -19002297
5 8155 1653655087
5 8160 8623620610
5 8165 1170330892
5 8170 1594758930
5 8180 -2243990740
5 8190 6873625804
5 8195 2657759615
5 8205 63724485
5 8215 2637249246
5 8220 554676944
5 8230 11400363576
5 8235 5794549413
5 8240 798357826
5 8245 2001540699
5 8255 923348260
5 8260 2835289143
5 8265 5206258191
5 8270 11345222761
5 8280 8498640601
5 8295 4679702235
5 8305 4034801323
5 8310 2111235155
5 8320 3975704359
5 8330 4284608954
5 8340 1119828721
5 8355 -25447995
5 8360 8417313896
5 8365 -97415091
5 8370 4506366825
5 8380 1362355254
5 8385 3052089491
5 8395 88517916
5 8410 11156360551
5 8415 8362298773
5 8420 -2376038982
5 8430 322929887
5 8435 678042884
5 8440 3337530950
5 8445 -3849788694
5 8455 1325667824
5 8460 4371745144
5 8470 4664679465
5 8480 70541250
5 8490 649381409
7 343 820626754258
7 686 205156688564
7 1029 136771125709
7 1372 102578344282
7 1715 82062675425
7 2058 45590375236
7 2744 51289172141
7 3087 45590375236
7 3430 35072440167
7 3773 37301216103
7 4116 59971680374
7 4459 49326936740
7 5145 31630287232
7 5488 29896045940
7 5831 36292741697
7 6174 43672213675
7 6517 43864552078
7 6860 40613243702
7 7546 27515023492
7 7889 21805719121
7 8232 26699438003
7 49 5744387279809
7 98 1436096819952
7 147 957397879968
7 196 718048409976
7 245 574438727980
7 294 319132626656
7 392 359024204988
7 441 319132626656
7 490 191479575993
7 539 261108512719
7 588 159566313328
7 637 220937972300
7 735 127653050662
7 784 179512102494
7 833 168952567053
7 882 106377542218
7 931 151168086311
7 980 95739787996
7 1078 87036170906
7 1127 124877984344
7 1176 79783156664
7 1225 114887745596
7 1274 73645990766
7 1323 106377542218
7 1421 99041159997
7 1470 47869893998
7 1519 92651407739
7 1568 89756051247
7 1617 58024113937
7 1666 56317522351
7 1764 53188771109
7 1813 77626855133
7 1862 50389362103
7 1911 49097327177
7 1960 47869893998
7 2009 70053503412
7 2107 66795200928
7 2156 43518085453
7 2205 42551016887
7 2254 41625994781
7 2303 61110502977
7 2352 39891578332
7 2450 38295915198
7 2499 37545014900
7 2548 36822995383
7 2597 54192332828
7 2646 35459180739
7 2695 34814468362
7 2793 33592908069
7 2842 33013719998
7 2891 48681248134
7 2940 23934946999
7 2989 47085141638
7 3038 30883802579
7 3136 44878025623
7 3185 29458396306
7 3234 28738948995
7 3283 42868561790
7 3332 28158761175
7 3381 27750663187
7 3479 40453431548
7 3528 26594385554
7 3577 39345118355
7 3626 25875618377
7 3675 25530610132
7 3724 25194681051
7 3822 18411497691
7 3871 36356881518
7 3920 27623039005
7 3969 35459180739
7 4018 23351167804
7 4067 34604742649
7 4165 22527008940
7 4214 22265066976
7 4263 27748044629
7 4312 21759042726
7 4361 23434119084
7 4410 15956631332
7 4508 20812997390
7 4557 20589201719
7 4606 28843664762
7 4655 20155744841
7 4704 19945789166
7 4753 24313943029
7 4851 19341371312
7 4900 19147957599
7 4949 27505174570
7 4998 14079380587
7 5047 19648778009
7 5096 18411497691
7 5194 18064110942
7 5243 18850436455
7 5292 27745671543
7 5341 26350400366
7 5390 16947448233
7 5439 17250412251
7 5537 25417642831
7 5586 25200031453
7 5635 27773215728
7 5684 16506859999
7 5733 16365775725
7 5782 20219925289
7 5880 22460777073
7 5929 23737137520
7 5978 27592172377
7 6027 13357816756
7 6076 15441901289
7 6125 13124929225
7 6223 9418530777
7 6272 18813657974
7 6321 27870529295
7 6370 14938921213
7 6419 15146932011
7 6468 23633900973
7 6566 18327867978
7 6615 18937202337
7 6664 27698691185
7 6713 12504469047
7 6762 16903964321
7 6811 14409249452
7 6909 13580111772
7 6958 18754741838
7 7007 28684354140
7 7056 13297192777
7 7105 15371737243
7 7154 14235226472
7 7252 12937809188
7 7301 18820690496
7 7350 32165118291
7 7399 14882727400
7 7448 20874185591
7 7497 15368893732
7 7595 15654076402
7 7644 21476020618
7 7693 27428224704
7 7742 12669552439
7 7791 16448872505
7 7840 20814749089
7 7938 8686379439
7 7987 18789081426
7 8036 27335545638
7 8085 20409934868
7 8134 16662803955
7 8183 14335218508
7 8281 8617060813
7 8330 20936686546
7 8379 27242175239
7 8428 15222340191
7 8477 16602275375
7 7 40210710958665
7 14 10052677739666
7 21 6701785159777
7 28 5026338869833
7 35 4021071095866
7 42 2233928386592
7 56 2513169434916
7 63 2233928386592
7 70 1340357031955
7 77 1827759589030
7 84 1116964193296
7 91 1546565806103
7 105 893571354637
7 112 1256584717458
7 119 1182667969373
7 126 744642795530
7 133 1058176604175
7 140 670178515977
7 154 609253196343
7 161 874145890406
7 168 558482096648
7 175 804214219173
7 182 515521935367
7 189 744642795530
7 203 693288119977
7 210 335089257988
7 217 648559854172
7 224 628292358729
7 231 406168797562
7 238 394222656457
7 252 372321397765
7 259 543387985928
7 266 352725534725
7 273 343681290245
7 280 335089257988
7 287 490374523886
7 301 467566406496
7 308 304626598171
7 315 297857118212
7 322 291381963468
7 329 427773520837
7 336 279241048324
7 350 268071406391
7 357 262815104305
7 364 257760967683
7 371 379346329799
7 378 248214265176
7 385 243701278537
7 399 235150356483
7 406 231096039992
7 413 340768736938
7 420 167544628994
7 427 329595991464
7 434 216186618057
7 448 314146179364
7 455 206208774147
7 462 152313299085
7 469 300079932527
7 476 197111328228
7 483 194254642312
7 497 283174020836
7 504 186160698882
7 511 275415828484
7 518 181129328642
7 525 178714270927
7 532 176362767362
7 546 128880483841
7 553 254498170624
7 560 167544628994
7 567 248214265176
7 574 163458174628
7 581 242233198546
7 595 157689062583
7 602 155855468832
7 609 154064026661
7 616 152313299085
7 623 225902870554
7 630 111696419329
7 644 145690981734
7 651 144124412038
7 658 142591173612
7 665 141090213890
7 672 139620524162
7 679 207271705973
7 693 135389599187
7 700 134035703195
7 707 199062925538
7 714 98555664114
7 721 195197626013
7 728 128880483841
7 742 126448776599
7 749 187900518498
7 756 124107132588
7 763 184452802563
7 770 91387979451
7 777 120752885761
7 791 177923499817
7 798 88181383681
7 805 116552785387
7 812 115548019996
7 819 114560430081
7 826 113589578979
7 840 83772314497
7 847 166159962639
7 854 109865330488
7 861 108972116419
7 868 108093309028
7 875 160842843834
7 889 158309885664
7 896 157073089682
7 903 103903645888
7 910 77328290305
7 917 153475996025
7 924 76156649542
7 938 100026644175
7 945 99285706070
7 952 98555664114
7 959 146754419557
7 966 72845490867
7 973 144642845175
7 987 95060782408
7 994 94391340278
7 1001 93731260977
7 1008 93080349441
7 1015 92438415996
7 1022 91805276161
7 1036 90564664321
7 1043 134935271673
7 1050 67017851597
7 1057 133148049532
7 1064 88181383681
7 1071 87605034768
7 1085 86474647222
7 1092 64440241920
7 1099 128059589040
7 1106 84832723541
7 1113 84299184399
7 1120 83772314497
7 1134 82738088392
7 1141 123345739137
7 1148 81729087314
7 1155 60925319634
7 1162 80744399515
7 1169 120391350176
7 1183 118966600469
7 1190 59133398468
7 1197 78383452161
7 1204 77927734416
7 1211 116215927626
7 1218 57774009998
7 1232 76156649542
7 1239 75726385986
7 1246 75300956851
7 1253 112320421672
7 1260 55848209664
7 1267 111079312041
7 1281 73243553658
7 1288 72845490867
7 1295 72451731457
7 1302 54046654514
7 1309 71676846629
7 1316 71295586806
7 1330 52908830208
7 1337 105263641253
7 1344 69810262081
7 1351 104172826318
7 1358 69090568657
7 1365 51552193536
7 1379 102057642027
7 1386 50771099695
7 1393 101031937082
7 1400 67017851597
7 1407 66684429450
7 1414 66354308512
7 1428 49277832057
7 1435 65383269851
7 1442 65065875337
7 1449 64751547437
7 1456 64440241920
7 1463 64131915405
7 1477 95286044926
7 1484 63224388299
7 1491 62927560185
7 1498 62633506166
7 1505 62342187532
7 1512 62053566294
7 1526 61484267520
7 1533 61203517440
7 1540 45693989725
7 1547 60649639455
7 1554 45282332160
7 1561 90158544750
7 1575 59571423642
7 1582 59307833272
7 1589 88569847927
7 1596 44090691840
7 1603 87796312137
7 1610 43707294520
7 1624 57774009998
7 1631 86289079310
7 1638 42960161280
7 1645 57036469444
7 1652 56794789489
7 1659 56555149027
7 1673 84122826273
7 1680 41886157248
7 1687 75129373470
7 1694 55386654213
7 1701 82738088392
7 1708 54932665244
7 1722 40864543657
7 1729 54265466882
7 1736 54046654514
7 1743 53829599676
7 1750 53614281278
7 1757 80101017846
7 1771 52978538813
7 1778 52769961888
7 1785 39422265645
7 1792 78536544841
7 1799 78230955173
7 1806 38963867208
7 1820 38664145152
7 1827 51354675553
7 1834 51158665341
7 1841 76446218553
7 1848 38078324771
7 1855 50579510639
7 1869 50200637900
7 1876 50013322087
7 1883 74741098436
7 1890 37232139776
7 1897 74189503614
7 1904 49277832057
7 1918 48918139852
7 1925 48740255707
7 1932 36422745433
7 1939 64804880985
7 1946 48214281725
7 1953 48041470679
7 1967 71549307756
7 1974 35647793403
7 1981 71043658938
7 1988 47195670139
7 1995 35272553472
7 2002 35149222865
7 2016 46540174720
7 2023 69568704081
7 2030 34664405998
7 2037 45826429876
7 2044 45902638080
7 2051 68618960680
7 2065 45435831591
7 2072 45282332160
7 2079 45129866395
7 2086 44978423891
7 2093 44827994381
7 2100 33508925798
7 2114 44382683177
7 2121 44236205675
7 2128 44090691840
7 2135 43946132195
7 2142 32851888038
7 2149 65489757262
7 2163 43377250225
7 2170 32427992708
7 2177 64647445271
7 2184 32220120960
7 2191 64234362554
7 2198 42686529680
7 2212 42416361770
7 2219 26982798101
7 2226 31612194149
7 2233 42017461818
7 2240 41886157248
7 2247 41755670777
7 2261 41497121733
7 2268 41369044196
7 2275 41241754829
7 2282 20749359464
7 2289 40989511680
7 2296 40864543657
7 2310 24370127853
7 2317 60741255225
7 2324 40372199757
7 2331 40250961920
7 2338 40130450058
7 2345 40010657670
7 2359 35045205285
7 2366 31457232077
7 2373 39538555514
7 2380 29566699234
7 2387 39306657829
7 2394 29393794560
7 2408 38963867208
7 2415 29138196346
7 2422 38738642542
7 2429 57940505704
7 2436 28887004999
7 2443 53506400992
7 2457 38186810027
7 2464 38078324771
7 2471 38225914700
7 2478 28397394744
7 2485 37756536111
7 2492 35029448392
7 2506 31056906791
7 2513 56003775708
7 2520 27924104832
7 2527 55693505483
7 2534 29382382489
7 2541 36924436142
7 2555 36722110464
7 2562 27466332622
7 2569 40896077650
7 2576 36422745433
7 2583 36324038806
7 2590 27169399296
7 2604 27023327257
7 2611 -3652154013
7 2618 26878817485
7 2625 35742854185
7 2632 35647793403
7 2639 35553236923
7 2653 53048431344
7 2660 26454415104
7 2667 22653137355
7 2674 35087880417
7 2681 52494400729
7 2688 34905131040
7 2702 34724275439
7 2709 34634548629
7 2716 34545284328
7 2723 -101264444
7 2730 20620877414
7 2737 34280230996
7 2751 34105776894
7 2758 29886895344
7 2765 33933089416
7 2772 25385549847
7 2779 46669153142
7 2786 29818204847
7 2800 33508925798
7 2807 14480678884
7 2814 25006661043
7 2821 33259479701
7 2828 33177154256
7 2835 33095235356
7 2849 32932605209
7 2856 24638916028
7 2863 -2962727161
7 2870 24518726194
7 2877 32612093234
7 2884 28442847077
7 2898 24281830289
7 2905 32297759806
7 2912 32220120960
7 2919 27982874828
7 2926 24049468276
7 2933 27117962591
7 2947 35941956160
7 2954 31762014975
7 2961 31686927469
7 2968 31612194149
7 2975 31537812516
7 2982 21122824420
7 2996 27513182964
7 3003 23432815243
7 3010 23378320324
7 3017 734564628
7 3024 31026783147
7 3031 42934923780
7 3045 23109603999
7 3052 30742133760
7 3059 30671785628
7 3066 20202238529
7 3073 41975822437
7 3080 22846994862
7 3094 22743614795
7 3101 -600961513
7 3108 22641166080
7 3115 21829788680
7 3122 30052848250
7 3129 25672687083
7 3143 1668558015
7 3150 22339283865
7 3157 29719668114
7 3164 24691038421
7 3171 29588455451
7 3178 21248673501
7 3192 22045345920
7 3199 32344100575
7 3206 29265437378
7 3213 29201678256
7 3220 21853647260
7 3227 43612484771
7 3241 43424093908
7 3248 28887004999
7 3255 21618661805
7 3262 24481158132
7 3269 -627934146
7 3276 21480080640
7 3290 21388676041
7 3297 20061703531
7 3304 28397394744
7 3311 28337357970
7 3318 17710413027
7 3325 28218042778
7 3339 28099728133
7 3346 20044016989
7 3353 19879001732
7 3360 20943078624
7 3367 27866050561
7 3374 27808237177
7 3388 27693327106
7 3395 27400543829
7 3402 27579362797
7 3409 41284097493
7 3416 27466332622
7 3423 7748421215
7 3437 40947770834
7 3444 20432271828
7 3451 27187769412
7 3458 20349550080
7 3465 20308439878
7 3472 27023327257
7 3486 16086911644
7 3493 -3278573293
7 3500 26807140639
7 3507 15597504471
7 3514 26700339281
7 3521 33035434285
7 3535 26541723405
7 3542 19866952054
7 3549 26437022326
7 3556 18269441999
7 3563 39499716069
7 3570 15768906258
7 3584 35382402719
7 3591 26127817387
7 3598 26076985057
7 3605 19492795056
7 3612 19481933604
7 3619 25925667930
7 3633 14435831861
7 3640 19332072576
7 3647 38589933742
7 3654 19258003332
7 3661 1285785982
7 3668 21155694875
7 3682 20977712634
7 3689 25433719772
7 3696 19039162385
7 3703 33914543846
7 3710 18967316489
7 3717 25242128662
7 3731 25147411482
7 3738 15002985386
7 3745 20775463914
7 3752 25006661043
7 3759 16372383438
7 3766 24913699478
7 3780 18616069888
7 3787 33304211303
7 3794 21292151035
7 3801 22160226650
7 3808 24638916028
7 3815 24593707008
7 3829 33257909435
7 3836 18181475833
7 3843 24414517886
7 3850 18277595890
7 3857 24325898947
7 3864 18211372716
7 3878 109097690
7 3885 18112932864
7 3892 15510894968
7 3899 36095790807
7 3906 18015551504
7 3913 23977764437
7 3927 17919211657
7 3934 18056317556
7 3941 31474362424
7 3948 17823896701
7 3955 15577278158
7 3962 -403723808
7 3976 18086853690
7 3983 16079131837
7 3990 14109021389
7 3997 27525843629
7 4004 17574611432
7 4011 14991345498
7 4025 23310557077
7 4032 23270087360
7 4039 34844636879
7 4046 23189568026
7 4053 19035402341
7 4060 17332202999
7 4074 5498388279
7 4081 22990686655
7 4088 9976949940
7 4095 17184064512
7 4102 22872986893
7 4109 34251031481
7 4123 22756486111
7 4130 16602375200
7 4137 22679476006
7 4144 22641166080
7 4151 23787187369
7 4158 16923699898
7 4172 16270167352
7 4179 15322400779
7 4186 16810497892
7 4193 -1221513736
7 4200 16754462899
7 4207 33453170515
7 4221 22228143150
7 4228 14082248874
7 4235 22154661685
7 4242 8975824352
7 4249 -23285878
7 4256 22045345920
7 4270 12341377040
7 4277 21937103633
7 4284 16425944019
7 4291 32798296051
7 4298 9879329898
7 4305 13881466549
7 4319 -1130324374
7 4326 9732913755
7 4333 1736263297
7 4340 16213996354
7 4347 21583849145
7 4354 13436666238
7 4368 16110060480
7 4375 28143120412
7 4382 13439932514
7 4389 16032978851
7 4396 17061396536
7 4403 21309332782
7 4417 -2967861355
7 4424 16903234549
7 4431 17011657252
7 4438 9826760568
7 4445 13022333220
7 4452 11673778409
7 4466 15756548181
7 4473 6136920530
7 4480 16743296790
7 4487 -3517046518
7 4494 7733189571
7 4501 -2447940700
7 4515 11318524314
7 4522 15561420649
7 4529 31074737990
7 4536 16432698344
7 4543 20652650724
7 4550 15465658061
7 4564 7433925967
7 4571 -2926777591
7 4578 15371066880
7 4585 12566420632
7 4592 19005327445
7 4599 16238153082
7 4613 30508885401
7 4620 12185063926
7 4634 665097337
7 4641 15162409863
7 4648 15453478164
7 4662 15094110720
7 4669 20095307826
7 4676 20065225029
7 4683 20035232166
7 4690 10865574093
7 4697 19975514634
7 4711 -4290067062
7 4718 1152040547
7 4725 19857141214
7 4732 13550492019
7 4739 -4494562870
7 4746 11519151878
7 4760 14783349617
7 4767 11453898794
7 4774 12116317009
7 4781 29436830863
7 4788 14696897280
7 4795 19567255940
7 4809 15764687234
7 4816 19481933604
7 4823 19453657939
7 4830 11655278538
7 4837 24844568320
7 4844 19369321271
7 4858 1541871930
7 4865 9851759477
7 4872 14443502499
7 4879 19230373487
7 4886 11154682061
7 4893 -1502426816
7 4907 -1537258205
7 4914 14320053760
7 4921 19066245120
7 4928 19039162385
7 4935 14259117361
7 4942 1112168486
7 4956 9892072695
7 4963 28357342002
7 4970 6506108577
7 4977 10567810630
7 4984 10487208524
7 4991 18798836354
7 5005 14059689146
7 5012 6976626237
7 5019 12119640372
7 5026 7690731495
7 5033 20940348983
7 5040 13962052416
7 5054 15126818325
7 5061 11247342033
7 5068 18513218673
7 5075 18487683199
7 5082 9987556040
7 5103 19967595361
7 5110 9521234940
7 5117 18335937510
7 5124 10421449935
7 5131 27428861500
7 5138 -594682835
7 5152 18211372716
7 5159 18186662578
7 5166 9526700450
7 5173 27206164383
7 5180 13584699648
7 5187 13566366720
7 5201 27059697819
7 5208 8313605290
7 5215 5956539730
7 5222 655638837
7 5229 17943199892
7 5236 13439408742
7 5250 9265147786
7 5264 13768100635
7 5271 17800226187
7 5278 13332463845
7 5285 14042196377
7 5299 -3922150292
7 5306 17682810447
7 5313 13244634703
7 5320 13227207552
7 5327 26419652404
7 5334 2473899149
7 5348 551758441
7 5355 13140755215
7 5362 -1892187711
7 5369 13336897311
7 5376 9346187203
7 5383 26144805565
7 5397 17384656705
7 5404 13416064403
7 5411 26009515497
7 5418 9445968309
7 5425 17294929444
7 5432 4845519743
7 5446 3477760125
7 5453 16750961991
7 5460 10310438707
7 5467 9052190780
7 5474 12855086623
7 5481 17118225184
7 5495 12369265619
7 5502 8967412509
7 5516 9439622598
7 5523 8850815193
7 5530 12724908531
7 5544 12692774923
7 5551 11502538282
7 5558 16881070931
7 5565 12644877659
7 5572 2518130501
7 5593 16775432191
7 5600 16754462899
7 5607 9059113912
7 5614 -5892488180
7 5621 1898885683
7 5628 4795345487
7 5642 8613197374
7 5649 -3378257216
7 5656 12082548728
7 5663 24852108133
7 5670 8767394592
7 5677 -1716524340
7 5691 16486556358
7 5698 12349726952
7 5705 8113998052
7 5712 12319458014
7 5719 14953384838
7 5726 16385782786
7 5740 9800982110
7 5747 24488861729
7 5754 1338089814
7 5768 8069587302
7 5775 12185063926
7 5789 24311191632
7 5796 12140915144
7 5810 61027576
7 5817 4213394530
7 5824 16110060480
7 5838 641085749
7 5845 373111280
7 5852 12024734138
7 5859 16013823559
7 5866 -668174974
7 5887 23906486896
7 5894 -1441544277
7 5901 11953772851
7 5908 8535449941
7 5915 11888153743
7 5922 8060343975
7 5936 15806097074
7 5943 759653562
7 5950 11826679693
7 5957 15750376405
7 5964 4413298194
7 5985 11757517824
7 5992 11836122715
7 6006 9373126097
7 6020 7675246044
7 6034 4591599356
7 6041 23297051540
7 6048 15513391573
7 6055 15495457016
7 6062 1162037247
7 6069 15459712017
7 6083 7575952312
7 6090 5701854172
7 6097 10155041623
7 6104 15371066880
7 6111 7000028598
7 6118 11501919610
7 6132 3348590988
7 6146 15266025420
7 6153 8149979276
7 6160 11423497431
7 6181 22769372004
7 6188 11371807397
7 6195 7499850384
7 6202 1834701968
7 6209 22666691634
7 6216 8008866664
7 6230 3293742814
7 6237 8317748302
7 6244 15026424125
7 6251 15009597223
7 6258 916095427
7 6265 199750754
7 6279 11206998594
7 6286 439132932
7 6293 13538374744
7 6300 11169641932
7 6307 11017219147
7 6314 7399271191
7 6328 6358774771
7 6335 3011365149
7 6342 4086790402
7 6356 3145326438
7 6363 10999797540
7 6384 11022672960
7 6391 14680799913
7 6398 -1853942634
7 6405 3437453106
7 6412 -416276967
7 6426 10950629346
7 6440 10926823630
7 6447 2602690202
7 6454 14537494923
7 6461 6453055547
7 6475 14490346291
7 6482 14474697969
7 6489 8603534764
7 6496 14443502499
7 6510 4365596418
7 6524 3225013200
7 6531 10824111522
7 6538 3449609328
7 6545 10751526994
7 6552 10740040320
7 6573 3827831080
7 6580 7256654518
7 6594 6088600452
7 6601 14213754316
7 6608 5934594349
7 6622 6689199088
7 6636 7292374066
7 6643 1741312920
7 6650 10581766041
7 6657 3481131051
7 6671 21096910262
7 6678 6283671211
7 6685 6064990033
7 6692 3611510147
7 6699 6530305802
7 6706 3004176592
7 6720 10471539312
7 6727 -1942740622
7 6734 6907781533
7 6741 3102688527
7 6748 -472100418
7 6755 -104570382
7 6776 495906972
7 6783 10374280433
7 6790 6617980947
7 6804 9815621746
7 6818 1182762126
7 6825 10310438707
7 6832 9364928566
7 6846 1774450421
7 6853 233205461
7 6867 13663170560
7 6874 13649256944
7 6888 5903207070
7 6895 5782694092
7 6902 10195413529
7 6916 10174775040
7 6923 9124282109
7 6930 8123375951
7 6944 13511663628
7 6951 -399940171
7 6965 5074562156
7 6972 2572929515
7 6986 -4012044677
7 6993 13416987306
7 7000 9240550921
7 7014 2226274450
7 7021 9509680631
7 7028 13350169640
7 7035 3515310057
7 7042 -2726334087
7 7049 4990979789
7 7070 1938141115
7 7077 -5450696038
7 7084 9933476027
7 7098 2449866433
7 7112 1853454788
7 7119 1082159898
7 7126 -2951964275
7 7133 19730476427
7 7140 1039177829
7 7161 8414172151
7 7168 19634136210
7 7175 13076653970
7 7182 9797931520
7 7189 9613504735
7 7196 5840906451
7 7210 3007472824
7 7224 5626852184
7 7238 6334323714
7 7245 9474558555
7 7259 8882458461
7 7266 -21100030
7 7280 9666036288
7 7287 2010127304
7 7294 5511744139
7 7308 6241199907
7 7315 9619787310
7 7322 -4429068365
7 7329 1921977476
7 7336 4621075000
7 7364 126869474
7 7371 6511875146
7 7378 5374625516
7 7385 11283747157
7 7392 9519581192
7 7406 5189180046
7 7413 2009102247
7 7420 6171941868
7 7434 3244601201
7 7455 1906482031
7 7462 4947540018
7 7469 462047180
7 7476 1031482419
7 7490 6083309548
7 7504 8302827052
7 7511 12491677838
7 7518 989279971
7 7525 12468437506
7 7532 4855368463
7 7539 12445283490
7 7553 5145464691
7 7560 9308034944
7 7567 8237954305
7 7574 8528665425
7 7581 -3840597818
7 7588 8927233766
7 7602 420942938
7 7616 12319458014
7 7623 8449037867
7 7630 9222640128
7 7658 8754124573
7 7665 272466703
7 7672 4201278311
7 7686 5301644957
7 7700 9138797945
7 7707 4986146509
7 7714 6060231717
7 7728 6043705971
7 7735 9097445918
7 7749 8670329433
7 7756 4949055175
7 7770 3933456769
7 7777 3573999827
7 7784 416716085
7 7798 -4342450218
7 7805 8633337541
7 7812 5364457086
7 7826 4065166922
7 7833 1975816902
7 7847 331225430
7 7854 3826108166
7 7868 14785849
7 7875 7871410190
7 7882 11903703658
7 7896 4898034232
7 7910 525312489
7 7917 8888309230
7 7924 445491185
7 7931 2950703247
7 7945 -19813499
7 7952 331365452
7 7959 7674425680
7 7966 -1928144354
7 7973 -1322631
7 7980 8031618425
7 7994 11736926724
7 8001 5177172757
7 8008 8787305716
7 8015 -108205775
7 8022 2810542216
7 8029 5560010240
7 8043 4243501326
7 8050 8741458904
7 8064 3230405242
7 8078 1389327065
7 8092 7513232195
7 8099 96645252
7 8106 4707009207
7 8113 6546045664
7 8120 5022782833
7 8127 4256157241
7 8148 310197949
7 8155 1653655085
7 8162 4419633071
7 8169 118169159
7 8176 1087748484
7 8190 6873625804
7 8204 -1590710457
7 8211 8570057749
7 8218 4567216626
7 8225 11407293888
7 8239 7845922785
7 8246 3197168613
7 8253 3889294721
7 8260 2835289143
7 8274 1651099699
7 8288 7177457188
7 8295 4679702235
7 8302 -2443098388
7 8316 8461849949
7 8323 9901930369
7 8337 1663616129
7 8344 2253590896
7 8358 1135400796
7 8365 -287908615
7 8372 5017447187
7 8386 11188289081
7 8393 11178957731
7 8400 8377231449
7 8414 1380865093
7 8421 -853633799
7 8435 649831898
7 8442 4389480365
7 8449 2349371641
7 8456 7149597478
7 8463 1387547723
7 8470 4664679465
7 8484 720156511
11 1331 211476316086
11 2662 52869079021
11 3993 35246052681
11 5324 57074203081
11 6655 21147631608
11 7986 11748684227
11 121 2326239476947
11 242 581559869236
11 363 387706579491
11 484 290779934618
11 605 232623947694
11 726 129235526497
11 847 166159962639
11 968 145389967309
11 1089 129235526497
11 1210 77541315898
11 1452 64617763248
11 1573 89470749113
11 1694 55386654213
11 1815 51694210598
11 1936 72694983654
11 2057 68418808146
11 2178 43078508832
11 2299 61216828341
11 2420 38770657949
11 2541 36924436142
11 2783 50570423412
11 2904 32308881624
11 3025 46524789538
11 3146 29823583037
11 3267 43078508832
11 3388 27693327106
11 3509 40107577189
11 3630 19385328974
11 3751 37519991564
11 3872 36347491827
11 4114 42999554763
11 4235 22154661685
11 4356 30000330812
11 4477 31435668607
11 4598 28670246776
11 4719 24992203817
11 4840 19385328974
11 4961 28368774109
11 5082 25423986092
11 5203 27049296244
11 5445 40812192070
11 5566 24968399935
11 5687 27222239127
11 5808 24821159514
11 5929 23737137519
11 6050 23400409811
11 6171 23384360769
11 6292 23110167986
11 6413 21945655443
11 6534 23382730172
11 6776 40205648007
11 6897 20687714485
11 7018 29219831570
11 7139 19341852321
11 7260 33622698538
11 7381 19308247788
11 7502 11924520651
11 7623 20026360406
11 7744 22272934147
11 7865 24931394973
11 8107 37731904465
11 8228 26598701676
11 8349 26975049480
11 8470 19237954129
11 11 25588634246423
11 22 6397158561605
11 33 4264772374403
11 44 3198579280802
11 55 2558863424642
11 66 1421590791467
11 77 1827759589030
11 88 1599289640401
11 99 1421590791467
11 110 852954474880
11 132 710795395733
11 143 984178240247
11 154 609253196343
11 165 568636316587
11 176 799644820200
11 187 752606889601
11 198 473863597155
11 209 673385111748
11 220 426477237440
11 231 406168797562
11 253 556274657531
11 264 355397697866
11 275 511772684928
11 286 328059413415
11 297 473863597155
11 308 304626598171
11 319 441183349076
11 330 213238618720
11 341 412719907200
11 352 399822410100
11 374 250868963200
11 385 243701278537
11 396 236931798577
11 407 345792354681
11 418 224461703915
11 429 218706275610
11 440 213238618720
11 451 312056515200
11 462 152313299085
11 473 297542258679
11 495 189545438862
11 506 185424885843
11 517 272219513260
11 528 177698848933
11 539 261108512718
11 550 170590894976
11 561 167245975466
11 572 164029706707
11 583 241402209872
11 594 157954532385
11 616 152313299085
11 627 149641135943
11 638 147061116358
11 649 216852832597
11 660 106619309360
11 671 209742903659
11 682 137573302400
11 693 135389599187
11 704 199911205050
11 715 131223765366
11 737 190959957063
11 748 125434481600
11 759 123616590562
11 770 91387979451
11 781 180201649623
11 792 118465899288
11 803 175264618126
11 814 115264118227
11 825 113727263317
11 836 112230851957
11 858 82014853353
11 869 161953381306
11 880 106619309360
11 891 157954532385
11 902 104018838400
11 913 154148399075
11 924 76156649542
11 935 100347585280
11 946 99180752893
11 957 98040744239
11 979 143756372171
11 990 71079539573
11 1001 93731260975
11 1012 92712442921
11 1023 91715534933
11 1034 90739837753
11 1045 89784681566
11 1056 88849424466
11 1067 131900176528
11 1078 87036170906
11 1100 85295447488
11 1111 126676407161
11 1122 62717240800
11 1133 124216671099
11 1144 82014853353
11 1155 60925319634
11 1166 80467403290
11 1177 119573057226
11 1188 78977266192
11 1199 117379056176
11 1221 76842745484
11 1232 76156649542
11 1243 113224045338
11 1254 56115425978
11 1265 74169954337
11 1276 73530558179
11 1287 72902091870
11 1298 72284277532
11 1309 71676846628
11 1320 53309654680
11 1342 69914301219
11 1353 69345892266
11 1364 68786651200
11 1375 102354536985
11 1386 50771099695
11 1397 100742654513
11 1408 99955602525
11 1419 66120501928
11 1430 49208912012
11 1441 97666542925
11 1463 64131915404
11 1474 63653319020
11 1485 63181812954
11 1496 62717240800
11 1507 93389176082
11 1518 46356221460
11 1529 92045446930
11 1540 45693989725
11 1551 60493225168
11 1562 60067216540
11 1584 59232949644
11 1595 58824446543
11 1606 58421539375
11 1617 58024113937
11 1628 57632059113
11 1639 85867900156
11 1650 42647723744
11 1661 84730576975
11 1672 56115425978
11 1683 55748658488
11 1705 55029320960
11 1716 41007426676
11 1727 81492465753
11 1738 53984460435
11 1749 53644935527
11 1760 53309654680
11 1771 52978538812
11 1782 52651510795
11 1793 78492743087
11 1804 52009419200
11 1826 51382799691
11 1837 76612677385
11 1848 38078324771
11 1859 75706018481
11 1870 37630344480
11 1881 49880378647
11 1892 49590376446
11 1903 73955590308
11 1914 36765279089
11 1925 48740255707
11 1947 48189518354
11 1958 47918790723
11 1969 71476631973
11 1980 35539769786
11 1991 66381888599
11 2002 35149222865
11 2013 46609534146
11 2024 46356221460
11 2035 46105647290
11 2046 34393325600
11 2068 45369918876
11 2079 45129866395
11 2090 33669255587
11 2101 66985953525
11 2112 44424712233
11 2123 66291798566
11 2134 41516240312
11 2145 32805941341
11 2156 43518085453
11 2167 64945772199
11 2189 64293050870
11 2200 42647723744
11 2211 42435546013
11 2222 42225469053
11 2233 42017461816
11 2244 31358620400
11 2255 41607535360
11 2266 41405557033
11 2277 41205530187
11 2288 41007426676
11 2310 24370127853
11 2321 60636574044
11 2332 40233701645
11 2343 40044811027
11 2354 39857685742
11 2365 39672301157
11 2376 39488633096
11 2387 39306657828
11 2398 39126352058
11 2409 38947692916
11 2431 38595225109
11 2442 28816029556
11 2453 57373619387
11 2464 38078324771
11 2475 37909087772
11 2486 37741348446
11 2497 56362630499
11 2508 28057712989
11 2519 55870380451
11 2530 27813732876
11 2552 36765279089
11 2563 50659772418
11 2574 27338284451
11 2585 36295935101
11 2596 36142138766
11 2607 35989640290
11 2618 26878817485
11 2629 23793964392
11 2640 26654827340
11 2651 44217408546
11 2673 52651510795
11 2684 34957150609
11 2695 34814468362
11 2706 26004709600
11 2717 34532569833
11 2728 34393325600
11 2739 34255199794
11 2750 34118178995
11 2761 50973374993
11 2772 25385549847
11 2794 25465345892
11 2805 25086896320
11 2816 49977801262
11 2827 15965016701
11 2838 24795188223
11 2849 32932605207
11 2860 24604456006
11 2871 32680248079
11 2882 32555514308
11 2893 32732746742
11 2915 32186961316
11 2926 24049468276
11 2937 27636415564
11 2948 31826659510
11 2959 47562517187
11 2970 23693179857
11 2981 47211502300
11 2992 31358620400
11 3003 23432815243
11 3014 31129725360
11 3036 23178110730
11 3047 46188870481
11 3058 26585449822
11 3069 30571844977
11 3080 22846994862
11 3091 41166730497
11 3102 22684959438
11 3113 45209601142
11 3124 30033608270
11 3135 22446170391
11 3157 29719668114
11 3168 29616474822
11 3179 44270993506
11 3190 22059167453
11 3201 25020626519
11 3212 28735346136
11 3223 43666611342
11 3234 19432407303
11 3245 28464979482
11 3256 28816029556
11 3278 16587803559
11 3289 28526905515
11 3300 21323861872
11 3311 28337357969
11 3322 23991297562
11 3333 22497939615
11 3344 28057712989
11 3355 27965720487
11 3366 20905746933
11 3377 26355672235
11 3399 27603704688
11 3410 20635995360
11 3421 41139283354
11 3432 20503713338
11 3443 33094671335
11 3454 27164155250
11 3465 20308439878
11 3476 26992230217
11 3487 -773451118
11 3498 20116850822
11 3520 26654827340
11 3531 18817100701
11 3542 19866952054
11 3553 26407259284
11 3564 26325755397
11 3575 26244753073
11 3586 17832147196
11 3597 26084234705
11 3608 26004709600
11 3619 25925667929
11 3641 1664005743
11 3652 25691399845
11 3663 25614248494
11 3674 25537559128
11 3685 25461327608
11 3696 19039162385
11 3707 37965332710
11 3718 25235339493
11 3729 16956693755
11 3740 18815172240
11 3762 18705141992
11 3773 37301216102
11 3784 24795188223
11 3795 18542488584
11 3806 24651863435
11 3817 21267922249
11 3828 18382639544
11 3839 12315394888
11 3850 18277595890
11 3861 24300697290
11 3883 28259466493
11 3894 18071069383
11 3905 24026886616
11 3916 4259103261
11 3927 17919211657
11 3938 19971744741
11 3949 24661572619
11 3960 17769884893
11 3971 35441321671
11 3982 3571121398
11 4004 17574611432
11 4015 19138077552
11 4026 13226347208
11 4037 26875781603
11 4048 23178110730
11 4059 23115297422
11 4070 17289617734
11 4081 22990686654
11 4092 17196662800
11 4103 4030869615
11 4125 22745452663
11 4136 22684959438
11 4147 22624787132
11 4158 16923699898
11 4169 23279462344
11 4180 16834627793
11 4191 14622432357
11 4202 14358489040
11 4213 -4682543360
11 4224 20759902129
11 4246 13897466034
11 4257 22040167309
11 4268 8973894266
11 4279 797450994
11 4290 13122376536
11 4301 21814692452
11 4312 21759042726
11 4323 14006126513
11 4334 17592794667
11 4345 17461465509
11 4367 28253439399
11 4378 17545147255
11 4389 16032978851
11 4400 21323861872
11 4411 8882279606
11 4422 15913329755
11 4433 21165123446
11 4444 21112734526
11 4455 17017159011
11 4466 15756548181
11 4488 15679310200
11 4499 1596743100
11 4510 12400869126
11 4521 16697354174
11 4532 12489682631
11 4543 20652650723
11 4554 15452073820
11 4565 20553119876
11 4576 20503713338
11 4587 16203083892
11 4609 -1773591087
11 4620 12185063926
11 4631 22390793949
11 4642 15905566670
11 4653 20164408389
11 4664 20116850822
11 4675 20069517056
11 4686 9031898429
11 4697 19975514634
11 4708 16183238520
11 4730 14877112933
11 4741 1027104333
11 4752 19744316548
11 4763 29548076497
11 4774 12116317009
11 4785 14706111635
11 4796 19563176029
11 4807 19518409036
11 4818 8118117899
11 4829 -2178587502
11 4851 19341371312
11 4862 14473209415
11 4873 -1758736401
11 4884 14408014778
11 4895 11170251173
11 4906 19124539795
11 4917 1847303642
11 4928 19039162385
11 4939 1976346045
11 4950 14215907914
11 4972 9700839427
11 4983 11440094088
11 4994 3497000839
11 5005 14059689146
11 5016 14028856494
11 5027 -1222237018
11 5038 7619079582
11 5049 18582886162
11 5060 13906866438
11 5071 -2941114193
11 5093 27633514305
11 5104 18382639544
11 5115 13757330240
11 5126 2541832008
11 5137 5307370109
11 5148 13669142225
11 5159 18186662577
11 5170 13610975662
11 5181 2005197421
11 5192 12190579027
11 5214 9692544989
11 5225 17956936313
11 5236 13439408742
11 5247 17881645175
11 5258 7435274978
11 5269 4783914942
11 5280 13327413670
11 5291 17732941267
11 5302 1836136725
11 5313 13244634703
11 5335 13021368299
11 5346 17550503598
11 5357 26271698405
11 5368 13239979155
11 5379 1097672145
11 5390 11758084769
11 5401 -3947440415
11 5412 8801457824
11 5423 17301307808
11 5434 12949713687
11 5456 17196662800
11 5467 9052190778
11 5478 5588551350
11 5489 4168823011
11 5500 5811505471
11 5511 9141012534
11 5522 16991124997
11 5533 11246687022
11 5544 12692774923
11 5555 1997744752
11 5577 12969760412
11 5588 12551846269
11 5599 25136182953
11 5610 10034758528
11 5621 1898885681
11 5632 4402714434
11 5643 16626792882
11 5654 8249792220
11 5665 11829601099
11 5676 8538486598
11 5698 12349726952
11 5709 8374387689
11 5720 12302228003
11 5731 17205663455
11 5742 12255093029
11 5753 5738357370
11 5764 12145438489
11 5775 12185063926
11 5786 -677060873
11 5797 16185094400
11 5819 24185854675
11 5830 9755324138
11 5841 11718386760
11 5852 12024734138
11 5863 16002898216
11 5874 2837969763
11 5885 -1203059623
11 5896 15913329755
11 5907 3475875862
11 5918 12210853729
11 5940 11846589928
11 5951 23649384701
11 5962 12429360993
11 5973 -39023520
11 5984 15679310200
11 5995 15650540823
11 6006 9373126097
11 6017 23389976459
11 6028 11036994738
11 6039 11790907031
11 6061 15480117512
11 6072 11589055365
11 6083 7575952310
11 6094 1341032401
11 6105 11526411822
11 6116 6433274817
11 6127 22970048695
11 6138 11237903907
11 6149 12744619167
11 6160 11423497431
11 6182 7537188813
11 6193 -3992573051
11 6204 7844711861
11 6215 6921976257
11 6226 11055952929
11 6237 8317748302
11 6248 9031898429
11 6259 18180672510
11 6270 8978468156
11 6281 22406860111
11 6303 1866678746
11 6314 7399271191
11 6325 14833990867
11 6336 14808237411
11 6347 -4828588941
11 6358 11319314333
11 6369 6989019896
11 6380 11029583726
11 6391 14680799911
11 6402 5268417503
11 6424 6499006526
11 6435 10935313780
11 6446 -1707297782
11 6457 -5093363652
11 6468 6628061493
11 6479 14022554695
11 6490 3181854373
11 6501 -1726510911
11 6512 14408014778
11 6523 -1736293302
11 6545 10751526994
11 6556 2365033620
11 6567 6444149079
11 6578 10697589567
11 6589 21359460974
11 6600 10661930936
11 6611 21288381237
11 6622 6689199088
11 6633 12765308388
11 6644 2719208269
11 6666 2868412877
11 6677 687025561
11 6688 14028856494
11 6699 6530305802
11 6710 7175428806
11 6721 9226064024
11 6732 10452873466
11 6743 20871642942
11 6754 2963322536
11 6765 4505272424
11 6787 20736332453
11 6798 2707621705
11 6809 1459425082
11 6820 6880314178
11 6831 13501539946
11 6842 10405288011
11 6853 16018053
11 6864 10251856669
11 6875 -3818090188
11 6886 3518797862
11 6908 4956171119
11 6919 12186152694
11 6930 8123375951
11 6941 13470681048
11 6952 9382000490
11 6963 -401267359
11 6974 989490431
11 6985 2211945422
11 6996 6204626161
11 7007 5743093139
11 7029 8614359326
11 7040 5322524078
11 7051 1691256617
11 7062 6253544542
11 7073 19897849336
11 7084 9933476027
11 7095 6274756623
11 7106 9902722231
11 7117 -3089192974
11 7128 5140750787
11 7150 9841782402
11 7161 8414172151
11 7172 4657493872
11 7183 19593134951
11 7194 9781588014
11 7205 5688330648
11 7216 10647534624
11 7227 3573067869
11 7238 6334323714
11 7249 19414745255
11 7271 -3508024541
11 7282 1857038240
11 7293 9648806276
11 7304 5325579498
11 7315 9619787310
11 7326 5783089359
11 7337 12787923162
11 7348 8914980314
11 7359 5668691029
11 7370 1925399328
11 7392 9519581192
11 7403 19010872397
11 7414 5680538379
11 7425 12636362590
11 7436 1486027391
11 7447 18898548188
11 7458 233741977
11 7469 1768075196
11 7480 9407586120
11 7491 3189085754
11 7513 18732528731
11 7524 9352570996
11 7535 4423633492
11 7546 4893096304
11 7557 3372959908
11 7568 9947108914
11 7579 8557346680
11 7590 7416995433
11 7601 -5135379599
11 7612 4544036026
11 7634 3420727683
11 7645 692625146
11 7656 9191319772
11 7667 7890914838
11 7678 -2024867372
11 7689 2436274120
11 7700 9138797945
11 7711 18251522287
11 7722 9112761483
11 7733 10720572771
11 7755 5762267399
11 7766 4492116160
11 7777 3573999826
11 7788 1720473894
11 7799 18045581274
11 7810 1962863780
11 7821 7737261522
11 7832 1743619814
11 7843 7688140348
11 7854 4060485626
11 7876 1731144432
11 7887 11896157250
11 7898 4856995517
11 7909 -1544601214
11 7920 8884942446
11 7931 2977660161
11 7942 11813773890
11 7953 1827262712
11 7964 -158204163
11 7975 11764889308
11 7997 -1827557149
11 8008 8787305716
11 8019 -1738430986
11 8030 994189646
11 8041 7722250555
11 8052 2622498563
11 8063 -1971612693
11 8074 1998656357
11 8085 4801511164
11 8096 11589055365
11 8118 5285254577
11 8140 4899204516
11 8151 8633142458
11 8162 5738482231
11 8184 6013370685
11 8195 2256423524
11 8206 1608306954
11 8217 1722765358
11 8239 7845922785
11 8250 4643675047
11 8272 7699161053
11 8283 11327416665
11 8294 8484295174
11 8305 4034801323
11 8316 8461849949
11 8338 -2218831354
11 8360 8417313896
11 8382 2191524461
11 8393 11178957731
11 8404 8009244445
11 8415 8362298773
11 8426 11135175912
11 8437 6982235550
11 8448 1683551585
11 8459 16637603541
11 8481 3865377280
11 8492 4213822261
13 169 1665532406571
13 338 416383101642
13 507 277588734428
13 676 208191550821
13 845 166553240657
13 1014 92529578142
13 1183 118966600469
13 1352 104095775410
13 1521 92529578142
13 1690 55517746885
13 1859 75706018480
13 2028 46264789071
13 2366 56052136313
13 2535 37011831257
13 2704 52047887705
13 2873 48986247252
13 3042 30843192714
13 3211 43829800173
13 3380 27758873442
13 3549 26437022326
13 3718 25235339493
13 3887 36207226230
13 4056 23132394535
13 4225 33310648131
13 4563 50845237768
13 4732 32382316194
13 4901 32952824527
13 5070 24809392719
13 5239 30609030263
13 5408 29924834395
13 5577 24531158162
13 5746 23204116088
13 5915 23810332699
13 6084 30888414871
13 6253 26785133235
13 6422 35215607921
13 6760 41658306300
13 6929 19185062348
13 7098 32305934189
13 7267 17458577864
13 7436 34880954456
13 7605 26901009269
13 7774 22565949464
13 7943 15401046631
13 8112 25983591233
13 8281 25373396463
13 8450 24145176529
13 13 21651921285435
13 26 5412980321358
13 39 3608653547572
13 52 2706490160679
13 65 2165192128543
13 78 1202884515857
13 91 1546565806102
13 104 1353245080339
13 117 1202884515857
13 130 721730709514
13 143 984178240247
13 156 601442257928
13 182 515521935367
13 195 481153806343
13 208 676622540169
13 221 636821214278
13 234 400961505285
13 247 569787402248
13 260 360865354757
13 273 343681290245
13 286 328059413415
13 299 470693940988
13 312 300721128964
13 325 433038425708
13 351 400961505285
13 364 257760967683
13 377 373308987680
13 390 180432677378
13 403 349224536862
13 416 338311270084
13 429 218706275610
13 442 212273738092
13 455 206208774147
13 468 200480752642
13 481 292593530884
13 494 189929134082
13 520 180432677378
13 533 264047820554
13 546 128880483841
13 559 251766526575
13 572 164029706707
13 585 160384602114
13 598 156897980329
13 611 230339588143
13 624 150360564482
13 637 220937972300
13 650 144346141902
13 663 141515825395
13 689 204263408353
13 702 133653835095
13 715 131223765366
13 728 128880483841
13 741 126619422721
13 754 124436329226
13 767 183490858351
13 780 90216338689
13 793 177474764635
13 806 116408178953
13 819 114560430081
13 832 169155635042
13 858 82014853353
13 871 161581502130
13 884 106136869046
13 897 104598653552
13 910 77328290305
13 923 152478318912
13 936 100240376321
13 949 148300830722
13 962 97531176961
13 975 96230761268
13 988 94964567041
13 1001 93731260975
13 1027 137037476490
13 1040 90216338689
13 1053 133653835095
13 1066 88015940184
13 1079 130433260756
13 1092 64440241920
13 1105 84909495237
13 1118 83922175524
13 1131 82957552817
13 1144 82014853353
13 1157 121640007222
13 1170 60144225792
13 1196 78448990164
13 1209 77605452635
13 1222 76779862714
13 1235 75971653633
13 1248 75180282241
13 1261 111607841678
13 1274 73645990766
13 1287 72902091870
13 1300 72173070951
13 1313 107187729136
13 1326 53068434523
13 1339 105106414007
13 1365 51552193536
13 1378 68087802784
13 1391 101177202268
13 1404 66826917547
13 1417 99320739841
13 1430 49208912012
13 1443 65020784640
13 1456 64440241920
13 1469 95804961440
13 1482 47482283520
13 1495 62759192131
13 1508 62218164613
13 1534 61163619450
13 1547 60649639455
13 1560 45108169344
13 1573 89470749113
13 1586 59158254878
13 1599 58677293456
13 1612 58204089476
13 1625 86607685141
13 1638 42960161280
13 1651 85243784588
13 1664 84577817521
13 1677 55948117016
13 1703 82640920937
13 1716 41007426676
13 1729 54265466880
13 1742 53860500710
13 1755 53461534038
13 1768 53068434523
13 1781 79021610531
13 1794 39224495082
13 1807 77884608940
13 1820 38664145152
13 1833 51186575142
13 1846 50826106303
13 1872 50120188160
13 1885 49774531690
13 1898 49433610240
13 1911 49097327177
13 1924 48765588480
13 1937 72657453978
13 1950 36086535475
13 1963 71695103594
13 1976 47482283520
13 1989 47171941798
13 2002 35149222865
13 2015 46563271581
13 2041 68955163329
13 2054 45679158830
13 2067 45391868522
13 2080 45108169344
13 2093 44827994379
13 2106 44551278365
13 2119 66416936458
13 2132 44007970092
13 2145 32805941341
13 2158 43477753585
13 2171 64826111633
13 2184 32220120960
13 2210 31841060713
13 2223 42206474240
13 2236 41961087762
13 2249 62577807183
13 2262 31109082306
13 2275 41241754829
13 2288 41007426676
13 2301 40775746300
13 2314 36035055459
13 2327 52447865647
13 2340 30072112896
13 2353 59811937253
13 2379 39438836585
13 2392 39224495082
13 2405 39012470784
13 2418 29102044738
13 2431 38595225107
13 2444 38389931357
13 2457 38186810027
13 2470 28489370112
13 2483 56680422213
13 2496 37590141120
13 2509 56093060325
13 2522 33041335709
13 2548 36822995383
13 2561 54954114938
13 2574 27338284451
13 2587 54401812275
13 2600 36086535475
13 2613 35907000473
13 2626 35729243045
13 2639 35553236921
13 2652 26534217261
13 2665 35206376073
13 2678 30892345483
13 2691 34866217850
13 2717 34532569833
13 2730 20620877414
13 2743 43962312799
13 2756 34043901392
13 2769 33884070869
13 2782 33725734089
13 2795 33568870209
13 2808 33413458773
13 2821 33259479701
13 2834 33106913280
13 2847 32955740160
13 2860 24604456006
13 2886 24382794240
13 2899 48546908712
13 2912 32220120960
13 2925 32076920422
13 2938 31934987146
13 2951 47691456576
13 2964 23741141760
13 2977 43529332953
13 2990 23534697049
13 3003 23432815243
13 3016 31109082306
13 3029 33261536522
13 3055 30711945085
13 3068 30581809725
13 3081 30452772553
13 3094 22743614795
13 3107 42668658749
13 3120 22554084672
13 3133 19036731211
13 3146 29823583037
13 3159 44551278365
13 3172 29579127439
13 3185 29458396306
13 3198 22003985046
13 3224 29102044738
13 3237 28985169056
13 3250 28869228380
13 3263 43131317302
13 3276 21480080640
13 3289 28526905514
13 3302 24243393485
13 3315 21227373809
13 3328 42288908760
13 3341 42124360478
13 3354 16937669343
13 3367 27866050560
13 3393 27652517605
13 3406 23151895105
13 3419 5789119630
13 3432 20503713338
13 3445 27235121113
13 3458 20349550080
13 3471 22764090146
13 3484 18508385333
13 3497 40245206850
13 3510 20048075264
13 3523 39948194254
13 3536 26534217261
13 3562 22250446252
13 3575 26244753073
13 3588 19612247541
13 3601 24938081132
13 3614 21449922699
13 3627 25868484211
13 3640 19332072576
13 3653 30048130462
13 3666 19194965678
13 3679 24554854389
13 3692 17142383650
13 3705 18992913408
13 3731 25147411481
13 3744 25060094080
13 3757 37460071428
13 3770 18665449383
13 3783 24801742595
13 3796 20535809904
13 3809 36948671136
13 3822 18411497691
13 3835 24465447780
13 3848 24382794240
13 3861 24300697290
13 3874 8823885910
13 3900 18043267737
13 3913 23977764435
13 3926 20094797745
13 3939 15148241637
13 3952 23741141760
13 3965 23663301951
13 3978 17689478174
13 3991 27926550719
13 4004 17574611432
13 4017 23356980890
13 4030 17461226843
13 4043 34810162838
13 4069 30455415018
13 4082 18492953010
13 4095 17184064512
13 4108 22839579415
13 4121 29988276005
13 4134 13218380577
13 4147 22624787132
13 4160 22554084672
13 4173 18323843071
13 4186 16810497892
13 4199 22344604011
13 4212 22275639182
13 4238 14740320418
13 4251 22071275520
13 4264 22003985046
13 4277 21937103632
13 4290 13122376536
13 4303 2610462370
13 4316 17006255078
13 4329 21673594880
13 4342 17583255523
13 4355 17089968083
13 4368 16110060480
13 4381 5041337087
13 4407 1296544312
13 4420 15920530356
13 4433 21165123446
13 4446 15827427840
13 4459 13798198202
13 4472 20980543881
13 4485 15689798032
13 4498 20859269061
13 4511 -933462007
13 4524 15554541153
13 4537 12943294118
13 4550 15465658061
13 4576 20503713338
13 4589 7760118755
13 4602 15290904862
13 4615 13840787700
13 4628 11887218812
13 4641 15162409863
13 4654 8982867631
13 4667 26041764610
13 4680 15036056448
13 4693 29988810645
13 4706 11363485409
13 4719 17327481128
13 4745 13067895249
13 4758 11351880217
13 4771 29498530362
13 4784 19612247541
13 4797 19559097818
13 4810 14629676544
13 4823 19453657938
13 4836 14551022369
13 4849 29024023171
13 4862 14473209415
13 4875 7075436382
13 4888 19194965678
13 4914 14320053760
13 4927 18085909625
13 4940 14244685056
13 4953 3962319671
13 4966 7659477091
13 4979 24555338884
13 4992 14061159544
13 5005 14059689146
13 5018 -394348949
13 5031 18649372338
13 5044 6895875135
13 5057 20373751771
13 5083 18458585921
13 5096 18411497691
13 5109 10326251891
13 5122 14371964996
13 5135 10163189657
13 5148 13669142225
13 5161 -3585967127
13 5174 6468431561
13 5187 13566366720
13 5200 18043267737
13 5213 3725472036
13 5226 7657563402
13 5252 6554136930
13 5265 13339942565
13 5278 13332463845
13 5291 17732941265
13 5304 13267108630
13 5317 22187473121
13 5330 7724994754
13 5343 6668912746
13 5356 6259298791
13 5369 13336897309
13 5382 13074831694
13 5395 9944872461
13 5421 4748128249
13 5434 12949713687
13 5447 2457933781
13 5460 10310438707
13 5473 -3015249316
13 5486 17102623448
13 5499 12550578100
13 5512 17021950696
13 5525 16981899047
13 5538 5053934111
13 5551 11502538281
13 5564 12819421737
13 5590 12588326328
13 5603 -2357462109
13 5616 16706729386
13 5629 2041834953
13 5642 8613197374
13 5655 12443632922
13 5668 16553456640
13 5681 16515576878
13 5694 1752928902
13 5707 2912087541
13 5720 12302228003
13 5733 16365775725
13 5759 -2014800198
13 5772 12191397120
13 5785 11707054015
13 5798 -4441705976
13 5811 4951322711
13 5824 16110060480
13 5837 2429023886
13 5850 12028845158
13 5863 16002898215
13 5876 9459627628
13 5889 686256634
13 5902 11758729658
13 5928 11870570880
13 5941 2531961773
13 5954 4740424152
13 5967 15723980599
13 5980 11767348524
13 5993 23483645646
13 6006 9373126097
13 6019 23382204412
13 6032 12399460011
13 6045 11640817895
13 6058 7457927747
13 6071 2219593138
13 6097 10155041622
13 6110 7021275372
13 6123 11209255010
13 6136 10558283148
13 6149 12744619167
13 6162 6908176093
13 6175 15194330726
13 6188 11371807397
13 6201 11193312690
13 6214 3005216620
13 6227 18655097128
13 6240 11277042336
13 6266 1133363029
13 6279 11206998594
13 6292 10812603284
13 6305 1421028135
13 6318 8230903305
13 6331 1923522763
13 6344 9710621918
13 6357 2783355491
13 6370 9749557749
13 6383 22048799680
13 6396 11001992523
13 6409 14639568144
13 6435 10935313780
13 6448 14551022369
13 6461 6453055547
13 6474 4702054816
13 6487 -2695279103
13 6500 11126807750
13 6513 3144263352
13 6526 14377105767
13 6539 -2022153184
13 6552 10740040320
13 6565 1475414528
13 6578 10697589567
13 6604 6419047916
13 6617 -1800583520
13 6630 8490949523
13 6643 1741312920
13 6656 1783603315
13 6669 14068824746
13 6682 14041453492
13 6695 2332350810
13 6708 10490271940
13 6721 9226064022
13 6734 6907781533
13 6747 9960106058
13 6773 20779195092
13 6786 10369694102
13 6799 2334654169
13 6812 5668323899
13 6825 10310438707
13 6838 2211622338
13 6851 11003062108
13 6864 10251856669
13 6877 16518880640
13 6890 6080851752
13 6903 7907986153
13 6916 10174775040
13 6942 1943397499
13 6955 9447419097
13 6968 9491065525
13 6981 564995279
13 6994 9977385448
13 7007 5743093139
13 7020 10024037632
13 7033 -3132323436
13 7046 9878381249
13 7059 1566734965
13 7072 13267108630
13 7085 13242765312
13 7111 19791518542
13 7124 -508473562
13 7137 5357987183
13 7150 9841782402
13 7163 13098560971
13 7176 9806123770
13 7189 9613504735
13 7202 5769840443
13 7215 9260675020
13 7228 3452121202
13 7241 19436195050
13 7254 5598614149
13 7280 9666036288
13 7293 9648806276
13 7306 -719332732
13 7319 -3527346806
13 7332 5483368221
13 7345 7234584860
13 7358 2388231988
13 7371 6511875146
13 7384 4792305387
13 7397 -4992370312
13 7410 7597165363
13 7423 11274714318
13 7449 4483167195
13 7462 4947540018
13 7475 12551838426
13 7488 12530047040
13 7501 -2178435532
13 7514 5228900784
13 7527 4938900224
13 7540 5621847798
13 7553 4844053809
13 7566 1028602965
13 7579 8557346680
13 7592 4073086565
13 7618 12316223711
13 7631 15135056665
13 7644 5115658254
13 7657 7799260321
13 7670 1964630551
13 7683 6100034377
13 7696 8028377722
13 7709 18256257408
13 7722 9112761483
13 7735 9097445918
13 7748 3787871434
13 7761 3352636410
13 7787 18073390055
13 7800 9021633868
13 7813 -2174469024
13 7826 4065166922
13 7839 4164860483
13 7852 1884167352
13 7865 5428452336
13 7878 2733173045
13 7891 -383335216
13 7904 11870570880
13 7917 8888309230
13 7930 2037093648
13 7956 8844739087
13 7969 17660620951
13 7982 -3198675271
13 7995 5489877642
13 8008 8787305716
13 8021 -5317898780
13 8034 3993412924
13 8047 17489435610
13 8060 5232845563
13 8073 11386388982
13 8086 -2042560132
13 8099 1763761550
13 8125 17321537028
13 8138 4445618551
13 8151 8633142458
13 8164 674167584
13 8177 10981813437
13 8190 6873625804
13 8203 10351257148
13 8216 7129265887
13 8229 4064584235
13 8242 1333760801
13 8255 2265267511
13 8268 15058322717
13 8294 8484295174
13 8307 202059155
13 8320 3975704359
13 8333 -2872680794
13 8346 2477560118
13 8372 5017447187
13 8385 3777902063
13 8398 8379226503
13 8411 -2823668575
13 8424 3255741321
13 8437 6982235548
13 8463 2130928223
13 8476 -741413105
13 8489 16578806497
17 289 973961857130
17 578 243490464282
17 867 162326976188
17 1156 121745232141
17 1445 97396185713
17 1734 54108992062
17 2023 69568704080
17 2312 60872616070
17 2601 54108992062
17 2890 48931922499
17 3179 44270993505
17 3468 27054496031
17 3757 37460071428
17 4046 23189568026
17 4335 21643596825
17 4624 30436308035
17 5202 18036330687
17 5491 25630575188
17 5780 16232697618
17 6069 15459712017
17 6358 21632364839
17 6647 21173083851
17 6936 20402615019
17 7225 23560788960
17 7514 27002269860
17 7803 37912115693
17 8092 19757887649
17 8381 20024787151
17 17 16557351571215
17 34 4139337892803
17 51 2759558595202
17 68 2069668946401
17 85 1655735157121
17 102 919852865067
17 119 1182667969372
17 136 1034834473200
17 153 919852865067
17 170 551911719040
17 187 752606889600
17 204 459926432533
17 221 636821214277
17 238 394222656457
17 255 367941146027
17 272 517417236600
17 306 306617621689
17 323 435719778190
17 340 275955859520
17 357 262815104305
17 374 250868963200
17 391 359942425461
17 408 229963216266
17 425 331147031424
17 442 212273738092
17 459 306617621689
17 476 197111328228
17 493 285471578814
17 510 137977929760
17 527 267054057600
17 544 258708618300
17 561 167245975466
17 595 157689062583
17 612 153308810844
17 629 223747994206
17 646 145239926063
17 663 141515825395
17 680 137977929760
17 697 201918921600
17 714 98555664114
17 731 192527343851
17 748 125434481600
17 765 122647048675
17 782 119980808487
17 799 176142037992
17 816 114981608133
17 833 168952567053
17 850 110382343808
17 884 106136869046
17 901 156201429917
17 918 102205873896
17 935 100347585280
17 952 98555664114
17 969 96826617375
17 986 95157192938
17 1003 140316538739
17 1020 68988964880
17 1037 135715996485
17 1054 89018019200
17 1071 87605034768
17 1088 129354309150
17 1105 84909495237
17 1122 62717240800
17 1139 123562325158
17 1173 79987205658
17 1190 59133398468
17 1207 116601067403
17 1224 76654405422
17 1241 113406517611
17 1258 74582664735
17 1275 73588229205
17 1292 72619963031
17 1309 71676846628
17 1326 53068434523
17 1343 104793364375
17 1360 68988964880
17 1377 102205873896
17 1394 67306307200
17 1411 99743081754
17 1428 49277832057
17 1462 64175781283
17 1479 63438128625
17 1496 62717240800
17 1513 93018829052
17 1530 45992643253
17 1547 60649639455
17 1564 59990404243
17 1581 59345346133
17 1598 58714012663
17 1615 58095970425
17 1632 57490804066
17 1649 85347173048
17 1666 56317522351
17 1683 55748658488
17 1700 55191171904
17 1717 81967086986
17 1751 80375493064
17 1768 53068434523
17 1785 39422265645
17 1802 52067143305
17 1819 77370801735
17 1836 51102936948
17 1853 75951153996
17 1870 37630344480
17 1887 49721776490
17 1904 49277832057
17 1921 73262617572
17 1938 36309981515
17 1955 47992323394
17 1972 47578596469
17 1989 47171941798
17 2006 46772179579
17 2040 34494482440
17 2057 68418808145
17 2074 45238665495
17 2091 44870871466
17 2108 44509009600
17 2125 66229406284
17 2142 32851888038
17 2159 65186423509
17 2176 64677154575
17 2193 42783854189
17 2210 31841060713
17 2227 63195998363
17 2244 31358620400
17 2261 41497121732
17 2278 41187441719
17 2295 40882349558
17 2329 60428290406
17 2346 29995202121
17 2363 59558818601
17 2380 29566699234
17 2397 39142675109
17 2414 38867022467
17 2431 38595225107
17 2448 38327202711
17 2465 38062877175
17 2482 37802172537
17 2499 37545014900
17 2516 37291332367
17 2533 55561582454
17 2550 27595585952
17 2567 54825667454
17 2584 36309981515
17 2618 26878817485
17 2635 35607207680
17 2652 26534217261
17 2669 52730419017
17 2686 34931121458
17 2703 34711428870
17 2720 34494482440
17 2737 34280230996
17 2754 34068624632
17 2771 50789421998
17 2788 33653153600
17 2805 25086896320
17 2822 33247693918
17 2839 49572908896
17 2856 24638916028
17 2873 48986247252
17 2907 32275539125
17 2924 32087890641
17 2941 47853617258
17 2958 23789298234
17 2975 31537812516
17 2992 31358620400
17 3009 31181453053
17 3026 26844998167
17 3043 45415679161
17 3060 22996321626
17 3077 45738540252
17 3094 22743614795
17 3111 30159110330
17 3128 29995202121
17 3145 29833065894
17 3162 22254504800
17 3196 29357006331
17 3213 29201678256
17 3230 21785988909
17 3247 39072949759
17 3264 28745402033
17 3281 42894693190
17 3298 28449057682
17 3315 21227373809
17 3332 28158761175
17 3349 42023734952
17 3366 20905746933
17 3383 37502197623
17 3400 27595585952
17 3417 27458294479
17 3434 19202099872
17 3451 27187769410
17 3485 26922522880
17 3502 22553234872
17 3519 26662401886
17 3536 26534217261
17 3553 26407259284
17 3570 15768906258
17 3587 34928805587
17 3604 26033571652
17 3621 21672752162
17 3638 21651844711
17 3655 25670312513
17 3672 25551468474
17 3689 25433719771
17 3706 25317051332
17 3723 21039047799
17 3740 18815172240
17 3774 18645666183
17 3791 37124106662
17 3808 24638916028
17 3825 24529409735
17 3842 24420872523
17 3859 2899547686
17 3876 18154990757
17 3893 31899194549
17 3910 17997121273
17 3927 17919211657
17 3944 23789298234
17 3961 23186480894
17 3978 17689478174
17 3995 23485605065
17 4012 19111702362
17 4029 14819267986
17 4063 30379606839
17 4080 17247241220
17 4097 30252163574
17 4114 12709626690
17 4131 34068624632
17 4148 20176788781
17 4165 22527008940
17 4182 16826576800
17 4199 22344604009
17 4216 22254504800
17 4233 17653515664
17 4250 14108554893
17 4267 32982772054
17 4284 16425944019
17 4301 21814692452
17 4318 4112923532
17 4352 32338577287
17 4369 32212746248
17 4386 11589713119
17 4403 21309332781
17 4420 15920530356
17 4437 21146042875
17 4454 13586035210
17 4471 31477854698
17 4488 15679310200
17 4505 20826857322
17 4522 15561420649
17 4539 1822448335
17 4556 15859809843
17 4573 30775746415
17 4590 15330881084
17 4607 30548619135
17 4641 15162409863
17 4658 11920272961
17 4675 20069517056
17 4692 14997601060
17 4709 19880529452
17 4726 11642459094
17 4743 19259868066
17 4760 14783349617
17 4777 13776132765
17 4794 10664589047
17 4811 29253271327
17 4828 11131432716
17 4845 14523992606
17 4862 14473209415
17 4879 19230373485
17 4896 19163601355
17 4930 14273578940
17 4947 10052471581
17 4964 11318467370
17 4981 21156187510
17 4998 14079380587
17 5015 14403925495
17 5032 18645666183
17 5049 18582886162
17 5066 10343915970
17 5083 18458585921
17 5100 13797792976
17 5117 18335937509
17 5134 10378548696
17 5151 10108529902
17 5168 18154990757
17 5185 14241666948
17 5219 -3716447154
17 5236 13439408742
17 5253 9624623544
17 5270 9006107318
17 5287 -1955674472
17 5304 13267108630
17 5321 4523675475
17 5338 8985077111
17 5355 13140755215
17 5372 13351446111
17 5389 11339622734
17 5406 8701993741
17 5423 17301307806
17 5440 17247241220
17 5457 13651524069
17 5474 12855086623
17 5508 12429631507
17 5525 16981899047
17 5542 5417034313
17 5559 16878034221
17 5576 16826576800
17 5593 16775432189
17 5610 10034758528
17 5627 2606388213
17 5644 16623846959
17 5661 16573925496
17 5678 8721588771
17 5695 13167170247
17 5712 12319458014
17 5729 17245781834
17 5746 12891065582
17 5763 8113853588
17 5797 16185094400
17 5814 12103327171
17 5831 11979420318
17 5848 11844307955
17 5865 11998080848
17 5882 10541522965
17 5899 2390765521
17 5916 11894649117
17 5933 15348164104
17 5950 11826679693
17 5967 15723980599
17 5984 15679310200
17 6001 3925688352
17 6018 7746971578
17 6035 11279786418
17 6052 3587619112
17 6086 5075039451
17 6103 -3862937704
17 6120 20963404239
17 6137 15901499480
17 6154 4218414844
17 6171 11114088996
17 6188 11371807397
17 6205 5808107992
17 6222 7598789480
17 6239 14571581773
17 6256 14997601060
17 6273 10475628241
17 6290 7333600460
17 6307 11017219145
17 6324 8660997145
17 6341 3273552084
17 6375 10446743319
17 6392 10824703915
17 6409 14639568144
17 6426 10950629346
17 6443 21843471730
17 6460 10892994454
17 6477 2828799327
17 6494 3984424657
17 6511 21615341477
17 6528 8488467184
17 6545 10751526994
17 6562 1872805041
17 6579 14261284729
17 6596 2911887774
17 6613 7531463534
17 6630 8490949523
17 6664 7269725288
17 6681 6162621566
17 6698 7154207847
17 6715 9460834969
17 6732 10452873466
17 6749 14734758306
17 6766 -5341349451
17 6783 10374280433
17 6800 13797792976
17 6817 6152051880
17 6834 7094903795
17 6851 11003062106
17 6868 9760290621
17 6885 9681376536
17 6902 10195413529
17 6919 12186152694
17 6953 -2328055095
17 6970 6350341729
17 6987 5206018472
17 7004 4127836499
17 7021 9509680629
17 7038 9998400707
17 7055 5114189237
17 7072 13267108630
17 7089 4609564790
17 7106 9902722231
17 7123 -2807771229
17 7140 19255771159
17 7157 19664313030
17 7174 8915457356
17 7191 9073498717
17 7208 8914718396
17 7242 5323090003
17 7259 8882458460
17 7276 4669614100
17 7293 9648806276
17 7310 5767259679
17 7327 4175415281
17 7344 12775734237
17 7361 -4808732720
17 7378 5374625516
17 7395 9515719293
17 7412 12658525666
17 7429 12629558788
17 7446 1861593199
17 7463 -5037729775
17 7480 9407586120
17 7497 11088060583
17 7531 5091641306
17 7548 7901942303
17 7565 -212754833
17 7582 8986900461
17 7599 4251472216
17 7616 12319458014
17 7633 18438030703
17 7650 9198528650
17 7667 7890914838
17 7684 5468039924
17 7701 3466616278
17 7718 1874568312
17 7735 9097445918
17 7752 5639811876
17 7769 3511719003
17 7786 1148433466
17 7820 5287683743
17 7837 17958081964
17 7854 20299613186
17 7871 17880509256
17 7888 11894649117
17 7905 4701298451
17 7922 3618079599
17 7939 -4746172532
17 7956 8844739087
17 7973 -1113225678
17 7990 3811062054
17 8007 7137103195
17 8024 7746971578
17 8041 7722250553
17 8058 17157191462
17 8075 11619194085
17 8109 7256924330
17 8126 -2944019362
17 8143 13337174671
17 8160 8623620610
17 8177 10981813437
17 8194 3553468219
17 8211 8570057749
17 8228 3805351197
17 8245 4077436323
17 8262 7041416125
17 8279 3149708839
17 8296 4935493762
17 8313 2033787114
17 8330 4284608954
17 8347 -3026975276
17 8364 4975604898
17 8398 8379226503
17 8415 8362298773
17 8432 13135707816
17 8449 4191336928
17 8466 4197808861
17 8483 4478582914
19 361 779709076760
19 722 194927269190
19 1083 129951512793
19 1444 97463634595
19 1805 77970907676
19 2166 43317170931
19 2527 55693505482
19 2888 48731817297
19 3249 43317170931
19 3610 34951440120
19 3971 35441321670
19 4332 30619723027
19 4693 29988810644
19 5054 25439868831
19 5415 24202235376
19 5776 24365908648
19 6137 29963740329
19 6498 14439056977
19 7220 27057392129
19 7581 44442989716
19 7942 11813773890
19 8303 16950197321
19 19 14814472458455
19 38 3703618114613
19 57 2469078743075
19 76 1851809057306
19 95 1481447245845
19 114 823026247691
19 133 1058176604175
19 152 925904528653
19 171 823026247691
19 190 493815748615
19 209 673385111747
19 228 411513123845
19 247 569787402248
19 266 352725534725
19 285 329210499076
19 304 462952264326
19 323 435719778189
19 342 274342082563
19 380 246907874307
19 399 235150356483
19 418 224461703915
19 437 322053749097
19 456 205756561922
19 475 296289449169
19 494 189929134082
19 513 274342082563
19 532 176362767362
19 551 255421938939
19 570 123453937153
19 589 238943104169
19 608 231476132163
19 627 149641135943
19 646 145239926063
19 665 141090213890
19 684 137171041281
19 703 200195573763
19 741 126619422721
19 760 123453937153
19 779 180664298274
19 798 88181383681
19 817 172261307656
19 836 112230851957
19 855 109736833025
19 874 107351249698
19 893 157600770835
19 912 102878280961
19 931 151168086310
19 950 98763149723
19 969 96826617375
19 988 94964567041
19 1007 139759174136
19 1026 91447360854
19 1045 89784681566
19 1064 88181383681
19 1102 85140646312
19 1121 125546376767
19 1140 61726968576
19 1159 121430102118
19 1178 79647701389
19 1197 78383452161
19 1216 115738066081
19 1235 75971653633
19 1254 56115425978
19 1273 110555764615
19 1292 72619963031
19 1311 71567499799
19 1330 52908830208
19 1349 104327270834
19 1368 68585520640
19 1387 101468989441
19 1406 66731857920
19 1425 65842099815
19 1463 64131915404
19 1482 47482283520
19 1501 93762483914
19 1520 61726968576
19 1539 91447360854
19 1558 60221432757
19 1577 89243809991
19 1596 44090691840
19 1615 58095970425
19 1634 57420435885
19 1653 56760430875
19 1672 56115425978
19 1691 83227373362
19 1710 41151312384
19 1729 54265466880
19 1748 53675624849
19 1767 53098467593
19 1786 52533590278
19 1824 51439140480
19 1843 76363260095
19 1862 50389362103
19 1881 49880378647
19 1900 49381574861
19 1919 73338972567
19 1938 36309981515
19 1957 71914914847
19 1976 47482283520
19 1995 35272553472
19 2014 46586391378
19 2033 69226506815
19 2052 45723680427
19 2071 67956295681
19 2090 33669255587
19 2109 44487905280
19 2128 44090691840
19 2147 65550763091
19 2185 42940499879
19 2204 42570323156
19 2223 42206474240
19 2242 41848792255
19 2261 41497121732
19 2280 30863484288
19 2299 61216828340
19 2318 40476700706
19 2337 40147621838
19 2356 39823850694
19 2375 59257889833
19 2394 29393794560
19 2413 58324694718
19 2432 57869033040
19 2451 38280290590
19 2470 28489370112
19 2489 56543788009
19 2508 28057712989
19 2546 36851921538
19 2565 36578944341
19 2584 36309981515
19 2603 54067417732
19 2622 26837812424
19 2641 53289469275
19 2660 26454415104
19 2679 35022393518
19 2698 34775756944
19 2717 34532569833
19 2736 34292760320
19 2755 34056258525
19 2774 33822996480
19 2793 33592908069
19 2812 33365928960
19 2831 49712994827
19 2850 24690787430
19 2869 49054544564
19 2907 32275539125
19 2926 24049468276
19 2945 31859080555
19 2964 23741141760
19 2983 47179848594
19 3002 31254161304
19 3021 31057594252
19 3040 30863484288
19 3059 30671785628
19 3078 30482453618
19 3097 41181014803
19 3116 30110716378
19 3135 22446170391
19 3154 29747936663
19 3173 44354707959
19 3192 22045345920
19 3211 43829800172
19 3230 21785988909
19 3268 28710217942
19 3287 42816394389
19 3306 21285161578
19 3325 28218042778
19 3344 28057712989
19 3363 27899194837
19 3382 23451933967
19 3401 29157806509
19 3420 20575656192
19 3439 34577638328
19 3458 20349550080
19 3477 26984467137
19 3496 26837812424
19 3515 26692743168
19 3534 19911925347
19 3553 26407259284
19 3572 26266795139
19 3591 26127817387
19 3629 28489961274
19 3648 25719570240
19 3667 38379462328
19 3686 21163896211
19 3705 18992913408
19 3724 25194681051
19 3743 21730753821
19 3762 18705141992
19 3781 37222292609
19 3800 24690787430
19 3819 24104384749
19 3838 24446324188
19 3857 24325898946
19 3876 18154990757
19 3895 24088573103
19 3914 15988175826
19 3933 23855833266
19 3952 23741141760
19 3990 14109021389
19 4009 35105384973
19 4028 23293195689
19 4047 16564347244
19 4066 18770555935
19 4085 22968174354
19 4104 22861840213
19 4123 22756486111
19 4142 22652098560
19 4161 14164117559
19 4180 16834627793
19 4199 22344604009
19 4218 12520563921
19 4237 33216305961
19 4256 22045345920
19 4275 21947366605
19 4294 21850254363
19 4313 17877823641
19 4351 32346009735
19 4370 16102687454
19 4389 16032978851
19 4408 21285161578
19 4427 31790713430
19 4446 15827427840
19 4465 21013436111
19 4484 16673032454
19 4503 16554239232
19 4522 15561420649
19 4541 30992620206
19 4560 15431742144
19 4579 10585823688
19 4598 16273290781
19 4617 30482453618
19 4636 20238350353
19 4655 20155744841
19 4674 15055358189
19 4712 19911925347
19 4731 19831957775
19 4750 19752629944
19 4769 29510901312
19 4788 14696897280
19 4807 19518409036
19 4826 6914727669
19 4845 14523992606
19 4864 28934516520
19 4883 28821930853
19 4902 14355108971
19 4921 19066245120
19 4940 14244685056
19 4959 18920143625
19 4978 18847929336
19 4997 23910669471
19 5016 14028856494
19 5035 18634556551
19 5073 10217837842
19 5092 18425960769
19 5111 27536194161
19 5130 13717104128
19 5149 19568184589
19 5168 18154990757
19 5187 13566366720
19 5206 13908357959
19 5225 17956936313
19 5244 13182892156
19 5263 15544011245
19 5282 9780922944
19 5301 17699489197
19 5320 13227207552
19 5339 18720334204
19 5358 8887385064
19 5377 26173979609
19 5396 9048202178
19 5434 12949713687
19 5453 16750961991
19 5472 17146380160
19 5491 25630575187
19 5510 12771096946
19 5529 3729633752
19 5548 8507359967
19 5567 17998803632
19 5586 8396443549
19 5605 12880409389
19 5624 16682964480
19 5643 16626792882
19 5662 5908854551
19 5681 16515576876
19 5700 12345393715
19 5719 14953384837
19 5738 9091577526
19 5757 8177287003
19 5795 10958305634
19 5814 12103327171
19 5833 13164464957
19 5852 12024734138
19 5871 11881903954
19 5890 7716617010
19 5909 19843420185
19 5928 11870570880
19 5947 12611863925
19 5966 11701167843
19 5985 11757517824
19 6004 11345212348
19 6023 5796401678
19 6042 7700524528
19 6061 15480117511
19 6080 15431742144
19 6099 11638063830
19 6118 11501919610
19 6156 11387427559
19 6175 15194330726
19 6194 6076805761
19 6213 15101399040
19 6232 11169488488
19 6251 15009597222
19 6270 8978468156
19 6289 6358122944
19 6308 10450330536
19 6327 14829301760
19 6346 11141583987
19 6365 6601528256
19 6384 11022672960
19 6403 -6467265778
19 6422 6534097712
19 6441 6876256178
19 6460 10892994454
19 6479 14022554694
19 6517 -673670275
19 6536 9018904591
19 6555 10735124969
19 6574 7277971611
19 6593 6309420021
19 6612 10642580789
19 6631 -4606647340
19 6650 10581766041
19 6669 14068824746
19 6688 14028856494
19 6707 6568042060
19 6726 5860038555
19 6745 6393127239
19 6764 6244830985
19 6783 10374280433
19 6802 -846745779
19 6821 20632969998
19 6840 16271812623
19 6878 590665217
19 6897 10061752204
19 6916 10174775040
19 6935 9354187302
19 6954 7559824956
19 6973 3919312139
19 6992 13418906212
19 7011 6694859293
19 7030 10009778688
19 7049 4990979787
19 7068 7125648096
19 7087 5890645739
19 7106 9902722231
19 7125 6039279169
19 7144 13133397569
19 7163 13098560971
19 7182 9797931520
19 7201 -4728968611
19 7239 4137668987
19 7258 -5306713358
19 7277 15629165481
19 7296 6901076236
19 7315 9619787310
19 7334 4861684507
19 7353 12760096863
19 7372 8625142585
19 7391 -2506636426
19 7410 7597165363
19 7429 12629558788
19 7448 8458917992
19 7467 5699328189
19 7486 8587321318
19 7505 8698094402
19 7524 9352570996
19 7543 14683966114
19 7562 3402942538
19 7600 12345393715
19 7619 7147604113
19 7638 6134256669
19 7657 7799260320
19 7676 9133417818
19 7695 3563324374
19 7714 6060231717
19 7733 10720572770
19 7752 19390545884
19 7771 4800052963
19 7790 6467388772
19 7809 3226798929
19 7828 6146244387
19 7847 4733733959
19 7866 8103461360
19 7885 7440318187
19 7904 11870570880
19 7923 -630483618
19 7961 -3297932918
19 7980 6868015340
19 7999 5881726982
19 8018 6969299548
19 8037 8362414796
19 8056 8334881468
19 8075 11619194085
19 8094 5763618477
19 8113 6546045664
19 8132 5377677677
19 8151 8633142458
19 8170 14215083498
19 8189 -3723893027
19 8208 11430920106
19 8227 7334046654
19 8246 8939661153
19 8265 5206258191
19 8284 17729962548
19 8322 1180465260
19 8341 -5113828464
19 8360 8417313896
19 8379 6378692990
19 8398 8379226503
19 8417 -5730580290
19 8436 6366556972
19 8455 6408344154
19 8474 11072101986
19 8493 6334814128
23 529 532088802855
23 1058 133022200713
23 1587 88681467142
23 2116 70457173672
23 2645 53208880285
23 3174 58088877603
23 3703 42098142276
23 4232 33255550178
23 4761 40436881566
23 5290 25919891858
23 5819 24185854675
23 6348 45955448167
23 6877 24411027271
23 7406 27627982968
23 7935 36383786383
23 8464 20015576848
23 23 12238042465680
23 46 3059510616420
23 69 2039673744280
23 92 1529755308210
23 115 1223804246568
23 138 679891248093
23 161 874145890405
23 184 764877654105
23 207 679891248093
23 230 407934748856
23 253 556274657530
23 276 339945624046
23 299 470693940987
23 322 291381963468
23 345 271956499237
23 368 382438827052
23 391 359942425461
23 414 226630416031
23 437 322053749096
23 460 203967374428
23 483 194254642312
23 506 185424885843
23 552 169972812023
23 575 244760849313
23 598 156897980329
23 621 226630416031
23 644 145690981734
23 667 211000732167
23 690 101983687214
23 713 197387781705
23 736 191219413526
23 759 123616590562
23 782 119980808487
23 805 116552785387
23 828 113315208015
23 851 165378952239
23 874 107351249698
23 897 104598653552
23 920 101983687214
23 943 149244420313
23 966 72845490867
23 989 142302819368
23 1012 92712442921
23 1035 90652166412
23 1081 130191941124
23 1104 84986406011
23 1127 124877984343
23 1150 81586949771
23 1173 79987205658
23 1196 78448990164
23 1219 115453230808
23 1242 75543472010
23 1265 74169954337
23 1288 72845490867
23 1311 71567499799
23 1334 70333577388
23 1357 103712224285
23 1380 50991843607
23 1403 100311823489
23 1426 65795927234
23 1449 64751547437
23 1472 95609706763
23 1495 62759192131
23 1518 46356221460
23 1541 91328675117
23 1564 59990404243
23 1610 43707294520
23 1633 86183397646
23 1656 56657604007
23 1679 83822208669
23 1702 55126317412
23 1725 54391299847
23 1748 53675624849
23 1771 52978538812
23 1794 39224495082
23 1817 77455964973
23 1840 50991843607
23 1863 75543472010
23 1886 49748140104
23 1909 73723147384
23 1932 36422745433
23 1955 47992323394
23 1978 47434273122
23 2001 46889051592
23 2024 46356221460
23 2047 68753047560
23 2070 33994562404
23 2093 44827994379
23 2139 43863951489
23 2162 43397313708
23 2185 42940499879
23 2208 42493203005
23 2231 63082693122
23 2254 41625994781
23 2277 41205530187
23 2300 40793474885
23 2323 60584368642
23 2346 29995202121
23 2369 59407973134
23 2392 39224495082
23 2415 29138196346
23 2438 38484410269
23 2461 57187114326
23 2484 37771736005
23 2507 56137809476
23 2530 27813732876
23 2553 36750878275
23 2576 36422745433
23 2599 50759704525
23 2622 26837812424
23 2668 35166788694
23 2691 34866217850
23 2714 34570741428
23 2737 34280230996
23 2760 25495921803
23 2783 50570423411
23 2806 33437274496
23 2829 33165426736
23 2852 32897963617
23 2875 48952169862
23 2898 24281830289
23 2921 48181269550
23 2944 47804853381
23 2967 31622848748
23 2990 23534697049
23 3013 46710085747
23 3036 23178110730
23 3059 30671785628
23 3082 30442891705
23 3105 30217388804
23 3128 29995202121
23 3151 44664388561
23 3197 35478268446
23 3220 21853647260
23 3243 28931542472
23 3266 26154232514
23 3289 28526905514
23 3312 28328802003
23 3335 28133430955
23 3358 23631291305
23 3381 27750663187
23 3404 27563158706
23 3427 41067256596
23 3450 20396737442
23 3473 40523319423
23 3496 26837812424
23 3519 26662401886
23 3542 19866952054
23 3565 26318370893
23 3588 19612247541
23 3611 38974657534
23 3634 21704540372
23 3657 25656273512
23 3680 25495921803
23 3726 25181157336
23 3749 33484211497
23 3772 24874070052
23 3795 18542488584
23 3818 13661323636
23 3841 36640845706
23 3864 18211372716
23 3887 36207226229
23 3910 17997121273
23 3933 23855833266
23 3956 23717136561
23 3979 35370064930
23 4002 17583394347
23 4025 23310557077
23 4048 23178110730
23 4071 23047160952
23 4094 18608237602
23 4117 23916680996
23 4140 16997281202
23 4163 33806747143
23 4186 16810497892
23 4209 18427403858
23 4255 22050526965
23 4278 16448981808
23 4301 21814692452
23 4324 21698656854
23 4347 21583849145
23 4370 16102687454
23 4393 7779257551
23 4416 21246601502
23 4439 31704773227
23 4462 21027564374
23 4485 15689798032
23 4508 20812997390
23 4531 31061021486
23 4554 15452073820
23 4577 14405371607
23 4600 20396737442
23 4623 19456102316
23 4646 17673184526
23 4669 20095307825
23 4692 14997601060
23 4715 19899256041
23 4738 6988324113
23 4784 19612247541
23 4807 19518409036
23 4830 11655278538
23 4853 29000100630
23 4876 19242205134
23 4899 14861342323
23 4922 15258801322
23 4945 18973709249
23 4968 18885868002
23 4991 18798836352
23 5014 18712603158
23 5037 10988970511
23 5060 13906866438
23 5083 18458585921
23 5106 13781579353
23 5129 27439557098
23 5152 18211372716
23 5175 18130433282
23 5198 7194333534
23 5221 14273518838
23 5244 14126948380
23 5267 26720616737
23 5313 13244634703
23 5336 17583394347
23 5359 21527982687
23 5382 13074831694
23 5405 17358925483
23 5428 14691328349
23 5451 13900720284
23 5474 12855086623
23 5497 17605674199
23 5520 12747960901
23 5543 3968629270
23 5566 12801011737
23 5589 25181157336
23 5612 11525336230
23 5635 11088989004
23 5658 12102005854
23 5681 16515576876
23 5704 14057576784
23 5727 12579351521
23 5750 12273944647
23 5773 24378570649
23 5796 12140915144
23 5842 9911207601
23 5865 11998080848
23 5888 23902426690
23 5911 23809421139
23 5934 7802772214
23 5957 15750376403
23 5980 11767348524
23 6003 15629683864
23 6026 15570028582
23 6049 -8050642129
23 6072 11589055365
23 6095 10998685567
23 6118 11501919610
23 6141 7812437268
23 6164 11510568959
23 6187 22747290828
23 6210 11331520801
23 6233 19271607703
23 6256 14997601060
23 6279 11206998594
23 6302 13943670806
23 6325 14833990867
23 6371 18144256044
23 6394 9959040814
23 6417 14621317163
23 6440 10926823630
23 6463 -6360258696
23 6486 16469418426
23 6509 21621983155
23 6532 4807359818
23 6555 10735124969
23 6578 10697589567
23 6601 14213754315
23 6624 14164401001
23 6647 21173083850
23 6670 16209833194
23 6693 9439780221
23 6716 10151338111
23 6739 20884031511
23 6762 17407832825
23 6785 9882223255
23 6808 13781579353
23 6831 14202450295
23 6854 7401520433
23 6900 10198368721
23 6923 9884350303
23 6946 9344753742
23 6969 9420318493
23 6992 13418906212
23 7015 11974288773
23 7038 9998400707
23 7061 7254954565
23 7084 9933476027
23 7107 9102583573
23 7130 4265002098
23 7153 16133322003
23 7176 9806123770
23 7199 7537072197
23 7222 8590828355
23 7245 10427252795
23 7268 8469240785
23 7291 6146444153
23 7314 9947819835
23 7337 12787923161
23 7360 14068654017
23 7383 9166260200
23 7429 12629558788
23 7452 10042985430
23 7475 12551838426
23 7498 9423919463
23 7521 12475068772
23 7544 12121616222
23 7567 8237954305
23 7590 7416995433
23 7613 6100637128
23 7636 3783412303
23 7659 8019754560
23 7682 -4215989667
23 7705 8226118329
23 7728 18291627519
23 7751 8275328932
23 7774 12649442933
23 7797 3734422780
23 7820 20131191315
23 7843 7688140346
23 7866 11473365816
23 7889 13873704977
23 7912 7744453662
23 7958 -4499386670
23 7981 9761045322
23 8004 16515220462
23 8027 8150021043
23 8050 8741458904
23 8073 12093439884
23 8096 11589055365
23 8119 6619705662
23 8142 6174657754
23 8165 5712182554
23 8188 4452703936
23 8211 8570057749
23 8234 -2165793437
23 8257 10022034121
23 8280 8498640601
23 8303 16950197320
23 8326 9145483508
23 8349 6601275471
23 8372 18568654223
23 8395 10037250627
23 8418 13878423724
23 8441 4614557548
23 8487 7081082593
29 841 334690816540
29 1682 83672704135
29 2523 55781802756
29 3364 41836352067
29 4205 33469081654
29 5046 18593934252
29 5887 23906486895
29 6728 43782202273
29 7569 41457960492
29 8410 11156360551
29 29 9706033679677
29 58 2426508419919
29 87 1617672279946
29 116 1213254209959
29 145 970603367967
29 174 539224093315
29 203 693288119976
29 232 606627104979
29 261 539224093315
29 290 323534455989
29 319 441183349076
29 348 269612046657
29 377 373308987679
29 406 231096039992
29 435 215689637326
29 464 303313552489
29 493 285471578814
29 522 179741364438
29 551 255421938938
29 580 161767227994
29 609 154064026661
29 638 147061116358
29 667 211000732166
29 696 134806023328
29 725 194120673593
29 754 124436329226
29 783 179741364438
29 812 115548019996
29 870 80883613997
29 899 156548930317
29 928 151656776244
29 957 98040744239
29 986 95157192938
29 1015 92438415996
29 1044 89870682219
29 1073 131162617293
29 1102 85140646312
29 1131 82957552817
29 1160 80883613997
29 1189 118366264386
29 1218 57774009998
29 1247 112860856740
29 1276 73530558179
29 1305 71896545775
29 1334 70333577388
29 1363 103255677443
29 1392 67403011664
29 1421 99041159996
29 1450 64706891197
29 1479 63438128625
29 1508 62218164613
29 1537 91566355469
29 1566 59913788146
29 1595 58824446543
29 1624 57774009998
29 1653 56760430875
29 1711 82254522709
29 1740 40441806998
29 1769 79557653112
29 1798 52182976772
29 1827 51354675553
29 1856 75828388122
29 1885 49774531690
29 1914 36765279089
29 1943 72433087162
29 1972 47578596469
29 2001 46889051592
29 2030 34664405998
29 2059 68352349857
29 2088 44935341109
29 2117 66479682738
29 2146 43720872430
29 2175 43137927465
29 2204 42570323156
29 2233 42017461816
29 2262 31109082306
29 2291 61430592909
29 2320 40441806998
29 2349 59913788146
29 2378 39455421462
29 2407 58470082408
29 2436 28887004999
29 2465 38062877175
29 2494 37620285580
29 2552 36765279089
29 2581 54528279099
29 2610 26961204665
29 2639 35553236921
29 2668 35166788694
29 2697 34788651181
29 2726 34418559147
29 2755 34056258525
29 2784 33701505832
29 2813 50031101442
29 2842 33013719998
29 2871 32680248079
29 2900 32353445598
29 2929 48049671682
29 2958 23789298234
29 2987 47116668348
29 3016 31109082306
29 3045 23109603999
29 3074 30522118489
29 3103 45355297569
29 3132 29956894073
29 3161 44523090274
29 3190 22059167453
29 3219 29147248287
29 3248 28887004999
29 3277 42947051680
29 3306 21285161578
29 3335 28133430955
29 3393 27652517605
29 3422 27418174236
29 3451 27187769410
29 3480 20220903499
29 3509 40107577188
29 3538 26519217704
29 3567 26303614308
29 3596 26091488386
29 3625 38824134718
29 3654 19258003332
29 3683 38212731022
29 3712 37914194061
29 3741 25080190386
29 3770 18665449383
29 3799 37045930075
29 3828 18382639544
29 3857 24325898946
29 3886 24144362387
29 3915 23965515258
29 3944 23789298234
29 3973 23647806637
29 4002 17583394347
29 4031 34913790215
29 4060 17332202999
29 4089 22945706098
29 4118 5236373794
29 4147 22624787132
29 4176 22467670554
29 4234 15672627301
29 4263 19139697683
29 4292 21860436215
29 4321 6559473752
29 4350 26111871927
29 4379 19797128132
29 4408 21285161578
29 4437 21146042875
29 4466 15756548181
29 4495 20873190708
29 4524 15554541153
29 4553 30910935286
29 4582 20476864303
29 4611 20348078993
29 4640 20220903499
29 4669 20095307825
29 4698 15689394411
29 4727 25510957200
29 4756 19727710731
29 4785 14706111635
29 4814 19490027469
29 4843 29059981077
29 4872 14443502499
29 4901 24479327423
29 4930 14273578940
29 4959 18920143625
29 4988 18810142790
29 5017 23938005843
29 5075 18487683199
29 5104 18382639544
29 5133 13933996800
29 5162 9835991131
29 5191 14482804448
29 5220 13480602332
29 5249 26812247734
29 5278 13332463845
29 5307 13636603931
29 5336 17583394347
29 5365 17488348972
29 5394 8874542816
29 5423 17301307806
29 5452 17209279573
29 5481 17118225184
29 5510 12771096946
29 5539 25408465130
29 5568 16850752916
29 5597 12549057247
29 5626 7763466939
29 5655 12443632922
29 5684 16506859999
29 5713 20923726355
29 5742 12255093029
29 5771 8332117780
29 5800 16176722799
29 5829 12070793237
29 5858 5882199430
29 5916 11894649117
29 5945 14329714597
29 5974 10669021147
29 6003 15629683864
29 6032 21864703437
29 6061 15480117511
29 6090 23411791307
29 6119 3771919147
29 6148 10914463682
29 6177 6885828339
29 6206 11296178696
29 6235 10766245928
29 6264 14978447036
29 6293 13538374742
29 6322 14841030091
29 6351 6666884513
29 6380 11029583726
29 6409 14639568144
29 6438 9523126774
29 6467 21762407354
29 6496 14443502499
29 6525 14379309155
29 6554 3681234854
29 6583 -5468734324
29 6612 10642580789
29 6641 21192213274
29 6670 19186299922
29 6699 22426544410
29 6757 8484081985
29 6786 10369694102
29 6815 9604404261
29 6844 8976465404
29 6873 16196048623
29 6902 10195413529
29 6931 -205517129
29 6960 10110451749
29 6989 -1162778533
29 7018 10600398062
29 7047 19971262715
29 7076 9311846077
29 7105 12122363377
29 7134 6556048925
29 7163 13098560971
29 7192 8902618341
29 7221 8937555580
29 7250 8898503701
29 7279 19334728446
29 7308 19792406943
29 7337 12787923161
29 7366 -5037068124
29 7395 9515719293
29 7424 5766991882
29 7453 -6411194709
29 7482 16366520038
29 7511 12491677837
29 7540 20465355370
29 7598 8000758241
29 7627 10315302139
29 7656 9191319772
29 7685 8262774079
29 7714 18308153265
29 7743 7965788174
29 7772 7338270177
29 7801 14397636129
29 7830 8987068221
29 7859 -7247646910
29 7888 11894649117
29 7917 8888309230
29 7946 -1603774228
29 7975 11764889308
29 8004 16493987410
29 8033 1752445387
29 8062 1395096739
29 8091 8978858374
29 8120 19596057497
29 8149 -2693224615
29 8178 6923729905
29 8207 6221125467
29 8236 2578110885
29 8265 18437483951
29 8294 8484295174
29 8323 9901930368
29 8352 11233835277
29 8381 13560104474
29 8439 -2032070855
29 8468 5178398696
29 8497 16563197406
31 961 292897998658
31 1922 73224499664
31 2883 48816333109
31 3844 74302299141
31 4805 29289799865
31 5766 16272111036
31 6727 43785311858
31 7688 18306124916
31 31 9079837958408
31 62 2269959489602
31 93 1513306326401
31 124 1134979744801
31 155 907983795840
31 186 504435442133
31 217 648559854172
31 248 567489872400
31 279 504435442133
31 310 302661265280
31 341 412719907200
31 372 252217721066
31 403 349224536861
31 434 216186618057
31 465 201774176853
31 496 283744936200
31 527 267054057600
31 558 168145147377
31 589 238943104168
31 620 151330632640
31 651 144124412038
31 682 137573302400
31 713 197387781704
31 744 126108860533
31 775 181596759168
31 806 116408178953
31 837 168145147377
31 868 108093309028
31 899 156548930317
31 930 75665316320
31 992 141872468100
31 1023 91715534933
31 1054 89018019200
31 1085 86474647222
31 1116 84072573688
31 1147 122700512951
31 1178 79647701389
31 1209 77605452635
31 1240 75665316320
31 1271 110729731200
31 1302 54046654514
31 1333 105579511144
31 1364 68786651200
31 1395 67258058951
31 1426 65795927234
31 1457 96594020834
31 1488 63054430266
31 1519 92651407738
31 1550 60532253056
31 1581 59345346133
31 1612 58204089476
31 1643 85658848664
31 1674 56048382459
31 1705 55029320960
31 1736 54046654514
31 1767 53098467593
31 1798 52182976772
31 1829 76947779309
31 1860 37832658160
31 1891 74424901298
31 1953 48041470679
31 1984 70936234050
31 2015 46563271581
31 2046 34393325600
31 2077 67759984764
31 2108 44509009600
31 2139 43863951489
31 2170 32427992708
31 2201 63942520834
31 2232 42036286844
31 2263 62190670948
31 2294 40900170983
31 2325 40354835370
31 2356 39823850694
31 2387 39306657828
31 2418 29102044738
31 2449 57467328851
31 2480 37832658160
31 2511 56048382459
31 2542 36909910400
31 2573 54697819027
31 2604 27023327257
31 2635 35607207680
31 2666 35193170381
31 2697 34788651181
31 2728 34393325600
31 2759 51010325609
31 2790 25221772106
31 2821 33259479701
31 2852 32897963617
31 2914 32198006944
31 2945 31859080555
31 2976 31527215133
31 3007 46803288445
31 3038 30883802579
31 3069 30571844977
31 3100 30266126528
31 3131 44949692863
31 3162 22254504800
31 3193 44076883293
31 3224 29102044738
31 3255 21618661805
31 3286 28552949554
31 3317 42429149338
31 3348 28024191229
31 3379 41650632837
31 3410 20635995360
31 3441 27266780655
31 3472 27023327257
31 3503 40176274152
31 3534 19911925347
31 3565 26318370893
31 3596 26091488386
31 3627 25868484211
31 3658 25649259769
31 3689 25433719771
31 3720 18916329080
31 3751 37519991563
31 3782 24808300432
31 3813 24606606933
31 3875 36319351833
31 3906 18015551504
31 3937 14537171927
31 3968 35468117025
31 3999 23462113587
31 4030 17461226843
31 4061 30232232275
31 4092 17196662800
31 4123 22756486111
31 4154 18426681933
31 4185 22419352983
31 4216 22254504800
31 4247 33138094739
31 4278 16448981808
31 4309 32661287620
31 4340 16213996354
31 4371 21465337963
31 4402 17485538844
31 4433 21165123446
31 4464 21018143422
31 4495 20873190708
31 4526 12444907654
31 4557 20589201719
31 4588 20450085491
31 4619 30469254894
31 4650 15133063264
31 4681 30065688604
31 4712 19911925347
31 4743 20825610000
31 4774 22611035713
31 4836 14551022369
31 4867 27371291488
31 4898 15376085740
31 4929 18851994827
31 4960 20659157606
31 4991 18798836352
31 5022 14369865309
31 5053 19682352992
31 5084 14203131446
31 5115 13757330240
31 5146 19598920654
31 5177 23381573469
31 5208 29105838642
31 5239 23117821561
31 5270 26392489566
31 5301 17699489197
31 5332 17596585190
31 5363 20832623451
31 5394 25559348324
31 5425 17294929444
31 5456 17196662800
31 5487 12726344178
31 5518 17101025561
31 5549 20628764845
31 5580 26084348329
31 5611 12209278271
31 5642 24049627426
31 5673 20812625536
31 5704 21231791856
31 5735 21676682241
31 5797 16185094400
31 5828 16099003472
31 5859 16013823559
31 5890 24638769802
31 5921 19868318772
31 5952 15763607566
31 5983 23522896265
31 6014 15492346293
31 6045 11640817895
31 6076 15441901289
31 6107 19124040151
31 6138 12144055743
31 6169 26466528251
31 6200 15133063264
31 6231 19461156903
31 6262 13565033327
31 6293 17651516318
31 6324 18526018165
31 6355 19508389968
31 6386 16297390515
31 6417 14621317163
31 6448 14551022369
31 6479 15399091368
31 6510 25774937938
31 6541 25359590437
31 6572 18926323035
31 6603 17985424772
31 6634 18337982176
31 6665 20547996454
31 6696 22174396886
31 6758 13883544278
31 6789 11598617283
31 6820 20631048186
31 6851 19079115416
31 6882 22914653891
31 6913 20358381073
31 6944 13511663628
31 6975 15690098748
31 7006 8669849579
31 7037 6679114853
31 7068 22278127716
31 7099 11416905743
31 7130 26682550046
31 7161 14064141375
31 7192 21331995897
31 7223 11630660748
31 7254 22006883869
31 7285 17161052742
31 7316 18810441349
31 7347 10160011693
31 7378 22026703108
31 7409 -576636529
31 7440 17342907658
31 7471 16479777215
31 7502 25460519247
31 7533 18682794153
31 7564 16027439448
31 7595 18506501308
31 7626 19303580441
31 7657 21161956923
31 7719 10162711363
31 7750 12783858690
31 7781 18087326610
31 7812 19937731750
31 7843 20512406888
31 7874 7245998311
31 7905 21503312327
31 7936 15561348482
31 7967 17665054394
31 7998 14499484377
31 8029 19395417272
31 8060 19223916995
31 8091 25561906036
31 8122 15185037276
31 8153 17705262410
31 8184 16353213545
31 8215 16304195773
31 8246 18800730785
31 8277 6813351073
31 8308 8999310879
31 8339 17668820799
31 8370 20109928997
31 8401 16752468558
31 8432 16716211470
31 8463 27610075531
31 8494 15493883021
37 5476 25700783118
37 6845 20560626494
37 8214 11422570274
37 37 7607431802990
37 74 1901857950747
37 111 1267905300498
37 148 950928975373
37 185 760743180299
37 222 422635100166
37 259 543387985927
37 296 475464487686
37 333 422635100166
37 370 253581060099
37 407 345792354681
37 444 211317550083
37 481 292593530884
37 518 181129328642
37 555 169054040066
37 592 237732243843
37 629 223747994205
37 666 140878366722
37 703 200195573762
37 740 126790530049
37 777 120752885761
37 814 115264118227
37 851 165378952238
37 888 105658775041
37 925 152148636059
37 962 97531176961
37 999 140878366722
37 1036 90564664321
37 1073 131162617292
37 1110 63395265024
37 1147 122700512951
37 1184 118866121921
37 1221 76842745484
37 1258 74582664735
37 1295 72451731457
37 1332 70439183361
37 1406 66731857920
37 1443 65020784640
37 1480 63395265024
37 1517 92773558573
37 1554 45282332160
37 1591 88458509337
37 1628 57632059113
37 1665 56351346688
37 1702 55126317412
37 1739 80930125564
37 1776 52829387520
37 1813 77626855132
37 1850 50716212019
37 1887 49721776490
37 1924 48765588480
37 1961 71768224557
37 1998 46959455574
37 2035 46105647290
37 2072 45282332160
37 2109 44487905280
37 2146 43720872430
37 2183 64469761042
37 2220 31697632512
37 2257 62355998385
37 2294 40900170983
37 2331 40250961920
37 2368 59433060960
37 2405 39012470784
37 2442 28816029556
37 2479 56771879127
37 2516 37291332367
37 2553 36750878275
37 2590 27169399296
37 2627 53573463401
37 2664 35219591680
37 2701 52105697281
37 2775 33810808013
37 2812 33365928960
37 2849 32932605207
37 2886 24382794240
37 2923 48148302551
37 2960 31697632512
37 2997 46959455574
37 3034 30924519524
37 3071 45827902428
37 3108 22641166080
37 3145 29833065894
37 3182 29486169779
37 3219 29147248287
37 3256 28816029556
37 3293 42738380916
37 3330 21131755008
37 3367 27866050560
37 3404 27563158706
37 3441 27266780655
37 3478 26976708521
37 3515 26692743168
37 3552 26414693760
37 3589 39213565995
37 3626 25875618377
37 3663 25614248494
37 3700 25358106009
37 3737 37660553480
37 3774 18645666183
37 3811 36929280597
37 3848 24382794240
37 3885 18112932864
37 3922 23922741518
37 3959 35548746743
37 3996 23479727787
37 4033 34896476161
37 4070 17289617734
37 4144 22641166080
37 4181 27246115226
37 4218 29170166157
37 4255 22050526965
37 4292 21860436215
37 4329 21673594880
37 4366 17180475429
37 4403 21309332781
37 4440 15848816256
37 4477 31435668607
37 4514 19878786176
37 4551 20616346349
37 4588 20450085491
37 4625 30429727211
37 4662 15094110720
37 4699 29950518909
37 4736 29716530480
37 4773 19657446519
37 4810 14629676544
37 4847 29035999248
37 4884 14408014778
37 4921 19066245120
37 4958 15120389589
37 4995 18783782229
37 5032 18645666183
37 5069 27764349646
37 5106 13781579353
37 5143 6943647363
37 5180 13584699648
37 5217 17984472347
37 5254 9395467610
37 5291 17732941265
37 5328 17609795840
37 5365 17488348972
37 5402 14015501590
37 5439 17250412251
37 5513 16546044361
37 5550 17266605214
37 5587 25190171533
37 5624 16682964480
37 5661 16573925496
37 5698 12349726952
37 5735 18504696420
37 5772 12191397120
37 5809 19177804771
37 5846 11744487847
37 5883 12406506918
37 5920 15848816256
37 5957 15750376403
37 5994 9907980116
37 6031 8187950800
37 6068 13003878775
37 6105 11526411822
37 6142 14536520452
37 6179 18973171806
37 6216 21255732168
37 6253 18229256131
37 6290 22748797460
37 6327 14829301760
37 6364 16182513802
37 6401 13285339210
37 6438 15151492106
37 6475 14490346291
37 6512 14408014778
37 6549 13054280522
37 6586 15039466649
37 6623 5210155190
37 6660 20489296824
37 6697 21015004981
37 6734 21075731241
37 6771 16853215716
37 6808 13781579353
37 6882 16776171131
37 6919 16309148103
37 6956 21511318688
37 6993 13416987306
37 7030 10009778688
37 7067 13894265222
37 7104 23421114357
37 7141 12039740592
37 7178 10567585694
37 7215 11230445724
37 7252 12937809188
37 7289 15194087928
37 7326 21072104663
37 7363 8727979245
37 7400 12679053004
37 7437 12921489121
37 7474 6275941646
37 7511 12491677837
37 7548 13585505455
37 7585 12891927626
37 7622 14181884835
37 7659 20711369154
37 7696 20517435916
37 7733 14958049688
37 7770 20492038649
37 7807 14992494293
37 7844 15850614267
37 7881 8998658800
37 7918 11979947200
37 7955 16194259971
37 7992 11739863893
37 8029 10101861902
37 8066 11632158720
37 8103 9413676997
37 8140 19881621920
37 8177 12459141465
37 8251 17057021980
37 8288 19606834744
37 8325 22270362557
37 8362 -5259580086
37 8399 9315478247
37 8436 17820607836
37 8473 16256330868
41 41 6865243334406
41 82 1716310833601
41 123 1144207222401
41 164 858155416800
41 205 686524333440
41 246 381402407467
41 287 490374523886
41 328 429077708400
41 369 381402407467
41 410 228841444480
41 451 312056515200
41 492 190701203733
41 533 264047820554
41 574 163458174628
41 615 152560962986
41 656 214538854200
41 697 201918921600
41 738 127134135822
41 779 180664298273
41 820 114420722240
41 861 108972116419
41 902 104018838400
41 943 149244420313
41 984 95350601866
41 1025 137304866688
41 1066 88015940184
41 1107 127134135822
41 1148 81729087314
41 1189 118366264386
41 1230 57210361120
41 1271 110729731200
41 1312 107269427100
41 1353 69345892266
41 1394 67306307200
41 1435 65383269851
41 1476 63567067911
41 1517 92773558573
41 1558 60221432757
41 1599 58677293456
41 1640 57210361120
41 1722 40864543657
41 1763 79828410865
41 1804 52009419200
41 1845 50853654328
41 1886 49748140104
41 1927 73034503558
41 1968 47675300933
41 2009 70053503412
41 2050 45768288896
41 2091 44870871466
41 2132 44007970092
41 2173 64766446551
41 2214 42378045274
41 2255 41607535360
41 2296 40864543657
41 2337 40147621838
41 2378 39455421462
41 2419 58180028258
41 2460 28605180560
41 2501 56272486348
41 2542 36909910400
41 2583 36324038806
41 2624 53634713550
41 2665 35206376073
41 2706 26004709600
41 2747 51233159212
41 2788 33653153600
41 2829 33165426736
41 2870 24518726194
41 2911 48346784045
41 2952 31783533955
41 2993 47022214619
41 3034 30924519524
41 3075 30512192597
41 3116 30110716378
41 3157 29719668114
41 3198 22003985046
41 3239 43450907180
41 3280 28605180560
41 3321 42378045274
41 3403 41356887557
41 3444 20432271828
41 3485 26922522880
41 3526 26609470288
41 3567 26303614308
41 3608 26004709600
41 3649 26727695487
41 3690 19070120373
41 3731 25147411481
41 3772 24874070052
41 3813 24606606933
41 3854 24344834519
41 3895 24088573103
41 3936 23837650466
41 3977 34656873462
41 4018 23351167804
41 4059 23115297422
41 4100 22884144448
41 4141 33986353141
41 4182 16826576800
41 4223 29095885755
41 4264 22003985046
41 4305 23738870201
41 4346 21588815517
41 4387 27829212656
41 4428 21189022637
41 4469 31491941901
41 4510 25208695662
41 4551 20616346349
41 4592 23286160594
41 4633 19053600496
41 4674 15055358189
41 4715 19899256041
41 4756 19727710731
41 4797 19559097818
41 4838 20167532316
41 4879 19230373485
41 4920 14302590280
41 4961 28368774109
41 5002 13043407452
41 5084 26958602708
41 5125 27460973337
41 5166 25905956858
41 5207 16536810514
41 5248 26817356775
41 5289 14584565716
41 5330 29634579846
41 5371 17813432628
41 5412 25605045728
41 5453 18116446953
41 5494 13218612224
41 5535 16951218109
41 5576 16826576800
41 5617 21196525094
41 5658 33352105198
41 5699 16261862468
41 5740 19634506058
41 5781 17227812420
41 5822 16476182944
41 5863 16002898215
41 5904 24903823777
41 5945 18687076558
41 5986 20724340623
41 6027 22525418314
41 6068 20379021736
41 6109 16564470133
41 6150 19125012044
41 6191 22732593823
41 6232 22827097591
41 6273 23919614983
41 6314 22381688595
41 6355 12391751256
41 6396 11001992523
41 6437 18270995531
41 6478 15547125809
41 6519 19074123364
41 6560 14302590280
41 6601 14213754315
41 6642 14980027629
41 6683 12836699824
41 6765 28091718088
41 6806 17343344787
41 6847 17260022445
41 6888 23154922446
41 6929 21437679275
41 6970 21332759133
41 7011 26757903250
41 7052 13573403075
41 7093 19841743741
41 7134 19787274685
41 7175 13076653970
41 7216 17711995152
41 7257 8434270012
41 7298 13085676368
41 7339 -16035634597
41 7380 19470209314
41 7421 13368152862
41 7462 22878497166
41 7503 14955369817
41 7544 19091744513
41 7585 23932668110
41 7626 17434900513
41 7667 20930701524
41 7708 15619249205
41 7749 18983379939
41 7790 16730693336
41 7831 18775219012
41 7872 25035046657
41 7913 9887089319
41 7954 11211450729
41 7995 18736743146
41 8036 7473644649
41 8077 1531959446
41 8118 18817182401
41 8159 15471030577
41 8200 19944991964
41 8241 9709861773
41 8282 12219537275
41 8323 14015071944
41 8364 18726338906
41 8446 20893213215
41 8487 19003261549
43 43 6545929690945
43 86 1636482422736
43 129 1090988281824
43 172 818241211368
43 215 654592969094
43 258 363662760608
43 301 467566406496
43 344 409120605684
43 387 363662760608
43 430 218197656364
43 473 297542258679
43 516 181831380304
43 559 251766526574
43 602 155855468832
43 645 145465104243
43 688 204560302842
43 731 192527343851
43 774 121220920202
43 817 172261307656
43 860 109098828182
43 903 103903645888
43 946 99180752893
43 989 142302819368
43 1032 90915690152
43 1075 130918593818
43 1118 83922175524
43 1161 121220920202
43 1204 77927734416
43 1247 112860856740
43 1290 54549414091
43 1333 105579511144
43 1376 102280151421
43 1419 66120501928
43 1462 64175781283
43 1505 62342187532
43 1548 60610460101
43 1591 88458509337
43 1634 57420435885
43 1677 55948117016
43 1720 54549414091
43 1763 79828410865
43 1806 38963867208
43 1892 49590376446
43 1935 48488368081
43 1978 47434273122
43 2021 69637549904
43 2064 45457845076
43 2107 66795200928
43 2150 43639531272
43 2193 42783854189
43 2236 41961087762
43 2279 61754053688
43 2322 40406973400
43 2365 39672301157
43 2408 38963867208
43 2451 38280290590
43 2494 37620285580
43 2537 55473980432
43 2580 27274707045
43 2623 53655161401
43 2666 35193170381
43 2709 34634548629
43 2752 51140075710
43 2795 33568870209
43 2838 24795188223
43 2881 48850221574
43 2924 32087890641
43 2967 31622848748
43 3010 23378320324
43 3053 46098096415
43 3096 30305230050
43 3139 44835134869
43 3182 29486169779
43 3225 29093020848
43 3268 28710217942
43 3311 28337357969
43 3354 33109167495
43 3397 41429934753
43 3440 27274707045
43 3483 40406973400
43 3526 26609470288
43 3569 39433311391
43 3612 19481933604
43 3655 25670312513
43 3741 25080190386
43 3784 24795188223
43 3827 36774885904
43 3870 18183138030
43 3913 23977764435
43 3956 23717136561
43 3999 23462113587
43 4042 23212516634
43 4085 22968174354
43 4128 22728922538
43 4171 28999943602
43 4214 22265066976
43 4257 22040167309
43 4300 21819765636
43 4343 32405592529
43 4386 29406641923
43 4429 24677955142
43 4472 20980543881
43 4515 28386614590
43 4558 16335128078
43 4601 30588456500
43 4644 20203486700
43 4687 30027200417
43 4730 14877112933
43 4773 19657446519
43 4816 19481933604
43 4859 22456424723
43 4902 14355108971
43 4945 18973709249
43 4988 18810142790
43 5031 18649372338
43 5074 17889349231
43 5117 18335937509
43 5160 13637353522
43 5203 27049296243
43 5246 22256350323
43 5289 24049809142
43 5332 17596585190
43 5375 26183718763
43 5418 23613918017
43 5461 3393408938
43 5504 25570037855
43 5590 12588326328
43 5633 20730737631
43 5676 23974916650
43 5719 19310746798
43 5762 13968620836
43 5805 21013088006
43 5848 24443220050
43 5891 23890254347
43 5934 24025956478
43 5977 22494655486
43 6020 23730902516
43 6063 13049861766
43 6106 11998560866
43 6149 20286493770
43 6192 15152615025
43 6235 23611850840
43 6278 20398806137
43 6321 15950648099
43 6364 24823619839
43 6407 13789595503
43 6450 23325150417
43 6493 21675263877
43 6536 25027517731
43 6579 14261284729
43 6622 22438439688
43 6665 16088555788
43 6708 10490271940
43 6751 8847354142
43 6794 14291403897
43 6837 19579217417
43 6880 21865582758
43 6923 21649315978
43 6966 13266736808
43 7009 8352341433
43 7052 25305382814
43 7095 20848031287
43 7138 13566320194
43 7181 13165975254
43 7224 22083310656
43 7267 21274733916
43 7310 21203689731
43 7353 12760096863
43 7439 -1192734996
43 7482 15623139538
43 7525 12468437506
43 7568 17298564505
43 7611 13465734191
43 7654 17841469728
43 7697 18020794764
43 7740 20929788963
43 7783 2391320788
43 7826 23771145886
43 7869 10637364225
43 7912 20086797516
43 7955 14556281541
43 7998 19356330177
43 8041 19560470501
43 8084 22430846596
43 8127 26122234147
43 8170 17047660170
43 8213 -11662743215
43 8256 14706394150
43 8299 10101743298
43 8342 -1075188840
43 8385 23739161107
43 8428 15295263936
43 8471 15082303597
47 47 5988829291716
47 94 1497207322929
47 141 998138215286
47 188 748603661464
47 235 598882929171
47 282 332712738428
47 329 427773520836
47 376 374301830732
47 423 332712738428
47 470 199627643057
47 517 272219513259
47 564 166356369214
47 611 230339588142
47 658 142591173612
47 705 133085095371
47 752 187150915366
47 799 176142037991
47 846 110904246142
47 893 157600770834
47 940 99813821528
47 987 95060782408
47 1034 90739837753
47 1081 130191941124
47 1128 83178184607
47 1175 119776585834
47 1222 76779862714
47 1269 110904246142
47 1316 71295586806
47 1363 103255677443
47 1410 49906910764
47 1457 96594020834
47 1504 93575457683
47 1551 60493225168
47 1598 58714012663
47 1645 57036469444
47 1692 55452123071
47 1739 80930125563
47 1786 52533590278
47 1833 51186575142
47 1880 49906910764
47 1927 73034503557
47 1974 35647793403
47 2021 69637549903
47 2068 45369918876
47 2115 44361698457
47 2162 43397313708
47 2256 41589092303
47 2303 61110502976
47 2350 39925528611
47 2397 39142675109
47 2444 38389931357
47 2491 56498389544
47 2538 36968082047
47 2585 36295935101
47 2632 35647793403
47 2679 35022393518
47 2726 34418559147
47 2773 50752790608
47 2820 24953455382
47 2867 49088764686
47 2914 32198006944
47 2961 31686927469
47 3008 46787728841
47 3055 30711945085
47 3102 22684959438
47 3149 44692755908
47 3196 29357006331
47 3243 28931542472
47 3290 21388676041
47 3337 42174854167
47 3384 27726061535
47 3431 41019378710
47 3478 26976708521
47 3525 26617019074
47 3572 26266795139
47 3619 25925667929
47 3666 19194965678
47 3713 37903982859
47 3760 24953455382
47 3807 36968082047
47 3854 24344834519
47 3901 36077284890
47 3948 17823896701
47 3995 23485605065
47 4042 23212516634
47 4089 22945706098
47 4136 22684959438
47 4183 33645108380
47 4230 16635636921
47 4277 21937103632
47 4324 21698656854
47 4371 21465337963
47 4465 21013436111
47 4512 20794546151
47 4559 25964965761
47 4606 16133419106
47 4653 20164408389
47 4700 19962764305
47 4747 29647669761
47 4794 26720245519
47 4841 29071986853
47 4888 19194965678
47 4935 14259117361
47 4982 18832796514
47 5029 23680237270
47 5076 18484041023
47 5123 27471693999
47 5170 13610975662
47 5217 17984472347
47 5264 25935488833
47 5311 26499244654
47 5358 25871435084
47 5405 17358925483
47 5452 17209279573
47 5499 26085418942
47 5546 18722202682
47 5593 16775432189
47 5640 24819071545
47 5687 22272217829
47 5734 20773360246
47 5781 26362667811
47 5828 16099003472
47 5875 23955317166
47 5922 23349359279
47 5969 21249337062
47 6016 21672701096
47 6063 20325309735
47 6110 25004091512
47 6157 22858127068
47 6204 21835783293
47 6251 15009597222
47 6298 10582793217
47 6345 23795953251
47 6392 22386101665
47 6439 6304394625
47 6486 21971201294
47 6533 17030937795
47 6580 21007388526
47 6674 20195729079
47 6721 23427797070
47 6768 20947005621
47 6815 22093462455
47 6862 12177571603
47 6909 13580111772
47 6956 19131679787
47 7003 9373083812
47 7050 23494462800
47 7097 1352221309
47 7144 13133397569
47 7191 20995677673
47 7238 19885530750
47 7285 17131506165
47 7332 21939826693
47 7379 274368345
47 7426 16700176829
47 7473 21639554416
47 7520 12476727691
47 7567 20721788854
47 7614 13291142390
47 7661 10083864268
47 7708 19901903633
47 7755 19009132903
47 7802 3511549857
47 7849 17930626622
47 7896 20953690704
47 7943 20035813083
47 7990 26719095794
47 8037 18297563924
47 8084 11506945318
47 8131 20936879239
47 8178 23256607477
47 8225 11407293888
47 8272 18629117051
47 8319 9498808883
47 8366 12143993769
47 8413 -823890767
47 8460 20156038408
53 53 5310848617182
53 106 1327712154295
53 159 885141436197
53 212 663856077147
53 265 531084861718
53 318 295047145399
53 371 379346329798
53 424 331928038573
53 477 295047145399
53 530 177028287239
53 583 241402209871
53 636 147523572699
53 689 204263408353
53 742 126448776599
53 795 118018858159
53 848 165964019286
53 901 156201429917
53 954 98349048466
53 1007 139759174136
53 1060 88514143619
53 1113 84299184399
53 1166 80467403290
53 1219 115453230808
53 1272 73761786349
53 1325 106216972343
53 1378 68087802784
53 1431 98349048466
53 1484 63224388299
53 1537 91566355468
53 1590 44257071809
53 1643 85658848664
53 1696 82982009643
53 1749 53644935527
53 1802 52067143305
53 1855 50579510639
53 1908 49174524233
53 1961 71768224556
53 2014 46586391378
53 2067 45391868522
53 2120 44257071809
53 2173 64766446551
53 2226 31612194149
53 2279 61754053688
53 2332 40233701645
53 2385 39339619386
53 2438 38484410269
53 2491 56498389544
53 2544 36880893174
53 2597 54192332828
53 2650 35405657447
53 2703 34711428870
53 2756 34043901392
53 2862 35610270705
53 2915 32186961316
53 2968 31612194149
53 3021 31057594252
53 3074 30522118489
53 3127 45007191671
53 3180 22128535904
53 3233 43531546042
53 3286 28552949554
53 3339 28099728133
53 3392 41491004821
53 3445 27235121113
53 3498 20116850822
53 3551 39633198636
53 3604 26033571652
53 3657 25656273512
53 3710 18967316489
53 3763 37400342375
53 3816 24587262116
53 3869 32126118976
53 3922 23922741518
53 3975 23603771631
53 4028 23293195689
53 4081 22990686654
53 4134 28432661053
53 4187 33612965932
53 4240 31089673466
53 4293 32783016155
53 4346 21588815517
53 4399 31993063959
53 4452 28203053069
53 4505 20826857322
53 4558 29083797530
53 4611 20348078993
53 4664 20116850822
53 4717 29501092567
53 4770 17300834031
53 4823 19453657938
53 4876 19242205134
53 4929 25773407831
53 4982 18832796514
53 5035 18634556551
53 5088 18440446587
53 5141 21711231707
53 5194 18064110942
53 5247 17881645175
53 5300 22849962125
53 5353 21746299028
53 5406 25961162081
53 5459 21449485140
53 5512 17021950696
53 5565 12644877659
53 5671 34138237697
53 5724 16391508077
53 5777 28494009570
53 5830 19014469558
53 5883 23032469199
53 5936 15806097074
53 5989 14580607639
53 6042 23484817792
53 6095 24183921187
53 6148 23954250368
53 6201 23005243140
53 6254 14968567595
53 6307 22594541684
53 6360 21227673229
53 6413 21945655442
53 6466 17921754484
53 6519 17957719060
53 6572 17732249523
53 6625 21243394468
53 6678 23298578563
53 6731 16569664937
53 6784 19200835287
53 6837 17615454698
53 6890 22610126412
53 6943 24507163121
53 6996 21619823161
53 7049 29949233034
53 7102 8100892179
53 7155 20757714114
53 7208 21220920686
53 7261 12847737163
53 7314 19803150179
53 7367 21892896029
53 7420 19418807372
53 7473 15889784500
53 7526 29499375057
53 7579 20024108158
53 7632 18603793342
53 7685 20100994027
53 7738 17693491926
53 7791 15152655830
53 7844 16837127850
53 7897 10679918534
53 7950 15254677400
53 8003 14885943028
53 8056 18270030596
53 8109 20197580210
53 8162 19577746499
53 8215 15322094446
53 8268 15362664249
53 8321 3470033607
53 8374 15920724641
53 8480 32894866404
59 59 4770762317129
59 118 1192690579282
59 177 795127052854
59 236 596345289641
59 295 477076231712
59 354 265042350951
59 413 340768736937
59 472 298172644820
59 531 265042350951
59 590 159025410570
59 649 216852832596
59 708 132521175475
59 767 183490858351
59 826 113589578979
59 885 106016940380
59 944 149086322410
59 1003 140316538739
59 1062 88347450317
59 1121 125546376766
59 1180 79512705285
59 1239 75726385986
59 1298 72284277532
59 1357 103712224285
59 1416 66260587737
59 1475 95415246342
59 1534 61163619450
59 1593 88347450317
59 1652 56794789489
59 1711 82254522709
59 1770 39756352642
59 1829 76947779308
59 1888 74543161205
59 1947 48189518354
59 2006 46772179579
59 2065 45435831591
59 2124 44173725158
59 2183 64469761042
59 2242 41848792255
59 2301 40775746300
59 2360 39756352642
59 2419 58180028257
59 2478 28397394744
59 2537 55473980431
59 2596 36142138766
59 2655 35338980126
59 2714 34570741428
59 2773 50752790607
59 2832 33130293868
59 2891 48681248133
59 2950 31805082114
59 3009 31181453053
59 3068 30581809725
59 3127 45007191671
59 3186 29449150105
59 3245 29811174072
59 3304 28397394744
59 3363 27899194837
59 3422 27418174236
59 3540 19878176321
59 3599 39104609157
59 3658 25649259769
59 3717 25242128662
59 3776 37271580602
59 3835 24465447780
59 3894 18071069383
59 3953 35602703859
59 4012 31934864643
59 4071 23047160952
59 4130 18346621784
59 4189 28771655444
59 4248 46263587609
59 4307 10897980877
59 4366 30108810183
59 4425 21203388076
59 4484 29427123473
59 4543 20652650723
59 4602 15290904862
59 4661 30194698210
59 4720 24828197619
59 4779 29449150105
59 4838 25386838227
59 4897 28739532031
59 4956 27118571403
59 5015 27318764503
59 5074 26953603351
59 5133 26968354872
59 5192 29832050095
59 5251 22383920381
59 5310 31298400554
59 5369 25752164908
59 5428 22473455444
59 5487 37781381826
59 5546 25705341238
59 5605 24457731928
59 5664 24793376170
59 5723 17618652861
59 5782 20998081843
59 5841 24752744832
59 5900 27699261725
59 5959 15017447618
59 6018 23531264842
59 6077 12902404152
59 6136 24756148290
59 6195 22936280436
59 6254 29786974961
59 6313 24887324221
59 6372 23747802280
59 6431 25974321404
59 6490 33825003397
59 6549 21133952012
59 6608 30726903418
59 6667 12996880423
59 6726 30153800231
59 6785 21720443203
59 6844 23174330546
59 6903 24959773993
59 7021 21071078379
59 7080 23452168808
59 7139 20085935423
59 7198 18279880583
59 7257 30119283604
59 7316 18854865655
59 7375 5170409130
59 7434 28129389389
59 7493 12197241643
59 7552 12232873638
59 7611 19413467825
59 7670 30804280015
59 7729 42967653584
59 7788 30980717082
59 7847 30805433972
59 7906 21252218885
59 7965 27264673842
59 8024 19585191526
59 8083 12082941142
59 8142 28222737350
59 8201 22775315400
59 8260 25571006263
59 8319 23585904767
59 8378 18964701288
59 8437 19397503147
59 8496 19653323961
61 61 4614343880502
61 122 1153585970125
61 183 769057313417
61 244 576792985062
61 305 461434388050
61 366 256352437805
61 427 329595991464
61 488 288396492531
61 549 256352437805
61 610 153811462683
61 671 209742903659
61 732 128176218902
61 793 177474764634
61 854 109865330488
61 915 102540975122
61 976 144198246265
61 1037 135715996485
61 1098 85450812601
61 1159 121430102118
61 1220 76905731341
61 1281 73243553658
61 1342 69914301219
61 1403 100311823489
61 1464 64088109451
61 1525 92286877610
61 1586 59158254878
61 1647 85450812601
61 1708 54932665244
61 1769 79557653112
61 1830 38452865670
61 1891 74424901298
61 1952 72099123132
61 2013 46609534146
61 2074 45238665495
61 2135 43946132195
61 2196 42725406300
61 2257 62355998385
61 2318 40476700706
61 2379 39438836585
61 2440 38452865670
61 2501 56272486347
61 2562 27466332622
61 2623 53655161401
61 2684 34957150609
61 2745 34180325040
61 2806 33437274496
61 2867 49088764686
61 2928 32044054725
61 2989 47085141637
61 3050 30762292536
61 3111 30159110330
61 3172 29579127439
61 3233 43531546042
61 3294 28483604200
61 3355 27965720487
61 3416 27466332622
61 3477 26984467137
61 3538 26519217704
61 3599 39104609156
61 3660 19226432835
61 3782 24808300432
61 3843 24414517886
61 3904 36049561566
61 3965 23663301951
61 4026 30235259592
61 4087 34435402093
61 4148 27504420679
61 4209 30019741274
61 4270 28895067172
61 4331 32495379440
61 4392 21362703150
61 4453 31468231765
61 4514 22598426033
61 4575 20508195024
61 4636 20238350353
61 4697 19975514634
61 4758 25102614225
61 4819 29204708104
61 4880 23488645747
61 4941 28976046876
61 5002 30185671443
61 5063 39386494476
61 5124 23668315439
61 5185 25803064698
61 5246 22057299762
61 5307 25765227545
61 5368 25955767602
61 5429 21637929934
61 5490 32631655254
61 5551 27701999046
61 5612 27105239284
61 5673 20745440812
61 5734 20536044364
61 5795 26655429578
61 5856 27875068260
61 5917 23785277735
61 5978 19381290577
61 6039 23027720084
61 6100 23273292900
61 6161 23794830572
61 6222 22442297052
61 6283 14735130281
61 6344 24947447321
61 6405 33633772874
61 6466 18270874771
61 6527 19352906674
61 6588 42545323153
61 6649 25437617570
61 6710 20422294310
61 6771 20148676464
61 6832 22469641801
61 6893 20934508041
61 6954 21495154092
61 7015 23636479227
61 7076 21155134402
61 7137 28722862217
61 7198 18867423491
61 7259 21011082074
61 7320 20543172415
61 7381 18826825604
61 7503 19324524073
61 7564 15701436735
61 7625 23847999721
61 7686 20716841957
61 7747 3854814806
61 7808 14733132951
61 7869 24686183544
61 7930 29012547388
61 7991 17614950839
61 8052 30473202255
61 8113 21602223562
61 8174 31545009544
61 8235 22591226214
61 8296 24058011595
61 8357 15821022901
61 8418 18589034140
61 8479 11718797536
67 67 4201119055382
67 134 1050279763845
67 201 700186509230
67 268 525139881922
67 335 420111905538
67 402 233395503076
67 469 300079932527
67 536 262569940961
67 603 233395503076
67 670 140037301846
67 737 190959957062
67 804 116697751538
67 871 161581502130
67 938 100026644175
67 1005 93358201230
67 1072 131284970480
67 1139 123562325158
67 1206 77798501025
67 1273 110555764615
67 1340 70018650923
67 1407 66684429450
67 1474 63653319020
67 1541 91328675117
67 1608 58348875769
67 1675 84022381107
67 1742 53860500710
67 1809 77798501025
67 1876 50013322087
67 1943 72433087161
67 2010 35009325461
67 2077 67759984764
67 2144 65642485240
67 2211 42435546013
67 2278 41187441719
67 2345 40010657670
67 2412 38899250512
67 2479 56771879126
67 2546 36851921538
67 2613 35907000473
67 2680 35009325461
67 2747 51233159211
67 2814 25006661043
67 2881 48850221574
67 2948 31826659510
67 3015 31119400410
67 3082 30442891705
67 3149 44692755908
67 3216 29174437884
67 3283 42868561789
67 3350 28007460369
67 3417 27458294479
67 3484 43773980399
67 3551 39633198635
67 3618 25932833675
67 3685 25461327608
67 3752 25006661043
67 3819 25495073578
67 3886 24144362387
67 3953 35602703859
67 4020 37725410603
67 4087 34435402093
67 4154 30906620898
67 4221 22228143150
67 4288 32821242620
67 4355 30452664686
67 4422 15913329755
67 4556 30061542891
67 4623 21973578779
67 4690 27419264225
67 4757 29585345460
67 4824 39940161736
67 4891 28774788051
67 4958 26531099946
67 5025 27252687886
67 5092 18425960769
67 5159 18186662577
67 5226 30887810502
67 5293 22335634272
67 5360 24588637584
67 5427 25932833675
67 5494 24795934763
67 5561 21504375998
67 5628 35627285623
67 5695 23090589567
67 5762 20912979901
67 5829 24147138299
67 5896 15913329755
67 5963 11305340885
67 6030 27133574577
67 6097 25856060220
67 6164 22643199638
67 6231 19063716936
67 6298 23527169472
67 6365 31019249333
67 6432 22638115650
67 6499 12383777527
67 6566 18051045780
67 6633 16904929236
67 6700 21951849488
67 6767 16586703246
67 6834 19902730331
67 6901 12598644191
67 6968 21413244481
67 7035 29464727497
67 7102 31221362928
67 7169 13223534849
67 7236 20684631863
67 7303 19271188327
67 7370 32415793428
67 7437 24358248616
67 7504 20904337459
67 7571 10790967162
67 7638 20382075273
67 7705 27128041704
67 7772 21540003225
67 7839 27577279505
67 7906 13111366145
67 7973 36418069782
67 8040 32023490662
67 8107 -3011912272
67 8174 2587441399
67 8241 23840460567
67 8308 24772482525
67 8375 13598482766
67 8442 20173773629
71 71 3964436291699
71 142 991109072924
71 213 660739381949
71 284 495554536462
71 355 396443629169
71 426 220246460649
71 497 283174020835
71 568 247777268231
71 639 220246460649
71 710 132147876389
71 781 180201649622
71 852 110123230324
71 923 152478318911
71 994 94391340278
71 1065 88098584259
71 1136 123888634115
71 1207 116601067402
71 1278 73415486883
71 1349 104327270834
71 1420 66073938194
71 1491 62927560185
71 1562 60067216540
71 1633 86183397645
71 1704 55061615162
71 1775 79288725833
71 1846 50826106303
71 1917 73415486883
71 1988 47195670139
71 2059 68352349856
71 2130 33036969097
71 2201 63942520833
71 2272 61944317057
71 2343 40044811027
71 2414 38867022467
71 2485 37756536111
71 2556 36707743441
71 2627 53573463401
71 2698 34775756944
71 2769 33884070869
71 2840 33036969097
71 2911 48346784045
71 2982 31022867016
71 3053 46098096415
71 3124 30033608270
71 3195 30371609309
71 3266 33874932617
71 3337 42174854167
71 3408 27530807581
71 3479 40453431547
71 3550 35897397309
71 3621 34388540609
71 3692 41954392153
71 3763 37400342374
71 3834 33052876601
71 3905 24026886616
71 3976 34619797827
71 4047 36422819401
71 4118 57879602266
71 4189 38422180008
71 4260 41125035420
71 4331 32495379440
71 4402 44866403937
71 4473 50653719125
71 4544 36872532617
71 4615 33309752163
71 4686 32971521253
71 4757 29585345460
71 4828 36037668267
71 4899 27732913783
71 4970 37116478433
71 5112 31333181362
71 5183 25310986024
71 5254 34782528179
71 5325 36841061589
71 5396 34067231060
71 5467 33381804048
71 5538 35664303967
71 5609 29854937595
71 5680 27540447306
71 5751 22719842251
71 5822 28388418325
71 5893 17154458432
71 5964 33955775554
71 6035 24080854125
71 6106 32624144417
71 6177 31796576559
71 6248 26986615547
71 6319 19501680812
71 6390 42710998005
71 6461 30659122880
71 6532 34781739005
71 6603 24460905281
71 6674 21988198401
71 6745 30178404987
71 6816 40489225611
71 6887 25220668352
71 6958 21296586248
71 7029 22816092374
71 7100 27986026318
71 7171 15843998533
71 7242 28833286071
71 7313 27490398706
71 7384 28534968951
71 7455 32037090015
71 7526 7973280156
71 7597 22981982505
71 7668 28455656660
71 7739 25979703100
71 7810 29604198736
71 7881 25410953701
71 7952 34928599046
71 8023 29122534056
71 8094 28261697081
71 8165 27590845612
71 8236 29019953157
71 8307 33555462989
71 8378 14375483469
71 8449 26773882117
73 73 3855821598776
73 146 963955399694
73 219 642636933129
73 292 481977699847
73 365 385582159877
73 438 214212311043
73 511 275415828484
73 584 240988849923
73 657 214212311043
73 730 128527386625
73 803 175264618126
73 876 107106155521
73 949 148300830722
73 1022 91805276161
73 1095 85684924417
73 1168 120494424961
73 1241 113406517611
73 1314 71404103681
73 1387 101468989441
73 1460 64263693312
73 1533 61203517440
73 1606 58421539375
73 1679 83822208669
73 1752 53553077760
73 1825 77116431975
73 1898 49433610240
73 1971 71404103681
73 2044 45902638080
73 2117 66479682737
73 2190 32131846656
73 2263 62190670948
73 2336 60247212480
73 2409 38947692916
73 2482 37802172537
73 2555 36722110464
73 2628 35702051840
73 2701 52105697280
73 2774 33822996480
73 2847 32955740160
73 2920 32131846656
73 2993 47022214619
73 3066 31198560573
73 3139 44835134869
73 3212 30161616789
73 3285 60283854404
73 3358 36559626059
73 3431 41019378710
73 3504 35102577676
73 3577 39345118354
73 3650 34182669623
73 3723 33526249476
73 3796 33078795552
73 3869 40625231944
73 3942 32126169011
73 4015 31829692146
73 4088 48900057240
73 4161 39317757842
73 4234 35134428133
73 4307 54454927576
73 4380 40187508705
73 4453 31741958378
73 4526 37300855639
73 4599 28727211276
73 4672 30599029791
73 4745 33184541790
73 4818 34067185675
73 4891 28774788050
73 4964 34066324064
73 5037 33903531424
73 5110 26519460876
73 5183 28996360437
73 5256 34845778276
73 5402 31495014826
73 5475 33945261429
73 5548 33719774786
73 5621 46277833814
73 5694 44174823534
73 5767 34457989571
73 5840 36645858408
73 5913 31783800149
73 5986 25051658043
73 6059 28275531269
73 6132 35856865116
73 6205 33746391058
73 6278 24314104229
73 6351 30986019464
73 6424 30818141477
73 6497 21020633603
73 6570 41295039687
73 6643 38889040080
73 6716 31337444206
73 6789 29523117363
73 6862 28414588462
73 6935 21879221172
73 7008 39277138634
73 7081 24339574358
73 7154 24706025234
73 7227 31801557177
73 7300 36708526800
73 7373 5373944022
73 7446 36017334771
73 7519 15066452690
73 7592 28929034550
73 7665 36275547187
73 7738 18729092949
73 7811 21047914723
73 7884 35275622334
73 7957 32394963668
73 8030 32015830898
73 8103 25089191434
73 8176 32251481592
73 8249 22305959338
73 8322 32432503780
73 8395 23403114924
73 8468 23839799657
79 79 3562974388742
79 158 890743597185
79 237 593829064790
79 316 445371798592
79 395 356297438874
79 474 197943021596
79 553 254498170624
79 632 222685899296
79 711 197943021596
79 790 118765812958
79 869 161953381306
79 948 98971510798
79 1027 137037476490
79 1106 84832723541
79 1185 79177208638
79 1264 111342949648
79 1343 104793364374
79 1422 65981007198
79 1501 93762483914
79 1580 59382906479
79 1659 56555149027
79 1738 53984460435
79 1817 77455964972
79 1896 49485755399
79 1975 71259487774
79 2054 45679158830
79 2133 65981007198
79 2212 42416361770
79 2291 61430592909
79 2370 29691453239
79 2449 57467328850
79 2528 55671474824
79 2607 35989640290
79 2686 34931121458
79 2765 33933089416
79 2844 32990503599
79 2923 48148302550
79 3002 31254161304
79 3081 30452772553
79 3160 29691453239
79 3239 43450907179
79 3318 31701484459
79 3397 41429934752
79 3476 26992230217
79 3555 26392402879
79 3634 34046884226
79 3713 37903982858
79 3792 33708356273
79 3871 36356881517
79 3950 23753162591
79 4029 40223706943
79 4108 22839579415
79 4187 33612965931
79 4266 21993669066
79 4345 29858421504
79 4424 29818073557
79 4503 29399844144
79 4582 20476864303
79 4661 30194698209
79 4740 25158777125
79 4819 29204708104
79 4898 39643492123
79 4977 35419527766
79 5056 27835737412
79 5135 34488611282
79 5214 24906825465
79 5293 30843087948
79 5372 25693789965
79 5451 23835869412
79 5530 12724908531
79 5609 20327800274
79 5688 24822847347
79 5767 14349878767
79 5846 24659326855
79 5925 24800920301
79 6004 24190817260
79 6083 31120490036
79 6162 24954630549
79 6320 14845726619
79 6399 17539436865
79 6478 25271494568
79 6557 7828430117
79 6636 20539239570
79 6715 22995675811
79 6794 24888869310
79 6873 18167501260
79 6952 21724344344
79 7031 36829736367
79 7110 21474473618
79 7189 19926555241
79 7268 26010774914
79 7347 24111477796
79 7426 16990830875
79 7505 20108804759
79 7584 26879977601
79 7663 7781020285
79 7742 23369814703
79 7821 20515117245
79 7900 20141218625
79 7979 18008233104
79 8058 15252024286
79 8137 5389903765
79 8216 20000837347
79 8295 19893982711
79 8374 14645724845
79 8453 14573957160
83 83 3391264779646
83 166 847816194911
83 249 565210796607
83 332 423908097455
83 415 339126477964
83 498 188403598869
83 581 242233198546
83 664 211954048727
83 747 188403598869
83 830 113042159321
83 913 154148399074
83 996 94201799434
83 1079 130433260755
83 1162 80744399515
83 1245 75361439547
83 1328 105977024363
83 1411 99743081754
83 1494 62801199623
83 1577 89243809990
83 1660 56521079660
83 1743 53829599676
83 1826 51382799691
83 1909 73723147383
83 1992 47100899717
83 2075 67825295592
83 2158 43477753585
83 2241 62801199623
83 2324 40372199757
83 2407 58470082407
83 2490 41623236433
83 2573 54697819026
83 2656 52988512181
83 2739 34255199794
83 2822 33247693918
83 2905 32297759806
83 2988 39512191943
83 3071 45827902427
83 3154 29747936663
83 3237 28985169056
83 3320 28260539830
83 3403 41356887556
83 3486 32483664580
83 3569 39433311391
83 3652 25691399845
83 3735 25120479849
83 3818 46400500111
83 3901 36077284889
83 3984 32573677086
83 4067 34604742649
83 4150 30380171266
83 4233 31188356506
83 4316 31204120220
83 4399 31993063958
83 4482 29020623821
83 4565 20553119876
83 4648 29651343306
83 4731 19831957775
83 4814 19490027469
83 4897 28739532030
83 4980 25060225913
83 5063 16208010108
83 5146 29605986379
83 5229 17943199892
83 5312 26494256090
83 5395 32283559380
83 5478 34617145638
83 5561 29111516235
83 5644 16623846959
83 5727 23990061878
83 5810 48201913916
83 5893 30609834239
83 5976 24608764307
83 6059 18180150643
83 6142 27991674574
83 6225 31387407759
83 6308 23721243921
83 6391 14680799911
83 6474 29371589136
83 6557 35098972157
83 6640 30205652839
83 6723 15599982077
83 6806 23780893482
83 6972 32653411211
83 7055 29668854227
83 7138 17980054948
83 7221 21104943778
83 7304 27885940770
83 7387 15296111444
83 7470 31191625659
83 7553 27277127430
83 7636 32989062457
83 7719 26389578586
83 7802 32134912578
83 7885 24876876343
83 7968 28145001589
83 8051 11008662678
83 8134 17229834738
83 8217 30809669077
83 8300 25635247184
83 8383 6062859311
83 8466 20654267333
89 89 3162640187760
89 178 790660046940
89 267 527106697960
89 356 395330023470
89 445 316264018776
89 534 175702232653
89 623 225902870554
89 712 197665011735
89 801 175702232653
89 890 105421339592
89 979 143756372170
89 1068 87851116326
89 1157 121640007221
89 1246 75300956851
89 1335 70280893061
89 1424 98832505867
89 1513 93018829051
89 1602 58567410884
89 1691 83227373362
89 1780 52710669796
89 1869 50200637900
89 1958 47918790723
89 2047 68753047560
89 2136 43925558163
89 2225 63252803755
89 2314 49569896301
89 2403 58567410884
89 2492 42892538491
89 2581 54528279099
89 2670 38752290893
89 2759 51010325609
89 2848 49416252933
89 2937 40564750318
89 3026 39328832716
89 3115 46701570860
89 3204 37923300626
89 3293 42738380915
89 3382 36323505427
89 3471 35565157853
89 3560 47124686686
89 3649 50409870068
89 3738 30292000690
89 3827 36774885904
89 3916 63359979561
89 4005 27568460075
89 4094 31536572356
89 4183 33645108380
89 4272 40498745495
89 4361 41109558217
89 4450 28506021704
89 4539 59968301398
89 4628 37045565984
89 4717 30171363805
89 4806 25611976424
89 4895 35162046521
89 4984 35501300588
89 5073 35049239890
89 5162 34856296837
89 5251 31220150597
89 5340 48976735204
89 5429 30208630521
89 5518 29409784892
89 5607 32082410074
89 5696 29547490864
89 5785 25241894857
89 5874 42872346839
89 5963 35898244006
89 6052 39334176301
89 6141 31577276385
89 6230 35299345666
89 6319 25042547184
89 6408 33782502817
89 6497 22303204585
89 6586 27514251557
89 6675 33196828708
89 6764 29124024709
89 6853 40824025677
89 6942 36565564999
89 7031 3203683731
89 7120 35293037513
89 7209 12812318632
89 7298 24981662003
89 7387 22807987203
89 7476 34556031167
89 7565 37239860848
89 7654 18958135431
89 7743 21116293493
89 7832 32451853412
89 8010 33133549416
89 8099 32893880975
89 8188 27472062775
89 8277 26891122309
89 8366 21381679458
89 8455 25556937366
97 97 2901803883615
97 194 725450970903
97 291 483633980602
97 388 362725485451
97 485 290180388361
97 582 161211326867
97 679 207271705972
97 776 181362742725
97 873 161211326867
97 970 96726796120
97 1067 131900176527
97 1164 80605663433
97 1261 111607841677
97 1358 69090568657
97 1455 64484530747
97 1552 90681371362
97 1649 85347173047
97 1746 53737108955
97 1843 76363260095
97 1940 48363398060
97 2037 46528277563
97 2134 48867695903
97 2231 63082693122
97 2328 40302831716
97 2425 58036077672
97 2522 45525170258
97 2619 53737108955
97 2716 34545284328
97 2813 50031101441
97 2910 28635702205
97 3007 46803288445
97 3104 45340685681
97 3201 37892197979
97 3298 28449057682
97 3395 28107594731
97 3492 38197107735
97 3589 39213565994
97 3686 34035467671
97 3783 24801742595
97 3880 32504255396
97 3977 36118831016
97 4074 52595403819
97 4171 38483867644
97 4268 48002299730
97 4365 55549619562
97 4462 21027564374
97 4559 35775542401
97 4656 25052386252
97 4753 34906544391
97 4850 30688483138
97 4947 36793172203
97 5044 42012170568
97 5141 33039784964
97 5238 35214154993
97 5335 26717334011
97 5432 42126887006
97 5529 46759956362
97 5626 34504167561
97 5723 31564463810
97 5820 38023506497
97 5917 23785277734
97 6014 24737682219
97 6111 32060321907
97 6208 30687161488
97 6305 42048981732
97 6402 28161472999
97 6499 30926728198
97 6596 36849810975
97 6693 31390315707
97 6790 21600398351
97 6887 15649808882
97 6984 39969826334
97 7081 15411163773
97 7178 27037833155
97 7275 35928204511
97 7372 20931344875
97 7469 35455642346
97 7566 35657363749
97 7663 28950674444
97 7760 27209189741
97 7857 19900797981
97 7954 24030355119
97 8051 23952829895
97 8148 33511554857
97 8245 28059892197
97 8342 34763619063
97 8439 35377725196
101 101 2786880957531
101 202 696720239382
101 303 464480159588
101 404 348360119691
101 505 278688095753
101 606 154826719862
101 707 199062925537
101 808 174180059845
101 909 154826719862
101 1010 92896031917
101 1111 126676407160
101 1212 77413359931
101 1313 107187729135
101 1414 66354308512
101 1515 61930687945
101 1616 87090029922
101 1717 81967086986
101 1818 51608906620
101 1919 73338972566
101 2020 46448015958
101 2121 44236205675
101 2222 42225469053
101 2323 60584368641
101 2424 38706679965
101 2525 55737619150
101 2626 35729243045
101 2727 51608906620
101 2828 33177154256
101 2929 48049671681
101 3030 45834623187
101 3131 44949692863
101 3232 43545014961
101 3333 39455058876
101 3434 43562887240
101 3535 26541723405
101 3636 25804453310
101 3737 37660553480
101 3838 24446324188
101 3939 41162002815
101 4040 38372272085
101 4141 33986353140
101 4242 39426835456
101 4343 32405592529
101 4444 21112734526
101 4545 38960196466
101 4646 25237999589
101 4747 29647669760
101 4848 35566096616
101 4949 29369947012
101 5050 38255025171
101 5151 34427664853
101 5252 40485590706
101 5353 30836360548
101 5454 47921159606
101 5555 46675073359
101 5656 25600633928
101 5757 32538074371
101 5858 36285272821
101 5959 32217822848
101 6060 23954347843
101 6161 21891742502
101 6262 30366992474
101 6363 22236610593
101 6464 36253185451
101 6565 41110069334
101 6666 37597360421
101 6767 25008534926
101 6868 21462962250
101 6969 21548942107
101 7070 33998161759
101 7171 23407845939
101 7272 32684165127
101 7373 32802507451
101 7474 28610246249
101 7575 28889403091
101 7676 26649892179
101 7777 29045259535
101 7878 31097014629
101 7979 17268741041
101 8080 35166400018
101 8181 44865497305
101 8282 21178338050
101 8383 27514019695
101 8484 31016684723
103 103 2732766764181
103 206 683191691045
103 309 455461127363
103 412 341595845522
103 515 273276676418
103 618 151820375787
103 721 195197626012
103 824 170797922761
103 927 151820375787
103 1030 91092225472
103 1133 124216671099
103 1236 75910187893
103 1339 105106414006
103 1442 65065875337
103 1545 60728150315
103 1648 85398961380
103 1751 80375493064
103 1854 50606791929
103 1957 71914914846
103 2060 45546112736
103 2163 43377250225
103 2266 41405557033
103 2369 59407973134
103 2472 37955093946
103 2575 54655335283
103 2678 43321723039
103 2781 50606791929
103 2884 40713118850
103 2987 47116668347
103 3090 35298090238
103 3193 44076883293
103 3296 42699480690
103 3399 27603704688
103 3502 35269023319
103 3605 39093460293
103 3708 33780588262
103 3811 36929280597
103 3914 39938563194
103 4017 23356980890
103 4120 36007066418
103 4223 37556962151
103 4326 35867134071
103 4429 38874760304
103 4532 37128970286
103 4635 36668908541
103 4738 45431324907
103 4841 29071986852
103 4944 35371310037
103 5047 36121972280
103 5150 32415250256
103 5253 34334414952
103 5356 40034609419
103 5459 30112151920
103 5562 24587145669
103 5665 26027466241
103 5768 32660231898
103 5871 24179468656
103 5974 35153349067
103 6077 33415676596
103 6180 35234122496
103 6283 30064324869
103 6386 24007136133
103 6489 26170180696
103 6592 46618726175
103 6695 38811604611
103 6798 33147861493
103 6901 28188919453
103 7004 35719602794
103 7107 21400148275
103 7210 30017106728
103 7313 10999274028
103 7416 20679526218
103 7519 22368708463
103 7622 20116877565
103 7725 28007688424
103 7828 27096567261
103 7931 29562114048
103 8034 24896356872
103 8137 29202080591
103 8240 32562868900
103 8343 18153392055
103 8446 10864441899
107 107 2630607258978
107 214 657651814744
107 321 438434543163
107 428 328825907372
107 535 263060725897
107 642 146144847721
107 749 187900518498
107 856 164412953686
107 963 146144847721
107 1070 87686908632
107 1177 119573057226
107 1284 73072423860
107 1391 101177202268
107 1498 62633506166
107 1605 58457939088
107 1712 82206476843
107 1819 77370801734
107 1926 48714949240
107 2033 69226506815
107 2140 43843454316
107 2247 41755670777
107 2354 39857685742
107 2461 57187114325
107 2568 36536211930
107 2675 52612145179
107 2782 33725734089
107 2889 48714949240
107 2996 38923893321
107 3103 45355297568
107 3210 34675818177
107 3317 42429149338
107 3424 41103238421
107 3531 42081170080
107 3638 34067112310
107 3745 33609279570
107 3852 30973087500
107 3959 35548746742
107 4066 31685394943
107 4173 30803782036
107 4280 21921727158
107 4387 36331940002
107 4494 39433937451
107 4601 30588456499
107 4708 27420051573
107 4815 19485979696
107 4922 26669511679
107 5029 32290129942
107 5136 26353855041
107 5243 34835425973
107 5350 25623130802
107 5457 24277486350
107 5564 24949757658
107 5671 15495861529
107 5778 23660070199
107 5885 50302952201
107 5992 23302884193
107 6099 22874876883
107 6206 22762940174
107 6313 19699239490
107 6420 22799083527
107 6527 23771802489
107 6634 17735269771
107 6741 35550293721
107 6848 24595064517
107 6955 21576042711
107 7062 21097052114
107 7169 26039260061
107 7276 29346172666
107 7383 19792222481
107 7490 19330175052
107 7597 14068823959
107 7704 33810474106
107 7811 14987801153
107 7918 22959608134
107 8025 19113341603
107 8132 25312878263
107 8239 18471885066
107 8346 29520858638
107 8453 18724868903
109 109 2582339235877
109 218 645584808969
109 327 430389872646
109 436 322792404484
109 545 258233923587
109 654 143463290882
109 763 184452802562
109 872 161396202242
109 981 143463290882
109 1090 86077974529
109 1199 117379056176
109 1308 71731645441
109 1417 99320739841
109 1526 61484267520
109 1635 57385316352
109 1744 80698101121
109 1853 75951153996
109 1962 47821096960
109 2071 67956295680
109 2180 43038987264
109 2289 40989511680
109 2398 39126352058
109 2507 56137809475
109 2616 35865822720
109 2725 51646784717
109 2834 33106913280
109 2943 47821096960
109 3052 30742133760
109 3161 44523090273
109 3270 21519493632
109 3379 41650632836
109 3488 40349050560
109 3597 26084234705
109 3706 25317051332
109 3815 24593707008
109 3924 23910548480
109 4033 34896476160
109 4142 22652098560
109 4251 22071275520
109 4360 21519493632
109 4469 31491941900
109 4578 15371066880
109 4687 30027200417
109 4796 19563176029
109 4905 19128438784
109 5014 18712603158
109 5123 27471693998
109 5232 17932911360
109 5341 26350400366
109 5450 17215594905
109 5559 16878034221
109 5668 16553456640
109 5777 20229372239
109 5886 15940365653
109 5995 15650540823
109 6104 15371066880
109 6213 15101399040
109 6322 14841030091
109 6431 17794140221
109 6540 10759746816
109 6649 16895812526
109 6758 13883544278
109 6867 13663170560
109 6976 20174525280
109 7085 13242765312
109 7194 9781588014
109 7303 19271188327
109 7412 12658525666
109 7521 12475068772
109 7630 9222640128
109 7739 10391272053
109 7848 11955274240
109 7957 2979546412
109 8066 11632158720
109 8175 11477063270
109 8284 8124092646
109 8393 11178957731
113 113 2490928997439
113 226 622732249359
113 339 415154832906
113 452 311366124679
113 565 249092899743
113 678 138384944302
113 791 177923499817
113 904 155683062339
113 1017 138384944302
113 1130 83030966581
113 1243 113224045338
113 1356 69192472151
113 1469 95804961439
113 1582 59307833272
113 1695 55353977720
113 1808 77841531169
113 1921 73262617571
113 2034 50901248421
113 2147 65550763090
113 2260 41515483290
113 2373 39538555514
113 2486 37741348446
113 2599 57541556233
113 2712 34596236075
113 2825 49818579948
113 2938 31934987146
113 3051 47535406100
113 3164 39579673066
113 3277 42947051679
113 3390 33154697640
113 3503 40176274152
113 3616 38920765584
113 3729 41569309382
113 3842 24420872523
113 3955 40014843608
113 4068 31465164321
113 4181 40076290110
113 4294 21850254363
113 4407 62364739516
113 4520 37049451945
113 4633 41700765295
113 4746 24750377638
113 4859 35472156612
113 4972 37210343815
113 5085 18451325906
113 5198 44002845135
113 5311 26499244653
113 5424 25246237341
113 5537 25417642831
113 5650 32031049932
113 5763 32614037870
113 5876 28983225463
113 5989 32418052690
113 6102 34304242842
113 6215 31445665620
113 6328 31763325412
113 6441 36624981467
113 6554 38064635882
113 6667 29222255126
113 6780 34345317157
113 6893 19900393556
113 7006 31109414126
113 7119 37374235716
113 7232 27664588001
113 7345 23852814854
113 7458 37240453341
113 7571 26387077575
113 7684 28155963170
113 7797 32218619926
113 7910 34008762493
113 8023 5960972950
113 8136 28222723833
113 8249 11816355695
113 8362 39094155213
113 8475 30636245032
127 127 2216338399296
127 254 554084599824
127 381 369389733216
127 508 277042299912
127 635 221633839929
127 762 123129911072
127 889 158309885664
127 1016 138521149956
127 1143 123129911072
127 1270 73877946643
127 1397 100742654513
127 1524 61564955536
127 1651 85243784588
127 1778 52769961888
127 1905 57861857100
127 2032 69260574978
127 2159 65186423508
127 2286 41043303690
127 2413 58324694718
127 2540 41978760055
127 2667 60233649066
127 2794 49811962727
127 2921 48181269549
127 3048 38584258854
127 3175 44326767985
127 3302 36756997616
127 3429 55958648036
127 3556 42616058834
127 3683 38212731022
127 3810 18469486660
127 3937 56957615147
127 4064 34630287489
127 4191 37916904960
127 4318 56960576444
127 4445 37279287825
127 4572 36890990775
127 4699 29950518909
127 4826 44495239380
127 4953 48904550381
127 5080 44295276474
127 5207 37520223615
127 5334 45348264441
127 5461 48149344534
127 5588 25267634716
127 5715 32167221866
127 5842 36023577036
127 5969 25906799093
127 6096 31945506916
127 6223 35812865127
127 6350 39620031386
127 6477 37638748200
127 6604 29783796461
127 6731 25248040710
127 6858 37936827430
127 6985 37132124972
127 7112 35870561840
127 7239 30607791836
127 7366 43265845089
127 7493 25367815972
127 7620 36043043360
127 7747 32478601575
127 7874 28601470054
127 8001 25929936436
127 8128 30719072093
127 8255 30908898064
127 8382 30487146053
131 131 2148663944356
131 262 537165986089
131 393 358110657392
131 524 268582993044
131 655 214866394435
131 786 119370219130
131 917 153475996025
131 1048 134291496522
131 1179 119370219130
131 1310 71622131478
131 1441 97666542925
131 1572 59685109565
131 1703 82640920936
131 1834 51158665341
131 1965 47748087652
131 2096 67145748261
131 2227 63195998363
131 2358 39790073043
131 2489 56543788009
131 2620 35811065739
131 2751 34105776894
131 2882 32555514308
131 3013 46710085746
131 3144 29842554782
131 3275 45436582847
131 3406 36337130725
131 3537 39790073043
131 3668 34426608260
131 3799 37045930075
131 3930 30320800468
131 4061 39079507865
131 4192 37887666215
131 4323 37098775589
131 4454 36023927941
131 4585 36257557144
131 4716 27539544173
131 4847 29035999248
131 4978 18847929336
131 5109 34441443509
131 5240 33300632253
131 5371 34593005039
131 5502 24256427813
131 5633 29238191307
131 5764 24542394484
131 5895 50479240614
131 6026 15570028582
131 6157 22858127067
131 6288 22869396695
131 6419 28703352567
131 6550 36320979695
131 6681 35522942348
131 6812 29983812668
131 6943 16033666017
131 7074 21211476985
131 7205 27689955873
131 7336 29126849005
131 7467 26297202294
131 7598 27229957019
131 7729 -6549620629
131 7860 31342162002
131 7991 17609048248
131 8122 15696505875
131 8253 26327187452
131 8384 20640236315
137 137 2054561873800
137 274 513640468450
137 411 342426978966
137 548 256820234225
137 685 205456187380
137 822 114142326322
137 959 146754419557
137 1096 128410117112
137 1233 114142326322
137 1370 68485395793
137 1507 93389176081
137 1644 57071163161
137 1781 79021610530
137 1918 48918139852
137 2055 45656930528
137 2192 64205058556
137 2329 60428290405
137 2466 50602630293
137 2603 54067417731
137 2740 34242697896
137 2877 32612093234
137 3014 31129725360
137 3151 44664388560
137 3288 36763810816
137 3425 41091237476
137 3562 34520718025
137 3699 38047442107
137 3836 37014258112
137 3973 47199154528
137 4110 41733029559
137 4247 33138094738
137 4384 36003419821
137 4521 28864742372
137 4658 36587744482
137 4795 19567255940
137 4932 46275731855
137 5069 27764349645
137 5206 26250701813
137 5343 39343248193
137 5480 25232941080
137 5617 28914740120
137 5754 44903870410
137 5891 23890254346
137 6028 24620598564
137 6165 45368124704
137 6302 30497475257
137 6439 37409687796
137 6576 40446116471
137 6713 29425365112
137 6850 36795975356
137 6987 29873489993
137 7124 40090416914
137 7261 25917581210
137 7398 28628924964
137 7535 28508403448
137 7672 28286048267
137 7809 32615897787
137 7946 37050584027
137 8083 22740141464
137 8220 32651448208
137 8357 17860319292
137 8494 14905799957
139 139 2024999832450
139 278 506249958112
139 417 337499972075
139 556 253124979056
139 695 202499983245
139 834 112499990691
139 973 144642845175
139 1112 126562489528
139 1251 112499990691
139 1390 67499994415
139 1529 92045446929
139 1668 56249995345
139 1807 77884608940
139 1946 48214281725
139 2085 58048671390
139 2224 63281244764
139 2363 59558818601
139 2502 85887767319
139 2641 53289469275
139 2780 53503957917
139 2919 40462813793
139 3058 38874547285
139 3197 52565202530
139 3336 38210828208
139 3475 40499996649
139 3614 34984763541
139 3753 53837439360
139 3892 41299632650
139 4031 34913790214
139 4170 50487252727
139 4309 32661287620
139 4448 63039325852
139 4587 28957463502
139 4726 36273900411
139 4865 38153619116
139 5004 44793493692
139 5143 47786077838
139 5282 33727623387
139 5421 42426816127
139 5560 50489055083
139 5699 33128377347
139 5838 46291024477
139 5977 24598363873
139 6116 33156173829
139 6255 37408168174
139 6394 29190914812
139 6533 26054165023
139 6672 30275255470
139 6811 26917277740
139 6950 35457899096
139 7089 30486749486
139 7228 35298597619
139 7367 16314647979
139 7506 30522175644
139 7645 36118831391
139 7784 35220386489
139 7923 36248343531
139 8062 33536401555
139 8201 11546715658
139 8340 30390511041
139 8479 21477921028
149 149 1889093803427
149 298 472273450856
149 447 314848967237
149 596 236136725428
149 745 188909380342
149 894 104949655745
149 1043 134935271673
149 1192 118068362714
149 1341 104949655745
149 1490 62969793447
149 1639 85867900155
149 1788 52474827872
149 1937 72657453977
149 2086 44978423891
149 2235 66356913972
149 2384 61507621599
149 2533 55561582453
149 2682 39899980555
149 2831 49712994827
149 2980 39958393827
149 3129 38611473615
149 3278 52692293037
149 3427 41067256596
149 3576 33728622638
149 3725 63152798927
149 3874 55009682155
149 4023 34983218581
149 4172 34927301131
149 4321 58581691883
149 4470 34955811270
149 4619 30469254893
149 4768 31990443504
149 4917 54360918206
149 5066 34873750512
149 5215 42061029208
149 5364 41308802204
149 5513 34510544920
149 5662 40411681340
149 5811 38198332424
149 5960 49510774885
149 6109 29510988487
149 6258 42230137607
149 6407 30142818530
149 6556 38203882836
149 6705 38696466214
149 6854 30986872850
149 7003 30820401367
149 7152 27896553002
149 7301 19732244267
149 7450 39459756849
149 7599 31354646086
149 7748 29766957676
149 7897 24963360775
149 8046 30447322530
149 8195 29432976923
149 8344 30813895726
149 8493 25245899419
151 151 1864072693448
151 302 466018173362
151 453 310678782241
151 604 233009086681
151 755 186407269344
151 906 103559594080
151 1057 133148049532
151 1208 116504543340
151 1359 103559594080
151 1510 62135756448
151 1661 84730576974
151 1812 51779797040
151 1963 71695103594
151 2114 44382683177
151 2265 41423837632
151 2416 58252271670
151 2567 54825667454
151 2718 42845903489
151 2869 49054544564
151 3020 31067878224
151 3171 29588455451
151 3322 36747981850
151 3473 40523319422
151 3624 33497038758
151 3775 37281453868
151 3926 31505508102
151 4077 34519864693
151 4228 38409527016
151 4379 44481240607
151 4530 38592518724
151 4681 30065688604
151 4832 41468192073
151 4983 33606863139
151 5134 34068570060
151 5285 25174827056
151 5436 38763731932
151 5587 25190171533
151 5738 30871389510
151 5889 46620387469
151 6040 30663291398
151 6191 22732593822
151 6342 32122311970
151 6493 21675263877
151 6644 36926871949
151 6795 41946404053
151 6946 21833811936
151 7097 38308899828
151 7248 37012887850
151 7399 23159572466
151 7550 26228522275
151 7701 32543271298
151 7852 33912206445
151 8003 20285239867
151 8154 23902815211
151 8305 25822628143
151 8456 18987817426
157 157 1792834246564
157 314 448208561641
157 471 298805707760
157 628 224104280820
157 785 179283424656
157 942 99601902586
157 1099 128059589040
157 1256 112052140410
157 1413 99601902586
157 1570 59761141552
157 1727 81492465752
157 1884 71359239415
157 2041 68955163329
157 2198 42686529680
157 2355 39840761034
157 2512 56026070205
157 2669 52730419016
157 2826 58329730495
157 2983 47179848593
157 3140 30945051040
157 3297 45249652297
157 3454 27164155250
157 3611 38974657534
157 3768 32951372354
157 3925 47856240633
157 4082 31969257309
157 4239 41094722128
157 4396 29907001448
157 4553 30910935285
157 4710 40658290246
157 4867 30462071304
157 5024 28013035102
157 5181 51596068966
157 5338 34760264792
157 5495 26485304378
157 5652 49938956890
157 5809 29277174865
157 5966 23777512905
157 6123 23551598864
157 6280 44900842591
157 6437 25456669019
157 6594 24420728324
157 6751 32846465545
157 6908 30833890637
157 7065 19895866558
157 7222 27789134501
157 7379 37871041156
157 7536 17233495119
157 7693 9160229307
157 7850 35629812765
157 8007 20879406286
157 8164 33495407535
157 8321 30357027648
157 8478 26756499629
163 163 1726840347918
163 326 431710086979
163 489 287806724653
163 652 215855043489
163 815 172684034791
163 978 95935574884
163 1141 123345739137
163 1304 107927521744
163 1467 95935574884
163 1630 57561344930
163 1793 78492743087
163 1956 47967787442
163 2119 66416936458
163 2282 81847020209
163 2445 46248850253
163 2608 53963760872
163 2771 50789421997
163 2934 41443768389
163 3097 49705319297
163 3260 76373433709
163 3423 66733650326
163 3586 42828448693
163 3749 41595803629
163 3912 51494291305
163 4075 38868140348
163 4238 36936295621
163 4401 64194175906
163 4564 46805017633
163 4727 34035261693
163 4890 38309423652
163 5053 36022174360
163 5216 38989655764
163 5379 50770796676
163 5542 39955353370
163 5705 33110299549
163 5868 41918060800
163 6031 38483409954
163 6194 38085557581
163 6357 38711246654
163 6520 31967171792
163 6683 29281357442
163 6846 37242473665
163 7009 31806736425
163 7172 29759355967
163 7335 37714804602
163 7498 26121359474
163 7661 26657419730
163 7824 32808454708
163 7987 16452558327
163 8150 29627556011
163 8313 31566020361
163 8476 33956978794
167 167 1685478902459
167 334 421369725614
167 501 280913150409
167 668 210684862807
167 835 168547890245
167 1002 93637716803
167 1169 120391350175
167 1336 105342431403
167 1503 93637716803
167 1670 56182630081
167 1837 76612677384
167 2004 54310067103
167 2171 64826111633
167 2338 40130450058
167 2505 37455086721
167 2672 52671215701
167 2839 49572908895
167 3006 53735650733
167 3173 44354707959
167 3340 35798913540
167 3507 49065891174
167 3674 25537559128
167 3841 36640845705
167 4008 31016569438
167 4175 33709578049
167 4342 29659600585
167 4509 31212572267
167 4676 20065225029
167 4843 29059981076
167 5010 37453800102
167 5177 30988713707
167 5344 26335607850
167 5511 32793093186
167 5678 32129731353
167 5845 47373746117
167 6012 31113676961
167 6179 26580312044
167 6346 22071539985
167 6513 36928881051
167 6680 29778996706
167 6847 23849219078
167 7014 33451626706
167 7181 26031208524
167 7348 20476378064
167 7515 38373378435
167 7682 41223265167
167 7849 17930626621
167 8016 31232682929
167 8183 20062310113
167 8350 32763373314
173 173 1627022986766
173 346 406755746691
173 519 271170497794
173 692 203377873345
173 865 162702298676
173 1038 90390165931
173 1211 116215927626
173 1384 101688936672
173 1557 90390165931
173 1730 54234099558
173 1903 73955590307
173 2076 66303970799
173 2249 62577807183
173 2422 38738642542
173 2595 36156066372
173 2768 50844468336
173 2941 47853617257
173 3114 30130055310
173 3287 42816394388
173 3460 43291086153
173 3633 48605621360
173 3806 24651863435
173 3979 35370064929
173 4152 27341967290
173 4325 36486533051
173 4498 20859269061
173 4671 45302428791
173 4844 19369321271
173 5017 32166235079
173 5190 37819579450
173 5363 31651989025
173 5536 29554552833
173 5709 32554951491
173 5882 26770571326
173 6055 15495457016
173 6228 37844887321
173 6401 30688255026
173 6574 35062174482
173 6747 21798326006
173 6920 40448940470
173 7093 19841743741
173 7266 39080017434
173 7439 39030478874
173 7612 27889723099
173 7785 20316659454
173 7958 39967093372
173 8131 13680631117
173 8304 26948753763
173 8477 16602275375
179 179 1572485903411
179 358 393121475852
179 537 262080983901
179 716 196560737926
179 895 157248590341
179 1074 87360327967
179 1253 112320421672
179 1432 98280368963
179 1611 87360327967
179 1790 52416196780
179 1969 71476631973
179 2148 53912838743
179 2327 68512588461
179 2506 50206608089
179 2685 59390934138
179 2864 49140184481
179 3043 47083491627
179 3222 48850352230
179 3401 53604609460
179 3580 38974565922
179 3759 42135514236
179 3938 31533142491
179 4117 44452271326
179 4296 41373975205
179 4475 46048750538
179 4654 42514491790
179 4833 58134549264
179 5012 42206958360
179 5191 39740847393
179 5370 37616714527
179 5549 30096586877
179 5728 34967866806
179 5907 40699336258
179 6086 41138294841
179 6265 44528667158
179 6444 28994334659
179 6623 37289463821
179 6802 42311125329
179 6981 39578730842
179 7160 37126277767
179 7339 54388949314
179 7518 34472300643
179 7697 18548644850
179 7876 32276027121
179 8055 32183634058
179 8234 36310023820
179 8413 34281037648
181 181 1555110368567
181 362 388777592141
181 543 259185061427
181 724 194388796070
181 905 155511036856
181 1086 86395020475
181 1267 111079312040
181 1448 97194398035
181 1629 86395020475
181 1810 51837012285
181 1991 74991781270
181 2172 43197510237
181 2353 59811937252
181 2534 52314547060
181 2715 42884046986
181 2896 52640644324
181 3077 45738540251
181 3258 42123315052
181 3439 47270275807
181 3620 53907399366
181 3801 29732421392
181 3982 63544592137
181 4163 33806747142
181 4344 52234138728
181 4525 62511046534
181 4706 37084966433
181 4887 48789497071
181 5068 18513218673
181 5249 26812247733
181 5430 34361163677
181 5611 37955572327
181 5792 32426587693
181 5973 47211059667
181 6154 41236007413
181 6335 38408994516
181 6516 40145464135
181 6697 21015004980
181 6878 40234030229
181 7059 36741154903
181 7240 35965577811
181 7421 24561368322
181 7602 35763608530
181 7783 33774036620
181 7964 35661652797
181 8145 34371686211
181 8326 23588105654
191 191 1473690977542
191 382 368422744385
191 573 245615162923
191 764 184211372192
191 955 147369097754
191 1146 81871720974
191 1337 105263641253
191 1528 92105686096
191 1719 81871720974
191 1910 49123032584
191 2101 66985953524
191 2292 52858716263
191 2483 56680422213
191 2674 35087880417
191 2865 40550469475
191 3056 46052843048
191 3247 47614754802
191 3438 35092354744
191 3629 49072721754
191 3820 32838361358
191 4011 40193069838
191 4202 38268975442
191 4393 56294263211
191 4584 28416049547
191 4775 29473819550
191 4966 41361468031
191 5157 31552725905
191 5348 51019645234
191 5539 25408465130
191 5730 45656487974
191 5921 27670099858
191 6112 23026421524
191 6303 42111308912
191 6494 35375002966
191 6685 29975476435
191 6876 25568142605
191 7067 25935220657
191 7258 44334855019
191 7449 28820613750
191 7640 35324937296
191 7831 17168463367
191 8022 26656253768
191 8213 45934626413
191 8404 17474487871
193 193 1458419568448
193 386 364604892112
193 579 243069928074
193 772 182302446056
193 965 145841956844
193 1158 81023309358
193 1351 104172826317
193 1544 91151223028
193 1737 81023309358
193 1930 48613985614
193 2123 66291798565
193 2316 40511654679
193 2509 56093060324
193 2702 34724275439
193 2895 32409323743
193 3088 45575611514
193 3281 42894693189
193 3474 35211904646
193 3667 38379462327
193 3860 61749221169
193 4053 31377746195
193 4246 38496866496
193 4439 31704773227
193 4632 28484056575
193 4825 33306813901
193 5018 56540798722
193 5211 31261496624
193 5404 25254284351
193 5597 37741272699
193 5790 46077300584
193 5983 23522896265
193 6176 26761865409
193 6369 30216492584
193 6562 41145480138
193 6755 41705938590
193 6948 28988866685
193 7141 27377004501
193 7334 28152299788
193 7527 27517573100
193 7720 34538293619
193 7913 25684119667
193 8106 20603247815
193 8299 23814990851
193 8492 24677139418
197 197 1428806988378
197 394 357201747094
197 591 238134498063
197 788 178600873547
197 985 142880698837
197 1182 79378166021
197 1379 102057642027
197 1576 89300436773
197 1773 79378166021
197 1970 47626899612
197 2167 64945772199
197 2364 47800675142
197 2561 54954114937
197 2758 42283851339
197 2955 39643413040
197 3152 44650218386
197 3349 42023734952
197 3546 34687617909
197 3743 53469613988
197 3940 31531664832
197 4137 22679476006
197 4334 29760182865
197 4531 31061021486
197 4728 19844541505
197 4925 28576139767
197 5122 26210184944
197 5319 26459388673
197 5516 32149575816
197 5713 28345480140
197 5910 46507005741
197 6107 26966507861
197 6304 26184216706
197 6501 45893270229
197 6698 27715319256
197 6895 29257668625
197 7092 21494331666
197 7289 23422317163
197 7486 20425541266
197 7683 26752211971
197 7880 34973578795
197 8077 33316991490
197 8274 29065914911
197 8471 18145765900
199 199 1414447119149
199 398 353611779787
199 597 235741186524
199 796 176805889893
199 995 141444711914
199 1194 78580395508
199 1393 101031937082
199 1592 88402944946
199 1791 78580395508
199 1990 47148237304
199 2189 64293050870
199 2388 49995084360
199 2587 54401812274
199 2786 41395527386
199 2985 47118549319
199 3184 44201472473
199 3383 45700574091
199 3582 42743995877
199 3781 37222292609
199 3980 31772495120
199 4179 36709823161
199 4378 29202756358
199 4577 47092329225
199 4776 33504677249
199 4975 28288942382
199 5174 41464949150
199 5373 34291168831
199 5572 44901014516
199 5771 40441920811
199 5970 33174481708
199 6169 19160798173
199 6368 45381019745
199 6567 29973735753
199 6766 47709552507
199 6965 30263650520
199 7164 21573924882
199 7363 29500321272
199 7562 31251495130
199 7761 29791129341
199 7960 32938903204
199 8159 19027679646
199 8358 30271109972
211 211 1334004628960
211 422 333501157240
211 633 222334104826
211 844 166750578620
211 1055 133400462896
211 1266 74111368275
211 1477 95286044925
211 1688 83375289310
211 1899 74111368275
211 2110 44466820965
211 2321 60636574043
211 2532 37055684137
211 2743 58653427890
211 2954 31762014975
211 3165 65632310576
211 3376 41687644655
211 3587 43542054940
211 3798 39378118885
211 4009 35105384972
211 4220 22233410482
211 4431 29500715446
211 4642 28825440701
211 4853 29000100629
211 5064 41553532650
211 5275 26680092579
211 5486 17102623448
211 5697 28557588675
211 5908 30572122579
211 6119 42228240472
211 6330 44649009189
211 6541 17672816948
211 6752 24697621577
211 6963 40789434512
211 7174 21404515550
211 7385 15546923656
211 7596 37229825541
211 7807 21061684868
211 8018 26950001890
211 8229 26076078425
211 8440 27712444802
223 223 1262219626505
223 446 315554906626
223 669 210369937750
223 892 157777453313
223 1115 126221962650
223 1338 70123312583
223 1561 90158544750
223 1784 78888726656
223 2007 70123312583
223 2230 42073987550
223 2453 57373619386
223 2676 35061656291
223 2899 48546908711
223 3122 30052848250
223 3345 28049325033
223 3568 39444363328
223 3791 37124106661
223 4014 23374437527
223 4237 33216305960
223 4460 21036993775
223 4683 20035232166
223 4906 19124539795
223 5129 27439557097
223 5352 17530828145
223 5575 25244392530
223 5798 55798770598
223 6021 30455439695
223 6244 15026424125
223 6467 21762407353
223 6690 20681902164
223 6913 20358381072
223 7136 19722181664
223 7359 26911697533
223 7582 19150305738
223 7805 18796742818
223 8028 11687218763
223 8251 17057021979
223 8474 11072101986
227 227 1239977870972
227 454 309994467743
227 681 206662978495
227 908 154997233871
227 1135 123997787097
227 1362 68887659498
227 1589 88569847926
227 1816 77498616935
227 2043 68887659498
227 2270 50241060101
227 2497 56362630498
227 2724 43909073177
227 2951 47691456575
227 3178 46072500924
227 3405 35831908865
227 3632 49459606893
227 3859 70040327077
227 4086 53490215598
227 4313 47384169568
227 4540 45208626193
227 4767 36138767696
227 4994 52266333280
227 5221 39638562508
227 5448 51611305667
227 5675 36521401208
227 5902 24173997257
227 6129 45641983161
227 6356 37994271087
227 6583 48226591943
227 6810 40849031102
227 7037 33320171307
227 7264 38738453019
227 7491 30934296395
227 7718 34527213405
227 7945 35377753420
227 8172 34267554171
227 8399 24197437184
229 229 1229148369915
229 458 307287092478
229 687 204858061652
229 916 153643546239
229 1145 122914836991
229 1374 68286020550
229 1603 87796312136
229 1832 76821773119
229 2061 68286020550
229 2290 40971612330
229 2519 55870380450
229 2748 42228759351
229 2977 51020541655
229 3206 29265437378
229 3435 34601045552
229 3664 38410886559
229 3893 40403650740
229 4122 29845981704
229 4351 32346009734
229 4580 28571555241
229 4809 27001500287
229 5038 40632221286
229 5267 26720616737
229 5496 24358142469
229 5725 28625841936
229 5954 37794088998
229 6183 27014234946
229 6412 44502193422
229 6641 21192213274
229 6870 31417824838
229 7099 28233041673
229 7328 30223331561
229 7557 30621101947
229 7786 34930474894
229 8015 35237203027
229 8244 25458877997
229 8473 16963895345
233 233 1208047110346
233 466 302011777586
233 699 201341185057
233 932 151005888793
233 1165 120804711034
233 1398 67113728352
233 1631 86289079310
233 1864 75502944396
233 2097 83566018614
233 2330 40268237011
233 2563 59162692158
233 2796 61845202758
233 3029 59665164273
233 3262 37326763044
233 3495 44261432677
233 3728 41807268264
233 3961 47875113832
233 4194 53191696496
233 4427 31790713430
233 4660 36119608899
233 4893 61441195783
233 5126 50662948818
233 5359 30995804719
233 5592 46274715646
233 5825 49818567232
233 6058 31547494901
233 6291 26653111088
233 6524 36694513254
233 6757 33172714923
233 6990 34805058767
233 7223 27338600876
233 7456 34975756759
233 7689 33040812982
233 7922 28294638165
233 8155 31208321552
233 8388 30120511748
239 239 1177719567827
239 478 294429891956
239 717 196286594637
239 956 147214945978
239 1195 117771956782
239 1434 65428864879
239 1673 84122826273
239 1912 73607472989
239 2151 65428864879
239 2390 47149465559
239 2629 83271450865
239 2868 49009790203
239 3107 47925154160
239 3346 44034792295
239 3585 26171545951
239 3824 41062940473
239 4063 38898014797
239 4302 50729246994
239 4541 30992620205
239 4780 42996893033
239 5019 31842603438
239 5258 38662157672
239 5497 33599524402
239 5736 24249362851
239 5975 23554391356
239 6214 39286473214
239 6453 37160088379
239 6692 34838392841
239 6931 40816536709
239 7170 39178717922
239 7409 38567590329
239 7648 36727480167
239 7887 11896157250
239 8126 37507018622
239 8365 34034454215
241 241 1167945961455
241 482 291986490363
241 723 194657660242
241 964 145993245181
241 1205 116794596145
241 1446 64885886747
241 1687 91720049595
241 1928 72996622590
241 2169 73526728718
241 2410 38931532048
241 2651 61959497040
241 2892 50185031867
241 3133 70805265824
241 3374 27808237177
241 3615 33661953199
241 3856 53340101205
241 4097 38450540041
241 4338 59246198401
241 4579 50885016388
241 4820 55587427264
241 5061 33121790289
241 5302 49416179343
241 5543 46811629923
241 5784 48602596067
241 6025 41975545600
241 6266 43671421456
241 6507 40639948428
241 6748 42249180258
241 6989 41436777203
241 7230 33185441589
241 7471 21195898960
241 7712 29367027214
241 7953 32797134329
241 8194 27244415368
241 8435 32042009831
251 251 1121414249843
251 502 280353562460
251 753 186902374973
251 1004 140176781230
251 1255 112141424984
251 1506 62300791657
251 1757 80101017845
251 2008 70088390615
251 2259 62300791657
251 2510 37380474994
251 2761 50973374992
251 3012 31150395828
251 3263 43131317301
251 3514 26700339281
251 3765 24920316663
251 4016 35044195307
251 4267 32982772054
251 4518 20766930552
251 4769 29510901311
251 5020 18690237497
251 5271 17800226187
251 5522 16991124997
251 5773 24378570648
251 6024 47812270510
251 6275 22428284996
251 6526 14377105767
251 6777 20766930552
251 7028 13350169640
251 7279 19334728445
251 7530 9345118748
251 7781 18087326610
251 8032 17522097653
251 8283 11327416665
257 257 1095233372415
257 514 273808343103
257 771 182538895402
257 1028 136904171551
257 1285 109523337241
257 1542 60846298467
257 1799 78230955172
257 2056 68452085775
257 2313 60846298467
257 2570 36507779080
257 2827 83601653518
257 3084 30423149233
257 3341 42124360477
257 3598 26076985057
257 3855 32815711685
257 4112 38456581085
257 4369 32212746247
257 4626 20282099489
257 4883 28821930853
257 5140 26482118776
257 5397 17384656705
257 5654 33283750668
257 5911 23809421139
257 6168 23688766914
257 6425 26018782066
257 6682 14041453492
257 6939 24512637687
257 7196 27433664682
257 7453 44177862723
257 7710 21469288624
257 7967 17665054393
257 8224 37922464205
257 8481 25458135511
263 263 1070247059736
263 526 267561764934
263 789 178374509956
263 1052 133780882467
263 1315 107024705973
263 1578 59458169985
263 1841 76446218552
263 2104 66890441233
263 2367 59458169985
263 2630 44683622423
263 2893 64562440506
263 3156 47236918392
263 3419 76537577272
263 3682 34490793282
263 3945 32290721670
263 4208 66756368828
263 4471 31477854698
263 4734 28318502963
263 4997 32418123146
263 5260 49667144759
263 5523 33262515315
263 5786 49448332726
263 6049 54583122987
263 6312 37891870828
263 6575 29542174568
263 6838 36740103774
263 7101 24073116833
263 7364 38020019036
263 7627 26589768886
263 7890 28327943121
263 8153 16818836291
263 8416 20972166792
269 269 1046375378106
269 538 261593844526
269 807 174395896351
269 1076 130796922263
269 1345 104637537810
269 1614 58131965450
269 1883 74741098436
269 2152 65398461131
269 2421 58131965450
269 2690 34879179270
269 2959 47562517186
269 3228 29065982725
269 3497 40245206850
269 3766 24913699478
269 4035 30248321896
269 4304 32699230565
269 4573 30775746414
269 4842 26252688820
269 5111 27536194160
269 5380 24726226967
269 5649 56583913387
269 5918 23140809727
269 6187 22747290828
269 6456 21528527078
269 6725 20927507562
269 6994 20290435954
269 7263 23541119590
269 7532 27659812291
269 7801 21684273460
269 8070 8719794817
269 8339 16085223656
271 271 1038653050592
271 542 259663262648
271 813 173108841765
271 1084 129831631324
271 1355 103865305059
271 1626 57702947255
271 1897 74189503613
271 2168 64915815662
271 2439 57702947255
271 2710 43155813491
271 2981 47211502299
271 3252 35847009343
271 3523 39948194253
271 3794 31605201541
271 4065 31407217698
271 4336 32457907831
271 4607 30548619135
271 4878 25849928631
271 5149 35097765442
271 5420 24306419892
271 5691 16486556358
271 5962 22352780313
271 6233 25887220583
271 6504 21301103817
271 6775 45198680421
271 7046 20191431755
271 7317 23397335149
271 7588 19240284272
271 7859 43063269344
271 8130 31379929115
271 8401 16752468557
277 277 1016155150579
277 554 254038787644
277 831 169359191763
277 1108 127019393822
277 1385 101615515057
277 1662 71230909955
277 1939 80360140526
277 2216 67748293060
277 2493 56453063921
277 2770 60880147552
277 3047 46188870480
277 3324 44980569324
277 3601 53227699681
277 3878 72536029796
277 4155 37261983902
277 4432 63658876471
277 4709 39893302935
277 4986 18817687973
277 5263 37937838785
277 5540 32334211000
277 5817 39961551442
277 6094 43705856239
277 6371 26036402676
277 6648 36783258646
277 6925 42131962550
277 7202 27543209519
277 7479 40274085271
277 7756 26393145025
277 8033 33287387391
277 8310 27538132887
281 281 1001690308578
281 562 250422577144
281 843 166948384763
281 1124 125211288572
281 1405 100169030857
281 1686 55649461587
281 1967 71549307755
281 2248 62605644286
281 2529 59595534903
281 2810 42118971284
281 3091 49896024828
281 3372 52673717161
281 3653 47004970197
281 3934 35436672641
281 4215 25117393693
281 4496 31302822143
281 4777 45146826563
281 5058 53657597225
281 5339 34000208352
281 5620 48065532274
281 5901 23791992799
281 6182 30457000035
281 6463 49912011242
281 6744 41544271699
281 7025 29102547774
281 7306 39487072499
281 7587 34325930032
281 7868 35815638262
281 8149 37234269738
281 8430 32420887291
283 283 994611225125
283 566 248652806281
283 849 165768537520
283 1132 124326403140
283 1415 99461122512
283 1698 55256179173
283 1981 71043658937
283 2264 62163201570
283 2547 55256179173
283 2830 40871922530
283 3113 45209601142
283 3396 79646914102
283 3679 51953701389
283 3962 72022046707
283 4245 30130299905
283 4528 34940708298
283 4811 29253271327
283 5094 26446554627
283 5377 26173979608
283 5660 49077693129
283 5943 45223890513
283 6226 23097695283
283 6509 21621983154
283 6792 36421238428
283 7075 41295261731
283 7358 35766094717
283 7641 22432640509
283 7924 34228216415
283 8207 28075813330
283 8490 30704001245
293 293 960665449524
293 586 240166362381
293 879 160110908254
293 1172 120083181190
293 1465 96066544952
293 1758 53370302751
293 2051 68618960680
293 2344 60041590595
293 2637 53370302751
293 2930 32022181650
293 3223 43666611342
293 3516 41248883559
293 3809 36948671135
293 4102 22872986893
293 4395 21348121100
293 4688 30020795297
293 4981 35353544814
293 5274 31987458221
293 5567 32562535816
293 5860 16011090825
293 6153 29446015232
293 6446 47081206906
293 6739 20884031511
293 7032 13342575687
293 7325 26495175082
293 7618 12316223711
293 7911 17790100917
293 8204 37262645103
293 8497 16563197405
307 307 916856601663
307 614 229214150415
307 921 152809433610
307 1228 114607075207
307 1535 91685660166
307 1842 50936477870
307 2149 65489757261
307 2456 57303537603
307 2763 50936477870
307 3070 61201142404
307 3377 56994927916
307 3684 69675315029
307 3991 42600880178
307 4298 45731097465
307 4605 57064040446
307 4912 53493584477
307 5219 57649188428
307 5526 46728365256
307 5833 35091145656
307 6140 55073139040
307 6447 38454457769
307 6754 35748655001
307 7061 32608375942
307 7368 27622306173
307 7675 29704810451
307 7982 41661065990
307 8289 31266904159
311 311 905064233796
311 622 226266058449
311 933 150844038966
311 1244 113133029224
311 1555 90506423379
311 1866 50281346322
311 2177 64647445271
311 2488 56566514612
311 2799 50281346322
311 3110 38445652859
311 3421 41139283354
311 3732 33417518227
311 4043 34810162838
311 4354 37774112793
311 4665 58191236746
311 4976 35799304385
311 5287 55194747048
311 5598 23844423628
311 5909 27791539488
311 6220 15084403896
311 6531 21450073803
311 6842 20328707331
311 7153 23217296857
311 7464 19185949460
311 7775 34359733034
311 8086 36928029185
311 8397 16760448774
313 313 899281075752
313 626 224820268938
313 939 149880179292
313 1252 112410134469
313 1565 89928107575
313 1878 49960059764
313 2191 64234362553
313 2504 56205067234
313 2817 53985508118
313 3130 45110907420
313 3443 48658153733
313 3756 24980029882
313 4069 38720052347
313 4382 37354497524
313 4695 60405632493
313 5008 35613973732
313 5321 48375211333
313 5634 46431544104
313 5947 34718719009
313 6260 47496250363
313 6573 34060968766
313 6886 33838816808
313 7199 31562105009
313 7512 34829100857
313 7825 38264581838
313 8138 26956733440
313 8451 28567413118
317 317 887933680475
317 634 221983420118
317 951 147988946745
317 1268 110991710059
317 1585 88793368047
317 1902 85215737947
317 2219 99864870538
317 2536 88077783735
317 2853 75640232851
317 3170 67411220977
317 3487 81494694797
317 3804 46985715437
317 4121 38314314800
317 4438 43770313182
317 4755 59662939439
317 5072 43416804911
317 5389 40891770235
317 5706 46075795003
317 6023 40936949925
317 6340 43817826588
317 6657 35320294110
317 6974 38552780402
317 7291 32459368041
317 7608 38110106005
317 7925 33898886951
317 8242 32644307819
331 331 850377573143
331 662 212594393285
331 993 141729595523
331 1324 106297196642
331 1655 85037757314
331 1986 62682526513
331 2317 60741255224
331 2648 53148598321
331 2979 95109562750
331 3310 42716531290
331 3641 75643046360
331 3972 39060927259
331 4303 62803197102
331 4634 59328790567
331 4965 53276129681
331 5296 29882105600
331 5627 47415821971
331 5958 45532321499
331 6289 38398591431
331 6620 40735841402
331 6951 41042435222
331 7282 34939449569
331 7613 30872300834
331 7944 35962329091
331 8275 32106660124
337 337 835237319616
337 674 208809329904
337 1011 139206219936
337 1348 104404664952
337 1685 83523731961
337 2022 85851830784
337 2359 84274411803
337 2696 72842876083
337 3033 70186280358
337 3370 85897215249
337 3707 37965332709
337 4044 52722041954
337 4381 59207687498
337 4718 57355727450
337 5055 25847466656
337 5392 47520062901
337 5729 31885825202
337 6066 38483068873
337 6403 50427124705
337 6740 35527540163
337 7077 47886514109
337 7414 26768862345
337 7751 28039337138
337 8088 31139525325
337 8425 30034385872
347 347 811167079857
347 694 202791769964
347 1041 135194513309
347 1388 101395884982
347 1735 81116707985
347 2082 52148812623
347 2429 57940505704
347 2776 62442143632
347 3123 45064837769
347 3470 41686009067
347 3817 52474539556
347 4164 71864887182
347 4511 63330929688
347 4858 54856761843
347 5205 26053763343
347 5552 29362885363
347 5899 45324945058
347 6246 30133415679
347 6593 36383584182
347 6940 28321641210
347 7287 34606749194
347 7634 27242620749
347 7981 25507088584
347 8328 32997290702
349 349 806518557910
349 698 201629639477
349 1047 134419759651
349 1396 100814819738
349 1745 80651855791
349 2094 61240538226
349 2443 61710535852
349 2792 50407409869
349 3141 44806586550
349 3490 78949929128
349 3839 61004474012
349 4188 66607490817
349 4537 49096594952
349 4886 35299104299
349 5235 59025105694
349 5584 29229153288
349 5933 32094104008
349 6282 42697571544
349 6631 47054992493
349 6980 29385019305
349 7329 34561690661
349 7678 39489890539
349 8027 26916003213
349 8376 30735460095
353 353 797379537423
353 706 199344884355
353 1059 132896589570
353 1412 99672442177
353 1765 79737953742
353 2118 52862599798
353 2471 75685447789
353 2824 99610757190
353 3177 49592705678
353 3530 70867240148
353 3883 44229582363
353 4236 66376904537
353 4589 53576768739
353 4942 54731344271
353 5295 42974980402
353 5648 51146226809
353 6001 42978990319
353 6354 37997774488
353 6707 35399302014
353 7060 29259774827
353 7413 33952249668
353 7766 27260292106
353 8119 28048969878
353 8472 33131876263
359 359 784052859918
359 718 196013214979
359 1077 130675476653
359 1436 98006607489
359 1795 78405285991
359 2154 43558492217
359 2513 56003775708
359 2872 49003303744
359 3231 43558492217
359 3590 26135095330
359 3949 46615960100
359 4308 30007475344
359 4667 34269993845
359 5026 40622312718
359 5385 55419146299
359 5744 31524245141
359 6103 49983694169
359 6462 36792913179
359 6821 20632969997
359 7180 35021935147
359 7539 12445283490
359 7898 25924775324
359 8257 24067220658
367 367 766961789402
367 734 191740447350
367 1101 127826964900
367 1468 95870223675
367 1835 76696178940
367 2202 42608988300
367 2569 68669892264
367 2936 51477099264
367 3303 87416705457
367 3670 47292808950
367 4037 42848017433
367 4404 37283531396
367 4771 29498530361
367 5138 55786692052
367 5505 49915709480
367 5872 45176183783
367 6239 30543817603
367 6606 35930412070
367 6973 36447097829
367 7340 35300015692
367 7707 26819484145
367 8074 30864586802
367 8441 28731607208
373 373 754624602441
373 746 188656150610
373 1119 125770767073
373 1492 106368014064
373 1865 83566582374
373 2238 57063557836
373 2611 111455668647
373 2984 51110110968
373 3357 88282950342
373 3730 61174290630
373 4103 64571366970
373 4476 50304072240
373 4849 29024023170
373 5222 52873350636
373 5595 16769435609
373 5968 38557234674
373 6341 41116130412
373 6714 34459717942
373 7087 33826438600
373 7460 28785320967
373 7833 31982871072
373 8206 31084504383
379 379 742678038814
379 758 185669509703
379 1137 123779673135
379 1516 92834754851
379 1895 74267803881
379 2274 41259891045
379 2653 53048431343
379 3032 46417377425
379 3411 41259891045
379 3790 32984163863
379 4169 44236723002
379 4548 20629945522
379 4927 39043170283
379 5306 17682810447
379 5685 16503956418
379 6064 23208688712
379 6443 21843471729
379 6822 13753297015
379 7201 43817286443
379 7580 12377967313
379 7959 20016769534
379 8338 38195755379
383 383 734921610210
383 766 183730402552
383 1149 122486935035
383 1532 91865201276
383 1915 73492161021
383 2298 48777097649
383 2681 52494400729
383 3064 49906660290
383 3447 51961776296
383 3830 39341229123
383 4213 71493598833
383 4596 27836242958
383 4979 31977092670
383 5362 56278776150
383 5745 16331591338
383 6128 30388221377
383 6511 21615341476
383 6894 21557778752
383 7277 23050919266
383 7660 20196812807
383 8043 26509264500
383 8426 11135175912
389 389 723586058382
389 778 180896514595
389 1167 120597676397
389 1556 90448257297
389 1945 72358605838
389 2334 55112187953
389 2723 103470701355
389 3112 77247104432
389 3501 72222201249
389 3890 24119535279
389 4279 64983099768
389 4668 61106766728
389 5057 35286714258
389 5446 44729198205
389 5835 43511193990
389 6224 45112160260
389 6613 35032422253
389 7002 32696565681
389 7391 40590113182
389 7780 19550976341
389 8169 34059077012
397 397 709004979120
397 794 177251244780
397 1191 118167496520
397 1588 88625622390
397 1985 70900497912
397 2382 51625824136
397 2779 54617272446
397 3176 44312811195
397 3573 39389165506
397 3970 58194111734
397 4367 36201558702
397 4764 54255195183
397 5161 58124811674
397 5558 16881070931
397 5955 35940444136
397 6352 22156405597
397 6749 26971416936
397 7146 41676371285
397 7543 22632085418
397 7940 38151981982
397 8337 30232234922
401 401 701932610251
401 802 175483152562
401 1203 116988768375
401 1604 87741576281
401 2005 111271787500
401 2406 106763267889
401 2807 85795408294
401 3208 43870788140
401 3609 74046431263
401 4010 67279044079
401 4411 54929775871
401 4812 55702676764
401 5213 50269344137
401 5614 58532339242
401 6015 49640895308
401 6416 46016588376
401 6817 35138101664
401 7218 35407612213
401 7619 29796217479
401 8020 37271703711
401 8421 35132629990
409 409 688202877043
409 818 172050719260
409 1227 114700479507
409 1636 86025359630
409 2045 73102156008
409 2454 87546292817
409 2863 101277423881
409 3272 43012679815
409 3681 72486941117
409 4090 62124032509
409 4499 60967154813
409 4908 27680483192
409 5317 30751209728
409 5726 16385782786
409 6135 30039713289
409 6544 40699530128
409 6953 42810577274
409 7362 35206556439
409 7771 31421151091
409 8180 38898125330
419 419 671777987376
419 838 167944496844
419 1257 181186271763
419 1676 139788347110
419 2095 125531019416
419 2514 103775329250
419 2933 68850321319
419 3352 83702468177
419 3771 73312113667
419 4190 58951904650
419 4609 62844317212
419 5028 55115561133
419 5447 49217296017
419 5866 49320491903
419 6285 42797210585
419 6704 42611678601
419 7123 42324123427
419 7542 26934151643
419 7961 38654669095
419 8380 30864188859
421 421 668586643018
421 842 167146660754
421 1263 111431107169
421 1684 91676686111
421 2105 74858172307
421 2526 44565456175
421 2947 59570421414
421 3368 66774176710
421 3789 37143702389
421 4210 60133790347
421 4631 38389809961
421 5052 54120075122
421 5473 54444991086
421 5894 50639277339
421 6315 41601343539
421 6736 28892840600
421 7157 19664313029
421 7578 39026844179
421 7999 29307043703
421 8420 38181410112
431 431 653074191904
431 862 163268547976
431 1293 112667952476
431 1724 93985035953
431 2155 65307419190
431 2586 82898995810
431 3017 92561748501
431 3448 72822864557
431 3879 73025748885
431 4310 66505581672
431 4741 58343276749
431 5172 53053233215
431 5603 52593938409
431 6034 37464957851
431 6465 36825017622
431 6896 39403587042
431 7327 34240713654
431 7758 33808310326
431 8189 38096218916
433 433 650057682934
433 866 162514420733
433 1299 108342947155
433 1732 81257210366
433 2165 65005768293
433 2598 36114315718
433 3031 49930459496
433 3464 80022311860
433 3897 75973035359
433 4330 69918211739
433 4763 29548076497
433 5196 46688211123
433 5629 47962602195
433 6062 44108617143
433 6495 14445726287
433 6928 37869833631
433 7361 43047419951
433 7794 19033640955
433 8227 26879515605
439 439 641173067678
439 878 160293266919
439 1317 106862177946
439 1756 80146633459
439 2195 64117306767
439 2634 35620725982
439 3073 49620330088
439 3512 58878390568
439 3951 35620725982
439 4390 51560829481
439 4829 60467048200
439 5268 51619609439
439 5707 46408917665
439 6146 15266025420
439 6585 42428249680
439 7024 23747535257
439 7463 42753792579
439 7902 36750449755
439 8341 38859779394
443 443 635383694606
443 886 158845923651
443 1329 203342546272
443 1772 154444979104
443 2215 105853128437
443 2658 104956858738
443 3101 91370060742
443 3544 62360811830
443 3987 69554411415
443 4430 61938117784
443 4873 59520890456
443 5316 50465366628
443 5759 50890469013
443 6202 41715145676
443 6645 42878589613
443 7088 38021613046
443 7531 32283870141
443 7974 31737553336
443 8417 39171827374
449 449 626893043899
449 898 156723260974
449 1347 104482173983
449 1796 78361630487
449 2245 62689304389
449 2694 71900161209
449 3143 87887591113
449 3592 79189840819
449 4041 72207915993
449 4490 35599569012
449 4939 55013930673
449 5388 57303510705
449 5837 45793517952
449 6286 41207332245
449 6735 38898944707
449 7184 37244560954
449 7633 18438030702
449 8082 11609130442
457 457 615918986237
457 914 153979746559
457 1371 111066342419
457 1828 76989873279
457 2285 96258734696
457 2742 34217721457
457 3199 55644326030
457 3656 63637603301
457 4113 70229859607
457 4570 54779589466
457 5027 57214872130
457 5484 58116599304
457 5941 44846421783
457 6398 47702098569
457 6855 32701323137
457 7312 37379184099
457 7769 32718809599
457 8226 32484149880
461 461 610574786791
461 922 152643696697
461 1383 101762464465
461 1844 76321848348
461 2305 61057478679
461 2766 40916357204
461 3227 43612484770
461 3688 79841266368
461 4149 37418589346
461 4610 27348028609
461 5071 58447912992
461 5532 16960410744
461 5993 23483645645
461 6454 14537494923
461 6915 20563864311
461 7376 22578229945
461 7837 17958081964
461 8298 11306940496
463 463 607937314709
463 926 151984328677
463 1389 101322885784
463 1852 75992164338
463 2315 60793731470
463 2778 33774295261
463 3241 43424093907
463 3704 37996082169
463 4167 33774295261
463 4630 20264577156
463 5093 27633514304
463 5556 16887147630
463 6019 23382204411
463 6482 14474697969
463 6945 13509718104
463 7408 41862067324
463 7871 17880509256
463 8334 36795652881
467 467 602730142849
467 934 150682535712
467 1401 100455023808
467 1868 91012353351
467 2335 60273014284
467 2802 85885611658
467 3269 86732240267
467 3736 37670633928
467 4203 59685309797
467 4670 41893221477
467 5137 49486279240
467 5604 48972841184
467 6071 44144264004
467 6538 36152934402
467 7005 34069195116
467 7472 34506402459
467 7939 40200886817
467 8406 39657930351
479 479 587630431546
479 958 146907607886
479 1437 97938405257
479 1916 73453803943
479 2395 62709116470
479 2874 69959969123
479 3353 64068202774
479 3832 76679407975
479 4311 43633159244
479 4790 48437096373
479 5269 48637033380
479 5748 55876198103
479 6227 26547243760
479 6706 35965249069
479 7185 27825967670
479 7664 38312165693
479 8143 21229321302
487 487 577977364908
487 974 144494341227
487 1461 112901029242
487 1948 79770386825
487 2435 57797736490
487 2922 96335602325
487 3409 41284097493
487 3896 73334424479
487 4383 32109853606
487 4870 57738325193
487 5357 26271698404
487 5844 31101359227
487 6331 42536274537
487 6818 39188825106
487 7305 38465315808
487 7792 37724275037
487 8279 30848959685
491 491 573268791671
491 982 143317197917
491 1473 95544798611
491 1964 71658598958
491 2455 57326879167
491 2946 31848266203
491 3437 40947770833
491 3928 35829299479
491 4419 31848266203
491 4910 19108959722
491 5401 56062785112
491 5892 15924133101
491 6383 22048799679
491 6874 13649256944
491 7365 12739306481
491 7856 17914649739
491 8347 36748668903
499 499 564078109640
499 998 141019527410
499 1497 94013018273
499 1996 70509763705
499 2495 78659983745
499 2994 45660884137
499 3493 83861160384
499 3992 53727711924
499 4491 42648897139
499 4990 55042311886
499 5489 47111005138
499 5988 55452282766
499 6487 46085902921
499 6986 48040462504
499 7485 33990774819
499 7984 28938665308
499 8483 28702482358
503 503 559592399027
503 1006 139898099756
503 1509 97211473153
503 2012 73256856318
503 2515 55959239902
503 3018 31088466612
503 3521 46906337004
503 4024 42228404695
503 4527 65066623592
503 5030 58321201705
503 5533 39625349253
503 6036 22159846186
503 6539 45067722339
503 7042 45423553818
503 7545 26943146157
503 8048 31676593585
509 509 552996024971
509 1018 138249006242
509 1527 92166004161
509 2036 69124503121
509 2545 55299602497
509 3054 37597368391
509 3563 39499716069
509 4072 34562251560
509 4581 34159684889
509 5090 18433200832
509 5599 25136182953
509 6108 22236367697
509 6617 44338739287
509 7126 45403644619
509 7635 44727598378
509 8144 40480664246
521 521 540259072381
521 1042 142416335203
521 1563 90043178730
521 2084 67532384047
521 2605 54025907238
521 3126 99209031265
521 3647 38589933741
521 4168 68218788842
521 4689 30014392910
521 5210 18008635746
521 5731 31908797670
521 6252 15007196455
521 6773 20779195091
521 7294 27566445463
521 7815 38582597122
521 8336 24234663119
523 523 538193072104
523 1046 134548268026
523 1569 89698845350
523 2092 134374146467
523 2615 109641691161
523 3138 87429732534
523 3661 75598938604
523 4184 33637067006
523 4707 48624579205
523 5230 55168108598
523 5753 43188285548
523 6276 47553121718
523 6799 39064812915
523 7322 47309352079
523 7845 31825482974
523 8368 34302628651
541 541 520286463420
541 1082 130071615855
541 1623 173333029763
541 2164 129978880687
541 2705 52028646342
541 3246 86621190158
541 3787 41022426328
541 4328 32517903963
541 4869 32763911036
541 5410 52091746718
541 5951 23649384700
541 6492 43148116679
541 7033 43154359083
541 7574 20105987964
541 8115 34576996834
547 547 514579482103
547 1094 128644870525
547 1641 85763247017
547 2188 64322435262
547 2735 102909351765
547 3282 85632726711
547 3829 40253445151
547 4376 66353499082
547 4923 32085516863
547 5470 51420568917
547 6017 23389976459
547 6564 21289410218
547 7111 19791518542
547 7658 19247428147
547 8205 34224807336
557 557 505341071293
557 1114 126335267823
557 1671 168433955162
557 2228 126385616426
557 2785 50534107129
557 3342 84003417354
557 3899 36095790806
557 4456 31583816955
557 5013 28074503960
557 5570 50550755563
557 6127 22970048695
557 6684 42125505042
557 7241 19436195049
557 7798 44391060054
557 8355 33786595140
563 563 499955553660
563 1126 208516902951
563 1689 142990649751
563 2252 121114467656
563 2815 54232303918
563 3378 84594220991
563 3941 39947859527
563 4504 66862421736
563 5067 59069157837
563 5630 44232137894
563 6193 49443077929
563 6756 31886710071
563 7319 41985466318
563 7882 11903703658
563 8445 40331785779
569 569 494683614605
569 1138 127975849987
569 1707 82447269100
569 2276 123666752116
569 2845 68723773523
569 3414 82467423526
569 3983 54589955963
569 4552 30917725912
569 5121 46737835096
569 5690 25099346492
569 6259 26790565181
569 6828 41110181871
569 7397 43044956050
569 7966 39190832608
571 571 492950922435
571 1142 123237730608
571 1713 86132546724
571 2284 65329742197
571 2855 49295092243
571 3426 87340415213
571 3997 42895716718
571 4568 64760618732
571 5139 27386162357
571 5710 16431697414
571 6281 22406860110
571 6852 21114834964
571 7423 26644587407
571 7994 11736926724
577 577 487824916309
577 1154 121956229077
577 1731 81304152718
577 2308 60978114538
577 2885 94130682933
577 3462 27101384239
577 4039 34844636879
577 4616 61851573503
577 5193 57319606038
577 5770 57669156872
577 6347 49176308605
577 6924 33200187540
577 7501 39703429094
577 8078 32065982747
587 587 479514440733
587 1174 123420597610
587 1761 79919073455
587 2348 63247111531
587 2935 97555480566
587 3522 33723666005
587 4109 34251031480
587 4696 29969652545
587 5283 30181678578
587 5870 48620985054
587 6457 48685585536
587 7044 47624131257
587 7631 21750669545
587 8218 25116598227
593 593 474662692598
593 1186 118665673149
593 1779 79110448766
593 2372 62830604432
593 2965 47466269259
593 3558 39609195220
593 4151 44021768716
593 4744 39783708961
593 5337 53942908223
593 5930 49934704641
593 6523 44887447174
593 7116 26424120426
593 7709 18256257407
593 8302 38790674816
599 599 469908141420
599 1198 117477035355
599 1797 89766523065
599 2396 69788083655
599 2995 69488879615
599 3594 48205139812
599 4193 68351248224
599 4792 60041525200
599 5391 56685204547
599 5990 54646167252
599 6589 21359460973
599 7188 35950002918
599 7787 18073390054
599 8386 11188289081
601 601 468344387205
601 1202 117086096801
601 1803 78057397867
601 2404 88407165325
601 3005 46834438720
601 3606 81173474318
601 4207 33453170514
601 4808 54519669562
601 5409 53983209755
601 6010 55057196920
601 6611 21288381236
601 7212 19319728595
601 7813 38200960347
601 8414 30691440328
607 607 463714953394
607 1214 231725724377
607 1821 154626893217
607 2428 115886469150
607 3035 92802279044
607 3642 77371563934
607 4249 66268279220
607 4856 57961240960
607 5463 51705872070
607 6070 46362463629
607 6677 41468879293
607 7284 38774871686
607 7891 36053716246
613 613 459176144715
613 1226 114794036178
613 1839 76529357452
613 2452 57397018089
613 3065 45917614471
613 3678 25509785817
613 4291 32798296051
613 4904 58916730843
613 5517 25509785817
613 6130 15305871490
613 6743 20871642941
613 7356 12754892908
613 7969 17660620950
617 617 456199313955
617 1234 114049828488
617 1851 76033218992
617 2468 57024914244
617 3085 45619931395
617 3702 25344406330
617 4319 66301654939
617 4936 28512457122
617 5553 25344406330
617 6170 15206643798
617 6787 20736332452
617 7404 12672203165
617 8021 40410153699
619 619 454725325865
619 1238 113681331466
619 1857 119616886001
619 2476 84930407276
619 3095 91850145230
619 3714 78343176765
619 4333 63224497540
619 4952 28420332866
619 5571 51802847434
619 6190 47394583458
619 6809 39879240905
619 7428 35040138119
619 8047 17489435610
631 631 446077617608
631 1262 111519404402
631 1893 74346269601
631 2524 55759702201
631 3155 51413336058
631 3786 79555504173
631 4417 66693235299
631 5048 58098072899
631 5679 24782089867
631 6310 28480402516
631 6941 27081829643
631 7572 26002193529
631 8203 23962405744
641 641 439118528409
641 1282 223962030720
641 1923 146457396242
641 2564 109884928592
641 3205 90732803629
641 3846 73110679245
641 4487 66248264862
641 5128 57663129824
641 5769 42664150293
641 6410 46051927440
641 7051 38228609602
641 7692 36514369688
641 8333 36651029133
643 643 437752685397
643 1286 109438171349
643 1929 72958780899
643 2572 54719085674
643 3215 88953378591
643 3858 24319593633
643 4501 64984038613
643 5144 27359542837
643 5787 24319593633
643 6430 14591756179
643 7073 19897849336
643 7716 12159796816
647 647 435046331855
647 1294 217568241414
647 1941 145148368475
647 2588 108831246343
647 3235 43504633185
647 3882 72602184531
647 4529 31074737989
647 5176 57408617539
647 5823 24169240658
647 6470 14501544395
647 7117 42638859506
647 7764 36270499673
647 8411 36288771025
653 653 431048968929
653 1306 107762242232
653 1959 71841494821
653 2612 107672303852
653 3265 43104896892
653 3918 71718686815
653 4571 64505201723
653 5224 57158782357
653 5877 23947164940
653 6530 46605371560
653 7183 19593134951
653 7836 35867994560
653 8489 16578806497
659 1318 213568863090
659 1977 142420232221
659 2636 106754624362
659 3295 42712439561
659 3954 71338405595
659 4613 30508885401
659 5272 56700387489
659 6590 14237479853
659 7249 19414745255
659 7908 35645533403
661 661 425832037383
661 1322 213007728458
661 1983 141973244743
661 2644 106435490010
661 3305 87761313790
661 3966 70952032096
661 5288 26614502336
661 5949 23657335410
661 6610 14194401246
661 7271 42220027939
661 7932 35371473999
673 673 418239192735
673 1346 104559798183
673 2019 69706532122
673 2692 52279899091
673 3365 87002029325
673 4038 23235510707
673 4711 64038523167
673 5384 26139949545
673 6057 49742855613
673 6730 46178379020
673 7403 19010872397
673 8076 11617755353
677 677 415768060133
677 1354 103942015033
677 2031 69294676688
677 2708 51971007516
677 3385 41576806013
677 4062 23098225562
677 4739 63890000031
677 5416 56466908316
677 6093 23098225562
677 7447 18898548187
677 8124 11549112781
683 1366 206058940775
683 2049 137440875736
683 2732 102958883212
683 4098 68599395900
683 4781 29436830862
683 5464 25757227005
683 7513 18732528730
683 8196 34469601139
691 691 407344394660
691 1382 106087558535
691 2073 135780423598
691 2764 101766143067
691 3455 44985899336
691 4146 31133163887
691 4837 33347488060
691 5528 25459024666
691 6219 49067802028
691 6910 45540528580
691 7601 42166688204
691 8292 34047008029
701 701 401533490314
701 1402 200660824768
701 2103 133679410697
701 2804 100386969075
701 3505 40153349031
701 4206 67000071971
701 4907 58899185392
701 6309 49030549881
701 7711 18251522287
701 8412 33510759518
709 4254 22055710445
709 4963 28357342001
709 6381 22055710445
709 7799 18045581273
719 719 391481191530
719 1438 97870297882
719 2157 65246865255
719 3595 39148119153
719 4314 35794141623
719 5033 34985535521
719 5752 24467574470
719 6471 44731474580
719 7190 27094559589
719 7909 37133800444
727 727 387173282958
727 2181 64528880493
727 2908 48396660369
727 3635 38717328295
727 4362 67237679311
727 5816 24198330184
727 6543 21509626831
727 7270 45142848694
727 7997 37025128327
733 733 384004060996
733 1466 96001015249
733 2199 64000676832
733 2932 48000507624
733 3665 80036528724
733 4398 21333558944
733 5131 27428861499
733 5864 24000253812
733 6597 44197585184
733 7330 12800135366
733 8063 36881072783
739 739 380886301367
739 2956 47610787670
739 3695 38088630136
739 4434 21160350075
739 5173 27206164383
743 2972 47354471182
743 3715 37883576946
743 4458 21046431636
743 5201 27059697818
743 5944 23677235591
751 751 374800235300
751 1502 187503210651
751 2253 124862765356
751 3004 46850029412
751 4506 62345154284
751 6008 23425014706
751 6759 20822235294
751 7510 12493341176
757 757 371829559723
757 1514 92957389930
757 2271 127061220569
757 3785 37182955972
757 4542 20657197762
757 5299 57040658823
757 6056 23239347482
757 6813 20657197762
757 7570 46212291220
761 761 369875133653
761 1522 92468783413
761 2283 61645855608
761 3044 46234391706
761 3805 36987513365
761 4566 20548618536
761 5327 26419652403
761 6088 23117195853
761 6849 43412644776
761 7610 44692210843
769 769 366027277907
769 1538 184264730311
769 2307 61004546317
769 3845 74292777099
769 4614 66062901252
769 5383 26144805564
769 6152 22876704869
769 6921 20334848772
769 7690 37814549107
769 8459 16637603541
773 773 364133216960
773 1546 91033304240
773 2319 60688869493
773 3865 36413321696
773 4638 20229623164
773 5411 26009515497
773 6957 20229623164
787 787 357655624791
787 1574 178880685067
787 2361 119296083631
787 3148 44706953098
787 3935 35765562479
787 4722 59704085234
787 6296 22353476549
787 7083 19869756932
809 809 347929513857
809 2427 57988252309
809 3236 43491189232
809 4045 34792951385
809 5663 24852108132
811 811 347071487929
811 1622 86767871982
811 2433 118988801954
811 3244 43383935991
811 4055 72397198101
811 4866 19281749329
811 5677 51298165472
811 6488 21691967995
811 7299 19281749329
811 8110 11569049597
821 821 342844064202
821 1642 171393373921
821 2463 114190603161
821 3284 42855508025
821 4926 56982911437
821 5747 24488861728
821 6568 21427754012
821 7389 19046892455
823 823 342010907303
823 1646 170926442067
823 2469 114069877890
823 3292 42751363412
823 4115 34201090730
823 4938 56910358800
823 6584 21375681706
823 7407 19000605961
823 8230 11400363576
827 3308 42544585355
827 4135 34035668284
827 4962 18908704602
827 5789 24311191631
827 6616 21272292677
827 8270 11345222761
863 863 326158721565
863 2589 54359786927
863 6041 23297051540
863 6904 20384920097
863 7767 18119928975
877 877 320952082908
877 1754 80238020727
877 2631 53492013818
877 4385 32095208290
877 5262 17830671272
877 7016 20059505181
877 7893 17830671272
883 2649 53128534675
883 3532 39846401006
883 4415 31877120805
883 6181 22769372003
883 7064 19923200503
887 3548 39666710359
887 4435 31733368287
887 6209 22666691633
887 7983 17629649048
907 907 310336247751
907 1814 77584061937
907 2721 51722707958
907 3628 38792030968
907 4535 31033624775
907 7256 19396015484
907 8163 17240902652
953 1906 73839185915
953 4765 29535674366
953 5718 16408707981
953 6671 21096910261
953 7624 18459796478
1019 1019 276226669981
1019 2038 69056667495
1019 3057 46037778330
1019 4076 34528333747
1019 5095 27622666998
1019 7133 19730476427
