# A101877 lower-bound certificate: n K F  then lines  p x lambda  (sum over p of lambda <= floor(2^F/x))
9 8496 48
2 2 140737488355328
2 4 70368744177664
2 6 23456248059221
2 8 35184372088832
2 10 14073748835533
2 12 11728124029611
2 14 10052677739666
2 16 17592186044416
2 18 7818749353074
2 20 7036874417766
2 22 6397158561606
2 24 5864062014805
2 26 5412980321359
2 28 5026338869833
2 30 3127499741230
2 32 8796093022208
2 34 4139337892804
2 36 3909374676537
2 38 3703618114614
2 40 3518437208883
2 42 2233928386593
2 44 3198579280803
2 46 3059510616420
2 48 2932031007403
2 50 2814749767107
2 52 2706490160679
2 54 2606249784358
2 56 2513169434917
2 58 2426508419919
2 60 1563749870616
2 62 2269959489602
2 64 4398046511104
2 66 1421590791469
2 68 2069668946402
2 70 1340357031956
2 72 1954687338268
2 74 1901857950748
2 76 1851809057307
2 78 1202884515858
2 80 1759218604442
2 82 1716310833602
2 84 1116964193296
2 86 1636482422736
2 88 1599289640401
2 90 1042499913743
2 92 1529755308210
2 94 1497207322929
2 96 1466015503701
2 98 1436096819952
2 100 1407374883553
2 102 919852865068
2 104 1353245080340
2 106 1327712154296
2 108 1303124892179
2 110 852954474882
2 112 1256584717458
2 114 823026247693
2 116 1213254209960
2 118 1192690579282
2 120 781874935308
2 122 1153585970126
2 124 1134979744801
2 126 744642795532
2 128 2199023255552
2 130 721730709515
2 132 710795395735
2 134 1050279763846
2 136 1034834473201
2 138 679891248094
2 140 670178515979
2 142 991109072925
2 144 977343669134
2 146 963955399694
2 148 950928975374
2 150 625499948247
2 152 925904528653
2 154 609253196344
2 156 601442257930
2 158 890743597186
2 160 879609302221
2 162 868749928119
2 164 858155416801
2 166 847816194912
2 168 558482096648
2 170 551911719041
2 172 818241211368
2 174 539224093316
2 176 799644820201
2 178 790660046940
2 180 521249956872
2 182 515521935368
2 184 764877654105
2 186 504435442135
2 188 748603661465
2 190 493815748615
2 192 733007751851
2 194 725450970904
2 196 718048409976
2 198 473863597157
2 200 703687441777
2 202 696720239383
2 204 459926432535
2 206 683191691045
2 208 676622540170
2 210 335089257991
2 212 663856077148
2 214 657651814745
2 216 651562446089
2 218 645584808969
2 220 426477237441
2 222 422635100166
2 224 628292358729
2 226 622732249360
2 228 411513123847
2 230 407934748856
2 232 606627104980
2 234 400961505287
2 236 596345289641
2 238 394222656458
2 240 390937467655
2 242 581559869237
2 244 576792985063
2 246 381402407467
2 248 567489872401
2 250 562949953421
2 252 372321397766
2 254 554084599824
2 256 1099511627776
2 258 363662760608
2 260 360865354757
2 262 537165986089
2 264 355397697868
2 266 352725534725
2 268 525139881923
2 270 347499971249
2 272 517417236600
2 274 513640468450
2 276 339945624048
2 278 506249958113
2 280 335089257990
2 282 332712738430
2 284 495554536462
2 286 328059413417
2 288 488671834567
2 290 323534455989
2 292 481977699847
2 294 319132626656
2 296 475464487687
2 298 472273450857
2 300 312749974124
2 302 466018173362
2 304 462952264327
2 306 306617621689
2 308 304626598173
2 310 302661265280
2 312 300721128965
2 314 448208561641
2 316 445371798593
2 318 295047145399
2 320 439804651110
2 322 291381963469
2 324 434374964060
2 326 431710086980
2 328 429077708400
2 330 213238618720
2 332 423908097456
2 334 421369725615
2 336 279241048324
2 338 416383101643
2 340 275955859520
2 342 274342082565
2 344 409120605684
2 346 406755746692
2 348 269612046659
2 350 268071406391
2 352 399822410100
2 354 265042350952
2 356 395330023470
2 358 393121475853
2 360 260624978437
2 362 388777592142
2 364 257760967685
2 366 256352437807
2 368 382438827053
2 370 253581060101
2 372 252217721068
2 374 250868963200
2 376 374301830732
2 378 248214265178
2 380 246907874308
2 382 368422744386
2 384 366503875925
2 386 364604892112
2 388 362725485452
2 390 180432677380
2 392 359024204988
2 394 357201747095
2 396 236931798579
2 398 353611779787
2 400 351843720888
2 402 233395503078
2 404 348360119691
2 406 231096039992
2 408 229963216268
2 410 228841444480
2 412 341595845523
2 414 226630416031
2 416 338311270085
2 418 224461703917
2 420 167544628995
2 422 333501157240
2 424 331928038574
2 426 220246460651
2 428 328825907372
2 430 218197656366
2 432 325781223045
2 434 216186618058
2 436 322792404485
2 438 214212311043
2 440 213238618720
2 442 212273738093
2 444 211317550083
2 446 315554906626
2 448 314146179365
2 450 208499982749
2 452 311366124680
2 454 309994467743
2 456 205756561924
2 458 307287092479
2 460 203967374428
2 462 152313299088
2 464 303313552490
2 466 302011777587
2 468 200480752644
2 470 199627643057
2 472 298172644821
2 474 197943021598
2 476 197111328230
2 478 294429891957
2 480 195468733828
2 482 291986490364
2 484 290779934618
2 486 289583309373
2 488 288396492531
2 490 191479575994
2 492 190701203734
2 494 189929134084
2 496 283744936200
2 498 188403598869
2 500 281474976711
2 502 280353562461
2 504 186160698884
2 506 185424885844
2 508 277042299912
2 510 137977929760
2 512 549755813888
2 514 273808343104
2 516 181831380304
2 518 181129328643
2 520 180432677379
2 522 179741364439
2 524 268582993045
2 526 267561764934
2 528 177698848934
2 530 177028287240
2 532 176362767363
2 534 175702232654
2 536 262569940961
2 538 261593844527
2 540 173749985625
2 542 259663262648
2 544 258708618300
2 546 128880483844
2 548 256820234225
2 550 170590894976
2 552 169972812024
2 554 254038787645
2 556 253124979056
2 558 168145147379
2 560 167544628995
2 562 250422577145
2 564 166356369215
2 566 248652806281
2 568 247777268231
2 570 123453937156
2 572 164029706709
2 574 163458174630
2 576 244335917284
2 578 243490464283
2 580 161767227995
2 582 161211326868
2 584 240988849924
2 586 240166362381
2 588 159566313328
2 590 159025410572
2 592 237732243843
2 594 157954532385
2 596 236136725428
2 598 156897980329
2 600 156374987062
2 602 155855468832
2 604 233009086681
2 606 154826719864
2 608 231476132163
2 610 153811462684
2 612 153308810845
2 614 229214150416
2 616 152313299087
2 618 151820375789
2 620 151330632640
2 622 226266058449
2 624 150360564482
2 626 224820268938
2 628 224104280821
2 630 111696419331
2 632 222685899296
2 634 221983420119
2 636 147523572700
2 638 147061116360
2 640 219902325555
2 642 146144847721
2 644 145690981734
2 646 145239926063
2 648 217187482030
2 650 144346141904
2 652 215855043490
2 654 143463290882
2 656 214538854200
2 658 142591173612
2 660 106619309360
2 662 212594393286
2 664 211954048728
2 666 140878366722
2 668 210684862807
2 670 140037301846
2 672 139620524162
2 674 208809329904
2 676 208191550821
2 678 138384944302
2 680 137977929760
2 682 137573302400
2 684 137171041283
2 686 205156688565
2 688 204560302842
2 690 101983687214
2 692 203377873346
2 694 202791769964
2 696 134806023330
2 698 201629639478
2 700 134035703196
2 702 133653835095
2 704 199911205050
2 706 199344884356
2 708 132521175477
2 710 132147876391
2 712 197665011735
2 714 98555664115
2 716 196560737926
2 718 196013214980
2 720 130312489219
2 722 194927269190
2 724 194388796071
2 726 129235526497
2 728 128880483843
2 730 128527386627
2 732 128176218904
2 734 191740447351
2 736 191219413526
2 738 127134135823
2 740 126790530051
2 742 126448776600
2 744 126108860534
2 746 188656150610
2 748 125434481600
2 750 125099989649
2 752 187150915366
2 754 124436329227
2 756 124107132589
2 758 185669509704
2 760 123453937155
2 762 123129911072
2 764 184211372193
2 766 183730402553
2 768 183251937963
2 770 91387979453
2 772 182302446056
2 774 121220920204
2 776 181362742726
2 778 180896514596
2 780 90216338690
2 782 119980808487
2 784 179512102494
2 786 119370219132
2 788 178600873547
2 790 118765812958
2 792 118465899290
2 794 177251244780
2 796 176805889894
2 798 88181383682
2 800 175921860444
2 802 175483152563
2 804 116697751539
2 806 116408178955
2 808 174180059846
2 810 115833323749
2 812 115548019996
2 814 115264118227
2 816 114981608134
2 818 172050719261
2 820 114420722240
2 822 114142326322
2 824 170797922761
2 826 113589578979
2 828 113315208016
2 830 113042159322
2 832 169155635042
2 834 112499990693
2 836 112230851959
2 838 167944496844
2 840 83772314497
2 842 167146660755
2 844 166750578620
2 846 110904246144
2 848 165964019287
2 850 110382343808
2 852 110123230326
2 854 109865330488
2 856 164412953686
2 858 82014853356
2 860 109098828183
2 862 163268547976
2 864 162890611522
2 866 162514420734
2 868 108093309030
2 870 80883613998
2 872 161396202242
2 874 107351249700
2 876 107106155522
2 878 160293266920
2 880 106619309360
2 882 106377542220
2 884 106136869046
2 886 158845923652
2 888 105658775042
2 890 105421339592
2 892 157777453313
2 894 104949655747
2 896 157073089682
2 898 156723260975
2 900 104249991374
2 902 104018838400
2 904 155683062340
2 906 103559594081
2 908 154997233872
2 910 77328290305
2 912 102878280962
2 914 153979746559
2 916 153643546239
2 918 102205873897
2 920 101983687214
2 922 152643696698
2 924 76156649545
2 926 151984328677
2 928 151656776245
2 930 75665316320
2 932 151005888793
2 934 150682535712
2 936 100240376322
2 938 100026644177
2 940 99813821529
2 942 99601902588
2 944 149086322410
2 946 99180752893
2 948 98971510799
2 950 98763149723
2 952 98555664115
2 954 98349048467
2 956 147214945978
2 958 146907607887
2 960 97734366914
2 962 97531176962
2 964 145993245182
2 966 72845490867
2 968 145389967309
2 970 96726796121
2 972 144791654687
2 974 144494341227
2 976 144198246266
2 978 95935574885
2 980 95739787998
2 982 143317197918
2 984 95350601868
2 986 95157192938
2 988 94964567042
2 990 71079539574
2 992 141872468100
2 994 94391340279
2 996 94201799435
2 998 141019527410
2 1000 140737488355
2 1002 93637716803
2 1004 140176781230
2 1006 139898099757
2 1008 93080349442
2 1010 92896031919
2 1012 92712442923
2 1014 92529578144
2 1016 138521149956
2 1018 138249006243
2 1020 68988964880
2 1022 91805276162
2 1024 274877906944
2 1026 91447360855
2 1028 136904171552
2 1030 91092225474
2 1032 90915690152
2 1034 90739837753
2 1036 90564664321
2 1038 90390165932
2 1040 90216338689
2 1042 132007988399
2 1044 89870682219
2 1046 134548268026
2 1048 134291496522
2 1050 67017851600
2 1052 133780882467
2 1054 89018019200
2 1056 88849424468
2 1058 133022200714
2 1060 88514143621
2 1062 88347450317
2 1064 88181383681
2 1066 88015940186
2 1068 87851116328
2 1070 87686908633
2 1072 131284970481
2 1074 87360327967
2 1076 130796922263
2 1078 87036170906
2 1080 86874992813
2 1082 130071615855
2 1084 129831631324
2 1086 86395020477
2 1088 129354309150
2 1090 86077974529
2 1092 64440241923
2 1094 128644870526
2 1096 128410117113
2 1098 85450812603
2 1100 85295447488
2 1102 85140646314
2 1104 84986406013
2 1106 84832723542
2 1108 127019393822
2 1110 63395265027
2 1112 126562489528
2 1114 126335267823
2 1116 84072573690
2 1118 83922175526
2 1120 83772314497
2 1122 62717240800
2 1124 125211288572
2 1126 56203227651
2 1128 83178184607
2 1130 83030966581
2 1132 124326403141
2 1134 82738088392
2 1136 123888634116
2 1138 123670903651
2 1140 61726968579
2 1142 123237730609
2 1144 82014853355
2 1146 81871720975
2 1148 81729087315
2 1150 81586949771
2 1152 122167958642
2 1154 121956229077
2 1156 121745232141
2 1158 81023309358
2 1160 80883613997
2 1162 80744399516
2 1164 80605663435
2 1166 80467403291
2 1168 120494424962
2 1170 60144225795
2 1172 120083181191
2 1174 117617739711
2 1176 79783156664
2 1178 79647701390
2 1180 79512705286
2 1182 79378166021
2 1184 118866121922
2 1186 118665673150
2 1188 78977266193
2 1190 59133398470
2 1192 118068362714
2 1194 78580395508
2 1196 78448990165
2 1198 117477035355
2 1200 78187493532
2 1202 117086096801
2 1204 77927734416
2 1206 77798501026
2 1208 116504543341
2 1210 77541315898
2 1212 77413359932
2 1214 7262985849
2 1216 115738066082
2 1218 57774009998
2 1220 76905731343
2 1222 76779862714
2 1224 76654405422
2 1226 114794036179
2 1228 114607075208
2 1230 57210361120
2 1232 76156649544
2 1234 114049828489
2 1236 75910187895
2 1238 113681331466
2 1240 75665316320
2 1242 75543472011
2 1244 113133029225
2 1246 75300956852
2 1248 75180282241
2 1250 112589990684
2 1252 112410134469
2 1254 56115425981
2 1256 112052140410
2 1258 74582664735
2 1260 55848209667
2 1262 111519404402
2 1264 111342949648
2 1266 74111368276
2 1268 110991710059
2 1270 73877946643
2 1272 73761786351
2 1274 73645990768
2 1276 73530558180
2 1278 73415486883
2 1280 109951162778
2 1282 -520223568
2 1284 73072423861
2 1286 109438171349
2 1288 72845490867
2 1290 54549414091
2 1292 72619963032
2 1294 13028351
2 1296 108593741015
2 1298 72284277532
2 1300 72173070952
2 1302 54046654515
2 1304 107927521745
2 1306 107762242232
2 1308 71731645441
2 1310 71622131479
2 1312 107269427100
2 1314 71404103681
2 1316 71295586806
2 1318 5186737
2 1320 53309654680
2 1322 -15272432
2 1324 106297196643
2 1326 53068434523
2 1328 105977024364
2 1330 52908830211
2 1332 70439183361
2 1334 70333577390
2 1336 105342431404
2 1338 70123312584
2 1340 70018650923
2 1342 69914301221
2 1344 69810262081
2 1346 104559798184
2 1348 104404664952
2 1350 69499994250
2 1352 104095775411
2 1354 103942015033
2 1356 69192472151
2 1358 69090568658
2 1360 68988964880
2 1362 68887659499
2 1364 68786651200
2 1366 23642491
2 1368 68585520642
2 1370 68485395794
2 1372 102578344282
2 1374 68286020552
2 1376 102280151421
2 1378 68087802785
2 1380 50991843607
2 1382 101836098665
2 1384 101688936673
2 1386 50771099696
2 1388 101395884982
2 1390 67499994415
2 1392 67403011665
2 1394 67306307200
2 1396 100814819739
2 1398 67113728353
2 1400 67017851599
2 1402 -219072899
2 1404 66826917548
2 1406 66731857922
2 1408 99955602525
2 1410 49906910765
2 1412 99672442178
2 1414 66354308513
2 1416 66260587739
2 1420 66073938196
2 1422 65981007200
2 1424 98832505868
2 1426 65795927236
2 1428 49277832057
2 1430 49208912013
2 1432 98280368963
2 1434 65428864879
2 1436 98006607490
2 1438 97870297883
2 1440 65156244610
2 1442 65065875338
2 1444 97463634595
2 1446 64885886748
2 1448 97194398035
2 1450 64706891199
2 1452 64617763249
2 1456 64440241922
2 1458 96527769791
2 1460 64263693314
2 1462 64175781285
2 1464 64088109452
2 1466 96001015249
2 1468 95870223675
2 1470 47869893999
2 1472 95609706763
2 1474 63653319022
2 1476 63567067911
2 1480 63395265026
2 1482 47482283522
2 1484 63224388301
2 1488 63054430268
2 1490 62969793448
2 1492 86525194065
2 1494 62801199623
2 1496 62717240800
2 1498 62633506166
2 1500 62549994825
2 1502 16090576
2 1504 93575457683
2 1506 62300791659
2 1508 62218164613
2 1510 62135756448
2 1512 62053566294
2 1514 92957389931
2 1516 92834754852
2 1518 46356221463
2 1520 61726968578
2 1522 92468783413
2 1524 61564955536
2 1526 61484267522
2 1528 92105686096
2 1530 45992643254
2 1532 91865201276
2 1534 61163619451
2 1536 91625968981
2 1538 -208471951
2 1540 45693989728
2 1542 60846298468
2 1544 91151223028
2 1546 91033304240
2 1548 60610460102
2 1550 60532253056
2 1552 90681371363
2 1554 45282332162
2 1556 90448257298
2 1558 60221432759
2 1560 45108169346
2 1562 60067216542
2 1564 59990404244
2 1566 59913788146
2 1568 89756051247
2 1570 59761141552
2 1572 59685109566
2 1574 -89146299
2 1576 89300436774
2 1578 59458169986
2 1580 59382906479
2 1582 59307833273
2 1584 59232949645
2 1586 59158254878
2 1588 88625622390
2 1590 44257071812
2 1592 88402944947
2 1596 44090691842
2 1598 58714012665
2 1600 87960930222
2 1602 58567410885
2 1604 87741576281
2 1606 58421539376
2 1608 58348875769
2 1610 43707294521
2 1612 58204089478
2 1614 58131965451
2 1616 87090029923
2 1620 57916661875
2 1622 86767871982
2 1624 57774009998
2 1626 57702947255
2 1628 57632059114
2 1630 57561344931
2 1632 57490804068
2 1634 57420435886
2 1636 86025359630
2 1638 42960161282
2 1640 57210361120
2 1642 -332450794
2 1644 57071163161
2 1646 92217183
2 1648 85398961381
2 1650 42647723744
2 1652 56794789490
2 1656 56657604009
2 1660 56521079662
2 1662 50668713856
2 1664 84577817521
2 1666 56317522351
2 1668 56249995347
2 1670 56182630083
2 1672 56115425980
2 1674 56048382459
2 1676 47396808956
2 1680 41886157250
2 1682 83672704135
2 1684 79406006231
2 1686 55649461589
2 1688 83375289310
2 1690 55517746887
2 1692 55452123072
2 1694 55386654213
2 1696 82982009643
2 1698 55256179174
2 1700 55191171904
2 1702 55126317414
2 1704 55061615163
2 1708 54932665244
2 1710 41151312386
2 1712 82206476843
2 1716 41007426679
2 1720 54549414091
2 1722 40864543657
2 1724 75944342182
2 1728 81445305761
2 1730 54234099560
2 1732 81257210367
2 1734 54108992064
2 1736 54046654515
2 1738 53984460436
2 1740 40441807000
2 1742 53860500710
2 1744 80698101121
2 1746 53737108957
2 1748 53675624850
2 1750 53614281278
2 1752 53553077762
2 1754 80238020727
2 1756 80146633460
2 1758 53370302752
2 1760 53309654680
2 1764 53188771110
2 1768 53068434523
2 1770 39756352644
2 1772 25438309778
2 1776 52829387522
2 1778 52769961888
2 1780 52710669796
2 1782 52651510795
2 1784 78888726657
2 1786 52533590278
2 1788 52474827874
2 1790 52416196781
2 1792 78536544841
2 1794 39224495083
2 1796 78361630487
2 1798 52182976773
2 1800 52124995687
2 1802 52067143307
2 1804 52009419200
2 1806 38963867208
2 1808 77841531170
2 1810 51837012286
2 1812 51779797040
2 1814 77584061938
2 1816 77498616936
2 1818 51608906622
2 1820 38664145154
2 1824 51439140482
2 1826 51382799692
2 1828 76989873280
2 1830 38452865673
2 1832 76821773120
2 1834 51158665343
2 1836 51102936948
2 1840 50991843607
2 1842 50936477870
2 1844 76321848349
2 1846 50826106305
2 1848 38078324772
2 1850 50716212021
2 1852 75992164339
2 1854 50606791929
2 1856 75828388122
2 1860 37832658160
2 1862 50389362104
2 1864 75502944397
2 1866 50281346322
2 1868 65063121823
2 1870 37630344480
2 1872 50120188162
2 1876 50013322089
2 1878 49960059764
2 1880 49906910764
2 1884 40055879814
2 1886 49748140105
2 1888 74543161205
2 1890 37232139778
2 1892 49590376447
2 1896 49485755399
2 1898 49433610242
2 1900 49381574862
2 1902 36341505635
2 1904 49277832057
2 1906 73839185916
2 1908 49174524233
2 1910 49123032586
2 1912 73607472989
2 1914 36765279091
2 1916 73453803943
2 1918 48918139853
2 1920 48867183458
2 1922 73224499665
2 1924 48765588482
2 1926 48714949241
2 1928 72996622591
2 1930 48613985616
2 1932 36422745435
2 1936 72694983655
2 1938 36309981518
2 1940 48363398060
2 1944 72395827343
2 1946 48214281725
2 1948 65417644865
2 1950 36086535477
2 1952 72099123133
2 1956 47967787442
2 1958 47918790724
2 1960 47869893999
2 1962 47821096962
2 1964 71658598959
2 1968 47675300934
2 1970 47626899613
2 1972 47578596469
2 1974 35647793403
2 1976 47482283522
2 1978 47434273124
2 1980 35539769788
2 1984 70936234050
2 1986 39838125998
2 1988 47195670139
2 1990 47148237306
2 1992 47100899717
2 1996 70509763705
2 1998 46959455574
2 2000 70368744178
2 2002 35149222868
2 2004 43737813030
2 2006 46772179581
2 2008 70088390615
2 2010 35009325463
2 2012 66607395906
2 2014 46586391380
2 2016 46540174722
2 2020 46448015960
2 2022 30395336756
2 2024 46356221462
2 2028 46264789072
2 2030 34664406001
2 2032 69260574978
2 2034 44554328892
2 2036 69124503121
2 2038 69056667495
2 2040 34494482440
2 2044 45902638082
2 2046 34393325600
2 2048 137438953472
2 2050 45768288896
2 2052 45723680427
2 2054 45679158830
2 2056 68452085776
2 2058 45590375237
2 2060 45546112737
2 2064 45457845076
2 2068 45369918877
2 2070 33994562406
2 2072 45282332161
2 2074 45238665495
2 2076 37684986615
2 2080 45108169345
2 2082 43257488635
2 2084 67532384048
2 2086 44978423891
2 2088 44935341110
2 2090 33669255588
2 2092 10009032422
2 2094 40179374088
2 2096 67145748261
2 2100 33508925801
2 2104 66890441234
2 2106 44551278365
2 2108 44509009600
2 2110 44466820966
2 2112 44424712234
2 2114 44382683178
2 2116 61890546746
2 2118 41077020637
2 2120 44257071811
2 2124 44173725159
2 2128 44090691841
2 2130 33036969098
2 2132 44007970093
2 2134 43561450685
2 2136 43925558164
2 2140 43843454316
2 2142 32851888038
2 2144 65642485240
2 2146 43720872432
2 2148 39492692780
2 2150 43639531274
2 2152 65398461132
2 2154 43558492219
2 2156 43518085453
2 2158 43477753585
2 2160 43437496407
2 2162 43397313708
2 2164 -26948059
2 2166 43317170931
2 2168 64915815662
2 2170 32427992710
2 2172 42228362339
2 2176 64677154575
2 2178 43078508833
2 2180 43038987265
2 2184 32220120961
2 2188 64322435263
2 2190 32131846657
2 2192 64205058556
2 2196 42725406302
2 2198 42686529680
2 2200 42647723744
2 2202 42608988300
2 2204 42570323157
2 2208 42493203007
2 2210 31841060716
2 2212 42416361772
2 2214 42378045274
2 2216 60744137738
2 2220 31697632513
2 2222 42225469054
2 2224 63281244764
2 2226 31612194152
2 2228 -219819396
2 2230 42073987550
2 2232 42036286845
2 2236 41961087763
2 2238 36321064581
2 2240 41886157249
2 2242 41848792256
2 2244 31358620400
2 2248 62605644286
2 2250 41699996551
2 2252 15060770863
2 2254 41625994781
2 2256 41589092304
2 2260 40994170868
2 2262 31109082308
2 2264 61035043109
2 2266 41405557033
2 2268 41369044196
2 2270 38267825554
2 2272 61944317058
2 2274 41259891045
2 2276 -35340448
2 2278 41187441720
2 2280 30863484289
2 2282 28440831129
2 2284 58277211332
2 2286 41043303692
2 2288 41007426678
2 2290 40971612331
2 2292 37567878934
2 2294 40900170985
2 2296 40864543657
2 2298 37772198649
2 2300 40793474886
2 2304 61083979321
2 2308 60978114539
2 2310 24370127856
2 2312 60872616071
2 2314 40546669075
2 2316 40511654679
2 2318 40476700706
2 2320 40441806999
2 2322 40406973402
2 2324 40372199759
2 2328 39383006586
2 2330 40268237012
2 2332 40233701645
2 2334 34690879306
2 2336 60247212481
2 2338 40130450059
2 2340 30072112897
2 2344 60041590595
2 2346 29995202124
2 2348 55962060579
2 2350 39925528612
2 2352 39891578332
2 2354 39857685742
2 2356 39823850696
2 2358 39790073044
2 2360 39756352644
2 2364 39689083011
2 2366 36632431617
2 2368 59433060961
2 2370 29275218495
2 2372 56387523913
2 2376 39488633096
2 2378 39455421462
2 2380 29566699235
2 2382 36159932392
2 2384 59034181357
2 2388 38721525194
2 2390 36659433669
2 2392 39224495082
2 2394 29393794561
2 2396 47036807619
2 2398 39126352060
2 2400 39093746766
2 2404 33276896773
2 2406 13326495559
2 2408 38963867208
2 2410 38931532049
2 2412 38899250514
2 2414 38867022468
2 2416 58252271670
2 2418 29102044739
2 2420 38770657949
2 2422 38738642542
2 2424 38706679967
2 2428 247998044
2 2430 38611107917
2 2432 57869033041
2 2436 28887004999
2 2438 38484410270
2 2440 38452865672
2 2442 28816029559
2 2444 38389931357
2 2448 38327202711
2 2450 38295915200
2 2452 57397018089
2 2454 23228315252
2 2456 57303537604
2 2460 28605180560
2 2464 38078324772
2 2466 33914940935
2 2468 57024914244
2 2470 28489370113
2 2472 37562613357
2 2476 34647228348
2 2478 28397394747
2 2480 37832658160
2 2482 37802172537
2 2484 37771736005
2 2486 37741348446
2 2488 56566514612
2 2490 26837878350
2 2492 37194481826
2 2494 37620285580
2 2496 37590141121
2 2500 56294995342
2 2502 14811655740
2 2504 56205067235
2 2506 32779500546
2 2508 28057712990
2 2510 37380474996
2 2512 56026070205
2 2514 3011211864
2 2516 37291332368
2 2520 27924104833
2 2522 36206612010
2 2524 55759702201
2 2526 33914469275
2 2528 55671474824
2 2530 27813732878
2 2532 37055684139
2 2534 30417143146
2 2536 28475956077
2 2538 36968082048
2 2540 36938973322
2 2542 36909910400
2 2544 36880893176
2 2546 36851921539
2 2548 36822995384
2 2550 27595585952
2 2552 36765279091
2 2556 36707743442
2 2560 54975581389
2 2562 27466332622
2 2564 -48749502
2 2568 36536211930
2 2570 36507779081
2 2572 54719085675
2 2574 27338284452
2 2576 36422745434
2 2580 27274707047
2 2584 36309981517
2 2586 18701555807
2 2588 -397654504
2 2590 27169399297
2 2592 54296870507
2 2596 36142138766
2 2598 36114315719
2 2600 36086535477
2 2604 27023327257
2 2608 53963760872
2 2610 26961204668
2 2612 324057930
2 2616 35865822721
2 2618 26878817487
2 2620 35811065739
2 2622 26837812426
2 2624 53634713550
2 2626 35729243045
2 2628 35702051841
2 2630 33710581619
2 2632 35647793403
2 2634 35620725982
2 2636 125812039
2 2640 26654827340
2 2644 -345337734
2 2646 35459180740
2 2648 53148598321
2 2650 35405657449
2 2652 26534217263
2 2656 52988512182
2 2658 12572540407
2 2660 26454415105
2 2662 52869079022
2 2664 35219591681
2 2666 35193170382
2 2668 35166788695
2 2670 24848111825
2 2672 52671215702
2 2674 35087880419
2 2676 35061656293
2 2678 33624394789
2 2680 35009325462
2 2682 34087874009
2 2684 34957150611
2 2686 34931121458
2 2688 34905131041
2 2690 34879179270
2 2692 52279899092
2 2694 18756730023
2 2696 36159328707
2 2698 34775756946
2 2700 34749997126
2 2702 34724275439
2 2704 52047887705
2 2706 26004709600
2 2708 51971007517
2 2710 32600227064
2 2712 34596236076
2 2714 34570741429
2 2716 34545284330
2 2718 32545951183
2 2720 34494482440
2 2724 32444420931
2 2726 34418559149
2 2728 34393325600
2 2730 20620877417
2 2732 -326353773
2 2736 34292760321
2 2740 34242697898
2 2742 34217721458
2 2744 51289172141
2 2748 32335661140
2 2750 34118178995
2 2752 51140075711
2 2754 34068624632
2 2756 34043901392
2 2758 33487981859
2 2760 25495921805
2 2764 -2537909
2 2766 30864041793
2 2768 50844468336
2 2770 22010617347
2 2772 25385549849
2 2774 33822996481
2 2776 43618300271
2 2778 33774295262
2 2780 25588024536
2 2782 33725734090
2 2784 33701505832
2 2786 31596803539
2 2788 33653153600
2 2790 25221772108
2 2792 50407409869
2 2794 27142851336
2 2796 26130024263
2 2800 33508925800
2 2802 14831750266
2 2804 359472347
2 2806 33437274497
2 2808 33413458775
2 2810 28970477664
2 2812 33365928961
2 2814 25006661046
2 2816 49977801263
2 2820 24953455382
2 2822 33247693918
2 2824 185113604
2 2826 24154855643
2 2828 33177154256
2 2830 29990731916
2 2832 33130293870
2 2834 33106913281
2 2838 24187858053
2 2840 33036969098
2 2842 33013720000
2 2844 32990503600
2 2848 49416252934
2 2850 24690787433
2 2852 32897963618
2 2856 24638916030
2 2860 24604456006
2 2862 32132545585
2 2864 49140184482
2 2868 26854275786
2 2870 24518726195
2 2872 49003303745
2 2874 17373486128
2 2880 32578122305
2 2882 32555514309
2 2884 29740835048
2 2886 24382794241
2 2888 48731817298
2 2890 27070912891
2 2892 26389861352
2 2896 44647591005
2 2898 24281830289
2 2900 32353445600
2 2904 32308881624
2 2908 48396660370
2 2910 23506844851
2 2912 32220120961
2 2914 32198006946
2 2916 48263884896
2 2920 32131846657
2 2922 4532694
2 2924 32087890643
2 2926 24049468278
2 2928 32044054727
2 2930 32022181652
2 2932 48000507625
2 2934 30244648638
2 2936 45854603015
2 2938 31934987147
2 2940 23934946999
2 2944 47804853382
2 2946 31848266205
2 2948 31826659511
2 2950 31805082114
2 2952 31783533956
2 2954 31120133759
2 2956 47610787671
2 2958 23789298236
2 2960 31697632513
2 2964 23741141761
2 2968 31612194151
2 2970 23693179860
2 2972 47354471183
2 2976 31527215134
2 2980 31484896725
2 2982 23597835071
2 2984 41834102937
2 2988 30157037731
2 2990 23534697050
2 2992 31358620400
2 2994 27360428246
2 2996 30096131196
2 3000 29589900700
2 3002 31254161306
2 3004 46850029413
2 3006 22051373912
2 3008 46787728842
2 3010 23378320327
2 3012 31150395830
2 3014 31129725361
2 3016 31109082307
2 3018 31088466613
2 3020 31067878224
2 3024 31026783147
2 3026 29469614233
2 3030 17616202205
2 3032 46417377426
2 3034 30924519525
2 3036 23178110731
2 3038 30883802580
2 3040 30863484289
2 3042 30843192714
2 3044 46234391707
2 3048 29291699843
2 3050 30762292538
2 3052 30742133761
2 3054 26639413016
2 3056 46052843048
2 3058 28060011396
2 3060 22996321628
2 3064 42875820942
2 3066 22483110410
2 3068 30581809725
2 3070 19756648402
2 3072 45812984491
2 3074 30522118490
2 3078 30482453618
2 3080 22846994865
2 3082 30442891707
2 3084 30423149235
2 3088 45575611514
2 3090 22414664330
2 3094 22743614797
2 3096 30305230052
2 3100 30266126528
2 3102 22684959439
2 3104 44437764344
2 3108 22641166081
2 3110 27907937321
2 3112 15656303970
2 3114 27073275615
2 3116 30110716380
2 3120 22554084673
2 3122 30052848250
2 3124 30033608271
2 3126 -268607779
2 3128 29995202123
2 3130 24838747340
2 3132 29956894073
2 3136 44878025624
2 3138 4863849920
2 3140 28431051354
2 3144 29842554784
2 3146 29823583039
2 3148 44706953099
2 3150 22339283868
2 3152 44650218387
2 3154 29747936664
2 3156 26521202541
2 3160 29691453240
2 3162 22254504800
2 3164 23882425640
2 3168 29616474822
2 3170 14413463091
2 3172 29579127439
2 3174 15584066754
2 3176 42232302372
2 3178 23896303859
2 3180 22128535907
2 3182 29486169779
2 3184 43188501074
2 3186 29449150107
2 3190 22059167456
2 3192 22045345921
2 3196 29357006333
2 3198 22003985046
2 3200 43980465111
2 3204 29283705442
2 3206 29265437380
2 3208 43870788141
2 3210 21921727158
2 3212 29210769689
2 3216 29174437885
2 3220 21853647260
2 3222 19440715737
2 3224 29102044739
2 3228 29065982725
2 3230 21785988910
2 3232 43545014961
2 3234 20435961300
2 3236 43491189232
2 3240 28958330937
2 3244 43383935991
2 3246 -166624180
2 3248 28887004999
2 3250 28869228381
2 3252 25794693932
2 3256 28816029558
2 3258 23164266440
2 3260 10829175334
2 3262 27303270619
2 3264 28745402034
2 3266 26059405525
2 3268 28710217944
2 3270 21519493633
2 3272 43012679815
2 3276 21480080641
2 3278 18116135654
2 3280 28605180560
2 3282 -88691053
2 3284 42855508025
2 3286 28552949556
2 3288 26263801136
2 3290 21388676044
2 3292 42751363413
2 3294 28483604201
2 3296 42699480690
2 3298 28449057683
2 3300 21323861872
2 3302 27323713758
2 3304 28397394746
2 3306 21285161578
2 3308 42544585355
2 3310 20261940765
2 3312 28328802005
2 3318 17978947770
2 3320 28260539831
2 3322 26246947644
2 3324 23439431499
2 3328 42288908761
2 3330 21131755009
2 3332 28158761176
2 3336 24903607602
2 3340 24149726054
2 3342 158480107
2 3344 28057712990
2 3346 23459720398
2 3348 28024191230
2 3350 28007460369
2 3352 11287892064
2 3354 18226900933
2 3358 25947132773
2 3360 20943078625
2 3364 41836352068
2 3366 20905746934
2 3368 21225111048
2 3370 -293747306
2 3372 18388211706
2 3374 27327093711
2 3376 41687644655
2 3378 -442894731
2 3380 27758873444
2 3382 26116913356
2 3384 27726061537
2 3388 27693327107
2 3390 18635247256
2 3392 41491004822
2 3396 2774190468
2 3400 27595585952
2 3402 27579362798
2 3404 27563158707
2 3406 27546973646
2 3408 27530807581
2 3410 20635995360
2 3414 2963609
2 3416 27466332622
2 3420 20575656193
2 3422 27418174237
2 3424 41103238422
2 3426 -2713181061
2 3430 24240764934
2 3432 20503713339
2 3434 21603421416
2 3438 26831960847
2 3440 27274707046
2 3444 20432271830
2 3448 17485046167
2 3450 20396737445
2 3454 27164155252
2 3456 40722652881
2 3458 20349550081
2 3460 24649952842
2 3462 27101384240
2 3464 16356835091
2 3468 27054496032
2 3470 20474481123
2 3472 27023327257
2 3474 25065416085
2 3476 25886009120
2 3478 26976708521
2 3480 20220903500
2 3484 21405950128
2 3486 16948424826
2 3488 40349050561
2 3490 7996175837
2 3492 23056511745
2 3496 26837812426
2 3498 20116850824
2 3500 26807140639
2 3502 24172066427
2 3504 25172011172
2 3510 20048075265
2 3512 25279427074
2 3514 26700339283
2 3516 15999020520
2 3520 26654827340
2 3522 24378820681
2 3526 26609470289
2 3528 26594385556
2 3530 7433252302
2 3532 39846401007
2 3534 19911925348
2 3536 26534217262
2 3538 26519217704
2 3540 19878176322
2 3542 19866952056
2 3544 30204178263
2 3546 23524413442
2 3548 39666710359
2 3550 24472630222
2 3552 26414693761
2 3556 19946947441
2 3558 18813064497
2 3560 20889427778
2 3562 25391510673
2 3564 26325755398
2 3568 39444363328
2 3570 15768906259
2 3572 24579529519
2 3576 22888069814
2 3580 21547458378
2 3582 23258489937
2 3584 40615685924
2 3586 21519253834
2 3588 19612247541
2 3590 26135095331
2 3592 -1265456635
2 3594 14404297799
2 3596 26091488386
2 3598 26076985058
2 3600 26062497844
2 3604 26033571654
2 3606 -1534980499
2 3608 26004709600
2 3610 25606119432
2 3612 19481933604
2 3614 23580599698
2 3616 38920765585
2 3618 25932833675
2 3620 13783814791
2 3624 24221803714
2 3626 25875618378
2 3628 38792030969
2 3630 19385328976
2 3632 30312306302
2 3634 23959772474
2 3636 25804453311
2 3638 23793689232
2 3640 19332072577
2 3642 9190267
2 3648 25719570241
2 3650 22556092315
2 3652 25691399847
2 3654 19258003334
2 3656 18789882031
2 3658 25649259770
2 3660 19226432836
2 3664 38410886560
2 3666 19194965680
2 3668 25579332672
2 3670 17951854837
2 3672 25551468474
2 3674 25537559128
2 3678 25509785818
2 3680 25495921804
2 3682 23517752480
2 3684 9570368014
2 3686 22877488665
2 3688 -1048894078
2 3690 19070120374
2 3692 22189190239
2 3696 19039162387
2 3700 25358106011
2 3702 25344406332
2 3704 37996082169
2 3706 25317051332
2 3708 22683631370
2 3710 18967316492
2 3712 37914194061
2 3714 -695851551
2 3718 25235339494
2 3720 18916329080
2 3724 25194681053
2 3726 25181157338
2 3728 37751472198
2 3730 10639799545
2 3732 22879802689
2 3736 37670633928
2 3738 16121968116
2 3740 18815172240
2 3744 25060094081
2 3750 8419917825
2 3752 25006661045
2 3756 24980029882
2 3760 24953455382
2 3762 18705141995
2 3766 24913699480
2 3768 22165845985
2 3770 18665449386
2 3772 24874070052
2 3774 18645666186
2 3776 37271580603
2 3780 18616069889
2 3782 24808300434
2 3784 24795188223
2 3786 -1624883315
2 3790 22274101458
2 3792 23964758028
2 3794 20647246168
2 3796 22381281933
2 3798 18754481980
2 3800 24690787432
2 3804 14176581164
2 3806 23872032119
2 3808 24638916029
2 3810 18469486663
2 3816 24587262117
2 3818 17704251983
2 3820 21565076008
2 3822 18411497693
2 3824 34710896712
2 3828 18382639547
2 3830 20520142494
2 3832 -744690019
2 3834 22692050151
2 3836 20326568753
2 3838 24446324190
2 3840 24433591729
2 3842 24420872525
2 3844 -2719372883
2 3846 -193772111
2 3848 24382794241
2 3850 18277595891
2 3852 20380230107
2 3854 24344834519
2 3856 25334782408
2 3858 24319593633
2 3860 10819238174
2 3864 18211372719
2 3870 18183138031
2 3872 36347491827
2 3874 12334013201
2 3876 18154990760
2 3878 416629727
2 3880 23185697147
2 3882 -16834806
2 3886 24144362387
2 3888 36197913672
2 3890 24119535280
2 3892 19087599524
2 3894 18071069383
2 3896 -1214706509
2 3900 18043267740
2 3904 36049561566
2 3906 18015551507
2 3910 17997121273
2 3912 15631352480
2 3914 18536248412
2 3916 8035422130
2 3918 179485338
2 3920 23078082134
2 3922 23922741520
2 3924 23910548481
2 3926 21511196223
2 3928 35829299479
2 3930 15644662399
2 3934 18340463695
2 3936 23837650468
2 3938 19541690774
2 3940 21364280120
2 3942 22370873988
2 3944 23789298235
2 3948 17823896703
2 3950 23753162592
2 3952 23741141761
2 3954 -311941050
2 3956 23717136562
2 3960 17769884894
2 3962 -545683971
2 3966 316095248
2 3968 35468117025
2 3970 5968493577
2 3972 16216526744
2 3976 20830005002
2 3978 17689478175
2 3980 21124948967
2 3982 4270657490
2 3984 22460343590
2 3990 14109021389
2 3992 22319794449
2 3996 23479727787
2 4000 35184372089
2 4002 17583394347
2 4004 17574611435
2 4008 21181382149
2 4010 5736779282
2 4012 23386089791
2 4014 23374437529
2 4016 35044195308
2 4018 23351167804
2 4020 12103610856
2 4024 31632870967
2 4026 16567569330
2 4028 23293195690
2 4030 17461226843
2 4032 23270087361
2 4038 23235510708
2 4040 16332810169
2 4042 23212516635
2 4044 10089665436
2 4046 22636974399
2 4048 23178110731
2 4050 23166664751
2 4056 23132394537
2 4060 17332203000
2 4062 23098225564
2 4064 34630287489
2 4066 23075502273
2 4068 21891960225
2 4070 17289617734
2 4072 34562251561
2 4074 6471671949
2 4076 34528333748
2 4080 17247241220
2 4082 19160318511
2 4086 9375440091
2 4088 16472020781
2 4090 838811560
2 4092 17196662800
2 4094 22030008393
2 4098 -75735464
2 4100 22884144448
2 4102 20391153725
2 4104 22861840214
2 4108 22839579415
2 4110 12321910072
2 4112 33831192678
2 4114 14512118496
2 4116 6659023122
2 4118 8836751429
2 4120 20429413719
2 4122 19827031617
2 4128 22728922538
2 4130 17038436849
2 4134 15319618480
2 4136 22684959438
2 4140 16997281203
2 4142 22652098560
2 4144 22641166080
2 4146 22630244149
2 4148 22619332748
2 4150 19617742675
2 4152 20576000195
2 4154 22586661588
2 4158 16923699899
2 4160 22554084672
2 4164 -744217050
2 4168 -2508650995
2 4170 6566715913
2 4172 19139867823
2 4176 22467670556
2 4180 16834627795
2 4182 16826576800
2 4184 33637067007
2 4186 16810497893
2 4188 4973194706
2 4190 2222028988
2 4192 33572874131
2 4194 13379963656
2 4200 16754462900
2 4202 19393675943
2 4206 38426451
2 4208 509111593
2 4210 7781888828
2 4212 22275639183
2 4214 22265066976
2 4216 22254504800
2 4218 15439402399
2 4220 22233410484
2 4224 22212356118
2 4228 17039555829
2 4230 16635636922
2 4232 33255550178
2 4234 18644108438
2 4236 205374267
2 4238 16829506609
2 4240 22128535906
2 4242 9633581384
2 4246 20192208183
2 4248 13848887273
2 4250 15596668899
2 4254 22055710447
2 4256 22045345920
2 4260 12149243001
2 4264 22003985046
2 4266 21993669066
2 4268 12589777518
2 4270 14399290750
2 4272 15449886816
2 4278 16448981810
2 4280 21921727158
2 4284 16425944019
2 4288 32821242620
2 4290 13122376539
2 4292 21860436216
2 4294 21850254364
2 4296 16555646328
2 4298 14270496449
2 4300 21819765637
2 4302 10067656151
2 4304 32699230566
2 4308 19836892409
2 4310 -1008260580
2 4312 21759042727
2 4314 17666366714
2 4316 19936856745
2 4318 8675441767
2 4320 21718748204
2 4324 21698656854
2 4326 12086424389
2 4328 32517903964
2 4330 -454839747
2 4332 21274402338
2 4334 21648590733
2 4336 32457907831
2 4338 6433714397
2 4340 16213996355
2 4342 19612125865
2 4344 12018751073
2 4346 21588815517
2 4350 16176722800
2 4352 32338577288
2 4354 15375954835
2 4356 19725402919
2 4360 21519493632
2 4362 -2313953804
2 4366 17791473166
2 4368 16110060480
2 4370 16102687457
2 4374 32175923264
2 4376 -1006109334
2 4378 20418045559
2 4380 10181075885
2 4382 16385632700
2 4384 30292305771
2 4386 14005049785
2 4390 9920199905
2 4392 21362703151
2 4396 17767114735
2 4398 21333558944
2 4400 21323861872
2 4402 14845422971
2 4404 16667099300
2 4408 21285161578
2 4410 15956631335
2 4416 21246601504
2 4420 15920530359
2 4422 15502951781
2 4424 19352465113
2 4428 21189022637
2 4430 16190249845
2 4432 -381529408
2 4434 21160350077
2 4438 12729327421
2 4440 15848816256
2 4444 21112734528
2 4446 15827427840
2 4448 1040868057
2 4450 16999018990
2 4452 13863743376
2 4454 16368016326
2 4456 31583816956
2 4458 21046431638
2 4460 21036993775
2 4462 21027564374
2 4464 21018143422
2 4466 15756548182
2 4470 12220620770
2 4472 20980543881
2 4476 7084022690
2 4480 22217058140
2 4482 18370868322
2 4484 20546335359
2 4488 15679310200
2 4490 15382844579
2 4494 10726811211
2 4496 31302822143
2 4498 20859269061
2 4500 20849998276
2 4504 -411252335
2 4506 175690516
2 4508 20812997391
2 4510 10293615623
2 4512 20794546153
2 4514 20785332795
2 4518 20766930553
2 4520 15085253452
2 4522 15561420651
2 4524 15554541154
2 4526 15296544384
2 4528 29139247084
2 4530 9107464247
2 4532 15319671933
2 4536 20684522098
2 4540 9188740270
2 4542 20657197763
2 4544 29209272133
2 4548 20629945523
2 4550 15465658061
2 4552 30917725913
2 4554 15452073821
2 4556 20593720861
2 4558 20584684564
2 4560 15431742144
2 4564 12972605141
2 4566 20548618536
2 4568 -2235223429
2 4570 825578266
2 4572 13669373068
2 4576 20503713339
2 4578 15371066880
2 4580 18678457029
2 4582 20476864303
2 4584 17522617582
2 4588 20450085493
2 4590 15330881085
2 4592 20432271829
2 4596 17479426539
2 4598 19924465981
2 4600 20396737444
2 4602 15290904864
2 4606 16907991864
2 4608 61268987559
2 4610 17295713197
2 4614 -3488731862
2 4616 -436993832
2 4620 12185063930
2 4624 30436308035
2 4626 20282099489
2 4628 13952583575
2 4630 20264577158
2 4632 16804846271
2 4634 219875483
2 4636 20238350353
2 4638 20229623165
2 4640 20220903499
2 4642 18826762552
2 4644 20203486701
2 4646 20194789547
2 4648 18384079832
2 4650 15133063264
2 4654 12198123572
2 4656 19746141035
2 4658 14937033290
2 4660 14697118175
2 4662 15094110720
2 4664 20116850823
2 4668 -478791784
2 4670 10822215931
2 4672 30123606240
2 4674 15055358190
2 4676 20065225029
2 4680 15036056448
2 4686 10695458813
2 4688 30020795298
2 4690 12743126155
2 4692 14997601063
2 4696 29969652546
2 4698 19971262716
2 4700 19962764307
2 4704 19945789166
2 4706 10995823791
2 4708 19049490437
2 4710 7711501405
2 4712 19911925348
2 4716 19895036523
2 4718 6775231628
2 4720 17278935972
2 4722 -166876560
2 4726 14676349469
2 4728 17847963491
2 4730 14877112936
2 4732 18093890422
2 4734 18575827914
2 4736 29716530480
2 4738 8005306307
2 4740 10868482109
2 4744 19164020532
2 4746 11485304346
2 4750 19752629945
2 4752 19744316548
2 4756 19727710731
2 4758 11560330605
2 4760 14783349617
2 4764 2029577027
2 4768 29517090679
2 4770 13646136173
2 4774 14739996687
2 4776 13524609750
2 4780 10290812623
2 4784 19612247541
2 4788 14696897280
2 4790 6785078141
2 4792 -1890500180
2 4794 12597994345
2 4796 19563176030
2 4800 19546873384
2 4806 19066473695
2 4808 430038759
2 4810 14629676544
2 4812 211731986
2 4814 19490027469
2 4816 19481933604
2 4818 11089599037
2 4820 2905366312
2 4824 9788134499
2 4826 10239165254
2 4828 15300141825
2 4830 11655278541
2 4832 18358273141
2 4836 14551022369
2 4838 17926023238
2 4840 19385328975
2 4842 15294733447
2 4844 19369321271
2 4848 12333172357
2 4850 17060383469
2 4856 -305603295
2 4858 3459876645
2 4860 19305553958
2 4862 14473209416
2 4864 28934516520
2 4866 19281749330
2 4870 -131773316
2 4872 14443502501
2 4876 19242205136
2 4878 15892661781
2 4880 17371560771
2 4884 14408014779
2 4886 13481112521
2 4888 19194965679
2 4890 11024561288
2 4896 19163601356
2 4898 12500892762
2 4900 19147957600
2 4902 14355108972
2 4904 -1695958678
2 4906 19124539796
2 4908 19116746585
2 4910 19108959723
2 4912 5736334277
2 4914 14320053760
2 4920 14302590280
2 4922 17841749556
2 4926 16619461
2 4928 19039162387
2 4930 14273578942
2 4932 8141910144
2 4936 28512457122
2 4938 -19367841
2 4940 14244685056
2 4942 491856875
2 4944 15792573605
2 4950 14215907916
2 4952 28420332867
2 4956 13548226802
2 4958 15211670224
2 4960 18916329080
2 4962 18908704603
2 4964 14118210221
2 4966 10268584680
2 4968 18885868003
2 4970 10002209269
2 4972 14415599910
2 4976 21889101019
2 4978 18847929337
2 4980 9568902066
2 4982 18832796516
2 4984 13908476547
2 4986 15588454859
2 4988 18810142790
2 4990 3637986070
2 4992 21775510196
2 4994 558824666
2 4998 14079380590
2 5000 16008552999
2 5002 14780250936
2 5004 7727127621
2 5008 19762496760
2 5010 9296640595
2 5012 9305280244
2 5014 18712603159
2 5016 14028856496
2 5018 -219758845
2 5020 18690237498
2 5022 18682794153
2 5024 28013035103
2 5026 9415911863
2 5028 61826698
2 5030 -864024406
2 5032 18645666185
2 5038 9164322038
2 5040 13962052416
2 5044 10017145483
2 5046 15364701136
2 5048 -2514616622
2 5050 9651343697
2 5052 4148108027
2 5054 15222847856
2 5056 27835737412
2 5058 1220521466
2 5060 13906866439
2 5064 11421334020
2 5066 12182492216
2 5068 18513218674
2 5070 10650203606
2 5072 15296123934
2 5074 14884581512
2 5076 18484041025
2 5080 9166695858
2 5082 11397493868
2 5084 18454955200
2 5088 18440446588
2 5090 18433200833
2 5092 16740469792
2 5094 15483218794
2 5096 18411497693
2 5100 13797792976
2 5104 18382639546
2 5106 13781579353
2 5110 11707289601
2 5112 15248490704
2 5120 27487790694
2 5122 15382975679
2 5124 9650577940
2 5126 5432198073
2 5128 -2949559697
2 5130 13717104128
2 5134 13565121662
2 5136 16582614988
2 5138 -508877162
2 5140 15804719854
2 5144 27359542837
2 5146 14118992510
2 5148 13669142227
2 5150 14182200834
2 5152 18211372718
2 5160 13637353525
2 5162 10852073393
2 5166 13621514553
2 5168 18154990759
2 5170 10381742549
2 5172 178044324
2 5174 10024009902
2 5176 -2920151528
2 5180 13584699648
2 5184 27148435254
2 5190 8814479575
2 5192 15471953240
2 5194 18064110944
2 5196 7907827082
2 5198 9757039294
2 5200 18043267739
2 5202 17483737059
2 5206 15750692132
2 5208 10425757360
2 5210 18008635746
2 5214 11810624134
2 5216 18195703558
2 5220 13480602335
2 5222 703600248
2 5224 -3281453745
2 5226 11487519760
2 5230 -441111060
2 5232 17932911360
2 5236 13439408745
2 5238 11737330275
2 5240 14848753174
2 5244 13418906213
2 5246 12069538476
2 5248 26817356775
2 5250 10954400635
2 5252 10479738565
2 5254 13884494756
2 5256 17466842792
2 5258 8422621621
2 5260 5123578832
2 5262 17830671274
2 5264 14986670501
2 5268 1212038922
2 5270 12894090069
2 5272 -469959881
2 5274 5610189444
2 5278 13332463847
2 5280 13327413670
2 5282 12301993427
2 5288 26614502336
2 5290 12515486835
2 5292 13985694948
2 5296 23639236527
2 5300 17702828725
2 5302 4381159651
2 5304 13267108633
2 5306 17682810449
2 5310 10410467272
2 5312 26494256091
2 5316 207461811
2 5320 13227207552
2 5324 -730695096
2 5328 17609795840
2 5330 9699066105
2 5332 17596585192
2 5334 2352946397
2 5336 17583394347
2 5338 13778208278
2 5340 4668514230
2 5344 26335607851
2 5346 17550503599
2 5348 4385385445
2 5350 15851890750
2 5352 17530828147
2 5356 10254919936
2 5358 13133397571
2 5360 14569687499
2 5362 -1601057569
2 5364 9766033614
2 5368 15052116736
2 5370 6102601828
2 5372 14268100340
2 5376 26849820834
2 5380 14097935663
2 5382 13074831694
2 5384 26139949546
2 5388 -241410668
2 5390 11612744277
2 5392 4337493017
2 5394 12508653998
2 5396 12321240207
2 5400 17374998563
2 5402 14594177996
2 5404 14487931814
2 5406 13016785827
2 5408 26023943853
2 5410 -556456383
2 5412 13002354800
2 5416 -1179730849
2 5418 10071587795
2 5420 14254104481
2 5424 14352805377
2 5428 16284316729
2 5430 5079788816
2 5432 8758345887
2 5434 12949713688
2 5436 9507552404
2 5440 17247241220
2 5446 5611362347
2 5448 330756969
2 5450 17215594907
2 5452 17209279575
2 5454 5268479227
2 5456 17196662800
2 5460 10310438708
2 5464 25757227005
2 5470 -454381212
2 5472 17146380160
2 5474 12855086625
2 5476 25700783118
2 5478 6589599775
2 5480 16470878378
2 5484 -1426660501
2 5486 17102623448
2 5488 23957320451
2 5490 8690347131
2 5494 14628550051
2 5496 13729851167
2 5500 7970116663
2 5502 10709157513
2 5504 25570037855
2 5508 17034312316
2 5510 12771096949
2 5512 17021950696
2 5516 11331204203
2 5518 9359612720
2 5520 12747960904
2 5522 16991124998
2 5526 9367480854
2 5528 25459024666
2 5530 12724908531
2 5532 16960410744
2 5536 21530383121
2 5538 8550034803
2 5540 8639601116
2 5542 9497420607
2 5544 12692774926
2 5546 14733040873
2 5548 11836015335
2 5550 12679053007
2 5552 22867138077
2 5556 16887147632
2 5558 16881070932
2 5560 93652874
2 5562 14198454032
2 5564 16862867046
2 5566 15406366856
2 5568 16850752916
2 5570 -421333011
2 5572 3038867222
2 5576 16826576800
2 5580 8395454933
2 5584 25203704935
2 5586 11603269767
2 5588 14264016447
2 5590 12588326330
2 5592 5669552213
2 5598 14278615605
2 5600 16754462900
2 5604 5597128378
2 5610 10034758528
2 5612 13750205946
2 5614 -416714017
2 5616 16706729388
2 5620 1660213942
2 5624 16682964480
2 5626 9241717699
2 5628 7194120387
2 5630 393824068
2 5632 40061399807
2 5634 1454590851
2 5640 10215857219
2 5642 10391796067
2 5644 14936581339
2 5648 -298060654
2 5650 10933007293
2 5652 260716060
2 5654 12063159521
2 5656 15497696022
2 5658 6599841431
2 5660 1062329642
2 5662 8635153568
2 5664 14701711519
2 5668 16553456640
2 5670 9181480145
2 5676 10136723641
2 5678 11775286039
2 5680 13750654482
2 5684 16506860000
2 5688 15944346013
2 5690 16489453820
2 5694 4593917929
2 5696 24708126467
2 5698 12349726955
2 5700 12345393716
2 5704 12801186092
2 5706 656159904
2 5710 16431697415
2 5712 12319458015
2 5718 16408707981
2 5720 12302228003
2 5724 16391508079
2 5726 16385782788
2 5728 17556648851
2 5730 5130351792
2 5734 14977622715
2 5736 14096345749
2 5738 10362342616
2 5740 12259363097
2 5742 12255093032
2 5744 17473750839
2 5746 12987095112
2 5748 -932526104
2 5750 16317389954
2 5752 24467574471
2 5754 2322757399
2 5760 22179686476
2 5762 14166340965
2 5764 13862739276
2 5766 16272111037
2 5768 14064706457
2 5770 -399724814
2 5772 11015409754
2 5776 24365908649
2 5778 13181536718
2 5780 16232697620
2 5782 14360509049
2 5784 -395351142
2 5786 -569610496
2 5790 3109070332
2 5792 17841662805
2 5796 12140915146
2 5798 -2624879646
2 5800 16176722800
2 5808 15079515845
2 5810 -206400454
2 5814 12103327174
2 5816 24198330185
2 5820 9667260707
2 5822 11580988132
2 5824 16110060480
2 5828 16099003473
2 5830 12070110495
2 5832 14317426251
2 5838 2618705335
2 5840 10000666775
2 5842 8033093573
2 5844 9225401054
2 5846 14193718411
2 5848 14236905020
2 5850 12028845160
2 5852 12024734139
2 5856 11972735556
2 5858 7429780820
2 5860 -138754775
2 5864 24000253812
2 5866 302373873
2 5868 7305596420
2 5870 -966060418
2 5872 6179611439
2 5874 5597984681
2 5876 13306750235
2 5880 9022160839
2 5882 11826890781
2 5886 15940365654
2 5888 24523248538
2 5890 7886590543
2 5892 15924133103
2 5894 -1138926900
2 5896 15107698220
2 5900 15902541057
2 5902 12304146988
2 5904 15891766979
2 5908 10249636787
2 5910 420906432
2 5916 11894649118
2 5918 12512518424
2 5920 15848816256
2 5922 9940244100
2 5928 11870570880
2 5930 -434155761
2 5934 11858568282
2 5936 14585475189
2 5940 11846589931
2 5944 23677235591
2 5950 11826679695
2 5952 15763607568
2 5954 8597568653
2 5958 501664410
2 5960 -379493195
2 5962 12395513461
2 5964 6518490617
2 5966 12991986536
2 5968 12117736415
2 5970 6477849189
2 5974 8133343624
2 5976 14277638426
2 5978 191988451
2 5980 11767348526
2 5984 15679310200
2 5986 7585171287
2 5988 -1492100424
2 5990 -3972043692
2 5992 14207935593
2 5994 14066158932
2 6000 14750600671
2 6004 13539278013
2 6006 9373126099
2 6008 23425014706
2 6010 -2858331608
2 6012 8285050105
2 6014 12827554506
2 6016 23393864421
2 6018 8819477835
2 6020 9487397785
2 6024 -3787354849
2 6026 13489519759
2 6028 11815704322
2 6030 8612995460
2 6032 15554541153
2 6034 3658973585
2 6036 12202579334
2 6040 8710792781
2 6042 8304943874
2 6048 15513391574
2 6050 13051452658
2 6052 8055703986
2 6056 23239347483
2 6058 12552720833
2 6060 9878127667
2 6062 4005744517
2 6064 23208688713
2 6066 7437958749
2 6068 15462259762
2 6070 205935640
2 6072 11589055365
2 6076 15441901291
2 6080 15431742144
2 6084 10738905455
2 6086 3118649411
2 6088 23117195853
2 6090 3004735109
2 6094 1228109992
2 6096 9658722356
2 6100 11753576304
2 6102 10141052191
2 6104 15371066880
2 6106 10201098063
2 6108 11278412323
2 6110 10236855274
2 6112 23026421524
2 6116 6799870163
2 6118 11501919612
2 6120 11498160814
2 6128 18989055806
2 6130 15305871491
2 6132 7118595043
2 6136 12354852618
2 6138 11464441868
2 6140 -404948527
2 6142 11408421905
2 6144 22906492245
2 6146 15266025422
2 6148 14811225028
2 6150 10559482028
2 6152 22876704869
2 6154 118252418
2 6156 12792057123
2 6160 11423497432
2 6162 9890581043
2 6164 11754288184
2 6168 13579793955
2 6170 15206643799
2 6174 3624952472
2 6176 19731026061
2 6180 6503272160
2 6182 7899580641
2 6188 11371807400
2 6190 -606236889
2 6192 14214275644
2 6194 2496101727
2 6200 15133063264
2 6202 176557894
2 6204 8407417085
2 6206 13667991575
2 6208 14156046563
2 6210 11331520803
2 6214 6977941692
2 6216 8375270378
2 6220 15084403897
2 6222 7578032501
2 6224 -175786559
2 6226 13262517912
2 6228 5684585687
2 6230 5584350168
2 6232 13368092570
2 6240 11277042336
2 6244 15026424125
2 6246 10732430286
2 6248 10695458813
2 6252 15007196455
2 6254 11750256854
2 6256 14997601062
2 6258 4780764348
2 6260 -220112877
2 6262 1906704416
2 6264 14978447037
2 6266 88996994
2 6270 8978468159
2 6272 22439012812
2 6276 -149915694
2 6278 2126357351
2 6280 76264145
2 6282 177600069
2 6286 420032247
2 6288 11975964730
2 6290 9106890888
2 6292 13018882217
2 6296 22353476549
2 6298 12812870376
2 6300 11169641935
2 6302 768282795
2 6304 19875939507
2 6308 13431286972
2 6310 7946696745
2 6312 9156452684
2 6314 9968888179
2 6318 7578215306
2 6320 14845726621
2 6322 14841030091
2 6324 10503772165
2 6328 9055467322
2 6330 212673743
2 6336 14808237411
2 6340 263937323
2 6342 3491210741
2 6344 10896942060
2 6346 11555669537
2 6348 -419574429
2 6350 7037797669
2 6352 20075896775
2 6354 5248505233
2 6356 6409524204
2 6358 9531186705
2 6360 6848836832
2 6364 11872735684
2 6368 -286992810
2 6370 11046898615
2 6372 12858001392
2 6380 11029583729
2 6384 11022672960
2 6386 12190028317
2 6390 694863875
2 6392 12681925153
2 6394 9791922311
2 6396 10634459882
2 6398 -887902305
2 6400 28346680802
2 6402 7566445155
2 6408 7748801604
2 6410 -381429409
2 6412 -150441163
2 6416 -376636384
2 6420 8025888346
2 6422 8489444265
2 6424 8568862719
2 6426 10950629346
2 6430 14591756181
2 6432 12130408420
2 6438 9846354919
2 6440 10926823630
2 6444 8032462890
2 6446 8129122915
2 6448 14551022369
2 6450 8829373995
2 6454 14537494924
2 6456 11476211667
2 6460 10892994456
2 6462 5549242673
2 6464 10440095973
2 6466 5118716840
2 6468 9145645040
2 6470 14501544395
2 6474 6308070548
2 6478 9813858643
2 6480 12435780534
2 6482 14474697969
2 6486 3577117610
2 6488 21691967996
2 6490 5329426198
2 6492 371652768
2 6494 111043648
2 6496 14443502500
2 6498 14439056977
2 6500 11377834494
2 6504 10343148444
2 6510 5305810751
2 6512 14408014779
2 6516 862419841
2 6520 8947555940
2 6524 5390234091
2 6526 14377105767
2 6528 21963636394
2 6530 -1395448787
2 6532 7358159492
2 6534 11818118121
2 6536 8694539594
2 6538 5081928857
2 6540 10759746816
2 6544 1191951854
2 6550 6600198282
2 6552 10740040320
2 6554 401677636
2 6556 6594581399
2 6560 14302590280
2 6562 775149506
2 6564 11064641388
2 6566 10475552695
2 6568 21427754013
2 6570 4939711804
2 6572 11388182269
2 6574 1930044040
2 6576 612502469
2 6578 10697589570
2 6580 7759362790
2 6584 21375681706
2 6586 6064588831
2 6588 -16905450
2 6590 14237479855
2 6592 -1767488652
2 6594 5999717943
2 6596 4363872684
2 6600 10661930936
2 6604 6810753046
2 6606 6589457957
2 6608 11540908687
2 6610 14194401246
2 6612 10642580789
2 6616 21272292678
2 6620 382680945
2 6622 8934272010
2 6624 14164401003
2 6630 8490949526
2 6634 8947204075
2 6636 6521502073
2 6640 10016656083
2 6642 6584281442
2 6644 4837066660
2 6648 3078141510
2 6650 10581766044
2 6656 41915775165
2 6660 7630814870
2 6664 8287913875
2 6666 3171484306
2 6670 2305763838
2 6672 7867862166
2 6674 346243339
2 6678 9658045618
2 6680 6264188983
2 6682 14041453493
2 6684 127329352
2 6688 14028856496
2 6690 6303065768
2 6692 4261842004
2 6696 14012095616
2 6698 8090148315
2 6700 10278586205
2 6704 -62316103
2 6706 4417830956
2 6708 8756395618
2 6710 6404556814
2 6714 2510247265
2 6716 8500615361
2 6720 10471539312
2 6726 6167117490
2 6728 -2097360640
2 6730 -1822441326
2 6732 10452873468
2 6734 7967935791
2 6736 15756044075
2 6740 1748877495
2 6744 360609016
2 6748 -123622427
2 6750 3203066875
2 6752 17898509666
2 6754 6979546947
2 6756 118252788
2 6758 13883544280
2 6760 102567651
2 6762 7349719000
2 6764 8251978406
2 6766 -406969876
2 6768 10917718107
2 6776 1423322942
2 6780 6031056895
2 6784 20171142467
2 6786 7920524416
2 6790 7425281077
2 6792 1804512792
2 6794 6587847565
2 6798 2779176766
2 6800 13797792976
2 6802 284393289
2 6804 11332870878
2 6806 3936695058
2 6808 13781579353
2 6810 16997095
2 6812 10013057893
2 6816 6128617240
2 6818 610039592
2 6820 6235409309
2 6822 13753297015
2 6828 -38981752
2 6832 10604517962
2 6834 4987650295
2 6838 6037609140
2 6840 6771845458
2 6842 10371440480
2 6844 8316224351
2 6846 356741196
2 6848 20551619211
2 6850 1408738246
2 6852 10351427208
2 6854 8789525092
2 6858 -56116380
2 6860 2734161868
2 6862 3874173696
2 6864 10251856669
2 6868 8769122074
2 6870 783764972
2 6874 13649256945
2 6876 10277305276
2 6878 -320901282
2 6880 12162628845
2 6882 4555691086
2 6886 1945890436
2 6888 9292770366
2 6890 6565722177
2 6894 10552879753
2 6896 301111838
2 6900 10198368722
2 6902 10195413529
2 6904 20384920098
2 6908 6659764059
2 6910 -2185601261
2 6912 27184159632
2 6916 10174775040
2 6920 -292139270
2 6924 1105263894
2 6928 730797372
2 6930 8123375952
2 6936 8301436887
2 6940 8777126963
2 6942 545831804
2 6944 13511663629
2 6946 12976540992
2 6948 9810131309
2 6950 5649202457
2 6952 10298654721
2 6954 6491605213
2 6956 3665275
2 6958 6549885915
2 6960 10110451751
2 6966 10293438378
2 6968 10519812516
2 6970 7965333549
2 6972 4656996932
2 6974 163919707
2 6976 20174525280
2 6980 8814763502
2 6984 1707319186
2 6986 -924243469
2 6990 286178275
2 6992 13418906213
2 6994 9332480579
2 6996 7576592243
2 7000 11447955352
2 7002 1782864685
2 7004 143228044
2 7006 23200769
2 7008 4598596850
2 7014 5559817319
2 7016 20059505182
2 7018 7695458028
2 7020 10024037632
2 7024 16695004393
2 7028 13350169642
2 7030 8202429552
2 7032 6916161490
2 7038 9998400708
2 7040 22306750700
2 7042 -2327698347
2 7044 -1738566183
2 7046 9233476380
2 7050 8076324149
2 7052 637365665
2 7056 13297192778
2 7060 7230553912
2 7062 6907641741
2 7064 19923200503
2 7068 8779975309
2 7070 5061087188
2 7072 13267108632
2 7074 10318045019
2 7076 9527974977
2 7080 7752044252
2 7084 9933476028
2 7088 -24581275
2 7092 10701884174
2 7098 4311358929
2 7100 7934360720
2 7102 79458239
2 7104 10852947789
2 7106 9902722233
2 7110 7816642259
2 7112 3750170219
2 7116 5627989702
2 7120 6938560956
2 7124 -55659725
2 7126 -2597175728
2 7128 8124678712
2 7130 3251648415
2 7134 5312133665
2 7136 19722181664
2 7138 221149046
2 7140 7884453129
2 7144 12355277898
2 7146 -880231842
2 7150 9841782403
2 7152 5847534997
2 7154 740288124
2 7160 3275145322
2 7164 11428637780
2 7168 19634136210
2 7170 -8460880
2 7172 2551793138
2 7174 10876714377
2 7176 9806123772
2 7178 3843599961
2 7180 3815534292
2 7182 9797931520
2 7184 3737001510
2 7188 2610358845
2 7190 8966784680
2 7192 12267624521
2 7194 9781588016
2 7196 7373982397
2 7198 6220637218
2 7200 13031248923
2 7202 6923500476
2 7208 11209436691
2 7210 2497065569
2 7212 7700356174
2 7216 13002354800
2 7218 223302516
2 7220 8779720159
2 7222 5036562323
2 7224 7291797116
2 7228 3769680939
2 7230 1069578750
2 7232 11849110173
2 7236 10517247152
2 7238 5506694354
2 7240 2324031274
2 7242 6140406377
2 7248 5028773032
2 7250 6858634500
2 7252 11860898819
2 7254 8250240631
2 7256 19396015484
2 7258 -258897866
2 7260 5757229016
2 7264 -345683115
2 7266 61676297
2 7268 7600117359
2 7270 -2857971652
2 7272 5876593771
2 7276 8007467260
2 7280 9666036288
2 7282 2544373540
2 7284 179864707
2 7290 7958523194
2 7294 9806531551
2 7296 22103341330
2 7298 88561651
2 7300 4267503154
2 7304 7409646916
2 7306 -424304719
2 7308 9629001667
2 7310 7365496722
2 7312 1424926664
2 7314 7171932882
2 7316 7554430525
2 7320 5720594759
2 7322 -174144864
2 7326 7662989486
2 7328 12044699497
2 7330 12800135367
2 7332 7336612368
2 7334 4434574742
2 7336 10307833167
2 7340 527781330
2 7344 12775734237
2 7348 8827190576
2 7350 487055073
2 7356 12754892910
2 7358 699833294
2 7360 12747960903
2 7362 44004605
2 7364 239021936
2 7366 491022135
2 7368 8057749597
2 7370 5224266913
2 7372 9449767897
2 7376 16023682391
2 7378 8215156329
2 7380 5452471817
2 7384 6743134612
2 7392 9519581195
2 7398 7953889736
2 7400 12679053006
2 7404 12672203166
2 7406 4476105387
2 7408 -4825539550
2 7410 7597165364
2 7412 12658525666
2 7414 4625711880
2 7416 7793277594
2 7420 6254425131
2 7424 26624326945
2 7426 9739114548
2 7428 101902443
2 7434 7658628433
2 7436 6513540088
2 7440 8214602459
2 7446 2943922515
2 7448 10575799238
2 7450 -229040116
2 7452 8121284641
2 7456 837362018
2 7458 43079441
2 7460 7814327316
2 7462 8910801540
2 7464 9228682609
2 7470 5531903653
2 7472 8557170931
2 7474 2566832961
2 7476 2701601261
2 7480 9407586120
2 7482 7537506061
2 7486 9598332002
2 7488 12530047040
2 7490 5312437556
2 7498 8421067978
2 7500 12509998966
2 7502 267367540
2 7504 10669229755
2 7506 19547418
2 7510 12493341178
2 7512 2451096679
2 7514 8088983679
2 7518 126384253
2 7520 10774395475
2 7524 9352570997
2 7526 750884696
2 7530 9345118750
2 7532 8374261369
2 7536 10937004848
2 7540 7311183405
2 7542 2444292087
2 7544 12437035026
2 7546 7798570694
2 7548 8146845728
2 7550 6889231583
2 7552 21450949809
2 7560 9308034944
2 7562 7177300725
2 7564 2377634614
2 7566 379165304
2 7568 12397594112
2 7570 -3369429093
2 7572 5468487759
2 7574 10126902467
2 7578 -1447189250
2 7580 12377967314
2 7582 8159271100
2 7584 7062228714
2 7588 8282328899
2 7590 4471682774
2 7592 6924723294
2 7596 -38888949
2 7598 9215622132
2 7600 12345393716
2 7602 111082956
2 7608 -331437806
2 7610 -3434576628
2 7612 6180075458
2 7614 2314105050
2 7616 12319458014
2 7618 12316223713
2 7620 1991304611
2 7622 2704193988
2 7624 18459796479
2 7626 484625559
2 7630 9222640128
2 7632 6984420921
2 7634 2728934913
2 7636 -94206772
2 7638 7581199723
2 7640 5473022956
2 7644 7089115090
2 7648 141949889
2 7650 9198528652
2 7654 51314539
2 7656 6989557395
2 7658 9022659315
2 7660 9191913808
2 7664 -623117013
2 7668 6675506241
2 7670 4550304820
2 7672 3732962671
2 7676 7995515254
2 7678 -549897105
2 7680 35685067023
2 7682 -608158161
2 7684 3966631611
2 7686 6045988794
2 7688 18306124916
2 7690 -3562838487
2 7692 34362831
2 7696 10504131500
2 7700 9138797945
2 7704 4412716651
2 7708 308893853
2 7710 6677775084
2 7712 7790743413
2 7714 4388259375
2 7716 12159796817
2 7718 403237777
2 7720 4136515537
2 7722 9112761486
2 7728 2866579866
2 7738 502203782
2 7740 6609735846
2 7742 7272140665
2 7744 15785475661
2 7748 1166666292
2 7750 4465319371
2 7752 5735841409
2 7756 3944994205
2 7758 37543480
2 7760 7755395300
2 7764 -108657336
2 7766 4943349523
2 7770 4299860486
2 7772 1325970725
2 7774 5773135467
2 7776 15556651456
2 7780 10456786118
2 7784 917433447
2 7786 -287587680
2 7788 3726324556
2 7790 7676961081
2 7792 -1144869743
2 7794 7780554020
2 7798 -3864660231
2 7800 9021633871
2 7802 763487348
2 7808 19932485946
2 7810 2994866493
2 7812 4014269871
2 7820 8998560638
2 7824 444870771
2 7826 5369358968
2 7828 4048163157
2 7830 5009823711
2 7832 8218935411
2 7836 -40854245
2 7840 10280207880
2 7844 6566789986
2 7848 11955274240
2 7850 440656472
2 7852 714307610
2 7854 7331567326
2 7856 17914649740
2 7860 2978943910
2 7866 8945937477
2 7868 974770811
2 7872 8701031378
2 7874 -251837826
2 7876 1682091513
2 7878 3324504987
2 7880 420906432
2 7882 11903703659
2 7884 3335116593
2 7888 11894649117
2 7890 253231072
2 7896 6831439530
2 7898 4851687754
2 7900 9287264758
2 7902 -1062747523
2 7904 11870570880
2 7906 4676226019
2 7908 -103847134
2 7910 603004160
2 7912 9409398596
2 7918 2301876589
2 7920 8884942448
2 7922 5543049306
2 7924 786131865
2 7930 2912921419
2 7932 -452152942
2 7936 24057955909
2 7938 3541337861
2 7940 -2232245545
2 7942 11813773890
2 7944 -278399086
2 7946 631425331
2 7950 4046694356
2 7952 1393746589
2 7954 158597121
2 7956 8844739087
2 7958 -112654282
2 7960 2500604676
2 7964 -194913470
2 7966 -588914323
2 7968 8484330454
2 7974 377192516
2 7980 7218393356
2 7982 -819918266
2 7984 8669598035
2 7986 11748684227
2 7990 168789912
2 7992 10656000704
2 7994 11736926725
2 7998 2169476378
2 8000 1852686656
2 8004 2921659308
2 8008 8787305717
2 8010 2790413018
2 8016 919546959
2 8018 5626936792
2 8020 -285841620
2 8022 5403988552
2 8024 8895044224
2 8028 11687218765
2 8030 2149414363
2 8032 17522097654
2 8034 4635020466
2 8036 358030260
2 8040 4090957534
2 8046 267221769
2 8048 7006240431
2 8050 6480588432
2 8052 3430077516
2 8056 8417364730
2 8058 5503547250
2 8060 5501380307
2 8062 200253635
2 8064 22504665580
2 8066 10181717771
2 8070 8719794819
2 8074 494443681
2 8076 11617755355
2 8078 778582974
2 8080 -212224373
2 8082 11609130443
2 8084 712477409
2 8086 -966824866
2 8088 1885628328
2 8092 7379352893
2 8094 633521858
2 8096 11589055365
2 8100 6274122239
2 8106 5624289166
2 8110 11569049598
2 8112 7588952756
2 8118 4452805413
2 8120 8666101501
2 8122 5671581394
2 8124 11549112782
2 8126 23838413
2 8128 2014255445
2 8130 3292246828
2 8132 6110065675
2 8134 419533929
2 8136 5427587638
2 8138 2287991956
2 8140 6959317890
2 8142 542471097
2 8144 -2459866484
2 8148 1683175691
2 8150 227043429
2 8154 3306768702
2 8160 8623620610
2 8162 3932947137
2 8164 633469494
2 8170 5051838491
2 8172 346886835
2 8174 720134254
2 8176 3426133192
2 8178 1674430676
2 8180 -294723033
2 8184 6751295405
2 8188 3764783702
2 8190 6873625808
2 8194 571785465
2 8196 -92134834
2 8200 10946711274
2 8204 4872071908
2 8206 2249286943
2 8208 11430920108
2 8214 11422570276
2 8216 10287891551
2 8218 5178895509
2 8220 2393059390
2 8224 -392406584
2 8226 1947649264
2 8228 7040603414
2 8230 11400363578
2 8232 3321024160
2 8234 -334141219
2 8236 4998372134
2 8240 4743343826
2 8242 186754520
2 8244 4220259642
2 8246 6890235154
2 8250 5336002607
2 8256 12758638517
2 8260 4436630053
2 8262 10978147442
2 8268 4295544227
2 8270 11345222762
2 8272 8285700023
2 8274 2292794368
2 8280 8498640601
2 8282 275741751
2 8284 11326049280
2 8288 10927970865
2 8292 -479789376
2 8294 8484295176
2 8296 6509865260
2 8298 11306940496
2 8300 4495230059
2 8302 -3441112109
2 8304 5785180524
2 8308 365918784
2 8310 447707980
2 8316 8461849949
2 8320 22087196250
2 8322 1427350720
2 8326 112900747
2 8328 2894438767
2 8330 6090015325
2 8334 -3215030815
2 8336 13826316316
2 8338 -3260908029
2 8340 408200120
2 8342 646057828
2 8344 232338629
2 8346 1899675466
2 8350 154765913
2 8352 11233835278
2 8358 693479948
2 8360 8417313899
2 8362 94170581
2 8364 5478225766
2 8366 2814153775
2 8368 -396182775
2 8370 7783777136
2 8372 4189817825
2 8374 4940693639
2 8376 237161268
2 8378 275421797
2 8380 250920592
2 8382 1404914760
2 8384 14304603896
2 8386 11188289082
2 8388 2299025660
2 8398 8379226505
2 8400 8377231451
2 8404 5858013361
2 8406 -382148236
2 8410 11156360552
2 8412 68447105
2 8414 214646828
2 8416 15479048227
2 8418 299485740
2 8420 -1221751552
2 8424 7796165619
2 8426 11135175912
2 8428 7809749864
2 8430 339928811
2 8432 9793161479
2 8436 5020598917
2 8440 1006202409
2 8442 4358309169
2 8446 1820452227
2 8448 28162942225
2 8450 4999419717
2 8456 6475117184
2 8460 5835985293
2 8464 11168781887
2 8466 4420072434
2 8468 176373219
2 8470 4966344162
2 8472 104536301
2 8474 11072101988
2 8476 -393635885
2 8478 430016060
2 8480 353350631
2 8484 1403090753
2 8490 997348706
2 8492 277810205
2 8494 7051483253
2 8496 8714365559
3 3 93824992236885
3 6 23456248059221
3 9 31274997412295
3 12 11728124029610
3 15 9382499223689
3 18 7818749353073
3 21 6701785159778
3 24 5864062014805
3 27 10424999137431
3 30 3127499741229
3 33 4264772374404
3 36 3909374676536
3 39 3608653547573
3 42 2233928386592
3 45 3127499741230
3 48 2932031007402
3 51 2759558595203
3 54 2606249784357
3 57 2469078743076
3 60 1563749870614
3 63 2233928386593
3 66 1421590791467
3 69 2039673744280
3 72 1954687338268
3 75 1876499844738
3 78 1202884515857
3 81 3474999712477
3 84 1116964193296
3 87 1617672279946
3 90 1042499913743
3 93 1513306326401
3 96 1466015503701
3 99 1421590791468
3 102 919852865067
3 105 893571354637
3 108 1303124892178
3 111 1267905300498
3 114 823026247691
3 117 1202884515858
3 120 781874935307
3 123 1144207222401
3 126 744642795530
3 129 1090988281824
3 132 710795395733
3 135 1042499913743
3 138 679891248093
3 141 998138215286
3 144 977343669134
3 147 957397879968
3 150 625499948245
3 153 919852865068
3 156 601442257928
3 159 885141436197
3 162 868749928119
3 165 568636316587
3 168 558482096648
3 171 823026247692
3 174 539224093315
3 177 795127052855
3 180 521249956871
3 183 769057313417
3 186 504435442133
3 189 744642795531
3 192 733007751850
3 195 481153806343
3 198 473863597155
3 201 700186509230
3 204 459926432533
3 207 679891248093
3 210 335089257988
3 213 660739381950
3 216 651562446089
3 219 642636933129
3 222 422635100166
3 225 625499948246
3 228 411513123845
3 231 406168797562
3 234 400961505285
3 237 593829064790
3 240 390937467653
3 243 1158333237492
3 246 381402407467
3 249 565210796608
3 252 372321397765
3 255 367941146027
3 258 363662760608
3 261 539224093315
3 264 355397697866
3 267 527106697960
3 270 347499971247
3 273 343681290245
3 276 339945624046
3 279 504435442134
3 282 332712738428
3 285 329210499078
3 288 488671834567
3 291 483633980603
3 294 319132626656
3 297 473863597156
3 300 312749974122
3 303 464480159589
3 306 306617621689
3 309 455461127364
3 312 300721128964
3 315 297857118213
3 318 295047145399
3 321 438434543163
3 324 434374964059
3 327 430389872646
3 330 213238618720
3 333 422635100166
3 336 279241048324
3 339 415154832907
3 342 274342082563
3 345 271956499238
3 348 269612046657
3 351 400961505286
3 354 265042350951
3 357 262815104305
3 360 260624978435
3 363 387706579491
3 366 256352437805
3 369 381402407467
3 372 252217721066
3 375 375299968948
3 378 248214265176
3 381 369389733216
3 384 366503875925
3 387 363662760608
3 390 180432677378
3 393 358110657393
3 396 236931798577
3 399 235150356484
3 402 233395503076
3 405 347499971248
3 408 229963216266
3 411 342426978967
3 414 226630416031
3 417 337499972075
3 420 167544628994
3 423 332712738429
3 426 220246460649
3 429 218706275611
3 432 325781223044
3 435 215689637326
3 438 214212311043
3 441 319132626656
3 444 211317550083
3 447 314848967238
3 450 208499982748
3 453 310678782241
3 456 205756561922
3 459 306617621689
3 462 152313299085
3 465 201774176854
3 468 200480752642
3 471 298805707761
3 474 197943021596
3 477 295047145399
3 480 195468733826
3 483 194254642313
3 486 289583309373
3 489 287806724653
3 492 190701203733
3 495 189545438863
3 498 188403598869
3 501 280913150410
3 504 186160698882
3 507 277588734429
3 510 137977929760
3 513 274342082564
3 516 181831380304
3 519 271170497794
3 522 179741364438
3 525 178714270928
3 528 177698848933
3 531 265042350952
3 534 175702232653
3 537 262080983902
3 540 173749985623
3 543 259185061428
3 546 128880483841
3 549 256352437806
3 552 169972812023
3 555 169054040067
3 558 168145147377
3 561 167245975468
3 564 166356369214
3 567 248214265177
3 570 123453937153
3 573 245615162924
3 576 244335917283
3 579 243069928075
3 582 161211326867
3 585 160384602115
3 588 159566313328
3 591 238134498063
3 594 157954532385
3 597 235741186525
3 600 156374987061
3 603 233395503077
3 606 154826719862
3 609 154064026662
3 612 153308810844
3 615 152560962988
3 618 151820375787
3 621 226630416031
3 624 150360564482
3 627 149641135945
3 630 111696419329
3 633 222334104827
3 636 147523572699
3 639 220246460650
3 642 146144847721
3 645 145465104243
3 648 217187482029
3 651 144124412038
3 654 143463290882
3 657 214212311043
3 660 106619309360
3 663 141515825395
3 666 140878366722
3 669 210369937751
3 672 139620524162
3 675 208499982749
3 678 138384944302
3 681 206662978495
3 684 137171041281
3 687 204858061653
3 690 101983687214
3 693 135389599188
3 696 134806023328
3 699 201341185058
3 702 133653835095
3 705 133085095372
3 708 132521175475
3 711 197943021597
3 714 98555664114
3 717 196286594638
3 720 130312489217
3 723 194657660243
3 726 129235526497
3 729 386111079164
3 732 128176218902
3 735 127653050663
3 738 127134135822
3 741 126619422723
3 744 126108860533
3 747 188403598869
3 750 125099989649
3 753 186902374974
3 756 124107132588
3 759 123616590563
3 762 123129911072
3 765 122647048677
3 768 183251937962
3 771 182538895403
3 774 121220920202
3 777 120752885763
3 780 90216338689
3 783 179741364438
3 786 119370219130
3 789 178374509956
3 792 118465899288
3 795 118018858160
3 798 88181383681
3 801 175702232653
3 804 116697751538
3 807 174395896351
3 810 115833323749
3 813 173108841765
3 816 114981608133
3 819 114560430083
3 822 114142326322
3 825 113727263318
3 828 113315208015
3 831 169359191763
3 834 112499990691
3 837 168145147378
3 840 83772314497
3 843 166948384763
3 846 110904246142
3 849 165768537521
3 852 110123230324
3 855 109736833026
3 858 82014853353
3 861 108972116419
3 864 162890611522
3 867 162326976188
3 870 80883613997
3 873 161211326868
3 876 107106155521
3 879 160110908254
3 882 106377542218
3 885 106016940381
3 888 105658775041
3 891 157954532385
3 894 104949655745
3 897 104598653554
3 900 104249991374
3 903 103903645888
3 906 103559594080
3 909 154826719863
3 912 102878280961
3 915 102540975122
3 918 102205873896
3 921 152809433611
3 924 76156649542
3 927 151820375788
3 930 75665316320
3 933 150844038966
3 936 100240376321
3 939 149880179292
3 942 99601902586
3 945 99285706072
3 948 98971510798
3 951 147988946746
3 954 98349048466
3 957 98040744239
3 960 97734366913
3 963 146144847721
3 966 72845490867
3 969 96826617376
3 972 144791654686
3 975 96230761269
3 978 95935574884
3 981 143463290882
3 984 95350601866
3 987 95060782408
3 990 71079539573
3 993 141729595524
3 996 94201799434
3 999 140878366722
3 1002 93637716803
3 1005 93358201232
3 1008 93080349441
3 1011 139206219936
3 1014 92529578142
3 1017 138384944302
3 1020 68988964880
3 1023 91715534934
3 1026 91447360854
3 1029 136771125710
3 1032 90915690152
3 1035 90652166413
3 1038 90390165931
3 1041 135194513310
3 1044 89870682219
3 1047 134419759652
3 1050 67017851597
3 1053 133653835095
3 1056 88849424466
3 1059 132896589571
3 1062 88347450317
3 1065 88098584261
3 1068 87851116326
3 1071 87605034769
3 1074 87360327967
3 1077 130675476653
3 1080 86874992811
3 1083 129951512793
3 1086 86395020475
3 1089 129235526497
3 1092 64440241920
3 1095 85684924417
3 1098 85450812601
3 1101 127826964900
3 1104 84986406011
3 1107 127134135822
3 1110 63395265024
3 1113 84299184401
3 1116 84072573688
3 1119 125770767074
3 1122 62717240800
3 1125 125099989649
3 1128 83178184607
3 1131 82957552819
3 1134 82738088392
3 1137 123779673136
3 1140 61726968576
3 1143 123129911072
3 1146 81871720974
3 1149 122486935035
3 1152 122167958641
3 1155 60925319635
3 1158 81023309358
3 1161 121220920203
3 1164 80605663433
3 1167 120597676397
3 1170 60144225792
3 1173 79987205658
3 1176 79783156664
3 1179 119370219131
3 1182 79378166021
3 1185 79177208640
3 1188 78977266192
3 1191 118167496520
3 1194 78580395508
3 1197 78383452161
3 1200 78187493530
3 1203 116988768375
3 1206 77798501025
3 1209 77605452637
3 1212 77413359931
3 1215 115833323749
3 1218 57774009998
3 1221 76842745486
3 1224 76654405422
3 1227 114700479507
3 1230 57210361120
3 1233 114142326322
3 1236 75910187893
3 1239 75726385986
3 1242 75543472010
3 1245 75361439549
3 1248 75180282241
3 1251 112499990692
3 1254 56115425978
3 1257 53147495731
3 1260 55848209664
3 1263 111431107170
3 1266 74111368275
3 1269 110904246143
3 1272 73761786349
3 1275 73588229206
3 1278 73415486883
3 1281 73243553660
3 1284 73072423860
3 1287 72902091870
3 1290 54549414091
3 1293 106940640645
3 1296 108593741014
3 1299 108342947156
3 1302 54046654514
3 1305 71896545776
3 1308 71731645441
3 1311 71567499799
3 1314 71404103681
3 1317 106862177946
3 1320 53309654680
3 1323 106377542219
3 1326 53068434523
3 1329 26187922454
3 1332 70439183361
3 1335 70280893062
3 1338 70123312583
3 1341 104949655746
3 1344 69810262081
3 1347 104482173983
3 1350 69499994249
3 1353 69345892268
3 1356 69192472151
3 1359 103559594080
3 1362 68887659498
3 1365 51552193539
3 1368 68585520640
3 1371 98897746760
3 1374 68286020550
3 1377 102205873896
3 1380 50991843607
3 1383 101762464465
3 1386 50771099695
3 1389 101322885785
3 1392 67403011664
3 1395 67258058951
3 1398 67113728352
3 1401 100455023808
3 1404 66826917547
3 1407 66684429451
3 1410 49906910764
3 1413 99601902587
3 1416 66260587737
3 1419 66120501930
3 1422 65981007198
3 1425 65842099816
3 1428 49277832057
3 1431 98349048466
3 1434 65428864879
3 1437 97938405258
3 1440 65156244608
3 1443 65020784642
3 1446 64885886747
3 1449 64751547438
3 1452 64617763248
3 1455 64484530747
3 1458 96527769791
3 1461 84988296616
3 1464 64088109451
3 1467 95935574884
3 1470 47869893998
3 1473 95544798612
3 1476 63567067911
3 1479 63438128626
3 1482 47482283520
3 1485 63181812954
3 1488 63054430266
3 1491 62927560187
3 1494 62801199623
3 1497 94013018273
3 1500 62549994824
3 1503 93637716803
3 1506 62300791657
3 1509 93265399838
3 1512 62053566294
3 1515 61930687945
3 1518 46356221460
3 1521 92529578143
3 1524 61564955536
3 1527 92166004162
3 1530 45992643253
3 1533 61203517442
3 1536 91625968981
3 1539 91447360855
3 1542 60846298467
3 1545 60728150315
3 1548 60610460101
3 1551 60493225170
3 1554 45282332160
3 1557 90390165931
3 1560 45108169344
3 1563 90043178730
3 1566 59913788146
3 1569 89698845351
3 1572 59685109565
3 1575 59571423643
3 1578 59458169985
3 1581 59345346134
3 1584 59232949644
3 1587 88681467143
3 1590 44257071809
3 1593 88347450317
3 1596 44090691840
3 1599 58677293457
3 1602 58567410884
3 1605 58457939089
3 1608 58348875769
3 1611 87360327967
3 1614 58131965450
3 1617 58024113938
3 1620 57916661874
3 1623 173223934
3 1626 57702947255
3 1629 86395020476
3 1632 57490804066
3 1635 57385316354
3 1638 42960161280
3 1641 85763247017
3 1644 57071163161
3 1647 85450812602
3 1650 42647723744
3 1653 56760430875
3 1656 56657604007
3 1659 56555149028
3 1662 50668713856
3 1665 56351346690
3 1668 56249995345
3 1671 181283701
3 1674 56048382459
3 1677 55948117017
3 1680 41886157248
3 1683 55748658490
3 1686 55649461587
3 1689 41201462402
3 1692 55452123071
3 1695 55353977722
3 1698 55256179173
3 1701 82738088392
3 1704 55061615162
3 1707 82447269101
3 1710 41151312384
3 1713 79213174411
3 1716 41007426676
3 1719 81871720975
3 1722 40864543657
3 1725 54391299848
3 1728 81445305761
3 1731 81304152718
3 1734 54108992062
3 1737 81023309358
3 1740 40441806998
3 1743 53829599678
3 1746 53737108955
3 1749 53644935527
3 1752 53553077760
3 1755 53461534038
3 1758 53370302751
3 1761 79919073456
3 1764 53188771109
3 1767 53098467593
3 1770 39756352642
3 1773 79378166021
3 1776 52829387520
3 1779 79110448766
3 1782 52651510795
3 1785 39422265648
3 1788 52474827872
3 1791 78580395508
3 1794 39224495082
3 1797 67875378486
3 1800 52124995687
3 1803 78057397868
3 1806 38963867208
3 1809 77798501026
3 1812 51779797040
3 1815 51694210600
3 1818 51608906620
3 1821 7795196584
3 1824 51439140480
3 1827 51354675555
3 1830 38452865670
3 1833 51186575144
3 1836 51102936948
3 1839 76529357453
3 1842 50936477870
3 1845 50853654330
3 1848 38078324771
3 1851 76033218993
3 1854 50606791929
3 1857 35962363246
3 1860 37832658160
3 1863 75543472010
3 1866 50281346322
3 1869 50200637902
3 1872 50120188160
3 1875 75059993790
3 1878 49960059764
3 1881 49880378649
3 1884 40055879813
3 1887 49721776490
3 1890 37232139776
3 1893 74346269601
3 1896 49485755399
3 1899 74111368276
3 1902 36341505635
3 1905 45840025575
3 1908 49174524233
3 1911 49097327179
3 1914 36765279089
3 1917 73415486883
3 1920 48867183456
3 1923 29903018
3 1926 48714949240
3 1929 72958780900
3 1932 36422745433
3 1935 48488368081
3 1938 36309981515
3 1941 79153850
3 1944 72395827343
3 1947 48189518356
3 1950 36086535475
3 1953 48041470680
3 1956 47967787442
3 1959 71841494822
3 1962 47821096960
3 1965 47748087653
3 1968 47675300933
3 1971 71404103681
3 1974 35647793403
3 1977 237463746
3 1980 35539769786
3 1983 -322022486
3 1986 39838125996
3 1989 47171941799
3 1992 47100899717
3 1995 35272553474
3 1998 46959455574
3 2001 46889051593
3 2004 43737813029
3 2007 70123312584
3 2010 35009325461
3 2013 46609534147
3 2016 46540174720
3 2019 69706532123
3 2022 30395336756
3 2025 69499994250
3 2028 46264789071
3 2031 69294676689
3 2034 44554328891
3 2037 46060379105
3 2040 34494482440
3 2043 68887659498
3 2046 34393325600
3 2049 -99457165
3 2052 45723680427
3 2055 45656930530
3 2058 45590375236
3 2061 68286020551
3 2064 45457845076
3 2067 45391868524
3 2070 33994562404
3 2073 190945405
3 2076 37684986613
3 2079 45129866397
3 2082 43257488633
3 2085 39617441084
3 2088 44935341109
3 2091 44870871468
3 2094 40179374087
3 2097 59505346735
3 2100 33508925798
3 2103 165862129
3 2106 44551278365
3 2109 44487905281
3 2112 44424712233
3 2115 44361698457
3 2118 41077020637
3 2121 43816888222
3 2124 44173725158
3 2130 33036969097
3 2133 65981007199
3 2136 43925558163
3 2139 43863951491
3 2142 32851888038
3 2145 32805941343
3 2148 39492692779
3 2151 65428864879
3 2154 43558492217
3 2157 65246865255
3 2160 43437496405
3 2163 43377250225
3 2166 43317170931
3 2169 64885886748
3 2172 42228362337
3 2175 43137927465
3 2178 43078508832
3 2181 64528880493
3 2184 32220120960
3 2187 128703693054
3 2190 32131846656
3 2193 42783854189
3 2196 42725406300
3 2199 64000676833
3 2202 42608988300
3 2205 42551016888
3 2208 42493203005
3 2211 42435546015
3 2214 42378045274
3 2220 31697632512
3 2223 42206474241
3 2226 31612194149
3 2232 42036286844
3 2235 34198914106
3 2238 36321064580
3 2241 62801199623
3 2244 31358620400
3 2247 41755670778
3 2250 41699996549
3 2253 -328376831
3 2256 41589092303
3 2259 62300791658
3 2262 31109082306
3 2265 41423837632
3 2268 41369044196
3 2271 -186432715
3 2274 41259891045
3 2277 41205530188
3 2280 30863484288
3 2283 61645855609
3 2286 41043303690
3 2289 40989511681
3 2292 37567878934
3 2295 40882349559
3 2298 37772198649
3 2301 40775746300
3 2304 61083979320
3 2307 61004546318
3 2310 24370127853
3 2313 60846298468
3 2316 40511654679
3 2319 60688869493
3 2322 40406973400
3 2325 40354835372
3 2328 39383006584
3 2331 40250961921
3 2334 34690879304
3 2337 40147621839
3 2340 30072112896
3 2343 40044811027
3 2346 29995202121
3 2349 59913788146
3 2352 39891578332
3 2355 39840761036
3 2358 39790073043
3 2361 -2303562
3 2364 39689083010
3 2367 59458169985
3 2370 29275218493
3 2373 38432334417
3 2376 39488633096
3 2379 39438836586
3 2382 36159932390
3 2385 39339619387
3 2388 38721525194
3 2394 29393794560
3 2397 39142675109
3 2400 39093746765
3 2403 58567410884
3 2406 13326495559
3 2409 38947692918
3 2412 38899250512
3 2415 29138196349
3 2418 29102044738
3 2421 58131965450
3 2424 38706679965
3 2427 57988252310
3 2430 38611107916
3 2433 -348883024
3 2436 28887004999
3 2439 57702947255
3 2442 28816029556
3 2445 38374229955
3 2448 38327202711
3 2451 38280290590
3 2454 23228315252
3 2457 38186810027
3 2460 28605180560
3 2463 -7016941
3 2466 33914940934
3 2469 -326166262
3 2472 37562613355
3 2475 37909087773
3 2478 28397394744
3 2484 37771736005
3 2490 26837878349
3 2493 56453063921
3 2496 37590141120
3 2499 37545014902
3 2502 14811655740
3 2505 37455086721
3 2508 28057712989
3 2511 56048382459
3 2514 3011211862
3 2520 27924104832
3 2523 55781802757
3 2526 33914469273
3 2529 52407298412
3 2532 37055684137
3 2535 37011831257
3 2538 36968082047
3 2541 36924436142
3 2544 36880893174
3 2547 55256179174
3 2550 27595585952
3 2553 36750878275
3 2556 36707743441
3 2562 27466332622
3 2565 36578944343
3 2568 36536211930
3 2574 27338284451
3 2580 27274707045
3 2583 36324038807
3 2586 18701555807
3 2589 54359786928
3 2592 54296870507
3 2595 36156066373
3 2598 36114315718
3 2601 54108992063
3 2604 27023327257
3 2607 35989640290
3 2610 26961204665
3 2613 35907000474
3 2616 35865822720
3 2619 53737108956
3 2622 26837812424
3 2625 35742854186
3 2628 35702051840
3 2631 53492013818
3 2634 35620725982
3 2637 53370302751
3 2640 26654827340
3 2646 35459180739
3 2649 53128534675
3 2652 26534217261
3 2655 35338980128
3 2658 12572540405
3 2664 35219591680
3 2667 28912550173
3 2670 24848111825
3 2673 52651510795
3 2676 35061656291
3 2679 35022393520
3 2682 34087874007
3 2685 24172367550
3 2688 34905131040
3 2691 34866217852
3 2694 18756730021
3 2697 34788651182
3 2700 34749997124
3 2703 34711428871
3 2706 26004709600
3 2709 34634548630
3 2712 34596236075
3 2715 32926227528
3 2718 32545951182
3 2721 51722707959
3 2724 32444420931
3 2727 51608906621
3 2730 20620877414
3 2736 34292760320
3 2739 34255199795
3 2742 34217721457
3 2745 34180325042
3 2748 32335661139
3 2751 34105776895
3 2754 34068624632
3 2760 25495921803
3 2763 50936477870
3 2766 30864041792
3 2769 33884070869
3 2772 25385549847
3 2775 33810808013
3 2778 33774295261
3 2781 50606791929
3 2784 33701505832
3 2790 25221772106
3 2793 33592908069
3 2796 26130024263
3 2799 50281346322
3 2802 14831750266
3 2805 25086896320
3 2808 33413458773
3 2814 25006661043
3 2817 47879550941
3 2820 24953455382
3 2826 24154855642
3 2829 33165426736
3 2832 33130293868
3 2835 33095235358
3 2838 24187858052
3 2844 32990503599
3 2847 32955740161
3 2850 24690787430
3 2853 27610328345
3 2856 24638916028
3 2862 32132545584
3 2865 32290075580
3 2868 26854275785
3 2871 32680248081
3 2874 17373486126
3 2877 32612093236
3 2880 32578122304
3 2883 48816333110
3 2886 24382794240
3 2889 48714949240
3 2892 26389861350
3 2895 32409323743
3 2898 24281830289
3 2904 32308881624
3 2907 32275539125
3 2910 23506844851
3 2916 48263884895
3 2919 29681247316
3 2922 33837876
3 2925 32076920424
3 2928 32044054725
3 2934 30244648637
3 2937 31945860483
3 2940 23934946999
3 2943 47821096961
3 2946 31848266203
3 2952 31783533955
3 2955 28816203775
3 2958 23789298234
3 2961 31686927470
3 2964 23741141760
3 2967 31622848749
3 2970 23693179857
3 2976 31527215133
3 2979 -182325033
3 2982 23597835069
3 2985 26378800493
3 2988 30157037730
3 2994 27360428244
3 2997 46959455574
3 3000 29589900700
3 3003 23432815246
3 3006 22051373910
3 3009 31181453053
3 3012 31150395828
3 3015 31119400410
3 3018 31088466612
3 3021 31057594253
3 3024 31026783147
3 3030 17616202204
3 3033 34230328813
3 3036 23178110730
3 3042 30843192714
3 3045 23109603999
3 3048 29291699843
3 3051 44355186264
3 3054 26639413016
3 3057 46037778330
3 3060 22996321626
3 3066 22483110409
3 3069 30571844979
3 3072 45812984490
3 3075 30512192598
3 3078 30482453618
3 3081 30452772554
3 3084 30423149233
3 3087 45590375237
3 3090 22414664330
3 3096 30305230050
3 3102 22684959438
3 3105 30217388804
3 3108 22641166080
3 3111 30159110330
3 3114 27073275614
3 3120 22554084672
3 3123 45064837770
3 3126 -268607779
3 3129 29985615928
3 3132 29956894073
3 3135 22446170393
3 3138 4863849918
3 3141 44806586551
3 3144 29842554782
3 3150 22339283865
3 3156 26521202539
3 3159 44551278365
3 3162 22254504800
3 3165 12850476960
3 3168 29616474822
3 3171 29588455452
3 3174 15584066753
3 3177 40319406058
3 3180 22128535904
3 3186 29449150105
3 3192 22045345920
3 3195 28224060483
3 3198 22003985046
3 3201 26734218972
3 3204 29283705442
3 3210 21921727158
3 3213 29201678256
3 3216 29174437884
3 3219 29147248287
3 3222 19440715736
3 3225 29093020849
3 3228 29065982725
3 3231 43558492218
3 3234 20435961298
3 3237 28985169058
3 3240 28958330937
3 3243 28931542472
3 3246 -228385124
3 3249 43317170931
3 3252 25794693931
3 3255 21618661807
3 3258 23164266439
3 3264 28745402033
3 3267 43078508832
3 3270 21519493632
3 3276 21480080640
3 3282 -88691055
3 3285 15945429122
3 3288 26263801135
3 3294 28483604200
3 3297 22220071494
3 3300 21323861872
3 3303 -495272699
3 3306 21285161578
3 3312 28328802003
3 3315 21227373810
3 3318 17978947769
3 3321 42378045274
3 3324 23439431498
3 3330 21131755008
3 3333 22664313533
3 3336 24903607600
3 3339 28099728133
3 3342 380515721
3 3345 28049325034
3 3348 28024191229
3 3354 18226900933
3 3357 -278271554
3 3360 20943078624
3 3363 27899194837
3 3366 20905746933
3 3372 18388211704
3 3375 41699996550
3 3378 -431058857
3 3381 27750663188
3 3384 27726061535
3 3390 18635247255
3 3393 27652517607
3 3396 2774190466
3 3399 27603704690
3 3402 27579362797
3 3405 23269463863
3 3408 27530807581
3 3411 41259891045
3 3414 -6266633
3 3417 27458294480
3 3420 20575656192
3 3423 10124271269
3 3426 -2713181062
3 3429 32338165250
3 3432 20503713338
3 3435 23972754249
3 3438 26831960847
3 3441 27266780657
3 3444 20432271828
3 3447 33916671198
3 3450 20396737442
3 3456 40722652880
3 3462 27101384239
3 3465 20308439878
3 3468 27054496031
3 3471 27031112717
3 3474 25065416085
3 3477 26984467138
3 3480 20220903499
3 3483 40406973401
3 3486 16948424823
3 3492 23056511743
3 3495 22578293974
3 3498 20116850822
3 3501 10631400787
3 3504 25172011171
3 3507 15968465731
3 3510 20048075264
3 3516 15999020518
3 3519 26662401886
3 3522 24378820679
3 3525 26617019074
3 3528 26594385554
3 3531 24122620810
3 3534 19911925347
3 3537 39790073044
3 3540 19878176321
3 3546 23524413440
3 3549 26437022327
3 3552 26414693760
3 3555 26392402880
3 3558 18813064495
3 3564 26325755397
3 3567 26303614308
3 3570 15768906258
3 3573 39389165507
3 3576 22888069813
3 3582 23258489936
3 3585 26171545953
3 3588 19612247541
3 3591 26127817387
3 3594 14404297797
3 3597 26084234707
3 3600 26062497843
3 3606 -1534980500
3 3609 5884574295
3 3612 19481933604
3 3615 21804426724
3 3618 25932833675
3 3621 22571885776
3 3624 24221803714
3 3627 25868484213
3 3630 19385328974
3 3633 16445319728
3 3636 25804453310
3 3642 -423234323
3 3645 41445979208
3 3648 25719570240
3 3654 19258003332
3 3657 25656273514
3 3660 19226432835
3 3663 25614248496
3 3666 19194965678
3 3672 25551468474
3 3675 25530610133
3 3678 25509785817
3 3681 17140922964
3 3684 9570368014
3 3690 19070120373
3 3696 19039162385
3 3699 38047442107
3 3702 25344406330
3 3705 18992913409
3 3708 22683631369
3 3714 -695851552
3 3717 25242128662
3 3720 18916329080
3 3723 23770954451
3 3726 25181157336
3 3729 17549626345
3 3732 22879802689
3 3735 25120479849
3 3738 16121968113
3 3741 25080190388
3 3744 25060094080
3 3750 8419917823
3 3753 27574920312
3 3756 24980029882
3 3759 18704514970
3 3762 18705141992
3 3765 24920316663
3 3768 22165845983
3 3771 43052577
3 3774 18645666183
3 3780 18616069888
3 3783 24801742595
3 3786 -1624883315
3 3789 37143702390
3 3792 23964758027
3 3795 18542488585
3 3798 18754481980
3 3801 24087125362
3 3804 14176581163
3 3807 36968082048
3 3810 18469486660
3 3813 24606606934
3 3816 24587262116
3 3819 24567947692
3 3822 18411497691
3 3825 24529409735
3 3828 18382639544
3 3834 22692050151
3 3840 24433591728
3 3843 24414517886
3 3846 -219402387
3 3852 20380230107
3 3855 22706738724
3 3858 24319593633
3 3861 24300697290
3 3864 18211372716
3 3870 18183138030
3 3876 18154990757
3 3879 -614199477
3 3882 261848693
3 3885 18112932865
3 3888 36197913671
3 3894 18071069383
3 3897 -1308349740
3 3900 18043267737
3 3906 18015551504
3 3912 15631352480
3 3915 23965515259
3 3918 -481544710
3 3924 23910548480
3 3927 17919211657
3 3930 15644662397
3 3933 23855833267
3 3936 23837650466
3 3939 16610957223
3 3942 22370873986
3 3945 22157766552
3 3948 17823896701
3 3951 35620725982
3 3954 679899346
3 3960 17769884893
3 3966 -241517845
3 3969 35459180740
3 3972 16216526742
3 3975 23603771633
3 3978 17689478174
3 3984 22460343589
3 3987 229929496
3 3990 14109021389
3 3993 35246052681
3 3996 23479727787
3 3999 23462113588
3 4002 17583394347
3 4005 23426964355
3 4008 21181382147
3 4011 19267321533
3 4014 23374437527
3 4017 23356980891
3 4020 12103610853
3 4023 34983218582
3 4026 16567569327
3 4029 17631417659
3 4032 23270087360
3 4035 20196006484
3 4038 23235510707
3 4041 -350544017
3 4044 10089665436
3 4047 19607488721
3 4050 23166664749
3 4053 20667683791
3 4056 23132394535
3 4059 23115297422
3 4062 23098225562
3 4065 21413084096
3 4068 21891960223
3 4071 23047160952
3 4074 6471671948
3 4077 34519864693
3 4080 17247241220
3 4086 9375440091
3 4089 22945706099
3 4092 17196662800
3 4095 17184064513
3 4098 418066413
3 4104 22861840213
3 4110 12321910071
3 4113 -1950560385
3 4116 6659023122
3 4122 19827031617
3 4125 22745452664
3 4128 22728922538
3 4131 34068624632
3 4134 15319618480
3 4137 22679476006
3 4140 16997281202
3 4146 22630244147
3 4149 30864041792
3 4152 20576000193
3 4155 16450675936
3 4158 16923699898
3 4161 17245120496
3 4164 -744217052
3 4167 33774295262
3 4170 6566715910
3 4173 22483822726
3 4176 22467670554
3 4179 17142331438
3 4182 16826576800
3 4185 22419352985
3 4188 4973194706
3 4191 16824914152
3 4194 13379963656
3 4200 16754462899
3 4203 14831750266
3 4206 38426450
3 4209 20018664376
3 4212 22275639182
3 4215 21169678366
3 4218 15439402399
3 4221 21137262044
3 4224 22212356116
3 4230 16635636921
3 4233 21075023011
3 4236 -456324075
3 4239 27706403862
3 4242 9633581384
3 4245 20295122534
3 4248 13848887273
3 4251 22071275520
3 4254 22055710445
3 4257 22040167310
3 4260 12149242999
3 4263 20157619711
3 4266 21993669066
3 4272 15449886814
3 4275 21947366605
3 4278 16448981808
3 4284 16425944019
3 4290 13122376536
3 4293 32783016155
3 4296 16555646326
3 4302 10067656150
3 4305 16345817465
3 4308 19836892407
3 4311 23072765291
3 4314 17666366714
3 4320 21718748202
3 4323 18646896510
3 4326 12086424388
3 4329 21673594880
3 4332 21274402337
3 4335 21643596825
3 4338 6433714395
3 4344 12018751071
3 4347 21583849147
3 4350 16176722799
3 4356 19725402919
3 4362 -2313953804
3 4365 10670820783
3 4368 16110060480
3 4371 21465337963
3 4374 32175923263
3 4380 10181075885
3 4383 32109853606
3 4386 14005049782
3 4389 16032978851
3 4392 21362703150
3 4395 -140928085
3 4398 21333558944
3 4401 -1272286258
3 4404 16667099300
3 4407 6452281450
3 4410 15956631332
3 4416 21246601502
3 4419 31848266204
3 4422 15502951781
3 4425 21203388076
3 4428 21189022637
3 4431 18972914272
3 4434 21160350075
3 4437 21146042875
3 4440 15848816256
3 4446 15827427840
3 4452 13863743373
3 4455 21060604318
3 4458 21046431636
3 4464 21018143422
3 4470 12220620767
3 4473 9996332610
3 4476 7084022690
3 4482 18370868320
3 4485 15689798035
3 4488 15679310200
3 4491 22379829867
3 4494 10726811209
3 4500 20849998274
3 4503 18748304897
3 4506 -465702354
3 4509 31212572268
3 4512 20794546151
3 4515 14090887199
3 4518 20766930552
3 4521 19904811639
3 4524 15554541153
3 4527 -1966439496
3 4530 9107464247
3 4536 20684522098
3 4539 416690689
3 4542 20657197762
3 4545 14155810943
3 4548 20629945522
3 4551 20616346350
3 4554 15452073820
3 4557 20589201721
3 4560 15431742144
3 4563 17136080185
3 4566 20548618536
3 4572 13669373067
3 4575 20508195025
3 4578 15371066880
3 4581 26639413016
3 4584 17522617581
3 4587 15435002423
3 4590 15330881084
3 4596 17479426538
3 4599 18796644771
3 4602 15290904862
3 4605 4184764351
3 4608 -185008239
3 4611 20348078993
3 4614 -3488731863
3 4617 30482453618
3 4620 12185063926
3 4623 20295261137
3 4626 20282099489
3 4632 16804846270
3 4635 14859610189
3 4638 20229623164
3 4641 15162409866
3 4644 20203486700
3 4650 15133063264
3 4653 20164408390
3 4656 19746141034
3 4662 15094110720
3 4665 369983396
3 4668 -478791786
3 4671 18658704748
3 4674 15055358189
3 4680 15036056448
3 4683 20035232168
3 4686 10695458813
3 4689 30014392910
3 4692 14997601060
3 4695 -646913054
3 4698 19971262715
3 4704 19945789166
3 4707 18175205878
3 4710 7711501405
3 4716 19895036521
3 4719 19432554475
3 4722 478127488
3 4725 19857141214
3 4728 17847963491
3 4731 19831957777
3 4734 18575827914
3 4740 10868482106
3 4743 17517901665
3 4746 11485304346
3 4752 19744316548
3 4755 -230011009
3 4758 11560330603
3 4761 19799497875
3 4764 2029577026
3 4767 10631101904
3 4770 13646136170
3 4773 19657446520
3 4776 13524609750
3 4779 29449150106
3 4785 14706111638
3 4788 14696897280
3 4794 12597994342
3 4797 19559097820
3 4800 19546873382
3 4806 19066473693
3 4809 17429782764
3 4812 211731985
3 4815 19485979696
3 4818 11089599034
3 4824 9788134498
3 4830 11655278538
3 4833 1218790324
3 4836 14551022369
3 4842 15294733445
3 4845 14523992607
3 4848 12333172355
3 4851 19341371313
3 4860 19305553958
3 4866 19281749329
3 4869 26643933051
3 4872 14443502499
3 4875 11764569916
3 4878 15892661779
3 4884 14408014778
3 4887 9506719337
3 4890 11024561286
3 4893 -125256142
3 4896 19163601355
3 4899 17372087334
3 4902 14355108971
3 4905 19128438784
3 4908 19116746584
3 4914 14320053760
3 4917 5467001454
3 4920 14302590280
3 4923 25358515890
3 4926 -3883639
3 4929 14021085006
3 4932 8141910142
3 4935 14259117361
3 4938 -12894678
3 4941 28483604201
3 4944 15792573604
3 4947 11530722339
3 4950 14215907914
3 4953 8103519168
3 4956 13548226801
3 4959 18920143625
3 4962 18908704602
3 4965 3804797406
3 4968 18885868002
3 4977 15556628947
3 4980 9568902066
3 4983 13529284007
3 4986 15588454857
3 4992 17304850742
3 4995 18783782230
3 4998 14079380587
3 5004 7727127620
3 5010 9296640594
3 5013 28074503961
3 5016 14028856494
3 5019 13981313261
3 5022 18682794153
3 5025 17349151660
3 5028 219568572
3 5031 18649372340
3 5037 13879105393
3 5040 13962052416
3 5046 15364701136
3 5049 18582886164
3 5052 4148108025
3 5055 16875338349
3 5058 1220521466
3 5061 10885404799
3 5064 11421334018
3 5067 -445084207
3 5070 10650203605
3 5073 12527503796
3 5076 18484041023
3 5082 11397493867
3 5085 15999527459
3 5088 18440446587
3 5094 15483218794
3 5100 13797792976
3 5103 32491208909
3 5106 13781579353
3 5109 15135415981
3 5112 15248490702
3 5115 13757330240
3 5121 11944206099
3 5124 9650577940
3 5130 13717104128
3 5133 17351896853
3 5136 16582614988
3 5139 27386162358
3 5145 11299478829
3 5148 13669142225
3 5151 11194740592
3 5157 26162415197
3 5160 13637353522
3 5166 13621514552
3 5172 178044324
3 5175 18130433283
3 5181 3418530864
3 5184 27148435253
3 5187 13566366720
3 5190 8814479573
3 5193 -3120630064
3 5196 7907827082
3 5202 17483737058
3 5205 18025935109
3 5208 10425757358
3 5211 27007769786
3 5214 11810624131
3 5217 17984472348
3 5220 13480602332
3 5226 11487519758
3 5229 17943199892
3 5232 17932911360
3 5235 -388766600
3 5238 11737330273
3 5244 13418906212
3 5247 17881645177
3 5250 10954400633
3 5253 12391305167
3 5256 17466842792
3 5262 17830671272
3 5265 18712467064
3 5268 1212038922
3 5271 17800226189
3 5274 5610189444
3 5280 13327413670
3 5283 24378820680
3 5289 12136137988
3 5292 13985694946
3 5295 7444148200
3 5301 17699489199
3 5304 13267108630
3 5307 14841780195
3 5310 10410467270
3 5313 13244634703
3 5316 -246757525
3 5319 26459388674
3 5325 11739407351
3 5328 17609795840
3 5334 2352946397
3 5337 -2459075371
3 5340 4668514230
3 5343 7653580333
3 5346 17550503598
3 5352 17530828145
3 5355 13140755216
3 5358 13133397569
3 5364 9766033612
3 5370 6102601828
3 5373 22444861540
3 5376 12753937863
3 5379 1736690595
3 5382 13074831694
3 5385 -1150346273
3 5388 -241410670
3 5391 -1875867672
3 5394 12508653998
3 5397 17384656705
3 5400 17374998562
3 5406 13016785826
3 5409 -1131750570
3 5412 13002354800
3 5415 13985214401
3 5418 10071587795
3 5421 11538123681
3 5424 14352805375
3 5427 25932833675
3 5430 5079788815
3 5436 9507552402
3 5439 17250412253
3 5445 6431536042
3 5448 330756968
3 5451 13129848290
3 5454 5268479226
3 5457 14258448863
3 5460 10310438707
3 5463 249868542
3 5472 17146380160
3 5475 12061501979
3 5478 6589599772
3 5481 17118225185
3 5484 -1375114866
3 5487 6821213969
3 5490 8690347130
3 5496 13729851165
3 5499 15568197663
3 5502 10709157512
3 5505 1382654408
3 5508 17034312316
3 5511 11487183526
3 5517 25509785818
3 5520 12747960901
3 5523 13035709957
3 5526 9367480852
3 5529 4707770955
3 5532 16960410744
3 5535 16951218110
3 5538 8550034800
3 5544 12692774923
3 5550 12679053004
3 5553 25344406331
3 5556 16887147630
3 5559 16878034222
3 5562 14198454032
3 5565 11194436713
3 5568 16850752916
3 5571 -658065271
3 5577 14918501657
3 5580 8395454932
3 5586 11603269764
3 5589 25181157337
3 5592 5669552213
3 5595 16769435611
3 5598 14278615605
3 5604 5597128378
3 5607 13391891996
3 5610 10034758528
3 5616 16706729386
3 5625 12881053258
3 5628 7194120384
3 5634 1454590849
3 5640 10215857219
3 5643 16626792883
3 5649 -2897721359
3 5652 -556511827
3 5655 12443632924
3 5658 6599841431
3 5661 16573925498
3 5664 14701711518
3 5670 22098412606
3 5673 13914569081
3 5676 10136723639
3 5679 24782089867
3 5685 16503956418
3 5688 15944346011
3 5691 16486556359
3 5694 4593917929
3 5697 21116595547
3 5700 12345393715
3 5706 438614127
3 5709 11792355197
3 5712 12319458014
3 5715 11751536904
3 5718 16408707981
3 5724 16391508077
3 5727 13753703455
3 5730 5130351792
3 5733 16365775727
3 5736 14096345747
3 5742 12255093029
3 5745 16331591338
3 5748 -96747619
3 5751 24471828961
3 5754 2322757399
3 5757 10578608545
3 5760 13343748490
3 5763 11566841374
3 5766 16272111036
3 5769 7777719346
3 5772 11015409754
3 5775 12185063929
3 5778 13181536717
3 5781 8763715534
3 5784 -314540654
3 5787 24319593633
3 5790 3109070330
3 5796 12140915144
3 5805 15761552220
3 5808 15079515845
3 5811 3576833440
3 5814 12103327171
3 5817 6644544427
3 5820 9667260707
3 5823 24169240659
3 5829 13639431070
3 5832 33946458644
3 5835 2160429933
3 5838 2618705334
3 5841 15136286815
3 5844 9225401054
3 5850 12028845158
3 5856 11972735554
3 5859 16013823561
3 5865 11998080850
3 5868 7305596418
3 5871 14332440645
3 5874 5597984678
3 5877 23947164941
3 5880 9022160837
3 5883 13951916333
3 5886 15940365653
3 5889 633422385
3 5892 15924133101
3 5895 -246193822
3 5901 12657682993
3 5904 15891766977
3 5907 4183138457
3 5910 420906432
3 5913 18344564563
3 5916 11894649117
3 5922 9940244100
3 5925 15057322057
3 5928 11870570880
3 5934 11858568280
3 5940 11846589928
3 5943 1210272294
3 5949 23657335410
3 5952 15763607566
3 5955 7500611603
3 5958 835524265
3 5964 6518490614
3 5967 15723980600
3 5970 6477849189
3 5973 14639740
3 5976 14277638424
3 5985 11757517824
3 5988 -650034494
3 5994 18827137710
3 6000 14750600671
3 6003 15629683864
3 6006 9373126097
3 6012 8285050103
3 6015 -465645214
3 6018 8819477832
3 6021 16062616041
3 6024 -2111897084
3 6027 15142305522
3 6030 8612995457
3 6036 12202579334
3 6039 12912213508
3 6042 8304943872
3 6045 11640817896
3 6048 15513391573
3 6057 -588069927
3 6060 9878127665
3 6063 13663394383
3 6066 7437958747
3 6069 15459712019
3 6072 11589055365
3 6075 23166664750
3 6084 10738905455
3 6090 3004735106
3 6093 23098225563
3 6096 9658722356
3 6099 14504315747
3 6102 10141052190
3 6105 11526411824
3 6108 11278412322
3 6111 11042437717
3 6120 11498160813
3 6123 11381780642
3 6129 937585413
3 6132 7118595043
3 6135 9984187131
3 6138 11464441866
3 6141 6838320792
3 6144 22906492245
3 6150 10559482028
3 6153 11166069559
3 6156 20139566181
3 6162 9890581041
3 6165 -232145770
3 6168 13579793953
3 6171 13511942359
3 6174 3624952471
3 6177 8804284800
3 6180 6503272160
3 6183 22762006850
3 6192 14214275643
3 6195 9337416611
3 6201 13462528036
3 6204 8407417085
3 6210 11331520801
3 6213 15101399040
3 6216 8375270378
3 6219 -1193336487
3 6222 7578032498
3 6225 10060253337
3 6228 5684585687
3 6231 11806686816
3 6237 17711784623
3 6240 11277042336
3 6246 10732430284
3 6252 15007196455
3 6255 4196533234
3 6258 4780764345
3 6264 14978447036
3 6270 8978468156
3 6273 14956957156
3 6276 -156336001
3 6279 11206998597
3 6282 398018505
3 6285 34951049
3 6288 11975964729
3 6291 20911486965
3 6300 11169641932
3 6303 1727212686
3 6309 -1516164506
3 6312 9156452683
3 6315 1403702161
3 6318 29394847755
3 6321 4856281342
3 6324 10503772165
3 6327 14829301760
3 6330 212673742
3 6336 14808237411
3 6342 3491210740
3 6345 12882174813
3 6348 -450324515
3 6351 8736740705
3 6354 5248505233
3 6357 4434518975
3 6360 6848836831
3 6363 11959447285
3 6369 11037757209
3 6372 12858001390
3 6375 13869060899
3 6381 22055710446
3 6384 11022672960
3 6390 694863874
3 6396 10634459882
3 6399 22694692251
3 6402 7566445154
3 6405 5991270612
3 6408 7748801604
3 6417 14621317163
3 6420 8025888346
3 6426 10950629346
3 6432 12130408420
3 6435 10935313782
3 6438 9846354917
3 6441 7666541219
3 6444 8032462890
3 6447 6993856754
3 6450 8829373995
3 6453 6611618130
3 6456 11476211666
3 6462 5549242671
3 6465 5457208059
3 6468 9145645039
3 6471 -1333691151
3 6474 6308070547
3 6477 4044340575
3 6480 18565935338
3 6486 3577117610
3 6489 10713541655
3 6492 11784247
3 6495 14445726288
3 6498 14439056977
3 6501 -58562867
3 6504 10343148442
3 6507 5275961537
3 6510 5305810750
3 6513 5244604228
3 6516 862419841
3 6519 12724448872
3 6525 14379309155
3 6528 10577233328
3 6531 11884265780
3 6534 11818118121
3 6540 10759746816
3 6543 21509626831
3 6549 12463178150
3 6552 10740040320
3 6555 10735124972
3 6564 11064641386
3 6567 8221015530
3 6570 4939711804
3 6573 895738898
3 6576 498288335
3 6579 14261284731
3 6585 991620297
3 6588 1407378174
3 6594 5999717943
3 6597 -2490021691
3 6600 10661930936
3 6603 4944104510
3 6606 6589457957
3 6612 10642580789
3 6615 13346490185
3 6624 14164401001
3 6630 8490949523
3 6633 12464376014
3 6636 6521502071
3 6642 21248941159
3 6645 -53070576
3 6648 3078141510
3 6657 4246410262
3 6660 7630814870
3 6666 3171484305
3 6669 14068824748
3 6672 7867862165
3 6675 7163127495
3 6678 9658045615
3 6681 4887753709
3 6684 99679815
3 6690 6303065766
3 6693 5024167932
3 6696 14012095614
3 6699 8818874477
3 6705 378533298
3 6708 8756395616
3 6714 2510247263
3 6720 10471539312
3 6723 20933733208
3 6726 6167117487
3 6732 10452873466
3 6735 2570154529
3 6741 6152536268
3 6744 852670496
3 6747 11720769468
3 6750 3203066873
3 6756 118252787
3 6759 20822235294
3 6762 7349718999
3 6765 7952714154
3 6768 10917718105
3 6771 10888457228
3 6777 16789686040
3 6780 6031056893
3 6783 10374280433
3 6786 7920524416
3 6789 1804375261
3 6792 1804512791
3 6795 108154946
3 6798 2779176765
3 6804 18703302442
3 6810 61584048
3 6813 20657197762
3 6816 6128617239
3 6822 13753297015
3 6825 10310438708
3 6828 -44710530
3 6831 13735176729
3 6834 4987650292
3 6837 7364074949
3 6840 11678332522
3 6846 356741193
3 6849 -2639371558
3 6852 10351427206
3 6855 6130003490
3 6858 1995438243
3 6864 10251856669
3 6867 13663170560
3 6870 783764970
3 6873 8704959566
3 6876 10277305276
3 6882 4555691083
3 6885 22342723282
3 6888 9292770365
3 6894 10552879752
3 6897 10691649302
3 6900 10198368721
3 6903 9509327063
3 6909 11877779557
3 6912 13538493248
3 6915 10511548900
3 6921 20334848773
3 6924 1105263892
3 6930 8123375951
3 6936 8301436885
3 6939 19887249279
3 6942 545831803
3 6945 13509718105
3 6948 9810131309
3 6951 -585941086
3 6954 6491605211
3 6957 20229623164
3 6960 10110451749
3 6963 214312
3 6966 17262735836
3 6969 9673581416
3 6972 4656996931
3 6975 13451611790
3 6981 738766118
3 6984 1707319184
3 6987 5832026054
3 6990 286178272
3 6993 13416987308
3 6996 7576592242
3 7002 1782864683
3 7005 230428291
3 7008 4598596850
3 7011 8176879834
3 7014 5559817317
3 7020 10024037632
3 7029 9968663805
3 7032 6916161488
3 7035 7981123130
3 7038 9998400707
3 7044 -2137094435
3 7047 19971262715
3 7050 8076324146
3 7056 13297192777
3 7059 4947115147
3 7062 6907641739
3 7065 9303009165
3 7068 8779975307
3 7074 10318045019
3 7077 -322678315
3 7080 7752044250
3 7083 19869756933
3 7089 5081087138
3 7092 10701884172
3 7095 5604978984
3 7098 4311358928
3 7101 18193888553
3 7104 5025886686
3 7107 10364248128
3 7110 7816642256
3 7116 5627989701
3 7119 5490050605
3 7125 7859209826
3 7128 23239275674
3 7134 5312133663
3 7137 8034898032
3 7140 7884453129
3 7146 -516471178
3 7152 5847534997
3 7155 9805222985
3 7161 6769884761
3 7164 11428637778
3 7170 -26500179
3 7176 9806123770
3 7182 9797931520
3 7185 7886867218
3 7188 2610358844
3 7191 9705904399
3 7194 9781588014
3 7200 13031248921
3 7209 19522470295
3 7212 7700356174
3 7215 8676207325
3 7218 290376241
3 7221 11749789565
3 7224 7291797116
3 7227 8502172286
3 7230 700541490
3 7236 10517247151
3 7239 5890200002
3 7242 6140406374
3 7245 9712732117
3 7248 5028773032
3 7254 8250240630
3 7257 4674372370
3 7260 5757229015
3 7263 19377321817
3 7266 -153780965
3 7272 5876593771
3 7275 3975417981
3 7284 149274339
3 7287 6985730427
3 7290 22694061529
3 7293 9648806279
3 7296 8238007015
3 7299 19281749329
3 7305 115457843
3 7308 9629001666
3 7314 7171932881
3 7317 17566220946
3 7320 5720594757
3 7326 7662989484
3 7329 349868633
3 7332 7336612367
3 7335 3232984834
3 7344 12775734237
3 7347 11679636417
3 7350 487055071
3 7353 11026220540
3 7356 12754892908
3 7359 5437871710
3 7362 373869845
3 7365 12739306482
3 7368 8057749596
3 7371 25207149663
3 7380 5452471815
3 7383 9773184995
3 7389 19046892456
3 7392 9519581192
3 7395 9515719296
3 7398 7953889735
3 7404 12672203165
3 7407 19000605961
3 7410 7597165363
3 7413 935182890
3 7416 7793277594
3 7425 12636362592
3 7428 66732616
3 7434 7658628432
3 7437 6787746966
3 7440 8214602459
3 7446 2943922514
3 7449 6653896435
3 7452 18964055862
3 7455 2796370060
3 7458 210708887
3 7464 9228682608
3 7467 7256076087
3 7470 6063274652
3 7473 -355444478
3 7476 2701601260
3 7479 -2331767162
3 7482 7116130629
3 7485 1333858023
3 7488 12530047040
3 7491 1872891159
3 7497 12019822135
3 7500 12509998964
3 7503 4336836439
3 7506 1599341623
3 7512 2451096679
3 7515 -418506869
3 7518 126384252
3 7521 12475068773
3 7524 9352570996
3 7527 5835280020
3 7530 9345118748
3 7533 18682794153
3 7536 10937004847
3 7539 12445283492
3 7542 2444292086
3 7545 9093732673
3 7548 8146845725
3 7557 6139010895
3 7560 9308034944
3 7566 379165304
3 7569 -1252401870
3 7572 5468487758
3 7575 8089984422
3 7578 -1447189252
3 7581 -3076149057
3 7584 7062228712
3 7587 2857140476
3 7590 4471682771
3 7596 48177800
3 7599 215147274
3 7602 165780734
3 7605 5425057341
3 7608 -367054147
3 7611 1846160028
3 7614 20310462454
3 7620 1991304610
3 7623 9363614746
3 7626 484625559
3 7632 6984420921
3 7635 -3369603337
3 7638 7581199721
3 7641 15390755368
3 7644 7089115087
3 7650 9198528650
3 7656 6989557394
3 7659 11281144859
3 7665 212394133
3 7668 6675506240
3 7680 507214131
3 7683 1761383330
3 7686 6045988793
3 7689 1074697419
3 7692 59745738
3 7695 17269031009
3 7701 543861209
3 7704 4412716651
3 7707 5456092984
3 7710 6677775084
3 7716 12159796816
3 7719 286668471
3 7722 9112761483
3 7725 9243308869
3 7728 2866579865
3 7740 6609735846
3 7743 10026502331
3 7749 9172950302
3 7752 5735841406
3 7755 5096739263
3 7758 892066469
3 7761 2892829269
3 7764 -165778959
3 7767 18119928976
3 7770 4299860483
3 7776 20641262215
3 7785 8160171077
3 7788 3726324554
3 7791 7596992929
3 7794 7780554019
3 7797 440627310
3 7800 9021633868
3 7803 -2363252347
3 7809 167987704
3 7812 4014269870
3 7815 -834053641
3 7821 10905665658
3 7824 437267549
3 7830 5009823708
3 7833 197631350
3 7836 -32956979
3 7839 8529460373
3 7845 5537175319
3 7848 11955274240
3 7854 1862672242
3 7857 20119174245
3 7860 2978943907
3 7866 8945937474
3 7869 1176710415
3 7872 1255531870
3 7875 8979309496
3 7878 3324504986
3 7881 1197018917
3 7884 3335116591
3 7887 11896157252
3 7890 253231069
3 7893 17830671273
3 7896 6831439527
3 7902 -1062747524
3 7905 7257002698
3 7908 -117857259
3 7911 2937721124
3 7917 8888309231
3 7920 8884942446
3 7923 -86522123
3 7932 -407964916
3 7935 -1488915090
3 7938 18351543101
3 7944 -321824445
3 7950 4046694353
3 7953 1348138967
3 7956 8844739087
3 7959 9306707130
3 7965 6921342015
3 7968 8484330454
3 7974 359777364
3 7980 11867875134
3 7983 17629649049
3 7986 11748684227
3 7992 10656000703
3 7995 4719005648
3 7998 2169476377
3 8001 6164315791
3 8004 2921659306
3 8007 6686175636
3 8010 2790413016
3 8016 919546958
3 8019 35944929358
3 8022 5403988551
3 8025 8634808123
3 8028 11687218763
3 8034 4635020463
3 8037 7696886661
3 8040 4090957533
3 8043 7688177871
3 8046 1791107753
3 8052 3430077515
3 8055 2449336125
3 8058 5503547248
3 8064 6200232730
3 8070 8719794817
3 8073 11210965973
3 8076 11617755353
3 8082 11609130442
3 8085 6442746620
3 8088 1885628328
3 8091 3300230858
3 8094 7971942
3 8100 22201752648
3 8103 143082630
3 8106 5624289163
3 8109 7487887919
3 8112 7588952754
3 8115 282674398
3 8118 4452805412
3 8124 11549112781
3 8127 6306196968
3 8130 3292246827
3 8136 5427587636
3 8142 427229485
3 8145 -40990675
3 8148 1683175691
3 8151 8633142459
3 8154 3306768701
3 8160 8623620610
3 8163 17240902653
3 8169 234324797
3 8172 346886835
3 8175 11477063271
3 8178 1525247893
3 8181 -44878568
3 8184 6751295405
3 8190 6873625804
3 8196 977829
3 8205 201313024
3 8208 11430920106
3 8211 8570057749
3 8214 11422570274
3 8217 3777948770
3 8220 2393059390
3 8226 1947649263
3 8229 4810560305
3 8232 3321024160
3 8235 7317705694
3 8241 553738070
3 8244 4220259642
3 8250 5336002604
3 8253 6671275835
3 8256 6289084151
3 8262 12112329750
3 8265 8514064632
3 8268 4295544227
3 8274 2292794367
3 8277 1415562105
3 8280 8498640601
3 8283 7350172152
3 8289 1913402073
3 8292 149622202
3 8295 6301001155
3 8298 11306940496
3 8304 5785180523
3 8307 108561718
3 8310 447707980
3 8313 394146556
3 8316 8461849949
3 8319 1497486207
3 8322 1427350720
3 8325 7928615367
3 8328 2894438766
3 8334 -3245780900
3 8337 1321649135
3 8340 408200117
3 8343 16784692104
3 8346 1899675465
3 8349 1658936494
3 8352 11233835277
3 8355 -93016601
3 8358 693479948
3 8364 5478225766
3 8370 7783777133
3 8376 537679952
3 8379 3646193243
3 8382 1404914759
3 8385 2273843180
3 8388 2299025660
3 8397 16760448774
3 8400 8377231449
3 8406 -382148236
3 8412 63369221
3 8415 8362298774
3 8418 299485740
3 8421 -222858918
3 8424 17821127535
3 8430 339928811
3 8436 5020598917
3 8439 -89510970
3 8442 4358309168
3 8445 -449493048
3 8448 2577795975
3 8451 10829866114
3 8460 5835985291
3 8463 2048264541
3 8466 4420072432
3 8472 -210743138
3 8475 4785163755
3 8478 2366312027
3 8481 7085718846
3 8484 1403090753
3 8487 9058564232
3 8490 997348706
3 8493 199136378
3 8496 8714365558
5 5 56294995342131
5 10 14073748835532
5 15 9382499223688
5 20 7036874417766
5 25 11258999068426
5 30 3127499741229
5 35 4021071095867
5 40 3518437208883
5 45 3127499741229
5 50 2814749767106
5 55 2558863424642
5 60 1563749870614
5 65 2165192128544
5 70 1340357031955
5 75 1876499844737
5 80 1759218604441
5 85 1655735157122
5 90 1042499913743
5 95 1481447245846
5 100 1407374883553
5 105 893571354637
5 110 852954474880
5 115 1223804246568
5 120 781874935307
5 125 2251799813685
5 130 721730709514
5 135 1042499913743
5 140 670178515977
5 145 970603367968
5 150 625499948245
5 155 907983795841
5 160 879609302220
5 165 568636316587
5 170 551911719040
5 175 804214219173
5 180 521249956871
5 185 760743180299
5 190 493815748615
5 195 481153806343
5 200 703687441776
5 205 686524333441
5 210 335089257988
5 215 654592969095
5 220 426477237440
5 225 625499948245
5 230 407934748856
5 235 598882929172
5 240 390937467653
5 245 574438727981
5 250 562949953421
5 255 367941146027
5 260 360865354757
5 265 531084861718
5 270 347499971247
5 275 511772684928
5 280 335089257988
5 285 329210499076
5 290 323534455989
5 295 477076231713
5 300 312749974122
5 305 461434388050
5 310 302661265280
5 315 297857118212
5 320 439804651110
5 325 433038425709
5 330 213238618720
5 335 420111905538
5 340 275955859520
5 345 271956499237
5 350 268071406391
5 355 396443629170
5 360 260624978435
5 365 385582159878
5 370 253581060099
5 375 375299968947
5 380 246907874307
5 385 243701278538
5 390 180432677378
5 395 356297438874
5 400 351843720888
5 405 347499971247
5 410 228841444480
5 415 339126477965
5 420 167544628994
5 425 331147031424
5 430 218197656364
5 435 215689637326
5 440 213238618720
5 445 316264018776
5 450 208499982748
5 455 206208774147
5 460 203967374428
5 465 201774176853
5 470 199627643057
5 475 296289449169
5 480 195468733826
5 485 290180388362
5 490 191479575993
5 495 189545438862
5 500 281474976710
5 505 278688095753
5 510 137977929760
5 515 273276676418
5 520 180432677378
5 525 178714270927
5 530 177028287239
5 535 263060725898
5 540 173749985623
5 545 258233923588
5 550 170590894976
5 555 169054040066
5 560 167544628994
5 565 249092899744
5 570 123453937153
5 575 244760849314
5 580 161767227994
5 585 160384602114
5 590 159025410570
5 595 157689062583
5 600 156374987061
5 605 232623947695
5 610 153811462683
5 615 152560962986
5 620 151330632640
5 625 450359962737
5 630 111696419329
5 635 221633839930
5 640 219902325555
5 645 145465104243
5 650 144346141902
5 655 214866394436
5 660 106619309360
5 665 141090213890
5 670 140037301846
5 675 208499982748
5 680 137977929760
5 685 205456187380
5 690 101983687214
5 695 202499983245
5 700 134035703195
5 705 133085095371
5 710 132147876389
5 715 131223765366
5 720 130312489217
5 725 194120673594
5 730 128527386625
5 735 127653050662
5 740 126790530049
5 745 188909380343
5 750 125099989649
5 755 186407269345
5 760 123453937153
5 765 122647048675
5 770 91387979451
5 775 181596759168
5 780 90216338689
5 785 179283424656
5 790 118765812958
5 795 118018858159
5 800 175921860444
5 805 116552785388
5 810 115833323749
5 815 172684034792
5 820 114420722240
5 825 113727263317
5 830 113042159321
5 835 168547890246
5 840 83772314497
5 845 166553240657
5 850 110382343808
5 855 109736833025
5 860 109098828182
5 865 162702298677
5 870 80883613997
5 875 160842843835
5 880 106619309360
5 885 106016940380
5 890 105421339592
5 895 157248590341
5 900 104249991374
5 905 155511036857
5 910 77328290305
5 915 102540975122
5 920 101983687214
5 925 152148636060
5 930 75665316320
5 935 100347585280
5 940 99813821528
5 945 99285706070
5 950 98763149723
5 955 147369097754
5 960 97734366913
5 965 145841956845
5 970 96726796120
5 975 96230761268
5 980 95739787996
5 985 142880698838
5 990 71079539573
5 995 141444711915
5 1000 140737488355
5 1005 93358201230
5 1010 92896031917
5 1015 92438415998
5 1020 68988964880
5 1025 137304866688
5 1030 91092225472
5 1035 90652166412
5 1040 90216338689
5 1045 89784681567
5 1050 67017851597
5 1055 133400462896
5 1060 88514143619
5 1065 88098584259
5 1070 87686908632
5 1075 130918593819
5 1080 86874992811
5 1085 86474647224
5 1090 86077974529
5 1095 85684924417
5 1100 85295447488
5 1105 84909495237
5 1110 63395265024
5 1115 126221962651
5 1120 83772314497
5 1125 125099989649
5 1130 83030966581
5 1135 123997787097
5 1140 61726968576
5 1145 122914836992
5 1150 81586949771
5 1155 60925319634
5 1160 80883613997
5 1165 120804711035
5 1170 60144225792
5 1175 119776585834
5 1180 79512705285
5 1185 79177208638
5 1190 59133398468
5 1195 117771956783
5 1200 78187493530
5 1205 116794596146
5 1210 77541315898
5 1215 115833323749
5 1220 76905731341
5 1225 114887745596
5 1230 57210361120
5 1235 75971653633
5 1240 75665316320
5 1245 75361439547
5 1250 112589990684
5 1255 112141424984
5 1260 55848209664
5 1265 74169954338
5 1270 73877946643
5 1275 73588229205
5 1280 109951162777
5 1285 109523337242
5 1290 54549414091
5 1295 72451731457
5 1300 72173070951
5 1305 71896545775
5 1310 71622131478
5 1315 107024705974
5 1320 53309654680
5 1325 106216972344
5 1330 52908830208
5 1335 70280893061
5 1340 70018650923
5 1345 104637537811
5 1350 69499994249
5 1355 103865305059
5 1360 68988964880
5 1365 51552193536
5 1370 68485395793
5 1375 102354536986
5 1380 50991843607
5 1385 101615515058
5 1390 67499994415
5 1395 67258058951
5 1400 67017851597
5 1405 100169030858
5 1410 49906910764
5 1415 99461122513
5 1420 66073938194
5 1425 65842099815
5 1430 49208912012
5 1435 65383269852
5 1440 65156244608
5 1445 97396185713
5 1450 64706891197
5 1455 64484530747
5 1460 64263693312
5 1465 96066544952
5 1470 47869893998
5 1475 95415246343
5 1480 63395265024
5 1485 63181812954
5 1490 62969793447
5 1495 62759192133
5 1500 62549994824
5 1505 62342187534
5 1510 62135756448
5 1515 61930687945
5 1520 61726968576
5 1525 92286877610
5 1530 45992643253
5 1535 91685660166
5 1540 45693989725
5 1545 60728150315
5 1550 60532253056
5 1555 90506423380
5 1560 45108169344
5 1565 89928107575
5 1570 59761141552
5 1575 59571423642
5 1580 59382906479
5 1585 88793368048
5 1590 44257071809
5 1595 58824446544
5 1600 87960930222
5 1605 58457939088
5 1610 43707294520
5 1615 58095970425
5 1620 57916661874
5 1625 86607685142
5 1630 57561344930
5 1635 57385316352
5 1640 57210361120
5 1645 57036469446
5 1650 42647723744
5 1655 85037757314
5 1660 56521079660
5 1665 56351346688
5 1670 56182630081
5 1675 84022381108
5 1680 41886157248
5 1685 83523731962
5 1690 55517746885
5 1695 55353977720
5 1700 55191171904
5 1705 55029320960
5 1710 41151312384
5 1715 82062675426
5 1720 54549414091
5 1725 54391299847
5 1730 54234099558
5 1735 81116707986
5 1740 40441806998
5 1745 80651855791
5 1750 53614281278
5 1755 53461534038
5 1760 53309654680
5 1765 79737953742
5 1770 39756352642
5 1775 79288725834
5 1780 52710669796
5 1785 39422265645
5 1790 52416196780
5 1795 78405285992
5 1800 52124995687
5 1805 77970907676
5 1810 51837012285
5 1815 51694210598
5 1820 38664145152
5 1825 77116431976
5 1830 38452865670
5 1835 76696178940
5 1840 50991843607
5 1845 50853654328
5 1850 50716212019
5 1855 50579510641
5 1860 37832658160
5 1865 70699710852
5 1870 37630344480
5 1875 75059993789
5 1880 49906910764
5 1885 49774531691
5 1890 37232139776
5 1895 74267803881
5 1900 49381574861
5 1905 45840025573
5 1910 49123032584
5 1915 73492161021
5 1920 48867183456
5 1925 48740255708
5 1930 48613985614
5 1935 48488368081
5 1940 48363398060
5 1945 72358605838
5 1950 36086535475
5 1955 47992323396
5 1960 47869893998
5 1965 47748087652
5 1970 47626899612
5 1975 71259487775
5 1980 35539769786
5 1985 70900497912
5 1990 47148237304
5 1995 35272553472
5 2000 70368744177
5 2005 42030273614
5 2010 35009325461
5 2015 46563271582
5 2020 46448015958
5 2025 69499994249
5 2030 34664405998
5 2035 46105647292
5 2040 34494482440
5 2045 68820287704
5 2050 45768288896
5 2055 45656930528
5 2060 45546112736
5 2065 45435831593
5 2070 33994562404
5 2075 67825295593
5 2080 45108169344
5 2085 39617441082
5 2090 33669255587
5 2095 20573536318
5 2100 33508925798
5 2105 61721375783
5 2110 44466820965
5 2115 44361698457
5 2120 44257071809
5 2125 66229406285
5 2130 33036969097
5 2135 43946132195
5 2140 43843454316
5 2145 32805941341
5 2150 43639531272
5 2155 65307419190
5 2160 43437496405
5 2165 65005768293
5 2170 32427992708
5 2175 43137927465
5 2180 43038987264
5 2185 42940499880
5 2190 32131846656
5 2195 64117306768
5 2200 42647723744
5 2205 42551016887
5 2210 31841060713
5 2215 48629436666
5 2220 31697632512
5 2225 63252803755
5 2230 42073987550
5 2235 34198914105
5 2240 41886157248
5 2245 62689304390
5 2250 41699996549
5 2255 41607535360
5 2260 40994170867
5 2265 41423837632
5 2270 38267825554
5 2275 41241754830
5 2280 30863484288
5 2285 36386049343
5 2290 40971612330
5 2295 40882349558
5 2300 40793474885
5 2305 61057478679
5 2310 24370127853
5 2315 60793731471
5 2320 40441806998
5 2325 40354835370
5 2330 40268237011
5 2335 60273014285
5 2340 30072112896
5 2345 40010657670
5 2350 39925528611
5 2355 39840761034
5 2360 39756352642
5 2365 39672301157
5 2370 29275218493
5 2375 59257889834
5 2380 29566699234
5 2385 39339619386
5 2390 36659433668
5 2395 56820689454
5 2400 39093746765
5 2405 39012470785
5 2410 38931532048
5 2415 29138196346
5 2420 38770657949
5 2425 58036077672
5 2430 38611107916
5 2435 57797736491
5 2440 38452865670
5 2445 38374229953
5 2450 38295915198
5 2455 57326879167
5 2460 28605180560
5 2465 38062877175
5 2470 28489370112
5 2475 37909087772
5 2480 37832658160
5 2485 37756536112
5 2490 26837878349
5 2495 41243193378
5 2500 56294995342
5 2505 37455086721
5 2510 37380474994
5 2515 55959239903
5 2520 27924104832
5 2525 55737619151
5 2530 27813732876
5 2535 37011831257
5 2540 36938973321
5 2545 55299602497
5 2550 27595585952
5 2555 36722110465
5 2560 54975581388
5 2565 36578944341
5 2570 36507779080
5 2575 54655335284
5 2580 27274707045
5 2585 36295935101
5 2590 27169399296
5 2595 36156066372
5 2600 36086535475
5 2605 54025907238
5 2610 26961204665
5 2615 -224051063
5 2620 35811065739
5 2625 35742854185
5 2630 33710581619
5 2635 35607207680
5 2640 26654827340
5 2645 53208880286
5 2650 35405657447
5 2655 35338980126
5 2660 26454415104
5 2665 35206376075
5 2670 24848111825
5 2675 52612145180
5 2680 35009325461
5 2685 24172367548
5 2690 34879179270
5 2695 34814468363
5 2700 34749997124
5 2705 52028646342
5 2710 32600227064
5 2715 32926227527
5 2720 34494482440
5 2725 51646784718
5 2730 20620877414
5 2735 260051360
5 2740 34242697896
5 2745 34180325040
5 2750 34118178995
5 2755 34056258525
5 2760 25495921803
5 2765 33933089417
5 2770 22010617346
5 2775 33810808013
5 2780 25588024535
5 2785 50534107129
5 2790 25221772106
5 2795 33568870211
5 2800 33508925798
5 2805 25086896320
5 2810 28970477663
5 2815 49995555366
5 2820 24953455382
5 2825 49818579949
5 2830 29990731916
5 2835 33095235356
5 2840 33036969097
5 2845 33930144526
5 2850 24690787430
5 2855 49295092244
5 2860 24604456006
5 2865 32290075578
5 2870 24518726194
5 2875 48952169863
5 2880 32578122304
5 2885 14746126297
5 2890 27070912889
5 2895 32409323743
5 2900 32353445598
5 2905 32297759806
5 2910 23506844851
5 2915 32186961316
5 2920 32131846656
5 2925 32076920422
5 2930 32022181650
5 2935 -1702967252
5 2940 23934946999
5 2945 31859080557
5 2950 31805082114
5 2955 28816203774
5 2960 31697632512
5 2965 47466269260
5 2970 23693179857
5 2975 31537812517
5 2980 31484896723
5 2985 26378800493
5 2990 23534697049
5 2995 24846458999
5 3000 34645190836
5 3005 46834438721
5 3010 23378320324
5 3015 31119400410
5 3020 31067878224
5 3025 46524789539
5 3030 17616202204
5 3035 5367643570
5 3040 30863484288
5 3045 23109603999
5 3050 30762292536
5 3055 30711945087
5 3060 22996321626
5 3065 45917614472
5 3070 19756648402
5 3075 30512192597
5 3080 22846994862
5 3085 45619931396
5 3090 22414664330
5 3095 -284545582
5 3100 30266126528
5 3105 30217388804
5 3110 27907937321
5 3115 27642381037
5 3120 22554084672
5 3130 24838747339
5 3135 22446170391
5 3140 28431051354
5 3145 29833065894
5 3150 22339283865
5 3155 37685204586
5 3160 29691453239
5 3165 12850476960
5 3170 14413463091
5 3175 44326767986
5 3180 22128535904
5 3185 29458396308
5 3190 22059167453
5 3195 28224060483
5 3200 43980465111
5 3205 -1628418706
5 3210 21921727158
5 3215 -973162577
5 3220 21853647260
5 3225 29093020848
5 3230 21785988909
5 3235 43504633186
5 3240 28958330937
5 3245 28913711014
5 3250 28869228380
5 3255 21618661805
5 3260 10829175334
5 3265 43104896893
5 3270 21519493632
5 3275 42973278887
5 3280 28605180560
5 3285 15945429121
5 3290 21388676041
5 3295 42712439562
5 3300 21323861872
5 3305 -2165227379
5 3310 20261940763
5 3315 21227373809
5 3320 28260539830
5 3325 28218042778
5 3330 21131755008
5 3335 28133430956
5 3340 24149726052
5 3345 28049325033
5 3350 28007460369
5 3355 27965720489
5 3360 20943078624
5 3365 -442678674
5 3370 -414003983
5 3375 41699996549
5 3380 27758873442
5 3385 41576806013
5 3390 18635247255
5 3395 27277835425
5 3400 27595585952
5 3405 23269463862
5 3410 20635995360
5 3420 20575656192
5 3425 41091237476
5 3430 24240764932
5 3435 23972754248
5 3440 27274707045
5 3445 27235121115
5 3450 20396737442
5 3455 40734439466
5 3460 24649952841
5 3465 20308439878
5 3470 20474481121
5 3475 40499996649
5 3480 20220903499
5 3485 26922522880
5 3490 7996175836
5 3495 22578293974
5 3500 26807140639
5 3505 40153349031
5 3510 20048075264
5 3515 26692743169
5 3520 26654827340
5 3525 26617019074
5 3530 7433252302
5 3535 26541723405
5 3540 19878176321
5 3550 24472630220
5 3555 26392402879
5 3560 20889427778
5 3565 26318370895
5 3570 15768906258
5 3575 26244753073
5 3580 21547458378
5 3585 26171545951
5 3590 26135095330
5 3595 39148119153
5 3600 26062497843
5 3605 21846305689
5 3610 25606119430
5 3615 21804426724
5 3620 13783814789
5 3625 38824134719
5 3630 19385328974
5 3635 38717328296
5 3640 19332072576
5 3645 35776236624
5 3650 22556092315
5 3655 25670312514
5 3660 19226432835
5 3665 -931216615
5 3670 17951854837
5 3675 25530610132
5 3680 25495921803
5 3685 25461327609
5 3690 19070120373
5 3695 38088630137
5 3700 25358106009
5 3705 18992913408
5 3710 18967316489
5 3715 37883576946
5 3720 18916329080
5 3725 20936870741
5 3730 10639799543
5 3735 25120479849
5 3740 18815172240
5 3745 25053402467
5 3750 58220158141
5 3760 24953455382
5 3765 24920316663
5 3770 18665449383
5 3775 37281453869
5 3780 18616069888
5 3785 37182955972
5 3790 22274101458
5 3795 18542488584
5 3800 24690787430
5 3805 36987513365
5 3810 18469486660
5 3815 24593707009
5 3820 21565076007
5 3825 24529409735
5 3830 20520142494
5 3835 24465447780
5 3840 24433591728
5 3845 -2728894924
5 3850 18277595890
5 3855 22706738724
5 3860 10819238173
5 3865 36413321696
5 3870 18183138030
5 3875 36319351834
5 3880 23185697147
5 3885 18112932864
5 3890 24119535279
5 3895 24088573103
5 3900 18043267737
5 3905 24026886617
5 3910 17997121273
5 3915 23965515258
5 3920 23078082134
5 3925 22141814690
5 3930 15644662397
5 3935 35765562479
5 3940 21364280120
5 3945 22157766552
5 3950 23753162591
5 3955 18050645117
5 3960 17769884893
5 3965 23663301951
5 3970 5968493577
5 3975 23603771631
5 3980 21124948966
5 3990 14109021389
5 3995 23485605066
5 4000 35184372088
5 4005 23426964353
5 4010 5736779282
5 4015 20736784662
5 4020 12103610853
5 4025 23310557078
5 4030 17461226843
5 4035 20196006484
5 4040 16332810168
5 4045 34792951386
5 4050 23166664749
5 4055 -1689411288
5 4060 17332202999
5 4065 21413084096
5 4070 17289617734
5 4075 33389851743
5 4080 17247241220
5 4085 22968174354
5 4090 838811559
5 4095 17184064512
5 4100 22884144448
5 4110 12321910071
5 4115 34201090730
5 4120 20429413719
5 4125 22745452663
5 4130 17038436846
5 4135 34035668284
5 4140 16997281202
5 4150 19617742675
5 4155 16450675935
5 4160 22554084672
5 4165 22527008941
5 4170 6566715910
5 4175 33709578049
5 4180 16834627793
5 4185 22419352983
5 4190 2222028988
5 4200 16754462899
5 4205 30239848538
5 4210 7781888826
5 4215 21169678366
5 4220 22233410482
5 4225 33310648131
5 4230 16635636921
5 4235 22154661685
5 4240 22128535904
5 4245 20295122533
5 4250 35036068487
5 4255 22050526965
5 4260 12149242999
5 4270 14399290750
5 4275 21947366605
5 4280 21921727158
5 4290 13122376536
5 4300 21819765636
5 4305 16345817462
5 4310 -180801849
5 4320 21718748202
5 4325 30355049829
5 4330 -454839747
5 4335 21643596825
5 4340 16213996354
5 4345 19004467635
5 4350 16176722799
5 4355 20101518923
5 4360 21519493632
5 4365 10670820782
5 4370 16102687454
5 4375 32168568767
5 4380 10181075885
5 4385 32095208291
5 4390 9920199905
5 4395 -196491932
5 4400 21323861872
5 4410 15956631332
5 4415 31877120805
5 4420 15920530356
5 4425 21203388076
5 4430 16190249843
5 4435 31733368288
5 4440 15848816256
5 4445 19184600004
5 4450 16999018989
5 4455 21060604318
5 4460 21036993775
5 4465 19542799740
5 4470 12220620767
5 4475 19798598963
5 4480 20306088866
5 4485 15689798032
5 4490 15382844578
5 4495 20873190710
5 4500 20849998274
5 4505 20826857322
5 4510 10293615623
5 4515 14090887199
5 4520 15085253452
5 4525 105948518
5 4530 9107464247
5 4535 31033624775
5 4540 9188740269
5 4545 14155810942
5 4550 15465658061
5 4560 15431742144
5 4565 20553119877
5 4570 825578265
5 4575 20508195024
5 4580 18678457029
5 4585 17234233022
5 4590 15330881084
5 4600 20396737442
5 4605 4184764351
5 4610 17295713197
5 4615 17225061504
5 4620 12185063926
5 4625 30429727212
5 4630 20264577156
5 4635 14859610187
5 4640 20220903499
5 4650 15133063264
5 4655 20155744842
5 4660 14697118173
5 4665 369983394
5 4670 10822215930
5 4675 20069517056
5 4680 15036056448
5 4690 12743126154
5 4695 -784213848
5 4700 19962764305
5 4710 7711501405
5 4715 19899256043
5 4720 17278935971
5 4725 19857141214
5 4730 14877112933
5 4740 10868482106
5 4745 17141613008
5 4750 19752629944
5 4755 -261030952
5 4760 14783349617
5 4765 29535674366
5 4770 13646136170
5 4775 29473819551
5 4780 10290812621
5 4785 14706111635
5 4790 6785078140
5 4795 19567255942
5 4800 19546873382
5 4805 29289799866
5 4810 14629676544
5 4815 19485979696
5 4820 2905366312
5 4825 26621135243
5 4830 11655278538
5 4840 19385328974
5 4845 14523992606
5 4850 17060383469
5 4860 19305553958
5 4865 11785345491
5 4870 -191696445
5 4875 34209316931
5 4880 17371560770
5 4890 11024561286
5 4895 13749244902
5 4900 19147957599
5 4905 19128438784
5 4910 19108959722
5 4920 14302590280
5 4925 26873807552
5 4930 14273578940
5 4935 14259117361
5 4940 14244685056
5 4945 18973709249
5 4950 14215907914
5 4960 18916329080
5 4965 3804797406
5 4970 10002209266
5 4975 28288942383
5 4980 9568902066
5 4990 3637986068
5 4995 18783782229
5 5000 40286442343
5 5005 14059689147
5 5010 9296640594
5 5015 16906851785
5 5020 18690237497
5 5025 17349151660
5 5030 -864024407
5 5035 18634556552
5 5040 13962052416
5 5050 9651343696
5 5055 16875338347
5 5060 13906866438
5 5070 10650203605
5 5075 18487683200
5 5080 9166695856
5 5085 15999527457
5 5090 18433200832
5 5095 27622666998
5 5100 13797792976
5 5110 11707289601
5 5115 13757330240
5 5120 27487790694
5 5125 27460973338
5 5130 13717104128
5 5135 14692810625
5 5140 15804719854
5 5145 11299478828
5 5150 14182200833
5 5160 13637353522
5 5170 10381742546
5 5175 18130433282
5 5180 13584699648
5 5185 14986010784
5 5190 8814479573
5 5200 18043267737
5 5205 18025935107
5 5210 18008635746
5 5215 7484871826
5 5220 13480602332
5 5225 17956936313
5 5230 -397808784
5 5235 -388766600
5 5240 14848753173
5 5250 20751079377
5 5260 5123578831
5 5265 17374533487
5 5270 12894090069
5 5275 26680092579
5 5280 13327413670
5 5285 13692342463
5 5290 12515486834
5 5295 7444148200
5 5300 17702828723
5 5310 10410467270
5 5320 13227207552
5 5325 11739407349
5 5330 9699066103
5 5335 16741965099
5 5340 4668514230
5 5350 15851890749
5 5355 13140755215
5 5360 14569687497
5 5365 17488348973
5 5370 6102601828
5 5375 26183718764
5 5380 14097935663
5 5385 -1150346273
5 5390 11612744274
5 5395 8634737599
5 5400 17374998562
5 5405 17358925483
5 5410 252340587
5 5415 13985214400
5 5420 14254104480
5 5425 17294929445
5 5430 5079788815
5 5440 17247241220
5 5445 6431536040
5 5450 17215594905
5 5460 10310438707
5 5470 190618850
5 5475 12061501978
5 5480 16470878377
5 5490 8690347130
5 5495 12284676749
5 5500 35237035167
5 5505 1382654408
5 5510 12771096946
5 5520 12747960901
5 5525 16981899048
5 5530 12724908531
5 5535 16951218109
5 5540 8639601116
5 5550 12679053004
5 5555 4846483401
5 5560 99799359
5 5565 11194436710
5 5570 154240220
5 5575 25244392530
5 5580 8395454932
5 5590 12588326328
5 5595 16769435609
5 5600 16754462899
5 5605 14717975613
5 5610 10034758528
5 5620 1660213942
5 5625 37158942601
5 5630 872118829
5 5635 12474922294
5 5640 10215857219
5 5650 10933007293
5 5655 12443632922
5 5660 1062329642
5 5665 13260692427
5 5670 9181480142
5 5675 14147419577
5 5680 13750654480
5 5685 16503956418
5 5690 16489453820
5 5695 13245743573
5 5700 12345393715
5 5705 11801104689
5 5710 16431697414
5 5715 11751536904
5 5720 12302228003
5 5725 22775618262
5 5730 5130351792
5 5735 9419077594
5 5740 12259363097
5 5745 16331591338
5 5750 16317389954
5 5760 13343748490
5 5770 -399724815
5 5775 12185063926
5 5780 16232697618
5 5785 16218667630
5 5790 3109070330
5 5795 12855524937
5 5800 16176722799
5 5805 15761552219
5 5810 1020861889
5 5820 9667260707
5 5825 -1032278462
5 5830 12070110493
5 5835 2160429933
5 5840 10000666775
5 5845 658346128
5 5850 12028845158
5 5860 -223618494
5 5865 11998080848
5 5870 -966060418
5 5875 23955317167
5 5880 9022160837
5 5885 -636920206
5 5890 7886590542
5 5895 -140637908
5 5900 15902541057
5 5910 420906432
5 5915 12927238164
5 5920 15848816256
5 5925 15057322055
5 5930 -434155761
5 5940 11846589928
5 5945 15782168586
5 5950 11826679693
5 5955 7500611601
5 5960 -353133712
5 5970 6477849189
5 5975 23554391357
5 5980 11767348524
5 5985 11757517824
5 5990 -4288075266
5 5995 15650540824
5 6000 17411294776
5 6010 -4765103232
5 6015 -417532801
5 6020 9487397784
5 6025 6931362267
5 6030 8612995457
5 6035 13450828222
5 6040 8710792781
5 6045 11640817895
5 6050 13051452657
5 6055 15495457018
5 6060 9878127665
5 6070 251357446
5 6075 23166664749
5 6080 15431742144
5 6090 3004735106
5 6095 14071275523
5 6100 11753576303
5 6105 11526411822
5 6110 10236855274
5 6120 11498160813
5 6125 34163911234
5 6130 15305871490
5 6135 9984187130
5 6140 -404948527
5 6150 10559482028
5 6160 11423497431
5 6165 -191914764
5 6170 15206643798
5 6175 15194330727
5 6180 6503272160
5 6190 -606236889
5 6195 9337416608
5 6200 15133063264
5 6205 11178289330
5 6210 11331520801
5 6215 9872808458
5 6220 15084403896
5 6225 10060253336
5 6230 5584350166
5 6235 11333387236
5 6240 11277042336
5 6255 4196533232
5 6260 -168567240
5 6265 1649489172
5 6270 8978468156
5 6275 22428284997
5 6280 142429940
5 6285 70334953
5 6290 9106890887
5 6300 11169641932
5 6305 1566886716
5 6310 7946696745
5 6315 1403702159
5 6320 14845726619
5 6325 14833990868
5 6330 231484574
5 6335 5750077380
5 6340 263937322
5 6345 12882174813
5 6350 7037797668
5 6355 14763964160
5 6360 6848836831
5 6365 11375572827
5 6370 11046898615
5 6375 16414815725
5 6380 11029583726
5 6390 694863874
5 6400 15633784309
5 6405 5991270609
5 6410 -381691612
5 6420 8025888346
5 6425 19455497762
5 6430 14591756179
5 6435 10935313780
5 6440 10926823630
5 6450 8829373995
5 6460 10892994454
5 6465 5457208059
5 6470 14501544395
5 6475 14490346292
5 6480 12435780533
5 6490 5329426195
5 6495 14445726287
5 6500 20548173582
5 6510 5305810750
5 6520 8947555939
5 6525 14379309155
5 6530 -1395448787
5 6540 10759746816
5 6545 10751526995
5 6550 6600198280
5 6555 10735124969
5 6560 14302590280
5 6565 17729078
5 6570 4939711804
5 6575 18562998674
5 6580 7759362787
5 6585 991620295
5 6590 14237479853
5 6600 10661930936
5 6610 14194401246
5 6615 13346490183
5 6620 382680944
5 6625 21243394469
5 6630 8490949523
5 6640 10016656083
5 6645 -126965477
5 6650 10581766041
5 6655 21147631609
5 6660 7630814870
5 6665 2267653065
5 6670 2305763837
5 6675 7163127495
5 6680 6264188982
5 6685 10009295828
5 6690 6303065766
5 6695 4838358278
5 6700 10278586204
5 6705 378533296
5 6710 6404556811
5 6715 12458579910
5 6720 10471539312
5 6725 20927507562
5 6730 -1822441327
5 6735 2570154529
5 6740 1748877494
5 6745 8843664513
5 6750 35293862801
5 6755 124012804
5 6760 -269018665
5 6765 7952714154
5 6775 -1599918408
5 6780 6031056893
5 6785 10954729510
5 6790 7425281075
5 6795 13042930
5 6800 13797792976
5 6810 66349032
5 6815 10713071544
5 6820 6235409309
5 6825 10310438707
5 6840 7303216458
5 6845 20560626495
5 6850 1408738244
5 6855 6130003490
5 6860 2734161866
5 6870 783764970
5 6875 41951917891
5 6880 12162628843
5 6885 9269813138
5 6890 6565722175
5 6895 7443477255
5 6900 10198368721
5 6910 -2185601263
5 6915 10511548899
5 6920 199760495
5 6925 -676900924
5 6930 8123375951
5 6935 12561993944
5 6940 8777126961
5 6945 13509718104
5 6950 5649202457
5 6955 11804802660
5 6960 10110451749
5 6965 6781763257
5 6970 7965333549
5 6975 13451611790
5 6980 8814763502
5 6985 5277182841
5 6990 286178272
5 7000 17314800255
5 7005 230428290
5 7015 7007901515
5 7020 10024037632
5 7025 11666154656
5 7030 8202429552
5 7035 7981123128
5 7040 8837745155
5 7050 8076324146
5 7055 10008183092
5 7060 7230553912
5 7065 9303009165
5 7070 5061087185
5 7075 -1187292453
5 7080 7752044250
5 7085 13242765312
5 7095 5604978983
5 7100 7934360718
5 7105 12278602029
5 7110 7816642256
5 7120 6938560956
5 7125 23786840237
5 7130 3251648415
5 7140 7884453129
5 7150 9841782402
5 7155 9805222985
5 7160 3275145322
5 7170 78913
5 7175 13076653970
5 7180 3815534292
5 7185 7886867217
5 7190 8966784680
5 7200 13031248921
5 7205 6999425467
5 7210 2497065567
5 7215 8676207325
5 7220 8779720158
5 7225 15263806022
5 7230 1069578750
5 7240 2324031273
5 7245 9712732115
5 7250 18324254303
5 7260 5757229015
5 7270 -2857971653
5 7275 3975417980
5 7280 9666036288
5 7285 12879202779
5 7290 7958523193
5 7300 4267503153
5 7305 -255748631
5 7310 7365496720
5 7315 9619787312
5 7320 5720594757
5 7325 12786894791
5 7330 12800135366
5 7335 3232984833
5 7340 527781330
5 7345 9308629126
5 7350 11191970823
5 7360 12747960901
5 7365 12739306481
5 7370 5224266913
5 7375 33739351795
5 7380 5452471815
5 7385 12704805990
5 7395 9515719293
5 7400 12679053004
5 7410 7597165363
5 7420 6254425128
5 7425 12636362590
5 7440 8214602459
5 7450 -1095601472
5 7455 2796370057
5 7460 7814327315
5 7470 5110528220
5 7475 12551838427
5 7480 9407586120
5 7485 1333858023
5 7490 5312437553
5 7500 12509998964
5 7505 10816173546
5 7510 12493341176
5 7515 -81076196
5 7520 10774395475
5 7525 10413097707
5 7530 9345118748
5 7535 5656841338
5 7540 7311183402
5 7545 9093732673
5 7550 6889231582
5 7560 9308034944
5 7565 166938089
5 7570 -3369429094
5 7575 8089984422
5 7580 12377967313
5 7585 10562458675
5 7590 4471682771
5 7595 10273012210
5 7600 12345393715
5 7605 5425057339
5 7610 -3434576630
5 7620 1991304610
5 7625 15959746115
5 7630 9222640128
5 7635 -3369603339
5 7640 5473022956
5 7645 234676391
5 7650 9198528650
5 7660 9191913807
5 7665 212394133
5 7670 4550304818
5 7675 12990688735
5 7680 458106438
5 7685 4784605054
5 7690 -3562838488
5 7695 9654956666
5 7700 9138797945
5 7705 4094528454
5 7710 6677775084
5 7720 4136515535
5 7725 9243308869
5 7735 9097445919
5 7740 6609735846
5 7750 18583525189
5 7755 5096739262
5 7760 7755395300
5 7770 4299860483
5 7775 1497269183
5 7780 10456786116
5 7785 8160171077
5 7790 7676961079
5 7800 9021633868
5 7805 7805708179
5 7810 2994866493
5 7815 -435525391
5 7820 8998560636
5 7825 -2003902006
5 7830 5009823708
5 7840 10280207879
5 7845 5537175317
5 7850 4323577
5 7860 2978943907
5 7865 8425622272
5 7875 17784235194
5 7880 420906432
5 7885 5090188793
5 7890 253231069
5 7900 9287264756
5 7905 7257002698
5 7910 603004157
5 7920 8884942446
5 7925 4362718816
5 7930 2912921417
5 7935 -778008039
5 7940 -1854255217
5 7945 279666679
5 7950 12141395841
5 7955 6778896455
5 7960 2500604676
5 7965 6921342015
5 7975 11764889310
5 7980 1749498274
5 7990 168789910
5 7995 4719005647
5 8000 33331685432
5 8010 2790413016
5 8015 -170355910
5 8020 -379846279
5 8025 8634808121
5 8030 2149414362
5 8040 4090957533
5 8050 6480588432
5 8055 2449336123
5 8060 5501380305
5 8070 8719794817
5 8075 11619194085
5 8080 361958723
5 8085 6442746618
5 8100 6274122237
5 8110 11569049597
5 8115 -544487166
5 8120 8666101499
5 8125 17321537028
5 8130 3292246827
5 8140 6959317890
5 8145 3076696
5 8150 777819753
5 8155 396330701
5 8160 8623620610
5 8165 8151657149
5 8170 5051838488
5 8175 11477063270
5 8180 -172491794
5 8190 6873625804
5 8195 2831745608
5 8200 10946711274
5 8205 -88103273
5 8215 9351455026
5 8220 2393059390
5 8225 10075159157
5 8230 11400363576
5 8235 7317705694
5 8240 4743343826
5 8245 5021274040
5 8250 18110171180
5 8255 1198267824
5 8260 4436630052
5 8265 8514064631
5 8270 11345222761
5 8275 1135383672
5 8280 8498640601
5 8295 6301001155
5 8300 4495230059
5 8305 4439818470
5 8310 447707980
5 8320 5871965379
5 8325 7928615365
5 8330 6090015323
5 8340 408200117
5 8350 439165300
5 8355 89779882
5 8360 8417313896
5 8365 -104024637
5 8370 7783777133
5 8375 18578980228
5 8380 275049699
5 8385 2273843179
5 8395 192991440
5 8400 8377231449
5 8410 11156360551
5 8415 8362298773
5 8420 -1101664854
5 8425 1246313101
5 8430 193680603
5 8435 485402208
5 8440 1006202408
5 8445 -489246350
5 8450 4999419717
5 8455 3649548927
5 8460 5835985291
5 8470 4966344159
5 8475 4785163755
5 8480 -329859404
5 8490 1095884542
7 7 40210710958665
7 14 10052677739666
7 21 6701785159777
7 28 5026338869833
7 35 4021071095866
7 42 2233928386592
7 49 5744387279809
7 56 2513169434916
7 63 2233928386592
7 70 1340357031955
7 77 1827759589030
7 84 1116964193296
7 91 1546565806103
7 98 1436096819952
7 105 893571354637
7 112 1256584717458
7 119 1182667969373
7 126 744642795530
7 133 1058176604175
7 140 670178515977
7 147 957397879968
7 154 609253196343
7 161 874145890406
7 168 558482096648
7 175 804214219173
7 182 515521935367
7 189 744642795530
7 196 718048409976
7 203 693288119977
7 210 335089257988
7 217 648559854172
7 224 628292358729
7 231 406168797562
7 238 394222656457
7 245 574438727980
7 252 372321397765
7 259 543387985928
7 266 352725534725
7 273 343681290245
7 280 335089257988
7 287 490374523886
7 294 319132626656
7 301 467566406496
7 308 304626598171
7 315 297857118212
7 322 291381963468
7 329 427773520837
7 336 279241048324
7 343 820626754258
7 350 268071406391
7 357 262815104305
7 364 257760967683
7 371 379346329799
7 378 248214265176
7 385 243701278537
7 392 359024204988
7 399 235150356483
7 406 231096039992
7 413 340768736938
7 420 167544628994
7 427 329595991464
7 434 216186618057
7 441 319132626656
7 448 314146179364
7 455 206208774147
7 462 152313299085
7 469 300079932527
7 476 197111328228
7 483 194254642312
7 490 191479575993
7 497 283174020836
7 504 186160698882
7 511 275415828484
7 518 181129328642
7 525 178714270927
7 532 176362767362
7 539 261108512719
7 546 128880483841
7 553 254498170624
7 560 167544628994
7 567 248214265176
7 574 163458174628
7 581 242233198546
7 588 159566313328
7 595 157689062583
7 602 155855468832
7 609 154064026661
7 616 152313299085
7 623 225902870554
7 630 111696419329
7 637 220937972300
7 644 145690981734
7 651 144124412038
7 658 142591173612
7 665 141090213890
7 672 139620524162
7 679 207271705973
7 686 205156688564
7 693 135389599187
7 700 134035703195
7 707 199062925538
7 714 98555664114
7 721 195197626013
7 728 128880483841
7 735 127653050662
7 742 126448776599
7 749 187900518498
7 756 124107132588
7 763 184452802563
7 770 91387979451
7 777 120752885761
7 784 179512102494
7 791 177923499817
7 798 88181383681
7 805 116552785387
7 812 115548019996
7 819 114560430081
7 826 113589578979
7 833 168952567053
7 840 83772314497
7 847 166159962639
7 854 109865330488
7 861 108972116419
7 868 108093309028
7 875 160842843834
7 882 106377542218
7 889 158309885664
7 896 157073089682
7 903 103903645888
7 910 77328290305
7 917 153475996025
7 924 76156649542
7 931 151168086311
7 938 100026644175
7 945 99285706070
7 952 98555664114
7 959 146754419557
7 966 72845490867
7 973 144642845175
7 980 95739787996
7 987 95060782408
7 994 94391340278
7 1001 93731260977
7 1008 93080349441
7 1015 92438415996
7 1022 91805276161
7 1029 136771125709
7 1036 90564664321
7 1043 134935271673
7 1050 67017851597
7 1057 133148049532
7 1064 88181383681
7 1071 87605034768
7 1078 87036170906
7 1085 86474647222
7 1092 64440241920
7 1099 128059589040
7 1106 84832723541
7 1113 84299184399
7 1120 83772314497
7 1127 124877984344
7 1134 82738088392
7 1141 123345739137
7 1148 81729087314
7 1155 60925319634
7 1162 80744399515
7 1169 120391350176
7 1176 79783156664
7 1183 118966600469
7 1190 59133398468
7 1197 78383452161
7 1204 77927734416
7 1211 116215927626
7 1218 57774009998
7 1225 114887745596
7 1232 76156649542
7 1239 75726385986
7 1246 75300956851
7 1253 112320421672
7 1260 55848209664
7 1267 111079312041
7 1274 73645990766
7 1281 73243553658
7 1288 72845490867
7 1295 72451731457
7 1302 54046654514
7 1309 71676846629
7 1316 71295586806
7 1323 106377542218
7 1330 52908830208
7 1337 105263641253
7 1344 69810262081
7 1351 104172826318
7 1358 69090568657
7 1365 51552193536
7 1372 102578344282
7 1379 102057642027
7 1386 50771099695
7 1393 101031937082
7 1400 67017851597
7 1407 66684429450
7 1414 66354308512
7 1421 99041159997
7 1428 49277832057
7 1435 65383269851
7 1442 65065875337
7 1449 64751547437
7 1456 64440241920
7 1463 64131915405
7 1470 47869893998
7 1477 95286044926
7 1484 63224388299
7 1491 62927560185
7 1498 62633506166
7 1505 62342187532
7 1512 62053566294
7 1519 92651407739
7 1526 61484267520
7 1533 61203517440
7 1540 45693989725
7 1547 60649639455
7 1554 45282332160
7 1561 90158544750
7 1568 89756051247
7 1575 59571423642
7 1582 59307833272
7 1589 88569847927
7 1596 44090691840
7 1603 87796312137
7 1610 43707294520
7 1617 58024113937
7 1624 57774009998
7 1631 86289079310
7 1638 42960161280
7 1645 57036469444
7 1652 56794789489
7 1659 56555149027
7 1666 56317522351
7 1673 84122826273
7 1680 41886157248
7 1687 76674141793
7 1694 55386654213
7 1701 82738088392
7 1708 54932665244
7 1715 82062675425
7 1722 40864543657
7 1729 54265466882
7 1736 54046654514
7 1743 53829599676
7 1750 53614281278
7 1757 80101017846
7 1764 53188771109
7 1771 52978538813
7 1778 52769961888
7 1785 39422265645
7 1792 78536544841
7 1799 78230955173
7 1806 38963867208
7 1813 77626855133
7 1820 38664145152
7 1827 51354675553
7 1834 51158665341
7 1841 76446218553
7 1848 38078324771
7 1855 50579510639
7 1862 50389362103
7 1869 50200637900
7 1876 50013322087
7 1883 74741098436
7 1890 37232139776
7 1897 74189503614
7 1904 49277832057
7 1911 49097327177
7 1918 48918139852
7 1925 48740255707
7 1932 36422745433
7 1939 66326841464
7 1946 48214281725
7 1953 48041470679
7 1960 47869893998
7 1967 71549307756
7 1974 35647793403
7 1981 71043658938
7 1988 47195670139
7 1995 35272553472
7 2002 35149222865
7 2009 70053503412
7 2016 46540174720
7 2023 69568704081
7 2030 34664405998
7 2037 46060379105
7 2044 45902638080
7 2051 68618960680
7 2058 45590375236
7 2065 45435831591
7 2072 45282332160
7 2079 45129866395
7 2086 44978423891
7 2093 44827994381
7 2100 33508925798
7 2107 66795200928
7 2114 44382683177
7 2121 43816888222
7 2128 44090691840
7 2135 43946132195
7 2142 32851888038
7 2149 65489757262
7 2156 43518085453
7 2163 43377250225
7 2170 32427992708
7 2177 64647445271
7 2184 32220120960
7 2191 64234362554
7 2198 42686529680
7 2205 42551016887
7 2212 42416361770
7 2219 29636318364
7 2226 31612194149
7 2233 42017461818
7 2240 41886157248
7 2247 41755670777
7 2254 41625994781
7 2261 41497121733
7 2268 41369044196
7 2275 41241754829
7 2282 28440831129
7 2289 40989511680
7 2296 40864543657
7 2303 61110502977
7 2310 24370127853
7 2317 60741255225
7 2324 40372199757
7 2331 40250961920
7 2338 40130450058
7 2345 40010657670
7 2352 39891578332
7 2359 43616804775
7 2366 36632431615
7 2373 38432334415
7 2380 29566699234
7 2387 39306657829
7 2394 29393794560
7 2408 38963867208
7 2415 29138196346
7 2422 38738642542
7 2429 57940505704
7 2436 28887004999
7 2443 56513970598
7 2450 38295915198
7 2457 38186810027
7 2464 38078324771
7 2471 43462107216
7 2478 28397394744
7 2485 37756536111
7 2492 37194481824
7 2499 37545014900
7 2506 32779500545
7 2513 56003775708
7 2520 27924104832
7 2527 55693505483
7 2534 30417143144
7 2541 36924436142
7 2548 36822995383
7 2555 36722110464
7 2562 27466332622
7 2569 42528069797
7 2576 36422745433
7 2583 36324038806
7 2590 27169399296
7 2597 54192332828
7 2604 27023327257
7 2611 -208092972
7 2618 26878817485
7 2625 35742854185
7 2632 35647793403
7 2639 35553236923
7 2646 35459180739
7 2653 53048431344
7 2660 26454415104
7 2667 28912550173
7 2674 35087880417
7 2681 52494400729
7 2688 34905131040
7 2695 34814468362
7 2702 34724275439
7 2709 34634548629
7 2716 34545284328
7 2723 -47814366
7 2730 20620877414
7 2737 34280230996
7 2744 51289172141
7 2751 34105776894
7 2758 33487981859
7 2765 33933089416
7 2772 25385549847
7 2779 47697900132
7 2786 31596803537
7 2793 33592908069
7 2800 33508925798
7 2807 28167287521
7 2814 25006661043
7 2821 33259479701
7 2828 33177154256
7 2835 33095235356
7 2842 33013719998
7 2849 32932605209
7 2856 24638916028
7 2863 -678161332
7 2870 24518726194
7 2877 32612093234
7 2884 29740835046
7 2891 48681248134
7 2898 24281830289
7 2905 32297759806
7 2912 32220120960
7 2919 29681247315
7 2926 24049468276
7 2933 39233637010
7 2940 23934946999
7 2947 40359631525
7 2954 31120133759
7 2961 31686927469
7 2968 31612194149
7 2975 31537812516
7 2982 23597835069
7 2989 47085141638
7 2996 30096131196
7 3003 23432815243
7 3010 23378320324
7 3017 4586668681
7 3024 31026783147
7 3031 43497629004
7 3038 30883802579
7 3045 23109603999
7 3052 30742133760
7 3059 30671785628
7 3066 22483110409
7 3073 42863101030
7 3080 22846994862
7 3087 45590375236
7 3094 22743614795
7 3101 2543021569
7 3108 22641166080
7 3115 27642381036
7 3122 30052848250
7 3129 29985615927
7 3136 44878025623
7 3143 7340416928
7 3150 22339283865
7 3157 29719668114
7 3164 23882425640
7 3171 29588455451
7 3178 23896303859
7 3185 29458396306
7 3192 22045345920
7 3199 32790578355
7 3206 29265437378
7 3213 29201678256
7 3220 21853647260
7 3227 43612484771
7 3234 25728287010
7 3241 43424093908
7 3248 28887004999
7 3255 21618661805
7 3262 27303270617
7 3269 -255776747
7 3276 21480080640
7 3283 42868561790
7 3290 21388676041
7 3297 22220071493
7 3304 28397394744
7 3311 28337357970
7 3318 17978947769
7 3325 28218042778
7 3332 28158761175
7 3339 28099728133
7 3346 23459720398
7 3353 23471720178
7 3360 20943078624
7 3367 27866050561
7 3374 27327093710
7 3381 27750663187
7 3388 27693327106
7 3395 27277835425
7 3402 27579362797
7 3409 41284097493
7 3416 27466332622
7 3423 10124271267
7 3430 33581145559
7 3437 40947770834
7 3444 20432271828
7 3451 27187769412
7 3458 20349550080
7 3465 20308439878
7 3472 27023327257
7 3479 40453431548
7 3486 16948424823
7 3493 -1383206309
7 3500 26807140639
7 3507 15968465730
7 3514 26700339281
7 3521 32831517578
7 3528 26594385554
7 3535 26541723405
7 3542 19866952054
7 3549 26437022326
7 3556 19946947441
7 3563 39499716069
7 3570 15768906258
7 3577 39345118355
7 3584 37920858917
7 3591 26127817387
7 3598 26076985057
7 3605 21846305689
7 3612 19481933604
7 3619 25925667930
7 3626 25875618377
7 3633 16445319726
7 3640 19332072576
7 3647 38589933742
7 3654 19258003332
7 3661 223794586
7 3668 25579332670
7 3675 25530610132
7 3682 23517752478
7 3689 25433719772
7 3696 19039162385
7 3703 34029098548
7 3710 18967316489
7 3717 25242128662
7 3724 25194681051
7 3731 25147411482
7 3738 16121968113
7 3745 25053402466
7 3752 25006661043
7 3759 18704514968
7 3766 24913699478
7 3773 37301216103
7 3780 18616069888
7 3787 34902448344
7 3794 20647246166
7 3801 24087125361
7 3808 24638916028
7 3815 24593707008
7 3822 18411497691
7 3829 33526444177
7 3836 20326568753
7 3843 24414517886
7 3850 18277595890
7 3857 24325898947
7 3864 18211372716
7 3871 36356881518
7 3878 327682767
7 3885 18112932864
7 3892 19087599523
7 3899 36095790807
7 3906 18015551504
7 3913 23977764437
7 3920 25648676729
7 3927 17919211657
7 3934 18340463693
7 3941 35711110976
7 3948 17823896701
7 3955 18050645115
7 3962 -545683973
7 3969 35459180739
7 3976 20830005001
7 3983 19796326965
7 3990 14109021389
7 3997 28923813540
7 4004 17574611432
7 4011 19267321532
7 4018 23351167804
7 4025 23310557077
7 4032 23270087360
7 4039 34844636879
7 4046 22636974397
7 4053 20667683790
7 4060 17332202999
7 4067 34604742649
7 4074 6471671948
7 4081 22990686655
7 4088 16472020780
7 4095 17184064512
7 4102 20391153724
7 4109 34251031481
7 4116 55067516610
7 4123 22756486111
7 4130 17038436846
7 4137 22679476006
7 4144 22641166080
7 4151 23402080288
7 4158 16923699898
7 4165 22527008940
7 4172 19139867822
7 4179 17142331436
7 4186 16810497892
7 4193 -404399802
7 4200 16754462899
7 4207 33453170515
7 4214 22265066976
7 4221 21137262044
7 4228 17039555827
7 4235 22154661685
7 4242 9633581384
7 4249 325294120
7 4256 22045345920
7 4263 25712200577
7 4270 14399290750
7 4277 21937103633
7 4284 16425944019
7 4291 32798296051
7 4298 14270496449
7 4305 16345817462
7 4312 21759042726
7 4319 -865582136
7 4326 12086424388
7 4333 382774184
7 4340 16213996354
7 4347 21583849145
7 4354 15375954833
7 4361 30551088127
7 4368 16110060480
7 4375 32168568766
7 4382 16385632699
7 4389 16032978851
7 4396 17767114735
7 4403 21309332782
7 4410 15956631332
7 4417 -3028211737
7 4424 19352465112
7 4431 18972914272
7 4438 12729327420
7 4445 19184600004
7 4452 13863743373
7 4459 44991196039
7 4466 15756548181
7 4473 9996332610
7 4480 20306088866
7 4487 -1671047698
7 4494 10726811209
7 4501 -2183198462
7 4508 20812997390
7 4515 14090887199
7 4522 15561420649
7 4529 31074737990
7 4536 20684522098
7 4543 20652650724
7 4550 15465658061
7 4557 20589201719
7 4564 12972605140
7 4571 -2662035353
7 4578 15371066880
7 4585 17234233020
7 4592 20432271828
7 4599 18796644771
7 4606 25561010260
7 4613 30508885401
7 4620 12185063926
7 4634 1073542827
7 4641 15162409863
7 4648 18384079830
7 4655 20155744841
7 4662 15094110720
7 4669 20095307826
7 4676 20065225029
7 4683 20035232166
7 4690 12743126154
7 4697 19975514634
7 4704 19945789166
7 4711 -3577019366
7 4718 6775231628
7 4725 19857141214
7 4732 18093890420
7 4739 -696749142
7 4746 11485304346
7 4753 29123910642
7 4760 14783349617
7 4767 10631101904
7 4774 14739996685
7 4781 29436830863
7 4788 14696897280
7 4795 19567255940
7 4809 17429782762
7 4816 19481933604
7 4823 17766392319
7 4830 11655278538
7 4837 29096028190
7 4844 19369321271
7 4851 19341371312
7 4858 3459876644
7 4865 11785345491
7 4872 14443502499
7 4879 19230373487
7 4886 13481112520
7 4893 -364087623
7 4900 19147957599
7 4907 -1713504129
7 4914 14320053760
7 4921 19066245120
7 4928 19039162385
7 4935 14259117361
7 4942 491856874
7 4949 25121253037
7 4956 13548226801
7 4963 28357342002
7 4970 10002209266
7 4977 15556628946
7 4984 13908476545
7 4991 18798836354
7 4998 14079380587
7 5005 14059689146
7 5012 9305280242
7 5019 13981313261
7 5026 9415911863
7 5033 23880353881
7 5040 13962052416
7 5047 22415459630
7 5054 15222847855
7 5061 10885404799
7 5068 18513218673
7 5075 18487683199
7 5082 11397493867
7 5096 18411497691
7 5103 22667516685
7 5110 11707289601
7 5117 18335937510
7 5124 9650577940
7 5131 27428861500
7 5138 -327343036
7 5145 32109492626
7 5152 18211372716
7 5159 18186662578
7 5166 13621514552
7 5173 27206164383
7 5180 13584699648
7 5187 13566366720
7 5194 18064110942
7 5201 27059697819
7 5208 10425757358
7 5215 7484871825
7 5222 786769428
7 5229 17943199892
7 5236 13439408742
7 5243 21955264851
7 5250 10954400633
7 5264 14986670500
7 5271 17800226187
7 5278 13332463845
7 5285 13692342461
7 5292 25217381215
7 5299 -605980341
7 5306 17682810447
7 5313 13244634703
7 5320 13227207552
7 5327 26419652404
7 5334 2352946397
7 5341 26350400366
7 5348 4385385443
7 5355 13140755215
7 5362 -1601057570
7 5369 14614958657
7 5376 12753937863
7 5383 26144805565
7 5390 17383469718
7 5397 17384656705
7 5404 14487931813
7 5411 26009515497
7 5418 10071587795
7 5425 17294929444
7 5432 8758345886
7 5439 17250412251
7 5446 5611362347
7 5453 17206123645
7 5460 10310438707
7 5467 11601653630
7 5474 12855086623
7 5481 17118225184
7 5488 27331851690
7 5495 12284676749
7 5502 10709157512
7 5516 11331204202
7 5523 13035709957
7 5530 12724908531
7 5537 24599885689
7 5544 12692774923
7 5551 12975794497
7 5558 16881070931
7 5565 11194436710
7 5572 3038867221
7 5586 15579552808
7 5593 16775432191
7 5600 16754462899
7 5607 13391891994
7 5614 -1012242101
7 5621 6573782747
7 5628 7194120384
7 5635 25001349150
7 5642 10391796064
7 5649 -2897721361
7 5656 15497696022
7 5663 24852108133
7 5670 9181480142
7 5677 -2374414041
7 5684 16506859999
7 5691 16486556358
7 5698 12349726952
7 5705 11801104688
7 5712 12319458014
7 5719 16405838825
7 5726 16385782786
7 5733 16365775725
7 5740 12259363097
7 5747 24488861729
7 5754 2322757399
7 5768 14064706456
7 5775 12185063926
7 5782 14360509049
7 5789 24311191632
7 5796 12140915144
7 5810 -221322703
7 5817 6644544426
7 5824 16110060480
7 5831 29099190448
7 5838 2618705334
7 5845 277241019
7 5852 12024734138
7 5859 16013823559
7 5866 -294166716
7 5880 20803411485
7 5887 23906486896
7 5894 -1138926902
7 5901 12657682991
7 5908 10249636786
7 5915 12927238162
7 5922 9940244100
7 5929 23737137520
7 5936 14585475187
7 5943 1210272292
7 5950 11826679693
7 5957 15750376405
7 5964 6518490614
7 5978 25635362307
7 5985 11757517824
7 5992 14207935592
7 6006 9373126097
7 6020 9487397784
7 6027 15142305520
7 6034 3658973584
7 6041 23297051540
7 6048 15513391573
7 6055 15495457016
7 6062 4005744516
7 6069 15459712017
7 6076 15441901289
7 6083 10340554996
7 6090 3004735106
7 6097 12316956435
7 6104 15371066880
7 6111 11042437715
7 6118 11501919610
7 6125 11791187004
7 6132 7118595043
7 6146 15266025420
7 6153 11166069557
7 6160 11423497431
7 6174 38340470293
7 6181 22769372004
7 6188 11371807397
7 6195 9337416608
7 6202 150366752
7 6209 22666691634
7 6216 8375270378
7 6223 10177431431
7 6230 5584350166
7 6237 13709040886
7 6244 15026424125
7 6251 15009597223
7 6258 4780764345
7 6265 1649489170
7 6272 22439012811
7 6279 11206998594
7 6286 420032245
7 6293 14909421936
7 6300 11169641932
7 6307 12427156974
7 6314 9968888176
7 6321 25673311246
7 6328 9055467322
7 6335 5750077378
7 6342 3491210740
7 6356 6409524204
7 6363 11959447283
7 6370 11046898615
7 6384 11022672960
7 6391 14680799913
7 6398 -411969241
7 6405 5991270609
7 6412 -154728332
7 6419 15951319762
7 6426 10950629346
7 6440 10926823630
7 6447 6993856753
7 6454 14537494923
7 6461 8558352693
7 6468 16081150335
7 6475 14490346291
7 6482 14474697969
7 6489 10713541654
7 6496 14443502499
7 6510 5305810750
7 6517 42842615165
7 6524 5390234090
7 6531 11884265780
7 6538 5081928855
7 6545 10751526994
7 6552 10740040320
7 6566 14471956893
7 6573 895738896
7 6580 7759362787
7 6594 5999717943
7 6601 14213754316
7 6608 11540908686
7 6615 15858036519
7 6622 8934272008
7 6636 6521502071
7 6643 5149177355
7 6650 10581766041
7 6657 4246410261
7 6664 25662314015
7 6671 21096910262
7 6678 9658045615
7 6685 10009295828
7 6692 4261842003
7 6699 8818874477
7 6706 4417830956
7 6713 13039272736
7 6720 10471539312
7 6727 -2902295017
7 6734 7967935791
7 6741 6152536266
7 6748 -370001893
7 6755 92672615
7 6762 19576837783
7 6776 1423322942
7 6783 10374280433
7 6790 7425281075
7 6804 11332870876
7 6811 13158453345
7 6818 610039592
7 6825 10310438707
7 6832 10604517962
7 6846 427492897
7 6853 1240377197
7 6860 35563013978
7 6867 13663170560
7 6874 13649256944
7 6888 9292770365
7 6895 7443477254
7 6902 10195413529
7 6909 11877779556
7 6916 10174775040
7 6923 11584496226
7 6930 8123375951
7 6944 13511663628
7 6951 -1176146060
7 6958 16000376663
7 6965 6781763257
7 6972 4656996931
7 6986 -924243471
7 6993 13416987306
7 7000 11447955351
7 7007 25558100358
7 7014 5559817317
7 7021 10705691195
7 7028 13350169640
7 7035 7981123128
7 7042 -2327698347
7 7049 9112215462
7 7056 13297192777
7 7070 5061087185
7 7077 -346383304
7 7084 9933476027
7 7098 4311358928
7 7105 15059259941
7 7112 3750170219
7 7119 5490050603
7 7126 -2597175728
7 7133 19730476427
7 7140 7884453129
7 7154 13292045549
7 7161 6769884761
7 7168 19634136210
7 7175 13076653970
7 7182 9797931520
7 7189 9073943724
7 7196 7373982395
7 7210 2497065567
7 7224 7291797116
7 7238 5506694352
7 7245 9712732115
7 7252 11860898817
7 7259 10087634724
7 7266 -233950377
7 7280 9666036288
7 7287 6985730427
7 7294 9806531551
7 7301 15482612979
7 7308 9629001666
7 7315 9619787310
7 7322 -319300906
7 7329 635672206
7 7336 10307833166
7 7350 26129834231
7 7364 263054776
7 7371 6489830182
7 7378 8215156328
7 7385 12704805990
7 7392 9519581192
7 7399 15858174345
7 7406 4476105386
7 7413 823639454
7 7420 6254425128
7 7434 7658628432
7 7448 16640423103
7 7455 2796370057
7 7462 8910801538
7 7469 2701265417
7 7476 2701601260
7 7490 5312437553
7 7497 13505370632
7 7504 10669229753
7 7511 10806186861
7 7518 1079756672
7 7525 10413097706
7 7532 8374261368
7 7539 12445283490
7 7546 21704074716
7 7553 5831714721
7 7560 9308034944
7 7567 11409015384
7 7574 10126902466
7 7581 -1288209446
7 7588 8282328897
7 7595 16514538677
7 7602 323716006
7 7616 12319458014
7 7623 9363614744
7 7630 9222640128
7 7644 15555650119
7 7658 9022659315
7 7665 212394133
7 7672 3732962671
7 7686 6045988793
7 7693 25241472246
7 7700 9138797945
7 7707 5456092984
7 7714 4388259372
7 7728 2866579865
7 7735 9097445918
7 7742 11076041468
7 7749 9172950301
7 7756 3944994203
7 7770 4299860483
7 7777 8790909692
7 7784 917433447
7 7791 14944501986
7 7798 -3466131983
7 7805 7805708179
7 7812 4014269870
7 7826 5369358967
7 7833 376287888
7 7840 15342004739
7 7847 6140143138
7 7854 7331567322
7 7868 575149497
7 7875 8979309495
7 7882 11903703658
7 7889 23106868151
7 7896 6831439527
7 7910 603004157
7 7917 8888309230
7 7924 786131863
7 7931 2654328896
7 7938 13566299777
7 7945 275236277
7 7952 1393746587
7 7959 9306707129
7 7966 -455798821
7 7973 -5863767
7 7980 7218393354
7 7987 15642647563
7 7994 11736926724
7 8001 6164315790
7 8008 8787305716
7 8015 -253442303
7 8022 5403988551
7 8029 11685763138
7 8036 25235212575
7 8043 7688177871
7 8050 6480588432
7 8064 6200232730
7 8078 871754035
7 8085 15486228506
7 8092 7379352892
7 8099 4631437470
7 8106 5624289163
7 8113 8074704968
7 8120 8666101499
7 8127 6306196968
7 8134 14517962312
7 8148 1683175691
7 8155 396330699
7 8162 3932947136
7 8169 -230886340
7 8176 3426133192
7 8183 13392081127
7 8190 6873625804
7 8204 4872071906
7 8211 8570057749
7 8218 5178895508
7 8225 10075159155
7 8232 27550733107
7 8239 8452847578
7 8246 6890235152
7 8253 6671275835
7 8260 4436630052
7 8274 2292794367
7 8281 9198776902
7 8288 10927970865
7 8295 6301001155
7 8302 -2599046179
7 8316 8461849949
7 8323 9758492489
7 8330 15520467439
7 8337 1321649134
7 8344 313096644
7 8358 693479948
7 8365 -120308425
7 8372 4189817825
7 8379 25225345469
7 8386 11188289081
7 8393 11178957731
7 8400 8377231449
7 8414 507773438
7 8421 -282878157
7 8428 11536574267
7 8435 485402208
7 8442 4358309168
7 8449 1516786930
7 8456 6475117183
7 8463 2048264540
7 8470 4966344159
7 8477 16602275375
7 8484 1403090753
11 11 25588634246423
11 22 6397158561605
11 33 4264772374403
11 44 3198579280802
11 55 2558863424642
11 66 1421590791467
11 77 1827759589030
11 88 1599289640401
11 99 1421590791467
11 110 852954474880
11 121 2326239476947
11 132 710795395733
11 143 984178240247
11 154 609253196343
11 165 568636316587
11 176 799644820200
11 187 752606889601
11 198 473863597155
11 209 673385111748
11 220 426477237440
11 231 406168797562
11 242 581559869236
11 253 556274657531
11 264 355397697866
11 275 511772684928
11 286 328059413415
11 297 473863597155
11 308 304626598171
11 319 441183349076
11 330 213238618720
11 341 412719907200
11 352 399822410100
11 363 387706579491
11 374 250868963200
11 385 243701278537
11 396 236931798577
11 407 345792354681
11 418 224461703915
11 429 218706275610
11 440 213238618720
11 451 312056515200
11 462 152313299085
11 473 297542258679
11 484 290779934618
11 495 189545438862
11 506 185424885843
11 517 272219513260
11 528 177698848933
11 539 261108512718
11 550 170590894976
11 561 167245975466
11 572 164029706707
11 583 241402209872
11 594 157954532385
11 605 232623947694
11 616 152313299085
11 627 149641135943
11 638 147061116358
11 649 216852832597
11 660 106619309360
11 671 209742903659
11 682 137573302400
11 693 135389599187
11 704 199911205050
11 715 131223765366
11 726 129235526497
11 737 190959957063
11 748 125434481600
11 759 123616590562
11 770 91387979451
11 781 180201649623
11 792 118465899288
11 803 175264618126
11 814 115264118227
11 825 113727263317
11 836 112230851957
11 847 166159962639
11 858 82014853353
11 869 161953381306
11 880 106619309360
11 891 157954532385
11 902 104018838400
11 913 154148399075
11 924 76156649542
11 935 100347585280
11 946 99180752893
11 957 98040744239
11 968 145389967309
11 979 143756372171
11 990 71079539573
11 1001 93731260975
11 1012 92712442921
11 1023 91715534933
11 1034 90739837753
11 1045 89784681566
11 1056 88849424466
11 1067 131900176528
11 1078 87036170906
11 1089 129235526497
11 1100 85295447488
11 1111 126676407161
11 1122 62717240800
11 1133 124216671099
11 1144 82014853353
11 1155 60925319634
11 1166 80467403290
11 1177 119573057226
11 1188 78977266192
11 1199 117379056176
11 1210 77541315898
11 1221 76842745484
11 1232 76156649542
11 1243 113224045338
11 1254 56115425978
11 1265 74169954337
11 1276 73530558179
11 1287 72902091870
11 1298 72284277532
11 1309 71676846628
11 1320 53309654680
11 1331 211476316086
11 1342 69914301219
11 1353 69345892266
11 1364 68786651200
11 1375 102354536985
11 1386 50771099695
11 1397 100742654513
11 1408 99955602525
11 1419 66120501928
11 1430 49208912012
11 1441 97666542925
11 1452 64617763248
11 1463 64131915404
11 1474 63653319020
11 1485 63181812954
11 1496 62717240800
11 1507 93389176082
11 1518 46356221460
11 1529 92045446930
11 1540 45693989725
11 1551 60493225168
11 1562 60067216540
11 1573 89470749113
11 1584 59232949644
11 1595 58824446543
11 1606 58421539375
11 1617 58024113937
11 1628 57632059113
11 1639 85867900156
11 1650 42647723744
11 1661 84730576975
11 1672 56115425978
11 1683 55748658488
11 1694 55386654213
11 1705 55029320960
11 1716 41007426676
11 1727 81492465753
11 1738 53984460435
11 1749 53644935527
11 1760 53309654680
11 1771 52978538812
11 1782 52651510795
11 1793 78492743087
11 1804 52009419200
11 1815 51694210598
11 1826 51382799691
11 1837 76612677385
11 1848 38078324771
11 1859 75706018481
11 1870 37630344480
11 1881 49880378647
11 1892 49590376446
11 1903 73955590308
11 1914 36765279089
11 1925 48740255707
11 1936 72694983654
11 1947 48189518354
11 1958 47918790723
11 1969 71476631973
11 1980 35539769786
11 1991 68202283012
11 2002 35149222865
11 2013 46609534146
11 2024 46356221460
11 2035 46105647290
11 2046 34393325600
11 2057 68418808146
11 2068 45369918876
11 2079 45129866395
11 2090 33669255587
11 2101 66985953525
11 2112 44424712233
11 2123 66291798566
11 2134 43561450685
11 2145 32805941341
11 2156 43518085453
11 2167 64945772199
11 2178 43078508832
11 2189 64293050870
11 2200 42647723744
11 2211 42435546013
11 2222 42225469053
11 2233 42017461816
11 2244 31358620400
11 2255 41607535360
11 2266 41405557033
11 2277 41205530187
11 2288 41007426676
11 2299 61216828341
11 2310 24370127853
11 2321 60636574044
11 2332 40233701645
11 2343 40044811027
11 2354 39857685742
11 2365 39672301157
11 2376 39488633096
11 2387 39306657828
11 2398 39126352058
11 2409 38947692916
11 2420 38770657949
11 2431 38595225109
11 2442 28816029556
11 2453 57373619387
11 2464 38078324771
11 2475 37909087772
11 2486 37741348446
11 2497 56362630499
11 2508 28057712989
11 2519 55870380451
11 2530 27813732876
11 2541 36924436142
11 2552 36765279089
11 2563 51545745107
11 2574 27338284451
11 2585 36295935101
11 2596 36142138766
11 2607 35989640290
11 2618 26878817485
11 2629 28037641078
11 2640 26654827340
11 2651 47035370770
11 2662 52869079021
11 2673 52651510795
11 2684 34957150609
11 2695 34814468362
11 2706 26004709600
11 2717 34532569833
11 2728 34393325600
11 2739 34255199794
11 2750 34118178995
11 2761 50973374993
11 2772 25385549847
11 2783 50570423412
11 2794 27142851334
11 2805 25086896320
11 2816 49977801262
11 2827 19888344305
11 2838 24187858052
11 2849 32932605207
11 2860 24604456006
11 2871 32680248079
11 2882 32555514308
11 2893 35933721460
11 2904 32308881624
11 2915 32186961316
11 2926 24049468276
11 2937 31945860482
11 2948 31826659510
11 2959 47562517187
11 2970 23693179857
11 2981 47211502300
11 2992 31358620400
11 3003 23432815243
11 3014 31129725360
11 3025 46524789538
11 3036 23178110730
11 3047 46188870481
11 3058 28060011396
11 3069 30571844977
11 3080 22846994862
11 3091 41112178374
11 3102 22684959438
11 3113 45209601142
11 3124 30033608270
11 3135 22446170391
11 3146 29823583037
11 3157 29719668114
11 3168 29616474822
11 3179 44270993506
11 3190 22059167453
11 3201 26734218971
11 3212 29210769687
11 3223 43666611342
11 3234 20435961298
11 3245 28913711012
11 3256 28816029556
11 3267 43078508832
11 3278 18116135654
11 3289 28526905515
11 3300 21323861872
11 3311 28337357969
11 3322 26246947644
11 3333 22664313532
11 3344 28057712989
11 3355 27965720487
11 3366 20905746933
11 3377 30870061756
11 3388 27693327106
11 3399 27603704688
11 3410 20635995360
11 3421 41139283354
11 3432 20503713338
11 3443 35052925393
11 3454 27164155250
11 3465 20308439878
11 3476 25886009118
11 3487 -326148694
11 3498 20116850822
11 3509 40107577189
11 3520 26654827340
11 3531 24122620808
11 3542 19866952054
11 3553 26407259284
11 3564 26325755397
11 3575 26244753073
11 3586 21519253832
11 3597 26084234705
11 3608 26004709600
11 3619 25925667929
11 3630 19385328974
11 3641 4556963437
11 3652 25691399845
11 3663 25614248494
11 3674 25537559128
11 3685 25461327608
11 3696 19039162385
11 3707 37965332710
11 3718 25235339493
11 3729 17549626345
11 3740 18815172240
11 3751 37519991564
11 3762 18705141992
11 3773 37301216102
11 3784 24795188223
11 3795 18542488584
11 3806 23872032117
11 3817 26856613450
11 3828 18382639544
11 3839 14119001301
11 3850 18277595890
11 3861 24300697290
11 3872 36347491827
11 3883 30185419383
11 3894 18071069383
11 3905 24026886616
11 3916 8035422128
11 3927 17919211657
11 3938 19541690774
11 3949 26386752987
11 3960 17769884893
11 3971 35441321671
11 3982 4270657489
11 3993 35246052681
11 4004 17574611432
11 4015 20736784662
11 4026 16567569327
11 4037 29760943148
11 4048 23178110730
11 4059 23115297422
11 4070 17289617734
11 4081 22990686654
11 4092 17196662800
11 4103 9893856724
11 4114 39394571155
11 4125 22745452663
11 4136 22684959438
11 4147 22624787132
11 4158 16923699898
11 4169 23378365802
11 4180 16834627793
11 4191 16824914151
11 4202 19393675941
11 4213 -1373816537
11 4224 22212356116
11 4235 22154661685
11 4246 20192208182
11 4257 22040167309
11 4268 12589777517
11 4279 -73682611
11 4290 13122376536
11 4301 21814692452
11 4312 21759042726
11 4323 18646896509
11 4334 21648590733
11 4345 19004467635
11 4356 25166957410
11 4367 29282186389
11 4378 20418045557
11 4389 16032978851
11 4400 21323861872
11 4411 14978316644
11 4422 15502951781
11 4433 21165123446
11 4444 21112734526
11 4455 21060604318
11 4466 15756548181
11 4477 31435668607
11 4488 15679310200
11 4499 10189378752
11 4510 10293615623
11 4521 19904811638
11 4532 15319671932
11 4543 20652650723
11 4554 15452073820
11 4565 20553119876
11 4576 20503713338
11 4587 15435002423
11 4598 21367896380
11 4609 121520465
11 4620 12185063926
11 4631 25253013436
11 4642 18826762550
11 4653 20164408389
11 4664 20116850822
11 4675 20069517056
11 4686 10695458813
11 4697 19975514634
11 4708 19049490437
11 4719 20782057127
11 4730 14877112933
11 4741 9401872770
11 4752 19744316548
11 4763 28225587911
11 4774 14739996685
11 4785 14706111635
11 4796 19563176029
11 4807 19518409036
11 4818 11089599034
11 4829 -2285449334
11 4840 19385328974
11 4851 19341371312
11 4862 14473209415
11 4873 401168516
11 4884 14408014778
11 4895 13749244901
11 4906 19124539795
11 4917 5467001454
11 4928 19039162385
11 4939 1063675051
11 4950 14215907914
11 4961 28368774109
11 4972 14415599910
11 4983 13529284006
11 4994 653322307
11 5005 14059689146
11 5016 14028856494
11 5027 -1330764486
11 5038 9164322038
11 5049 18582886162
11 5060 13906866438
11 5071 -2529601289
11 5082 21194172611
11 5093 27633514305
11 5104 18382639544
11 5115 13757330240
11 5126 5432198073
11 5137 7849889811
11 5148 13669142225
11 5159 18186662577
11 5170 10381742546
11 5181 3418530862
11 5192 15471953240
11 5203 27049296244
11 5214 11810624131
11 5225 17956936313
11 5236 13439408742
11 5247 17881645175
11 5258 8422621621
11 5269 6266238385
11 5280 13327413670
11 5291 17732941267
11 5302 4381159651
11 5313 13244634703
11 5324 53599774117
11 5335 16741965097
11 5346 17550503598
11 5357 26271698405
11 5368 15052116734
11 5379 1736690595
11 5390 11612744274
11 5401 -3368432730
11 5412 13002354800
11 5423 17301307808
11 5434 12949713687
11 5445 38831138516
11 5456 17196662800
11 5467 11601653628
11 5478 6589599772
11 5489 1517453598
11 5500 7970116662
11 5511 11487183524
11 5522 16991124997
11 5533 14954996099
11 5544 12692774923
11 5555 4846483400
11 5566 19757689701
11 5577 14918501656
11 5588 14264016445
11 5599 25136182953
11 5610 10034758528
11 5621 6573782745
11 5632 9916401455
11 5643 16626792882
11 5654 12063159520
11 5665 13260692427
11 5676 10136723639
11 5687 24747228478
11 5698 12349726952
11 5709 11792355195
11 5720 12302228003
11 5731 21500450867
11 5742 12255093029
11 5753 12738912220
11 5764 13862739276
11 5775 12185063926
11 5786 -198908573
11 5797 16185094400
11 5808 18304290746
11 5819 24185854675
11 5830 12070110493
11 5841 15136286813
11 5852 12024734138
11 5863 16002898216
11 5874 5597984678
11 5885 -1625457006
11 5896 15107698220
11 5907 4183138457
11 5918 12512518423
11 5929 23737137519
11 5940 11846589928
11 5951 23649384701
11 5962 12395513461
11 5973 84125608
11 5984 15679310200
11 5995 15650540823
11 6006 9373126097
11 6017 23389976459
11 6028 11815704322
11 6039 12912213508
11 6050 20421884223
11 6061 15480117512
11 6072 11589055365
11 6083 10340554994
11 6094 698253772
11 6105 11526411822
11 6116 6799870162
11 6127 22970048695
11 6138 11464441866
11 6149 14186388631
11 6160 11423497431
11 6171 18588654047
11 6182 7899580640
11 6193 -4327561312
11 6204 8407417085
11 6215 9872808457
11 6226 13262517911
11 6237 13709040886
11 6248 10695458813
11 6259 22485618846
11 6270 8978468156
11 6281 22406860111
11 6292 18697610124
11 6303 1727212684
11 6314 9968888176
11 6325 14833990867
11 6336 14808237411
11 6347 -4991374775
11 6358 9531186705
11 6369 11037757208
11 6380 11029583726
11 6391 14680799911
11 6402 7566445154
11 6413 21066303009
11 6424 8568862717
11 6435 10935313780
11 6446 8129122915
11 6457 -2027469693
11 6468 9145645039
11 6479 14481400253
11 6490 5329426195
11 6501 -857718446
11 6512 14408014778
11 6523 -2248003699
11 6534 19442272590
11 6545 10751526994
11 6556 6594581398
11 6567 8221015528
11 6578 10697589567
11 6589 21359460974
11 6600 10661930936
11 6611 21288381237
11 6622 8934272008
11 6633 12464376013
11 6644 4837066660
11 6655 21147631608
11 6666 3171484305
11 6677 -139235597
11 6688 14028856494
11 6699 8818874477
11 6710 6404556811
11 6721 10450187589
11 6732 10452873466
11 6743 20871642942
11 6754 6979546945
11 6765 7952714154
11 6776 38693344775
11 6787 20736332453
11 6798 2779176765
11 6809 974823369
11 6820 6235409309
11 6831 13735176729
11 6842 10371440479
11 6853 1240377195
11 6864 10251856669
11 6875 -1010103097
11 6886 1925651675
11 6897 19427920289
11 6908 6659764058
11 6919 13560484497
11 6930 8123375951
11 6941 13353698171
11 6952 10298654719
11 6963 111594128
11 6974 674849755
11 6985 5277182841
11 6996 7576592242
11 7007 7306220030
11 7018 24716661132
11 7029 9968663804
11 7040 8837745155
11 7051 3342178655
11 7062 6907641739
11 7073 19897849336
11 7084 9933476027
11 7095 5604978983
11 7106 9902722231
11 7117 -3413156828
11 7128 8124678710
11 7139 17526849962
11 7150 9841782402
11 7161 6769884761
11 7172 2551793136
11 7183 19593134951
11 7194 9781588014
11 7205 6999425466
11 7216 13002354800
11 7227 8502172285
11 7238 5506694352
11 7249 19414745255
11 7260 21498970903
11 7271 -3547114119
11 7282 2544373538
11 7293 9648806276
11 7304 7409646914
11 7315 9619787310
11 7326 7662989484
11 7337 12787923162
11 7348 8827190576
11 7359 5437871710
11 7370 5224266913
11 7381 19886640996
11 7392 9519581192
11 7403 19010872397
11 7414 4625711880
11 7425 12636362590
11 7436 6513540086
11 7447 18898548188
11 7458 1008216055
11 7469 2701265417
11 7480 9407586120
11 7491 1872891157
11 7502 14664797511
11 7513 18732528731
11 7524 9352570996
11 7535 5656841338
11 7546 7798570692
11 7557 6139010895
11 7568 12397594111
11 7579 10177838128
11 7590 4471682771
11 7601 -4275994481
11 7612 6180075456
11 7623 18197206652
11 7634 2728934911
11 7645 330653771
11 7656 6989557394
11 7667 11281307332
11 7678 -1574183310
11 7689 1449206247
11 7700 9138797945
11 7711 18251522287
11 7722 9112761483
11 7733 12133065077
11 7744 20562016166
11 7755 5096739262
11 7766 4943349521
11 7777 8790909691
11 7788 3726324554
11 7799 18045581274
11 7810 2994866493
11 7821 10905665657
11 7832 8218935409
11 7843 11112110437
11 7854 7331567322
11 7865 18937055101
11 7876 1682091512
11 7887 11896157250
11 7898 4851687753
11 7909 -1946392649
11 7920 8884942446
11 7931 2654328896
11 7942 11813773890
11 7953 1348138967
11 7964 -495472066
11 7975 11764889308
11 7986 11748684227
11 7997 -2247550533
11 8008 8787305716
11 8019 -843922162
11 8030 2680785362
11 8041 9186490702
11 8052 3430077515
11 8063 -2391606077
11 8074 2193058532
11 8085 6442746618
11 8096 11589055365
11 8107 37890770824
11 8118 4452805412
11 8140 6959317890
11 8151 8633142458
11 8162 3932947136
11 8184 6751295405
11 8195 2831745608
11 8206 2249286942
11 8217 3777948769
11 8228 20128197246
11 8239 8452847578
11 8250 5336002604
11 8272 8285700023
11 8283 7350172152
11 8294 8484295174
11 8305 4439818470
11 8316 8461849949
11 8338 -3473852360
11 8349 24644770384
11 8360 8417313896
11 8382 1404914759
11 8393 11178957731
11 8404 5858013360
11 8415 8362298773
11 8426 11135175912
11 8437 8910767467
11 8448 2577795975
11 8459 16637603541
11 8470 18332960047
11 8481 7085718844
11 8492 862696160
13 13 21651921285435
13 26 5412980321358
13 39 3608653547572
13 52 2706490160679
13 65 2165192128543
13 78 1202884515857
13 91 1546565806102
13 104 1353245080339
13 117 1202884515857
13 130 721730709514
13 143 984178240247
13 156 601442257928
13 169 1665532406571
13 182 515521935367
13 195 481153806343
13 208 676622540169
13 221 636821214278
13 234 400961505285
13 247 569787402248
13 260 360865354757
13 273 343681290245
13 286 328059413415
13 299 470693940988
13 312 300721128964
13 325 433038425708
13 338 416383101642
13 351 400961505285
13 364 257760967683
13 377 373308987680
13 390 180432677378
13 403 349224536862
13 416 338311270084
13 429 218706275610
13 442 212273738092
13 455 206208774147
13 468 200480752642
13 481 292593530884
13 494 189929134082
13 507 277588734428
13 520 180432677378
13 533 264047820554
13 546 128880483841
13 559 251766526575
13 572 164029706707
13 585 160384602114
13 598 156897980329
13 611 230339588143
13 624 150360564482
13 637 220937972300
13 650 144346141902
13 663 141515825395
13 676 208191550821
13 689 204263408353
13 702 133653835095
13 715 131223765366
13 728 128880483841
13 741 126619422721
13 754 124436329226
13 767 183490858351
13 780 90216338689
13 793 177474764635
13 806 116408178953
13 819 114560430081
13 832 169155635042
13 845 166553240657
13 858 82014853353
13 871 161581502130
13 884 106136869046
13 897 104598653552
13 910 77328290305
13 923 152478318912
13 936 100240376321
13 949 148300830722
13 962 97531176961
13 975 96230761268
13 988 94964567041
13 1001 93731260975
13 1014 92529578142
13 1027 137037476490
13 1040 90216338689
13 1053 133653835095
13 1066 88015940184
13 1079 130433260756
13 1092 64440241920
13 1105 84909495237
13 1118 83922175524
13 1131 82957552817
13 1144 82014853353
13 1157 121640007222
13 1170 60144225792
13 1183 118966600469
13 1196 78448990164
13 1209 77605452635
13 1222 76779862714
13 1235 75971653633
13 1248 75180282241
13 1261 111607841678
13 1274 73645990766
13 1287 72902091870
13 1300 72173070951
13 1313 107187729136
13 1326 53068434523
13 1339 105106414007
13 1352 104095775410
13 1365 51552193536
13 1378 68087802784
13 1391 101177202268
13 1404 66826917547
13 1417 99320739841
13 1430 49208912012
13 1443 65020784640
13 1456 64440241920
13 1469 95804961440
13 1482 47482283520
13 1495 62759192131
13 1508 62218164613
13 1521 92529578142
13 1534 61163619450
13 1547 60649639455
13 1560 45108169344
13 1573 89470749113
13 1586 59158254878
13 1599 58677293456
13 1612 58204089476
13 1625 86607685141
13 1638 42960161280
13 1651 85243784588
13 1664 84577817521
13 1677 55948117016
13 1690 55517746885
13 1703 82640920937
13 1716 41007426676
13 1729 54265466880
13 1742 53860500710
13 1755 53461534038
13 1768 53068434523
13 1781 79021610531
13 1794 39224495082
13 1807 77884608940
13 1820 38664145152
13 1833 51186575142
13 1846 50826106303
13 1859 75706018480
13 1872 50120188160
13 1885 49774531690
13 1898 49433610240
13 1911 49097327177
13 1924 48765588480
13 1937 72657453978
13 1950 36086535475
13 1963 71695103594
13 1976 47482283520
13 1989 47171941798
13 2002 35149222865
13 2015 46563271581
13 2028 46264789071
13 2041 68955163329
13 2054 45679158830
13 2067 45391868522
13 2080 45108169344
13 2093 44827994379
13 2106 44551278365
13 2119 66416936458
13 2132 44007970092
13 2145 32805941341
13 2158 43477753585
13 2171 64826111633
13 2184 32220120960
13 2210 31841060713
13 2223 42206474240
13 2236 41961087762
13 2249 62577807183
13 2262 31109082306
13 2275 41241754829
13 2288 41007426676
13 2301 40775746300
13 2314 40546669073
13 2327 54155107369
13 2340 30072112896
13 2353 59811937253
13 2366 45701737237
13 2379 39438836585
13 2392 39224495082
13 2405 39012470784
13 2418 29102044738
13 2431 38595225107
13 2444 38389931357
13 2457 38186810027
13 2470 28489370112
13 2483 56680422213
13 2496 37590141120
13 2509 56093060325
13 2522 36206612009
13 2535 37011831257
13 2548 36822995383
13 2561 54954114938
13 2574 27338284451
13 2587 54401812275
13 2600 36086535475
13 2613 35907000473
13 2626 35729243045
13 2639 35553236921
13 2652 26534217261
13 2665 35206376073
13 2678 33624394788
13 2691 34866217850
13 2704 52047887705
13 2717 34532569833
13 2730 20620877414
13 2743 45676499644
13 2756 34043901392
13 2769 33884070869
13 2782 33725734089
13 2795 33568870209
13 2808 33413458773
13 2821 33259479701
13 2834 33106913280
13 2847 32955740160
13 2860 24604456006
13 2873 48986247252
13 2886 24382794240
13 2899 48546908712
13 2912 32220120960
13 2925 32076920422
13 2938 31934987146
13 2951 47691456576
13 2964 23741141760
13 2977 45194428481
13 2990 23534697049
13 3003 23432815243
13 3016 31109082306
13 3029 45131215665
13 3042 30843192714
13 3055 30711945085
13 3068 30581809725
13 3081 30452772553
13 3094 22743614795
13 3107 42845128794
13 3120 22554084672
13 3133 28817672217
13 3146 29823583037
13 3159 44551278365
13 3172 29579127439
13 3185 29458396306
13 3198 22003985046
13 3211 43829800173
13 3224 29102044738
13 3237 28985169056
13 3250 28869228380
13 3263 43131317302
13 3276 21480080640
13 3289 28526905514
13 3302 27323713756
13 3315 21227373809
13 3328 42288908760
13 3341 42124360478
13 3354 18226900933
13 3367 27866050560
13 3380 27758873442
13 3393 27652517605
13 3406 27546973645
13 3419 12942795715
13 3432 20503713338
13 3445 27235121113
13 3458 20349550080
13 3471 27031112715
13 3484 21405950128
13 3497 40245206850
13 3510 20048075264
13 3523 39948194254
13 3536 26534217261
13 3549 26437022326
13 3562 25391510672
13 3575 26244753073
13 3588 19612247541
13 3601 30278449097
13 3614 23580599697
13 3627 25868484211
13 3640 19332072576
13 3653 32332194417
13 3666 19194965678
13 3679 26244745887
13 3692 22189190237
13 3705 18992913408
13 3718 25235339493
13 3731 25147411481
13 3744 25060094080
13 3757 37460071428
13 3770 18665449383
13 3783 24801742595
13 3796 22381281932
13 3809 36948671136
13 3822 18411497691
13 3835 24465447780
13 3848 24382794240
13 3861 24300697290
13 3874 12334013199
13 3887 36207226230
13 3900 18043267737
13 3913 23977764435
13 3926 21511196221
13 3939 16610957222
13 3952 23741141760
13 3965 23663301951
13 3978 17689478174
13 3991 27909138821
13 4004 17574611432
13 4017 23356980890
13 4030 17461226843
13 4043 34810162838
13 4056 23132394535
13 4069 34587733683
13 4082 19160318511
13 4095 17184064512
13 4108 22839579415
13 4121 29954249960
13 4134 15319618480
13 4147 22624787132
13 4160 22554084672
13 4173 22483822726
13 4186 16810497892
13 4199 22344604011
13 4212 22275639182
13 4225 33310648131
13 4238 16829506608
13 4251 22071275520
13 4264 22003985046
13 4277 21937103632
13 4290 13122376536
13 4303 8811184299
13 4316 19936856744
13 4329 21673594880
13 4342 19612125863
13 4355 20101518923
13 4368 16110060480
13 4381 9773867691
13 4407 6452281450
13 4420 15920530356
13 4433 21165123446
13 4446 15827427840
13 4459 18133938903
13 4472 20980543881
13 4485 15689798032
13 4498 20859269061
13 4511 -1800894466
13 4524 15554541153
13 4537 13589845966
13 4550 15465658061
13 4563 44550305243
13 4576 20503713338
13 4589 11175240137
13 4602 15290904862
13 4615 17225061503
13 4628 13952583573
13 4641 15162409863
13 4654 12198123570
13 4667 28213525527
13 4680 15036056448
13 4693 29988810645
13 4706 10995823790
13 4719 19432554473
13 4732 23295519392
13 4745 17141613008
13 4758 11560330603
13 4771 29498530362
13 4784 19612247541
13 4797 19559097818
13 4810 14629676544
13 4823 17766392318
13 4836 14551022369
13 4849 29024023171
13 4862 14473209415
13 4875 11764569914
13 4888 19194965678
13 4901 28716075975
13 4914 14320053760
13 4927 18184813083
13 4940 14244685056
13 4953 8103519166
13 4966 10268584680
13 4979 25331153143
13 4992 17304850742
13 5005 14059689146
13 5018 -184851105
13 5031 18649372338
13 5044 10017145483
13 5057 22321886854
13 5070 23567136069
13 5083 18458585921
13 5096 18411497691
13 5109 15135415981
13 5122 15382975678
13 5135 14692810625
13 5148 13669142225
13 5161 -747340484
13 5174 10024009900
13 5187 13566366720
13 5200 18043267737
13 5213 5026652019
13 5226 11487519758
13 5239 26863425912
13 5252 10479738564
13 5265 17374533487
13 5278 13332463845
13 5291 17732941265
13 5304 13267108630
13 5317 26469341425
13 5330 9699066103
13 5343 7653580331
13 5356 10254919934
13 5369 14614958655
13 5382 13074831694
13 5395 8634737599
13 5408 26023943852
13 5421 11538123680
13 5434 12949713687
13 5447 262685758
13 5460 10310438707
13 5473 -1101060710
13 5486 17102623448
13 5499 15568197663
13 5512 17021950696
13 5525 16981899047
13 5538 8550034800
13 5551 12975794496
13 5564 16862867044
13 5577 20633675674
13 5590 12588326328
13 5603 -505045552
13 5616 16706729386
13 5629 718339951
13 5642 10391796064
13 5655 12443632922
13 5668 16553456640
13 5681 16515576878
13 5694 4593917929
13 5707 2886572055
13 5720 12302228003
13 5733 16365775725
13 5746 23012057028
13 5759 243753124
13 5772 11015409754
13 5785 16218667629
13 5798 -2287617080
13 5811 3576833438
13 5824 16110060480
13 5837 2410653023
13 5850 12028845158
13 5863 16002898215
13 5876 13306750235
13 5889 -294098751
13 5902 12304146986
13 5915 21732163861
13 5928 11870570880
13 5941 4928471737
13 5954 8597568651
13 5967 15723980599
13 5980 11767348524
13 5993 23483645646
13 6006 9373126097
13 6019 23382204412
13 6032 15554541153
13 6045 11640817895
13 6058 12552720831
13 6071 2767764150
13 6084 24786978161
13 6097 12316956434
13 6110 10236855274
13 6123 11381780640
13 6136 12354852617
13 6149 14186388631
13 6162 9890581041
13 6175 15194330726
13 6188 11371807397
13 6201 13462528034
13 6214 6977941692
13 6227 20658816743
13 6240 11277042336
13 6253 22507194683
13 6266 196962709
13 6279 11206998594
13 6292 13018882215
13 6305 1566886716
13 6318 7578215304
13 6331 1271032008
13 6344 10896942059
13 6357 4434518973
13 6370 11046898615
13 6383 22048799680
13 6396 10634459882
13 6409 14639568144
13 6422 26850911644
13 6435 10935313780
13 6448 14551022369
13 6461 8558352693
13 6474 6308070547
13 6487 -1158001517
13 6500 11377834494
13 6513 5244604228
13 6526 14377105767
13 6539 -1335973768
13 6552 10740040320
13 6565 114281180
13 6578 10697589567
13 6604 6810753045
13 6617 -1813568352
13 6630 8490949523
13 6643 5149177355
13 6656 373133595
13 6669 14068824746
13 6682 14041453492
13 6695 4838358278
13 6708 8756395616
13 6721 10450187587
13 6734 7967935791
13 6747 11720769468
13 6760 41804761178
13 6773 20779195092
13 6786 7920524416
13 6799 712717551
13 6812 10013057891
13 6825 10310438707
13 6838 6037609139
13 6851 8400612792
13 6864 10251856669
13 6877 15844400345
13 6890 6565722175
13 6903 9509327062
13 6916 10174775040
13 6929 22045247136
13 6942 555969431
13 6955 11804802658
13 6968 10519812515
13 6981 -268327505
13 6994 9332480579
13 7007 7306220030
13 7020 10024037632
13 7033 -1551692339
13 7046 9233476380
13 7059 4947115145
13 7072 13267108630
13 7085 13242765312
13 7098 26721456704
13 7111 19791518542
13 7124 -45596527
13 7137 8034898030
13 7150 9841782402
13 7163 13098560971
13 7176 9806123770
13 7189 9073943724
13 7202 6923500475
13 7215 8676207325
13 7228 3769680937
13 7241 19436195050
13 7254 8250240630
13 7267 18152056167
13 7280 9666036288
13 7293 9648806276
13 7306 -780688174
13 7319 -674993196
13 7332 7336612367
13 7345 9308629125
13 7358 1658514488
13 7371 6489830182
13 7384 6743134610
13 7397 -1267480662
13 7410 7597165363
13 7423 12672684229
13 7436 24825929066
13 7449 6653896433
13 7462 8910801538
13 7475 12551838426
13 7488 12530047040
13 7501 -1520751616
13 7514 8088983679
13 7527 5835280019
13 7540 7311183402
13 7553 5831714721
13 7566 379165304
13 7579 10177838128
13 7592 6924723294
13 7605 26161716577
13 7618 12316223711
13 7631 14465618592
13 7644 7089115087
13 7657 11147271423
13 7670 4550304818
13 7683 1761383328
13 7696 10504131500
13 7709 18256257408
13 7722 9112761483
13 7735 9097445918
13 7748 1166666290
13 7761 2892829268
13 7774 18419428828
13 7787 18073390055
13 7800 9021633868
13 7813 -688984679
13 7826 5369358967
13 7839 8529460371
13 7852 -108517520
13 7865 8425622272
13 7878 3324504986
13 7891 225017717
13 7904 11870570880
13 7917 8888309230
13 7930 2912921417
13 7943 18647165596
13 7956 8844739087
13 7969 17660620951
13 7982 -519054656
13 7995 4719005647
13 8008 8787305716
13 8021 -6277453175
13 8034 4635020463
13 8047 17489435610
13 8060 5501380305
13 8073 11210965971
13 8086 -639245871
13 8099 4631437469
13 8112 19520686293
13 8125 17321537028
13 8138 2287991954
13 8151 8633142458
13 8164 -426270322
13 8177 11474256113
13 8190 6873625804
13 8203 10234274271
13 8216 10287891550
13 8229 4810560304
13 8242 1197880595
13 8255 1198267824
13 8268 4295544227
13 8281 24791680374
13 8294 8484295174
13 8307 53683862
13 8320 5871965379
13 8333 -2216227553
13 8346 1899675465
13 8372 4189817825
13 8385 2273843179
13 8398 8379226503
13 8411 -3113784897
13 8424 7796165619
13 8437 8910767465
13 8450 23311808697
13 8463 2579635540
13 8476 -211074358
13 8489 16578806497
17 17 16557351571215
17 34 4139337892803
17 51 2759558595202
17 68 2069668946401
17 85 1655735157121
17 102 919852865067
17 119 1182667969372
17 136 1034834473200
17 153 919852865067
17 170 551911719040
17 187 752606889600
17 204 459926432533
17 221 636821214277
17 238 394222656457
17 255 367941146027
17 272 517417236600
17 289 973961857130
17 306 306617621689
17 323 435719778190
17 340 275955859520
17 357 262815104305
17 374 250868963200
17 391 359942425461
17 408 229963216266
17 425 331147031424
17 442 212273738092
17 459 306617621689
17 476 197111328228
17 493 285471578814
17 510 137977929760
17 527 267054057600
17 544 258708618300
17 561 167245975466
17 578 243490464282
17 595 157689062583
17 612 153308810844
17 629 223747994206
17 646 145239926063
17 663 141515825395
17 680 137977929760
17 697 201918921600
17 714 98555664114
17 731 192527343851
17 748 125434481600
17 765 122647048675
17 782 119980808487
17 799 176142037992
17 816 114981608133
17 833 168952567053
17 850 110382343808
17 867 162326976188
17 884 106136869046
17 901 156201429917
17 918 102205873896
17 935 100347585280
17 952 98555664114
17 969 96826617375
17 986 95157192938
17 1003 140316538739
17 1020 68988964880
17 1037 135715996485
17 1054 89018019200
17 1071 87605034768
17 1088 129354309150
17 1105 84909495237
17 1122 62717240800
17 1139 123562325158
17 1156 121745232141
17 1173 79987205658
17 1190 59133398468
17 1207 116601067403
17 1224 76654405422
17 1241 113406517611
17 1258 74582664735
17 1275 73588229205
17 1292 72619963031
17 1309 71676846628
17 1326 53068434523
17 1343 104793364375
17 1360 68988964880
17 1377 102205873896
17 1394 67306307200
17 1411 99743081754
17 1428 49277832057
17 1445 97396185713
17 1462 64175781283
17 1479 63438128625
17 1496 62717240800
17 1513 93018829052
17 1530 45992643253
17 1547 60649639455
17 1564 59990404243
17 1581 59345346133
17 1598 58714012663
17 1615 58095970425
17 1632 57490804066
17 1649 85347173048
17 1666 56317522351
17 1683 55748658488
17 1700 55191171904
17 1717 81967086986
17 1734 54108992062
17 1751 80375493064
17 1768 53068434523
17 1785 39422265645
17 1802 52067143305
17 1819 77370801735
17 1836 51102936948
17 1853 75951153996
17 1870 37630344480
17 1887 49721776490
17 1904 49277832057
17 1921 73262617572
17 1938 36309981515
17 1955 47992323394
17 1972 47578596469
17 1989 47171941798
17 2006 46772179579
17 2023 69568704080
17 2040 34494482440
17 2057 68418808145
17 2074 45238665495
17 2091 44870871466
17 2108 44509009600
17 2125 66229406284
17 2142 32851888038
17 2159 65186423509
17 2176 64677154575
17 2193 42783854189
17 2210 31841060713
17 2227 63195998363
17 2244 31358620400
17 2261 41497121732
17 2278 41187441719
17 2295 40882349558
17 2312 60872616070
17 2329 60428290406
17 2346 29995202121
17 2363 59558818601
17 2380 29566699234
17 2397 39142675109
17 2414 38867022467
17 2431 38595225107
17 2448 38327202711
17 2465 38062877175
17 2482 37802172537
17 2499 37545014900
17 2516 37291332367
17 2533 55561582454
17 2550 27595585952
17 2567 54825667454
17 2584 36309981515
17 2601 54108992062
17 2618 26878817485
17 2635 35607207680
17 2652 26534217261
17 2669 52730419017
17 2686 34931121458
17 2703 34711428870
17 2720 34494482440
17 2737 34280230996
17 2754 34068624632
17 2771 50789421998
17 2788 33653153600
17 2805 25086896320
17 2822 33247693918
17 2839 49572908896
17 2856 24638916028
17 2873 48986247252
17 2890 43254359933
17 2907 32275539125
17 2924 32087890641
17 2941 47853617258
17 2958 23789298234
17 2975 31537812516
17 2992 31358620400
17 3009 31181453053
17 3026 29469614232
17 3043 44382633635
17 3060 22996321626
17 3077 45738540252
17 3094 22743614795
17 3111 30159110330
17 3128 29995202121
17 3145 29833065894
17 3162 22254504800
17 3179 44270993505
17 3196 29357006331
17 3213 29201678256
17 3230 21785988909
17 3247 42564020963
17 3264 28745402033
17 3281 42894693190
17 3298 28449057682
17 3315 21227373809
17 3332 28158761175
17 3349 42023734952
17 3366 20905746933
17 3383 41601385857
17 3400 27595585952
17 3417 27458294479
17 3434 21603421414
17 3451 27187769410
17 3468 27054496031
17 3485 26922522880
17 3502 24172066426
17 3519 26662401886
17 3536 26534217261
17 3553 26407259284
17 3570 15768906258
17 3587 37850001467
17 3604 26033571652
17 3621 22571885774
17 3638 23793689230
17 3655 25670312513
17 3672 25551468474
17 3689 25433719771
17 3706 25317051332
17 3723 23770954451
17 3740 18815172240
17 3757 37460071428
17 3774 18645666183
17 3791 37124106662
17 3808 24638916028
17 3825 24529409735
17 3842 24420872523
17 3859 8945375660
17 3876 18154990757
17 3893 36151422645
17 3910 17997121273
17 3927 17919211657
17 3944 23789298234
17 3961 26808101771
17 3978 17689478174
17 3995 23485605065
17 4012 23386089789
17 4029 17631417658
17 4046 24294755284
17 4063 32545971035
17 4080 17247241220
17 4097 31952772457
17 4114 14512118494
17 4131 34068624632
17 4148 22619332747
17 4165 22527008940
17 4182 16826576800
17 4199 22344604009
17 4216 22254504800
17 4233 21075023009
17 4250 15596668898
17 4267 32982772054
17 4284 16425944019
17 4301 21814692452
17 4318 8675441767
17 4335 21643596825
17 4352 32338577287
17 4369 30525480628
17 4386 14005049782
17 4403 21309332781
17 4420 15920530356
17 4437 21146042875
17 4454 16368016324
17 4471 29743978374
17 4488 15679310200
17 4505 20826857322
17 4522 15561420649
17 4539 3044375013
17 4556 20593720859
17 4573 30775746415
17 4590 15330881084
17 4607 30548619135
17 4624 30436308035
17 4641 15162409863
17 4658 14937033289
17 4675 20069517056
17 4692 14997601060
17 4709 17853241768
17 4726 14676349467
17 4743 17517901664
17 4760 14783349617
17 4777 14426855130
17 4794 12597994342
17 4811 29253271327
17 4828 15300141823
17 4845 14523992606
17 4862 14473209415
17 4879 19230373485
17 4896 19163601355
17 4930 14273578940
17 4947 11530722339
17 4964 14118210220
17 4981 25773032993
17 4998 14079380587
17 5015 16906851783
17 5032 18645666183
17 5049 18582886162
17 5066 12182492215
17 5083 18458585921
17 5100 13797792976
17 5117 18335937509
17 5134 13565121660
17 5151 11194740592
17 5168 18154990757
17 5185 14986010784
17 5202 19141517945
17 5219 -3988331186
17 5236 13439408742
17 5253 12391305165
17 5270 12894090069
17 5287 -2740747746
17 5304 13267108630
17 5321 10125566849
17 5338 13778208276
17 5355 13140755215
17 5372 14268100340
17 5389 13530631718
17 5406 13016785826
17 5423 17301307806
17 5440 17247241220
17 5457 14258448862
17 5474 12855086623
17 5491 25630575188
17 5508 17034312316
17 5525 16981899047
17 5542 9497420606
17 5559 16878034221
17 5576 16826576800
17 5593 16775432189
17 5610 10034758528
17 5627 5750813866
17 5644 14936581339
17 5661 16573925496
17 5678 11775286039
17 5695 13245743571
17 5712 12319458014
17 5729 17598992494
17 5746 12987095112
17 5763 11566841373
17 5780 16232697618
17 5797 16185094400
17 5814 12103327171
17 5831 19172971567
17 5848 14236905018
17 5865 11998080848
17 5882 11826890780
17 5899 2429347790
17 5916 11894649117
17 5933 22626636232
17 5950 11826679693
17 5967 15723980599
17 5984 15679310200
17 6001 2820606686
17 6018 8819477832
17 6035 13450828222
17 6052 8055703986
17 6069 15459712017
17 6086 3118649409
17 6103 -3709451994
17 6120 11498160813
17 6137 18717188784
17 6154 3657902940
17 6171 13511942357
17 6188 11371807397
17 6205 11178289328
17 6222 7578032498
17 6239 17456743318
17 6256 14997601060
17 6273 14956957155
17 6290 9106890887
17 6307 12427156972
17 6324 10503772165
17 6341 5400624121
17 6358 25208620095
17 6375 13869060899
17 6392 12681925151
17 6409 14639568144
17 6426 10950629346
17 6443 21843471730
17 6460 10892994454
17 6477 4044340573
17 6494 4314371425
17 6511 21615341477
17 6528 10577233328
17 6545 10751526994
17 6562 2166576629
17 6579 14261284729
17 6596 4363872684
17 6613 9665065756
17 6630 8490949523
17 6647 21173083851
17 6664 8287913873
17 6681 4887753707
17 6698 8090148313
17 6715 12458579910
17 6732 10452873466
17 6749 17623854505
17 6766 -2453787304
17 6783 10374280433
17 6800 13797792976
17 6817 2863708376
17 6834 4987650292
17 6851 8400612790
17 6868 8769122073
17 6885 9269813138
17 6902 10195413529
17 6919 13560484497
17 6936 23978870275
17 6953 -3629583357
17 6970 7965333549
17 6987 5832026054
17 7004 2675710124
17 7021 10705691193
17 7038 9998400707
17 7055 10008183092
17 7072 13267108630
17 7089 5081087137
17 7106 9902722231
17 7123 988330927
17 7140 7884453129
17 7157 19664313030
17 7174 10876714376
17 7191 9705904397
17 7208 11209436690
17 7225 23694668263
17 7242 6140406374
17 7259 10087634723
17 7276 8007467259
17 7293 9648806276
17 7310 7365496720
17 7327 2455868520
17 7344 12775734237
17 7361 -2784882714
17 7378 8215156328
17 7395 9515719293
17 7412 12658525666
17 7429 12629558788
17 7446 2943922514
17 7463 -3957994023
17 7480 9407586120
17 7497 12019822133
17 7514 21282104070
17 7531 3056304870
17 7548 8146845725
17 7565 841349690
17 7582 8159271099
17 7599 3474156603
17 7616 12319458014
17 7633 18438030703
17 7650 9198528650
17 7667 11281307332
17 7684 3966631609
17 7701 2406326749
17 7718 2702064092
17 7735 9097445918
17 7752 5735841406
17 7769 7868467581
17 7786 1387802074
17 7803 38435913722
17 7820 8998560636
17 7837 17958081964
17 7854 11981049102
17 7871 17880509256
17 7888 11894649117
17 7905 7257002698
17 7922 5543049306
17 7939 -2683999074
17 7956 8844739087
17 7973 -1478889675
17 7990 4398649402
17 8007 6686175635
17 8024 8895044222
17 8041 9186490700
17 8058 5503547248
17 8075 11619194085
17 8092 20025646255
17 8109 7487887919
17 8126 -59384997
17 8143 15340894286
17 8160 8623620610
17 8177 11474256113
17 8194 3116801270
17 8211 8570057749
17 8228 7040603412
17 8245 5021274040
17 8262 10978147440
17 8279 3848008023
17 8296 6509865258
17 8313 1998603233
17 8330 6090015323
17 8347 -3623686752
17 8364 5478225766
17 8381 21190152610
17 8398 8379226503
17 8415 8362298773
17 8432 9793161479
17 8449 10352724916
17 8466 4420072432
17 8483 3655445232
19 19 14814472458455
19 38 3703618114613
19 57 2469078743075
19 76 1851809057306
19 95 1481447245845
19 114 823026247691
19 133 1058176604175
19 152 925904528653
19 171 823026247691
19 190 493815748615
19 209 673385111747
19 228 411513123845
19 247 569787402248
19 266 352725534725
19 285 329210499076
19 304 462952264326
19 323 435719778189
19 342 274342082563
19 361 779709076760
19 380 246907874307
19 399 235150356483
19 418 224461703915
19 437 322053749097
19 456 205756561922
19 475 296289449169
19 494 189929134082
19 513 274342082563
19 532 176362767362
19 551 255421938939
19 570 123453937153
19 589 238943104169
19 608 231476132163
19 627 149641135943
19 646 145239926063
19 665 141090213890
19 684 137171041281
19 703 200195573763
19 722 194927269190
19 741 126619422721
19 760 123453937153
19 779 180664298274
19 798 88181383681
19 817 172261307656
19 836 112230851957
19 855 109736833025
19 874 107351249698
19 893 157600770835
19 912 102878280961
19 931 151168086310
19 950 98763149723
19 969 96826617375
19 988 94964567041
19 1007 139759174136
19 1026 91447360854
19 1045 89784681566
19 1064 88181383681
19 1083 129951512793
19 1102 85140646312
19 1121 125546376767
19 1140 61726968576
19 1159 121430102118
19 1178 79647701389
19 1197 78383452161
19 1216 115738066081
19 1235 75971653633
19 1254 56115425978
19 1273 110555764615
19 1292 72619963031
19 1311 71567499799
19 1330 52908830208
19 1349 104327270834
19 1368 68585520640
19 1387 101468989441
19 1406 66731857920
19 1425 65842099815
19 1444 97463634595
19 1463 64131915404
19 1482 47482283520
19 1501 93762483914
19 1520 61726968576
19 1539 91447360854
19 1558 60221432757
19 1577 89243809991
19 1596 44090691840
19 1615 58095970425
19 1634 57420435885
19 1653 56760430875
19 1672 56115425978
19 1691 83227373362
19 1710 41151312384
19 1729 54265466880
19 1748 53675624849
19 1767 53098467593
19 1786 52533590278
19 1805 77970907676
19 1824 51439140480
19 1843 76363260095
19 1862 50389362103
19 1881 49880378647
19 1900 49381574861
19 1919 73338972567
19 1938 36309981515
19 1957 71914914847
19 1976 47482283520
19 1995 35272553472
19 2014 46586391378
19 2033 69226506815
19 2052 45723680427
19 2071 67956295681
19 2090 33669255587
19 2109 44487905280
19 2128 44090691840
19 2147 65550763091
19 2166 43317170931
19 2185 42940499879
19 2204 42570323156
19 2223 42206474240
19 2242 41848792255
19 2261 41497121732
19 2280 30863484288
19 2299 61216828340
19 2318 40476700706
19 2337 40147621838
19 2356 39823850694
19 2375 59257889833
19 2394 29393794560
19 2413 58324694718
19 2432 57869033040
19 2451 38280290590
19 2470 28489370112
19 2489 56543788009
19 2508 28057712989
19 2527 55693505482
19 2546 36851921538
19 2565 36578944341
19 2584 36309981515
19 2603 54067417732
19 2622 26837812424
19 2641 53289469275
19 2660 26454415104
19 2679 35022393518
19 2698 34775756944
19 2717 34532569833
19 2736 34292760320
19 2755 34056258525
19 2774 33822996480
19 2793 33592908069
19 2812 33365928960
19 2831 49712994827
19 2850 24690787430
19 2869 49054544564
19 2888 48731817297
19 2907 32275539125
19 2926 24049468276
19 2945 31859080555
19 2964 23741141760
19 2983 47179848594
19 3002 31254161304
19 3021 31057594252
19 3040 30863484288
19 3059 30671785628
19 3078 30482453618
19 3097 45022704766
19 3116 30110716378
19 3135 22446170391
19 3154 29747936663
19 3173 44354707959
19 3192 22045345920
19 3211 43829800172
19 3230 21785988909
19 3249 43317170931
19 3268 28710217942
19 3287 42816394389
19 3306 21285161578
19 3325 28218042778
19 3344 28057712989
19 3363 27899194837
19 3382 26116913355
19 3401 30609444347
19 3420 20575656192
19 3439 35931972412
19 3458 20349550080
19 3477 26984467137
19 3496 26837812424
19 3515 26692743168
19 3534 19911925347
19 3553 26407259284
19 3572 24579529519
19 3591 26127817387
19 3610 26758668814
19 3629 36543861644
19 3648 25719570240
19 3667 38379462328
19 3686 22877488663
19 3705 18992913408
19 3724 25194681051
19 3743 27149541692
19 3762 18705141992
19 3781 37222292609
19 3800 24690787430
19 3819 24567947692
19 3838 24446324188
19 3857 24325898946
19 3876 18154990757
19 3895 24088573103
19 3914 18536248412
19 3933 23855833266
19 3952 23741141760
19 3971 35441321670
19 3990 14109021389
19 4009 35105384973
19 4028 23293195689
19 4047 19607488721
19 4066 23075502271
19 4085 22968174354
19 4104 22861840213
19 4123 22756486111
19 4142 22652098560
19 4161 17245120496
19 4180 16834627793
19 4199 22344604009
19 4218 15439402399
19 4237 33216305961
19 4256 22045345920
19 4275 21947366605
19 4294 21850254363
19 4313 22460118115
19 4332 22426951721
19 4351 32346009735
19 4370 16102687454
19 4389 16032978851
19 4408 21285161578
19 4427 31790713430
19 4446 15827427840
19 4465 19542799740
19 4484 20546335357
19 4503 18748304896
19 4522 15561420649
19 4541 30992620206
19 4560 15431742144
19 4579 15113503171
19 4598 19924465979
19 4617 30482453618
19 4636 20238350353
19 4655 20155744841
19 4674 15055358189
19 4693 29988810644
19 4712 19911925347
19 4731 19831957775
19 4750 19752629944
19 4769 29510901312
19 4788 14696897280
19 4807 19518409036
19 4826 10239165254
19 4845 14523992606
19 4864 28934516520
19 4883 28821930853
19 4902 14355108971
19 4921 19066245120
19 4940 14244685056
19 4959 18920143625
19 4978 18847929336
19 4997 25915414632
19 5016 14028856494
19 5035 18634556551
19 5054 25247809771
19 5073 12527503796
19 5092 16740469792
19 5111 27536194161
19 5130 13717104128
19 5149 22254654031
19 5168 18154990757
19 5187 13566366720
19 5206 15750692132
19 5225 17956936313
19 5244 13418906212
19 5263 17409368548
19 5282 12301993427
19 5301 17699489197
19 5320 13227207552
19 5339 19082726031
19 5358 13133397569
19 5377 23825199261
19 5396 12321240206
19 5415 24010176316
19 5434 12949713687
19 5453 17206123645
19 5472 17146380160
19 5491 25630575187
19 5510 12771096946
19 5529 4707770954
19 5548 11836015335
19 5567 6674344052
19 5586 11603269764
19 5605 14717975613
19 5624 16682964480
19 5643 16626792882
19 5662 8635153566
19 5681 16515576876
19 5700 12345393715
19 5719 16405838824
19 5738 10362342614
19 5757 10578608545
19 5776 24365908648
19 5795 12855524936
19 5814 12103327171
19 5833 15397898996
19 5852 12024734138
19 5871 14332440645
19 5890 7886590542
19 5909 19905156719
19 5928 11870570880
19 5947 12268474914
19 5966 12991986534
19 5985 11757517824
19 6004 13539278012
19 6023 13843064685
19 6042 8304943872
19 6061 15480117511
19 6080 15431742144
19 6099 14504315747
19 6118 11501919610
19 6137 27148051025
19 6156 12792057123
19 6175 15194330726
19 6194 3928983543
19 6213 15101399040
19 6232 13368092569
19 6251 15009597222
19 6270 8978468156
19 6289 3547289478
19 6308 13431286970
19 6327 14829301760
19 6346 11555669537
19 6365 11375572826
19 6384 11022672960
19 6403 -4049697532
19 6422 8489444263
19 6441 7666541218
19 6460 10892994454
19 6479 14481400252
19 6498 14439056977
19 6517 348266638
19 6536 8694539593
19 6555 10735124969
19 6574 4542254624
19 6593 5492876845
19 6612 10642580789
19 6631 -4444999354
19 6650 10581766041
19 6669 14068824746
19 6688 14028856494
19 6707 6644213731
19 6726 6167117487
19 6745 8843664511
19 6764 8251978404
19 6783 10374280433
19 6802 1561251667
19 6821 20632969998
19 6840 15397917946
19 6878 295043870
19 6897 10691649302
19 6916 10174775040
19 6935 12561993944
19 6954 6491605211
19 6973 4090191122
19 6992 13418906212
19 7011 8176879832
19 7030 8202429552
19 7049 9112215460
19 7068 8779975307
19 7087 5448947097
19 7106 9902722231
19 7125 7859209826
19 7144 12355277897
19 7163 13098560971
19 7182 9797931520
19 7201 -3024563735
19 7220 21426013521
19 7239 5890200000
19 7258 -4922785685
19 7277 16404979740
19 7296 8238007015
19 7315 9619787310
19 7334 4434574742
19 7353 11026220539
19 7372 9449767895
19 7391 -2451496759
19 7410 7597165363
19 7429 12629558788
19 7448 10575799236
19 7467 7256076087
19 7486 9598332000
19 7505 10816173544
19 7524 9352570996
19 7543 15712713104
19 7562 7177300723
19 7581 41493362158
19 7600 12345393715
19 7619 5458860216
19 7638 7581199721
19 7657 11147271422
19 7676 7995515253
19 7695 9654956666
19 7714 6462345816
19 7733 12133065076
19 7752 19102457294
19 7771 2814870462
19 7790 7676961079
19 7809 3381413443
19 7828 4048163157
19 7847 6140143138
19 7866 8945937474
19 7885 5090188792
19 7904 11870570880
19 7923 -975019644
19 7942 11813773890
19 7961 593133289
19 7980 7218393354
19 7999 3658780450
19 8018 5626936790
19 8037 7696886659
19 8056 8417364728
19 8075 11619194085
19 8094 2511006658
19 8113 8074704968
19 8132 6110065673
19 8151 8633142458
19 8170 9958325552
19 8189 -2687439008
19 8208 11430920106
19 8227 4101332340
19 8246 6890235152
19 8265 8514064631
19 8284 11326049280
19 8303 16950197321
19 8322 2986090976
19 8341 -4978196955
19 8360 8417313896
19 8379 4721369357
19 8398 8379226503
19 8417 1897046380
19 8436 6563881673
19 8455 3649548925
19 8474 11072101986
19 8493 3057386394
23 23 12238042465680
23 46 3059510616420
23 69 2039673744280
23 92 1529755308210
23 115 1223804246568
23 138 679891248093
23 161 874145890405
23 184 764877654105
23 207 679891248093
23 230 407934748856
23 253 556274657530
23 276 339945624046
23 299 470693940987
23 322 291381963468
23 345 271956499237
23 368 382438827052
23 391 359942425461
23 414 226630416031
23 437 322053749096
23 460 203967374428
23 483 194254642312
23 506 185424885843
23 529 532088802855
23 552 169972812023
23 575 244760849313
23 598 156897980329
23 621 226630416031
23 644 145690981734
23 667 211000732167
23 690 101983687214
23 713 197387781705
23 736 191219413526
23 759 123616590562
23 782 119980808487
23 805 116552785387
23 828 113315208015
23 851 165378952239
23 874 107351249698
23 897 104598653552
23 920 101983687214
23 943 149244420313
23 966 72845490867
23 989 142302819368
23 1012 92712442921
23 1035 90652166412
23 1058 133022200713
23 1081 130191941124
23 1104 84986406011
23 1127 124877984343
23 1150 81586949771
23 1173 79987205658
23 1196 78448990164
23 1219 115453230808
23 1242 75543472010
23 1265 74169954337
23 1288 72845490867
23 1311 71567499799
23 1334 70333577388
23 1357 103712224285
23 1380 50991843607
23 1403 100311823489
23 1426 65795927234
23 1449 64751547437
23 1472 95609706763
23 1495 62759192131
23 1518 46356221460
23 1541 91328675117
23 1564 59990404243
23 1587 88681467142
23 1610 43707294520
23 1633 86183397646
23 1656 56657604007
23 1679 83822208669
23 1702 55126317412
23 1725 54391299847
23 1748 53675624849
23 1771 52978538812
23 1794 39224495082
23 1817 77455964973
23 1840 50991843607
23 1863 75543472010
23 1886 49748140104
23 1909 73723147384
23 1932 36422745433
23 1955 47992323394
23 1978 47434273122
23 2001 46889051592
23 2024 46356221460
23 2047 68753047560
23 2070 33994562404
23 2093 44827994379
23 2116 71131653967
23 2139 43863951489
23 2162 43397313708
23 2185 42940499879
23 2208 42493203005
23 2231 63082693122
23 2254 41625994781
23 2277 41205530187
23 2300 40793474885
23 2323 60584368642
23 2346 29995202121
23 2369 59407973134
23 2392 39224495082
23 2415 29138196346
23 2438 38484410269
23 2461 57187114326
23 2484 37771736005
23 2507 56137809476
23 2530 27813732876
23 2553 36750878275
23 2576 36422745433
23 2599 54150630379
23 2622 26837812424
23 2645 53208880285
23 2668 35166788694
23 2691 34866217850
23 2714 34570741428
23 2737 34280230996
23 2760 25495921803
23 2783 50570423411
23 2806 33437274496
23 2829 33165426736
23 2852 32897963617
23 2875 48952169862
23 2898 24281830289
23 2921 48181269550
23 2944 47804853381
23 2967 31622848748
23 2990 23534697049
23 3013 46710085747
23 3036 23178110730
23 3059 30671785628
23 3082 30442891705
23 3105 30217388804
23 3128 29995202121
23 3151 44664388561
23 3174 57513333635
23 3197 41605890938
23 3220 21853647260
23 3243 28931542472
23 3266 26059405525
23 3289 28526905514
23 3312 28328802003
23 3335 28133430955
23 3358 25947132773
23 3381 27750663187
23 3404 27563158706
23 3427 41067256596
23 3450 20396737442
23 3473 40523319423
23 3496 26837812424
23 3519 26662401886
23 3542 19866952054
23 3565 26318370893
23 3588 19612247541
23 3611 38974657534
23 3634 23959772472
23 3657 25656273512
23 3680 25495921803
23 3703 41983587574
23 3726 25181157336
23 3749 33831103594
23 3772 24874070052
23 3795 18542488584
23 3818 17704251983
23 3841 36640845706
23 3864 18211372716
23 3887 36207226229
23 3910 17997121273
23 3933 23855833266
23 3956 23717136561
23 3979 35370064930
23 4002 17583394347
23 4025 23310557077
23 4048 23178110730
23 4071 23047160952
23 4094 22030008393
23 4117 24985768556
23 4140 16997281202
23 4163 33806747143
23 4186 16810497892
23 4209 20018664374
23 4232 33255550178
23 4255 22050526965
23 4278 16448981808
23 4301 21814692452
23 4324 21698656854
23 4347 21583849145
23 4370 16102687454
23 4393 19094819663
23 4416 21246601502
23 4439 30735625327
23 4462 21027564374
23 4485 15689798032
23 4508 20812997390
23 4531 31061021486
23 4554 15452073820
23 4577 25529632581
23 4600 20396737442
23 4623 20295261137
23 4646 20194789547
23 4669 20095307825
23 4692 14997601060
23 4715 19899256041
23 4738 8005306306
23 4761 39321480220
23 4784 19612247541
23 4807 19518409036
23 4830 11655278538
23 4853 29000100630
23 4876 19242205134
23 4899 17372087333
23 4922 17841749554
23 4945 18973709249
23 4968 18885868002
23 4991 18798836352
23 5014 18712603158
23 5037 13879105393
23 5060 13906866438
23 5083 18458585921
23 5106 13781579353
23 5129 27439557098
23 5152 18211372716
23 5175 18130433282
23 5198 9757039293
23 5221 14840184004
23 5244 13418906212
23 5267 26720616737
23 5290 28177906616
23 5313 13244634703
23 5336 17583394347
23 5359 24929758970
23 5382 13074831694
23 5405 17358925483
23 5428 16284316729
23 5451 13129848289
23 5474 12855086623
23 5497 21021377608
23 5520 12747960901
23 5543 4429910559
23 5566 15406366854
23 5589 25181157336
23 5612 13750205946
23 5635 12474922293
23 5658 13348903911
23 5681 16515576876
23 5704 12801186090
23 5727 13753703453
23 5750 16317389954
23 5773 24378570649
23 5796 12140915144
23 5819 24185854675
23 5842 8033093573
23 5865 11998080848
23 5888 23281604843
23 5911 23809421139
23 5934 11858568280
23 5957 15750376403
23 5980 11767348524
23 6003 15629683864
23 6026 13489519759
23 6049 -7746361843
23 6072 11589055365
23 6095 14071275521
23 6118 11501919610
23 6141 10604037407
23 6164 11754288182
23 6187 22747290828
23 6210 11331520801
23 6233 19237760171
23 6256 14997601060
23 6279 11206998594
23 6302 12242244396
23 6325 14833990867
23 6348 45210632515
23 6371 18861096244
23 6394 10960977502
23 6417 14621317163
23 6440 10926823630
23 6463 -7309867442
23 6486 15804236394
23 6509 21621983155
23 6532 7358159491
23 6555 10735124969
23 6578 10697589567
23 6601 14213754315
23 6624 14164401001
23 6647 21173083850
23 6670 23542604385
23 6693 6254308496
23 6716 8500615360
23 6739 6776157293
23 6762 7349718999
23 6785 10954729509
23 6808 13781579353
23 6831 13735176729
23 6854 8789525092
23 6877 25085507566
23 6900 10198368721
23 6923 11584496225
23 6946 12976540990
23 6969 9673581415
23 6992 13418906212
23 7015 11709523021
23 7038 9998400707
23 7061 5772423288
23 7084 9933476027
23 7107 10364248127
23 7130 9090671691
23 7153 17193476261
23 7176 9806123770
23 7199 10920363688
23 7222 6309480454
23 7245 9712732115
23 7268 7600117358
23 7291 7349967256
23 7314 7171932881
23 7337 12787923161
23 7360 12747960901
23 7383 9773184993
23 7406 29054132288
23 7429 12629558788
23 7452 10686395502
23 7475 12551838426
23 7498 8421067977
23 7521 12475068772
23 7544 12437035026
23 7567 11409015384
23 7590 19198246081
23 7613 7559915462
23 7636 5487647542
23 7659 11281144858
23 7682 -4250564475
23 7705 7908797853
23 7728 27823005837
23 7751 6206291188
23 7774 12014661934
23 7797 4898880581
23 7820 8998560636
23 7843 11112110435
23 7866 8945937474
23 7889 12572555947
23 7912 9409398594
23 7935 37739509986
23 7958 -1724381782
23 7981 14699091720
23 8004 14661909842
23 8027 8420780906
23 8050 15524070320
23 8073 12444285906
23 8096 11589055365
23 8119 4392654545
23 8142 5320583505
23 8165 8151657149
23 8188 4874897456
23 8211 8570057749
23 8234 265630031
23 8257 10663282203
23 8280 8498640601
23 8303 16950197320
23 8326 5489209018
23 8349 7409908729
23 8372 21051542309
23 8395 8638384449
23 8418 16629839224
23 8441 2695590576
23 8464 22086768291
23 8487 9058564231
29 29 9706033679677
29 58 2426508419919
29 87 1617672279946
29 116 1213254209959
29 145 970603367967
29 174 539224093315
29 203 693288119976
29 232 606627104979
29 261 539224093315
29 290 323534455989
29 319 441183349076
29 348 269612046657
29 377 373308987679
29 406 231096039992
29 435 215689637326
29 464 303313552489
29 493 285471578814
29 522 179741364438
29 551 255421938938
29 580 161767227994
29 609 154064026661
29 638 147061116358
29 667 211000732166
29 696 134806023328
29 725 194120673593
29 754 124436329226
29 783 179741364438
29 812 115548019996
29 841 334690816540
29 870 80883613997
29 899 156548930317
29 928 151656776244
29 957 98040744239
29 986 95157192938
29 1015 92438415996
29 1044 89870682219
29 1073 131162617293
29 1102 85140646312
29 1131 82957552817
29 1160 80883613997
29 1189 118366264386
29 1218 57774009998
29 1247 112860856740
29 1276 73530558179
29 1305 71896545775
29 1334 70333577388
29 1363 103255677443
29 1392 67403011664
29 1421 99041159996
29 1450 64706891197
29 1479 63438128625
29 1508 62218164613
29 1537 91566355469
29 1566 59913788146
29 1595 58824446543
29 1624 57774009998
29 1653 56760430875
29 1682 83672704135
29 1711 82254522709
29 1740 40441806998
29 1769 79557653112
29 1798 52182976772
29 1827 51354675553
29 1856 75828388122
29 1885 49774531690
29 1914 36765279089
29 1943 72433087162
29 1972 47578596469
29 2001 46889051592
29 2030 34664405998
29 2059 68352349857
29 2088 44935341109
29 2117 66479682738
29 2146 43720872430
29 2175 43137927465
29 2204 42570323156
29 2233 42017461816
29 2262 31109082306
29 2291 61430592909
29 2320 40441806998
29 2349 59913788146
29 2378 39455421462
29 2407 58470082408
29 2436 28887004999
29 2465 38062877175
29 2494 37620285580
29 2523 55781802756
29 2552 36765279089
29 2581 54528279099
29 2610 26961204665
29 2639 35553236921
29 2668 35166788694
29 2697 34788651181
29 2726 34418559147
29 2755 34056258525
29 2784 33701505832
29 2813 50031101442
29 2842 33013719998
29 2871 32680248079
29 2900 32353445598
29 2929 48049671682
29 2958 23789298234
29 2987 47116668348
29 3016 31109082306
29 3045 23109603999
29 3074 30522118489
29 3103 45355297569
29 3132 29956894073
29 3161 44523090274
29 3190 22059167453
29 3219 29147248287
29 3248 28887004999
29 3277 42947051680
29 3306 21285161578
29 3335 28133430955
29 3364 41836352067
29 3393 27652517605
29 3422 27418174236
29 3451 27187769410
29 3480 20220903499
29 3509 40107577188
29 3538 26519217704
29 3567 26303614308
29 3596 26091488386
29 3625 38824134718
29 3654 19258003332
29 3683 38212731022
29 3712 37914194061
29 3741 25080190386
29 3770 18665449383
29 3799 37045930075
29 3828 18382639544
29 3857 24325898946
29 3886 24144362387
29 3915 23965515258
29 3944 23789298234
29 3973 25077261480
29 4002 17583394347
29 4031 34913790215
29 4060 17332202999
29 4089 22945706098
29 4118 8836751427
29 4147 22624787132
29 4176 22467670554
29 4205 36698314770
29 4234 18644108436
29 4263 20157619709
29 4292 21860436215
29 4321 10100473474
29 4350 16176722799
29 4379 21371321676
29 4408 21285161578
29 4437 21146042875
29 4466 15756548181
29 4495 20873190708
29 4524 15554541153
29 4553 30910935286
29 4582 20476864303
29 4611 20348078993
29 4640 20220903499
29 4669 20095307825
29 4698 19971262715
29 4727 29352647163
29 4756 19727710731
29 4785 14706111635
29 4814 19490027469
29 4843 29059981077
29 4872 14443502499
29 4901 28716075975
29 4930 14273578940
29 4959 18920143625
29 4988 18810142790
29 5017 25595309939
29 5046 25052400484
29 5075 18487683199
29 5104 18382639544
29 5133 17351896853
29 5162 10852073393
29 5191 16840586724
29 5220 13480602332
29 5249 26812247734
29 5278 13332463845
29 5307 14841780194
29 5336 17583394347
29 5365 17488348972
29 5394 12508653998
29 5423 17301307806
29 5452 17209279573
29 5481 17118225184
29 5510 12771096946
29 5539 25408465130
29 5568 16850752916
29 5597 20717140302
29 5626 9241717697
29 5655 12443632922
29 5684 16506859999
29 5713 21405370132
29 5742 12255093029
29 5771 15791286225
29 5800 16176722799
29 5829 13639431069
29 5858 12325122809
29 5887 23906486895
29 5916 11894649117
29 5945 15782168584
29 5974 8133343622
29 6003 15629683864
29 6032 15554541153
29 6061 15480117511
29 6090 34200267571
29 6119 3411044120
29 6148 14811225026
29 6177 8804284800
29 6206 13667991573
29 6235 11333387236
29 6264 14978447036
29 6293 14909421934
29 6322 14841030091
29 6351 8736740704
29 6380 11029583726
29 6409 14639568144
29 6438 9846354917
29 6467 21762407354
29 6496 14443502499
29 6525 14379309155
29 6554 5465367580
29 6583 3913659924
29 6612 10642580789
29 6641 21192213274
29 6670 14046014373
29 6699 15560838385
29 6728 43933712707
29 6757 12105702862
29 6786 17717203160
29 6815 10713071544
29 6844 15686655917
29 6873 13906588536
29 6902 10195413529
29 6931 -146045502
29 6960 10110451749
29 6989 -1802316243
29 7018 7695458028
29 7047 19971262715
29 7076 9527974977
29 7105 12278602028
29 7134 10602088007
29 7163 13098560971
29 7192 12267624521
29 7221 11749789565
29 7250 13641245915
29 7279 19334728446
29 7308 9629001666
29 7337 12787923161
29 7366 -232286032
29 7395 9515719293
29 7424 11289867116
29 7453 -6777576644
29 7482 8068877061
29 7511 10806186860
29 7540 15397348558
29 7569 38440270374
29 7598 9215622131
29 7627 15610592992
29 7656 15796606906
29 7685 17032370165
29 7714 21249983856
29 7743 10026502330
29 7772 17253601135
29 7801 14699300823
29 7830 20918801760
29 7859 -7700872195
29 7888 11894649117
29 7917 8888309230
29 7946 -2198702464
29 7975 11764889308
29 8004 14661560238
29 8033 2235615654
29 8062 1721485771
29 8091 8092769353
29 8120 8666101499
29 8149 33468828
29 8178 9615696281
29 8207 5220893475
29 8236 10420419541
29 8265 8514064631
29 8294 8484295174
29 8323 9758492488
29 8352 11233835277
29 8381 12394739015
29 8410 11156360551
29 8439 -2291060395
29 8468 10512423700
31 31 9079837958408
31 62 2269959489602
31 93 1513306326401
31 124 1134979744801
31 155 907983795840
31 186 504435442133
31 217 648559854172
31 248 567489872400
31 279 504435442133
31 310 302661265280
31 341 412719907200
31 372 252217721066
31 403 349224536861
31 434 216186618057
31 465 201774176853
31 496 283744936200
31 527 267054057600
31 558 168145147377
31 589 238943104168
31 620 151330632640
31 651 144124412038
31 682 137573302400
31 713 197387781704
31 744 126108860533
31 775 181596759168
31 806 116408178953
31 837 168145147377
31 868 108093309028
31 899 156548930317
31 930 75665316320
31 961 292897998658
31 992 141872468100
31 1023 91715534933
31 1054 89018019200
31 1085 86474647222
31 1116 84072573688
31 1147 122700512951
31 1178 79647701389
31 1209 77605452635
31 1240 75665316320
31 1271 110729731200
31 1302 54046654514
31 1333 105579511144
31 1364 68786651200
31 1395 67258058951
31 1426 65795927234
31 1457 96594020834
31 1488 63054430266
31 1519 92651407738
31 1550 60532253056
31 1581 59345346133
31 1612 58204089476
31 1643 85658848664
31 1674 56048382459
31 1705 55029320960
31 1736 54046654514
31 1767 53098467593
31 1798 52182976772
31 1829 76947779309
31 1860 37832658160
31 1891 74424901298
31 1922 73224499664
31 1953 48041470679
31 1984 70936234050
31 2015 46563271581
31 2046 34393325600
31 2077 67759984764
31 2108 44509009600
31 2139 43863951489
31 2170 32427992708
31 2201 63942520834
31 2232 42036286844
31 2263 62190670948
31 2294 40900170983
31 2325 40354835370
31 2356 39823850694
31 2387 39306657828
31 2418 29102044738
31 2449 57467328851
31 2480 37832658160
31 2511 56048382459
31 2542 36909910400
31 2573 54697819027
31 2604 27023327257
31 2635 35607207680
31 2666 35193170381
31 2697 34788651181
31 2728 34393325600
31 2759 51010325609
31 2790 25221772106
31 2821 33259479701
31 2852 32897963617
31 2883 48816333109
31 2914 32198006944
31 2945 31859080555
31 2976 31527215133
31 3007 46803288445
31 3038 30883802579
31 3069 30571844977
31 3100 30266126528
31 3131 44949692863
31 3162 22254504800
31 3193 44076883293
31 3224 29102044738
31 3255 21618661805
31 3286 28552949554
31 3317 42429149338
31 3348 28024191229
31 3379 41650632837
31 3410 20635995360
31 3441 27266780655
31 3472 27023327257
31 3503 40176274152
31 3534 19911925347
31 3565 26318370893
31 3596 26091488386
31 3627 25868484211
31 3658 25649259769
31 3689 25433719771
31 3720 18916329080
31 3751 37519991563
31 3782 24808300432
31 3813 24606606933
31 3844 75943872547
31 3875 36319351833
31 3906 18015551504
31 3937 20636053931
31 3968 35468117025
31 3999 23462113587
31 4030 17461226843
31 4061 34655870070
31 4092 17196662800
31 4123 22756486111
31 4154 22586661588
31 4185 22419352983
31 4216 22254504800
31 4247 33138094739
31 4278 16448981808
31 4309 32661287620
31 4340 16213996354
31 4371 21465337963
31 4402 14845422971
31 4433 21165123446
31 4464 21018143422
31 4495 20873190708
31 4526 15296544383
31 4557 20589201719
31 4588 20450085491
31 4619 30469254894
31 4650 15133063264
31 4681 29346611767
31 4712 19911925347
31 4743 24309542804
31 4774 14739996685
31 4805 29289799865
31 4836 14551022369
31 4867 28916681396
31 4898 13702503821
31 4929 23958466785
31 4960 18916329080
31 4991 18798836352
31 5022 18682794153
31 5053 22020445192
31 5084 18454955200
31 5115 13757330240
31 5146 14118992510
31 5177 24957096535
31 5208 22769382438
31 5239 26863425912
31 5270 14728541313
31 5301 17699489197
31 5332 17596585190
31 5363 22117991266
31 5394 14657014778
31 5425 17294929444
31 5456 17196662800
31 5487 10620274334
31 5518 10736414121
31 5549 23390950342
31 5580 25257179416
31 5611 12182664819
31 5642 18713831356
31 5673 13914569081
31 5704 23744573244
31 5735 14314419582
31 5766 16272111036
31 5797 16185094400
31 5828 16099003472
31 5859 16013823559
31 5890 24128849206
31 5921 23310596504
31 5952 15763607566
31 5983 23522896265
31 6014 12827554505
31 6045 11640817895
31 6076 15441901289
31 6107 18298610735
31 6138 11464441866
31 6169 22715485310
31 6200 15133063264
31 6231 14777338128
31 6262 14352695971
31 6293 14909421934
31 6324 12997693105
31 6355 14763964160
31 6386 12190028317
31 6417 14621317163
31 6448 14551022369
31 6479 14481400252
31 6510 22014080610
31 6541 22877891361
31 6572 12607560288
31 6603 15099209696
31 6634 15729815490
31 6665 23714170850
31 6696 14012095614
31 6727 44744866253
31 6758 13883544278
31 6789 12351515751
31 6820 22565762793
31 6851 24284014048
31 6882 14313055263
31 6913 20358381073
31 6944 13511663628
31 6975 13451611790
31 7006 10689180572
31 7037 -1147141345
31 7068 13483924771
31 7099 10269316821
31 7130 23883587819
31 7161 18997003545
31 7192 14601983537
31 7223 13863997626
31 7254 14052004426
31 7285 12879202777
31 7316 12999743747
31 7347 11679636416
31 7378 13505110672
31 7409 -88085953
31 7440 13188850783
31 7471 14764366965
31 7502 22587826512
31 7533 18682794153
31 7564 17471394105
31 7595 10273012208
31 7626 23700448587
31 7657 14465934719
31 7688 18306124916
31 7719 14219226496
31 7750 13270507273
31 7781 14110082097
31 7812 23988293398
31 7843 13664466710
31 7874 14331425416
31 7905 13836199586
31 7936 11410161116
31 7967 17665054394
31 7998 13909377309
31 8029 11685763138
31 8060 18418312769
31 8091 23395650970
31 8122 14476769296
31 8153 15528173027
31 8184 14139439385
31 8215 12277135943
31 8246 13464023708
31 8277 10904890896
31 8308 10422656055
31 8339 13820242532
31 8370 10277698073
31 8401 16752468558
31 8432 13795434242
31 8463 26583315080
31 8494 11385541969
37 37 7607431802990
37 74 1901857950747
37 111 1267905300498
37 148 950928975373
37 185 760743180299
37 222 422635100166
37 259 543387985927
37 296 475464487686
37 333 422635100166
37 370 253581060099
37 407 345792354681
37 444 211317550083
37 481 292593530884
37 518 181129328642
37 555 169054040066
37 592 237732243843
37 629 223747994205
37 666 140878366722
37 703 200195573762
37 740 126790530049
37 777 120752885761
37 814 115264118227
37 851 165378952238
37 888 105658775041
37 925 152148636059
37 962 97531176961
37 999 140878366722
37 1036 90564664321
37 1073 131162617292
37 1110 63395265024
37 1147 122700512951
37 1184 118866121921
37 1221 76842745484
37 1258 74582664735
37 1295 72451731457
37 1332 70439183361
37 1406 66731857920
37 1443 65020784640
37 1480 63395265024
37 1517 92773558573
37 1554 45282332160
37 1591 88458509337
37 1628 57632059113
37 1665 56351346688
37 1702 55126317412
37 1739 80930125564
37 1776 52829387520
37 1813 77626855132
37 1850 50716212019
37 1887 49721776490
37 1924 48765588480
37 1961 71768224557
37 1998 46959455574
37 2035 46105647290
37 2072 45282332160
37 2109 44487905280
37 2146 43720872430
37 2183 64469761042
37 2220 31697632512
37 2257 62355998385
37 2294 40900170983
37 2331 40250961920
37 2368 59433060960
37 2405 39012470784
37 2442 28816029556
37 2479 56771879127
37 2516 37291332367
37 2553 36750878275
37 2590 27169399296
37 2627 53573463401
37 2664 35219591680
37 2701 52105697281
37 2775 33810808013
37 2812 33365928960
37 2849 32932605207
37 2886 24382794240
37 2923 48148302551
37 2960 31697632512
37 2997 46959455574
37 3034 30924519524
37 3071 45827902428
37 3108 22641166080
37 3145 29833065894
37 3182 29486169779
37 3219 29147248287
37 3256 28816029556
37 3293 42738380916
37 3330 21131755008
37 3367 27866050560
37 3404 27563158706
37 3441 27266780655
37 3478 26976708521
37 3515 26692743168
37 3552 26414693760
37 3589 39213565995
37 3626 25875618377
37 3663 25614248494
37 3700 25358106009
37 3737 37660553480
37 3774 18645666183
37 3811 36929280597
37 3848 24382794240
37 3885 18112932864
37 3922 23922741518
37 3959 35548746743
37 3996 23479727787
37 4033 34896476161
37 4070 17289617734
37 4144 22641166080
37 4181 27988016645
37 4218 20413650723
37 4255 22050526965
37 4292 21860436215
37 4329 21673594880
37 4366 22795757583
37 4403 21309332781
37 4440 15848816256
37 4477 31435668607
37 4514 20785332795
37 4551 20616346349
37 4588 20450085491
37 4625 30429727211
37 4662 15094110720
37 4699 29950518909
37 4736 29716530480
37 4773 19657446519
37 4810 14629676544
37 4847 29035999248
37 4884 14408014778
37 4921 19066245120
37 4958 15211670222
37 4995 18783782229
37 5032 18645666183
37 5069 27764349646
37 5106 13781579353
37 5143 8243806142
37 5180 13584699648
37 5217 17984472347
37 5254 13884494754
37 5291 17732941265
37 5328 17609795840
37 5365 17488348972
37 5402 14594177996
37 5439 17250412251
37 5476 25700783118
37 5513 23113276763
37 5550 12679053004
37 5587 25190171533
37 5624 16682964480
37 5661 16573925496
37 5698 12349726952
37 5735 25346708004
37 5772 15719359218
37 5809 18465469072
37 5846 14193718410
37 5883 13951916331
37 5920 15848816256
37 5957 15750376403
37 5994 14066158932
37 6031 8045081209
37 6068 15462259762
37 6105 11526411822
37 6142 11408421903
37 6179 20548694872
37 6216 20156521026
37 6253 22507194683
37 6290 17428926179
37 6327 14829301760
37 6364 11872735683
37 6401 16073404782
37 6438 14181807677
37 6475 14490346291
37 6512 14408014778
37 6549 12463178148
37 6586 10195715120
37 6623 6380758873
37 6660 19371065406
37 6697 21015004981
37 6734 17895268467
37 6771 10888457228
37 6808 13781579353
37 6845 20560626494
37 6882 17475733551
37 6919 13560484497
37 6956 17869201941
37 6993 13416987306
37 7030 15431826096
37 7067 18457094388
37 7104 23743206165
37 7141 13226723924
37 7178 9670661062
37 7215 12983848809
37 7252 15091629930
37 7289 14670895097
37 7326 15432404288
37 7363 11125817316
37 7400 12679053004
37 7437 11139069813
37 7474 7628629819
37 7511 15862659791
37 7548 12850795189
37 7585 10562458673
37 7622 16434133845
37 7659 14188588558
37 7696 15565928360
37 7733 12133065076
37 7770 19026423793
37 7807 13975251160
37 7844 12552671436
37 7881 12304384085
37 7918 9967192578
37 7955 13020422923
37 7992 13907590273
37 8029 11685763138
37 8066 14533040618
37 8103 10368381549
37 8140 13701281798
37 8177 11474256113
37 8214 11422570274
37 8251 18085491213
37 8288 12105807390
37 8325 17953577281
37 8362 1259884564
37 8399 4242605826
37 8436 16760849453
37 8473 18634914484
41 41 6865243334406
41 82 1716310833601
41 123 1144207222401
41 164 858155416800
41 205 686524333440
41 246 381402407467
41 287 490374523886
41 328 429077708400
41 369 381402407467
41 410 228841444480
41 451 312056515200
41 492 190701203733
41 533 264047820554
41 574 163458174628
41 615 152560962986
41 656 214538854200
41 697 201918921600
41 738 127134135822
41 779 180664298273
41 820 114420722240
41 861 108972116419
41 902 104018838400
41 943 149244420313
41 984 95350601866
41 1025 137304866688
41 1066 88015940184
41 1107 127134135822
41 1148 81729087314
41 1189 118366264386
41 1230 57210361120
41 1271 110729731200
41 1312 107269427100
41 1353 69345892266
41 1394 67306307200
41 1435 65383269851
41 1476 63567067911
41 1517 92773558573
41 1558 60221432757
41 1599 58677293456
41 1640 57210361120
41 1722 40864543657
41 1763 79828410865
41 1804 52009419200
41 1845 50853654328
41 1886 49748140104
41 1927 73034503558
41 1968 47675300933
41 2009 70053503412
41 2050 45768288896
41 2091 44870871466
41 2132 44007970092
41 2173 64766446551
41 2214 42378045274
41 2255 41607535360
41 2296 40864543657
41 2337 40147621838
41 2378 39455421462
41 2419 58180028258
41 2460 28605180560
41 2501 56272486348
41 2542 36909910400
41 2583 36324038806
41 2624 53634713550
41 2665 35206376073
41 2706 26004709600
41 2747 51233159212
41 2788 33653153600
41 2829 33165426736
41 2870 24518726194
41 2911 48346784045
41 2952 31783533955
41 2993 47022214619
41 3034 30924519524
41 3075 30512192597
41 3116 30110716378
41 3157 29719668114
41 3198 22003985046
41 3239 43450907180
41 3280 28605180560
41 3321 42378045274
41 3403 41356887557
41 3444 20432271828
41 3485 26922522880
41 3526 26609470288
41 3567 26303614308
41 3608 26004709600
41 3649 38568782778
41 3690 19070120373
41 3731 25147411481
41 3772 24874070052
41 3813 24606606933
41 3854 24344834519
41 3895 24088573103
41 3936 23837650466
41 3977 35387852239
41 4018 23351167804
41 4059 23115297422
41 4100 22884144448
41 4141 33986353141
41 4182 16826576800
41 4223 31345238744
41 4264 22003985046
41 4305 16345817462
41 4346 21588815517
41 4387 32080576329
41 4428 21189022637
41 4469 31491941901
41 4510 31530456171
41 4551 20616346349
41 4592 20432271828
41 4633 22133378244
41 4674 15055358189
41 4715 19899256041
41 4756 19727710731
41 4797 19559097818
41 4838 17926023237
41 4879 19230373485
41 4920 14302590280
41 4961 28368774109
41 5002 14780250936
41 5084 18454955200
41 5125 27460973337
41 5166 13621514552
41 5207 18323378624
41 5248 26817356775
41 5289 16698899489
41 5330 23712365799
41 5371 22663752600
41 5412 13002354800
41 5453 17206123645
41 5494 14628550051
41 5535 16951218109
41 5576 16826576800
41 5617 22598822085
41 5658 23199553331
41 5699 16533147236
41 5740 12259363097
41 5781 11267141802
41 5822 12784699553
41 5863 16002898215
41 5904 15891766977
41 5945 15782168584
41 5986 13656102388
41 6027 16417724566
41 6068 15462259762
41 6109 19295575552
41 6150 14089842812
41 6191 21604435362
41 6232 18429889429
41 6273 14956957155
41 6314 14672837640
41 6355 14763964160
41 6396 12104590446
41 6437 19613433185
41 6478 11017570065
41 6519 12724448872
41 6560 14302590280
41 6601 14213754315
41 6642 14544822673
41 6683 7009771149
41 6765 17749392898
41 6806 13711995674
41 6847 13348793314
41 6888 12986232561
41 6929 18577494487
41 6970 16487783673
41 7011 23793862172
41 7052 12482453867
41 7093 19061912423
41 7134 18229066127
41 7175 13076653970
41 7216 13002354800
41 7257 13510310355
41 7298 10410582485
41 7339 -12080609848
41 7380 21782825299
41 7421 11309510416
41 7462 10988712606
41 7503 13507175527
41 7544 12437035026
41 7585 15984506081
41 7626 12240210695
41 7667 14149916536
41 7708 15643360207
41 7749 17978138203
41 7790 13101976415
41 7831 13741996125
41 7872 25799912452
41 7913 10501487511
41 7954 9581995157
41 7995 21049359131
41 8036 9433508871
41 8077 -874270779
41 8118 21314529896
41 8159 11604015793
41 8200 12432794124
41 8241 10621652497
41 8282 8751250755
41 8323 14301947704
41 8364 17218476302
41 8446 12739172150
41 8487 15048298273
43 43 6545929690945
43 86 1636482422736
43 129 1090988281824
43 172 818241211368
43 215 654592969094
43 258 363662760608
43 301 467566406496
43 344 409120605684
43 387 363662760608
43 430 218197656364
43 473 297542258679
43 516 181831380304
43 559 251766526574
43 602 155855468832
43 645 145465104243
43 688 204560302842
43 731 192527343851
43 774 121220920202
43 817 172261307656
43 860 109098828182
43 903 103903645888
43 946 99180752893
43 989 142302819368
43 1032 90915690152
43 1075 130918593818
43 1118 83922175524
43 1161 121220920202
43 1204 77927734416
43 1247 112860856740
43 1290 54549414091
43 1333 105579511144
43 1376 102280151421
43 1419 66120501928
43 1462 64175781283
43 1505 62342187532
43 1548 60610460101
43 1591 88458509337
43 1634 57420435885
43 1677 55948117016
43 1720 54549414091
43 1763 79828410865
43 1806 38963867208
43 1892 49590376446
43 1935 48488368081
43 1978 47434273122
43 2021 69637549904
43 2064 45457845076
43 2107 66795200928
43 2150 43639531272
43 2193 42783854189
43 2236 41961087762
43 2279 61754053688
43 2322 40406973400
43 2365 39672301157
43 2408 38963867208
43 2451 38280290590
43 2494 37620285580
43 2537 55473980432
43 2580 27274707045
43 2623 53655161401
43 2666 35193170381
43 2709 34634548629
43 2752 51140075710
43 2795 33568870209
43 2838 26617178736
43 2881 48850221574
43 2924 32087890641
43 2967 31622848748
43 3010 23378320324
43 3053 46098096415
43 3096 30305230050
43 3139 44835134869
43 3182 29486169779
43 3225 29093020848
43 3268 28710217942
43 3311 28337357969
43 3354 29241472725
43 3397 41429934753
43 3440 27274707045
43 3483 40406973400
43 3526 26609470288
43 3569 39433311391
43 3612 19481933604
43 3655 25670312513
43 3741 25080190386
43 3784 24795188223
43 3827 36774885904
43 3870 18183138030
43 3913 23977764435
43 3956 23717136561
43 3999 23462113587
43 4042 23212516634
43 4085 22968174354
43 4128 22728922538
43 4171 31923051354
43 4214 22265066976
43 4257 22040167309
43 4300 21819765636
43 4343 32405592529
43 4386 22160631934
43 4429 27740113462
43 4472 20980543881
43 4515 20069525935
43 4558 20584684562
43 4601 30588456500
43 4644 20203486700
43 4687 30027200417
43 4730 14877112933
43 4773 19657446519
43 4816 19481933604
43 4859 27121304472
43 4902 14355108971
43 4945 18973709249
43 4988 18810142790
43 5031 18649372338
43 5074 17041812022
43 5117 18335937509
43 5160 13637353522
43 5203 27049296243
43 5246 22236708740
43 5289 24383903099
43 5332 17596585190
43 5375 26183718763
43 5418 21737059559
43 5461 4581239463
43 5504 25570037855
43 5590 12588326328
43 5633 24984464469
43 5676 19180205527
43 5719 16405838824
43 5762 18178045691
43 5805 16965263642
43 5848 19658025924
43 5891 21547625992
43 5934 11858568280
43 5977 19880560202
43 6020 18294447296
43 6063 15257872106
43 6106 10201098062
43 6149 17402954842
43 6192 17029293789
43 6235 22477568224
43 6278 21770174752
43 6321 14000541364
43 6364 20483783301
43 6407 15628171748
43 6450 17151409287
43 6493 20232582516
43 6536 25676247727
43 6579 14261284729
43 6622 15703220928
43 6665 16249980542
43 6708 15691900912
43 6751 10671723281
43 6794 13958279129
43 6837 16243358358
43 6880 16586802880
43 6923 17488955939
43 6966 12850799186
43 7009 9938033517
43 7052 26794385900
43 7095 22857364207
43 7138 23280627091
43 7181 13386010706
43 7224 17088475860
43 7267 20581255613
43 7310 16408978608
43 7353 16227849511
43 7439 1858667017
43 7482 14897771829
43 7525 16579117106
43 7568 12397594111
43 7611 17581197174
43 7654 16533215604
43 7697 19539463102
43 7740 16537068522
43 7783 4862593236
43 7826 19858569751
43 7869 14321712414
43 7912 16756907652
43 7955 15584084356
43 7998 16944840317
43 8041 16631990207
43 8084 22223523131
43 8127 22022154693
43 8170 14390259000
43 8213 -5190218029
43 8256 15045661139
43 8299 13061834979
43 8342 4182045405
43 8385 26747340671
43 8428 14051276333
43 8471 14617456735
47 47 5988829291716
47 94 1497207322929
47 141 998138215286
47 188 748603661464
47 235 598882929171
47 282 332712738428
47 329 427773520836
47 376 374301830732
47 423 332712738428
47 470 199627643057
47 517 272219513259
47 564 166356369214
47 611 230339588142
47 658 142591173612
47 705 133085095371
47 752 187150915366
47 799 176142037991
47 846 110904246142
47 893 157600770834
47 940 99813821528
47 987 95060782408
47 1034 90739837753
47 1081 130191941124
47 1128 83178184607
47 1175 119776585834
47 1222 76779862714
47 1269 110904246142
47 1316 71295586806
47 1363 103255677443
47 1410 49906910764
47 1457 96594020834
47 1504 93575457683
47 1551 60493225168
47 1598 58714012663
47 1645 57036469444
47 1692 55452123071
47 1739 80930125563
47 1786 52533590278
47 1833 51186575142
47 1880 49906910764
47 1927 73034503557
47 1974 35647793403
47 2021 69637549903
47 2068 45369918876
47 2115 44361698457
47 2162 43397313708
47 2256 41589092303
47 2303 61110502976
47 2350 39925528611
47 2397 39142675109
47 2444 38389931357
47 2491 56498389544
47 2538 36968082047
47 2585 36295935101
47 2632 35647793403
47 2679 35022393518
47 2726 34418559147
47 2773 50752790608
47 2820 24953455382
47 2867 49088764686
47 2914 32198006944
47 2961 31686927469
47 3008 46787728841
47 3055 30711945085
47 3102 22684959438
47 3149 44692755908
47 3196 29357006331
47 3243 28931542472
47 3290 21388676041
47 3337 42174854167
47 3384 27726061535
47 3431 41019378710
47 3478 26976708521
47 3525 26617019074
47 3572 29641326379
47 3619 25925667929
47 3666 19194965678
47 3713 37903982859
47 3760 24953455382
47 3807 36968082047
47 3854 24344834519
47 3901 36077284890
47 3948 17823896701
47 3995 23485605065
47 4042 23212516634
47 4089 22945706098
47 4136 22684959438
47 4183 32757434253
47 4230 16635636921
47 4277 21937103632
47 4324 21698656854
47 4371 21465337963
47 4465 23954708853
47 4512 20794546151
47 4559 26600272709
47 4606 18641500852
47 4653 20164408389
47 4700 19962764305
47 4747 29647669761
47 4794 20920029634
47 4841 29071986853
47 4888 19194965678
47 4935 14259117361
47 4982 18832796514
47 5029 27985183606
47 5076 18484041023
47 5123 27471693999
47 5170 23298675010
47 5217 17984472347
47 5264 23498349103
47 5311 26499244654
47 5358 13133397569
47 5405 17358925483
47 5452 17209279573
47 5499 20050179816
47 5546 14733040873
47 5593 16775432189
47 5640 19259339107
47 5687 24747228478
47 5734 16400501325
47 5781 28658811702
47 5828 16099003472
47 5875 23955317166
47 5922 17709658904
47 5969 20046743585
47 6016 23393864420
47 6063 17503766780
47 6110 15357351806
47 6157 22858127068
47 6204 20147667621
47 6251 15009597222
47 6298 15783521686
47 6345 18597348831
47 6392 18671659193
47 6439 7644463258
47 6486 20438842094
47 6533 19161614793
47 6580 19499263719
47 6674 23500693041
47 6721 20979549940
47 6768 19753656091
47 6815 19876127889
47 6862 16856046313
47 6909 16984776204
47 6956 22592195565
47 7003 15397650186
47 7050 15696556170
47 7097 -603865388
47 7144 14689636913
47 7191 19730866313
47 7238 22368418836
47 7285 12879202777
47 7332 16380094255
47 7379 3082110836
47 7426 13781355055
47 7473 23610619752
47 7520 15881392123
47 7567 14379666696
47 7614 14343514543
47 7661 6794651074
47 7708 20564997718
47 7755 21005717314
47 7802 8176099998
47 7849 17930626622
47 7896 15153474819
47 7943 16789694118
47 7990 30492178374
47 8037 19628620198
47 8084 11882774411
47 8131 16739310287
47 8178 21603184297
47 8225 14071563354
47 8272 17456039111
47 8319 10667825293
47 8366 11619079472
47 8413 188552523
47 8460 15763317967
53 53 5310848617182
53 106 1327712154295
53 159 885141436197
53 212 663856077147
53 265 531084861718
53 318 295047145399
53 371 379346329798
53 424 331928038573
53 477 295047145399
53 530 177028287239
53 583 241402209871
53 636 147523572699
53 689 204263408353
53 742 126448776599
53 795 118018858159
53 848 165964019286
53 901 156201429917
53 954 98349048466
53 1007 139759174136
53 1060 88514143619
53 1113 84299184399
53 1166 80467403290
53 1219 115453230808
53 1272 73761786349
53 1325 106216972343
53 1378 68087802784
53 1431 98349048466
53 1484 63224388299
53 1537 91566355468
53 1590 44257071809
53 1643 85658848664
53 1696 82982009643
53 1749 53644935527
53 1802 52067143305
53 1855 50579510639
53 1908 49174524233
53 1961 71768224556
53 2014 46586391378
53 2067 45391868522
53 2120 44257071809
53 2173 64766446551
53 2226 31612194149
53 2279 61754053688
53 2332 40233701645
53 2385 39339619386
53 2438 38484410269
53 2491 56498389544
53 2544 36880893174
53 2597 54192332828
53 2650 35405657447
53 2703 34711428870
53 2756 34043901392
53 2862 34083957297
53 2915 32186961316
53 2968 31612194149
53 3021 31057594252
53 3074 30522118489
53 3127 45007191671
53 3180 22128535904
53 3233 43531546042
53 3286 28552949554
53 3339 28099728133
53 3392 41491004821
53 3445 27235121113
53 3498 20116850822
53 3551 39633198636
53 3604 26033571652
53 3657 25656273512
53 3710 18967316489
53 3763 37400342375
53 3816 24587262116
53 3869 36375675460
53 3922 23922741518
53 3975 23603771631
53 4028 23293195689
53 4081 22990686654
53 4134 22128947344
53 4187 33612965932
53 4240 22128535904
53 4293 32783016155
53 4346 21588815517
53 4399 31993063959
53 4452 21633158177
53 4505 20826857322
53 4558 20584684562
53 4611 20348078993
53 4664 20116850822
53 4717 29084715341
53 4770 18071020566
53 4823 22828189178
53 4876 19242205134
53 4929 19126347318
53 4982 18832796514
53 5035 18634556551
53 5088 18440446587
53 5141 23563465602
53 5194 18064110942
53 5247 17881645175
53 5300 17702828723
53 5353 25853294563
53 5406 13016785826
53 5459 25780818530
53 5512 17021950696
53 5565 16996200506
53 5671 33222736208
53 5724 16391508077
53 5777 24361690905
53 5830 12070110493
53 5883 19941650373
53 5936 18247340848
53 5989 19637681161
53 6042 21671559760
53 6095 18038741279
53 6148 16160727680
53 6201 18466812452
53 6254 17172304260
53 6307 19774666030
53 6360 23710561315
53 6413 22825007876
53 6466 17366481952
53 6519 17728733290
53 6572 18833681775
53 6625 21243394468
53 6678 13175455351
53 6731 16709930117
53 6784 21319862354
53 6837 17561935818
53 6890 21155515143
53 6943 21791017365
53 6996 17503924918
53 7049 21706761688
53 7102 9387954369
53 7155 19729173416
53 7208 16631484098
53 7261 13611943602
53 7314 16968611625
53 7367 19731161341
53 7420 19171357592
53 7473 14410417755
53 7526 28540853095
53 7579 16783125262
53 7632 22912051332
53 7685 14809566968
53 7738 18941253445
53 7791 13586726970
53 7844 16764650856
53 7897 11776042698
53 7950 15170872897
53 8003 13069382393
53 8056 18105064076
53 8109 19735653032
53 8162 22687188572
53 8215 12634948496
53 8268 21157268711
53 8321 3464746529
53 8374 13183917020
53 8480 33169312630
59 59 4770762317129
59 118 1192690579282
59 177 795127052854
59 236 596345289641
59 295 477076231712
59 354 265042350951
59 413 340768736937
59 472 298172644820
59 531 265042350951
59 590 159025410570
59 649 216852832596
59 708 132521175475
59 767 183490858351
59 826 113589578979
59 885 106016940380
59 944 149086322410
59 1003 140316538739
59 1062 88347450317
59 1121 125546376766
59 1180 79512705285
59 1239 75726385986
59 1298 72284277532
59 1357 103712224285
59 1416 66260587737
59 1475 95415246342
59 1534 61163619450
59 1593 88347450317
59 1652 56794789489
59 1711 82254522709
59 1770 39756352642
59 1829 76947779308
59 1888 74543161205
59 1947 48189518354
59 2006 46772179579
59 2065 45435831591
59 2124 44173725158
59 2183 64469761042
59 2242 41848792255
59 2301 40775746300
59 2360 39756352642
59 2419 58180028257
59 2478 28397394744
59 2537 55473980431
59 2596 36142138766
59 2655 35338980126
59 2714 34570741428
59 2773 50752790607
59 2832 33130293868
59 2891 48681248133
59 2950 31805082114
59 3009 31181453053
59 3068 30581809725
59 3127 45007191671
59 3186 29449150105
59 3245 28913711012
59 3304 28397394744
59 3363 27899194837
59 3422 27418174236
59 3540 19878176321
59 3599 39104609157
59 3658 25649259769
59 3717 25242128662
59 3776 37271580602
59 3835 24465447780
59 3894 18071069383
59 3953 35602703859
59 4012 23386089789
59 4071 23047160952
59 4130 17038436846
59 4189 33596917726
59 4248 38562813191
59 4307 19058939006
59 4366 23882530293
59 4425 21203388076
59 4484 21680517667
59 4543 20652650723
59 4602 15290904862
59 4661 30194698210
59 4720 25076657021
59 4779 29449150105
59 4838 22327981782
59 4897 28739532031
59 4956 16150109085
59 5015 22312911927
59 5074 23547586897
59 5133 20132554766
59 5192 23269301669
59 5251 24238465172
59 5310 21777068378
59 5369 23196042216
59 5428 19287478684
59 5487 33857031236
59 5546 21286708861
59 5605 20782599480
59 5664 20292017766
59 5723 23224356802
59 5782 19960230035
59 5841 17916944726
59 5900 15902541057
59 5959 14884339868
59 6018 20313746080
59 6077 22119387965
59 6136 21163009352
59 6195 17423581764
59 6254 16084630557
59 6313 22293281856
59 6372 18457722376
59 6431 23164354946
59 6490 27382287931
59 6549 18053484396
59 6608 19514274744
59 6667 9104489903
59 6726 23347439791
59 6785 19575430695
59 6844 17124381086
59 6903 21757092175
59 7021 18679057251
59 7080 16500219890
59 7139 21900937782
59 7198 14883642602
59 7257 20602002780
59 7316 17919715382
59 7375 4426746742
59 7434 14887307696
59 7493 14466338186
59 7552 15820630793
59 7611 17555296419
59 7670 23047257214
59 7729 38061930427
59 7788 24963165102
59 7847 23590107085
59 7906 14969610916
59 7965 21496296096
59 8024 17289046238
59 8083 10700449760
59 8142 28280457341
59 8201 24752699064
59 8260 20766983536
59 8319 21669882238
59 8378 17110807072
59 8437 15540439313
59 8496 15701562751
61 61 4614343880502
61 122 1153585970125
61 183 769057313417
61 244 576792985062
61 305 461434388050
61 366 256352437805
61 427 329595991464
61 488 288396492531
61 549 256352437805
61 610 153811462683
61 671 209742903659
61 732 128176218902
61 793 177474764634
61 854 109865330488
61 915 102540975122
61 976 144198246265
61 1037 135715996485
61 1098 85450812601
61 1159 121430102118
61 1220 76905731341
61 1281 73243553658
61 1342 69914301219
61 1403 100311823489
61 1464 64088109451
61 1525 92286877610
61 1586 59158254878
61 1647 85450812601
61 1708 54932665244
61 1769 79557653112
61 1830 38452865670
61 1891 74424901298
61 1952 72099123132
61 2013 46609534146
61 2074 45238665495
61 2135 43946132195
61 2196 42725406300
61 2257 62355998385
61 2318 40476700706
61 2379 39438836585
61 2440 38452865670
61 2501 56272486347
61 2562 27466332622
61 2623 53655161401
61 2684 34957150609
61 2745 34180325040
61 2806 33437274496
61 2867 49088764686
61 2928 32044054725
61 2989 47085141637
61 3050 30762292536
61 3111 30159110330
61 3172 29579127439
61 3233 43531546042
61 3294 28483604200
61 3355 27965720487
61 3416 27466332622
61 3477 26984467137
61 3538 26519217704
61 3599 39104609156
61 3660 19226432835
61 3782 24808300432
61 3843 24414517886
61 3904 36049561566
61 3965 23663301951
61 4026 20211593235
61 4087 34435402093
61 4148 22619332747
61 4209 26837220242
61 4270 22721326042
61 4331 32495379440
61 4392 21362703150
61 4453 29781447429
61 4514 20785332795
61 4575 20508195024
61 4636 20238350353
61 4697 19975514634
61 4758 24477263067
61 4819 29204708104
61 4880 22936176965
61 4941 28483604200
61 5002 26711984475
61 5063 36372369302
61 5124 25980931424
61 5185 24314377026
61 5246 19348914185
61 5307 23354875019
61 5368 22331492444
61 5429 23565451589
61 5490 25199446170
61 5551 24755486616
61 5612 22655499852
61 5673 21787462703
61 5734 17710640646
61 5795 22860990974
61 5856 24120610978
61 5917 25100887123
61 5978 21257790879
61 6039 20785107130
61 6100 22636286198
61 6161 20361754238
61 6222 22504567998
61 6283 19423597911
61 6344 22574807039
61 6405 25972320365
61 6466 21046347250
61 6527 19965944596
61 6588 41334933576
61 6649 23486161774
61 6710 22734910295
61 6771 19793751134
61 6832 19990463009
61 6893 22488943749
61 6954 21001885071
61 7015 21407304859
61 7076 20722876602
61 7137 23369040523
61 7198 18000329336
61 7259 18600729548
61 7320 21291081397
61 7381 18248432396
61 7503 19670978932
61 7564 17363421930
61 7625 20955004929
61 7686 18483810449
61 7747 5215471741
61 7808 16117075620
61 7869 20271684771
61 7930 26756188673
61 7991 17578256658
61 8052 24666918063
61 8113 18544904954
61 8174 29490494790
61 8235 19544913652
61 8296 20909268603
61 8357 16059694172
61 8418 16208463792
61 8479 12153359143
67 67 4201119055382
67 134 1050279763845
67 201 700186509230
67 268 525139881922
67 335 420111905538
67 402 233395503076
67 469 300079932527
67 536 262569940961
67 603 233395503076
67 670 140037301846
67 737 190959957062
67 804 116697751538
67 871 161581502130
67 938 100026644175
67 1005 93358201230
67 1072 131284970480
67 1139 123562325158
67 1206 77798501025
67 1273 110555764615
67 1340 70018650923
67 1407 66684429450
67 1474 63653319020
67 1541 91328675117
67 1608 58348875769
67 1675 84022381107
67 1742 53860500710
67 1809 77798501025
67 1876 50013322087
67 1943 72433087161
67 2010 35009325461
67 2077 67759984764
67 2144 65642485240
67 2211 42435546013
67 2278 41187441719
67 2345 40010657670
67 2412 38899250512
67 2479 56771879126
67 2546 36851921538
67 2613 35907000473
67 2680 35009325461
67 2747 51233159211
67 2814 25006661043
67 2881 48850221574
67 2948 31826659510
67 3015 31119400410
67 3082 30442891705
67 3149 44692755908
67 3216 29174437884
67 3283 42868561789
67 3350 28007460369
67 3417 27458294479
67 3484 37978850809
67 3551 39633198635
67 3618 25932833675
67 3685 25461327608
67 3752 25006661043
67 3819 24567947692
67 3886 24144362387
67 3953 35602703859
67 4020 33707818361
67 4087 34435402093
67 4154 22586661588
67 4221 24409905362
67 4288 32821242620
67 4355 24429563006
67 4422 17144463677
67 4556 20593720859
67 4623 20295261137
67 4690 21786608042
67 4757 29585345460
67 4824 38772606772
67 4891 26390085351
67 4958 26348538680
67 5025 21316617418
67 5092 21796942723
67 5159 18186662577
67 5226 19397941434
67 5293 25153982722
67 5360 23374613196
67 5427 25932833675
67 5494 21976059109
67 5561 22678727930
67 5628 28430960932
67 5695 22933442919
67 5762 16505834918
67 5829 21009862635
67 5896 17524592825
67 5963 18483528433
67 6030 20840114241
67 6097 21532230596
67 6164 22155761192
67 6231 18589298232
67 6298 16096363846
67 6365 21471160193
67 6432 19500839986
67 6499 14581616382
67 6566 17921052201
67 6633 17506793986
67 6700 21454018144
67 6767 17008007470
67 6834 26224490840
67 6901 14914877433
67 6968 19355750501
67 7035 16067288284
67 7102 30165786027
67 7169 19532742148
67 7236 17864756209
67 7303 19271188327
67 7370 22519190673
67 7437 19921102638
67 7504 16171532057
67 7571 13762386369
67 7638 14108322373
67 7705 24528143739
67 7772 17636971720
67 7839 18848079729
67 7906 15956866924
67 7973 36788274915
67 8040 22736452861
67 8107 -3170778631
67 8174 4224773049
67 8241 22980048907
67 8308 23091417543
67 8375 15029972215
67 8442 20267287220
71 71 3964436291699
71 142 991109072924
71 213 660739381949
71 284 495554536462
71 355 396443629169
71 426 220246460649
71 497 283174020835
71 568 247777268231
71 639 220246460649
71 710 132147876389
71 781 180201649622
71 852 110123230324
71 923 152478318911
71 994 94391340278
71 1065 88098584259
71 1136 123888634115
71 1207 116601067402
71 1278 73415486883
71 1349 104327270834
71 1420 66073938194
71 1491 62927560185
71 1562 60067216540
71 1633 86183397645
71 1704 55061615162
71 1775 79288725833
71 1846 50826106303
71 1917 73415486883
71 1988 47195670139
71 2059 68352349856
71 2130 33036969097
71 2201 63942520833
71 2272 61944317057
71 2343 40044811027
71 2414 38867022467
71 2485 37756536111
71 2556 36707743441
71 2627 53573463401
71 2698 34775756944
71 2769 33884070869
71 2840 33036969097
71 2911 48346784045
71 2982 23597835069
71 3053 46098096415
71 3124 30033608270
71 3195 31650463293
71 3266 34064586595
71 3337 42174854167
71 3408 27530807581
71 3479 40453431547
71 3550 30343465391
71 3621 32590273385
71 3692 31860778979
71 3763 37400342374
71 3834 28031386581
71 3905 24026886616
71 3976 29133495205
71 4047 30336536447
71 4118 50678847000
71 4189 33596917726
71 4260 29626209195
71 4331 32495379440
71 4402 34251674891
71 4473 42934894965
71 4544 32735044924
71 4615 26541204557
71 4686 27980840101
71 4757 29585345460
71 4828 27700250053
71 4899 22711423763
71 4970 26628176366
71 5112 24564633756
71 5183 25657246859
71 5254 25804473891
71 5325 29380335855
71 5396 27521155004
71 5467 28282878348
71 5538 25176001900
71 5609 24050286495
71 5680 22054144684
71 5751 24471828961
71 5822 23981096360
71 5893 21456981682
71 5964 27640198294
71 6035 19738770517
71 6106 25695900290
71 6177 27959663637
71 6248 23659494779
71 6319 18538236191
71 6390 41964700506
71 6461 26448528588
71 6532 28375379839
71 6603 22585033016
71 6674 18327917787
71 6745 24043579309
71 6816 29038976892
71 6887 25113839625
71 6958 17903168969
71 7029 20107483418
71 7100 23775641478
71 7171 8602279327
71 7242 20445803342
71 7313 22674856812
71 7384 24633310505
71 7455 29367425937
71 7526 8108604583
71 7597 22015292347
71 7668 23356730960
71 7739 22369652962
71 7810 27055730445
71 7881 22214239265
71 7952 32609259428
71 8023 19557844400
71 8094 31623256486
71 8165 18170044760
71 8236 18757383253
71 8307 33721825289
71 8378 16210688857
71 8449 21445078840
73 73 3855821598776
73 146 963955399694
73 219 642636933129
73 292 481977699847
73 365 385582159877
73 438 214212311043
73 511 275415828484
73 584 240988849923
73 657 214212311043
73 730 128527386625
73 803 175264618126
73 876 107106155521
73 949 148300830722
73 1022 91805276161
73 1095 85684924417
73 1168 120494424961
73 1241 113406517611
73 1314 71404103681
73 1387 101468989441
73 1460 64263693312
73 1533 61203517440
73 1606 58421539375
73 1679 83822208669
73 1752 53553077760
73 1825 77116431975
73 1898 49433610240
73 1971 71404103681
73 2044 45902638080
73 2117 66479682737
73 2190 32131846656
73 2263 62190670948
73 2336 60247212480
73 2409 38947692916
73 2482 37802172537
73 2555 36722110464
73 2628 35702051840
73 2701 52105697280
73 2774 33822996480
73 2847 32955740160
73 2920 32131846656
73 2993 47022214619
73 3066 24355944933
73 3139 44835134869
73 3212 29210769687
73 3285 53794066174
73 3358 31927943123
73 3431 41019378710
73 3504 29985594298
73 3577 39345118354
73 3650 32004247345
73 3723 28062436172
73 3796 29387851496
73 3869 36375675460
73 3942 26662355707
73 4015 28632277926
73 4088 35909915560
73 4161 33155751968
73 4234 29191465863
73 4307 46293969447
73 4380 33720465657
73 4453 33428742714
73 4526 31597582181
73 4599 23610227898
73 4672 30123606240
73 4745 25037106272
73 4818 25152742270
73 4891 31159490750
73 4964 28466838364
73 5037 28123261660
73 5110 19961296893
73 5183 28650099602
73 5256 18619392176
73 5402 22917341288
73 5475 27287950693
73 5548 27062464050
73 5621 36928039686
73 5694 35651856453
73 5767 29916587519
73 5840 28196436434
73 5913 29258171224
73 5986 25780940944
73 6059 24724025532
73 6132 24546852951
73 6205 23006028386
73 6278 20938602766
73 6351 26846307082
73 6424 26678429095
73 6497 23403315795
73 6570 28023326796
73 6643 32073311210
73 6716 24909873613
73 6789 27304556286
73 6862 20289158701
73 6935 15463607888
73 7008 30967614620
73 7081 17425698249
73 7154 25312784681
73 7227 21943348345
73 7300 30023209680
73 7373 7119406053
73 7446 28970404994
73 7519 18289065952
73 7592 23225761092
73 7665 36084928065
73 7738 16932218233
73 7811 20381456116
73 7884 29031818656
73 7957 25736781368
73 8030 28073309538
73 8103 24225667341
73 8176 27574712176
73 8249 18252670801
73 8322 27982204064
73 8395 24697507578
73 8468 22551044449
79 79 3562974388742
79 158 890743597185
79 237 593829064790
79 316 445371798592
79 395 356297438874
79 474 197943021596
79 553 254498170624
79 632 222685899296
79 711 197943021596
79 790 118765812958
79 869 161953381306
79 948 98971510798
79 1027 137037476490
79 1106 84832723541
79 1185 79177208638
79 1264 111342949648
79 1343 104793364374
79 1422 65981007198
79 1501 93762483914
79 1580 59382906479
79 1659 56555149027
79 1738 53984460435
79 1817 77455964972
79 1896 49485755399
79 1975 71259487774
79 2054 45679158830
79 2133 65981007198
79 2212 42416361770
79 2291 61430592909
79 2370 30940157477
79 2449 57467328850
79 2528 55671474824
79 2607 35989640290
79 2686 34931121458
79 2765 33933089416
79 2844 32990503599
79 2923 48148302550
79 3002 31254161304
79 3081 30452772553
79 3160 29691453239
79 3239 43450907179
79 3318 30895880233
79 3397 41429934752
79 3476 29204672415
79 3555 26392402879
79 3634 29536420026
79 3713 37903982858
79 3792 26299117043
79 3871 36356881517
79 3950 23753162591
79 4029 34599407599
79 4108 22839579415
79 4187 33612965931
79 4266 21993669066
79 4345 26772417252
79 4424 24919612431
79 4503 25011712816
79 4582 20476864303
79 4661 30194698209
79 4740 26777460158
79 4819 29204708104
79 4898 31263932267
79 4977 25441891134
79 5056 27835737412
79 5135 25429369346
79 5214 18552588039
79 5293 28024739498
79 5372 23860481507
79 5451 25377613402
79 5530 12724908531
79 5609 26132451374
79 5688 17597063375
79 5767 18891280819
79 5846 19760865729
79 5925 17391681071
79 6004 19802685932
79 6083 25591284668
79 6162 16007415705
79 6320 14845726619
79 6399 21292645881
79 6478 22619478471
79 6557 14260302919
79 6636 22851855555
79 6715 17000185929
79 6794 20883808058
79 6873 18342180504
79 6952 19891035886
79 7031 43308061733
79 7110 16138677548
79 7189 21005677263
79 7268 23527747769
79 7347 14952279734
79 7426 14383513255
79 7505 15872646475
79 7584 22989859123
79 7663 12279928381
79 7742 18008699384
79 7821 14178308975
79 7900 17055214373
79 7979 17343149896
79 8058 18420479712
79 8137 9391590730
79 8216 13683586021
79 8295 15030085951
79 8374 15488355272
79 8453 18211740325
83 83 3391264779646
83 166 847816194911
83 249 565210796607
83 332 423908097455
83 415 339126477964
83 498 188403598869
83 581 242233198546
83 664 211954048727
83 747 188403598869
83 830 113042159321
83 913 154148399074
83 996 94201799434
83 1079 130433260755
83 1162 80744399515
83 1245 75361439547
83 1328 105977024363
83 1411 99743081754
83 1494 62801199623
83 1577 89243809990
83 1660 56521079660
83 1743 53829599676
83 1826 51382799691
83 1909 73723147383
83 1992 47100899717
83 2075 67825295592
83 2158 43477753585
83 2241 62801199623
83 2324 40372199757
83 2407 58470082407
83 2490 32528524273
83 2573 54697819026
83 2656 52988512181
83 2739 34255199794
83 2822 33247693918
83 2905 32297759806
83 2988 33887723973
83 3071 45827902427
83 3154 29747936663
83 3237 28985169056
83 3320 28260539830
83 3403 41356887556
83 3486 29899125043
83 3569 39433311391
83 3652 25691399845
83 3735 25120479849
83 3818 38314643417
83 3901 36077284889
83 3984 25730662396
83 4067 34604742649
83 4150 28589810242
83 4233 24345341816
83 4316 25342916888
83 4399 31993063958
83 4482 26059462981
83 4565 20553119876
83 4648 23790139974
83 4731 19831957775
83 4814 19490027469
83 4897 28739532030
83 4980 27814373462
83 5063 19222135282
83 5146 26459834006
83 5229 17943199892
83 5312 26494256090
83 5395 34903829104
83 5478 31614000372
83 5561 27937164303
83 5644 19998378199
83 5727 21641358014
83 5810 47853500977
83 5893 26307310989
83 5976 18545622867
83 6059 21731656380
83 6142 23011058619
83 6225 25096357055
83 6308 17759331053
83 6391 14680799911
83 6474 24553541943
83 6557 28667099355
83 6640 22357497579
83 6723 20933733207
83 6806 23708196824
83 6972 26401208963
83 7055 19880866517
83 7138 15931535254
83 7221 15480475808
83 7304 23717805938
83 7387 16536697048
83 7470 20975013248
83 7553 25603216488
83 7636 31468132921
83 7719 21959317717
83 7802 27137697543
83 7885 25517146411
83 7968 18357013879
83 8051 10592620931
83 8134 19667246408
83 8217 26699302255
83 8300 24922187678
83 8383 10667327077
83 8466 19987476620
89 89 3162640187760
89 178 790660046940
89 267 527106697960
89 356 395330023470
89 445 316264018776
89 534 175702232653
89 623 225902870554
89 712 197665011735
89 801 175702232653
89 890 105421339592
89 979 143756372170
89 1068 87851116326
89 1157 121640007221
89 1246 75300956851
89 1335 70280893061
89 1424 98832505867
89 1513 93018829051
89 1602 58567410884
89 1691 83227373362
89 1780 52710669796
89 1869 50200637900
89 1958 47918790723
89 2047 68753047560
89 2136 43925558163
89 2225 63252803755
89 2314 40546669073
89 2403 58567410884
89 2492 38562471627
89 2581 54528279099
89 2670 30877004117
89 2759 51010325609
89 2848 49416252933
89 2937 31945860482
89 3026 34079600586
89 3115 35076386148
89 3204 29283705442
89 3293 42738380915
89 3382 30993546651
89 3471 27031112715
89 3560 37287149138
89 3649 38568782777
89 3738 26935052509
89 3827 36774885904
89 3916 55807341827
89 4005 23426964353
89 4094 24693030774
89 4183 34532782507
89 4272 34988563615
89 4361 33992589174
89 4450 29254765776
89 4539 58551486999
89 4628 32914836462
89 4717 30587741031
89 4806 20434463496
89 4895 30004059065
89 4984 28658764546
89 5073 30429907982
89 5162 32824132313
89 5251 29365605806
89 5340 38705127106
89 5429 28281108866
89 5518 30914298768
89 5607 23416853910
89 5696 24708126466
89 5785 16218667629
89 5874 31124836686
89 5963 28720056458
89 6052 30398006553
89 6141 28393006841
89 6230 28427523610
89 6319 26005991805
89 6408 28427954955
89 6497 19920522393
89 6586 26478076964
89 6675 27842280846
89 6764 25109729871
89 6853 38592494799
89 6942 38899036035
89 7031 -3274641635
89 7120 25655880435
89 7209 19522470294
89 7298 28069638641
89 7387 21567401599
89 7476 29545674644
89 7565 36199243841
89 7654 20190355761
89 7743 16299181405
89 7832 19501222222
89 8010 26769207480
89 8099 25491412838
89 8188 25736842622
89 8277 21686430738
89 8366 19211875133
89 8455 25991851492
97 97 2901803883615
97 194 725450970903
97 291 483633980602
97 388 362725485451
97 485 290180388361
97 582 161211326867
97 679 207271705972
97 776 181362742725
97 873 161211326867
97 970 96726796120
97 1067 131900176527
97 1164 80605663433
97 1261 111607841677
97 1358 69090568657
97 1455 64484530747
97 1552 90681371362
97 1649 85347173047
97 1746 53737108955
97 1843 76363260095
97 1940 48363398060
97 2037 46060379105
97 2134 44777275157
97 2231 63082693122
97 2328 42142481980
97 2425 58036077672
97 2522 39194617658
97 2619 53737108955
97 2716 34545284328
97 2813 50031101441
97 2910 26206261567
97 3007 46803288445
97 3104 46243607018
97 3201 34465013075
97 3298 28449057682
97 3395 28353011539
97 3492 34492639945
97 3589 39213565994
97 3686 30608282767
97 3783 24801742595
97 3880 26173702796
97 3977 35387852239
97 4074 49675552812
97 4171 35560759892
97 4268 40770533228
97 4365 43142889182
97 4462 21027564374
97 4559 35140235453
97 4656 20961965506
97 4753 30096576778
97 4850 23915310734
97 4947 33836670687
97 5044 35769629872
97 5141 31187551069
97 5238 30262448407
97 5335 19276140415
97 5432 34301234720
97 5529 41493298154
97 5626 31547666045
97 5723 25958759869
97 5820 19361615939
97 5917 22469668346
97 6014 21148179434
97 6111 23975503673
97 6208 31184639118
97 6305 41509363239
97 6402 21267390046
97 6499 28728889343
97 6596 33945841155
97 6693 30776652320
97 6790 19178497967
97 6887 15756637609
97 6984 36888193346
97 7081 22325039882
97 7178 25699304971
97 7275 30739882487
97 7372 19282094255
97 7469 32283233888
97 7566 36065117980
97 7663 24451766348
97 7760 20761757945
97 7857 15705565058
97 7954 25647259961
97 8051 24368871642
97 8148 29495757255
97 8245 24096321139
97 8342 28913802390
97 8439 35734638992
101 101 2786880957531
101 202 696720239382
101 303 464480159588
101 404 348360119691
101 505 278688095753
101 606 154826719862
101 707 199062925537
101 808 174180059845
101 909 154826719862
101 1010 92896031917
101 1111 126676407160
101 1212 77413359931
101 1313 107187729135
101 1414 66354308512
101 1515 61930687945
101 1616 87090029922
101 1717 81967086986
101 1818 51608906620
101 1919 73338972566
101 2020 46448015958
101 2121 45074840581
101 2222 42225469053
101 2323 60584368641
101 2424 38706679965
101 2525 55737619150
101 2626 35729243045
101 2727 51608906620
101 2828 33177154256
101 2929 48049671681
101 3030 40047425304
101 3131 44949692863
101 3232 43545014961
101 3333 39122311042
101 3434 38760244156
101 3535 26541723405
101 3636 25804453310
101 3737 37660553480
101 3838 24446324188
101 3939 38236571645
101 4040 37006403601
101 4141 33986353140
101 4242 37453564360
101 4343 32405592529
101 4444 21112734526
101 4545 33619066060
101 4646 20194789547
101 4747 29647669760
101 4848 33393675236
101 4949 31753868545
101 5050 36434931757
101 5151 32255243473
101 5252 32634387438
101 5353 26729365013
101 5454 41071948167
101 5555 40977596063
101 5656 18770339340
101 5757 27735431287
101 5858 28294768052
101 5959 32350930598
101 6060 16813632961
101 6161 25324818836
101 6262 28690292476
101 6363 20317311107
101 6464 33104918988
101 6565 42743081396
101 6666 32711016137
101 6767 24587230702
101 6868 23445299346
101 6969 21042416263
101 7070 24629323549
101 7171 30649565145
101 7272 26953492423
101 7373 31057045420
101 7474 27465090700
101 7575 20978443923
101 7676 20678455776
101 7777 18611439805
101 7878 25755728086
101 7979 17933824249
101 8080 34686277619
101 8181 34450816315
101 8282 24959360634
101 8383 22909551929
101 8484 28967881997
103 103 2732766764181
103 206 683191691045
103 309 455461127363
103 412 341595845522
103 515 273276676418
103 618 151820375787
103 721 195197626012
103 824 170797922761
103 927 151820375787
103 1030 91092225472
103 1133 124216671099
103 1236 75910187893
103 1339 105106414006
103 1442 65065875337
103 1545 60728150315
103 1648 85398961380
103 1751 80375493064
103 1854 50606791929
103 1957 71914914846
103 2060 45546112736
103 2163 43377250225
103 2266 41405557033
103 2369 59407973134
103 2472 38740055128
103 2575 54655335283
103 2678 37857624429
103 2781 50606791929
103 2884 38117142912
103 2987 47116668347
103 3090 23848232482
103 3193 44076883293
103 3296 42699480690
103 3399 27603704688
103 3502 32031360211
103 3605 34386439027
103 3708 30542925154
103 3811 36929280597
103 3914 34842418022
103 4017 23356980890
103 4120 27460341666
103 4223 35307609162
103 4326 28806602172
103 4429 35812601984
103 4532 31468991684
103 4635 31008929939
103 4738 43397360521
103 4841 29071986852
103 4944 25347493711
103 5047 33355290659
103 5150 26290933616
103 5253 28801051710
103 5356 32043367133
103 5459 25780818530
103 5562 22209883865
103 5665 23165283585
103 5768 20669993590
103 5871 19278395274
103 5974 30849981101
103 6077 24198692783
103 6180 26036296256
103 6283 25375857239
103 6386 19696826659
103 6489 21950166916
103 6592 44466969342
103 6695 32365849046
103 6798 33068026737
103 6901 25872686211
103 7004 37368808364
103 7107 18876819167
103 7210 31548328499
103 7313 15814815922
103 7416 22368538758
103 7519 19146095201
103 7622 17790952764
103 7725 17950272451
103 7828 27861131109
103 7931 30181819664
103 8034 21130409943
103 8137 25200393626
103 8240 24672896900
103 8343 16953169182
103 8446 18766799576
107 107 2630607258978
107 214 657651814744
107 321 438434543163
107 428 328825907372
107 535 263060725897
107 642 146144847721
107 749 187900518498
107 856 164412953686
107 963 146144847721
107 1070 87686908632
107 1177 119573057226
107 1284 73072423860
107 1391 101177202268
107 1498 62633506166
107 1605 58457939088
107 1712 82206476843
107 1819 77370801734
107 1926 48714949240
107 2033 69226506815
107 2140 43843454316
107 2247 41755670777
107 2354 39857685742
107 2461 57187114325
107 2568 36536211930
107 2675 52612145179
107 2782 33725734089
107 2889 48714949240
107 2996 33757996857
107 3103 45355297568
107 3210 21921727158
107 3317 42429149338
107 3424 41103238421
107 3531 31470129866
107 3638 29783423272
107 3745 25053402466
107 3852 32311963646
107 3959 35548746742
107 4066 23075502271
107 4173 22483822726
107 4280 21921727158
107 4387 32080576329
107 4494 30453072537
107 4601 30588456499
107 4708 21687547739
107 4815 19485979696
107 4922 21503615215
107 5029 27985183606
107 5136 21639087919
107 5243 31730597577
107 5350 20908363680
107 5457 23063636764
107 5564 16862867044
107 5671 16411363018
107 5778 22351875805
107 5885 50091600102
107 5992 18559258439
107 6099 17142373049
107 6206 18019314420
107 6313 22293281855
107 6420 19765789278
107 6527 23158764567
107 6634 17752129773
107 6741 29450598243
107 6848 20551619210
107 6955 16861275589
107 7062 19134760523
107 7169 19730052762
107 7276 22670466348
107 7383 18578372895
107 7490 21642791037
107 7597 15035514117
107 7704 27710778628
107 7811 15654259760
107 7918 23279677575
107 8025 17805147209
107 8132 22393122059
107 8239 17258035480
107 8346 28026707693
107 8453 15087085738
109 109 2582339235877
109 218 645584808969
109 327 430389872646
109 436 322792404484
109 545 258233923587
109 654 143463290882
109 763 184452802562
109 872 161396202242
109 981 143463290882
109 1090 86077974529
109 1199 117379056176
109 1308 71731645441
109 1417 99320739841
109 1526 61484267520
109 1635 57385316352
109 1744 80698101121
109 1853 75951153996
109 1962 47821096960
109 2071 67956295680
109 2180 43038987264
109 2289 40989511680
109 2398 39126352058
109 2507 56137809475
109 2616 35865822720
109 2725 51646784717
109 2834 33106913280
109 2943 47821096960
109 3052 30742133760
109 3161 44523090273
109 3270 21519493632
109 3379 41650632836
109 3488 40349050560
109 3597 26084234705
109 3706 25317051332
109 3815 24593707008
109 3924 23910548480
109 4033 34896476160
109 4142 22652098560
109 4251 22071275520
109 4360 21519493632
109 4469 31491941900
109 4578 15371066880
109 4687 30027200417
109 4796 19563176029
109 4905 19128438784
109 5014 18712603158
109 5123 27471693998
109 5232 17932911360
109 5341 26350400366
109 5450 17215594905
109 5559 16878034221
109 5668 16553456640
109 5777 24361690904
109 5886 15940365653
109 5995 15650540823
109 6104 15371066880
109 6213 15101399040
109 6322 14841030091
109 6431 20604106679
109 6540 10759746816
109 6649 18847268322
109 6758 13883544278
109 6867 13663170560
109 6976 20174525280
109 7085 13242765312
109 7194 9781588014
109 7303 19271188327
109 7412 12658525666
109 7521 12475068772
109 7630 9222640128
109 7739 14001322191
109 7848 11955274240
109 7957 9637728712
109 8066 10181717771
109 8175 11477063270
109 8284 11326049280
109 8393 11178957731
113 113 2490928997439
113 226 622732249359
113 339 415154832906
113 452 311366124679
113 565 249092899743
113 678 138384944302
113 791 177923499817
113 904 155683062339
113 1017 138384944302
113 1130 83030966581
113 1243 113224045338
113 1356 69192472151
113 1469 95804961439
113 1582 59307833272
113 1695 55353977720
113 1808 77841531169
113 1921 73262617571
113 2034 49276286519
113 2147 65550763090
113 2260 42558108136
113 2373 41750997712
113 2486 37741348446
113 2599 54150630379
113 2712 34596236075
113 2825 49818579948
113 2938 31934987146
113 3051 47901443270
113 3164 41196898628
113 3277 42947051679
113 3390 27125224815
113 3503 40176274152
113 3616 38920765584
113 3729 40383444202
113 3842 24420872523
113 3955 35068109694
113 4068 25408551703
113 4181 39334388691
113 4294 21850254363
113 4407 50965411393
113 4520 32102718031
113 4633 38620987547
113 4746 24851920234
113 4859 30807276863
113 4972 27780822849
113 5085 23354922804
113 5198 34636551792
113 5311 26499244653
113 5424 23188743361
113 5537 26235399973
113 5650 27952565362
113 5763 25708062300
113 5876 21288980249
113 5989 27360979168
113 6102 25846210386
113 6215 25544001220
113 6328 26369940310
113 6441 28367426290
113 6554 37080006463
113 6667 33114645646
113 6780 23422312609
113 6893 18345957848
113 7006 29463892811
113 7119 28558454306
113 7232 27071655411
113 7345 19704726324
113 7458 36479344063
113 7571 23415658368
113 7684 28698045565
113 7797 30760912361
113 7910 33775687489
113 8023 15525662606
113 8136 23741060801
113 8249 15869644232
113 8362 32307147523
113 8475 23642059122
127 127 2216338399296
127 254 554084599824
127 381 369389733216
127 508 277042299912
127 635 221633839929
127 762 123129911072
127 889 158309885664
127 1016 138521149956
127 1143 123129911072
127 1270 73877946643
127 1397 100742654513
127 1524 61564955536
127 1651 85243784588
127 1778 52769961888
127 1905 56075842138
127 2032 69260574978
127 2159 65186423508
127 2286 41043303690
127 2413 58324694718
127 2540 36938973321
127 2667 47714823430
127 2794 46456951843
127 2921 48181269549
127 3048 33764033618
127 3175 44326767985
127 3302 30596357074
127 3429 49748442131
127 3556 39261047950
127 3683 38212731022
127 3810 18469486660
127 3937 50858733143
127 4064 34630287489
127 4191 33511941372
127 4318 47835539974
127 4445 24954754257
127 4572 34226209401
127 4699 29950518909
127 4826 37846364210
127 4953 40622151391
127 5080 37075068268
127 5207 35733655505
127 5334 45711122697
127 5461 46961514009
127 5588 21843294364
127 5715 25748890620
127 5842 32115082403
127 5969 27109392570
127 6096 26856271940
127 6223 35053964473
127 6350 30251172648
127 6477 35368934524
127 6604 29000386203
127 6731 25107775530
127 6858 39103981827
127 6985 29742696123
127 7112 32077130978
127 7239 27102729810
127 7366 37953994919
127 7493 23098719429
127 7620 30965059490
127 7747 31117944640
127 7874 21667805947
127 8001 22851343011
127 8128 32616032044
127 8255 31700978187
127 8382 29366140559
131 131 2148663944356
131 262 537165986089
131 393 358110657392
131 524 268582993044
131 655 214866394435
131 786 119370219130
131 917 153475996025
131 1048 134291496522
131 1179 119370219130
131 1310 71622131478
131 1441 97666542925
131 1572 59685109565
131 1703 82640920936
131 1834 51158665341
131 1965 47748087652
131 2096 67145748261
131 2227 63195998363
131 2358 39790073043
131 2489 56543788009
131 2620 35811065739
131 2751 34105776894
131 2882 32555514308
131 3013 46710085746
131 3144 29842554782
131 3275 42973278887
131 3406 27546973645
131 3537 39790073043
131 3668 25579332670
131 3799 37045930075
131 3930 24688144285
131 4061 34655870070
131 4192 33572874130
131 4323 27817235597
131 4454 30459965713
131 4585 26921932368
131 4716 19895036521
131 4847 29035999248
131 4978 18847929336
131 5109 24823115329
131 5240 24019092261
131 5371 29742685067
131 5502 19031192804
131 5633 24984464469
131 5764 21107792910
131 5895 48134919382
131 6026 19731046228
131 6157 22858127067
131 6288 20811902715
131 6419 27898964816
131 6550 29772882325
131 6681 32355158159
131 6812 21294344684
131 6943 18749811773
131 7074 19153983005
131 7205 25067766237
131 7336 17753332673
131 7467 23183706498
131 7598 18614685812
131 7729 -1643897472
131 7860 26874234015
131 7991 17645742429
131 8122 14507519380
131 8253 20763225224
131 8384 19268270234
137 137 2054561873800
137 274 513640468450
137 411 342426978966
137 548 256820234225
137 685 205456187380
137 822 114142326322
137 959 146754419557
137 1096 128410117112
137 1233 114142326322
137 1370 68485395793
137 1507 93389176081
137 1644 57071163161
137 1781 79021610530
137 1918 48918139852
137 2055 45656930528
137 2192 64205058556
137 2329 60428290405
137 2466 46312444453
137 2603 54067417731
137 2740 34242697896
137 2877 32612093234
137 3014 31129725360
137 3151 44664388560
137 3288 33079142470
137 3425 41091237476
137 3562 28238589185
137 3699 38047442107
137 3836 32724072272
137 3973 45769699685
137 4110 31519665579
137 4247 33138094738
137 4384 33912752785
137 4521 22449827444
137 4658 30554223826
137 4795 19567255940
137 4932 40787342875
137 5069 27764349645
137 5206 22566033467
137 5343 37373913023
137 5480 18422290090
137 5617 27512443129
137 5754 41949867655
137 5891 26232882701
137 6028 23063179396
137 6165 46080991062
137 6302 31653861369
137 6439 36069619163
137 6576 41692581566
137 6713 28890561423
137 6850 38273760986
137 6987 28621474829
137 7124 39612061517
137 7261 25153374771
137 7398 22139662636
137 7535 26041987756
137 7672 29222679547
137 7809 32495544007
137 7946 36990757715
137 8083 24122632846
137 8220 27063519726
137 8357 17621648021
137 8494 14701069516
139 139 2024999832450
139 278 506249958112
139 417 337499972075
139 556 253124979056
139 695 202499983245
139 834 112499990691
139 973 144642845175
139 1112 126562489528
139 1251 112499990691
139 1390 67499994415
139 1529 92045446929
139 1668 56249995345
139 1807 77884608940
139 1946 48214281725
139 2085 55765106664
139 2224 63281244764
139 2363 59558818601
139 2502 82876679211
139 2641 53289469275
139 2780 50073942551
139 2919 37066068819
139 3058 35925424137
139 3197 46437580038
139 3336 34567777816
139 3475 40499996649
139 3614 30723409545
139 3753 47425073482
139 3892 34146223540
139 4031 34913790214
139 4170 47799846682
139 4309 32661287620
139 4448 62240376707
139 4587 30493626440
139 4726 30206119665
139 4865 34286447088
139 5004 40795740104
139 5143 46485919059
139 5282 28685482421
139 5421 28846825265
139 5560 50431543578
139 5699 32857092579
139 5838 40358165722
139 5977 27212459157
139 6116 32422983139
139 6255 36606929810
139 6394 23268835675
139 6533 23923488025
139 6672 26451772178
139 6811 28168073847
139 6950 29201591735
139 7089 29543704792
139 7228 31402942594
139 7367 18476382667
139 7506 35881107856
139 7645 36252848609
139 7784 34325844399
139 7923 36587854617
139 8062 32992050808
139 8201 9569331994
139 8340 32525396853
139 8479 21043359421
149 149 1889093803427
149 298 472273450856
149 447 314848967237
149 596 236136725428
149 745 188909380342
149 894 104949655745
149 1043 134935271673
149 1192 118068362714
149 1341 104949655745
149 1490 62969793447
149 1639 85867900155
149 1788 52474827872
149 1937 72657453977
149 2086 44978423891
149 2235 57541758684
149 2384 59034181357
149 2533 55561582453
149 2682 36773907729
149 2831 49712994827
149 2980 31484896723
149 3129 29985615927
149 3278 49635628847
149 3427 41067256596
149 3576 32936102182
149 3725 54626881396
149 3874 47989427577
149 4023 34983218581
149 4172 29187900191
149 4321 55040692161
149 4470 26307931143
149 4619 30469254893
149 4768 29517090678
149 4917 46311263862
149 5066 31196598022
149 5215 39004365018
149 5364 32942760646
149 5513 27943312518
149 5662 32442687693
149 5811 41284635773
149 5960 47959971992
149 6109 26779883068
149 6258 30636130853
149 6407 28304242285
149 6556 29744787280
149 6705 41222795704
149 6854 23488206412
149 7003 24795834993
149 7152 27661050910
149 7301 23070321784
149 7450 39106517656
149 7599 33351751092
149 7748 33995394406
149 7897 23867236611
149 8046 32924889059
149 8195 28683668846
149 8344 33188382645
149 8493 29885473779
151 151 1864072693448
151 302 466018173362
151 453 310678782241
151 604 233009086681
151 755 186407269344
151 906 103559594080
151 1057 133148049532
151 1208 116504543340
151 1359 103559594080
151 1510 62135756448
151 1661 84730576974
151 1812 51779797040
151 1963 71695103594
151 2114 44382683177
151 2265 41423837632
151 2416 58252271670
151 2567 54825667454
151 2718 38467691715
151 2869 49054544564
151 3020 31067878224
151 3171 29588455451
151 3322 32236681686
151 3473 40523319422
151 3624 29226088132
151 3775 37281453868
151 3926 28672711150
151 4077 34519864693
151 4228 32494913110
151 4379 42907047063
151 4530 34813363707
151 4681 30784765441
151 4832 39893998529
151 4983 29428483303
151 5134 27695424132
151 5285 25874534888
151 5436 32764692234
151 5587 25190171533
151 5738 28329859334
151 5889 47457412095
151 6040 29180231774
151 6191 23860752283
151 6342 33909050956
151 6493 23117945238
151 6644 32691155167
151 6795 41302639756
151 6946 14570237440
151 7097 40264986525
151 7248 28777301716
151 7399 22184125521
151 7550 23502990703
151 7701 33600257011
151 7852 35241761707
151 8003 22101800502
151 8154 27906327290
151 8305 25012593849
151 8456 20336778016
157 157 1792834246564
157 314 448208561641
157 471 298805707760
157 628 224104280820
157 785 179283424656
157 942 99601902586
157 1099 128059589040
157 1256 112052140410
157 1413 99601902586
157 1570 59761141552
157 1727 81492465752
157 1884 69291094253
157 2041 68955163329
157 2198 42686529680
157 2355 39840761034
157 2512 56026070205
157 2669 52730419016
157 2826 51292191301
157 2983 47179848593
157 3140 32779609620
157 3297 40932916373
157 3454 27164155250
157 3611 38974657534
157 3768 30369734972
157 3925 49571555172
157 4082 30634526307
157 4239 38694864529
157 4396 28495565050
157 4553 30910935285
157 4710 36626637337
157 4867 28916681396
157 5024 28013035102
157 5181 47491248775
157 5338 25174002462
157 5495 26654482118
157 5652 50096747060
157 5809 29989510564
157 5966 21195875523
157 6123 23206547604
157 6280 44602162079
157 6437 24114231365
157 6594 24687375851
157 6751 31022096406
157 6908 27426704759
157 7065 21234742704
157 7222 27628614757
157 7379 35063298665
157 7536 15476703775
157 7693 11346981765
157 7850 35411704882
157 8007 21781261406
157 8164 34270382492
157 8321 30362314726
157 8478 30404306108
163 163 1726840347918
163 326 431710086979
163 489 287806724653
163 652 215855043489
163 815 172684034791
163 978 95935574884
163 1141 123345739137
163 1304 107927521744
163 1467 95935574884
163 1630 57561344930
163 1793 78492743087
163 1956 47967787442
163 2119 66416936458
163 2282 66464076879
163 2445 38374229953
163 2608 53963760872
163 2771 50789421997
163 2934 35446277609
163 3097 45863629334
163 3260 64683666727
163 3423 61981950222
163 3586 35454235421
163 3749 41248911532
163 3912 40688976203
163 4075 35683762173
163 4238 32757923241
163 4401 65229336180
163 4564 35727659287
163 4727 30193571730
163 4890 24487661070
163 5053 33684082160
163 5216 35768057314
163 5379 48855114201
163 5542 31794580784
163 5705 25736086277
163 5868 33356594604
163 6031 38626279545
163 6194 39018081780
163 6357 35408919690
163 6520 25275896818
163 6683 35108286117
163 6846 39974271093
163 7009 30221044341
163 7172 34142785269
163 7335 31908260286
163 7498 20697871608
163 7661 29946632924
163 7824 35093702261
163 7987 19598992190
163 8150 33531943776
163 8313 31466864876
163 8476 33813178472
167 167 1685478902459
167 334 421369725614
167 501 280913150409
167 668 210684862807
167 835 168547890245
167 1002 93637716803
167 1169 120391350175
167 1336 105342431403
167 1503 93637716803
167 1670 56182630081
167 1837 76612677384
167 2004 52980949145
167 2171 64826111633
167 2338 40130450058
167 2505 37455086721
167 2672 52671215701
167 2839 49572908895
167 3006 49534968981
167 3173 44354707959
167 3340 35974493016
167 3507 48323968656
167 3674 25537559128
167 3841 36640845705
167 4008 27865523306
167 4175 33709578049
167 4342 25601859905
167 4509 31212572267
167 4676 20065225029
167 4843 29059981076
167 5010 28292708298
167 5177 29413190641
167 5344 26335607850
167 5511 28100751206
167 5678 26022336817
167 5845 47220952923
167 6012 30248758193
167 6179 25004788978
167 6346 21243368885
167 6513 32728199299
167 6680 29608594596
167 6847 27760448209
167 7014 23450998105
167 7181 25811173072
167 7348 20651957540
167 7515 37954669786
167 7682 41499568341
167 7849 17930626621
167 8016 33275049884
167 8183 21005447494
167 8350 33115646836
173 173 1627022986766
173 346 406755746691
173 519 271170497794
173 692 203377873345
173 865 162702298676
173 1038 90390165931
173 1211 116215927626
173 1384 101688936672
173 1557 90390165931
173 1730 54234099558
173 1903 73955590307
173 2076 60215275669
173 2249 62577807183
173 2422 38738642542
173 2595 36156066372
173 2768 50844468336
173 2941 47853617257
173 3114 36243614702
173 3287 42816394388
173 3460 32051243655
173 3633 44586645630
173 3806 26211526071
173 3979 35370064929
173 4152 26640624060
173 4325 34725869641
173 4498 20859269061
173 4671 41601405872
173 4844 19369321271
173 5017 30508930983
173 5190 27790660837
173 5363 30366621210
173 5536 29314085215
173 5709 25719016479
173 5882 24199835696
173 6055 15495457016
173 6228 33825911591
173 6401 27900189454
173 6574 36344095724
173 6747 18276999186
173 6920 40767953444
173 7093 20621575059
173 7266 39064697587
173 7439 35979076861
173 7612 24617644239
173 7785 19835724218
173 7958 37207100993
173 8131 17878200069
173 8304 22325951177
173 8477 16602275375
179 179 1572485903411
179 358 393121475852
179 537 262080983901
179 716 196560737926
179 895 157248590341
179 1074 87360327967
179 1253 112320421672
179 1432 98280368963
179 1611 87360327967
179 1790 52416196780
179 1969 71476631973
179 2148 52055106391
179 2327 66805346739
179 2506 46761420581
179 2685 56487658462
179 2864 49140184481
179 3043 48116537153
179 3222 48478896494
179 3401 52152971622
179 3580 35529378414
179 3759 37471251176
179 3938 32393250425
179 4117 43383183766
179 4296 32408953321
179 4475 43100837173
179 4654 36083979912
179 4833 57021428320
179 5012 37549650350
179 5191 37383065117
179 5370 34108391296
179 5549 27334401380
179 5728 31583535630
179 5907 39284811068
179 6086 40012286574
179 6265 41629190326
179 6444 27615238203
179 6623 36118860138
179 6802 39535563028
179 6981 39849712756
179 7160 32761856941
179 7339 50433924565
179 7518 36107615380
179 7697 17029976512
179 7876 32374132961
179 8055 30045458938
179 8234 34252987349
179 8413 33268594358
181 181 1555110368567
181 362 388777592141
181 543 259185061427
181 724 194388796070
181 905 155511036856
181 1086 86395020475
181 1267 111079312040
181 1448 97194398035
181 1629 86395020475
181 1810 51837012285
181 1991 73171386857
181 2172 45135806037
181 2353 59811937252
181 2534 50245025750
181 2715 37821569516
181 2896 52546807030
181 3077 45738540251
181 3258 40066487596
181 3439 45915941723
181 3620 50187888848
181 3801 25878623970
181 3982 62145519955
181 4163 33806747142
181 4344 40758763212
181 4525 62098466224
181 4706 37820289671
181 4887 48089960980
181 5068 18513218673
181 5249 26812247733
181 5430 36597645839
181 5611 37982185779
181 5792 30755536212
181 5973 47025791275
181 6154 41962384893
181 6335 32931570058
181 6516 41472670555
181 6697 21015004980
181 6878 40949814479
181 7059 29980394543
181 7240 34229696667
181 7421 26620010768
181 7602 36425857650
181 7783 31302764172
181 7964 36033803003
181 8145 34595922169
181 8326 28204637377
191 191 1473690977542
191 382 368422744385
191 573 245615162923
191 764 184211372192
191 955 147369097754
191 1146 81871720974
191 1337 105263641253
191 1528 92105686096
191 1719 81871720974
191 1910 49123032584
191 2101 66985953524
191 2292 47671823593
191 2483 56680422213
191 2674 35087880417
191 2865 33665914011
191 3056 46052843048
191 3247 44123683598
191 3438 28207799280
191 3629 41018821384
191 3820 30554396862
191 4011 31641117770
191 4202 28198601640
191 4393 44978701099
191 4584 26358555567
191 4775 29473819550
191 4966 36143252853
191 5157 28418732119
191 5348 43861049738
191 5539 25408465130
191 5730 33731977208
191 5921 24227822126
191 6112 23026421524
191 6303 41202876979
191 6494 38918437207
191 6685 22086864845
191 6876 20381249935
191 7067 21372391491
191 7258 43963025065
191 7449 24479155274
191 7640 25896228526
191 7831 22201686254
191 8022 18875914763
191 8213 39462101227
191 8404 21776950041
193 193 1458419568448
193 386 364604892112
193 579 243069928074
193 772 182302446056
193 965 145841956844
193 1158 81023309358
193 1351 104172826317
193 1544 91151223028
193 1737 81023309358
193 1930 48613985614
193 2123 66291798565
193 2316 40511654679
193 2509 56093060324
193 2702 34724275439
193 2895 32409323743
193 3088 45575611514
193 3281 42894693189
193 3474 30892477188
193 3667 38379462327
193 3860 51282502075
193 4053 28113183297
193 4246 25907382200
193 4439 32673921127
193 4632 27157789477
193 4825 31715647494
193 5018 56497670274
193 5211 27007769786
193 5404 23110549531
193 5597 29573189644
193 5790 39286774622
193 5983 23522896265
193 6176 25844585453
193 6369 22119017960
193 6562 39952967054
193 6755 41452445108
193 6948 20891392061
193 7141 26190021169
193 7334 29510312843
193 7527 25724813510
193 7720 28187458139
193 7913 25069721475
193 8106 17851407947
193 8299 20854899170
193 8492 32005392917
197 197 1428806988378
197 394 357201747094
197 591 238134498063
197 788 178600873547
197 985 142880698837
197 1182 79378166021
197 1379 102057642027
197 1576 89300436773
197 1773 79378166021
197 1970 47626899612
197 2167 64945772199
197 2364 39689083010
197 2561 54954114937
197 2758 35081678309
197 2955 37621391676
197 3152 44650218386
197 3349 42023734952
197 3546 32329339139
197 3743 48050826117
197 3940 28711789178
197 4137 22679476006
197 4334 21648590733
197 4531 31061021486
197 4728 23837697533
197 4925 30278471983
197 5122 24188163580
197 5319 26459388673
197 5516 28366412608
197 5713 27863836363
197 5910 46364180316
197 6107 27791937277
197 6304 24774278879
197 6501 44213462779
197 6698 25843438324
197 6895 25936102301
197 7092 18285314664
197 7289 23945509994
197 7486 18403519902
197 7683 33113309967
197 7880 34878361845
197 8077 35723221715
197 8274 27140830907
197 8471 18610612762
199 199 1414447119149
199 398 353611779787
199 597 235741186524
199 796 176805889893
199 995 141444711914
199 1194 78580395508
199 1393 101031937082
199 1592 88402944946
199 1791 78580395508
199 1990 47148237304
199 2189 64293050870
199 2388 40427542874
199 2587 54401812274
199 2786 37838330006
199 2985 41538873623
199 3184 45214443872
199 3383 41601385857
199 3582 32063415635
199 3781 37222292609
199 3980 28472458024
199 4179 33069961847
199 4378 23456959754
199 4577 35968068251
199 4776 31886077131
199 4975 28288942382
199 5174 34353792472
199 5373 29942068798
199 5572 44438234098
199 5771 32982752366
199 5970 27714689737
199 6169 22911841114
199 6368 44488465283
199 6567 26420002855
199 6766 44462143037
199 6965 26849248318
199 7164 16432922196
199 7363 27102483201
199 7562 22867691161
199 7761 30482216312
199 7960 30359968626
199 8159 22894694430
199 8358 31596872516
211 211 1334004628960
211 422 333501157240
211 633 222334104826
211 844 166750578620
211 1055 133400462896
211 1266 74111368275
211 1477 95286044925
211 1688 83375289310
211 1899 74111368275
211 2110 44466820965
211 2321 60636574043
211 2532 37055684137
211 2743 56939241045
211 2954 33045777407
211 3165 63232688010
211 3376 41687644655
211 3587 40620859060
211 3798 36602404315
211 4009 35105384972
211 4220 22233410482
211 4431 25578201406
211 4642 22983048941
211 4853 29000100629
211 5064 32740858168
211 5275 26680092579
211 5486 17102623448
211 5697 28290983303
211 5908 27143748889
211 6119 42589115499
211 6330 43809988906
211 6541 20154516024
211 6752 23789134989
211 6963 40312574255
211 7174 17482001510
211 7385 12704805990
211 7596 37046395286
211 7807 22078928001
211 8018 23851511390
211 8229 24584126287
211 8440 31337710907
223 223 1262219626505
223 446 315554906626
223 669 210369937750
223 892 157777453313
223 1115 126221962650
223 1338 70123312583
223 1561 90158544750
223 1784 78888726656
223 2007 70123312583
223 2230 42073987550
223 2453 57373619386
223 2676 35061656291
223 2899 48546908711
223 3122 30052848250
223 3345 28049325033
223 3568 39444363328
223 3791 37124106661
223 4014 23374437527
223 4237 33216305960
223 4460 21036993775
223 4683 20035232166
223 4906 19124539795
223 5129 27439557097
223 5352 17530828145
223 5575 25244392530
223 5798 53459405437
223 6021 30686259014
223 6244 15026424125
223 6467 21762407353
223 6690 23164790250
223 6913 20358381072
223 7136 19722181664
223 7359 27373336171
223 7582 20805564462
223 7805 20452001542
223 8028 11687218763
223 8251 16028552746
223 8474 11072101986
227 227 1239977870972
227 454 309994467743
227 681 206662978495
227 908 154997233871
227 1135 123997787097
227 1362 68887659498
227 1589 88569847926
227 1816 77498616935
227 2043 68887659498
227 2270 47462135989
227 2497 56362630498
227 2724 38442647385
227 2951 47691456575
227 3178 40777240208
227 3405 36126263673
227 3632 47186310633
227 3859 63994499103
227 4086 50136779316
227 4313 42801875094
227 4540 43621413009
227 4767 37784361476
227 4994 55150483525
227 5221 39071897342
227 5448 51004230686
227 5675 35451695261
227 5902 23083162601
227 6129 44987520919
227 6356 31465875555
227 6583 38844197695
227 6810 41187665524
227 7037 41146427505
227 7264 39094991582
227 7491 33829304683
227 7718 33364635512
227 7945 34873036214
227 8172 33750056079
227 8399 29270309605
229 229 1229148369915
229 458 307287092478
229 687 204858061652
229 916 153643546239
229 1145 122914836991
229 1374 68286020550
229 1603 87796312136
229 1832 76821773119
229 2061 68286020550
229 2290 40971612330
229 2519 55870380450
229 2748 37757708547
229 2977 49355446127
229 3206 29265437378
229 3435 33997716164
229 3664 38410886559
229 3893 36151422644
229 4122 28631957316
229 4351 32346009734
229 4580 24100504437
229 4809 23671309231
229 5038 37541736374
229 5267 26720616737
229 5496 23754813081
229 5725 26390316534
229 5954 30079800000
229 6183 22762006850
229 6412 44203325563
229 6641 21192213274
229 6870 38620317418
229 7099 29380630595
229 7328 26366187062
229 7557 24968898510
229 7786 35051208250
229 8015 35542323067
229 8244 25702490991
229 8473 14585311729
233 233 1208047110346
233 466 302011777586
233 699 201341185057
233 932 151005888793
233 1165 120804711034
233 1398 67113728352
233 1631 86289079310
233 1864 75502944396
233 2097 74722109970
233 2330 40268237011
233 2563 58276719469
233 2796 48410544002
233 3029 47795485130
233 3262 31682538074
233 3495 35379886075
233 3728 37751472198
233 3961 44253492955
233 4194 40353801040
233 4427 31790713430
233 4660 31008119169
233 4893 58015396638
233 5126 44046836142
233 5359 27594028436
233 5592 38996191838
233 5825 49354162875
233 6058 21357908733
233 6291 23830998603
233 6524 32364071474
233 6757 29551094046
233 6990 39409702192
233 7223 25105263998
233 7456 36914110180
233 7689 34083584526
233 7922 24444698751
233 8155 33722970324
233 8388 28958812856
239 239 1177719567827
239 478 294429891956
239 717 196286594637
239 956 147214945978
239 1195 117771956782
239 1434 65428864879
239 1673 84122826273
239 1912 73607472989
239 2151 65428864879
239 2390 44453089445
239 2629 79027774179
239 2868 44434745747
239 3107 47748684115
239 3346 37203385477
239 3585 26171545951
239 3824 38896576277
239 4063 36731650601
239 4302 45293552578
239 4541 30992620205
239 4780 38304353147
239 5019 28119257660
239 5258 36687464386
239 5497 30183820993
239 5736 20878957163
239 5975 23554391356
239 6214 31341023070
239 6453 37007625122
239 6692 33537729129
239 6931 40757065082
239 7170 39292201073
239 7409 38079039753
239 7648 36661786605
239 7887 11896157250
239 8126 34674357402
239 8365 33873463571
241 241 1167945961455
241 482 291986490363
241 723 194657660242
241 964 145993245181
241 1205 116794596145
241 1446 64885886747
241 1687 90175281272
241 1928 72996622590
241 2169 64885886747
241 2410 38931532048
241 2651 59141534816
241 2892 44549107419
241 3133 61024324818
241 3374 28770524111
241 3615 34254210649
241 3856 47661840182
241 4097 36749931158
241 4338 52018457955
241 4579 46357336905
241 4820 52586565448
241 5061 33845664757
241 5302 44326133491
241 5543 46350348634
241 5784 49374306856
241 6025 39786476191
241 6266 44635038814
241 6507 37981296294
241 6748 42205980086
241 6989 42076314913
241 7230 36091833058
241 7471 22911309210
241 7712 28707567882
241 7953 32696023928
241 8194 30662765072
241 8435 32399080197
251 251 1121414249843
251 502 280353562460
251 753 186902374973
251 1004 140176781230
251 1255 112141424984
251 1506 62300791657
251 1757 80101017845
251 2008 70088390615
251 2259 62300791657
251 2510 37380474994
251 2761 50973374992
251 3012 31150395828
251 3263 43131317301
251 3514 26700339281
251 3765 24920316663
251 4016 35044195307
251 4267 32982772054
251 4518 20766930552
251 4769 29510901311
251 5020 18690237497
251 5271 17800226187
251 5522 16991124997
251 5773 24378570648
251 6024 52624845676
251 6275 22428284996
251 6526 14377105767
251 6777 24744175065
251 7028 13350169640
251 7279 19334728445
251 7530 9345118748
251 7781 22064571123
251 8032 17522097653
251 8283 19281905691
257 257 1095233372415
257 514 273808343103
257 771 182538895402
257 1028 136904171551
257 1285 109523337241
257 1542 60846298467
257 1799 78230955172
257 2056 68452085775
257 2313 60846298467
257 2570 36507779080
257 2827 79678325914
257 3084 30423149233
257 3341 42124360477
257 3598 26076985057
257 3855 27602080713
257 4112 34620893097
257 4369 33900011867
257 4626 20282099489
257 4883 28821930853
257 5140 23152228912
257 5397 17384656705
257 5654 25657016068
257 5911 23809421139
257 6168 18475135942
257 6425 24353837134
257 6682 14041453492
257 6939 20676949699
257 7196 24367512794
257 7453 44544244658
257 7710 16474453828
257 7967 17665054393
257 8224 34618449471
257 8481 19017452383
263 263 1070247059736
263 526 267561764934
263 789 178374509956
263 1052 133780882467
263 1315 107024705973
263 1578 59458169985
263 1841 76446218552
263 2104 66890441233
263 2367 59458169985
263 2630 39603542735
263 2893 61361465788
263 3156 36144849898
263 3419 69383901187
263 3682 29410713594
263 3945 27034270878
263 4208 66381329640
263 4471 33211731022
263 4734 22306514157
263 4997 30413377985
263 5260 43265195323
263 5523 24892725787
263 5786 49416112693
263 6049 54278842701
263 6312 26280722122
263 6575 24246883715
263 6838 29088130172
263 7101 21444891437
263 7364 37721032564
263 7627 21294478033
263 7890 34915208781
263 8153 18995925674
263 8416 17966172389
269 269 1046375378106
269 538 261593844526
269 807 174395896351
269 1076 130796922263
269 1345 104637537810
269 1614 58131965450
269 1883 74741098436
269 2152 65398461131
269 2421 58131965450
269 2690 34879179270
269 2959 47562517186
269 3228 29065982725
269 3497 40245206850
269 3766 24913699478
269 4035 29366345572
269 4304 32699230565
269 4573 30775746414
269 4842 27542498558
269 5111 27536194160
269 5380 24122897579
269 5649 55622841677
269 5918 22537480339
269 6187 22747290828
269 6456 20646550754
269 6725 20927507562
269 6994 21580245692
269 7263 19377321816
269 7532 20622026481
269 7801 21382608766
269 8070 8719794817
269 8339 19933801923
271 271 1038653050592
271 542 259663262648
271 813 173108841765
271 1084 129831631324
271 1355 103865305059
271 1626 57702947255
271 1897 74189503613
271 2168 64915815662
271 2439 57702947255
271 2710 38664850931
271 2981 47211502299
271 3252 34965033019
271 3523 39948194253
271 3794 32895011279
271 4065 26417368514
271 4336 32457907831
271 4607 30548619135
271 4878 25917623695
271 5149 32411296000
271 5420 23424443568
271 5691 16486556358
271 5962 22420475377
271 6233 25921068115
271 6504 22590913555
271 6775 43146040431
271 7046 21481241493
271 7317 20902410557
271 7588 20530094010
271 7859 43516494629
271 8130 24745027871
271 8401 16752468557
277 277 1016155150579
277 554 254038787644
277 831 169359191763
277 1108 127019393822
277 1385 101615515057
277 1662 68021764051
277 1939 78838180047
277 2216 66275256084
277 2493 56453063921
277 2770 57594280364
277 3047 46188870480
277 3324 37800732884
277 3601 47887331716
277 3878 71838198261
277 4155 34842324834
277 4432 63891226319
277 4709 41920590619
277 4986 25276154205
277 5263 36072481482
277 5540 33528555296
277 5817 35099251650
277 6094 44262506716
277 6371 25319562476
277 6648 36183514920
277 6925 41323106947
277 7202 25235889455
277 7479 39967143109
277 7756 28401266969
277 8033 32804217124
277 8310 32528714412
281 281 1001690308578
281 562 250422577144
281 843 166948384763
281 1124 125211288572
281 1405 100169030857
281 1686 55649461587
281 1967 71549307755
281 2248 62605644286
281 2529 58891624763
281 2810 42228075530
281 3091 49950576951
281 3372 46697768971
281 3653 44720906242
281 3934 34868380367
281 4215 24439997173
281 4496 31302822143
281 4777 44496104198
281 5058 53208418655
281 5339 33637816525
281 5620 46764087544
281 5901 22384172519
281 6182 29732216381
281 6463 50861619988
281 6744 40523816678
281 7025 28401457687
281 7306 39731543222
281 7587 34242500582
281 7868 34224733569
281 8149 34507576295
281 8430 32516138727
283 283 994611225125
283 566 248652806281
283 849 165768537520
283 1132 124326403140
283 1415 99461122512
283 1698 55256179173
283 1981 71043658937
283 2264 63291360031
283 2547 55256179173
283 2830 39479658680
283 3113 45209601142
283 3396 77335887826
283 3679 50263809891
283 3962 72135026881
283 4245 25717169941
283 4528 33023954486
283 4811 29253271327
283 5094 24289741585
283 5377 28522759956
283 5660 47605901972
283 5943 44941894705
283 6226 18684565319
283 6509 21621983154
283 6792 37833108797
283 7075 40971741458
283 7358 35895930107
283 7641 21446697414
283 7924 33949565740
283 8207 29076045322
283 8490 30063125550
293 293 960665449524
293 586 240166362381
293 879 160110908254
293 1172 120083181190
293 1465 96066544952
293 1758 53370302751
293 2051 68618960680
293 2344 60041590595
293 2637 53370302751
293 2930 32022181650
293 3223 43666611342
293 3516 48057413089
293 3809 36948671135
293 4102 27836653231
293 4395 64381783318
293 4688 30020795297
293 4981 30736699331
293 5274 42149923863
293 5567 43886995396
293 5860 48395645745
293 6153 23413834670
293 6446 27408365512
293 6739 34991905729
293 7032 26195404085
293 7325 25639723189
293 7618 12316223711
293 7911 32642480710
293 8204 24565336526
307 307 916856601663
307 614 229214150415
307 921 152809433610
307 1228 114607075207
307 1535 91685660166
307 1842 50936477870
307 2149 65489757261
307 2456 57303537603
307 2763 50936477870
307 3070 52172363362
307 3377 52480538395
307 3684 57263980777
307 3991 42618292076
307 4298 36948764363
307 4605 52754244742
307 4912 51567203326
307 5219 57921072460
307 5526 32201516164
307 5833 32857711617
307 6140 46652727137
307 6447 29672124667
307 6754 27716206183
307 7061 34090907219
307 7368 22086859209
307 7675 23683575331
307 7982 36602688370
307 8289 32044249840
311 311 905064233796
311 622 226266058449
311 933 150844038966
311 1244 113133029224
311 1555 90506423379
311 1866 50281346322
311 2177 64647445271
311 2488 56566514612
311 2799 50281346322
311 3110 34690548737
311 3421 41139283354
311 3732 29662414105
311 4043 34810162838
311 4354 33895535603
311 4665 59597648796
311 4976 34677413593
311 5287 55979820322
311 5598 21724115112
311 5909 27729802954
311 6220 15084403896
311 6531 19329765287
311 6842 20396402395
311 7153 22157142599
311 7464 19253644524
311 7775 34705300168
311 8086 36416233575
311 8397 16760448774
313 313 899281075752
313 626 224820268938
313 939 149880179292
313 1252 112410134469
313 1565 89928107575
313 1878 49960059764
313 2191 64234362553
313 2504 56205067234
313 2817 52040568587
313 3130 40250612896
313 3443 46699899675
313 3756 24980029882
313 4069 34587733682
313 4382 31463097154
313 4695 61383198618
313 5008 36442570474
313 5321 42773319959
313 5634 47050878064
313 5947 35062108020
313 6260 45352733904
313 6573 41031430575
313 6886 37004870423
313 7199 28178813518
313 7512 32567851465
313 7825 37975145036
313 8138 30011749772
313 8451 22476840395
317 317 887933680475
317 634 221983420118
317 951 147988946745
317 1268 110991710059
317 1585 88793368047
317 1902 75305935475
317 2219 97211350275
317 2536 82515753982
317 2853 71048969485
317 3170 59966441865
317 3487 81047392373
317 3804 45641311045
317 4121 38348340845
317 4438 37965179478
317 4755 59686620659
317 5072 40199731095
317 5389 38700761251
317 5706 48234874884
317 6023 32890286918
317 6340 43868809378
317 6657 33789735690
317 6974 39521852377
317 7291 31255844938
317 7608 37695728639
317 7925 31154628403
317 8242 32766660287
331 331 850377573143
331 662 212594393285
331 993 141729595523
331 1324 106297196642
331 1655 85037757314
331 1986 62053343529
331 2317 60741255224
331 2648 53148598321
331 2979 94668722048
331 3310 44513875786
331 3641 72750088666
331 3972 38431744275
331 4303 56602475173
331 4634 59447836914
331 4965 49082243397
331 5296 29509361794
331 5627 44271396318
331 5958 45906009832
331 6289 41209424897
331 6620 41753516768
331 6951 42256257295
331 7282 33564778973
331 7613 29413022500
331 7944 36032622411
331 8275 32879719253
337 337 835237319616
337 674 208809329904
337 1011 139206219936
337 1348 104404664952
337 1685 83523731961
337 2022 78415546424
337 2359 75702812313
337 2696 68245336245
337 3033 58573817811
337 3370 84231483250
337 3707 37965332709
337 4044 49423779096
337 4381 54475156894
337 4718 46109345288
337 5055 21931811278
337 5392 47864839459
337 5729 31532614542
337 6066 31526155816
337 6403 48009556459
337 6740 38264110991
337 7077 40442267315
337 7414 28713908949
337 7751 30108374882
337 8088 31030298328
337 8425 32163179683
347 347 811167079857
347 694 202791769964
347 1041 135194513309
347 1388 101395884982
347 1735 81116707985
347 2082 48679536041
347 2429 57940505704
347 2776 57777584711
347 3123 45064837769
347 3470 40167745741
347 3817 46885848355
347 4164 69085690756
347 4511 64198362147
347 4858 51020752415
347 5205 18025935107
347 5552 27830804414
347 5899 45286362789
347 6246 23599977199
347 6593 37200127358
347 6940 23004100068
347 7287 24655542948
347 7634 31413361078
347 7981 20569042186
347 8328 28009750794
349 349 806518557910
349 698 201629639477
349 1047 134419759651
349 1396 100814819738
349 1745 80651855791
349 2094 54061011476
349 2443 58702966246
349 2792 50407409869
349 3141 44806586550
349 3490 64659504118
349 3839 59200867599
349 4188 57263490413
349 4537 48450043104
349 4886 30646243381
349 5235 54545437060
349 5584 25203704934
349 5933 24815631880
349 6282 44230967976
349 6631 46893344507
349 6980 22696400891
349 7329 37420104775
349 7678 38784014865
349 8027 26645243350
349 8376 32830098692
353 353 797379537423
353 706 199344884355
353 1059 132896589570
353 1412 99672442177
353 1765 79737953742
353 2118 50742548296
353 2471 70449255273
353 2824 99487328573
353 3177 48278320322
353 3530 64871449138
353 3883 42303629473
353 4236 66699244593
353 4589 50161647357
353 4942 55971967495
353 5295 38270339428
353 5648 50134281742
353 6001 44084071985
353 6354 33801852724
353 6707 35323130343
353 7060 25407869047
353 7413 36211631819
353 7766 26357825384
353 8119 30276020995
353 8472 33330354229
359 359 784052859918
359 718 196013214979
359 1077 130675476653
359 1436 98006607489
359 1795 78405285991
359 2154 43558492217
359 2513 56003775708
359 2872 49003303744
359 3231 43558492217
359 3590 26135095330
359 3949 44890779732
359 4308 25663953510
359 4667 32098232928
359 5026 37171951982
359 5385 54570883207
359 5744 31529552905
359 6103 49830208459
359 6462 32460006873
359 6821 20632969997
359 7180 31571574411
359 7539 12445283490
359 7898 25935390852
359 8257 23425972576
367 367 766961789402
367 734 191740447350
367 1101 127826964900
367 1468 95870223675
367 1835 76696178940
367 2202 42608988300
367 2569 67037900117
367 2936 50015620660
367 3303 85713249299
367 3670 40792469266
367 4037 39962855888
367 4404 30579283850
367 4771 29498530361
367 5138 55619205155
367 5505 48365477144
367 5872 41755500398
367 6239 27658656058
367 6606 29430072386
367 6973 36276218846
367 7340 37292526810
367 7707 25609804003
367 8074 32174397305
367 8441 30650574180
373 373 754624602441
373 746 188656150610
373 1119 125770767073
373 1492 102130956545
373 1865 80225209636
373 2238 53128637912
373 2611 108011607606
373 2984 52493972368
373 3357 84125449603
373 3730 54182861156
373 4103 58708379861
373 4476 48717338156
373 4849 29024023170
373 5222 52411387641
373 5595 16769435609
373 5968 35046301237
373 6341 38989058375
373 6714 36903094496
373 7087 34268137242
373 7460 22102575491
373 7833 35360585640
373 8206 29802544407
379 379 742678038814
379 758 185669509703
379 1137 123779673135
379 1516 92834754851
379 1895 74267803881
379 2274 41259891045
379 2653 53048431343
379 3032 46417377425
379 3411 41259891045
379 3790 29719600965
379 4169 44137819544
379 4548 20629945522
379 4927 38944266825
379 5306 17682810447
379 5685 16503956418
379 6064 23208688712
379 6443 21843471729
379 6822 13753297015
379 7201 42112881567
379 7580 12377967313
379 7959 16752206636
379 8338 40492853062
383 383 734921610210
383 766 183730402552
383 1149 122486935035
383 1532 91865201276
383 1915 73492161021
383 2298 46942537737
383 2681 52494400729
383 3064 48989380334
383 3447 47741285492
383 3830 32451876033
383 4213 68184872010
383 4596 26284614440
383 4979 31201278411
383 5362 55696515868
383 5745 16331591338
383 6128 26943544832
383 6511 21615341476
383 6894 19723218840
383 7277 22275105007
383 7660 18362252895
383 8043 19619911410
383 8426 11135175912
389 389 723586058382
389 778 180896514595
389 1167 120597676397
389 1556 90448257297
389 1945 72358605838
389 2334 51215917787
389 2723 103417251277
389 3112 74791953327
389 3501 69767050144
389 3890 24119535279
389 4279 65854233373
389 4668 61256421768
389 5057 33338579175
389 5446 40461993761
389 5835 43918210692
389 6224 45399915207
389 6613 32898820031
389 7002 36633496097
389 7391 40534973515
389 7780 15265730685
389 8169 34453040513
397 397 709004979120
397 794 177251244780
397 1191 118167496520
397 1588 88625622390
397 1985 70900497912
397 2382 45847631738
397 2779 53588525456
397 3176 46393320018
397 3573 39389165506
397 3970 58963510758
397 4367 35172811712
397 4764 55024594207
397 5161 55286185031
397 5558 16881070931
397 5955 32265775404
397 6352 24236914420
397 6749 24082320737
397 7146 40785868526
397 7543 21603338428
397 7940 39536749718
397 8337 31118843593
401 401 701932610251
401 802 175483152562
401 1203 116988768375
401 1604 87741576281
401 2005 98356248436
401 2406 90335777257
401 2807 72108799657
401 3208 43870788140
401 3609 72107937955
401 4010 58719702461
401 4411 48833738833
401 4812 58070920216
401 5213 48968164154
401 5614 51566999707
401 6015 47678685365
401 6416 44247424524
401 6817 38426445168
401 7218 38482577368
401 7619 31484961376
401 8020 35762318411
401 8421 33931099467
409 409 688202877043
409 818 172050719260
409 1227 114700479507
409 1636 86025359630
409 2045 68820287704
409 2454 68243849003
409 2863 98992858052
409 3272 43012679815
409 3681 59326063374
409 4090 67142664585
409 4499 52374519161
409 4908 19116746584
409 5317 26469341424
409 5726 16385782786
409 6135 25911817541
409 6544 41820727961
409 6953 44112105536
409 7362 37815618719
409 7771 33406333592
409 8180 34877358679
419 419 671777987376
419 838 167944496844
419 1257 170778500061
419 1676 120547687888
419 2095 113782061157
419 2514 105940574170
419 2933 56734646900
419 3352 72684356358
419 3771 74598946020
419 4190 62733740761
419 4609 60949205660
419 5028 55700103678
419 5447 51412544040
419 5866 47975934798
419 6285 44679913156
419 6704 42048440314
419 7123 38528021271
419 7542 32432415125
419 7961 34763602888
419 8380 33062929077
421 421 668586643018
421 842 167146660754
421 1263 111431107169
421 1684 87740654523
421 2105 71995952820
421 2526 43602168621
421 2947 55152746049
421 3368 62348219329
421 3789 37143702389
421 4210 51294886647
421 4631 35527590474
421 5052 47419337532
421 5473 52530802480
421 5894 50034042589
421 6315 41765038547
421 6736 26030621113
421 7157 19664313029
421 7578 40038080891
421 7999 31529990235
421 8420 35752748556
431 431 653074191904
431 862 163268547976
431 1293 110750756656
431 1724 87324205794
431 2155 65307419190
431 2586 71442587036
431 3017 88709644448
431 3448 64149227821
431 3879 73177998577
431 4310 66496481619
431 4741 49968508312
431 5172 54066760677
431 5603 50741521852
431 6034 39330209395
431 6465 32623863342
431 6896 40516025156
431 7327 35960260415
431 7758 35352289601
431 8189 37059764897
433 433 650057682934
433 866 162514420733
433 1299 108342947155
433 1732 81257210366
433 2165 65005768293
433 2598 36114315718
433 3031 49367754272
433 3464 64900375275
433 3897 73536981177
433 4330 65915447787
433 4763 30870565083
433 5196 38355819413
433 5629 49286097197
433 6062 38421202605
433 6495 14445726287
433 6928 39897807811
433 7361 41023569945
433 7794 20553207679
433 8227 30112229919
439 439 641173067678
439 878 160293266919
439 1317 106862177946
439 1756 80146633459
439 2195 64117306767
439 2634 35620725982
439 3073 48733051495
439 3512 54867206385
439 3951 35620725982
439 4390 44276906957
439 4829 60573910032
439 5268 51007011129
439 5707 46434433151
439 6146 15266025420
439 6585 40761630586
439 7024 23378312336
439 7463 41674056827
439 7902 37746221029
439 8341 38724147885
443 443 635383694606
443 886 158845923651
443 1329 185606642414
443 1772 133407613873
443 2215 78447302255
443 2658 80752201622
443 3101 88226077660
443 3544 49218783562
443 3987 70368258793
443 4430 31157869772
443 4873 57360985539
443 5316 52987936931
443 5759 48631915691
443 6202 45057624968
443 6645 42538949026
443 7088 39736062187
443 7531 34319206577
443 7974 34562124264
443 8417 31544200704
449 449 626893043899
449 898 156723260974
449 1347 104482173983
449 1796 78361630487
449 2245 62689304389
449 2694 66968713939
449 3143 82215732200
449 3592 79627087122
449 4041 70005326672
449 4490 31923615232
449 4939 55926601667
449 5388 52723908329
449 5837 45811888815
449 6286 43938010072
449 6735 36652560535
449 7184 35443813733
449 7633 18438030702
449 8082 11609130442
457 457 615918986237
457 914 153979746559
457 1371 106408581985
457 1828 76989873279
457 2285 86797747904
457 2742 34217721457
457 3199 55197848250
457 3656 58199991248
457 4113 70386003300
457 4570 59940742092
457 5027 57323399598
457 5484 54128357553
457 5941 42449911819
457 6398 45294084848
457 6855 28801258769
457 7312 37070009975
457 7769 28362061021
457 8226 30322422930
461 461 610574786791
461 922 152643696697
461 1383 101762464465
461 1844 76321848348
461 2305 61057478679
461 2766 40034380880
461 3227 43612484770
461 3688 77370742426
461 4149 36977601184
461 4610 26466052285
461 5071 58036400088
461 5532 16960410744
461 5993 23483645645
461 6454 14537494923
461 6915 19681887987
461 7376 22137241783
461 7837 17958081964
461 8298 11306940496
463 463 607937314709
463 926 151984328677
463 1389 101322885784
463 1852 75992164338
463 2315 60793731470
463 2778 33774295261
463 3241 43424093907
463 3704 37996082169
463 4167 33774295261
463 4630 20264577156
463 5093 27633514304
463 5556 16887147630
463 6019 23382204411
463 6482 14474697969
463 6945 13509718104
463 7408 42821621719
463 7871 17880509256
463 8334 40235106976
467 467 602730142849
467 934 150682535712
467 1401 100455023808
467 1868 85619413889
467 2335 60273014284
467 2802 70791523276
467 3269 86360082868
467 3736 37670633928
467 4203 52138265606
467 4670 38628582423
467 5137 46943759538
467 5604 39033255148
467 6071 43596092992
467 6538 32888295348
467 7005 39721152942
467 7472 29113462997
467 7939 38138713359
467 8406 34249304408
479 479 587630431546
479 958 146907607886
479 1437 97938405257
479 1916 73453803943
479 2395 60705396855
479 2874 63191433003
479 3353 60475484328
479 3832 74198493962
479 4311 42219504880
479 4790 45192886873
479 5269 47154709937
479 5748 49998476351
479 6227 24543524145
479 6706 33137940341
479 7185 23401627668
479 7664 37350018984
479 8143 19225601687
487 487 577977364908
487 974 144494341227
487 1461 107670825020
487 1948 79076696362
487 2435 57797736490
487 2922 96291190248
487 3409 41284097493
487 3896 73461877122
487 4383 32109853606
487 4870 58121206251
487 5357 26271698404
487 5844 29713978301
487 6331 43188765292
487 6818 40064018309
487 7305 38672115115
487 7792 37268455049
487 8279 30150660501
491 491 573268791671
491 982 143317197917
491 1473 95544798611
491 1964 71658598958
491 2455 57326879167
491 2946 31848266203
491 3437 40947770833
491 3928 35829299479
491 4419 31848266203
491 4910 19108959722
491 5401 55483777427
491 5892 15924133101
491 6383 22048799679
491 6874 13649256944
491 7365 12739306481
491 7856 17914649739
491 8347 37345380379
499 499 564078109640
499 998 141019527410
499 1497 94013018273
499 1996 70509763705
499 2495 71572428550
499 2994 39292161783
499 3493 81965793400
499 3992 48189969256
499 4491 40295515648
499 4990 49131838826
499 5489 49762374551
499 5988 49148644054
499 6487 44548625335
499 6986 42139780485
499 7485 34937491263
499 7984 26585283817
499 8483 29525620040
503 503 559592399027
503 1006 139898099756
503 1509 93265399837
503 2012 73290703850
503 2515 55959239902
503 3018 31088466612
503 3521 47110253711
503 4024 38316178911
503 4527 64143372721
503 5030 57687288715
503 5533 35917040176
503 6036 22227541250
503 6539 44381542923
503 7042 44626282338
503 7545 19118694589
503 8048 27968284508
509 509 552996024971
509 1018 138249006242
509 1527 92166004161
509 2036 69124503121
509 2545 55299602497
509 3054 38887178129
509 3563 39499716069
509 4072 34562251560
509 4581 34804589758
509 5090 18433200832
509 5599 25136182953
509 6108 23526177435
509 6617 44351724119
509 7126 44694067525
509 7635 43605608340
509 8144 37022118044
521 521 540259072381
521 1042 138121547791
521 1563 90043178730
521 2084 67532384047
521 2605 54025907238
521 3126 90580394288
521 3647 38589933741
521 4168 70041035042
521 4689 30014392910
521 5210 18008635746
521 5731 27614010258
521 6252 15007196455
521 6773 20779195091
521 7294 18976870639
521 7815 37286850524
521 8336 19939875707
523 523 538193072104
523 1046 134548268026
523 1569 89698845350
523 2092 124539235604
523 2615 107862665483
523 3138 79971145512
523 3661 76660930000
523 4184 33637067006
523 4707 41624024355
523 5230 54658227054
523 5753 36187730698
523 6276 45155674370
523 6799 40686749533
523 7322 38935808063
523 7845 24805187504
523 8368 34033249781
541 541 520286463420
541 1082 130071615855
541 1623 173255597206
541 2164 130098563914
541 2705 52028646342
541 3246 87109419874
541 3787 39424189287
541 4328 32517903963
541 4869 31165673995
541 5410 52332762138
541 5951 23649384700
541 6492 42973768270
541 7033 41573727986
541 7574 16909513882
541 8115 34947576996
547 547 514579482103
547 1094 128644870525
547 1641 85763247017
547 2188 64322435262
547 2735 102655845060
547 3282 85940629125
547 3829 39984910409
547 4376 65328544596
547 4923 31816982121
547 5470 51721710572
547 6017 23389976459
547 6564 20752340734
547 7111 19791518542
547 7658 18710358663
547 8205 34192089055
557 557 505341071293
557 1114 126335267823
557 1671 168265740063
557 2228 126555087219
557 2785 50534107129
557 3342 83684516054
557 3899 36095790806
557 4456 31583816955
557 5013 28074503960
557 5570 50801199920
557 6127 22970048695
557 6684 41884746774
557 7241 19436195049
557 7798 43426583020
557 8355 33692641471
563 563 499955553660
563 1126 193774549179
563 1689 125450388818
563 2252 109928117552
563 2815 49995555366
563 3378 84199879198
563 3941 35711110975
563 4504 62905696542
563 5067 55995701280
563 5630 48729612469
563 6193 49778066190
563 6756 41426457230
563 7319 39133112708
563 7882 11903703658
563 8445 34269109642
569 569 494683614605
569 1138 123670903651
569 1707 82447269100
569 2276 123706244099
569 2845 65006578395
569 3414 82450572124
569 3983 50872760835
569 4552 30917725912
569 5121 43020639968
569 5690 16489453820
569 6259 22485618845
569 6828 41307326832
569 7397 39320066400
569 7966 36379257044
571 571 492950922435
571 1142 123237730608
571 1713 85103799734
571 2284 64960519276
571 2855 49295092243
571 3426 87584849195
571 3997 41497746807
571 4568 63854088733
571 5139 27386162357
571 5710 16431697414
571 6281 22406860110
571 6852 20376389122
571 7423 25246617496
571 7994 11736926724
577 577 487824916309
577 1154 121956229077
577 1731 81304152718
577 2308 60978114538
577 2885 82818856964
577 3462 27101384239
577 4039 34844636879
577 4616 61415108370
577 5193 57323398542
577 5770 49581941259
577 6347 49339094439
577 6924 38441548573
577 7501 39045745178
577 8078 33194299870
587 587 479514440733
587 1174 122139480655
587 1761 79919073455
587 2348 63916549604
587 2935 97605855398
587 3522 31161432095
587 4109 34251031480
587 4696 29969652545
587 5283 28900561623
587 5870 49883564909
587 6457 45619691577
587 7044 43835197345
587 7631 22420107618
587 8218 23893240463
593 593 474662692598
593 1186 118665673149
593 1779 79110448766
593 2372 62278149236
593 2965 47466269259
593 3558 41484319774
593 4151 44406875797
593 4744 40168816042
593 5337 55199374548
593 5930 48334580781
593 6523 45399157571
593 7116 28299244980
593 7709 18256257407
593 8302 39944636330
599 599 469908141420
599 1198 117477035355
599 1797 88760668654
599 2396 70440227736
599 2995 69135169285
599 3594 49509427974
599 4193 67534134290
599 4792 60629017857
599 5391 54087883385
599 5990 55250933100
599 6589 21359460973
599 7188 33938294096
599 7787 18073390054
599 8386 11188289081
601 601 468344387205
601 1202 117086096801
601 1803 78057397867
601 2404 83809200028
601 3005 46834438720
601 3606 81127358866
601 4207 33453170514
601 4808 58113009641
601 5409 53170015815
601 6010 54457873560
601 6611 21288381236
601 7212 23627986585
601 7813 36715476002
601 8414 32730750248
607 607 463714953394
607 1214 224594490848
607 1821 146776454547
607 2428 115680740304
607 3035 87375347108
607 3642 77699869621
607 4249 65919699222
607 4856 58269972469
607 5463 51274015168
607 6070 45914202253
607 6677 42295140451
607 7284 38313773736
607 7891 35445363313
613 613 459176144715
613 1226 114794036178
613 1839 76529357452
613 2452 57397018089
613 3065 45917614471
613 3678 25509785817
613 4291 32798296051
613 4904 59092976767
613 5517 25509785817
613 6130 15305871490
613 6743 20871642941
613 7356 12754892908
613 7969 17660620950
617 617 456199313955
617 1234 114049828488
617 1851 76033218992
617 2468 57024914244
617 3085 45619931395
617 3702 25344406330
617 4319 66036912701
617 4936 28512457122
617 5553 25344406330
617 6170 15206643798
617 6787 20736332452
617 7404 12672203165
617 8021 41369708094
619 619 454725325865
619 1238 113681331466
619 1857 115612745375
619 2476 79034103118
619 3095 91229610755
619 3714 77179257413
619 4333 64577986653
619 4952 28420332866
619 5571 51183101478
619 6190 46685006364
619 6809 40363842618
619 7428 37725142096
619 8047 17489435610
631 631 446077617608
631 1262 111519404402
631 1893 74346269601
631 2524 55759702201
631 3155 51530318935
631 3786 77596036231
631 4417 66753585681
631 5048 58274318823
631 5679 24782089867
631 6310 28714368270
631 6941 27198812520
631 7572 26236159283
631 8203 24079388621
641 641 439118528409
641 1282 220079487772
641 1923 146342939785
641 2564 109828381604
641 3205 89452124387
641 3846 73599595899
641 4487 64402266042
641 5128 57839375748
641 5769 41013228255
641 6410 44674973861
641 7051 36577687564
641 7692 36499102131
641 8333 35994575892
643 643 437752685397
643 1286 109438171349
643 1929 72958780899
643 2572 54719085674
643 3215 88523699656
643 3858 24319593633
643 4501 64719296375
643 5144 27359542837
643 5787 24319593633
643 6430 14591756179
643 7073 19897849336
643 7716 12159796816
647 647 435046331855
647 1294 217510137576
647 1941 144936290101
647 2588 109159237467
647 3235 43504633185
647 3882 72262708088
647 4529 31074737989
647 5176 57300943009
647 5823 24169240658
647 6470 14501544395
647 7117 42962823360
647 7764 36528297282
647 8411 36578887347
653 653 431048968929
653 1306 107762242232
653 1959 71841494821
653 2612 107438184302
653 3265 43104896892
653 3918 72143554193
653 4571 64240459485
653 5224 57162574861
653 5877 23947164940
653 6530 45895794466
653 7183 19593134951
653 7836 35994558634
653 8489 16578806497
659 1318 213557011070
659 1977 142137334792
659 2636 106655286864
659 3295 42712439561
659 3954 70819440973
659 4613 30508885401
659 5272 53860509332
659 6590 14237479853
659 7249 19414745255
659 7908 35815404027
661 661 425832037383
661 1322 212931291123
661 1983 142266034947
661 2644 106803347079
661 3305 87331634855
661 3966 70897428827
661 5288 26614502336
661 5949 23657335410
661 6610 14194401246
661 7271 42259117517
661 7932 36346120973
673 673 418239192735
673 1346 104559798183
673 2019 69706532122
673 2692 52279899091
673 3365 84090517221
673 4038 23235510707
673 4711 63325475471
673 5384 26139949545
673 6057 47059091342
673 6730 45468801926
673 7403 19010872397
673 8076 11617755353
677 677 415768060133
677 1354 103942015033
677 2031 69294676688
677 2708 51971007516
677 3385 41576806013
677 4062 23098225562
677 4739 60092186303
677 5416 53150738365
677 6093 23098225562
677 7447 18898548187
677 8124 11549112781
683 1366 206034173549
683 2049 137471334525
683 2732 103355261793
683 4098 68343607731
683 4781 29436830862
683 5464 25757227005
683 7513 18732528730
683 8196 34434126345
691 691 407344394660
691 1382 101836098665
691 2073 135590519481
691 2764 101838636574
691 3455 40734439466
691 4146 22630244147
691 4837 29096028190
691 5528 25459024666
691 6219 46453824782
691 6910 45105641990
691 7601 41307303086
691 8292 34275533395
701 701 401533490314
701 1402 200985818056
701 2103 133678634642
701 2804 100023900231
701 3505 40153349031
701 4206 66845395484
701 4907 59075431316
701 6309 46130996763
701 7711 18251522287
701 8412 33329307866
709 4254 22055710445
709 4963 28357342001
709 6381 22055710445
709 7799 18045581273
719 719 391481191530
719 1438 97870297882
719 2157 65246865255
719 3595 39148119153
719 4314 29914131827
719 5033 32045530623
719 5752 24467574470
719 6471 44831601321
719 7190 21214549793
719 7909 37535591879
727 727 387173282958
727 2181 64528880493
727 2908 48396660369
727 3635 38717328295
727 4362 69156788101
727 5816 24198330184
727 6543 21509626831
727 7270 44433271600
727 7997 37445121711
733 733 384004060996
733 1466 96001015249
733 2199 64000676832
733 2932 48000507624
733 3665 77732028814
733 4398 21333558944
733 5131 27428861499
733 5864 24000253812
733 6597 45157139579
733 7330 12800135366
733 8063 37301066167
739 739 380886301367
739 2956 47610787670
739 3695 38088630136
739 4434 21160350075
739 5173 27206164383
743 2972 47354471182
743 3715 37883576946
743 4458 21046431636
743 5201 27059697818
743 5944 23677235591
751 751 374800235300
751 1502 187384027074
751 2253 125261788597
751 3004 46850029412
751 4506 62756717721
751 6008 23425014706
751 6759 20822235294
751 7510 12493341176
757 757 371829559723
757 1514 92957389930
757 2271 124129619289
757 3785 37182955972
757 4542 20657197762
757 5299 53724488872
757 6056 23239347482
757 6813 20657197762
757 7570 43921814159
761 761 369875133653
761 1522 92468783413
761 2283 61645855608
761 3044 46234391706
761 3805 36987513365
761 4566 20548618536
761 5327 26419652403
761 6088 23117195853
761 6849 43736608630
761 7610 43856666623
769 769 366027277907
769 1538 183222110904
769 2307 61004546317
769 3845 75934350505
769 4614 67982010042
769 5383 26144805564
769 6152 22876704869
769 6921 20334848772
769 7690 43728404765
769 8459 16637603541
773 773 364133216960
773 1546 91033304240
773 2319 60688869493
773 3865 36413321696
773 4638 20229623164
773 5411 26009515497
773 6957 20229623164
787 787 357655624791
787 1574 178916958694
787 2361 119220845159
787 3148 44706953098
787 3935 35765562479
787 4722 59298019870
787 6296 22353476549
787 7083 19869756932
809 809 347929513857
809 2427 57988252309
809 3236 43491189232
809 4045 34792951385
809 5663 24852108132
811 811 347071487929
811 1622 86767871982
811 2433 116039379000
811 3244 43383935991
811 4055 71103708873
811 4866 19281749329
811 5677 51956055173
811 6488 21691967995
811 7299 19281749329
811 8110 11569049597
821 821 342844064202
821 1642 171754482895
821 2463 114288371675
821 3284 42855508025
821 4926 57127941545
821 5747 24488861728
821 6568 21427754012
821 7389 19046892455
823 823 342010907303
823 1646 170913236468
823 2469 114329802029
823 3292 42751363412
823 4115 34201090730
823 4938 57034080402
823 6584 21375681706
823 7407 19000605961
823 8230 11400363576
827 3308 42544585355
827 4135 34035668284
827 4962 18908704602
827 5789 24311191631
827 6616 21272292677
827 8270 11345222761
863 863 326158721565
863 2589 54359786927
863 6041 23297051540
863 6904 20384920097
863 7767 18119928975
877 877 320952082908
877 1754 80238020727
877 2631 53492013818
877 4385 32095208290
877 5262 17830671272
877 7016 20059505181
877 7893 17830671272
883 2649 53128534675
883 3532 39846401006
883 4415 31877120805
883 6181 22769372003
883 7064 19923200503
887 3548 39666710359
887 4435 31733368287
887 6209 22666691633
887 7983 17629649048
907 907 310336247751
907 1814 77584061937
907 2721 51722707958
907 3628 38792030968
907 4535 31033624775
907 7256 19396015484
907 8163 17240902652
953 1906 73839185915
953 4765 29535674366
953 5718 16408707981
953 6671 21096910261
953 7624 18459796478
1019 1019 276226669981
1019 2038 69056667495
1019 3057 46037778330
1019 4076 34528333747
1019 5095 27622666998
1019 7133 19730476427
